#  E (eV)   dos(E)     Int dos(E) EFermi =    6.178 eV
-108.586  0.0000E+00  0.0000E+00
-108.581  0.0000E+00  0.2000E+01
-108.576  0.0000E+00  0.2000E+01
-108.571  0.0000E+00  0.2000E+01
-108.566  0.0000E+00  0.2000E+01
-108.561  0.0000E+00  0.2000E+01
-108.556  0.0000E+00  0.2000E+01
-108.551  0.0000E+00  0.2000E+01
-108.546  0.0000E+00  0.2000E+01
-108.541  0.0000E+00  0.2000E+01
-108.536  0.0000E+00  0.2000E+01
-108.531  0.0000E+00  0.2000E+01
-108.526  0.0000E+00  0.2000E+01
-108.521  0.0000E+00  0.2000E+01
-108.516  0.0000E+00  0.2000E+01
-108.511  0.0000E+00  0.2000E+01
-108.506  0.0000E+00  0.2000E+01
-108.501  0.0000E+00  0.2000E+01
-108.496  0.0000E+00  0.2000E+01
-108.491  0.0000E+00  0.2000E+01
-108.486  0.0000E+00  0.2000E+01
-108.481  0.0000E+00  0.2000E+01
-108.476  0.0000E+00  0.2000E+01
-108.471  0.0000E+00  0.2000E+01
-108.466  0.0000E+00  0.2000E+01
-108.461  0.0000E+00  0.2000E+01
-108.456  0.0000E+00  0.2000E+01
-108.451  0.0000E+00  0.2000E+01
-108.446  0.0000E+00  0.2000E+01
-108.441  0.0000E+00  0.2000E+01
-108.436  0.0000E+00  0.2000E+01
-108.431  0.0000E+00  0.2000E+01
-108.426  0.0000E+00  0.2000E+01
-108.421  0.0000E+00  0.2000E+01
-108.416  0.0000E+00  0.2000E+01
-108.411  0.0000E+00  0.2000E+01
-108.406  0.0000E+00  0.2000E+01
-108.401  0.0000E+00  0.2000E+01
-108.396  0.0000E+00  0.2000E+01
-108.391  0.0000E+00  0.2000E+01
-108.386  0.0000E+00  0.2000E+01
-108.381  0.0000E+00  0.2000E+01
-108.376  0.0000E+00  0.2000E+01
-108.371  0.0000E+00  0.2000E+01
-108.366  0.0000E+00  0.2000E+01
-108.361  0.0000E+00  0.2000E+01
-108.356  0.0000E+00  0.2000E+01
-108.351  0.0000E+00  0.2000E+01
-108.346  0.0000E+00  0.2000E+01
-108.341  0.0000E+00  0.2000E+01
-108.336  0.0000E+00  0.2000E+01
-108.331  0.0000E+00  0.2000E+01
-108.326  0.0000E+00  0.2000E+01
-108.321  0.0000E+00  0.2000E+01
-108.316  0.0000E+00  0.2000E+01
-108.311  0.0000E+00  0.2000E+01
-108.306  0.0000E+00  0.2000E+01
-108.301  0.0000E+00  0.2000E+01
-108.296  0.0000E+00  0.2000E+01
-108.291  0.0000E+00  0.2000E+01
-108.286  0.0000E+00  0.2000E+01
-108.281  0.0000E+00  0.2000E+01
-108.276  0.0000E+00  0.2000E+01
-108.271  0.0000E+00  0.2000E+01
-108.266  0.0000E+00  0.2000E+01
-108.261  0.0000E+00  0.2000E+01
-108.256  0.0000E+00  0.2000E+01
-108.251  0.0000E+00  0.2000E+01
-108.246  0.0000E+00  0.2000E+01
-108.241  0.0000E+00  0.2000E+01
-108.236  0.0000E+00  0.2000E+01
-108.231  0.0000E+00  0.2000E+01
-108.226  0.0000E+00  0.2000E+01
-108.221  0.0000E+00  0.2000E+01
-108.216  0.0000E+00  0.2000E+01
-108.211  0.0000E+00  0.2000E+01
-108.206  0.0000E+00  0.2000E+01
-108.201  0.0000E+00  0.2000E+01
-108.196  0.0000E+00  0.2000E+01
-108.191  0.0000E+00  0.2000E+01
-108.186  0.0000E+00  0.2000E+01
-108.181  0.0000E+00  0.2000E+01
-108.176  0.0000E+00  0.2000E+01
-108.171  0.0000E+00  0.2000E+01
-108.166  0.0000E+00  0.2000E+01
-108.161  0.0000E+00  0.2000E+01
-108.156  0.0000E+00  0.2000E+01
-108.151  0.0000E+00  0.2000E+01
-108.146  0.0000E+00  0.2000E+01
-108.141  0.0000E+00  0.2000E+01
-108.136  0.0000E+00  0.2000E+01
-108.131  0.0000E+00  0.2000E+01
-108.126  0.0000E+00  0.2000E+01
-108.121  0.0000E+00  0.2000E+01
-108.116  0.0000E+00  0.2000E+01
-108.111  0.0000E+00  0.2000E+01
-108.106  0.0000E+00  0.2000E+01
-108.101  0.0000E+00  0.2000E+01
-108.096  0.0000E+00  0.2000E+01
-108.091  0.0000E+00  0.2000E+01
-108.086  0.0000E+00  0.2000E+01
-108.081  0.0000E+00  0.2000E+01
-108.076  0.0000E+00  0.2000E+01
-108.071  0.0000E+00  0.2000E+01
-108.066  0.0000E+00  0.2000E+01
-108.061  0.0000E+00  0.2000E+01
-108.056  0.0000E+00  0.2000E+01
-108.051  0.0000E+00  0.2000E+01
-108.046  0.0000E+00  0.2000E+01
-108.041  0.0000E+00  0.2000E+01
-108.036  0.0000E+00  0.2000E+01
-108.031  0.0000E+00  0.2000E+01
-108.026  0.0000E+00  0.2000E+01
-108.021  0.0000E+00  0.2000E+01
-108.016  0.0000E+00  0.2000E+01
-108.011  0.0000E+00  0.2000E+01
-108.006  0.0000E+00  0.2000E+01
-108.001  0.0000E+00  0.2000E+01
-107.996  0.0000E+00  0.2000E+01
-107.991  0.0000E+00  0.2000E+01
-107.986  0.0000E+00  0.2000E+01
-107.981  0.0000E+00  0.2000E+01
-107.976  0.0000E+00  0.2000E+01
-107.971  0.0000E+00  0.2000E+01
-107.966  0.0000E+00  0.2000E+01
-107.961  0.0000E+00  0.2000E+01
-107.956  0.0000E+00  0.2000E+01
-107.951  0.0000E+00  0.2000E+01
-107.946  0.0000E+00  0.2000E+01
-107.941  0.0000E+00  0.2000E+01
-107.936  0.0000E+00  0.2000E+01
-107.931  0.0000E+00  0.2000E+01
-107.926  0.0000E+00  0.2000E+01
-107.921  0.0000E+00  0.2000E+01
-107.916  0.0000E+00  0.2000E+01
-107.911  0.0000E+00  0.2000E+01
-107.906  0.0000E+00  0.2000E+01
-107.901  0.0000E+00  0.2000E+01
-107.896  0.0000E+00  0.2000E+01
-107.891  0.0000E+00  0.2000E+01
-107.886  0.0000E+00  0.2000E+01
-107.881  0.0000E+00  0.2000E+01
-107.876  0.0000E+00  0.2000E+01
-107.871  0.0000E+00  0.2000E+01
-107.866  0.0000E+00  0.2000E+01
-107.861  0.0000E+00  0.2000E+01
-107.856  0.0000E+00  0.2000E+01
-107.851  0.0000E+00  0.2000E+01
-107.846  0.0000E+00  0.2000E+01
-107.841  0.0000E+00  0.2000E+01
-107.836  0.0000E+00  0.2000E+01
-107.831  0.0000E+00  0.2000E+01
-107.826  0.0000E+00  0.2000E+01
-107.821  0.0000E+00  0.2000E+01
-107.816  0.0000E+00  0.2000E+01
-107.811  0.0000E+00  0.2000E+01
-107.806  0.0000E+00  0.2000E+01
-107.801  0.0000E+00  0.2000E+01
-107.796  0.0000E+00  0.2000E+01
-107.791  0.0000E+00  0.2000E+01
-107.786  0.0000E+00  0.2000E+01
-107.781  0.0000E+00  0.2000E+01
-107.776  0.0000E+00  0.2000E+01
-107.771  0.0000E+00  0.2000E+01
-107.766  0.0000E+00  0.2000E+01
-107.761  0.0000E+00  0.2000E+01
-107.756  0.0000E+00  0.2000E+01
-107.751  0.0000E+00  0.2000E+01
-107.746  0.0000E+00  0.2000E+01
-107.741  0.0000E+00  0.2000E+01
-107.736  0.0000E+00  0.2000E+01
-107.731  0.0000E+00  0.2000E+01
-107.726  0.0000E+00  0.2000E+01
-107.721  0.0000E+00  0.2000E+01
-107.716  0.0000E+00  0.2000E+01
-107.711  0.0000E+00  0.2000E+01
-107.706  0.0000E+00  0.2000E+01
-107.701  0.0000E+00  0.2000E+01
-107.696  0.0000E+00  0.2000E+01
-107.691  0.0000E+00  0.2000E+01
-107.686  0.0000E+00  0.2000E+01
-107.681  0.0000E+00  0.2000E+01
-107.676  0.0000E+00  0.2000E+01
-107.671  0.0000E+00  0.2000E+01
-107.666  0.0000E+00  0.2000E+01
-107.661  0.0000E+00  0.2000E+01
-107.656  0.0000E+00  0.2000E+01
-107.651  0.0000E+00  0.2000E+01
-107.646  0.0000E+00  0.2000E+01
-107.641  0.0000E+00  0.2000E+01
-107.636  0.0000E+00  0.2000E+01
-107.631  0.0000E+00  0.2000E+01
-107.626  0.0000E+00  0.2000E+01
-107.621  0.0000E+00  0.2000E+01
-107.616  0.0000E+00  0.2000E+01
-107.611  0.0000E+00  0.2000E+01
-107.606  0.0000E+00  0.2000E+01
-107.601  0.0000E+00  0.2000E+01
-107.596  0.0000E+00  0.2000E+01
-107.591  0.0000E+00  0.2000E+01
-107.586  0.0000E+00  0.2000E+01
-107.581  0.0000E+00  0.2000E+01
-107.576  0.0000E+00  0.2000E+01
-107.571  0.0000E+00  0.2000E+01
-107.566  0.0000E+00  0.2000E+01
-107.561  0.0000E+00  0.2000E+01
-107.556  0.0000E+00  0.2000E+01
-107.551  0.0000E+00  0.2000E+01
-107.546  0.0000E+00  0.2000E+01
-107.541  0.0000E+00  0.2000E+01
-107.536  0.0000E+00  0.2000E+01
-107.531  0.0000E+00  0.2000E+01
-107.526  0.0000E+00  0.2000E+01
-107.521  0.0000E+00  0.2000E+01
-107.516  0.0000E+00  0.2000E+01
-107.511  0.0000E+00  0.2000E+01
-107.506  0.0000E+00  0.2000E+01
-107.501  0.0000E+00  0.2000E+01
-107.496  0.0000E+00  0.2000E+01
-107.491  0.0000E+00  0.2000E+01
-107.486  0.0000E+00  0.2000E+01
-107.481  0.0000E+00  0.2000E+01
-107.476  0.0000E+00  0.2000E+01
-107.471  0.0000E+00  0.2000E+01
-107.466  0.0000E+00  0.2000E+01
-107.461  0.0000E+00  0.2000E+01
-107.456  0.0000E+00  0.2000E+01
-107.451  0.0000E+00  0.2000E+01
-107.446  0.0000E+00  0.2000E+01
-107.441  0.0000E+00  0.2000E+01
-107.436  0.0000E+00  0.2000E+01
-107.431  0.0000E+00  0.2000E+01
-107.426  0.0000E+00  0.2000E+01
-107.421  0.0000E+00  0.2000E+01
-107.416  0.0000E+00  0.2000E+01
-107.411  0.0000E+00  0.2000E+01
-107.406  0.0000E+00  0.2000E+01
-107.401  0.0000E+00  0.2000E+01
-107.396  0.0000E+00  0.2000E+01
-107.391  0.0000E+00  0.2000E+01
-107.386  0.0000E+00  0.2000E+01
-107.381  0.0000E+00  0.2000E+01
-107.376  0.0000E+00  0.2000E+01
-107.371  0.0000E+00  0.2000E+01
-107.366  0.0000E+00  0.2000E+01
-107.361  0.0000E+00  0.2000E+01
-107.356  0.0000E+00  0.2000E+01
-107.351  0.0000E+00  0.2000E+01
-107.346  0.0000E+00  0.2000E+01
-107.341  0.0000E+00  0.2000E+01
-107.336  0.0000E+00  0.2000E+01
-107.331  0.0000E+00  0.2000E+01
-107.326  0.0000E+00  0.2000E+01
-107.321  0.0000E+00  0.2000E+01
-107.316  0.0000E+00  0.2000E+01
-107.311  0.0000E+00  0.2000E+01
-107.306  0.0000E+00  0.2000E+01
-107.301  0.0000E+00  0.2000E+01
-107.296  0.0000E+00  0.2000E+01
-107.291  0.0000E+00  0.2000E+01
-107.286  0.0000E+00  0.2000E+01
-107.281  0.0000E+00  0.2000E+01
-107.276  0.0000E+00  0.2000E+01
-107.271  0.0000E+00  0.2000E+01
-107.266  0.0000E+00  0.2000E+01
-107.261  0.0000E+00  0.2000E+01
-107.256  0.0000E+00  0.2000E+01
-107.251  0.0000E+00  0.2000E+01
-107.246  0.0000E+00  0.2000E+01
-107.241  0.0000E+00  0.2000E+01
-107.236  0.0000E+00  0.2000E+01
-107.231  0.0000E+00  0.2000E+01
-107.226  0.0000E+00  0.2000E+01
-107.221  0.0000E+00  0.2000E+01
-107.216  0.0000E+00  0.2000E+01
-107.211  0.0000E+00  0.2000E+01
-107.206  0.0000E+00  0.2000E+01
-107.201  0.0000E+00  0.2000E+01
-107.196  0.0000E+00  0.2000E+01
-107.191  0.0000E+00  0.2000E+01
-107.186  0.0000E+00  0.2000E+01
-107.181  0.0000E+00  0.2000E+01
-107.176  0.0000E+00  0.2000E+01
-107.171  0.0000E+00  0.2000E+01
-107.166  0.0000E+00  0.2000E+01
-107.161  0.0000E+00  0.2000E+01
-107.156  0.0000E+00  0.2000E+01
-107.151  0.0000E+00  0.2000E+01
-107.146  0.0000E+00  0.2000E+01
-107.141  0.0000E+00  0.2000E+01
-107.136  0.0000E+00  0.2000E+01
-107.131  0.0000E+00  0.2000E+01
-107.126  0.0000E+00  0.2000E+01
-107.121  0.0000E+00  0.2000E+01
-107.116  0.0000E+00  0.2000E+01
-107.111  0.0000E+00  0.2000E+01
-107.106  0.0000E+00  0.2000E+01
-107.101  0.0000E+00  0.2000E+01
-107.096  0.0000E+00  0.2000E+01
-107.091  0.0000E+00  0.2000E+01
-107.086  0.0000E+00  0.2000E+01
-107.081  0.0000E+00  0.2000E+01
-107.076  0.0000E+00  0.2000E+01
-107.071  0.0000E+00  0.2000E+01
-107.066  0.0000E+00  0.2000E+01
-107.061  0.0000E+00  0.2000E+01
-107.056  0.0000E+00  0.2000E+01
-107.051  0.0000E+00  0.2000E+01
-107.046  0.0000E+00  0.2000E+01
-107.041  0.0000E+00  0.2000E+01
-107.036  0.0000E+00  0.2000E+01
-107.031  0.0000E+00  0.2000E+01
-107.026  0.0000E+00  0.2000E+01
-107.021  0.0000E+00  0.2000E+01
-107.016  0.0000E+00  0.2000E+01
-107.011  0.0000E+00  0.2000E+01
-107.006  0.0000E+00  0.2000E+01
-107.001  0.0000E+00  0.2000E+01
-106.996  0.0000E+00  0.2000E+01
-106.991  0.0000E+00  0.2000E+01
-106.986  0.0000E+00  0.2000E+01
-106.981  0.0000E+00  0.2000E+01
-106.976  0.0000E+00  0.2000E+01
-106.971  0.0000E+00  0.2000E+01
-106.966  0.0000E+00  0.2000E+01
-106.961  0.0000E+00  0.2000E+01
-106.956  0.0000E+00  0.2000E+01
-106.951  0.0000E+00  0.2000E+01
-106.946  0.0000E+00  0.2000E+01
-106.941  0.0000E+00  0.2000E+01
-106.936  0.0000E+00  0.2000E+01
-106.931  0.0000E+00  0.2000E+01
-106.926  0.0000E+00  0.2000E+01
-106.921  0.0000E+00  0.2000E+01
-106.916  0.0000E+00  0.2000E+01
-106.911  0.0000E+00  0.2000E+01
-106.906  0.0000E+00  0.2000E+01
-106.901  0.0000E+00  0.2000E+01
-106.896  0.0000E+00  0.2000E+01
-106.891  0.0000E+00  0.2000E+01
-106.886  0.0000E+00  0.2000E+01
-106.881  0.0000E+00  0.2000E+01
-106.876  0.0000E+00  0.2000E+01
-106.871  0.0000E+00  0.2000E+01
-106.866  0.0000E+00  0.2000E+01
-106.861  0.0000E+00  0.2000E+01
-106.856  0.0000E+00  0.2000E+01
-106.851  0.0000E+00  0.2000E+01
-106.846  0.0000E+00  0.2000E+01
-106.841  0.0000E+00  0.2000E+01
-106.836  0.0000E+00  0.2000E+01
-106.831  0.0000E+00  0.2000E+01
-106.826  0.0000E+00  0.2000E+01
-106.821  0.0000E+00  0.2000E+01
-106.816  0.0000E+00  0.2000E+01
-106.811  0.0000E+00  0.2000E+01
-106.806  0.0000E+00  0.2000E+01
-106.801  0.0000E+00  0.2000E+01
-106.796  0.0000E+00  0.2000E+01
-106.791  0.0000E+00  0.2000E+01
-106.786  0.0000E+00  0.2000E+01
-106.781  0.0000E+00  0.2000E+01
-106.776  0.0000E+00  0.2000E+01
-106.771  0.0000E+00  0.2000E+01
-106.766  0.0000E+00  0.2000E+01
-106.761  0.0000E+00  0.2000E+01
-106.756  0.0000E+00  0.2000E+01
-106.751  0.0000E+00  0.2000E+01
-106.746  0.0000E+00  0.2000E+01
-106.741  0.0000E+00  0.2000E+01
-106.736  0.0000E+00  0.2000E+01
-106.731  0.0000E+00  0.2000E+01
-106.726  0.0000E+00  0.2000E+01
-106.721  0.0000E+00  0.2000E+01
-106.716  0.0000E+00  0.2000E+01
-106.711  0.0000E+00  0.2000E+01
-106.706  0.0000E+00  0.2000E+01
-106.701  0.0000E+00  0.2000E+01
-106.696  0.0000E+00  0.2000E+01
-106.691  0.0000E+00  0.2000E+01
-106.686  0.0000E+00  0.2000E+01
-106.681  0.0000E+00  0.2000E+01
-106.676  0.0000E+00  0.2000E+01
-106.671  0.0000E+00  0.2000E+01
-106.666  0.0000E+00  0.2000E+01
-106.661  0.0000E+00  0.2000E+01
-106.656  0.0000E+00  0.2000E+01
-106.651  0.0000E+00  0.2000E+01
-106.646  0.0000E+00  0.2000E+01
-106.641  0.0000E+00  0.2000E+01
-106.636  0.0000E+00  0.2000E+01
-106.631  0.0000E+00  0.2000E+01
-106.626  0.0000E+00  0.2000E+01
-106.621  0.0000E+00  0.2000E+01
-106.616  0.0000E+00  0.2000E+01
-106.611  0.0000E+00  0.2000E+01
-106.606  0.0000E+00  0.2000E+01
-106.601  0.0000E+00  0.2000E+01
-106.596  0.0000E+00  0.2000E+01
-106.591  0.0000E+00  0.2000E+01
-106.586  0.0000E+00  0.2000E+01
-106.581  0.0000E+00  0.2000E+01
-106.576  0.0000E+00  0.2000E+01
-106.571  0.0000E+00  0.2000E+01
-106.566  0.0000E+00  0.2000E+01
-106.561  0.0000E+00  0.2000E+01
-106.556  0.0000E+00  0.2000E+01
-106.551  0.0000E+00  0.2000E+01
-106.546  0.0000E+00  0.2000E+01
-106.541  0.0000E+00  0.2000E+01
-106.536  0.0000E+00  0.2000E+01
-106.531  0.0000E+00  0.2000E+01
-106.526  0.0000E+00  0.2000E+01
-106.521  0.0000E+00  0.2000E+01
-106.516  0.0000E+00  0.2000E+01
-106.511  0.0000E+00  0.2000E+01
-106.506  0.0000E+00  0.2000E+01
-106.501  0.0000E+00  0.2000E+01
-106.496  0.0000E+00  0.2000E+01
-106.491  0.0000E+00  0.2000E+01
-106.486  0.0000E+00  0.2000E+01
-106.481  0.0000E+00  0.2000E+01
-106.476  0.0000E+00  0.2000E+01
-106.471  0.0000E+00  0.2000E+01
-106.466  0.0000E+00  0.2000E+01
-106.461  0.0000E+00  0.2000E+01
-106.456  0.0000E+00  0.2000E+01
-106.451  0.0000E+00  0.2000E+01
-106.446  0.0000E+00  0.2000E+01
-106.441  0.0000E+00  0.2000E+01
-106.436  0.0000E+00  0.2000E+01
-106.431  0.0000E+00  0.2000E+01
-106.426  0.0000E+00  0.2000E+01
-106.421  0.0000E+00  0.2000E+01
-106.416  0.0000E+00  0.2000E+01
-106.411  0.0000E+00  0.2000E+01
-106.406  0.0000E+00  0.2000E+01
-106.401  0.0000E+00  0.2000E+01
-106.396  0.0000E+00  0.2000E+01
-106.391  0.0000E+00  0.2000E+01
-106.386  0.0000E+00  0.2000E+01
-106.381  0.0000E+00  0.2000E+01
-106.376  0.0000E+00  0.2000E+01
-106.371  0.0000E+00  0.2000E+01
-106.366  0.0000E+00  0.2000E+01
-106.361  0.0000E+00  0.2000E+01
-106.356  0.0000E+00  0.2000E+01
-106.351  0.0000E+00  0.2000E+01
-106.346  0.0000E+00  0.2000E+01
-106.341  0.0000E+00  0.2000E+01
-106.336  0.0000E+00  0.2000E+01
-106.331  0.0000E+00  0.2000E+01
-106.326  0.0000E+00  0.2000E+01
-106.321  0.0000E+00  0.2000E+01
-106.316  0.0000E+00  0.2000E+01
-106.311  0.0000E+00  0.2000E+01
-106.306  0.0000E+00  0.2000E+01
-106.301  0.0000E+00  0.2000E+01
-106.296  0.0000E+00  0.2000E+01
-106.291  0.0000E+00  0.2000E+01
-106.286  0.0000E+00  0.2000E+01
-106.281  0.0000E+00  0.2000E+01
-106.276  0.0000E+00  0.2000E+01
-106.271  0.0000E+00  0.2000E+01
-106.266  0.0000E+00  0.2000E+01
-106.261  0.0000E+00  0.2000E+01
-106.256  0.0000E+00  0.2000E+01
-106.251  0.0000E+00  0.2000E+01
-106.246  0.0000E+00  0.2000E+01
-106.241  0.0000E+00  0.2000E+01
-106.236  0.0000E+00  0.2000E+01
-106.231  0.0000E+00  0.2000E+01
-106.226  0.0000E+00  0.2000E+01
-106.221  0.0000E+00  0.2000E+01
-106.216  0.0000E+00  0.2000E+01
-106.211  0.0000E+00  0.2000E+01
-106.206  0.0000E+00  0.2000E+01
-106.201  0.0000E+00  0.2000E+01
-106.196  0.0000E+00  0.2000E+01
-106.191  0.0000E+00  0.2000E+01
-106.186  0.0000E+00  0.2000E+01
-106.181  0.0000E+00  0.2000E+01
-106.176  0.0000E+00  0.2000E+01
-106.171  0.0000E+00  0.2000E+01
-106.166  0.0000E+00  0.2000E+01
-106.161  0.0000E+00  0.2000E+01
-106.156  0.0000E+00  0.2000E+01
-106.151  0.0000E+00  0.2000E+01
-106.146  0.0000E+00  0.2000E+01
-106.141  0.0000E+00  0.2000E+01
-106.136  0.0000E+00  0.2000E+01
-106.131  0.0000E+00  0.2000E+01
-106.126  0.0000E+00  0.2000E+01
-106.121  0.0000E+00  0.2000E+01
-106.116  0.0000E+00  0.2000E+01
-106.111  0.0000E+00  0.2000E+01
-106.106  0.0000E+00  0.2000E+01
-106.101  0.0000E+00  0.2000E+01
-106.096  0.0000E+00  0.2000E+01
-106.091  0.0000E+00  0.2000E+01
-106.086  0.0000E+00  0.2000E+01
-106.081  0.0000E+00  0.2000E+01
-106.076  0.0000E+00  0.2000E+01
-106.071  0.0000E+00  0.2000E+01
-106.066  0.0000E+00  0.2000E+01
-106.061  0.0000E+00  0.2000E+01
-106.056  0.0000E+00  0.2000E+01
-106.051  0.0000E+00  0.2000E+01
-106.046  0.0000E+00  0.2000E+01
-106.041  0.0000E+00  0.2000E+01
-106.036  0.0000E+00  0.2000E+01
-106.031  0.0000E+00  0.2000E+01
-106.026  0.0000E+00  0.2000E+01
-106.021  0.0000E+00  0.2000E+01
-106.016  0.0000E+00  0.2000E+01
-106.011  0.0000E+00  0.2000E+01
-106.006  0.0000E+00  0.2000E+01
-106.001  0.0000E+00  0.2000E+01
-105.996  0.0000E+00  0.2000E+01
-105.991  0.0000E+00  0.2000E+01
-105.986  0.0000E+00  0.2000E+01
-105.981  0.0000E+00  0.2000E+01
-105.976  0.0000E+00  0.2000E+01
-105.971  0.0000E+00  0.2000E+01
-105.966  0.0000E+00  0.2000E+01
-105.961  0.0000E+00  0.2000E+01
-105.956  0.0000E+00  0.2000E+01
-105.951  0.0000E+00  0.2000E+01
-105.946  0.0000E+00  0.2000E+01
-105.941  0.0000E+00  0.2000E+01
-105.936  0.0000E+00  0.2000E+01
-105.931  0.0000E+00  0.2000E+01
-105.926  0.0000E+00  0.2000E+01
-105.921  0.0000E+00  0.2000E+01
-105.916  0.0000E+00  0.2000E+01
-105.911  0.0000E+00  0.2000E+01
-105.906  0.0000E+00  0.2000E+01
-105.901  0.0000E+00  0.2000E+01
-105.896  0.0000E+00  0.2000E+01
-105.891  0.0000E+00  0.2000E+01
-105.886  0.0000E+00  0.2000E+01
-105.881  0.0000E+00  0.2000E+01
-105.876  0.0000E+00  0.2000E+01
-105.871  0.0000E+00  0.2000E+01
-105.866  0.0000E+00  0.2000E+01
-105.861  0.0000E+00  0.2000E+01
-105.856  0.0000E+00  0.2000E+01
-105.851  0.0000E+00  0.2000E+01
-105.846  0.0000E+00  0.2000E+01
-105.841  0.0000E+00  0.2000E+01
-105.836  0.0000E+00  0.2000E+01
-105.831  0.0000E+00  0.2000E+01
-105.826  0.0000E+00  0.2000E+01
-105.821  0.0000E+00  0.2000E+01
-105.816  0.0000E+00  0.2000E+01
-105.811  0.0000E+00  0.2000E+01
-105.806  0.0000E+00  0.2000E+01
-105.801  0.0000E+00  0.2000E+01
-105.796  0.0000E+00  0.2000E+01
-105.791  0.0000E+00  0.2000E+01
-105.786  0.0000E+00  0.2000E+01
-105.781  0.0000E+00  0.2000E+01
-105.776  0.0000E+00  0.2000E+01
-105.771  0.0000E+00  0.2000E+01
-105.766  0.0000E+00  0.2000E+01
-105.761  0.0000E+00  0.2000E+01
-105.756  0.0000E+00  0.2000E+01
-105.751  0.0000E+00  0.2000E+01
-105.746  0.0000E+00  0.2000E+01
-105.741  0.0000E+00  0.2000E+01
-105.736  0.0000E+00  0.2000E+01
-105.731  0.0000E+00  0.2000E+01
-105.726  0.0000E+00  0.2000E+01
-105.721  0.0000E+00  0.2000E+01
-105.716  0.0000E+00  0.2000E+01
-105.711  0.0000E+00  0.2000E+01
-105.706  0.0000E+00  0.2000E+01
-105.701  0.0000E+00  0.2000E+01
-105.696  0.0000E+00  0.2000E+01
-105.691  0.0000E+00  0.2000E+01
-105.686  0.0000E+00  0.2000E+01
-105.681  0.0000E+00  0.2000E+01
-105.676  0.0000E+00  0.2000E+01
-105.671  0.0000E+00  0.2000E+01
-105.666  0.0000E+00  0.2000E+01
-105.661  0.0000E+00  0.2000E+01
-105.656  0.0000E+00  0.2000E+01
-105.651  0.0000E+00  0.2000E+01
-105.646  0.0000E+00  0.2000E+01
-105.641  0.0000E+00  0.2000E+01
-105.636  0.0000E+00  0.2000E+01
-105.631  0.0000E+00  0.2000E+01
-105.626  0.0000E+00  0.2000E+01
-105.621  0.0000E+00  0.2000E+01
-105.616  0.0000E+00  0.2000E+01
-105.611  0.0000E+00  0.2000E+01
-105.606  0.0000E+00  0.2000E+01
-105.601  0.0000E+00  0.2000E+01
-105.596  0.0000E+00  0.2000E+01
-105.591  0.0000E+00  0.2000E+01
-105.586  0.0000E+00  0.2000E+01
-105.581  0.0000E+00  0.2000E+01
-105.576  0.0000E+00  0.2000E+01
-105.571  0.0000E+00  0.2000E+01
-105.566  0.0000E+00  0.2000E+01
-105.561  0.0000E+00  0.2000E+01
-105.556  0.0000E+00  0.2000E+01
-105.551  0.0000E+00  0.2000E+01
-105.546  0.0000E+00  0.2000E+01
-105.541  0.0000E+00  0.2000E+01
-105.536  0.0000E+00  0.2000E+01
-105.531  0.0000E+00  0.2000E+01
-105.526  0.0000E+00  0.2000E+01
-105.521  0.0000E+00  0.2000E+01
-105.516  0.0000E+00  0.2000E+01
-105.511  0.0000E+00  0.2000E+01
-105.506  0.0000E+00  0.2000E+01
-105.501  0.0000E+00  0.2000E+01
-105.496  0.0000E+00  0.2000E+01
-105.491  0.0000E+00  0.2000E+01
-105.486  0.0000E+00  0.2000E+01
-105.481  0.0000E+00  0.2000E+01
-105.476  0.0000E+00  0.2000E+01
-105.471  0.0000E+00  0.2000E+01
-105.466  0.0000E+00  0.2000E+01
-105.461  0.0000E+00  0.2000E+01
-105.456  0.0000E+00  0.2000E+01
-105.451  0.0000E+00  0.2000E+01
-105.446  0.0000E+00  0.2000E+01
-105.441  0.0000E+00  0.2000E+01
-105.436  0.0000E+00  0.2000E+01
-105.431  0.0000E+00  0.2000E+01
-105.426  0.0000E+00  0.2000E+01
-105.421  0.0000E+00  0.2000E+01
-105.416  0.0000E+00  0.2000E+01
-105.411  0.0000E+00  0.2000E+01
-105.406  0.0000E+00  0.2000E+01
-105.401  0.0000E+00  0.2000E+01
-105.396  0.0000E+00  0.2000E+01
-105.391  0.0000E+00  0.2000E+01
-105.386  0.0000E+00  0.2000E+01
-105.381  0.0000E+00  0.2000E+01
-105.376  0.0000E+00  0.2000E+01
-105.371  0.0000E+00  0.2000E+01
-105.366  0.0000E+00  0.2000E+01
-105.361  0.0000E+00  0.2000E+01
-105.356  0.0000E+00  0.2000E+01
-105.351  0.0000E+00  0.2000E+01
-105.346  0.0000E+00  0.2000E+01
-105.341  0.0000E+00  0.2000E+01
-105.336  0.0000E+00  0.2000E+01
-105.331  0.0000E+00  0.2000E+01
-105.326  0.0000E+00  0.2000E+01
-105.321  0.0000E+00  0.2000E+01
-105.316  0.0000E+00  0.2000E+01
-105.311  0.0000E+00  0.2000E+01
-105.306  0.0000E+00  0.2000E+01
-105.301  0.0000E+00  0.2000E+01
-105.296  0.0000E+00  0.2000E+01
-105.291  0.0000E+00  0.2000E+01
-105.286  0.0000E+00  0.2000E+01
-105.281  0.0000E+00  0.2000E+01
-105.276  0.0000E+00  0.2000E+01
-105.271  0.0000E+00  0.2000E+01
-105.266  0.0000E+00  0.2000E+01
-105.261  0.0000E+00  0.2000E+01
-105.256  0.0000E+00  0.2000E+01
-105.251  0.0000E+00  0.2000E+01
-105.246  0.0000E+00  0.2000E+01
-105.241  0.0000E+00  0.2000E+01
-105.236  0.0000E+00  0.2000E+01
-105.231  0.0000E+00  0.2000E+01
-105.226  0.0000E+00  0.2000E+01
-105.221  0.0000E+00  0.2000E+01
-105.216  0.0000E+00  0.2000E+01
-105.211  0.0000E+00  0.2000E+01
-105.206  0.0000E+00  0.2000E+01
-105.201  0.0000E+00  0.2000E+01
-105.196  0.0000E+00  0.2000E+01
-105.191  0.0000E+00  0.2000E+01
-105.186  0.0000E+00  0.2000E+01
-105.181  0.0000E+00  0.2000E+01
-105.176  0.0000E+00  0.2000E+01
-105.171  0.0000E+00  0.2000E+01
-105.166  0.0000E+00  0.2000E+01
-105.161  0.0000E+00  0.2000E+01
-105.156  0.0000E+00  0.2000E+01
-105.151  0.0000E+00  0.2000E+01
-105.146  0.0000E+00  0.2000E+01
-105.141  0.0000E+00  0.2000E+01
-105.136  0.0000E+00  0.2000E+01
-105.131  0.0000E+00  0.2000E+01
-105.126  0.0000E+00  0.2000E+01
-105.121  0.0000E+00  0.2000E+01
-105.116  0.0000E+00  0.2000E+01
-105.111  0.0000E+00  0.2000E+01
-105.106  0.0000E+00  0.2000E+01
-105.101  0.0000E+00  0.2000E+01
-105.096  0.0000E+00  0.2000E+01
-105.091  0.0000E+00  0.2000E+01
-105.086  0.0000E+00  0.2000E+01
-105.081  0.0000E+00  0.2000E+01
-105.076  0.0000E+00  0.2000E+01
-105.071  0.0000E+00  0.2000E+01
-105.066  0.0000E+00  0.2000E+01
-105.061  0.0000E+00  0.2000E+01
-105.056  0.0000E+00  0.2000E+01
-105.051  0.0000E+00  0.2000E+01
-105.046  0.0000E+00  0.2000E+01
-105.041  0.0000E+00  0.2000E+01
-105.036  0.0000E+00  0.2000E+01
-105.031  0.0000E+00  0.2000E+01
-105.026  0.0000E+00  0.2000E+01
-105.021  0.0000E+00  0.2000E+01
-105.016  0.0000E+00  0.2000E+01
-105.011  0.0000E+00  0.2000E+01
-105.006  0.0000E+00  0.2000E+01
-105.001  0.0000E+00  0.2000E+01
-104.996  0.0000E+00  0.2000E+01
-104.991  0.0000E+00  0.2000E+01
-104.986  0.0000E+00  0.2000E+01
-104.981  0.0000E+00  0.2000E+01
-104.976  0.0000E+00  0.2000E+01
-104.971  0.0000E+00  0.2000E+01
-104.966  0.0000E+00  0.2000E+01
-104.961  0.0000E+00  0.2000E+01
-104.956  0.0000E+00  0.2000E+01
-104.951  0.0000E+00  0.2000E+01
-104.946  0.0000E+00  0.2000E+01
-104.941  0.0000E+00  0.2000E+01
-104.936  0.0000E+00  0.2000E+01
-104.931  0.0000E+00  0.2000E+01
-104.926  0.0000E+00  0.2000E+01
-104.921  0.0000E+00  0.2000E+01
-104.916  0.0000E+00  0.2000E+01
-104.911  0.0000E+00  0.2000E+01
-104.906  0.0000E+00  0.2000E+01
-104.901  0.0000E+00  0.2000E+01
-104.896  0.0000E+00  0.2000E+01
-104.891  0.0000E+00  0.2000E+01
-104.886  0.0000E+00  0.2000E+01
-104.881  0.0000E+00  0.2000E+01
-104.876  0.0000E+00  0.2000E+01
-104.871  0.0000E+00  0.2000E+01
-104.866  0.0000E+00  0.2000E+01
-104.861  0.0000E+00  0.2000E+01
-104.856  0.0000E+00  0.2000E+01
-104.851  0.0000E+00  0.2000E+01
-104.846  0.0000E+00  0.2000E+01
-104.841  0.0000E+00  0.2000E+01
-104.836  0.0000E+00  0.2000E+01
-104.831  0.0000E+00  0.2000E+01
-104.826  0.0000E+00  0.2000E+01
-104.821  0.0000E+00  0.2000E+01
-104.816  0.0000E+00  0.2000E+01
-104.811  0.0000E+00  0.2000E+01
-104.806  0.0000E+00  0.2000E+01
-104.801  0.0000E+00  0.2000E+01
-104.796  0.0000E+00  0.2000E+01
-104.791  0.0000E+00  0.2000E+01
-104.786  0.0000E+00  0.2000E+01
-104.781  0.0000E+00  0.2000E+01
-104.776  0.0000E+00  0.2000E+01
-104.771  0.0000E+00  0.2000E+01
-104.766  0.0000E+00  0.2000E+01
-104.761  0.0000E+00  0.2000E+01
-104.756  0.0000E+00  0.2000E+01
-104.751  0.0000E+00  0.2000E+01
-104.746  0.0000E+00  0.2000E+01
-104.741  0.0000E+00  0.2000E+01
-104.736  0.0000E+00  0.2000E+01
-104.731  0.0000E+00  0.2000E+01
-104.726  0.0000E+00  0.2000E+01
-104.721  0.0000E+00  0.2000E+01
-104.716  0.0000E+00  0.2000E+01
-104.711  0.0000E+00  0.2000E+01
-104.706  0.0000E+00  0.2000E+01
-104.701  0.0000E+00  0.2000E+01
-104.696  0.0000E+00  0.2000E+01
-104.691  0.0000E+00  0.2000E+01
-104.686  0.0000E+00  0.2000E+01
-104.681  0.0000E+00  0.2000E+01
-104.676  0.0000E+00  0.2000E+01
-104.671  0.0000E+00  0.2000E+01
-104.666  0.0000E+00  0.2000E+01
-104.661  0.0000E+00  0.2000E+01
-104.656  0.0000E+00  0.2000E+01
-104.651  0.0000E+00  0.2000E+01
-104.646  0.0000E+00  0.2000E+01
-104.641  0.0000E+00  0.2000E+01
-104.636  0.0000E+00  0.2000E+01
-104.631  0.0000E+00  0.2000E+01
-104.626  0.0000E+00  0.2000E+01
-104.621  0.0000E+00  0.2000E+01
-104.616  0.0000E+00  0.2000E+01
-104.611  0.0000E+00  0.2000E+01
-104.606  0.0000E+00  0.2000E+01
-104.601  0.0000E+00  0.2000E+01
-104.596  0.0000E+00  0.2000E+01
-104.591  0.0000E+00  0.2000E+01
-104.586  0.0000E+00  0.2000E+01
-104.581  0.0000E+00  0.2000E+01
-104.576  0.0000E+00  0.2000E+01
-104.571  0.0000E+00  0.2000E+01
-104.566  0.0000E+00  0.2000E+01
-104.561  0.0000E+00  0.2000E+01
-104.556  0.0000E+00  0.2000E+01
-104.551  0.0000E+00  0.2000E+01
-104.546  0.0000E+00  0.2000E+01
-104.541  0.0000E+00  0.2000E+01
-104.536  0.0000E+00  0.2000E+01
-104.531  0.0000E+00  0.2000E+01
-104.526  0.0000E+00  0.2000E+01
-104.521  0.0000E+00  0.2000E+01
-104.516  0.0000E+00  0.2000E+01
-104.511  0.0000E+00  0.2000E+01
-104.506  0.0000E+00  0.2000E+01
-104.501  0.0000E+00  0.2000E+01
-104.496  0.0000E+00  0.2000E+01
-104.491  0.0000E+00  0.2000E+01
-104.486  0.0000E+00  0.2000E+01
-104.481  0.0000E+00  0.2000E+01
-104.476  0.0000E+00  0.2000E+01
-104.471  0.0000E+00  0.2000E+01
-104.466  0.0000E+00  0.2000E+01
-104.461  0.0000E+00  0.2000E+01
-104.456  0.0000E+00  0.2000E+01
-104.451  0.0000E+00  0.2000E+01
-104.446  0.0000E+00  0.2000E+01
-104.441  0.0000E+00  0.2000E+01
-104.436  0.0000E+00  0.2000E+01
-104.431  0.0000E+00  0.2000E+01
-104.426  0.0000E+00  0.2000E+01
-104.421  0.0000E+00  0.2000E+01
-104.416  0.0000E+00  0.2000E+01
-104.411  0.0000E+00  0.2000E+01
-104.406  0.0000E+00  0.2000E+01
-104.401  0.0000E+00  0.2000E+01
-104.396  0.0000E+00  0.2000E+01
-104.391  0.0000E+00  0.2000E+01
-104.386  0.0000E+00  0.2000E+01
-104.381  0.0000E+00  0.2000E+01
-104.376  0.0000E+00  0.2000E+01
-104.371  0.0000E+00  0.2000E+01
-104.366  0.0000E+00  0.2000E+01
-104.361  0.0000E+00  0.2000E+01
-104.356  0.0000E+00  0.2000E+01
-104.351  0.0000E+00  0.2000E+01
-104.346  0.0000E+00  0.2000E+01
-104.341  0.0000E+00  0.2000E+01
-104.336  0.0000E+00  0.2000E+01
-104.331  0.0000E+00  0.2000E+01
-104.326  0.0000E+00  0.2000E+01
-104.321  0.0000E+00  0.2000E+01
-104.316  0.0000E+00  0.2000E+01
-104.311  0.0000E+00  0.2000E+01
-104.306  0.0000E+00  0.2000E+01
-104.301  0.0000E+00  0.2000E+01
-104.296  0.0000E+00  0.2000E+01
-104.291  0.0000E+00  0.2000E+01
-104.286  0.0000E+00  0.2000E+01
-104.281  0.0000E+00  0.2000E+01
-104.276  0.0000E+00  0.2000E+01
-104.271  0.0000E+00  0.2000E+01
-104.266  0.0000E+00  0.2000E+01
-104.261  0.0000E+00  0.2000E+01
-104.256  0.0000E+00  0.2000E+01
-104.251  0.0000E+00  0.2000E+01
-104.246  0.0000E+00  0.2000E+01
-104.241  0.0000E+00  0.2000E+01
-104.236  0.0000E+00  0.2000E+01
-104.231  0.0000E+00  0.2000E+01
-104.226  0.0000E+00  0.2000E+01
-104.221  0.0000E+00  0.2000E+01
-104.216  0.0000E+00  0.2000E+01
-104.211  0.0000E+00  0.2000E+01
-104.206  0.0000E+00  0.2000E+01
-104.201  0.0000E+00  0.2000E+01
-104.196  0.0000E+00  0.2000E+01
-104.191  0.0000E+00  0.2000E+01
-104.186  0.0000E+00  0.2000E+01
-104.181  0.0000E+00  0.2000E+01
-104.176  0.0000E+00  0.2000E+01
-104.171  0.0000E+00  0.2000E+01
-104.166  0.0000E+00  0.2000E+01
-104.161  0.0000E+00  0.2000E+01
-104.156  0.0000E+00  0.2000E+01
-104.151  0.0000E+00  0.2000E+01
-104.146  0.0000E+00  0.2000E+01
-104.141  0.0000E+00  0.2000E+01
-104.136  0.0000E+00  0.2000E+01
-104.131  0.0000E+00  0.2000E+01
-104.126  0.0000E+00  0.2000E+01
-104.121  0.0000E+00  0.2000E+01
-104.116  0.0000E+00  0.2000E+01
-104.111  0.0000E+00  0.2000E+01
-104.106  0.0000E+00  0.2000E+01
-104.101  0.0000E+00  0.2000E+01
-104.096  0.0000E+00  0.2000E+01
-104.091  0.0000E+00  0.2000E+01
-104.086  0.0000E+00  0.2000E+01
-104.081  0.0000E+00  0.2000E+01
-104.076  0.0000E+00  0.2000E+01
-104.071  0.0000E+00  0.2000E+01
-104.066  0.0000E+00  0.2000E+01
-104.061  0.0000E+00  0.2000E+01
-104.056  0.0000E+00  0.2000E+01
-104.051  0.0000E+00  0.2000E+01
-104.046  0.0000E+00  0.2000E+01
-104.041  0.0000E+00  0.2000E+01
-104.036  0.0000E+00  0.2000E+01
-104.031  0.0000E+00  0.2000E+01
-104.026  0.0000E+00  0.2000E+01
-104.021  0.0000E+00  0.2000E+01
-104.016  0.0000E+00  0.2000E+01
-104.011  0.0000E+00  0.2000E+01
-104.006  0.0000E+00  0.2000E+01
-104.001  0.0000E+00  0.2000E+01
-103.996  0.0000E+00  0.2000E+01
-103.991  0.0000E+00  0.2000E+01
-103.986  0.0000E+00  0.2000E+01
-103.981  0.0000E+00  0.2000E+01
-103.976  0.0000E+00  0.2000E+01
-103.971  0.0000E+00  0.2000E+01
-103.966  0.0000E+00  0.2000E+01
-103.961  0.0000E+00  0.2000E+01
-103.956  0.0000E+00  0.2000E+01
-103.951  0.0000E+00  0.2000E+01
-103.946  0.0000E+00  0.2000E+01
-103.941  0.0000E+00  0.2000E+01
-103.936  0.0000E+00  0.2000E+01
-103.931  0.0000E+00  0.2000E+01
-103.926  0.0000E+00  0.2000E+01
-103.921  0.0000E+00  0.2000E+01
-103.916  0.0000E+00  0.2000E+01
-103.911  0.0000E+00  0.2000E+01
-103.906  0.0000E+00  0.2000E+01
-103.901  0.0000E+00  0.2000E+01
-103.896  0.0000E+00  0.2000E+01
-103.891  0.0000E+00  0.2000E+01
-103.886  0.0000E+00  0.2000E+01
-103.881  0.0000E+00  0.2000E+01
-103.876  0.0000E+00  0.2000E+01
-103.871  0.0000E+00  0.2000E+01
-103.866  0.0000E+00  0.2000E+01
-103.861  0.0000E+00  0.2000E+01
-103.856  0.0000E+00  0.2000E+01
-103.851  0.0000E+00  0.2000E+01
-103.846  0.0000E+00  0.2000E+01
-103.841  0.0000E+00  0.2000E+01
-103.836  0.0000E+00  0.2000E+01
-103.831  0.0000E+00  0.2000E+01
-103.826  0.0000E+00  0.2000E+01
-103.821  0.0000E+00  0.2000E+01
-103.816  0.0000E+00  0.2000E+01
-103.811  0.0000E+00  0.2000E+01
-103.806  0.0000E+00  0.2000E+01
-103.801  0.0000E+00  0.2000E+01
-103.796  0.0000E+00  0.2000E+01
-103.791  0.0000E+00  0.2000E+01
-103.786  0.0000E+00  0.2000E+01
-103.781  0.0000E+00  0.2000E+01
-103.776  0.0000E+00  0.2000E+01
-103.771  0.0000E+00  0.2000E+01
-103.766  0.0000E+00  0.2000E+01
-103.761  0.0000E+00  0.2000E+01
-103.756  0.0000E+00  0.2000E+01
-103.751  0.0000E+00  0.2000E+01
-103.746  0.0000E+00  0.2000E+01
-103.741  0.0000E+00  0.2000E+01
-103.736  0.0000E+00  0.2000E+01
-103.731  0.0000E+00  0.2000E+01
-103.726  0.0000E+00  0.2000E+01
-103.721  0.0000E+00  0.2000E+01
-103.716  0.0000E+00  0.2000E+01
-103.711  0.0000E+00  0.2000E+01
-103.706  0.0000E+00  0.2000E+01
-103.701  0.0000E+00  0.2000E+01
-103.696  0.0000E+00  0.2000E+01
-103.691  0.0000E+00  0.2000E+01
-103.686  0.0000E+00  0.2000E+01
-103.681  0.0000E+00  0.2000E+01
-103.676  0.0000E+00  0.2000E+01
-103.671  0.0000E+00  0.2000E+01
-103.666  0.0000E+00  0.2000E+01
-103.661  0.0000E+00  0.2000E+01
-103.656  0.0000E+00  0.2000E+01
-103.651  0.0000E+00  0.2000E+01
-103.646  0.0000E+00  0.2000E+01
-103.641  0.0000E+00  0.2000E+01
-103.636  0.0000E+00  0.2000E+01
-103.631  0.0000E+00  0.2000E+01
-103.626  0.0000E+00  0.2000E+01
-103.621  0.0000E+00  0.2000E+01
-103.616  0.0000E+00  0.2000E+01
-103.611  0.0000E+00  0.2000E+01
-103.606  0.0000E+00  0.2000E+01
-103.601  0.0000E+00  0.2000E+01
-103.596  0.0000E+00  0.2000E+01
-103.591  0.0000E+00  0.2000E+01
-103.586  0.0000E+00  0.2000E+01
-103.581  0.0000E+00  0.2000E+01
-103.576  0.0000E+00  0.2000E+01
-103.571  0.0000E+00  0.2000E+01
-103.566  0.0000E+00  0.2000E+01
-103.561  0.0000E+00  0.2000E+01
-103.556  0.0000E+00  0.2000E+01
-103.551  0.0000E+00  0.2000E+01
-103.546  0.0000E+00  0.2000E+01
-103.541  0.0000E+00  0.2000E+01
-103.536  0.0000E+00  0.2000E+01
-103.531  0.0000E+00  0.2000E+01
-103.526  0.0000E+00  0.2000E+01
-103.521  0.0000E+00  0.2000E+01
-103.516  0.0000E+00  0.2000E+01
-103.511  0.0000E+00  0.2000E+01
-103.506  0.0000E+00  0.2000E+01
-103.501  0.0000E+00  0.2000E+01
-103.496  0.0000E+00  0.2000E+01
-103.491  0.0000E+00  0.2000E+01
-103.486  0.0000E+00  0.2000E+01
-103.481  0.0000E+00  0.2000E+01
-103.476  0.0000E+00  0.2000E+01
-103.471  0.0000E+00  0.2000E+01
-103.466  0.0000E+00  0.2000E+01
-103.461  0.0000E+00  0.2000E+01
-103.456  0.0000E+00  0.2000E+01
-103.451  0.0000E+00  0.2000E+01
-103.446  0.0000E+00  0.2000E+01
-103.441  0.0000E+00  0.2000E+01
-103.436  0.0000E+00  0.2000E+01
-103.431  0.0000E+00  0.2000E+01
-103.426  0.0000E+00  0.2000E+01
-103.421  0.0000E+00  0.2000E+01
-103.416  0.0000E+00  0.2000E+01
-103.411  0.0000E+00  0.2000E+01
-103.406  0.0000E+00  0.2000E+01
-103.401  0.0000E+00  0.2000E+01
-103.396  0.0000E+00  0.2000E+01
-103.391  0.0000E+00  0.2000E+01
-103.386  0.0000E+00  0.2000E+01
-103.381  0.0000E+00  0.2000E+01
-103.376  0.0000E+00  0.2000E+01
-103.371  0.0000E+00  0.2000E+01
-103.366  0.0000E+00  0.2000E+01
-103.361  0.0000E+00  0.2000E+01
-103.356  0.0000E+00  0.2000E+01
-103.351  0.0000E+00  0.2000E+01
-103.346  0.0000E+00  0.2000E+01
-103.341  0.0000E+00  0.2000E+01
-103.336  0.0000E+00  0.2000E+01
-103.331  0.0000E+00  0.2000E+01
-103.326  0.0000E+00  0.2000E+01
-103.321  0.0000E+00  0.2000E+01
-103.316  0.0000E+00  0.2000E+01
-103.311  0.0000E+00  0.2000E+01
-103.306  0.0000E+00  0.2000E+01
-103.301  0.0000E+00  0.2000E+01
-103.296  0.0000E+00  0.2000E+01
-103.291  0.0000E+00  0.2000E+01
-103.286  0.0000E+00  0.2000E+01
-103.281  0.0000E+00  0.2000E+01
-103.276  0.0000E+00  0.2000E+01
-103.271  0.0000E+00  0.2000E+01
-103.266  0.0000E+00  0.2000E+01
-103.261  0.0000E+00  0.2000E+01
-103.256  0.0000E+00  0.2000E+01
-103.251  0.0000E+00  0.2000E+01
-103.246  0.0000E+00  0.2000E+01
-103.241  0.0000E+00  0.2000E+01
-103.236  0.0000E+00  0.2000E+01
-103.231  0.0000E+00  0.2000E+01
-103.226  0.0000E+00  0.2000E+01
-103.221  0.0000E+00  0.2000E+01
-103.216  0.0000E+00  0.2000E+01
-103.211  0.0000E+00  0.2000E+01
-103.206  0.0000E+00  0.2000E+01
-103.201  0.0000E+00  0.2000E+01
-103.196  0.0000E+00  0.2000E+01
-103.191  0.0000E+00  0.2000E+01
-103.186  0.0000E+00  0.2000E+01
-103.181  0.0000E+00  0.2000E+01
-103.176  0.0000E+00  0.2000E+01
-103.171  0.0000E+00  0.2000E+01
-103.166  0.0000E+00  0.2000E+01
-103.161  0.0000E+00  0.2000E+01
-103.156  0.0000E+00  0.2000E+01
-103.151  0.0000E+00  0.2000E+01
-103.146  0.0000E+00  0.2000E+01
-103.141  0.0000E+00  0.2000E+01
-103.136  0.0000E+00  0.2000E+01
-103.131  0.0000E+00  0.2000E+01
-103.126  0.0000E+00  0.2000E+01
-103.121  0.0000E+00  0.2000E+01
-103.116  0.0000E+00  0.2000E+01
-103.111  0.0000E+00  0.2000E+01
-103.106  0.0000E+00  0.2000E+01
-103.101  0.0000E+00  0.2000E+01
-103.096  0.0000E+00  0.2000E+01
-103.091  0.0000E+00  0.2000E+01
-103.086  0.0000E+00  0.2000E+01
-103.081  0.0000E+00  0.2000E+01
-103.076  0.0000E+00  0.2000E+01
-103.071  0.0000E+00  0.2000E+01
-103.066  0.0000E+00  0.2000E+01
-103.061  0.0000E+00  0.2000E+01
-103.056  0.0000E+00  0.2000E+01
-103.051  0.0000E+00  0.2000E+01
-103.046  0.0000E+00  0.2000E+01
-103.041  0.0000E+00  0.2000E+01
-103.036  0.0000E+00  0.2000E+01
-103.031  0.0000E+00  0.2000E+01
-103.026  0.0000E+00  0.2000E+01
-103.021  0.0000E+00  0.2000E+01
-103.016  0.0000E+00  0.2000E+01
-103.011  0.0000E+00  0.2000E+01
-103.006  0.0000E+00  0.2000E+01
-103.001  0.0000E+00  0.2000E+01
-102.996  0.0000E+00  0.2000E+01
-102.991  0.0000E+00  0.2000E+01
-102.986  0.0000E+00  0.2000E+01
-102.981  0.0000E+00  0.2000E+01
-102.976  0.0000E+00  0.2000E+01
-102.971  0.0000E+00  0.2000E+01
-102.966  0.0000E+00  0.2000E+01
-102.961  0.0000E+00  0.2000E+01
-102.956  0.0000E+00  0.2000E+01
-102.951  0.0000E+00  0.2000E+01
-102.946  0.0000E+00  0.2000E+01
-102.941  0.0000E+00  0.2000E+01
-102.936  0.0000E+00  0.2000E+01
-102.931  0.0000E+00  0.2000E+01
-102.926  0.0000E+00  0.2000E+01
-102.921  0.0000E+00  0.2000E+01
-102.916  0.0000E+00  0.2000E+01
-102.911  0.0000E+00  0.2000E+01
-102.906  0.0000E+00  0.2000E+01
-102.901  0.0000E+00  0.2000E+01
-102.896  0.0000E+00  0.2000E+01
-102.891  0.0000E+00  0.2000E+01
-102.886  0.0000E+00  0.2000E+01
-102.881  0.0000E+00  0.2000E+01
-102.876  0.0000E+00  0.2000E+01
-102.871  0.0000E+00  0.2000E+01
-102.866  0.0000E+00  0.2000E+01
-102.861  0.0000E+00  0.2000E+01
-102.856  0.0000E+00  0.2000E+01
-102.851  0.0000E+00  0.2000E+01
-102.846  0.0000E+00  0.2000E+01
-102.841  0.0000E+00  0.2000E+01
-102.836  0.0000E+00  0.2000E+01
-102.831  0.0000E+00  0.2000E+01
-102.826  0.0000E+00  0.2000E+01
-102.821  0.0000E+00  0.2000E+01
-102.816  0.0000E+00  0.2000E+01
-102.811  0.0000E+00  0.2000E+01
-102.806  0.0000E+00  0.2000E+01
-102.801  0.0000E+00  0.2000E+01
-102.796  0.0000E+00  0.2000E+01
-102.791  0.0000E+00  0.2000E+01
-102.786  0.0000E+00  0.2000E+01
-102.781  0.0000E+00  0.2000E+01
-102.776  0.0000E+00  0.2000E+01
-102.771  0.0000E+00  0.2000E+01
-102.766  0.0000E+00  0.2000E+01
-102.761  0.0000E+00  0.2000E+01
-102.756  0.0000E+00  0.2000E+01
-102.751  0.0000E+00  0.2000E+01
-102.746  0.0000E+00  0.2000E+01
-102.741  0.0000E+00  0.2000E+01
-102.736  0.0000E+00  0.2000E+01
-102.731  0.0000E+00  0.2000E+01
-102.726  0.0000E+00  0.2000E+01
-102.721  0.0000E+00  0.2000E+01
-102.716  0.0000E+00  0.2000E+01
-102.711  0.0000E+00  0.2000E+01
-102.706  0.0000E+00  0.2000E+01
-102.701  0.0000E+00  0.2000E+01
-102.696  0.0000E+00  0.2000E+01
-102.691  0.0000E+00  0.2000E+01
-102.686  0.0000E+00  0.2000E+01
-102.681  0.0000E+00  0.2000E+01
-102.676  0.0000E+00  0.2000E+01
-102.671  0.0000E+00  0.2000E+01
-102.666  0.0000E+00  0.2000E+01
-102.661  0.0000E+00  0.2000E+01
-102.656  0.0000E+00  0.2000E+01
-102.651  0.0000E+00  0.2000E+01
-102.646  0.0000E+00  0.2000E+01
-102.641  0.0000E+00  0.2000E+01
-102.636  0.0000E+00  0.2000E+01
-102.631  0.0000E+00  0.2000E+01
-102.626  0.0000E+00  0.2000E+01
-102.621  0.0000E+00  0.2000E+01
-102.616  0.0000E+00  0.2000E+01
-102.611  0.0000E+00  0.2000E+01
-102.606  0.0000E+00  0.2000E+01
-102.601  0.0000E+00  0.2000E+01
-102.596  0.0000E+00  0.2000E+01
-102.591  0.0000E+00  0.2000E+01
-102.586  0.0000E+00  0.2000E+01
-102.581  0.0000E+00  0.2000E+01
-102.576  0.0000E+00  0.2000E+01
-102.571  0.0000E+00  0.2000E+01
-102.566  0.0000E+00  0.2000E+01
-102.561  0.0000E+00  0.2000E+01
-102.556  0.0000E+00  0.2000E+01
-102.551  0.0000E+00  0.2000E+01
-102.546  0.0000E+00  0.2000E+01
-102.541  0.0000E+00  0.2000E+01
-102.536  0.0000E+00  0.2000E+01
-102.531  0.0000E+00  0.2000E+01
-102.526  0.0000E+00  0.2000E+01
-102.521  0.0000E+00  0.2000E+01
-102.516  0.0000E+00  0.2000E+01
-102.511  0.0000E+00  0.2000E+01
-102.506  0.0000E+00  0.2000E+01
-102.501  0.0000E+00  0.2000E+01
-102.496  0.0000E+00  0.2000E+01
-102.491  0.0000E+00  0.2000E+01
-102.486  0.0000E+00  0.2000E+01
-102.481  0.0000E+00  0.2000E+01
-102.476  0.0000E+00  0.2000E+01
-102.471  0.0000E+00  0.2000E+01
-102.466  0.0000E+00  0.2000E+01
-102.461  0.0000E+00  0.2000E+01
-102.456  0.0000E+00  0.2000E+01
-102.451  0.0000E+00  0.2000E+01
-102.446  0.0000E+00  0.2000E+01
-102.441  0.0000E+00  0.2000E+01
-102.436  0.0000E+00  0.2000E+01
-102.431  0.0000E+00  0.2000E+01
-102.426  0.0000E+00  0.2000E+01
-102.421  0.0000E+00  0.2000E+01
-102.416  0.0000E+00  0.2000E+01
-102.411  0.0000E+00  0.2000E+01
-102.406  0.0000E+00  0.2000E+01
-102.401  0.0000E+00  0.2000E+01
-102.396  0.0000E+00  0.2000E+01
-102.391  0.0000E+00  0.2000E+01
-102.386  0.0000E+00  0.2000E+01
-102.381  0.0000E+00  0.2000E+01
-102.376  0.0000E+00  0.2000E+01
-102.371  0.0000E+00  0.2000E+01
-102.366  0.0000E+00  0.2000E+01
-102.361  0.0000E+00  0.2000E+01
-102.356  0.0000E+00  0.2000E+01
-102.351  0.0000E+00  0.2000E+01
-102.346  0.0000E+00  0.2000E+01
-102.341  0.0000E+00  0.2000E+01
-102.336  0.0000E+00  0.2000E+01
-102.331  0.0000E+00  0.2000E+01
-102.326  0.0000E+00  0.2000E+01
-102.321  0.0000E+00  0.2000E+01
-102.316  0.0000E+00  0.2000E+01
-102.311  0.0000E+00  0.2000E+01
-102.306  0.0000E+00  0.2000E+01
-102.301  0.0000E+00  0.2000E+01
-102.296  0.0000E+00  0.2000E+01
-102.291  0.0000E+00  0.2000E+01
-102.286  0.0000E+00  0.2000E+01
-102.281  0.0000E+00  0.2000E+01
-102.276  0.0000E+00  0.2000E+01
-102.271  0.0000E+00  0.2000E+01
-102.266  0.0000E+00  0.2000E+01
-102.261  0.0000E+00  0.2000E+01
-102.256  0.0000E+00  0.2000E+01
-102.251  0.0000E+00  0.2000E+01
-102.246  0.0000E+00  0.2000E+01
-102.241  0.0000E+00  0.2000E+01
-102.236  0.0000E+00  0.2000E+01
-102.231  0.0000E+00  0.2000E+01
-102.226  0.0000E+00  0.2000E+01
-102.221  0.0000E+00  0.2000E+01
-102.216  0.0000E+00  0.2000E+01
-102.211  0.0000E+00  0.2000E+01
-102.206  0.0000E+00  0.2000E+01
-102.201  0.0000E+00  0.2000E+01
-102.196  0.0000E+00  0.2000E+01
-102.191  0.0000E+00  0.2000E+01
-102.186  0.0000E+00  0.2000E+01
-102.181  0.0000E+00  0.2000E+01
-102.176  0.0000E+00  0.2000E+01
-102.171  0.0000E+00  0.2000E+01
-102.166  0.0000E+00  0.2000E+01
-102.161  0.0000E+00  0.2000E+01
-102.156  0.0000E+00  0.2000E+01
-102.151  0.0000E+00  0.2000E+01
-102.146  0.0000E+00  0.2000E+01
-102.141  0.0000E+00  0.2000E+01
-102.136  0.0000E+00  0.2000E+01
-102.131  0.0000E+00  0.2000E+01
-102.126  0.0000E+00  0.2000E+01
-102.121  0.0000E+00  0.2000E+01
-102.116  0.0000E+00  0.2000E+01
-102.111  0.0000E+00  0.2000E+01
-102.106  0.0000E+00  0.2000E+01
-102.101  0.0000E+00  0.2000E+01
-102.096  0.0000E+00  0.2000E+01
-102.091  0.0000E+00  0.2000E+01
-102.086  0.0000E+00  0.2000E+01
-102.081  0.0000E+00  0.2000E+01
-102.076  0.0000E+00  0.2000E+01
-102.071  0.0000E+00  0.2000E+01
-102.066  0.0000E+00  0.2000E+01
-102.061  0.0000E+00  0.2000E+01
-102.056  0.0000E+00  0.2000E+01
-102.051  0.0000E+00  0.2000E+01
-102.046  0.0000E+00  0.2000E+01
-102.041  0.0000E+00  0.2000E+01
-102.036  0.0000E+00  0.2000E+01
-102.031  0.0000E+00  0.2000E+01
-102.026  0.0000E+00  0.2000E+01
-102.021  0.0000E+00  0.2000E+01
-102.016  0.0000E+00  0.2000E+01
-102.011  0.0000E+00  0.2000E+01
-102.006  0.0000E+00  0.2000E+01
-102.001  0.0000E+00  0.2000E+01
-101.996  0.0000E+00  0.2000E+01
-101.991  0.0000E+00  0.2000E+01
-101.986  0.0000E+00  0.2000E+01
-101.981  0.0000E+00  0.2000E+01
-101.976  0.0000E+00  0.2000E+01
-101.971  0.0000E+00  0.2000E+01
-101.966  0.0000E+00  0.2000E+01
-101.961  0.0000E+00  0.2000E+01
-101.956  0.0000E+00  0.2000E+01
-101.951  0.0000E+00  0.2000E+01
-101.946  0.0000E+00  0.2000E+01
-101.941  0.0000E+00  0.2000E+01
-101.936  0.0000E+00  0.2000E+01
-101.931  0.0000E+00  0.2000E+01
-101.926  0.0000E+00  0.2000E+01
-101.921  0.0000E+00  0.2000E+01
-101.916  0.0000E+00  0.2000E+01
-101.911  0.0000E+00  0.2000E+01
-101.906  0.0000E+00  0.2000E+01
-101.901  0.0000E+00  0.2000E+01
-101.896  0.0000E+00  0.2000E+01
-101.891  0.0000E+00  0.2000E+01
-101.886  0.0000E+00  0.2000E+01
-101.881  0.0000E+00  0.2000E+01
-101.876  0.0000E+00  0.2000E+01
-101.871  0.0000E+00  0.2000E+01
-101.866  0.0000E+00  0.2000E+01
-101.861  0.0000E+00  0.2000E+01
-101.856  0.0000E+00  0.2000E+01
-101.851  0.0000E+00  0.2000E+01
-101.846  0.0000E+00  0.2000E+01
-101.841  0.0000E+00  0.2000E+01
-101.836  0.0000E+00  0.2000E+01
-101.831  0.0000E+00  0.2000E+01
-101.826  0.0000E+00  0.2000E+01
-101.821  0.0000E+00  0.2000E+01
-101.816  0.0000E+00  0.2000E+01
-101.811  0.0000E+00  0.2000E+01
-101.806  0.0000E+00  0.2000E+01
-101.801  0.0000E+00  0.2000E+01
-101.796  0.0000E+00  0.2000E+01
-101.791  0.0000E+00  0.2000E+01
-101.786  0.0000E+00  0.2000E+01
-101.781  0.0000E+00  0.2000E+01
-101.776  0.0000E+00  0.2000E+01
-101.771  0.0000E+00  0.2000E+01
-101.766  0.0000E+00  0.2000E+01
-101.761  0.0000E+00  0.2000E+01
-101.756  0.0000E+00  0.2000E+01
-101.751  0.0000E+00  0.2000E+01
-101.746  0.0000E+00  0.2000E+01
-101.741  0.0000E+00  0.2000E+01
-101.736  0.0000E+00  0.2000E+01
-101.731  0.0000E+00  0.2000E+01
-101.726  0.0000E+00  0.2000E+01
-101.721  0.0000E+00  0.2000E+01
-101.716  0.0000E+00  0.2000E+01
-101.711  0.0000E+00  0.2000E+01
-101.706  0.0000E+00  0.2000E+01
-101.701  0.0000E+00  0.2000E+01
-101.696  0.0000E+00  0.2000E+01
-101.691  0.0000E+00  0.2000E+01
-101.686  0.0000E+00  0.2000E+01
-101.681  0.0000E+00  0.2000E+01
-101.676  0.0000E+00  0.2000E+01
-101.671  0.0000E+00  0.2000E+01
-101.666  0.0000E+00  0.2000E+01
-101.661  0.0000E+00  0.2000E+01
-101.656  0.0000E+00  0.2000E+01
-101.651  0.0000E+00  0.2000E+01
-101.646  0.0000E+00  0.2000E+01
-101.641  0.0000E+00  0.2000E+01
-101.636  0.0000E+00  0.2000E+01
-101.631  0.0000E+00  0.2000E+01
-101.626  0.0000E+00  0.2000E+01
-101.621  0.0000E+00  0.2000E+01
-101.616  0.0000E+00  0.2000E+01
-101.611  0.0000E+00  0.2000E+01
-101.606  0.0000E+00  0.2000E+01
-101.601  0.0000E+00  0.2000E+01
-101.596  0.0000E+00  0.2000E+01
-101.591  0.0000E+00  0.2000E+01
-101.586  0.0000E+00  0.2000E+01
-101.581  0.0000E+00  0.2000E+01
-101.576  0.0000E+00  0.2000E+01
-101.571  0.0000E+00  0.2000E+01
-101.566  0.0000E+00  0.2000E+01
-101.561  0.0000E+00  0.2000E+01
-101.556  0.0000E+00  0.2000E+01
-101.551  0.0000E+00  0.2000E+01
-101.546  0.0000E+00  0.2000E+01
-101.541  0.0000E+00  0.2000E+01
-101.536  0.0000E+00  0.2000E+01
-101.531  0.0000E+00  0.2000E+01
-101.526  0.0000E+00  0.2000E+01
-101.521  0.0000E+00  0.2000E+01
-101.516  0.0000E+00  0.2000E+01
-101.511  0.0000E+00  0.2000E+01
-101.506  0.0000E+00  0.2000E+01
-101.501  0.0000E+00  0.2000E+01
-101.496  0.0000E+00  0.2000E+01
-101.491  0.0000E+00  0.2000E+01
-101.486  0.0000E+00  0.2000E+01
-101.481  0.0000E+00  0.2000E+01
-101.476  0.0000E+00  0.2000E+01
-101.471  0.0000E+00  0.2000E+01
-101.466  0.0000E+00  0.2000E+01
-101.461  0.0000E+00  0.2000E+01
-101.456  0.0000E+00  0.2000E+01
-101.451  0.0000E+00  0.2000E+01
-101.446  0.0000E+00  0.2000E+01
-101.441  0.0000E+00  0.2000E+01
-101.436  0.0000E+00  0.2000E+01
-101.431  0.0000E+00  0.2000E+01
-101.426  0.0000E+00  0.2000E+01
-101.421  0.0000E+00  0.2000E+01
-101.416  0.0000E+00  0.2000E+01
-101.411  0.0000E+00  0.2000E+01
-101.406  0.0000E+00  0.2000E+01
-101.401  0.0000E+00  0.2000E+01
-101.396  0.0000E+00  0.2000E+01
-101.391  0.0000E+00  0.2000E+01
-101.386  0.0000E+00  0.2000E+01
-101.381  0.0000E+00  0.2000E+01
-101.376  0.0000E+00  0.2000E+01
-101.371  0.0000E+00  0.2000E+01
-101.366  0.0000E+00  0.2000E+01
-101.361  0.0000E+00  0.2000E+01
-101.356  0.0000E+00  0.2000E+01
-101.351  0.0000E+00  0.2000E+01
-101.346  0.0000E+00  0.2000E+01
-101.341  0.0000E+00  0.2000E+01
-101.336  0.0000E+00  0.2000E+01
-101.331  0.0000E+00  0.2000E+01
-101.326  0.0000E+00  0.2000E+01
-101.321  0.0000E+00  0.2000E+01
-101.316  0.0000E+00  0.2000E+01
-101.311  0.0000E+00  0.2000E+01
-101.306  0.0000E+00  0.2000E+01
-101.301  0.0000E+00  0.2000E+01
-101.296  0.0000E+00  0.2000E+01
-101.291  0.0000E+00  0.2000E+01
-101.286  0.0000E+00  0.2000E+01
-101.281  0.0000E+00  0.2000E+01
-101.276  0.0000E+00  0.2000E+01
-101.271  0.0000E+00  0.2000E+01
-101.266  0.0000E+00  0.2000E+01
-101.261  0.0000E+00  0.2000E+01
-101.256  0.0000E+00  0.2000E+01
-101.251  0.0000E+00  0.2000E+01
-101.246  0.0000E+00  0.2000E+01
-101.241  0.0000E+00  0.2000E+01
-101.236  0.0000E+00  0.2000E+01
-101.231  0.0000E+00  0.2000E+01
-101.226  0.0000E+00  0.2000E+01
-101.221  0.0000E+00  0.2000E+01
-101.216  0.0000E+00  0.2000E+01
-101.211  0.0000E+00  0.2000E+01
-101.206  0.0000E+00  0.2000E+01
-101.201  0.0000E+00  0.2000E+01
-101.196  0.0000E+00  0.2000E+01
-101.191  0.0000E+00  0.2000E+01
-101.186  0.0000E+00  0.2000E+01
-101.181  0.0000E+00  0.2000E+01
-101.176  0.0000E+00  0.2000E+01
-101.171  0.0000E+00  0.2000E+01
-101.166  0.0000E+00  0.2000E+01
-101.161  0.0000E+00  0.2000E+01
-101.156  0.0000E+00  0.2000E+01
-101.151  0.0000E+00  0.2000E+01
-101.146  0.0000E+00  0.2000E+01
-101.141  0.0000E+00  0.2000E+01
-101.136  0.0000E+00  0.2000E+01
-101.131  0.0000E+00  0.2000E+01
-101.126  0.0000E+00  0.2000E+01
-101.121  0.0000E+00  0.2000E+01
-101.116  0.0000E+00  0.2000E+01
-101.111  0.0000E+00  0.2000E+01
-101.106  0.0000E+00  0.2000E+01
-101.101  0.0000E+00  0.2000E+01
-101.096  0.0000E+00  0.2000E+01
-101.091  0.0000E+00  0.2000E+01
-101.086  0.0000E+00  0.2000E+01
-101.081  0.0000E+00  0.2000E+01
-101.076  0.0000E+00  0.2000E+01
-101.071  0.0000E+00  0.2000E+01
-101.066  0.0000E+00  0.2000E+01
-101.061  0.0000E+00  0.2000E+01
-101.056  0.0000E+00  0.2000E+01
-101.051  0.0000E+00  0.2000E+01
-101.046  0.0000E+00  0.2000E+01
-101.041  0.0000E+00  0.2000E+01
-101.036  0.0000E+00  0.2000E+01
-101.031  0.0000E+00  0.2000E+01
-101.026  0.0000E+00  0.2000E+01
-101.021  0.0000E+00  0.2000E+01
-101.016  0.0000E+00  0.2000E+01
-101.011  0.0000E+00  0.2000E+01
-101.006  0.0000E+00  0.2000E+01
-101.001  0.0000E+00  0.2000E+01
-100.996  0.0000E+00  0.2000E+01
-100.991  0.0000E+00  0.2000E+01
-100.986  0.0000E+00  0.2000E+01
-100.981  0.0000E+00  0.2000E+01
-100.976  0.0000E+00  0.2000E+01
-100.971  0.0000E+00  0.2000E+01
-100.966  0.0000E+00  0.2000E+01
-100.961  0.0000E+00  0.2000E+01
-100.956  0.0000E+00  0.2000E+01
-100.951  0.0000E+00  0.2000E+01
-100.946  0.0000E+00  0.2000E+01
-100.941  0.0000E+00  0.2000E+01
-100.936  0.0000E+00  0.2000E+01
-100.931  0.0000E+00  0.2000E+01
-100.926  0.0000E+00  0.2000E+01
-100.921  0.0000E+00  0.2000E+01
-100.916  0.0000E+00  0.2000E+01
-100.911  0.0000E+00  0.2000E+01
-100.906  0.0000E+00  0.2000E+01
-100.901  0.0000E+00  0.2000E+01
-100.896  0.0000E+00  0.2000E+01
-100.891  0.0000E+00  0.2000E+01
-100.886  0.0000E+00  0.2000E+01
-100.881  0.0000E+00  0.2000E+01
-100.876  0.0000E+00  0.2000E+01
-100.871  0.0000E+00  0.2000E+01
-100.866  0.0000E+00  0.2000E+01
-100.861  0.0000E+00  0.2000E+01
-100.856  0.0000E+00  0.2000E+01
-100.851  0.0000E+00  0.2000E+01
-100.846  0.0000E+00  0.2000E+01
-100.841  0.0000E+00  0.2000E+01
-100.836  0.0000E+00  0.2000E+01
-100.831  0.0000E+00  0.2000E+01
-100.826  0.0000E+00  0.2000E+01
-100.821  0.0000E+00  0.2000E+01
-100.816  0.0000E+00  0.2000E+01
-100.811  0.0000E+00  0.2000E+01
-100.806  0.0000E+00  0.2000E+01
-100.801  0.0000E+00  0.2000E+01
-100.796  0.0000E+00  0.2000E+01
-100.791  0.0000E+00  0.2000E+01
-100.786  0.0000E+00  0.2000E+01
-100.781  0.0000E+00  0.2000E+01
-100.776  0.0000E+00  0.2000E+01
-100.771  0.0000E+00  0.2000E+01
-100.766  0.0000E+00  0.2000E+01
-100.761  0.0000E+00  0.2000E+01
-100.756  0.0000E+00  0.2000E+01
-100.751  0.0000E+00  0.2000E+01
-100.746  0.0000E+00  0.2000E+01
-100.741  0.0000E+00  0.2000E+01
-100.736  0.0000E+00  0.2000E+01
-100.731  0.0000E+00  0.2000E+01
-100.726  0.0000E+00  0.2000E+01
-100.721  0.0000E+00  0.2000E+01
-100.716  0.0000E+00  0.2000E+01
-100.711  0.0000E+00  0.2000E+01
-100.706  0.0000E+00  0.2000E+01
-100.701  0.0000E+00  0.2000E+01
-100.696  0.0000E+00  0.2000E+01
-100.691  0.0000E+00  0.2000E+01
-100.686  0.0000E+00  0.2000E+01
-100.681  0.0000E+00  0.2000E+01
-100.676  0.0000E+00  0.2000E+01
-100.671  0.0000E+00  0.2000E+01
-100.666  0.0000E+00  0.2000E+01
-100.661  0.0000E+00  0.2000E+01
-100.656  0.0000E+00  0.2000E+01
-100.651  0.0000E+00  0.2000E+01
-100.646  0.0000E+00  0.2000E+01
-100.641  0.0000E+00  0.2000E+01
-100.636  0.0000E+00  0.2000E+01
-100.631  0.0000E+00  0.2000E+01
-100.626  0.0000E+00  0.2000E+01
-100.621  0.0000E+00  0.2000E+01
-100.616  0.0000E+00  0.2000E+01
-100.611  0.0000E+00  0.2000E+01
-100.606  0.0000E+00  0.2000E+01
-100.601  0.0000E+00  0.2000E+01
-100.596  0.0000E+00  0.2000E+01
-100.591  0.0000E+00  0.2000E+01
-100.586  0.0000E+00  0.2000E+01
-100.581  0.0000E+00  0.2000E+01
-100.576  0.0000E+00  0.2000E+01
-100.571  0.0000E+00  0.2000E+01
-100.566  0.0000E+00  0.2000E+01
-100.561  0.0000E+00  0.2000E+01
-100.556  0.0000E+00  0.2000E+01
-100.551  0.0000E+00  0.2000E+01
-100.546  0.0000E+00  0.2000E+01
-100.541  0.0000E+00  0.2000E+01
-100.536  0.0000E+00  0.2000E+01
-100.531  0.0000E+00  0.2000E+01
-100.526  0.0000E+00  0.2000E+01
-100.521  0.0000E+00  0.2000E+01
-100.516  0.0000E+00  0.2000E+01
-100.511  0.0000E+00  0.2000E+01
-100.506  0.0000E+00  0.2000E+01
-100.501  0.0000E+00  0.2000E+01
-100.496  0.0000E+00  0.2000E+01
-100.491  0.0000E+00  0.2000E+01
-100.486  0.0000E+00  0.2000E+01
-100.481  0.0000E+00  0.2000E+01
-100.476  0.0000E+00  0.2000E+01
-100.471  0.0000E+00  0.2000E+01
-100.466  0.0000E+00  0.2000E+01
-100.461  0.0000E+00  0.2000E+01
-100.456  0.0000E+00  0.2000E+01
-100.451  0.0000E+00  0.2000E+01
-100.446  0.0000E+00  0.2000E+01
-100.441  0.0000E+00  0.2000E+01
-100.436  0.0000E+00  0.2000E+01
-100.431  0.0000E+00  0.2000E+01
-100.426  0.0000E+00  0.2000E+01
-100.421  0.0000E+00  0.2000E+01
-100.416  0.0000E+00  0.2000E+01
-100.411  0.0000E+00  0.2000E+01
-100.406  0.0000E+00  0.2000E+01
-100.401  0.0000E+00  0.2000E+01
-100.396  0.0000E+00  0.2000E+01
-100.391  0.0000E+00  0.2000E+01
-100.386  0.0000E+00  0.2000E+01
-100.381  0.0000E+00  0.2000E+01
-100.376  0.0000E+00  0.2000E+01
-100.371  0.0000E+00  0.2000E+01
-100.366  0.0000E+00  0.2000E+01
-100.361  0.0000E+00  0.2000E+01
-100.356  0.0000E+00  0.2000E+01
-100.351  0.0000E+00  0.2000E+01
-100.346  0.0000E+00  0.2000E+01
-100.341  0.0000E+00  0.2000E+01
-100.336  0.0000E+00  0.2000E+01
-100.331  0.0000E+00  0.2000E+01
-100.326  0.0000E+00  0.2000E+01
-100.321  0.0000E+00  0.2000E+01
-100.316  0.0000E+00  0.2000E+01
-100.311  0.0000E+00  0.2000E+01
-100.306  0.0000E+00  0.2000E+01
-100.301  0.0000E+00  0.2000E+01
-100.296  0.0000E+00  0.2000E+01
-100.291  0.0000E+00  0.2000E+01
-100.286  0.0000E+00  0.2000E+01
-100.281  0.0000E+00  0.2000E+01
-100.276  0.0000E+00  0.2000E+01
-100.271  0.0000E+00  0.2000E+01
-100.266  0.0000E+00  0.2000E+01
-100.261  0.0000E+00  0.2000E+01
-100.256  0.0000E+00  0.2000E+01
-100.251  0.0000E+00  0.2000E+01
-100.246  0.0000E+00  0.2000E+01
-100.241  0.0000E+00  0.2000E+01
-100.236  0.0000E+00  0.2000E+01
-100.231  0.0000E+00  0.2000E+01
-100.226  0.0000E+00  0.2000E+01
-100.221  0.0000E+00  0.2000E+01
-100.216  0.0000E+00  0.2000E+01
-100.211  0.0000E+00  0.2000E+01
-100.206  0.0000E+00  0.2000E+01
-100.201  0.0000E+00  0.2000E+01
-100.196  0.0000E+00  0.2000E+01
-100.191  0.0000E+00  0.2000E+01
-100.186  0.0000E+00  0.2000E+01
-100.181  0.0000E+00  0.2000E+01
-100.176  0.0000E+00  0.2000E+01
-100.171  0.0000E+00  0.2000E+01
-100.166  0.0000E+00  0.2000E+01
-100.161  0.0000E+00  0.2000E+01
-100.156  0.0000E+00  0.2000E+01
-100.151  0.0000E+00  0.2000E+01
-100.146  0.0000E+00  0.2000E+01
-100.141  0.0000E+00  0.2000E+01
-100.136  0.0000E+00  0.2000E+01
-100.131  0.0000E+00  0.2000E+01
-100.126  0.0000E+00  0.2000E+01
-100.121  0.0000E+00  0.2000E+01
-100.116  0.0000E+00  0.2000E+01
-100.111  0.0000E+00  0.2000E+01
-100.106  0.0000E+00  0.2000E+01
-100.101  0.0000E+00  0.2000E+01
-100.096  0.0000E+00  0.2000E+01
-100.091  0.0000E+00  0.2000E+01
-100.086  0.0000E+00  0.2000E+01
-100.081  0.0000E+00  0.2000E+01
-100.076  0.0000E+00  0.2000E+01
-100.071  0.0000E+00  0.2000E+01
-100.066  0.0000E+00  0.2000E+01
-100.061  0.0000E+00  0.2000E+01
-100.056  0.0000E+00  0.2000E+01
-100.051  0.0000E+00  0.2000E+01
-100.046  0.0000E+00  0.2000E+01
-100.041  0.0000E+00  0.2000E+01
-100.036  0.0000E+00  0.2000E+01
-100.031  0.0000E+00  0.2000E+01
-100.026  0.0000E+00  0.2000E+01
-100.021  0.0000E+00  0.2000E+01
-100.016  0.0000E+00  0.2000E+01
-100.011  0.0000E+00  0.2000E+01
-100.006  0.0000E+00  0.2000E+01
-100.001  0.0000E+00  0.2000E+01
 -99.996  0.0000E+00  0.2000E+01
 -99.991  0.0000E+00  0.2000E+01
 -99.986  0.0000E+00  0.2000E+01
 -99.981  0.0000E+00  0.2000E+01
 -99.976  0.0000E+00  0.2000E+01
 -99.971  0.0000E+00  0.2000E+01
 -99.966  0.0000E+00  0.2000E+01
 -99.961  0.0000E+00  0.2000E+01
 -99.956  0.0000E+00  0.2000E+01
 -99.951  0.0000E+00  0.2000E+01
 -99.946  0.0000E+00  0.2000E+01
 -99.941  0.0000E+00  0.2000E+01
 -99.936  0.0000E+00  0.2000E+01
 -99.931  0.0000E+00  0.2000E+01
 -99.926  0.0000E+00  0.2000E+01
 -99.921  0.0000E+00  0.2000E+01
 -99.916  0.0000E+00  0.2000E+01
 -99.911  0.0000E+00  0.2000E+01
 -99.906  0.0000E+00  0.2000E+01
 -99.901  0.0000E+00  0.2000E+01
 -99.896  0.0000E+00  0.2000E+01
 -99.891  0.0000E+00  0.2000E+01
 -99.886  0.0000E+00  0.2000E+01
 -99.881  0.0000E+00  0.2000E+01
 -99.876  0.0000E+00  0.2000E+01
 -99.871  0.0000E+00  0.2000E+01
 -99.866  0.0000E+00  0.2000E+01
 -99.861  0.0000E+00  0.2000E+01
 -99.856  0.0000E+00  0.2000E+01
 -99.851  0.0000E+00  0.2000E+01
 -99.846  0.0000E+00  0.2000E+01
 -99.841  0.0000E+00  0.2000E+01
 -99.836  0.0000E+00  0.2000E+01
 -99.831  0.0000E+00  0.2000E+01
 -99.826  0.0000E+00  0.2000E+01
 -99.821  0.0000E+00  0.2000E+01
 -99.816  0.0000E+00  0.2000E+01
 -99.811  0.0000E+00  0.2000E+01
 -99.806  0.0000E+00  0.2000E+01
 -99.801  0.0000E+00  0.2000E+01
 -99.796  0.0000E+00  0.2000E+01
 -99.791  0.0000E+00  0.2000E+01
 -99.786  0.0000E+00  0.2000E+01
 -99.781  0.0000E+00  0.2000E+01
 -99.776  0.0000E+00  0.2000E+01
 -99.771  0.0000E+00  0.2000E+01
 -99.766  0.0000E+00  0.2000E+01
 -99.761  0.0000E+00  0.2000E+01
 -99.756  0.0000E+00  0.2000E+01
 -99.751  0.0000E+00  0.2000E+01
 -99.746  0.0000E+00  0.2000E+01
 -99.741  0.0000E+00  0.2000E+01
 -99.736  0.0000E+00  0.2000E+01
 -99.731  0.0000E+00  0.2000E+01
 -99.726  0.0000E+00  0.2000E+01
 -99.721  0.0000E+00  0.2000E+01
 -99.716  0.0000E+00  0.2000E+01
 -99.711  0.0000E+00  0.2000E+01
 -99.706  0.0000E+00  0.2000E+01
 -99.701  0.0000E+00  0.2000E+01
 -99.696  0.0000E+00  0.2000E+01
 -99.691  0.0000E+00  0.2000E+01
 -99.686  0.0000E+00  0.2000E+01
 -99.681  0.0000E+00  0.2000E+01
 -99.676  0.0000E+00  0.2000E+01
 -99.671  0.0000E+00  0.2000E+01
 -99.666  0.0000E+00  0.2000E+01
 -99.661  0.0000E+00  0.2000E+01
 -99.656  0.0000E+00  0.2000E+01
 -99.651  0.0000E+00  0.2000E+01
 -99.646  0.0000E+00  0.2000E+01
 -99.641  0.0000E+00  0.2000E+01
 -99.636  0.0000E+00  0.2000E+01
 -99.631  0.0000E+00  0.2000E+01
 -99.626  0.0000E+00  0.2000E+01
 -99.621  0.0000E+00  0.2000E+01
 -99.616  0.0000E+00  0.2000E+01
 -99.611  0.0000E+00  0.2000E+01
 -99.606  0.0000E+00  0.2000E+01
 -99.601  0.0000E+00  0.2000E+01
 -99.596  0.0000E+00  0.2000E+01
 -99.591  0.0000E+00  0.2000E+01
 -99.586  0.0000E+00  0.2000E+01
 -99.581  0.0000E+00  0.2000E+01
 -99.576  0.0000E+00  0.2000E+01
 -99.571  0.0000E+00  0.2000E+01
 -99.566  0.0000E+00  0.2000E+01
 -99.561  0.0000E+00  0.2000E+01
 -99.556  0.0000E+00  0.2000E+01
 -99.551  0.0000E+00  0.2000E+01
 -99.546  0.0000E+00  0.2000E+01
 -99.541  0.0000E+00  0.2000E+01
 -99.536  0.0000E+00  0.2000E+01
 -99.531  0.0000E+00  0.2000E+01
 -99.526  0.0000E+00  0.2000E+01
 -99.521  0.0000E+00  0.2000E+01
 -99.516  0.0000E+00  0.2000E+01
 -99.511  0.0000E+00  0.2000E+01
 -99.506  0.0000E+00  0.2000E+01
 -99.501  0.0000E+00  0.2000E+01
 -99.496  0.0000E+00  0.2000E+01
 -99.491  0.0000E+00  0.2000E+01
 -99.486  0.0000E+00  0.2000E+01
 -99.481  0.0000E+00  0.2000E+01
 -99.476  0.0000E+00  0.2000E+01
 -99.471  0.0000E+00  0.2000E+01
 -99.466  0.0000E+00  0.2000E+01
 -99.461  0.0000E+00  0.2000E+01
 -99.456  0.0000E+00  0.2000E+01
 -99.451  0.0000E+00  0.2000E+01
 -99.446  0.0000E+00  0.2000E+01
 -99.441  0.0000E+00  0.2000E+01
 -99.436  0.0000E+00  0.2000E+01
 -99.431  0.0000E+00  0.2000E+01
 -99.426  0.0000E+00  0.2000E+01
 -99.421  0.0000E+00  0.2000E+01
 -99.416  0.0000E+00  0.2000E+01
 -99.411  0.0000E+00  0.2000E+01
 -99.406  0.0000E+00  0.2000E+01
 -99.401  0.0000E+00  0.2000E+01
 -99.396  0.0000E+00  0.2000E+01
 -99.391  0.0000E+00  0.2000E+01
 -99.386  0.0000E+00  0.2000E+01
 -99.381  0.0000E+00  0.2000E+01
 -99.376  0.0000E+00  0.2000E+01
 -99.371  0.0000E+00  0.2000E+01
 -99.366  0.0000E+00  0.2000E+01
 -99.361  0.0000E+00  0.2000E+01
 -99.356  0.0000E+00  0.2000E+01
 -99.351  0.0000E+00  0.2000E+01
 -99.346  0.0000E+00  0.2000E+01
 -99.341  0.0000E+00  0.2000E+01
 -99.336  0.0000E+00  0.2000E+01
 -99.331  0.0000E+00  0.2000E+01
 -99.326  0.0000E+00  0.2000E+01
 -99.321  0.0000E+00  0.2000E+01
 -99.316  0.0000E+00  0.2000E+01
 -99.311  0.0000E+00  0.2000E+01
 -99.306  0.0000E+00  0.2000E+01
 -99.301  0.0000E+00  0.2000E+01
 -99.296  0.0000E+00  0.2000E+01
 -99.291  0.0000E+00  0.2000E+01
 -99.286  0.0000E+00  0.2000E+01
 -99.281  0.0000E+00  0.2000E+01
 -99.276  0.0000E+00  0.2000E+01
 -99.271  0.0000E+00  0.2000E+01
 -99.266  0.0000E+00  0.2000E+01
 -99.261  0.0000E+00  0.2000E+01
 -99.256  0.0000E+00  0.2000E+01
 -99.251  0.0000E+00  0.2000E+01
 -99.246  0.0000E+00  0.2000E+01
 -99.241  0.0000E+00  0.2000E+01
 -99.236  0.0000E+00  0.2000E+01
 -99.231  0.0000E+00  0.2000E+01
 -99.226  0.0000E+00  0.2000E+01
 -99.221  0.0000E+00  0.2000E+01
 -99.216  0.0000E+00  0.2000E+01
 -99.211  0.0000E+00  0.2000E+01
 -99.206  0.0000E+00  0.2000E+01
 -99.201  0.0000E+00  0.2000E+01
 -99.196  0.0000E+00  0.2000E+01
 -99.191  0.0000E+00  0.2000E+01
 -99.186  0.0000E+00  0.2000E+01
 -99.181  0.0000E+00  0.2000E+01
 -99.176  0.0000E+00  0.2000E+01
 -99.171  0.0000E+00  0.2000E+01
 -99.166  0.0000E+00  0.2000E+01
 -99.161  0.0000E+00  0.2000E+01
 -99.156  0.0000E+00  0.2000E+01
 -99.151  0.0000E+00  0.2000E+01
 -99.146  0.0000E+00  0.2000E+01
 -99.141  0.0000E+00  0.2000E+01
 -99.136  0.0000E+00  0.2000E+01
 -99.131  0.0000E+00  0.2000E+01
 -99.126  0.0000E+00  0.2000E+01
 -99.121  0.0000E+00  0.2000E+01
 -99.116  0.0000E+00  0.2000E+01
 -99.111  0.0000E+00  0.2000E+01
 -99.106  0.0000E+00  0.2000E+01
 -99.101  0.0000E+00  0.2000E+01
 -99.096  0.0000E+00  0.2000E+01
 -99.091  0.0000E+00  0.2000E+01
 -99.086  0.0000E+00  0.2000E+01
 -99.081  0.0000E+00  0.2000E+01
 -99.076  0.0000E+00  0.2000E+01
 -99.071  0.0000E+00  0.2000E+01
 -99.066  0.0000E+00  0.2000E+01
 -99.061  0.0000E+00  0.2000E+01
 -99.056  0.0000E+00  0.2000E+01
 -99.051  0.0000E+00  0.2000E+01
 -99.046  0.0000E+00  0.2000E+01
 -99.041  0.0000E+00  0.2000E+01
 -99.036  0.0000E+00  0.2000E+01
 -99.031  0.0000E+00  0.2000E+01
 -99.026  0.0000E+00  0.2000E+01
 -99.021  0.0000E+00  0.2000E+01
 -99.016  0.0000E+00  0.2000E+01
 -99.011  0.0000E+00  0.2000E+01
 -99.006  0.0000E+00  0.2000E+01
 -99.001  0.0000E+00  0.2000E+01
 -98.996  0.0000E+00  0.2000E+01
 -98.991  0.0000E+00  0.2000E+01
 -98.986  0.0000E+00  0.2000E+01
 -98.981  0.0000E+00  0.2000E+01
 -98.976  0.0000E+00  0.2000E+01
 -98.971  0.0000E+00  0.2000E+01
 -98.966  0.0000E+00  0.2000E+01
 -98.961  0.0000E+00  0.2000E+01
 -98.956  0.0000E+00  0.2000E+01
 -98.951  0.0000E+00  0.2000E+01
 -98.946  0.0000E+00  0.2000E+01
 -98.941  0.0000E+00  0.2000E+01
 -98.936  0.0000E+00  0.2000E+01
 -98.931  0.0000E+00  0.2000E+01
 -98.926  0.0000E+00  0.2000E+01
 -98.921  0.0000E+00  0.2000E+01
 -98.916  0.0000E+00  0.2000E+01
 -98.911  0.0000E+00  0.2000E+01
 -98.906  0.0000E+00  0.2000E+01
 -98.901  0.0000E+00  0.2000E+01
 -98.896  0.0000E+00  0.2000E+01
 -98.891  0.0000E+00  0.2000E+01
 -98.886  0.0000E+00  0.2000E+01
 -98.881  0.0000E+00  0.2000E+01
 -98.876  0.0000E+00  0.2000E+01
 -98.871  0.0000E+00  0.2000E+01
 -98.866  0.0000E+00  0.2000E+01
 -98.861  0.0000E+00  0.2000E+01
 -98.856  0.0000E+00  0.2000E+01
 -98.851  0.0000E+00  0.2000E+01
 -98.846  0.0000E+00  0.2000E+01
 -98.841  0.0000E+00  0.2000E+01
 -98.836  0.0000E+00  0.2000E+01
 -98.831  0.0000E+00  0.2000E+01
 -98.826  0.0000E+00  0.2000E+01
 -98.821  0.0000E+00  0.2000E+01
 -98.816  0.0000E+00  0.2000E+01
 -98.811  0.0000E+00  0.2000E+01
 -98.806  0.0000E+00  0.2000E+01
 -98.801  0.0000E+00  0.2000E+01
 -98.796  0.0000E+00  0.2000E+01
 -98.791  0.0000E+00  0.2000E+01
 -98.786  0.0000E+00  0.2000E+01
 -98.781  0.0000E+00  0.2000E+01
 -98.776  0.0000E+00  0.2000E+01
 -98.771  0.0000E+00  0.2000E+01
 -98.766  0.0000E+00  0.2000E+01
 -98.761  0.0000E+00  0.2000E+01
 -98.756  0.0000E+00  0.2000E+01
 -98.751  0.0000E+00  0.2000E+01
 -98.746  0.0000E+00  0.2000E+01
 -98.741  0.0000E+00  0.2000E+01
 -98.736  0.0000E+00  0.2000E+01
 -98.731  0.0000E+00  0.2000E+01
 -98.726  0.0000E+00  0.2000E+01
 -98.721  0.0000E+00  0.2000E+01
 -98.716  0.0000E+00  0.2000E+01
 -98.711  0.0000E+00  0.2000E+01
 -98.706  0.0000E+00  0.2000E+01
 -98.701  0.0000E+00  0.2000E+01
 -98.696  0.0000E+00  0.2000E+01
 -98.691  0.0000E+00  0.2000E+01
 -98.686  0.0000E+00  0.2000E+01
 -98.681  0.0000E+00  0.2000E+01
 -98.676  0.0000E+00  0.2000E+01
 -98.671  0.0000E+00  0.2000E+01
 -98.666  0.0000E+00  0.2000E+01
 -98.661  0.0000E+00  0.2000E+01
 -98.656  0.0000E+00  0.2000E+01
 -98.651  0.0000E+00  0.2000E+01
 -98.646  0.0000E+00  0.2000E+01
 -98.641  0.0000E+00  0.2000E+01
 -98.636  0.0000E+00  0.2000E+01
 -98.631  0.0000E+00  0.2000E+01
 -98.626  0.0000E+00  0.2000E+01
 -98.621  0.0000E+00  0.2000E+01
 -98.616  0.0000E+00  0.2000E+01
 -98.611  0.0000E+00  0.2000E+01
 -98.606  0.0000E+00  0.2000E+01
 -98.601  0.0000E+00  0.2000E+01
 -98.596  0.0000E+00  0.2000E+01
 -98.591  0.0000E+00  0.2000E+01
 -98.586  0.0000E+00  0.2000E+01
 -98.581  0.0000E+00  0.2000E+01
 -98.576  0.0000E+00  0.2000E+01
 -98.571  0.0000E+00  0.2000E+01
 -98.566  0.0000E+00  0.2000E+01
 -98.561  0.0000E+00  0.2000E+01
 -98.556  0.0000E+00  0.2000E+01
 -98.551  0.0000E+00  0.2000E+01
 -98.546  0.0000E+00  0.2000E+01
 -98.541  0.0000E+00  0.2000E+01
 -98.536  0.0000E+00  0.2000E+01
 -98.531  0.0000E+00  0.2000E+01
 -98.526  0.0000E+00  0.2000E+01
 -98.521  0.0000E+00  0.2000E+01
 -98.516  0.0000E+00  0.2000E+01
 -98.511  0.0000E+00  0.2000E+01
 -98.506  0.0000E+00  0.2000E+01
 -98.501  0.0000E+00  0.2000E+01
 -98.496  0.0000E+00  0.2000E+01
 -98.491  0.0000E+00  0.2000E+01
 -98.486  0.0000E+00  0.2000E+01
 -98.481  0.0000E+00  0.2000E+01
 -98.476  0.0000E+00  0.2000E+01
 -98.471  0.0000E+00  0.2000E+01
 -98.466  0.0000E+00  0.2000E+01
 -98.461  0.0000E+00  0.2000E+01
 -98.456  0.0000E+00  0.2000E+01
 -98.451  0.0000E+00  0.2000E+01
 -98.446  0.0000E+00  0.2000E+01
 -98.441  0.0000E+00  0.2000E+01
 -98.436  0.0000E+00  0.2000E+01
 -98.431  0.0000E+00  0.2000E+01
 -98.426  0.0000E+00  0.2000E+01
 -98.421  0.0000E+00  0.2000E+01
 -98.416  0.0000E+00  0.2000E+01
 -98.411  0.0000E+00  0.2000E+01
 -98.406  0.0000E+00  0.2000E+01
 -98.401  0.0000E+00  0.2000E+01
 -98.396  0.0000E+00  0.2000E+01
 -98.391  0.0000E+00  0.2000E+01
 -98.386  0.0000E+00  0.2000E+01
 -98.381  0.0000E+00  0.2000E+01
 -98.376  0.0000E+00  0.2000E+01
 -98.371  0.0000E+00  0.2000E+01
 -98.366  0.0000E+00  0.2000E+01
 -98.361  0.0000E+00  0.2000E+01
 -98.356  0.0000E+00  0.2000E+01
 -98.351  0.0000E+00  0.2000E+01
 -98.346  0.0000E+00  0.2000E+01
 -98.341  0.0000E+00  0.2000E+01
 -98.336  0.0000E+00  0.2000E+01
 -98.331  0.0000E+00  0.2000E+01
 -98.326  0.0000E+00  0.2000E+01
 -98.321  0.0000E+00  0.2000E+01
 -98.316  0.0000E+00  0.2000E+01
 -98.311  0.0000E+00  0.2000E+01
 -98.306  0.0000E+00  0.2000E+01
 -98.301  0.0000E+00  0.2000E+01
 -98.296  0.0000E+00  0.2000E+01
 -98.291  0.0000E+00  0.2000E+01
 -98.286  0.0000E+00  0.2000E+01
 -98.281  0.0000E+00  0.2000E+01
 -98.276  0.0000E+00  0.2000E+01
 -98.271  0.0000E+00  0.2000E+01
 -98.266  0.0000E+00  0.2000E+01
 -98.261  0.0000E+00  0.2000E+01
 -98.256  0.0000E+00  0.2000E+01
 -98.251  0.0000E+00  0.2000E+01
 -98.246  0.0000E+00  0.2000E+01
 -98.241  0.0000E+00  0.2000E+01
 -98.236  0.0000E+00  0.2000E+01
 -98.231  0.0000E+00  0.2000E+01
 -98.226  0.0000E+00  0.2000E+01
 -98.221  0.0000E+00  0.2000E+01
 -98.216  0.0000E+00  0.2000E+01
 -98.211  0.0000E+00  0.2000E+01
 -98.206  0.0000E+00  0.2000E+01
 -98.201  0.0000E+00  0.2000E+01
 -98.196  0.0000E+00  0.2000E+01
 -98.191  0.0000E+00  0.2000E+01
 -98.186  0.0000E+00  0.2000E+01
 -98.181  0.0000E+00  0.2000E+01
 -98.176  0.0000E+00  0.2000E+01
 -98.171  0.0000E+00  0.2000E+01
 -98.166  0.0000E+00  0.2000E+01
 -98.161  0.0000E+00  0.2000E+01
 -98.156  0.0000E+00  0.2000E+01
 -98.151  0.0000E+00  0.2000E+01
 -98.146  0.0000E+00  0.2000E+01
 -98.141  0.0000E+00  0.2000E+01
 -98.136  0.0000E+00  0.2000E+01
 -98.131  0.0000E+00  0.2000E+01
 -98.126  0.0000E+00  0.2000E+01
 -98.121  0.0000E+00  0.2000E+01
 -98.116  0.0000E+00  0.2000E+01
 -98.111  0.0000E+00  0.2000E+01
 -98.106  0.0000E+00  0.2000E+01
 -98.101  0.0000E+00  0.2000E+01
 -98.096  0.0000E+00  0.2000E+01
 -98.091  0.0000E+00  0.2000E+01
 -98.086  0.0000E+00  0.2000E+01
 -98.081  0.0000E+00  0.2000E+01
 -98.076  0.0000E+00  0.2000E+01
 -98.071  0.0000E+00  0.2000E+01
 -98.066  0.0000E+00  0.2000E+01
 -98.061  0.0000E+00  0.2000E+01
 -98.056  0.0000E+00  0.2000E+01
 -98.051  0.0000E+00  0.2000E+01
 -98.046  0.0000E+00  0.2000E+01
 -98.041  0.0000E+00  0.2000E+01
 -98.036  0.0000E+00  0.2000E+01
 -98.031  0.0000E+00  0.2000E+01
 -98.026  0.0000E+00  0.2000E+01
 -98.021  0.0000E+00  0.2000E+01
 -98.016  0.0000E+00  0.2000E+01
 -98.011  0.0000E+00  0.2000E+01
 -98.006  0.0000E+00  0.2000E+01
 -98.001  0.0000E+00  0.2000E+01
 -97.996  0.0000E+00  0.2000E+01
 -97.991  0.0000E+00  0.2000E+01
 -97.986  0.0000E+00  0.2000E+01
 -97.981  0.0000E+00  0.2000E+01
 -97.976  0.0000E+00  0.2000E+01
 -97.971  0.0000E+00  0.2000E+01
 -97.966  0.0000E+00  0.2000E+01
 -97.961  0.0000E+00  0.2000E+01
 -97.956  0.0000E+00  0.2000E+01
 -97.951  0.0000E+00  0.2000E+01
 -97.946  0.0000E+00  0.2000E+01
 -97.941  0.0000E+00  0.2000E+01
 -97.936  0.0000E+00  0.2000E+01
 -97.931  0.0000E+00  0.2000E+01
 -97.926  0.0000E+00  0.2000E+01
 -97.921  0.0000E+00  0.2000E+01
 -97.916  0.0000E+00  0.2000E+01
 -97.911  0.0000E+00  0.2000E+01
 -97.906  0.0000E+00  0.2000E+01
 -97.901  0.0000E+00  0.2000E+01
 -97.896  0.0000E+00  0.2000E+01
 -97.891  0.0000E+00  0.2000E+01
 -97.886  0.0000E+00  0.2000E+01
 -97.881  0.0000E+00  0.2000E+01
 -97.876  0.0000E+00  0.2000E+01
 -97.871  0.0000E+00  0.2000E+01
 -97.866  0.0000E+00  0.2000E+01
 -97.861  0.0000E+00  0.2000E+01
 -97.856  0.0000E+00  0.2000E+01
 -97.851  0.0000E+00  0.2000E+01
 -97.846  0.0000E+00  0.2000E+01
 -97.841  0.0000E+00  0.2000E+01
 -97.836  0.0000E+00  0.2000E+01
 -97.831  0.0000E+00  0.2000E+01
 -97.826  0.0000E+00  0.2000E+01
 -97.821  0.0000E+00  0.2000E+01
 -97.816  0.0000E+00  0.2000E+01
 -97.811  0.0000E+00  0.2000E+01
 -97.806  0.0000E+00  0.2000E+01
 -97.801  0.0000E+00  0.2000E+01
 -97.796  0.0000E+00  0.2000E+01
 -97.791  0.0000E+00  0.2000E+01
 -97.786  0.0000E+00  0.2000E+01
 -97.781  0.0000E+00  0.2000E+01
 -97.776  0.0000E+00  0.2000E+01
 -97.771  0.0000E+00  0.2000E+01
 -97.766  0.0000E+00  0.2000E+01
 -97.761  0.0000E+00  0.2000E+01
 -97.756  0.0000E+00  0.2000E+01
 -97.751  0.0000E+00  0.2000E+01
 -97.746  0.0000E+00  0.2000E+01
 -97.741  0.0000E+00  0.2000E+01
 -97.736  0.0000E+00  0.2000E+01
 -97.731  0.0000E+00  0.2000E+01
 -97.726  0.0000E+00  0.2000E+01
 -97.721  0.0000E+00  0.2000E+01
 -97.716  0.0000E+00  0.2000E+01
 -97.711  0.0000E+00  0.2000E+01
 -97.706  0.0000E+00  0.2000E+01
 -97.701  0.0000E+00  0.2000E+01
 -97.696  0.0000E+00  0.2000E+01
 -97.691  0.0000E+00  0.2000E+01
 -97.686  0.0000E+00  0.2000E+01
 -97.681  0.0000E+00  0.2000E+01
 -97.676  0.0000E+00  0.2000E+01
 -97.671  0.0000E+00  0.2000E+01
 -97.666  0.0000E+00  0.2000E+01
 -97.661  0.0000E+00  0.2000E+01
 -97.656  0.0000E+00  0.2000E+01
 -97.651  0.0000E+00  0.2000E+01
 -97.646  0.0000E+00  0.2000E+01
 -97.641  0.0000E+00  0.2000E+01
 -97.636  0.0000E+00  0.2000E+01
 -97.631  0.0000E+00  0.2000E+01
 -97.626  0.0000E+00  0.2000E+01
 -97.621  0.0000E+00  0.2000E+01
 -97.616  0.0000E+00  0.2000E+01
 -97.611  0.0000E+00  0.2000E+01
 -97.606  0.0000E+00  0.2000E+01
 -97.601  0.0000E+00  0.2000E+01
 -97.596  0.0000E+00  0.2000E+01
 -97.591  0.0000E+00  0.2000E+01
 -97.586  0.0000E+00  0.2000E+01
 -97.581  0.0000E+00  0.2000E+01
 -97.576  0.0000E+00  0.2000E+01
 -97.571  0.0000E+00  0.2000E+01
 -97.566  0.0000E+00  0.2000E+01
 -97.561  0.0000E+00  0.2000E+01
 -97.556  0.0000E+00  0.2000E+01
 -97.551  0.0000E+00  0.2000E+01
 -97.546  0.0000E+00  0.2000E+01
 -97.541  0.0000E+00  0.2000E+01
 -97.536  0.0000E+00  0.2000E+01
 -97.531  0.0000E+00  0.2000E+01
 -97.526  0.0000E+00  0.2000E+01
 -97.521  0.0000E+00  0.2000E+01
 -97.516  0.0000E+00  0.2000E+01
 -97.511  0.0000E+00  0.2000E+01
 -97.506  0.0000E+00  0.2000E+01
 -97.501  0.0000E+00  0.2000E+01
 -97.496  0.0000E+00  0.2000E+01
 -97.491  0.0000E+00  0.2000E+01
 -97.486  0.0000E+00  0.2000E+01
 -97.481  0.0000E+00  0.2000E+01
 -97.476  0.0000E+00  0.2000E+01
 -97.471  0.0000E+00  0.2000E+01
 -97.466  0.0000E+00  0.2000E+01
 -97.461  0.0000E+00  0.2000E+01
 -97.456  0.0000E+00  0.2000E+01
 -97.451  0.0000E+00  0.2000E+01
 -97.446  0.0000E+00  0.2000E+01
 -97.441  0.0000E+00  0.2000E+01
 -97.436  0.0000E+00  0.2000E+01
 -97.431  0.0000E+00  0.2000E+01
 -97.426  0.0000E+00  0.2000E+01
 -97.421  0.0000E+00  0.2000E+01
 -97.416  0.0000E+00  0.2000E+01
 -97.411  0.0000E+00  0.2000E+01
 -97.406  0.0000E+00  0.2000E+01
 -97.401  0.0000E+00  0.2000E+01
 -97.396  0.0000E+00  0.2000E+01
 -97.391  0.0000E+00  0.2000E+01
 -97.386  0.0000E+00  0.2000E+01
 -97.381  0.0000E+00  0.2000E+01
 -97.376  0.0000E+00  0.2000E+01
 -97.371  0.0000E+00  0.2000E+01
 -97.366  0.0000E+00  0.2000E+01
 -97.361  0.0000E+00  0.2000E+01
 -97.356  0.0000E+00  0.2000E+01
 -97.351  0.0000E+00  0.2000E+01
 -97.346  0.0000E+00  0.2000E+01
 -97.341  0.0000E+00  0.2000E+01
 -97.336  0.0000E+00  0.2000E+01
 -97.331  0.0000E+00  0.2000E+01
 -97.326  0.0000E+00  0.2000E+01
 -97.321  0.0000E+00  0.2000E+01
 -97.316  0.0000E+00  0.2000E+01
 -97.311  0.0000E+00  0.2000E+01
 -97.306  0.0000E+00  0.2000E+01
 -97.301  0.0000E+00  0.2000E+01
 -97.296  0.0000E+00  0.2000E+01
 -97.291  0.0000E+00  0.2000E+01
 -97.286  0.0000E+00  0.2000E+01
 -97.281  0.0000E+00  0.2000E+01
 -97.276  0.0000E+00  0.2000E+01
 -97.271  0.0000E+00  0.2000E+01
 -97.266  0.0000E+00  0.2000E+01
 -97.261  0.0000E+00  0.2000E+01
 -97.256  0.0000E+00  0.2000E+01
 -97.251  0.0000E+00  0.2000E+01
 -97.246  0.0000E+00  0.2000E+01
 -97.241  0.0000E+00  0.2000E+01
 -97.236  0.0000E+00  0.2000E+01
 -97.231  0.0000E+00  0.2000E+01
 -97.226  0.0000E+00  0.2000E+01
 -97.221  0.0000E+00  0.2000E+01
 -97.216  0.0000E+00  0.2000E+01
 -97.211  0.0000E+00  0.2000E+01
 -97.206  0.0000E+00  0.2000E+01
 -97.201  0.0000E+00  0.2000E+01
 -97.196  0.0000E+00  0.2000E+01
 -97.191  0.0000E+00  0.2000E+01
 -97.186  0.0000E+00  0.2000E+01
 -97.181  0.0000E+00  0.2000E+01
 -97.176  0.0000E+00  0.2000E+01
 -97.171  0.0000E+00  0.2000E+01
 -97.166  0.0000E+00  0.2000E+01
 -97.161  0.0000E+00  0.2000E+01
 -97.156  0.0000E+00  0.2000E+01
 -97.151  0.0000E+00  0.2000E+01
 -97.146  0.0000E+00  0.2000E+01
 -97.141  0.0000E+00  0.2000E+01
 -97.136  0.0000E+00  0.2000E+01
 -97.131  0.0000E+00  0.2000E+01
 -97.126  0.0000E+00  0.2000E+01
 -97.121  0.0000E+00  0.2000E+01
 -97.116  0.0000E+00  0.2000E+01
 -97.111  0.0000E+00  0.2000E+01
 -97.106  0.0000E+00  0.2000E+01
 -97.101  0.0000E+00  0.2000E+01
 -97.096  0.0000E+00  0.2000E+01
 -97.091  0.0000E+00  0.2000E+01
 -97.086  0.0000E+00  0.2000E+01
 -97.081  0.0000E+00  0.2000E+01
 -97.076  0.0000E+00  0.2000E+01
 -97.071  0.0000E+00  0.2000E+01
 -97.066  0.0000E+00  0.2000E+01
 -97.061  0.0000E+00  0.2000E+01
 -97.056  0.0000E+00  0.2000E+01
 -97.051  0.0000E+00  0.2000E+01
 -97.046  0.0000E+00  0.2000E+01
 -97.041  0.0000E+00  0.2000E+01
 -97.036  0.0000E+00  0.2000E+01
 -97.031  0.0000E+00  0.2000E+01
 -97.026  0.0000E+00  0.2000E+01
 -97.021  0.0000E+00  0.2000E+01
 -97.016  0.0000E+00  0.2000E+01
 -97.011  0.0000E+00  0.2000E+01
 -97.006  0.0000E+00  0.2000E+01
 -97.001  0.0000E+00  0.2000E+01
 -96.996  0.0000E+00  0.2000E+01
 -96.991  0.0000E+00  0.2000E+01
 -96.986  0.0000E+00  0.2000E+01
 -96.981  0.0000E+00  0.2000E+01
 -96.976  0.0000E+00  0.2000E+01
 -96.971  0.0000E+00  0.2000E+01
 -96.966  0.0000E+00  0.2000E+01
 -96.961  0.0000E+00  0.2000E+01
 -96.956  0.0000E+00  0.2000E+01
 -96.951  0.0000E+00  0.2000E+01
 -96.946  0.0000E+00  0.2000E+01
 -96.941  0.0000E+00  0.2000E+01
 -96.936  0.0000E+00  0.2000E+01
 -96.931  0.0000E+00  0.2000E+01
 -96.926  0.0000E+00  0.2000E+01
 -96.921  0.0000E+00  0.2000E+01
 -96.916  0.0000E+00  0.2000E+01
 -96.911  0.0000E+00  0.2000E+01
 -96.906  0.0000E+00  0.2000E+01
 -96.901  0.0000E+00  0.2000E+01
 -96.896  0.0000E+00  0.2000E+01
 -96.891  0.0000E+00  0.2000E+01
 -96.886  0.0000E+00  0.2000E+01
 -96.881  0.0000E+00  0.2000E+01
 -96.876  0.0000E+00  0.2000E+01
 -96.871  0.0000E+00  0.2000E+01
 -96.866  0.0000E+00  0.2000E+01
 -96.861  0.0000E+00  0.2000E+01
 -96.856  0.0000E+00  0.2000E+01
 -96.851  0.0000E+00  0.2000E+01
 -96.846  0.0000E+00  0.2000E+01
 -96.841  0.0000E+00  0.2000E+01
 -96.836  0.0000E+00  0.2000E+01
 -96.831  0.0000E+00  0.2000E+01
 -96.826  0.0000E+00  0.2000E+01
 -96.821  0.0000E+00  0.2000E+01
 -96.816  0.0000E+00  0.2000E+01
 -96.811  0.0000E+00  0.2000E+01
 -96.806  0.0000E+00  0.2000E+01
 -96.801  0.0000E+00  0.2000E+01
 -96.796  0.0000E+00  0.2000E+01
 -96.791  0.0000E+00  0.2000E+01
 -96.786  0.0000E+00  0.2000E+01
 -96.781  0.0000E+00  0.2000E+01
 -96.776  0.0000E+00  0.2000E+01
 -96.771  0.0000E+00  0.2000E+01
 -96.766  0.0000E+00  0.2000E+01
 -96.761  0.0000E+00  0.2000E+01
 -96.756  0.0000E+00  0.2000E+01
 -96.751  0.0000E+00  0.2000E+01
 -96.746  0.0000E+00  0.2000E+01
 -96.741  0.0000E+00  0.2000E+01
 -96.736  0.0000E+00  0.2000E+01
 -96.731  0.0000E+00  0.2000E+01
 -96.726  0.0000E+00  0.2000E+01
 -96.721  0.0000E+00  0.2000E+01
 -96.716  0.0000E+00  0.2000E+01
 -96.711  0.0000E+00  0.2000E+01
 -96.706  0.0000E+00  0.2000E+01
 -96.701  0.0000E+00  0.2000E+01
 -96.696  0.0000E+00  0.2000E+01
 -96.691  0.0000E+00  0.2000E+01
 -96.686  0.0000E+00  0.2000E+01
 -96.681  0.0000E+00  0.2000E+01
 -96.676  0.0000E+00  0.2000E+01
 -96.671  0.0000E+00  0.2000E+01
 -96.666  0.0000E+00  0.2000E+01
 -96.661  0.0000E+00  0.2000E+01
 -96.656  0.0000E+00  0.2000E+01
 -96.651  0.0000E+00  0.2000E+01
 -96.646  0.0000E+00  0.2000E+01
 -96.641  0.0000E+00  0.2000E+01
 -96.636  0.0000E+00  0.2000E+01
 -96.631  0.0000E+00  0.2000E+01
 -96.626  0.0000E+00  0.2000E+01
 -96.621  0.0000E+00  0.2000E+01
 -96.616  0.0000E+00  0.2000E+01
 -96.611  0.0000E+00  0.2000E+01
 -96.606  0.0000E+00  0.2000E+01
 -96.601  0.0000E+00  0.2000E+01
 -96.596  0.0000E+00  0.2000E+01
 -96.591  0.0000E+00  0.2000E+01
 -96.586  0.0000E+00  0.2000E+01
 -96.581  0.0000E+00  0.2000E+01
 -96.576  0.0000E+00  0.2000E+01
 -96.571  0.0000E+00  0.2000E+01
 -96.566  0.0000E+00  0.2000E+01
 -96.561  0.0000E+00  0.2000E+01
 -96.556  0.0000E+00  0.2000E+01
 -96.551  0.0000E+00  0.2000E+01
 -96.546  0.0000E+00  0.2000E+01
 -96.541  0.0000E+00  0.2000E+01
 -96.536  0.0000E+00  0.2000E+01
 -96.531  0.0000E+00  0.2000E+01
 -96.526  0.0000E+00  0.2000E+01
 -96.521  0.0000E+00  0.2000E+01
 -96.516  0.0000E+00  0.2000E+01
 -96.511  0.0000E+00  0.2000E+01
 -96.506  0.0000E+00  0.2000E+01
 -96.501  0.0000E+00  0.2000E+01
 -96.496  0.0000E+00  0.2000E+01
 -96.491  0.0000E+00  0.2000E+01
 -96.486  0.0000E+00  0.2000E+01
 -96.481  0.0000E+00  0.2000E+01
 -96.476  0.0000E+00  0.2000E+01
 -96.471  0.0000E+00  0.2000E+01
 -96.466  0.0000E+00  0.2000E+01
 -96.461  0.0000E+00  0.2000E+01
 -96.456  0.0000E+00  0.2000E+01
 -96.451  0.0000E+00  0.2000E+01
 -96.446  0.0000E+00  0.2000E+01
 -96.441  0.0000E+00  0.2000E+01
 -96.436  0.0000E+00  0.2000E+01
 -96.431  0.0000E+00  0.2000E+01
 -96.426  0.0000E+00  0.2000E+01
 -96.421  0.0000E+00  0.2000E+01
 -96.416  0.0000E+00  0.2000E+01
 -96.411  0.0000E+00  0.2000E+01
 -96.406  0.0000E+00  0.2000E+01
 -96.401  0.0000E+00  0.2000E+01
 -96.396  0.0000E+00  0.2000E+01
 -96.391  0.0000E+00  0.2000E+01
 -96.386  0.0000E+00  0.2000E+01
 -96.381  0.0000E+00  0.2000E+01
 -96.376  0.0000E+00  0.2000E+01
 -96.371  0.0000E+00  0.2000E+01
 -96.366  0.0000E+00  0.2000E+01
 -96.361  0.0000E+00  0.2000E+01
 -96.356  0.0000E+00  0.2000E+01
 -96.351  0.0000E+00  0.2000E+01
 -96.346  0.0000E+00  0.2000E+01
 -96.341  0.0000E+00  0.2000E+01
 -96.336  0.0000E+00  0.2000E+01
 -96.331  0.0000E+00  0.2000E+01
 -96.326  0.0000E+00  0.2000E+01
 -96.321  0.0000E+00  0.2000E+01
 -96.316  0.0000E+00  0.2000E+01
 -96.311  0.0000E+00  0.2000E+01
 -96.306  0.0000E+00  0.2000E+01
 -96.301  0.0000E+00  0.2000E+01
 -96.296  0.0000E+00  0.2000E+01
 -96.291  0.0000E+00  0.2000E+01
 -96.286  0.0000E+00  0.2000E+01
 -96.281  0.0000E+00  0.2000E+01
 -96.276  0.0000E+00  0.2000E+01
 -96.271  0.0000E+00  0.2000E+01
 -96.266  0.0000E+00  0.2000E+01
 -96.261  0.0000E+00  0.2000E+01
 -96.256  0.0000E+00  0.2000E+01
 -96.251  0.0000E+00  0.2000E+01
 -96.246  0.0000E+00  0.2000E+01
 -96.241  0.0000E+00  0.2000E+01
 -96.236  0.0000E+00  0.2000E+01
 -96.231  0.0000E+00  0.2000E+01
 -96.226  0.0000E+00  0.2000E+01
 -96.221  0.0000E+00  0.2000E+01
 -96.216  0.0000E+00  0.2000E+01
 -96.211  0.0000E+00  0.2000E+01
 -96.206  0.0000E+00  0.2000E+01
 -96.201  0.0000E+00  0.2000E+01
 -96.196  0.0000E+00  0.2000E+01
 -96.191  0.0000E+00  0.2000E+01
 -96.186  0.0000E+00  0.2000E+01
 -96.181  0.0000E+00  0.2000E+01
 -96.176  0.0000E+00  0.2000E+01
 -96.171  0.0000E+00  0.2000E+01
 -96.166  0.0000E+00  0.2000E+01
 -96.161  0.0000E+00  0.2000E+01
 -96.156  0.0000E+00  0.2000E+01
 -96.151  0.0000E+00  0.2000E+01
 -96.146  0.0000E+00  0.2000E+01
 -96.141  0.0000E+00  0.2000E+01
 -96.136  0.0000E+00  0.2000E+01
 -96.131  0.0000E+00  0.2000E+01
 -96.126  0.0000E+00  0.2000E+01
 -96.121  0.0000E+00  0.2000E+01
 -96.116  0.0000E+00  0.2000E+01
 -96.111  0.0000E+00  0.2000E+01
 -96.106  0.0000E+00  0.2000E+01
 -96.101  0.0000E+00  0.2000E+01
 -96.096  0.0000E+00  0.2000E+01
 -96.091  0.0000E+00  0.2000E+01
 -96.086  0.0000E+00  0.2000E+01
 -96.081  0.0000E+00  0.2000E+01
 -96.076  0.0000E+00  0.2000E+01
 -96.071  0.0000E+00  0.2000E+01
 -96.066  0.0000E+00  0.2000E+01
 -96.061  0.0000E+00  0.2000E+01
 -96.056  0.0000E+00  0.2000E+01
 -96.051  0.0000E+00  0.2000E+01
 -96.046  0.0000E+00  0.2000E+01
 -96.041  0.0000E+00  0.2000E+01
 -96.036  0.0000E+00  0.2000E+01
 -96.031  0.0000E+00  0.2000E+01
 -96.026  0.0000E+00  0.2000E+01
 -96.021  0.0000E+00  0.2000E+01
 -96.016  0.0000E+00  0.2000E+01
 -96.011  0.0000E+00  0.2000E+01
 -96.006  0.0000E+00  0.2000E+01
 -96.001  0.0000E+00  0.2000E+01
 -95.996  0.0000E+00  0.2000E+01
 -95.991  0.0000E+00  0.2000E+01
 -95.986  0.0000E+00  0.2000E+01
 -95.981  0.0000E+00  0.2000E+01
 -95.976  0.0000E+00  0.2000E+01
 -95.971  0.0000E+00  0.2000E+01
 -95.966  0.0000E+00  0.2000E+01
 -95.961  0.0000E+00  0.2000E+01
 -95.956  0.0000E+00  0.2000E+01
 -95.951  0.0000E+00  0.2000E+01
 -95.946  0.0000E+00  0.2000E+01
 -95.941  0.0000E+00  0.2000E+01
 -95.936  0.0000E+00  0.2000E+01
 -95.931  0.0000E+00  0.2000E+01
 -95.926  0.0000E+00  0.2000E+01
 -95.921  0.0000E+00  0.2000E+01
 -95.916  0.0000E+00  0.2000E+01
 -95.911  0.0000E+00  0.2000E+01
 -95.906  0.0000E+00  0.2000E+01
 -95.901  0.0000E+00  0.2000E+01
 -95.896  0.0000E+00  0.2000E+01
 -95.891  0.0000E+00  0.2000E+01
 -95.886  0.0000E+00  0.2000E+01
 -95.881  0.0000E+00  0.2000E+01
 -95.876  0.0000E+00  0.2000E+01
 -95.871  0.0000E+00  0.2000E+01
 -95.866  0.0000E+00  0.2000E+01
 -95.861  0.0000E+00  0.2000E+01
 -95.856  0.0000E+00  0.2000E+01
 -95.851  0.0000E+00  0.2000E+01
 -95.846  0.0000E+00  0.2000E+01
 -95.841  0.0000E+00  0.2000E+01
 -95.836  0.0000E+00  0.2000E+01
 -95.831  0.0000E+00  0.2000E+01
 -95.826  0.0000E+00  0.2000E+01
 -95.821  0.0000E+00  0.2000E+01
 -95.816  0.0000E+00  0.2000E+01
 -95.811  0.0000E+00  0.2000E+01
 -95.806  0.0000E+00  0.2000E+01
 -95.801  0.0000E+00  0.2000E+01
 -95.796  0.0000E+00  0.2000E+01
 -95.791  0.0000E+00  0.2000E+01
 -95.786  0.0000E+00  0.2000E+01
 -95.781  0.0000E+00  0.2000E+01
 -95.776  0.0000E+00  0.2000E+01
 -95.771  0.0000E+00  0.2000E+01
 -95.766  0.0000E+00  0.2000E+01
 -95.761  0.0000E+00  0.2000E+01
 -95.756  0.0000E+00  0.2000E+01
 -95.751  0.0000E+00  0.2000E+01
 -95.746  0.0000E+00  0.2000E+01
 -95.741  0.0000E+00  0.2000E+01
 -95.736  0.0000E+00  0.2000E+01
 -95.731  0.0000E+00  0.2000E+01
 -95.726  0.0000E+00  0.2000E+01
 -95.721  0.0000E+00  0.2000E+01
 -95.716  0.0000E+00  0.2000E+01
 -95.711  0.0000E+00  0.2000E+01
 -95.706  0.0000E+00  0.2000E+01
 -95.701  0.0000E+00  0.2000E+01
 -95.696  0.0000E+00  0.2000E+01
 -95.691  0.0000E+00  0.2000E+01
 -95.686  0.0000E+00  0.2000E+01
 -95.681  0.0000E+00  0.2000E+01
 -95.676  0.0000E+00  0.2000E+01
 -95.671  0.0000E+00  0.2000E+01
 -95.666  0.0000E+00  0.2000E+01
 -95.661  0.0000E+00  0.2000E+01
 -95.656  0.0000E+00  0.2000E+01
 -95.651  0.0000E+00  0.2000E+01
 -95.646  0.0000E+00  0.2000E+01
 -95.641  0.0000E+00  0.2000E+01
 -95.636  0.0000E+00  0.2000E+01
 -95.631  0.0000E+00  0.2000E+01
 -95.626  0.0000E+00  0.2000E+01
 -95.621  0.0000E+00  0.2000E+01
 -95.616  0.0000E+00  0.2000E+01
 -95.611  0.0000E+00  0.2000E+01
 -95.606  0.0000E+00  0.2000E+01
 -95.601  0.0000E+00  0.2000E+01
 -95.596  0.0000E+00  0.2000E+01
 -95.591  0.0000E+00  0.2000E+01
 -95.586  0.0000E+00  0.2000E+01
 -95.581  0.0000E+00  0.2000E+01
 -95.576  0.0000E+00  0.2000E+01
 -95.571  0.0000E+00  0.2000E+01
 -95.566  0.0000E+00  0.2000E+01
 -95.561  0.0000E+00  0.2000E+01
 -95.556  0.0000E+00  0.2000E+01
 -95.551  0.0000E+00  0.2000E+01
 -95.546  0.0000E+00  0.2000E+01
 -95.541  0.0000E+00  0.2000E+01
 -95.536  0.0000E+00  0.2000E+01
 -95.531  0.0000E+00  0.2000E+01
 -95.526  0.0000E+00  0.2000E+01
 -95.521  0.0000E+00  0.2000E+01
 -95.516  0.0000E+00  0.2000E+01
 -95.511  0.0000E+00  0.2000E+01
 -95.506  0.0000E+00  0.2000E+01
 -95.501  0.0000E+00  0.2000E+01
 -95.496  0.0000E+00  0.2000E+01
 -95.491  0.0000E+00  0.2000E+01
 -95.486  0.0000E+00  0.2000E+01
 -95.481  0.0000E+00  0.2000E+01
 -95.476  0.0000E+00  0.2000E+01
 -95.471  0.0000E+00  0.2000E+01
 -95.466  0.0000E+00  0.2000E+01
 -95.461  0.0000E+00  0.2000E+01
 -95.456  0.0000E+00  0.2000E+01
 -95.451  0.0000E+00  0.2000E+01
 -95.446  0.0000E+00  0.2000E+01
 -95.441  0.0000E+00  0.2000E+01
 -95.436  0.0000E+00  0.2000E+01
 -95.431  0.0000E+00  0.2000E+01
 -95.426  0.0000E+00  0.2000E+01
 -95.421  0.0000E+00  0.2000E+01
 -95.416  0.0000E+00  0.2000E+01
 -95.411  0.0000E+00  0.2000E+01
 -95.406  0.0000E+00  0.2000E+01
 -95.401  0.0000E+00  0.2000E+01
 -95.396  0.0000E+00  0.2000E+01
 -95.391  0.0000E+00  0.2000E+01
 -95.386  0.0000E+00  0.2000E+01
 -95.381  0.0000E+00  0.2000E+01
 -95.376  0.0000E+00  0.2000E+01
 -95.371  0.0000E+00  0.2000E+01
 -95.366  0.0000E+00  0.2000E+01
 -95.361  0.0000E+00  0.2000E+01
 -95.356  0.0000E+00  0.2000E+01
 -95.351  0.0000E+00  0.2000E+01
 -95.346  0.0000E+00  0.2000E+01
 -95.341  0.0000E+00  0.2000E+01
 -95.336  0.0000E+00  0.2000E+01
 -95.331  0.0000E+00  0.2000E+01
 -95.326  0.0000E+00  0.2000E+01
 -95.321  0.0000E+00  0.2000E+01
 -95.316  0.0000E+00  0.2000E+01
 -95.311  0.0000E+00  0.2000E+01
 -95.306  0.0000E+00  0.2000E+01
 -95.301  0.0000E+00  0.2000E+01
 -95.296  0.0000E+00  0.2000E+01
 -95.291  0.0000E+00  0.2000E+01
 -95.286  0.0000E+00  0.2000E+01
 -95.281  0.0000E+00  0.2000E+01
 -95.276  0.0000E+00  0.2000E+01
 -95.271  0.0000E+00  0.2000E+01
 -95.266  0.0000E+00  0.2000E+01
 -95.261  0.0000E+00  0.2000E+01
 -95.256  0.0000E+00  0.2000E+01
 -95.251  0.0000E+00  0.2000E+01
 -95.246  0.0000E+00  0.2000E+01
 -95.241  0.0000E+00  0.2000E+01
 -95.236  0.0000E+00  0.2000E+01
 -95.231  0.0000E+00  0.2000E+01
 -95.226  0.0000E+00  0.2000E+01
 -95.221  0.0000E+00  0.2000E+01
 -95.216  0.0000E+00  0.2000E+01
 -95.211  0.0000E+00  0.2000E+01
 -95.206  0.0000E+00  0.2000E+01
 -95.201  0.0000E+00  0.2000E+01
 -95.196  0.0000E+00  0.2000E+01
 -95.191  0.0000E+00  0.2000E+01
 -95.186  0.0000E+00  0.2000E+01
 -95.181  0.0000E+00  0.2000E+01
 -95.176  0.0000E+00  0.2000E+01
 -95.171  0.0000E+00  0.2000E+01
 -95.166  0.0000E+00  0.2000E+01
 -95.161  0.0000E+00  0.2000E+01
 -95.156  0.0000E+00  0.2000E+01
 -95.151  0.0000E+00  0.2000E+01
 -95.146  0.0000E+00  0.2000E+01
 -95.141  0.0000E+00  0.2000E+01
 -95.136  0.0000E+00  0.2000E+01
 -95.131  0.0000E+00  0.2000E+01
 -95.126  0.0000E+00  0.2000E+01
 -95.121  0.0000E+00  0.2000E+01
 -95.116  0.0000E+00  0.2000E+01
 -95.111  0.0000E+00  0.2000E+01
 -95.106  0.0000E+00  0.2000E+01
 -95.101  0.0000E+00  0.2000E+01
 -95.096  0.0000E+00  0.2000E+01
 -95.091  0.0000E+00  0.2000E+01
 -95.086  0.0000E+00  0.2000E+01
 -95.081  0.0000E+00  0.2000E+01
 -95.076  0.0000E+00  0.2000E+01
 -95.071  0.0000E+00  0.2000E+01
 -95.066  0.0000E+00  0.2000E+01
 -95.061  0.0000E+00  0.2000E+01
 -95.056  0.0000E+00  0.2000E+01
 -95.051  0.0000E+00  0.2000E+01
 -95.046  0.0000E+00  0.2000E+01
 -95.041  0.0000E+00  0.2000E+01
 -95.036  0.0000E+00  0.2000E+01
 -95.031  0.0000E+00  0.2000E+01
 -95.026  0.0000E+00  0.2000E+01
 -95.021  0.0000E+00  0.2000E+01
 -95.016  0.0000E+00  0.2000E+01
 -95.011  0.0000E+00  0.2000E+01
 -95.006  0.0000E+00  0.2000E+01
 -95.001  0.0000E+00  0.2000E+01
 -94.996  0.0000E+00  0.2000E+01
 -94.991  0.0000E+00  0.2000E+01
 -94.986  0.0000E+00  0.2000E+01
 -94.981  0.0000E+00  0.2000E+01
 -94.976  0.0000E+00  0.2000E+01
 -94.971  0.0000E+00  0.2000E+01
 -94.966  0.0000E+00  0.2000E+01
 -94.961  0.0000E+00  0.2000E+01
 -94.956  0.0000E+00  0.2000E+01
 -94.951  0.0000E+00  0.2000E+01
 -94.946  0.0000E+00  0.2000E+01
 -94.941  0.0000E+00  0.2000E+01
 -94.936  0.0000E+00  0.2000E+01
 -94.931  0.0000E+00  0.2000E+01
 -94.926  0.0000E+00  0.2000E+01
 -94.921  0.0000E+00  0.2000E+01
 -94.916  0.0000E+00  0.2000E+01
 -94.911  0.0000E+00  0.2000E+01
 -94.906  0.0000E+00  0.2000E+01
 -94.901  0.0000E+00  0.2000E+01
 -94.896  0.0000E+00  0.2000E+01
 -94.891  0.0000E+00  0.2000E+01
 -94.886  0.0000E+00  0.2000E+01
 -94.881  0.0000E+00  0.2000E+01
 -94.876  0.0000E+00  0.2000E+01
 -94.871  0.0000E+00  0.2000E+01
 -94.866  0.0000E+00  0.2000E+01
 -94.861  0.0000E+00  0.2000E+01
 -94.856  0.0000E+00  0.2000E+01
 -94.851  0.0000E+00  0.2000E+01
 -94.846  0.0000E+00  0.2000E+01
 -94.841  0.0000E+00  0.2000E+01
 -94.836  0.0000E+00  0.2000E+01
 -94.831  0.0000E+00  0.2000E+01
 -94.826  0.0000E+00  0.2000E+01
 -94.821  0.0000E+00  0.2000E+01
 -94.816  0.0000E+00  0.2000E+01
 -94.811  0.0000E+00  0.2000E+01
 -94.806  0.0000E+00  0.2000E+01
 -94.801  0.0000E+00  0.2000E+01
 -94.796  0.0000E+00  0.2000E+01
 -94.791  0.0000E+00  0.2000E+01
 -94.786  0.0000E+00  0.2000E+01
 -94.781  0.0000E+00  0.2000E+01
 -94.776  0.0000E+00  0.2000E+01
 -94.771  0.0000E+00  0.2000E+01
 -94.766  0.0000E+00  0.2000E+01
 -94.761  0.0000E+00  0.2000E+01
 -94.756  0.0000E+00  0.2000E+01
 -94.751  0.0000E+00  0.2000E+01
 -94.746  0.0000E+00  0.2000E+01
 -94.741  0.0000E+00  0.2000E+01
 -94.736  0.0000E+00  0.2000E+01
 -94.731  0.0000E+00  0.2000E+01
 -94.726  0.0000E+00  0.2000E+01
 -94.721  0.0000E+00  0.2000E+01
 -94.716  0.0000E+00  0.2000E+01
 -94.711  0.0000E+00  0.2000E+01
 -94.706  0.0000E+00  0.2000E+01
 -94.701  0.0000E+00  0.2000E+01
 -94.696  0.0000E+00  0.2000E+01
 -94.691  0.0000E+00  0.2000E+01
 -94.686  0.0000E+00  0.2000E+01
 -94.681  0.0000E+00  0.2000E+01
 -94.676  0.0000E+00  0.2000E+01
 -94.671  0.0000E+00  0.2000E+01
 -94.666  0.0000E+00  0.2000E+01
 -94.661  0.0000E+00  0.2000E+01
 -94.656  0.0000E+00  0.2000E+01
 -94.651  0.0000E+00  0.2000E+01
 -94.646  0.0000E+00  0.2000E+01
 -94.641  0.0000E+00  0.2000E+01
 -94.636  0.0000E+00  0.2000E+01
 -94.631  0.0000E+00  0.2000E+01
 -94.626  0.0000E+00  0.2000E+01
 -94.621  0.0000E+00  0.2000E+01
 -94.616  0.0000E+00  0.2000E+01
 -94.611  0.0000E+00  0.2000E+01
 -94.606  0.0000E+00  0.2000E+01
 -94.601  0.0000E+00  0.2000E+01
 -94.596  0.0000E+00  0.2000E+01
 -94.591  0.0000E+00  0.2000E+01
 -94.586  0.0000E+00  0.2000E+01
 -94.581  0.0000E+00  0.2000E+01
 -94.576  0.0000E+00  0.2000E+01
 -94.571  0.0000E+00  0.2000E+01
 -94.566  0.0000E+00  0.2000E+01
 -94.561  0.0000E+00  0.2000E+01
 -94.556  0.0000E+00  0.2000E+01
 -94.551  0.0000E+00  0.2000E+01
 -94.546  0.0000E+00  0.2000E+01
 -94.541  0.0000E+00  0.2000E+01
 -94.536  0.0000E+00  0.2000E+01
 -94.531  0.0000E+00  0.2000E+01
 -94.526  0.0000E+00  0.2000E+01
 -94.521  0.0000E+00  0.2000E+01
 -94.516  0.0000E+00  0.2000E+01
 -94.511  0.0000E+00  0.2000E+01
 -94.506  0.0000E+00  0.2000E+01
 -94.501  0.0000E+00  0.2000E+01
 -94.496  0.0000E+00  0.2000E+01
 -94.491  0.0000E+00  0.2000E+01
 -94.486  0.0000E+00  0.2000E+01
 -94.481  0.0000E+00  0.2000E+01
 -94.476  0.0000E+00  0.2000E+01
 -94.471  0.0000E+00  0.2000E+01
 -94.466  0.0000E+00  0.2000E+01
 -94.461  0.0000E+00  0.2000E+01
 -94.456  0.0000E+00  0.2000E+01
 -94.451  0.0000E+00  0.2000E+01
 -94.446  0.0000E+00  0.2000E+01
 -94.441  0.0000E+00  0.2000E+01
 -94.436  0.0000E+00  0.2000E+01
 -94.431  0.0000E+00  0.2000E+01
 -94.426  0.0000E+00  0.2000E+01
 -94.421  0.0000E+00  0.2000E+01
 -94.416  0.0000E+00  0.2000E+01
 -94.411  0.0000E+00  0.2000E+01
 -94.406  0.0000E+00  0.2000E+01
 -94.401  0.0000E+00  0.2000E+01
 -94.396  0.0000E+00  0.2000E+01
 -94.391  0.0000E+00  0.2000E+01
 -94.386  0.0000E+00  0.2000E+01
 -94.381  0.0000E+00  0.2000E+01
 -94.376  0.0000E+00  0.2000E+01
 -94.371  0.0000E+00  0.2000E+01
 -94.366  0.0000E+00  0.2000E+01
 -94.361  0.0000E+00  0.2000E+01
 -94.356  0.0000E+00  0.2000E+01
 -94.351  0.0000E+00  0.2000E+01
 -94.346  0.0000E+00  0.2000E+01
 -94.341  0.0000E+00  0.2000E+01
 -94.336  0.0000E+00  0.2000E+01
 -94.331  0.0000E+00  0.2000E+01
 -94.326  0.0000E+00  0.2000E+01
 -94.321  0.0000E+00  0.2000E+01
 -94.316  0.0000E+00  0.2000E+01
 -94.311  0.0000E+00  0.2000E+01
 -94.306  0.0000E+00  0.2000E+01
 -94.301  0.0000E+00  0.2000E+01
 -94.296  0.0000E+00  0.2000E+01
 -94.291  0.0000E+00  0.2000E+01
 -94.286  0.0000E+00  0.2000E+01
 -94.281  0.0000E+00  0.2000E+01
 -94.276  0.0000E+00  0.2000E+01
 -94.271  0.0000E+00  0.2000E+01
 -94.266  0.0000E+00  0.2000E+01
 -94.261  0.0000E+00  0.2000E+01
 -94.256  0.0000E+00  0.2000E+01
 -94.251  0.0000E+00  0.2000E+01
 -94.246  0.0000E+00  0.2000E+01
 -94.241  0.0000E+00  0.2000E+01
 -94.236  0.0000E+00  0.2000E+01
 -94.231  0.0000E+00  0.2000E+01
 -94.226  0.0000E+00  0.2000E+01
 -94.221  0.0000E+00  0.2000E+01
 -94.216  0.0000E+00  0.2000E+01
 -94.211  0.0000E+00  0.2000E+01
 -94.206  0.0000E+00  0.2000E+01
 -94.201  0.0000E+00  0.2000E+01
 -94.196  0.0000E+00  0.2000E+01
 -94.191  0.0000E+00  0.2000E+01
 -94.186  0.0000E+00  0.2000E+01
 -94.181  0.0000E+00  0.2000E+01
 -94.176  0.0000E+00  0.2000E+01
 -94.171  0.0000E+00  0.2000E+01
 -94.166  0.0000E+00  0.2000E+01
 -94.161  0.0000E+00  0.2000E+01
 -94.156  0.0000E+00  0.2000E+01
 -94.151  0.0000E+00  0.2000E+01
 -94.146  0.0000E+00  0.2000E+01
 -94.141  0.0000E+00  0.2000E+01
 -94.136  0.0000E+00  0.2000E+01
 -94.131  0.0000E+00  0.2000E+01
 -94.126  0.0000E+00  0.2000E+01
 -94.121  0.0000E+00  0.2000E+01
 -94.116  0.0000E+00  0.2000E+01
 -94.111  0.0000E+00  0.2000E+01
 -94.106  0.0000E+00  0.2000E+01
 -94.101  0.0000E+00  0.2000E+01
 -94.096  0.0000E+00  0.2000E+01
 -94.091  0.0000E+00  0.2000E+01
 -94.086  0.0000E+00  0.2000E+01
 -94.081  0.0000E+00  0.2000E+01
 -94.076  0.0000E+00  0.2000E+01
 -94.071  0.0000E+00  0.2000E+01
 -94.066  0.0000E+00  0.2000E+01
 -94.061  0.0000E+00  0.2000E+01
 -94.056  0.0000E+00  0.2000E+01
 -94.051  0.0000E+00  0.2000E+01
 -94.046  0.0000E+00  0.2000E+01
 -94.041  0.0000E+00  0.2000E+01
 -94.036  0.0000E+00  0.2000E+01
 -94.031  0.0000E+00  0.2000E+01
 -94.026  0.0000E+00  0.2000E+01
 -94.021  0.0000E+00  0.2000E+01
 -94.016  0.0000E+00  0.2000E+01
 -94.011  0.0000E+00  0.2000E+01
 -94.006  0.0000E+00  0.2000E+01
 -94.001  0.0000E+00  0.2000E+01
 -93.996  0.0000E+00  0.2000E+01
 -93.991  0.0000E+00  0.2000E+01
 -93.986  0.0000E+00  0.2000E+01
 -93.981  0.0000E+00  0.2000E+01
 -93.976  0.0000E+00  0.2000E+01
 -93.971  0.0000E+00  0.2000E+01
 -93.966  0.0000E+00  0.2000E+01
 -93.961  0.0000E+00  0.2000E+01
 -93.956  0.0000E+00  0.2000E+01
 -93.951  0.0000E+00  0.2000E+01
 -93.946  0.0000E+00  0.2000E+01
 -93.941  0.0000E+00  0.2000E+01
 -93.936  0.0000E+00  0.2000E+01
 -93.931  0.0000E+00  0.2000E+01
 -93.926  0.0000E+00  0.2000E+01
 -93.921  0.0000E+00  0.2000E+01
 -93.916  0.0000E+00  0.2000E+01
 -93.911  0.0000E+00  0.2000E+01
 -93.906  0.0000E+00  0.2000E+01
 -93.901  0.0000E+00  0.2000E+01
 -93.896  0.0000E+00  0.2000E+01
 -93.891  0.0000E+00  0.2000E+01
 -93.886  0.0000E+00  0.2000E+01
 -93.881  0.0000E+00  0.2000E+01
 -93.876  0.0000E+00  0.2000E+01
 -93.871  0.0000E+00  0.2000E+01
 -93.866  0.0000E+00  0.2000E+01
 -93.861  0.0000E+00  0.2000E+01
 -93.856  0.0000E+00  0.2000E+01
 -93.851  0.0000E+00  0.2000E+01
 -93.846  0.0000E+00  0.2000E+01
 -93.841  0.0000E+00  0.2000E+01
 -93.836  0.0000E+00  0.2000E+01
 -93.831  0.0000E+00  0.2000E+01
 -93.826  0.0000E+00  0.2000E+01
 -93.821  0.0000E+00  0.2000E+01
 -93.816  0.0000E+00  0.2000E+01
 -93.811  0.0000E+00  0.2000E+01
 -93.806  0.0000E+00  0.2000E+01
 -93.801  0.0000E+00  0.2000E+01
 -93.796  0.0000E+00  0.2000E+01
 -93.791  0.0000E+00  0.2000E+01
 -93.786  0.0000E+00  0.2000E+01
 -93.781  0.0000E+00  0.2000E+01
 -93.776  0.0000E+00  0.2000E+01
 -93.771  0.0000E+00  0.2000E+01
 -93.766  0.0000E+00  0.2000E+01
 -93.761  0.0000E+00  0.2000E+01
 -93.756  0.0000E+00  0.2000E+01
 -93.751  0.0000E+00  0.2000E+01
 -93.746  0.0000E+00  0.2000E+01
 -93.741  0.0000E+00  0.2000E+01
 -93.736  0.0000E+00  0.2000E+01
 -93.731  0.0000E+00  0.2000E+01
 -93.726  0.0000E+00  0.2000E+01
 -93.721  0.0000E+00  0.2000E+01
 -93.716  0.0000E+00  0.2000E+01
 -93.711  0.0000E+00  0.2000E+01
 -93.706  0.0000E+00  0.2000E+01
 -93.701  0.0000E+00  0.2000E+01
 -93.696  0.0000E+00  0.2000E+01
 -93.691  0.0000E+00  0.2000E+01
 -93.686  0.0000E+00  0.2000E+01
 -93.681  0.0000E+00  0.2000E+01
 -93.676  0.0000E+00  0.2000E+01
 -93.671  0.0000E+00  0.2000E+01
 -93.666  0.0000E+00  0.2000E+01
 -93.661  0.0000E+00  0.2000E+01
 -93.656  0.0000E+00  0.2000E+01
 -93.651  0.0000E+00  0.2000E+01
 -93.646  0.0000E+00  0.2000E+01
 -93.641  0.0000E+00  0.2000E+01
 -93.636  0.0000E+00  0.2000E+01
 -93.631  0.0000E+00  0.2000E+01
 -93.626  0.0000E+00  0.2000E+01
 -93.621  0.0000E+00  0.2000E+01
 -93.616  0.0000E+00  0.2000E+01
 -93.611  0.0000E+00  0.2000E+01
 -93.606  0.0000E+00  0.2000E+01
 -93.601  0.0000E+00  0.2000E+01
 -93.596  0.0000E+00  0.2000E+01
 -93.591  0.0000E+00  0.2000E+01
 -93.586  0.0000E+00  0.2000E+01
 -93.581  0.0000E+00  0.2000E+01
 -93.576  0.0000E+00  0.2000E+01
 -93.571  0.0000E+00  0.2000E+01
 -93.566  0.0000E+00  0.2000E+01
 -93.561  0.0000E+00  0.2000E+01
 -93.556  0.0000E+00  0.2000E+01
 -93.551  0.0000E+00  0.2000E+01
 -93.546  0.0000E+00  0.2000E+01
 -93.541  0.0000E+00  0.2000E+01
 -93.536  0.0000E+00  0.2000E+01
 -93.531  0.0000E+00  0.2000E+01
 -93.526  0.0000E+00  0.2000E+01
 -93.521  0.0000E+00  0.2000E+01
 -93.516  0.0000E+00  0.2000E+01
 -93.511  0.0000E+00  0.2000E+01
 -93.506  0.0000E+00  0.2000E+01
 -93.501  0.0000E+00  0.2000E+01
 -93.496  0.0000E+00  0.2000E+01
 -93.491  0.0000E+00  0.2000E+01
 -93.486  0.0000E+00  0.2000E+01
 -93.481  0.0000E+00  0.2000E+01
 -93.476  0.0000E+00  0.2000E+01
 -93.471  0.0000E+00  0.2000E+01
 -93.466  0.0000E+00  0.2000E+01
 -93.461  0.0000E+00  0.2000E+01
 -93.456  0.0000E+00  0.2000E+01
 -93.451  0.0000E+00  0.2000E+01
 -93.446  0.0000E+00  0.2000E+01
 -93.441  0.0000E+00  0.2000E+01
 -93.436  0.0000E+00  0.2000E+01
 -93.431  0.0000E+00  0.2000E+01
 -93.426  0.0000E+00  0.2000E+01
 -93.421  0.0000E+00  0.2000E+01
 -93.416  0.0000E+00  0.2000E+01
 -93.411  0.0000E+00  0.2000E+01
 -93.406  0.0000E+00  0.2000E+01
 -93.401  0.0000E+00  0.2000E+01
 -93.396  0.0000E+00  0.2000E+01
 -93.391  0.0000E+00  0.2000E+01
 -93.386  0.0000E+00  0.2000E+01
 -93.381  0.0000E+00  0.2000E+01
 -93.376  0.0000E+00  0.2000E+01
 -93.371  0.0000E+00  0.2000E+01
 -93.366  0.0000E+00  0.2000E+01
 -93.361  0.0000E+00  0.2000E+01
 -93.356  0.0000E+00  0.2000E+01
 -93.351  0.0000E+00  0.2000E+01
 -93.346  0.0000E+00  0.2000E+01
 -93.341  0.0000E+00  0.2000E+01
 -93.336  0.0000E+00  0.2000E+01
 -93.331  0.0000E+00  0.2000E+01
 -93.326  0.0000E+00  0.2000E+01
 -93.321  0.0000E+00  0.2000E+01
 -93.316  0.0000E+00  0.2000E+01
 -93.311  0.0000E+00  0.2000E+01
 -93.306  0.0000E+00  0.2000E+01
 -93.301  0.0000E+00  0.2000E+01
 -93.296  0.0000E+00  0.2000E+01
 -93.291  0.0000E+00  0.2000E+01
 -93.286  0.0000E+00  0.2000E+01
 -93.281  0.0000E+00  0.2000E+01
 -93.276  0.0000E+00  0.2000E+01
 -93.271  0.0000E+00  0.2000E+01
 -93.266  0.0000E+00  0.2000E+01
 -93.261  0.0000E+00  0.2000E+01
 -93.256  0.0000E+00  0.2000E+01
 -93.251  0.0000E+00  0.2000E+01
 -93.246  0.0000E+00  0.2000E+01
 -93.241  0.0000E+00  0.2000E+01
 -93.236  0.0000E+00  0.2000E+01
 -93.231  0.0000E+00  0.2000E+01
 -93.226  0.0000E+00  0.2000E+01
 -93.221  0.0000E+00  0.2000E+01
 -93.216  0.0000E+00  0.2000E+01
 -93.211  0.0000E+00  0.2000E+01
 -93.206  0.0000E+00  0.2000E+01
 -93.201  0.0000E+00  0.2000E+01
 -93.196  0.0000E+00  0.2000E+01
 -93.191  0.0000E+00  0.2000E+01
 -93.186  0.0000E+00  0.2000E+01
 -93.181  0.0000E+00  0.2000E+01
 -93.176  0.0000E+00  0.2000E+01
 -93.171  0.0000E+00  0.2000E+01
 -93.166  0.0000E+00  0.2000E+01
 -93.161  0.0000E+00  0.2000E+01
 -93.156  0.0000E+00  0.2000E+01
 -93.151  0.0000E+00  0.2000E+01
 -93.146  0.0000E+00  0.2000E+01
 -93.141  0.0000E+00  0.2000E+01
 -93.136  0.0000E+00  0.2000E+01
 -93.131  0.0000E+00  0.2000E+01
 -93.126  0.0000E+00  0.2000E+01
 -93.121  0.0000E+00  0.2000E+01
 -93.116  0.0000E+00  0.2000E+01
 -93.111  0.0000E+00  0.2000E+01
 -93.106  0.0000E+00  0.2000E+01
 -93.101  0.0000E+00  0.2000E+01
 -93.096  0.0000E+00  0.2000E+01
 -93.091  0.0000E+00  0.2000E+01
 -93.086  0.0000E+00  0.2000E+01
 -93.081  0.0000E+00  0.2000E+01
 -93.076  0.0000E+00  0.2000E+01
 -93.071  0.0000E+00  0.2000E+01
 -93.066  0.0000E+00  0.2000E+01
 -93.061  0.0000E+00  0.2000E+01
 -93.056  0.0000E+00  0.2000E+01
 -93.051  0.0000E+00  0.2000E+01
 -93.046  0.0000E+00  0.2000E+01
 -93.041  0.0000E+00  0.2000E+01
 -93.036  0.0000E+00  0.2000E+01
 -93.031  0.0000E+00  0.2000E+01
 -93.026  0.0000E+00  0.2000E+01
 -93.021  0.0000E+00  0.2000E+01
 -93.016  0.0000E+00  0.2000E+01
 -93.011  0.0000E+00  0.2000E+01
 -93.006  0.0000E+00  0.2000E+01
 -93.001  0.0000E+00  0.2000E+01
 -92.996  0.0000E+00  0.2000E+01
 -92.991  0.0000E+00  0.2000E+01
 -92.986  0.0000E+00  0.2000E+01
 -92.981  0.0000E+00  0.2000E+01
 -92.976  0.0000E+00  0.2000E+01
 -92.971  0.0000E+00  0.2000E+01
 -92.966  0.0000E+00  0.2000E+01
 -92.961  0.0000E+00  0.2000E+01
 -92.956  0.0000E+00  0.2000E+01
 -92.951  0.0000E+00  0.2000E+01
 -92.946  0.0000E+00  0.2000E+01
 -92.941  0.0000E+00  0.2000E+01
 -92.936  0.0000E+00  0.2000E+01
 -92.931  0.0000E+00  0.2000E+01
 -92.926  0.0000E+00  0.2000E+01
 -92.921  0.0000E+00  0.2000E+01
 -92.916  0.0000E+00  0.2000E+01
 -92.911  0.0000E+00  0.2000E+01
 -92.906  0.0000E+00  0.2000E+01
 -92.901  0.0000E+00  0.2000E+01
 -92.896  0.0000E+00  0.2000E+01
 -92.891  0.0000E+00  0.2000E+01
 -92.886  0.0000E+00  0.2000E+01
 -92.881  0.0000E+00  0.2000E+01
 -92.876  0.0000E+00  0.2000E+01
 -92.871  0.0000E+00  0.2000E+01
 -92.866  0.0000E+00  0.2000E+01
 -92.861  0.0000E+00  0.2000E+01
 -92.856  0.0000E+00  0.2000E+01
 -92.851  0.0000E+00  0.2000E+01
 -92.846  0.0000E+00  0.2000E+01
 -92.841  0.0000E+00  0.2000E+01
 -92.836  0.0000E+00  0.2000E+01
 -92.831  0.0000E+00  0.2000E+01
 -92.826  0.0000E+00  0.2000E+01
 -92.821  0.0000E+00  0.2000E+01
 -92.816  0.0000E+00  0.2000E+01
 -92.811  0.0000E+00  0.2000E+01
 -92.806  0.0000E+00  0.2000E+01
 -92.801  0.0000E+00  0.2000E+01
 -92.796  0.0000E+00  0.2000E+01
 -92.791  0.0000E+00  0.2000E+01
 -92.786  0.0000E+00  0.2000E+01
 -92.781  0.0000E+00  0.2000E+01
 -92.776  0.0000E+00  0.2000E+01
 -92.771  0.0000E+00  0.2000E+01
 -92.766  0.0000E+00  0.2000E+01
 -92.761  0.0000E+00  0.2000E+01
 -92.756  0.0000E+00  0.2000E+01
 -92.751  0.0000E+00  0.2000E+01
 -92.746  0.0000E+00  0.2000E+01
 -92.741  0.0000E+00  0.2000E+01
 -92.736  0.0000E+00  0.2000E+01
 -92.731  0.0000E+00  0.2000E+01
 -92.726  0.0000E+00  0.2000E+01
 -92.721  0.0000E+00  0.2000E+01
 -92.716  0.0000E+00  0.2000E+01
 -92.711  0.0000E+00  0.2000E+01
 -92.706  0.0000E+00  0.2000E+01
 -92.701  0.0000E+00  0.2000E+01
 -92.696  0.0000E+00  0.2000E+01
 -92.691  0.0000E+00  0.2000E+01
 -92.686  0.0000E+00  0.2000E+01
 -92.681  0.0000E+00  0.2000E+01
 -92.676  0.0000E+00  0.2000E+01
 -92.671  0.0000E+00  0.2000E+01
 -92.666  0.0000E+00  0.2000E+01
 -92.661  0.0000E+00  0.2000E+01
 -92.656  0.0000E+00  0.2000E+01
 -92.651  0.0000E+00  0.2000E+01
 -92.646  0.0000E+00  0.2000E+01
 -92.641  0.0000E+00  0.2000E+01
 -92.636  0.0000E+00  0.2000E+01
 -92.631  0.0000E+00  0.2000E+01
 -92.626  0.0000E+00  0.2000E+01
 -92.621  0.0000E+00  0.2000E+01
 -92.616  0.0000E+00  0.2000E+01
 -92.611  0.0000E+00  0.2000E+01
 -92.606  0.0000E+00  0.2000E+01
 -92.601  0.0000E+00  0.2000E+01
 -92.596  0.0000E+00  0.2000E+01
 -92.591  0.0000E+00  0.2000E+01
 -92.586  0.0000E+00  0.2000E+01
 -92.581  0.0000E+00  0.2000E+01
 -92.576  0.0000E+00  0.2000E+01
 -92.571  0.0000E+00  0.2000E+01
 -92.566  0.0000E+00  0.2000E+01
 -92.561  0.0000E+00  0.2000E+01
 -92.556  0.0000E+00  0.2000E+01
 -92.551  0.0000E+00  0.2000E+01
 -92.546  0.0000E+00  0.2000E+01
 -92.541  0.0000E+00  0.2000E+01
 -92.536  0.0000E+00  0.2000E+01
 -92.531  0.0000E+00  0.2000E+01
 -92.526  0.0000E+00  0.2000E+01
 -92.521  0.0000E+00  0.2000E+01
 -92.516  0.0000E+00  0.2000E+01
 -92.511  0.0000E+00  0.2000E+01
 -92.506  0.0000E+00  0.2000E+01
 -92.501  0.0000E+00  0.2000E+01
 -92.496  0.0000E+00  0.2000E+01
 -92.491  0.0000E+00  0.2000E+01
 -92.486  0.0000E+00  0.2000E+01
 -92.481  0.0000E+00  0.2000E+01
 -92.476  0.0000E+00  0.2000E+01
 -92.471  0.0000E+00  0.2000E+01
 -92.466  0.0000E+00  0.2000E+01
 -92.461  0.0000E+00  0.2000E+01
 -92.456  0.0000E+00  0.2000E+01
 -92.451  0.0000E+00  0.2000E+01
 -92.446  0.0000E+00  0.2000E+01
 -92.441  0.0000E+00  0.2000E+01
 -92.436  0.0000E+00  0.2000E+01
 -92.431  0.0000E+00  0.2000E+01
 -92.426  0.0000E+00  0.2000E+01
 -92.421  0.0000E+00  0.2000E+01
 -92.416  0.0000E+00  0.2000E+01
 -92.411  0.0000E+00  0.2000E+01
 -92.406  0.0000E+00  0.2000E+01
 -92.401  0.0000E+00  0.2000E+01
 -92.396  0.0000E+00  0.2000E+01
 -92.391  0.0000E+00  0.2000E+01
 -92.386  0.0000E+00  0.2000E+01
 -92.381  0.0000E+00  0.2000E+01
 -92.376  0.0000E+00  0.2000E+01
 -92.371  0.0000E+00  0.2000E+01
 -92.366  0.0000E+00  0.2000E+01
 -92.361  0.0000E+00  0.2000E+01
 -92.356  0.0000E+00  0.2000E+01
 -92.351  0.0000E+00  0.2000E+01
 -92.346  0.0000E+00  0.2000E+01
 -92.341  0.0000E+00  0.2000E+01
 -92.336  0.0000E+00  0.2000E+01
 -92.331  0.0000E+00  0.2000E+01
 -92.326  0.0000E+00  0.2000E+01
 -92.321  0.0000E+00  0.2000E+01
 -92.316  0.0000E+00  0.2000E+01
 -92.311  0.0000E+00  0.2000E+01
 -92.306  0.0000E+00  0.2000E+01
 -92.301  0.0000E+00  0.2000E+01
 -92.296  0.0000E+00  0.2000E+01
 -92.291  0.0000E+00  0.2000E+01
 -92.286  0.0000E+00  0.2000E+01
 -92.281  0.0000E+00  0.2000E+01
 -92.276  0.0000E+00  0.2000E+01
 -92.271  0.0000E+00  0.2000E+01
 -92.266  0.0000E+00  0.2000E+01
 -92.261  0.0000E+00  0.2000E+01
 -92.256  0.0000E+00  0.2000E+01
 -92.251  0.0000E+00  0.2000E+01
 -92.246  0.0000E+00  0.2000E+01
 -92.241  0.0000E+00  0.2000E+01
 -92.236  0.0000E+00  0.2000E+01
 -92.231  0.0000E+00  0.2000E+01
 -92.226  0.0000E+00  0.2000E+01
 -92.221  0.0000E+00  0.2000E+01
 -92.216  0.0000E+00  0.2000E+01
 -92.211  0.0000E+00  0.2000E+01
 -92.206  0.0000E+00  0.2000E+01
 -92.201  0.0000E+00  0.2000E+01
 -92.196  0.0000E+00  0.2000E+01
 -92.191  0.0000E+00  0.2000E+01
 -92.186  0.0000E+00  0.2000E+01
 -92.181  0.0000E+00  0.2000E+01
 -92.176  0.0000E+00  0.2000E+01
 -92.171  0.0000E+00  0.2000E+01
 -92.166  0.0000E+00  0.2000E+01
 -92.161  0.0000E+00  0.2000E+01
 -92.156  0.0000E+00  0.2000E+01
 -92.151  0.0000E+00  0.2000E+01
 -92.146  0.0000E+00  0.2000E+01
 -92.141  0.0000E+00  0.2000E+01
 -92.136  0.0000E+00  0.2000E+01
 -92.131  0.0000E+00  0.2000E+01
 -92.126  0.0000E+00  0.2000E+01
 -92.121  0.0000E+00  0.2000E+01
 -92.116  0.0000E+00  0.2000E+01
 -92.111  0.0000E+00  0.2000E+01
 -92.106  0.0000E+00  0.2000E+01
 -92.101  0.0000E+00  0.2000E+01
 -92.096  0.0000E+00  0.2000E+01
 -92.091  0.0000E+00  0.2000E+01
 -92.086  0.0000E+00  0.2000E+01
 -92.081  0.0000E+00  0.2000E+01
 -92.076  0.0000E+00  0.2000E+01
 -92.071  0.0000E+00  0.2000E+01
 -92.066  0.0000E+00  0.2000E+01
 -92.061  0.0000E+00  0.2000E+01
 -92.056  0.0000E+00  0.2000E+01
 -92.051  0.0000E+00  0.2000E+01
 -92.046  0.0000E+00  0.2000E+01
 -92.041  0.0000E+00  0.2000E+01
 -92.036  0.0000E+00  0.2000E+01
 -92.031  0.0000E+00  0.2000E+01
 -92.026  0.0000E+00  0.2000E+01
 -92.021  0.0000E+00  0.2000E+01
 -92.016  0.0000E+00  0.2000E+01
 -92.011  0.0000E+00  0.2000E+01
 -92.006  0.0000E+00  0.2000E+01
 -92.001  0.0000E+00  0.2000E+01
 -91.996  0.0000E+00  0.2000E+01
 -91.991  0.0000E+00  0.2000E+01
 -91.986  0.0000E+00  0.2000E+01
 -91.981  0.0000E+00  0.2000E+01
 -91.976  0.0000E+00  0.2000E+01
 -91.971  0.0000E+00  0.2000E+01
 -91.966  0.0000E+00  0.2000E+01
 -91.961  0.0000E+00  0.2000E+01
 -91.956  0.0000E+00  0.2000E+01
 -91.951  0.0000E+00  0.2000E+01
 -91.946  0.0000E+00  0.2000E+01
 -91.941  0.0000E+00  0.2000E+01
 -91.936  0.0000E+00  0.2000E+01
 -91.931  0.0000E+00  0.2000E+01
 -91.926  0.0000E+00  0.2000E+01
 -91.921  0.0000E+00  0.2000E+01
 -91.916  0.0000E+00  0.2000E+01
 -91.911  0.0000E+00  0.2000E+01
 -91.906  0.0000E+00  0.2000E+01
 -91.901  0.0000E+00  0.2000E+01
 -91.896  0.0000E+00  0.2000E+01
 -91.891  0.0000E+00  0.2000E+01
 -91.886  0.0000E+00  0.2000E+01
 -91.881  0.0000E+00  0.2000E+01
 -91.876  0.0000E+00  0.2000E+01
 -91.871  0.0000E+00  0.2000E+01
 -91.866  0.0000E+00  0.2000E+01
 -91.861  0.0000E+00  0.2000E+01
 -91.856  0.0000E+00  0.2000E+01
 -91.851  0.0000E+00  0.2000E+01
 -91.846  0.0000E+00  0.2000E+01
 -91.841  0.0000E+00  0.2000E+01
 -91.836  0.0000E+00  0.2000E+01
 -91.831  0.0000E+00  0.2000E+01
 -91.826  0.0000E+00  0.2000E+01
 -91.821  0.0000E+00  0.2000E+01
 -91.816  0.0000E+00  0.2000E+01
 -91.811  0.0000E+00  0.2000E+01
 -91.806  0.0000E+00  0.2000E+01
 -91.801  0.0000E+00  0.2000E+01
 -91.796  0.0000E+00  0.2000E+01
 -91.791  0.0000E+00  0.2000E+01
 -91.786  0.0000E+00  0.2000E+01
 -91.781  0.0000E+00  0.2000E+01
 -91.776  0.0000E+00  0.2000E+01
 -91.771  0.0000E+00  0.2000E+01
 -91.766  0.0000E+00  0.2000E+01
 -91.761  0.0000E+00  0.2000E+01
 -91.756  0.0000E+00  0.2000E+01
 -91.751  0.0000E+00  0.2000E+01
 -91.746  0.0000E+00  0.2000E+01
 -91.741  0.0000E+00  0.2000E+01
 -91.736  0.0000E+00  0.2000E+01
 -91.731  0.0000E+00  0.2000E+01
 -91.726  0.0000E+00  0.2000E+01
 -91.721  0.0000E+00  0.2000E+01
 -91.716  0.0000E+00  0.2000E+01
 -91.711  0.0000E+00  0.2000E+01
 -91.706  0.0000E+00  0.2000E+01
 -91.701  0.0000E+00  0.2000E+01
 -91.696  0.0000E+00  0.2000E+01
 -91.691  0.0000E+00  0.2000E+01
 -91.686  0.0000E+00  0.2000E+01
 -91.681  0.0000E+00  0.2000E+01
 -91.676  0.0000E+00  0.2000E+01
 -91.671  0.0000E+00  0.2000E+01
 -91.666  0.0000E+00  0.2000E+01
 -91.661  0.0000E+00  0.2000E+01
 -91.656  0.0000E+00  0.2000E+01
 -91.651  0.0000E+00  0.2000E+01
 -91.646  0.0000E+00  0.2000E+01
 -91.641  0.0000E+00  0.2000E+01
 -91.636  0.0000E+00  0.2000E+01
 -91.631  0.0000E+00  0.2000E+01
 -91.626  0.0000E+00  0.2000E+01
 -91.621  0.0000E+00  0.2000E+01
 -91.616  0.0000E+00  0.2000E+01
 -91.611  0.0000E+00  0.2000E+01
 -91.606  0.0000E+00  0.2000E+01
 -91.601  0.0000E+00  0.2000E+01
 -91.596  0.0000E+00  0.2000E+01
 -91.591  0.0000E+00  0.2000E+01
 -91.586  0.0000E+00  0.2000E+01
 -91.581  0.0000E+00  0.2000E+01
 -91.576  0.0000E+00  0.2000E+01
 -91.571  0.0000E+00  0.2000E+01
 -91.566  0.0000E+00  0.2000E+01
 -91.561  0.0000E+00  0.2000E+01
 -91.556  0.0000E+00  0.2000E+01
 -91.551  0.0000E+00  0.2000E+01
 -91.546  0.0000E+00  0.2000E+01
 -91.541  0.0000E+00  0.2000E+01
 -91.536  0.0000E+00  0.2000E+01
 -91.531  0.0000E+00  0.2000E+01
 -91.526  0.0000E+00  0.2000E+01
 -91.521  0.0000E+00  0.2000E+01
 -91.516  0.0000E+00  0.2000E+01
 -91.511  0.0000E+00  0.2000E+01
 -91.506  0.0000E+00  0.2000E+01
 -91.501  0.0000E+00  0.2000E+01
 -91.496  0.0000E+00  0.2000E+01
 -91.491  0.0000E+00  0.2000E+01
 -91.486  0.0000E+00  0.2000E+01
 -91.481  0.0000E+00  0.2000E+01
 -91.476  0.0000E+00  0.2000E+01
 -91.471  0.0000E+00  0.2000E+01
 -91.466  0.0000E+00  0.2000E+01
 -91.461  0.0000E+00  0.2000E+01
 -91.456  0.0000E+00  0.2000E+01
 -91.451  0.0000E+00  0.2000E+01
 -91.446  0.0000E+00  0.2000E+01
 -91.441  0.0000E+00  0.2000E+01
 -91.436  0.0000E+00  0.2000E+01
 -91.431  0.0000E+00  0.2000E+01
 -91.426  0.0000E+00  0.2000E+01
 -91.421  0.0000E+00  0.2000E+01
 -91.416  0.0000E+00  0.2000E+01
 -91.411  0.0000E+00  0.2000E+01
 -91.406  0.0000E+00  0.2000E+01
 -91.401  0.0000E+00  0.2000E+01
 -91.396  0.0000E+00  0.2000E+01
 -91.391  0.0000E+00  0.2000E+01
 -91.386  0.0000E+00  0.2000E+01
 -91.381  0.0000E+00  0.2000E+01
 -91.376  0.0000E+00  0.2000E+01
 -91.371  0.0000E+00  0.2000E+01
 -91.366  0.0000E+00  0.2000E+01
 -91.361  0.0000E+00  0.2000E+01
 -91.356  0.0000E+00  0.2000E+01
 -91.351  0.0000E+00  0.2000E+01
 -91.346  0.0000E+00  0.2000E+01
 -91.341  0.0000E+00  0.2000E+01
 -91.336  0.0000E+00  0.2000E+01
 -91.331  0.0000E+00  0.2000E+01
 -91.326  0.0000E+00  0.2000E+01
 -91.321  0.0000E+00  0.2000E+01
 -91.316  0.0000E+00  0.2000E+01
 -91.311  0.0000E+00  0.2000E+01
 -91.306  0.0000E+00  0.2000E+01
 -91.301  0.0000E+00  0.2000E+01
 -91.296  0.0000E+00  0.2000E+01
 -91.291  0.0000E+00  0.2000E+01
 -91.286  0.0000E+00  0.2000E+01
 -91.281  0.0000E+00  0.2000E+01
 -91.276  0.0000E+00  0.2000E+01
 -91.271  0.0000E+00  0.2000E+01
 -91.266  0.0000E+00  0.2000E+01
 -91.261  0.0000E+00  0.2000E+01
 -91.256  0.0000E+00  0.2000E+01
 -91.251  0.0000E+00  0.2000E+01
 -91.246  0.0000E+00  0.2000E+01
 -91.241  0.0000E+00  0.2000E+01
 -91.236  0.0000E+00  0.2000E+01
 -91.231  0.0000E+00  0.2000E+01
 -91.226  0.0000E+00  0.2000E+01
 -91.221  0.0000E+00  0.2000E+01
 -91.216  0.0000E+00  0.2000E+01
 -91.211  0.0000E+00  0.2000E+01
 -91.206  0.0000E+00  0.2000E+01
 -91.201  0.0000E+00  0.2000E+01
 -91.196  0.0000E+00  0.2000E+01
 -91.191  0.0000E+00  0.2000E+01
 -91.186  0.0000E+00  0.2000E+01
 -91.181  0.0000E+00  0.2000E+01
 -91.176  0.0000E+00  0.2000E+01
 -91.171  0.0000E+00  0.2000E+01
 -91.166  0.0000E+00  0.2000E+01
 -91.161  0.0000E+00  0.2000E+01
 -91.156  0.0000E+00  0.2000E+01
 -91.151  0.0000E+00  0.2000E+01
 -91.146  0.0000E+00  0.2000E+01
 -91.141  0.0000E+00  0.2000E+01
 -91.136  0.0000E+00  0.2000E+01
 -91.131  0.0000E+00  0.2000E+01
 -91.126  0.0000E+00  0.2000E+01
 -91.121  0.0000E+00  0.2000E+01
 -91.116  0.0000E+00  0.2000E+01
 -91.111  0.0000E+00  0.2000E+01
 -91.106  0.0000E+00  0.2000E+01
 -91.101  0.0000E+00  0.2000E+01
 -91.096  0.0000E+00  0.2000E+01
 -91.091  0.0000E+00  0.2000E+01
 -91.086  0.0000E+00  0.2000E+01
 -91.081  0.0000E+00  0.2000E+01
 -91.076  0.0000E+00  0.2000E+01
 -91.071  0.0000E+00  0.2000E+01
 -91.066  0.0000E+00  0.2000E+01
 -91.061  0.0000E+00  0.2000E+01
 -91.056  0.0000E+00  0.2000E+01
 -91.051  0.0000E+00  0.2000E+01
 -91.046  0.0000E+00  0.2000E+01
 -91.041  0.0000E+00  0.2000E+01
 -91.036  0.0000E+00  0.2000E+01
 -91.031  0.0000E+00  0.2000E+01
 -91.026  0.0000E+00  0.2000E+01
 -91.021  0.0000E+00  0.2000E+01
 -91.016  0.0000E+00  0.2000E+01
 -91.011  0.0000E+00  0.2000E+01
 -91.006  0.0000E+00  0.2000E+01
 -91.001  0.0000E+00  0.2000E+01
 -90.996  0.0000E+00  0.2000E+01
 -90.991  0.0000E+00  0.2000E+01
 -90.986  0.0000E+00  0.2000E+01
 -90.981  0.0000E+00  0.2000E+01
 -90.976  0.0000E+00  0.2000E+01
 -90.971  0.0000E+00  0.2000E+01
 -90.966  0.0000E+00  0.2000E+01
 -90.961  0.0000E+00  0.2000E+01
 -90.956  0.0000E+00  0.2000E+01
 -90.951  0.0000E+00  0.2000E+01
 -90.946  0.0000E+00  0.2000E+01
 -90.941  0.0000E+00  0.2000E+01
 -90.936  0.0000E+00  0.2000E+01
 -90.931  0.0000E+00  0.2000E+01
 -90.926  0.0000E+00  0.2000E+01
 -90.921  0.0000E+00  0.2000E+01
 -90.916  0.0000E+00  0.2000E+01
 -90.911  0.0000E+00  0.2000E+01
 -90.906  0.0000E+00  0.2000E+01
 -90.901  0.0000E+00  0.2000E+01
 -90.896  0.0000E+00  0.2000E+01
 -90.891  0.0000E+00  0.2000E+01
 -90.886  0.0000E+00  0.2000E+01
 -90.881  0.0000E+00  0.2000E+01
 -90.876  0.0000E+00  0.2000E+01
 -90.871  0.0000E+00  0.2000E+01
 -90.866  0.0000E+00  0.2000E+01
 -90.861  0.0000E+00  0.2000E+01
 -90.856  0.0000E+00  0.2000E+01
 -90.851  0.0000E+00  0.2000E+01
 -90.846  0.0000E+00  0.2000E+01
 -90.841  0.0000E+00  0.2000E+01
 -90.836  0.0000E+00  0.2000E+01
 -90.831  0.0000E+00  0.2000E+01
 -90.826  0.0000E+00  0.2000E+01
 -90.821  0.0000E+00  0.2000E+01
 -90.816  0.0000E+00  0.2000E+01
 -90.811  0.0000E+00  0.2000E+01
 -90.806  0.0000E+00  0.2000E+01
 -90.801  0.0000E+00  0.2000E+01
 -90.796  0.0000E+00  0.2000E+01
 -90.791  0.0000E+00  0.2000E+01
 -90.786  0.0000E+00  0.2000E+01
 -90.781  0.0000E+00  0.2000E+01
 -90.776  0.0000E+00  0.2000E+01
 -90.771  0.0000E+00  0.2000E+01
 -90.766  0.0000E+00  0.2000E+01
 -90.761  0.0000E+00  0.2000E+01
 -90.756  0.0000E+00  0.2000E+01
 -90.751  0.0000E+00  0.2000E+01
 -90.746  0.0000E+00  0.2000E+01
 -90.741  0.0000E+00  0.2000E+01
 -90.736  0.0000E+00  0.2000E+01
 -90.731  0.0000E+00  0.2000E+01
 -90.726  0.0000E+00  0.2000E+01
 -90.721  0.0000E+00  0.2000E+01
 -90.716  0.0000E+00  0.2000E+01
 -90.711  0.0000E+00  0.2000E+01
 -90.706  0.0000E+00  0.2000E+01
 -90.701  0.0000E+00  0.2000E+01
 -90.696  0.0000E+00  0.2000E+01
 -90.691  0.0000E+00  0.2000E+01
 -90.686  0.0000E+00  0.2000E+01
 -90.681  0.0000E+00  0.2000E+01
 -90.676  0.0000E+00  0.2000E+01
 -90.671  0.0000E+00  0.2000E+01
 -90.666  0.0000E+00  0.2000E+01
 -90.661  0.0000E+00  0.2000E+01
 -90.656  0.0000E+00  0.2000E+01
 -90.651  0.0000E+00  0.2000E+01
 -90.646  0.0000E+00  0.2000E+01
 -90.641  0.0000E+00  0.2000E+01
 -90.636  0.0000E+00  0.2000E+01
 -90.631  0.0000E+00  0.2000E+01
 -90.626  0.0000E+00  0.2000E+01
 -90.621  0.0000E+00  0.2000E+01
 -90.616  0.0000E+00  0.2000E+01
 -90.611  0.0000E+00  0.2000E+01
 -90.606  0.0000E+00  0.2000E+01
 -90.601  0.0000E+00  0.2000E+01
 -90.596  0.0000E+00  0.2000E+01
 -90.591  0.0000E+00  0.2000E+01
 -90.586  0.0000E+00  0.2000E+01
 -90.581  0.0000E+00  0.2000E+01
 -90.576  0.0000E+00  0.2000E+01
 -90.571  0.0000E+00  0.2000E+01
 -90.566  0.0000E+00  0.2000E+01
 -90.561  0.0000E+00  0.2000E+01
 -90.556  0.0000E+00  0.2000E+01
 -90.551  0.0000E+00  0.2000E+01
 -90.546  0.0000E+00  0.2000E+01
 -90.541  0.0000E+00  0.2000E+01
 -90.536  0.0000E+00  0.2000E+01
 -90.531  0.0000E+00  0.2000E+01
 -90.526  0.0000E+00  0.2000E+01
 -90.521  0.0000E+00  0.2000E+01
 -90.516  0.0000E+00  0.2000E+01
 -90.511  0.0000E+00  0.2000E+01
 -90.506  0.0000E+00  0.2000E+01
 -90.501  0.0000E+00  0.2000E+01
 -90.496  0.0000E+00  0.2000E+01
 -90.491  0.0000E+00  0.2000E+01
 -90.486  0.0000E+00  0.2000E+01
 -90.481  0.0000E+00  0.2000E+01
 -90.476  0.0000E+00  0.2000E+01
 -90.471  0.0000E+00  0.2000E+01
 -90.466  0.0000E+00  0.2000E+01
 -90.461  0.0000E+00  0.2000E+01
 -90.456  0.0000E+00  0.2000E+01
 -90.451  0.0000E+00  0.2000E+01
 -90.446  0.0000E+00  0.2000E+01
 -90.441  0.0000E+00  0.2000E+01
 -90.436  0.0000E+00  0.2000E+01
 -90.431  0.0000E+00  0.2000E+01
 -90.426  0.0000E+00  0.2000E+01
 -90.421  0.0000E+00  0.2000E+01
 -90.416  0.0000E+00  0.2000E+01
 -90.411  0.0000E+00  0.2000E+01
 -90.406  0.0000E+00  0.2000E+01
 -90.401  0.0000E+00  0.2000E+01
 -90.396  0.0000E+00  0.2000E+01
 -90.391  0.0000E+00  0.2000E+01
 -90.386  0.0000E+00  0.2000E+01
 -90.381  0.0000E+00  0.2000E+01
 -90.376  0.0000E+00  0.2000E+01
 -90.371  0.0000E+00  0.2000E+01
 -90.366  0.0000E+00  0.2000E+01
 -90.361  0.0000E+00  0.2000E+01
 -90.356  0.0000E+00  0.2000E+01
 -90.351  0.0000E+00  0.2000E+01
 -90.346  0.0000E+00  0.2000E+01
 -90.341  0.0000E+00  0.2000E+01
 -90.336  0.0000E+00  0.2000E+01
 -90.331  0.0000E+00  0.2000E+01
 -90.326  0.0000E+00  0.2000E+01
 -90.321  0.0000E+00  0.2000E+01
 -90.316  0.0000E+00  0.2000E+01
 -90.311  0.0000E+00  0.2000E+01
 -90.306  0.0000E+00  0.2000E+01
 -90.301  0.0000E+00  0.2000E+01
 -90.296  0.0000E+00  0.2000E+01
 -90.291  0.0000E+00  0.2000E+01
 -90.286  0.0000E+00  0.2000E+01
 -90.281  0.0000E+00  0.2000E+01
 -90.276  0.0000E+00  0.2000E+01
 -90.271  0.0000E+00  0.2000E+01
 -90.266  0.0000E+00  0.2000E+01
 -90.261  0.0000E+00  0.2000E+01
 -90.256  0.0000E+00  0.2000E+01
 -90.251  0.0000E+00  0.2000E+01
 -90.246  0.0000E+00  0.2000E+01
 -90.241  0.0000E+00  0.2000E+01
 -90.236  0.0000E+00  0.2000E+01
 -90.231  0.0000E+00  0.2000E+01
 -90.226  0.0000E+00  0.2000E+01
 -90.221  0.0000E+00  0.2000E+01
 -90.216  0.0000E+00  0.2000E+01
 -90.211  0.0000E+00  0.2000E+01
 -90.206  0.0000E+00  0.2000E+01
 -90.201  0.0000E+00  0.2000E+01
 -90.196  0.0000E+00  0.2000E+01
 -90.191  0.0000E+00  0.2000E+01
 -90.186  0.0000E+00  0.2000E+01
 -90.181  0.0000E+00  0.2000E+01
 -90.176  0.0000E+00  0.2000E+01
 -90.171  0.0000E+00  0.2000E+01
 -90.166  0.0000E+00  0.2000E+01
 -90.161  0.0000E+00  0.2000E+01
 -90.156  0.0000E+00  0.2000E+01
 -90.151  0.0000E+00  0.2000E+01
 -90.146  0.0000E+00  0.2000E+01
 -90.141  0.0000E+00  0.2000E+01
 -90.136  0.0000E+00  0.2000E+01
 -90.131  0.0000E+00  0.2000E+01
 -90.126  0.0000E+00  0.2000E+01
 -90.121  0.0000E+00  0.2000E+01
 -90.116  0.0000E+00  0.2000E+01
 -90.111  0.0000E+00  0.2000E+01
 -90.106  0.0000E+00  0.2000E+01
 -90.101  0.0000E+00  0.2000E+01
 -90.096  0.0000E+00  0.2000E+01
 -90.091  0.0000E+00  0.2000E+01
 -90.086  0.0000E+00  0.2000E+01
 -90.081  0.0000E+00  0.2000E+01
 -90.076  0.0000E+00  0.2000E+01
 -90.071  0.0000E+00  0.2000E+01
 -90.066  0.0000E+00  0.2000E+01
 -90.061  0.0000E+00  0.2000E+01
 -90.056  0.0000E+00  0.2000E+01
 -90.051  0.0000E+00  0.2000E+01
 -90.046  0.0000E+00  0.2000E+01
 -90.041  0.0000E+00  0.2000E+01
 -90.036  0.0000E+00  0.2000E+01
 -90.031  0.0000E+00  0.2000E+01
 -90.026  0.0000E+00  0.2000E+01
 -90.021  0.0000E+00  0.2000E+01
 -90.016  0.0000E+00  0.2000E+01
 -90.011  0.0000E+00  0.2000E+01
 -90.006  0.0000E+00  0.2000E+01
 -90.001  0.0000E+00  0.2000E+01
 -89.996  0.0000E+00  0.2000E+01
 -89.991  0.0000E+00  0.2000E+01
 -89.986  0.0000E+00  0.2000E+01
 -89.981  0.0000E+00  0.2000E+01
 -89.976  0.0000E+00  0.2000E+01
 -89.971  0.0000E+00  0.2000E+01
 -89.966  0.0000E+00  0.2000E+01
 -89.961  0.0000E+00  0.2000E+01
 -89.956  0.0000E+00  0.2000E+01
 -89.951  0.0000E+00  0.2000E+01
 -89.946  0.0000E+00  0.2000E+01
 -89.941  0.0000E+00  0.2000E+01
 -89.936  0.0000E+00  0.2000E+01
 -89.931  0.0000E+00  0.2000E+01
 -89.926  0.0000E+00  0.2000E+01
 -89.921  0.0000E+00  0.2000E+01
 -89.916  0.0000E+00  0.2000E+01
 -89.911  0.0000E+00  0.2000E+01
 -89.906  0.0000E+00  0.2000E+01
 -89.901  0.0000E+00  0.2000E+01
 -89.896  0.0000E+00  0.2000E+01
 -89.891  0.0000E+00  0.2000E+01
 -89.886  0.0000E+00  0.2000E+01
 -89.881  0.0000E+00  0.2000E+01
 -89.876  0.0000E+00  0.2000E+01
 -89.871  0.0000E+00  0.2000E+01
 -89.866  0.0000E+00  0.2000E+01
 -89.861  0.0000E+00  0.2000E+01
 -89.856  0.0000E+00  0.2000E+01
 -89.851  0.0000E+00  0.2000E+01
 -89.846  0.0000E+00  0.2000E+01
 -89.841  0.0000E+00  0.2000E+01
 -89.836  0.0000E+00  0.2000E+01
 -89.831  0.0000E+00  0.2000E+01
 -89.826  0.0000E+00  0.2000E+01
 -89.821  0.0000E+00  0.2000E+01
 -89.816  0.0000E+00  0.2000E+01
 -89.811  0.0000E+00  0.2000E+01
 -89.806  0.0000E+00  0.2000E+01
 -89.801  0.0000E+00  0.2000E+01
 -89.796  0.0000E+00  0.2000E+01
 -89.791  0.0000E+00  0.2000E+01
 -89.786  0.0000E+00  0.2000E+01
 -89.781  0.0000E+00  0.2000E+01
 -89.776  0.0000E+00  0.2000E+01
 -89.771  0.0000E+00  0.2000E+01
 -89.766  0.0000E+00  0.2000E+01
 -89.761  0.0000E+00  0.2000E+01
 -89.756  0.0000E+00  0.2000E+01
 -89.751  0.0000E+00  0.2000E+01
 -89.746  0.0000E+00  0.2000E+01
 -89.741  0.0000E+00  0.2000E+01
 -89.736  0.0000E+00  0.2000E+01
 -89.731  0.0000E+00  0.2000E+01
 -89.726  0.0000E+00  0.2000E+01
 -89.721  0.0000E+00  0.2000E+01
 -89.716  0.0000E+00  0.2000E+01
 -89.711  0.0000E+00  0.2000E+01
 -89.706  0.0000E+00  0.2000E+01
 -89.701  0.0000E+00  0.2000E+01
 -89.696  0.0000E+00  0.2000E+01
 -89.691  0.0000E+00  0.2000E+01
 -89.686  0.0000E+00  0.2000E+01
 -89.681  0.0000E+00  0.2000E+01
 -89.676  0.0000E+00  0.2000E+01
 -89.671  0.0000E+00  0.2000E+01
 -89.666  0.0000E+00  0.2000E+01
 -89.661  0.0000E+00  0.2000E+01
 -89.656  0.0000E+00  0.2000E+01
 -89.651  0.0000E+00  0.2000E+01
 -89.646  0.0000E+00  0.2000E+01
 -89.641  0.0000E+00  0.2000E+01
 -89.636  0.0000E+00  0.2000E+01
 -89.631  0.0000E+00  0.2000E+01
 -89.626  0.0000E+00  0.2000E+01
 -89.621  0.0000E+00  0.2000E+01
 -89.616  0.0000E+00  0.2000E+01
 -89.611  0.0000E+00  0.2000E+01
 -89.606  0.0000E+00  0.2000E+01
 -89.601  0.0000E+00  0.2000E+01
 -89.596  0.0000E+00  0.2000E+01
 -89.591  0.0000E+00  0.2000E+01
 -89.586  0.0000E+00  0.2000E+01
 -89.581  0.0000E+00  0.2000E+01
 -89.576  0.0000E+00  0.2000E+01
 -89.571  0.0000E+00  0.2000E+01
 -89.566  0.0000E+00  0.2000E+01
 -89.561  0.0000E+00  0.2000E+01
 -89.556  0.0000E+00  0.2000E+01
 -89.551  0.0000E+00  0.2000E+01
 -89.546  0.0000E+00  0.2000E+01
 -89.541  0.0000E+00  0.2000E+01
 -89.536  0.0000E+00  0.2000E+01
 -89.531  0.0000E+00  0.2000E+01
 -89.526  0.0000E+00  0.2000E+01
 -89.521  0.0000E+00  0.2000E+01
 -89.516  0.0000E+00  0.2000E+01
 -89.511  0.0000E+00  0.2000E+01
 -89.506  0.0000E+00  0.2000E+01
 -89.501  0.0000E+00  0.2000E+01
 -89.496  0.0000E+00  0.2000E+01
 -89.491  0.0000E+00  0.2000E+01
 -89.486  0.0000E+00  0.2000E+01
 -89.481  0.0000E+00  0.2000E+01
 -89.476  0.0000E+00  0.2000E+01
 -89.471  0.0000E+00  0.2000E+01
 -89.466  0.0000E+00  0.2000E+01
 -89.461  0.0000E+00  0.2000E+01
 -89.456  0.0000E+00  0.2000E+01
 -89.451  0.0000E+00  0.2000E+01
 -89.446  0.0000E+00  0.2000E+01
 -89.441  0.0000E+00  0.2000E+01
 -89.436  0.0000E+00  0.2000E+01
 -89.431  0.0000E+00  0.2000E+01
 -89.426  0.0000E+00  0.2000E+01
 -89.421  0.0000E+00  0.2000E+01
 -89.416  0.0000E+00  0.2000E+01
 -89.411  0.0000E+00  0.2000E+01
 -89.406  0.0000E+00  0.2000E+01
 -89.401  0.0000E+00  0.2000E+01
 -89.396  0.0000E+00  0.2000E+01
 -89.391  0.0000E+00  0.2000E+01
 -89.386  0.0000E+00  0.2000E+01
 -89.381  0.0000E+00  0.2000E+01
 -89.376  0.0000E+00  0.2000E+01
 -89.371  0.0000E+00  0.2000E+01
 -89.366  0.0000E+00  0.2000E+01
 -89.361  0.0000E+00  0.2000E+01
 -89.356  0.0000E+00  0.2000E+01
 -89.351  0.0000E+00  0.2000E+01
 -89.346  0.0000E+00  0.2000E+01
 -89.341  0.0000E+00  0.2000E+01
 -89.336  0.0000E+00  0.2000E+01
 -89.331  0.0000E+00  0.2000E+01
 -89.326  0.0000E+00  0.2000E+01
 -89.321  0.0000E+00  0.2000E+01
 -89.316  0.0000E+00  0.2000E+01
 -89.311  0.0000E+00  0.2000E+01
 -89.306  0.0000E+00  0.2000E+01
 -89.301  0.0000E+00  0.2000E+01
 -89.296  0.0000E+00  0.2000E+01
 -89.291  0.0000E+00  0.2000E+01
 -89.286  0.0000E+00  0.2000E+01
 -89.281  0.0000E+00  0.2000E+01
 -89.276  0.0000E+00  0.2000E+01
 -89.271  0.0000E+00  0.2000E+01
 -89.266  0.0000E+00  0.2000E+01
 -89.261  0.0000E+00  0.2000E+01
 -89.256  0.0000E+00  0.2000E+01
 -89.251  0.0000E+00  0.2000E+01
 -89.246  0.0000E+00  0.2000E+01
 -89.241  0.0000E+00  0.2000E+01
 -89.236  0.0000E+00  0.2000E+01
 -89.231  0.0000E+00  0.2000E+01
 -89.226  0.0000E+00  0.2000E+01
 -89.221  0.0000E+00  0.2000E+01
 -89.216  0.0000E+00  0.2000E+01
 -89.211  0.0000E+00  0.2000E+01
 -89.206  0.0000E+00  0.2000E+01
 -89.201  0.0000E+00  0.2000E+01
 -89.196  0.0000E+00  0.2000E+01
 -89.191  0.0000E+00  0.2000E+01
 -89.186  0.0000E+00  0.2000E+01
 -89.181  0.0000E+00  0.2000E+01
 -89.176  0.0000E+00  0.2000E+01
 -89.171  0.0000E+00  0.2000E+01
 -89.166  0.0000E+00  0.2000E+01
 -89.161  0.0000E+00  0.2000E+01
 -89.156  0.0000E+00  0.2000E+01
 -89.151  0.0000E+00  0.2000E+01
 -89.146  0.0000E+00  0.2000E+01
 -89.141  0.0000E+00  0.2000E+01
 -89.136  0.0000E+00  0.2000E+01
 -89.131  0.0000E+00  0.2000E+01
 -89.126  0.0000E+00  0.2000E+01
 -89.121  0.0000E+00  0.2000E+01
 -89.116  0.0000E+00  0.2000E+01
 -89.111  0.0000E+00  0.2000E+01
 -89.106  0.0000E+00  0.2000E+01
 -89.101  0.0000E+00  0.2000E+01
 -89.096  0.0000E+00  0.2000E+01
 -89.091  0.0000E+00  0.2000E+01
 -89.086  0.0000E+00  0.2000E+01
 -89.081  0.0000E+00  0.2000E+01
 -89.076  0.0000E+00  0.2000E+01
 -89.071  0.0000E+00  0.2000E+01
 -89.066  0.0000E+00  0.2000E+01
 -89.061  0.0000E+00  0.2000E+01
 -89.056  0.0000E+00  0.2000E+01
 -89.051  0.0000E+00  0.2000E+01
 -89.046  0.0000E+00  0.2000E+01
 -89.041  0.0000E+00  0.2000E+01
 -89.036  0.0000E+00  0.2000E+01
 -89.031  0.0000E+00  0.2000E+01
 -89.026  0.0000E+00  0.2000E+01
 -89.021  0.0000E+00  0.2000E+01
 -89.016  0.0000E+00  0.2000E+01
 -89.011  0.0000E+00  0.2000E+01
 -89.006  0.0000E+00  0.2000E+01
 -89.001  0.0000E+00  0.2000E+01
 -88.996  0.0000E+00  0.2000E+01
 -88.991  0.0000E+00  0.2000E+01
 -88.986  0.0000E+00  0.2000E+01
 -88.981  0.0000E+00  0.2000E+01
 -88.976  0.0000E+00  0.2000E+01
 -88.971  0.0000E+00  0.2000E+01
 -88.966  0.0000E+00  0.2000E+01
 -88.961  0.0000E+00  0.2000E+01
 -88.956  0.0000E+00  0.2000E+01
 -88.951  0.0000E+00  0.2000E+01
 -88.946  0.0000E+00  0.2000E+01
 -88.941  0.0000E+00  0.2000E+01
 -88.936  0.0000E+00  0.2000E+01
 -88.931  0.0000E+00  0.2000E+01
 -88.926  0.0000E+00  0.2000E+01
 -88.921  0.0000E+00  0.2000E+01
 -88.916  0.0000E+00  0.2000E+01
 -88.911  0.0000E+00  0.2000E+01
 -88.906  0.0000E+00  0.2000E+01
 -88.901  0.0000E+00  0.2000E+01
 -88.896  0.0000E+00  0.2000E+01
 -88.891  0.0000E+00  0.2000E+01
 -88.886  0.0000E+00  0.2000E+01
 -88.881  0.0000E+00  0.2000E+01
 -88.876  0.0000E+00  0.2000E+01
 -88.871  0.0000E+00  0.2000E+01
 -88.866  0.0000E+00  0.2000E+01
 -88.861  0.0000E+00  0.2000E+01
 -88.856  0.0000E+00  0.2000E+01
 -88.851  0.0000E+00  0.2000E+01
 -88.846  0.0000E+00  0.2000E+01
 -88.841  0.0000E+00  0.2000E+01
 -88.836  0.0000E+00  0.2000E+01
 -88.831  0.0000E+00  0.2000E+01
 -88.826  0.0000E+00  0.2000E+01
 -88.821  0.0000E+00  0.2000E+01
 -88.816  0.0000E+00  0.2000E+01
 -88.811  0.0000E+00  0.2000E+01
 -88.806  0.0000E+00  0.2000E+01
 -88.801  0.0000E+00  0.2000E+01
 -88.796  0.0000E+00  0.2000E+01
 -88.791  0.0000E+00  0.2000E+01
 -88.786  0.0000E+00  0.2000E+01
 -88.781  0.0000E+00  0.2000E+01
 -88.776  0.0000E+00  0.2000E+01
 -88.771  0.0000E+00  0.2000E+01
 -88.766  0.0000E+00  0.2000E+01
 -88.761  0.0000E+00  0.2000E+01
 -88.756  0.0000E+00  0.2000E+01
 -88.751  0.0000E+00  0.2000E+01
 -88.746  0.0000E+00  0.2000E+01
 -88.741  0.0000E+00  0.2000E+01
 -88.736  0.0000E+00  0.2000E+01
 -88.731  0.0000E+00  0.2000E+01
 -88.726  0.0000E+00  0.2000E+01
 -88.721  0.0000E+00  0.2000E+01
 -88.716  0.0000E+00  0.2000E+01
 -88.711  0.0000E+00  0.2000E+01
 -88.706  0.0000E+00  0.2000E+01
 -88.701  0.0000E+00  0.2000E+01
 -88.696  0.0000E+00  0.2000E+01
 -88.691  0.0000E+00  0.2000E+01
 -88.686  0.0000E+00  0.2000E+01
 -88.681  0.0000E+00  0.2000E+01
 -88.676  0.0000E+00  0.2000E+01
 -88.671  0.0000E+00  0.2000E+01
 -88.666  0.0000E+00  0.2000E+01
 -88.661  0.0000E+00  0.2000E+01
 -88.656  0.0000E+00  0.2000E+01
 -88.651  0.0000E+00  0.2000E+01
 -88.646  0.0000E+00  0.2000E+01
 -88.641  0.0000E+00  0.2000E+01
 -88.636  0.0000E+00  0.2000E+01
 -88.631  0.0000E+00  0.2000E+01
 -88.626  0.0000E+00  0.2000E+01
 -88.621  0.0000E+00  0.2000E+01
 -88.616  0.0000E+00  0.2000E+01
 -88.611  0.0000E+00  0.2000E+01
 -88.606  0.0000E+00  0.2000E+01
 -88.601  0.0000E+00  0.2000E+01
 -88.596  0.0000E+00  0.2000E+01
 -88.591  0.0000E+00  0.2000E+01
 -88.586  0.0000E+00  0.2000E+01
 -88.581  0.0000E+00  0.2000E+01
 -88.576  0.0000E+00  0.2000E+01
 -88.571  0.0000E+00  0.2000E+01
 -88.566  0.0000E+00  0.2000E+01
 -88.561  0.0000E+00  0.2000E+01
 -88.556  0.0000E+00  0.2000E+01
 -88.551  0.0000E+00  0.2000E+01
 -88.546  0.0000E+00  0.2000E+01
 -88.541  0.0000E+00  0.2000E+01
 -88.536  0.0000E+00  0.2000E+01
 -88.531  0.0000E+00  0.2000E+01
 -88.526  0.0000E+00  0.2000E+01
 -88.521  0.0000E+00  0.2000E+01
 -88.516  0.0000E+00  0.2000E+01
 -88.511  0.0000E+00  0.2000E+01
 -88.506  0.0000E+00  0.2000E+01
 -88.501  0.0000E+00  0.2000E+01
 -88.496  0.0000E+00  0.2000E+01
 -88.491  0.0000E+00  0.2000E+01
 -88.486  0.0000E+00  0.2000E+01
 -88.481  0.0000E+00  0.2000E+01
 -88.476  0.0000E+00  0.2000E+01
 -88.471  0.0000E+00  0.2000E+01
 -88.466  0.0000E+00  0.2000E+01
 -88.461  0.0000E+00  0.2000E+01
 -88.456  0.0000E+00  0.2000E+01
 -88.451  0.0000E+00  0.2000E+01
 -88.446  0.0000E+00  0.2000E+01
 -88.441  0.0000E+00  0.2000E+01
 -88.436  0.0000E+00  0.2000E+01
 -88.431  0.0000E+00  0.2000E+01
 -88.426  0.0000E+00  0.2000E+01
 -88.421  0.0000E+00  0.2000E+01
 -88.416  0.0000E+00  0.2000E+01
 -88.411  0.0000E+00  0.2000E+01
 -88.406  0.0000E+00  0.2000E+01
 -88.401  0.0000E+00  0.2000E+01
 -88.396  0.0000E+00  0.2000E+01
 -88.391  0.0000E+00  0.2000E+01
 -88.386  0.0000E+00  0.2000E+01
 -88.381  0.0000E+00  0.2000E+01
 -88.376  0.0000E+00  0.2000E+01
 -88.371  0.0000E+00  0.2000E+01
 -88.366  0.0000E+00  0.2000E+01
 -88.361  0.0000E+00  0.2000E+01
 -88.356  0.0000E+00  0.2000E+01
 -88.351  0.0000E+00  0.2000E+01
 -88.346  0.0000E+00  0.2000E+01
 -88.341  0.0000E+00  0.2000E+01
 -88.336  0.0000E+00  0.2000E+01
 -88.331  0.0000E+00  0.2000E+01
 -88.326  0.0000E+00  0.2000E+01
 -88.321  0.0000E+00  0.2000E+01
 -88.316  0.0000E+00  0.2000E+01
 -88.311  0.0000E+00  0.2000E+01
 -88.306  0.0000E+00  0.2000E+01
 -88.301  0.0000E+00  0.2000E+01
 -88.296  0.0000E+00  0.2000E+01
 -88.291  0.0000E+00  0.2000E+01
 -88.286  0.0000E+00  0.2000E+01
 -88.281  0.0000E+00  0.2000E+01
 -88.276  0.0000E+00  0.2000E+01
 -88.271  0.0000E+00  0.2000E+01
 -88.266  0.0000E+00  0.2000E+01
 -88.261  0.0000E+00  0.2000E+01
 -88.256  0.0000E+00  0.2000E+01
 -88.251  0.0000E+00  0.2000E+01
 -88.246  0.0000E+00  0.2000E+01
 -88.241  0.0000E+00  0.2000E+01
 -88.236  0.0000E+00  0.2000E+01
 -88.231  0.0000E+00  0.2000E+01
 -88.226  0.0000E+00  0.2000E+01
 -88.221  0.0000E+00  0.2000E+01
 -88.216  0.0000E+00  0.2000E+01
 -88.211  0.0000E+00  0.2000E+01
 -88.206  0.0000E+00  0.2000E+01
 -88.201  0.0000E+00  0.2000E+01
 -88.196  0.0000E+00  0.2000E+01
 -88.191  0.0000E+00  0.2000E+01
 -88.186  0.0000E+00  0.2000E+01
 -88.181  0.0000E+00  0.2000E+01
 -88.176  0.0000E+00  0.2000E+01
 -88.171  0.0000E+00  0.2000E+01
 -88.166  0.0000E+00  0.2000E+01
 -88.161  0.0000E+00  0.2000E+01
 -88.156  0.0000E+00  0.2000E+01
 -88.151  0.0000E+00  0.2000E+01
 -88.146  0.0000E+00  0.2000E+01
 -88.141  0.0000E+00  0.2000E+01
 -88.136  0.0000E+00  0.2000E+01
 -88.131  0.0000E+00  0.2000E+01
 -88.126  0.0000E+00  0.2000E+01
 -88.121  0.0000E+00  0.2000E+01
 -88.116  0.0000E+00  0.2000E+01
 -88.111  0.0000E+00  0.2000E+01
 -88.106  0.0000E+00  0.2000E+01
 -88.101  0.0000E+00  0.2000E+01
 -88.096  0.0000E+00  0.2000E+01
 -88.091  0.0000E+00  0.2000E+01
 -88.086  0.0000E+00  0.2000E+01
 -88.081  0.0000E+00  0.2000E+01
 -88.076  0.0000E+00  0.2000E+01
 -88.071  0.0000E+00  0.2000E+01
 -88.066  0.0000E+00  0.2000E+01
 -88.061  0.0000E+00  0.2000E+01
 -88.056  0.0000E+00  0.2000E+01
 -88.051  0.0000E+00  0.2000E+01
 -88.046  0.0000E+00  0.2000E+01
 -88.041  0.0000E+00  0.2000E+01
 -88.036  0.0000E+00  0.2000E+01
 -88.031  0.0000E+00  0.2000E+01
 -88.026  0.0000E+00  0.2000E+01
 -88.021  0.0000E+00  0.2000E+01
 -88.016  0.0000E+00  0.2000E+01
 -88.011  0.0000E+00  0.2000E+01
 -88.006  0.0000E+00  0.2000E+01
 -88.001  0.0000E+00  0.2000E+01
 -87.996  0.0000E+00  0.2000E+01
 -87.991  0.0000E+00  0.2000E+01
 -87.986  0.0000E+00  0.2000E+01
 -87.981  0.0000E+00  0.2000E+01
 -87.976  0.0000E+00  0.2000E+01
 -87.971  0.0000E+00  0.2000E+01
 -87.966  0.0000E+00  0.2000E+01
 -87.961  0.0000E+00  0.2000E+01
 -87.956  0.0000E+00  0.2000E+01
 -87.951  0.0000E+00  0.2000E+01
 -87.946  0.0000E+00  0.2000E+01
 -87.941  0.0000E+00  0.2000E+01
 -87.936  0.0000E+00  0.2000E+01
 -87.931  0.0000E+00  0.2000E+01
 -87.926  0.0000E+00  0.2000E+01
 -87.921  0.0000E+00  0.2000E+01
 -87.916  0.0000E+00  0.2000E+01
 -87.911  0.0000E+00  0.2000E+01
 -87.906  0.0000E+00  0.2000E+01
 -87.901  0.0000E+00  0.2000E+01
 -87.896  0.0000E+00  0.2000E+01
 -87.891  0.0000E+00  0.2000E+01
 -87.886  0.0000E+00  0.2000E+01
 -87.881  0.0000E+00  0.2000E+01
 -87.876  0.0000E+00  0.2000E+01
 -87.871  0.0000E+00  0.2000E+01
 -87.866  0.0000E+00  0.2000E+01
 -87.861  0.0000E+00  0.2000E+01
 -87.856  0.0000E+00  0.2000E+01
 -87.851  0.0000E+00  0.2000E+01
 -87.846  0.0000E+00  0.2000E+01
 -87.841  0.0000E+00  0.2000E+01
 -87.836  0.0000E+00  0.2000E+01
 -87.831  0.0000E+00  0.2000E+01
 -87.826  0.0000E+00  0.2000E+01
 -87.821  0.0000E+00  0.2000E+01
 -87.816  0.0000E+00  0.2000E+01
 -87.811  0.0000E+00  0.2000E+01
 -87.806  0.0000E+00  0.2000E+01
 -87.801  0.0000E+00  0.2000E+01
 -87.796  0.0000E+00  0.2000E+01
 -87.791  0.0000E+00  0.2000E+01
 -87.786  0.0000E+00  0.2000E+01
 -87.781  0.0000E+00  0.2000E+01
 -87.776  0.0000E+00  0.2000E+01
 -87.771  0.0000E+00  0.2000E+01
 -87.766  0.0000E+00  0.2000E+01
 -87.761  0.0000E+00  0.2000E+01
 -87.756  0.0000E+00  0.2000E+01
 -87.751  0.0000E+00  0.2000E+01
 -87.746  0.0000E+00  0.2000E+01
 -87.741  0.0000E+00  0.2000E+01
 -87.736  0.0000E+00  0.2000E+01
 -87.731  0.0000E+00  0.2000E+01
 -87.726  0.0000E+00  0.2000E+01
 -87.721  0.0000E+00  0.2000E+01
 -87.716  0.0000E+00  0.2000E+01
 -87.711  0.0000E+00  0.2000E+01
 -87.706  0.0000E+00  0.2000E+01
 -87.701  0.0000E+00  0.2000E+01
 -87.696  0.0000E+00  0.2000E+01
 -87.691  0.0000E+00  0.2000E+01
 -87.686  0.0000E+00  0.2000E+01
 -87.681  0.0000E+00  0.2000E+01
 -87.676  0.0000E+00  0.2000E+01
 -87.671  0.0000E+00  0.2000E+01
 -87.666  0.0000E+00  0.2000E+01
 -87.661  0.0000E+00  0.2000E+01
 -87.656  0.0000E+00  0.2000E+01
 -87.651  0.0000E+00  0.2000E+01
 -87.646  0.0000E+00  0.2000E+01
 -87.641  0.0000E+00  0.2000E+01
 -87.636  0.0000E+00  0.2000E+01
 -87.631  0.0000E+00  0.2000E+01
 -87.626  0.0000E+00  0.2000E+01
 -87.621  0.0000E+00  0.2000E+01
 -87.616  0.0000E+00  0.2000E+01
 -87.611  0.0000E+00  0.2000E+01
 -87.606  0.0000E+00  0.2000E+01
 -87.601  0.0000E+00  0.2000E+01
 -87.596  0.0000E+00  0.2000E+01
 -87.591  0.0000E+00  0.2000E+01
 -87.586  0.0000E+00  0.2000E+01
 -87.581  0.0000E+00  0.2000E+01
 -87.576  0.0000E+00  0.2000E+01
 -87.571  0.0000E+00  0.2000E+01
 -87.566  0.0000E+00  0.2000E+01
 -87.561  0.0000E+00  0.2000E+01
 -87.556  0.0000E+00  0.2000E+01
 -87.551  0.0000E+00  0.2000E+01
 -87.546  0.0000E+00  0.2000E+01
 -87.541  0.0000E+00  0.2000E+01
 -87.536  0.0000E+00  0.2000E+01
 -87.531  0.0000E+00  0.2000E+01
 -87.526  0.0000E+00  0.2000E+01
 -87.521  0.0000E+00  0.2000E+01
 -87.516  0.0000E+00  0.2000E+01
 -87.511  0.0000E+00  0.2000E+01
 -87.506  0.0000E+00  0.2000E+01
 -87.501  0.0000E+00  0.2000E+01
 -87.496  0.0000E+00  0.2000E+01
 -87.491  0.0000E+00  0.2000E+01
 -87.486  0.0000E+00  0.2000E+01
 -87.481  0.0000E+00  0.2000E+01
 -87.476  0.0000E+00  0.2000E+01
 -87.471  0.0000E+00  0.2000E+01
 -87.466  0.0000E+00  0.2000E+01
 -87.461  0.0000E+00  0.2000E+01
 -87.456  0.0000E+00  0.2000E+01
 -87.451  0.0000E+00  0.2000E+01
 -87.446  0.0000E+00  0.2000E+01
 -87.441  0.0000E+00  0.2000E+01
 -87.436  0.0000E+00  0.2000E+01
 -87.431  0.0000E+00  0.2000E+01
 -87.426  0.0000E+00  0.2000E+01
 -87.421  0.0000E+00  0.2000E+01
 -87.416  0.0000E+00  0.2000E+01
 -87.411  0.0000E+00  0.2000E+01
 -87.406  0.0000E+00  0.2000E+01
 -87.401  0.0000E+00  0.2000E+01
 -87.396  0.0000E+00  0.2000E+01
 -87.391  0.0000E+00  0.2000E+01
 -87.386  0.0000E+00  0.2000E+01
 -87.381  0.0000E+00  0.2000E+01
 -87.376  0.0000E+00  0.2000E+01
 -87.371  0.0000E+00  0.2000E+01
 -87.366  0.0000E+00  0.2000E+01
 -87.361  0.0000E+00  0.2000E+01
 -87.356  0.0000E+00  0.2000E+01
 -87.351  0.0000E+00  0.2000E+01
 -87.346  0.0000E+00  0.2000E+01
 -87.341  0.0000E+00  0.2000E+01
 -87.336  0.0000E+00  0.2000E+01
 -87.331  0.0000E+00  0.2000E+01
 -87.326  0.0000E+00  0.2000E+01
 -87.321  0.0000E+00  0.2000E+01
 -87.316  0.0000E+00  0.2000E+01
 -87.311  0.0000E+00  0.2000E+01
 -87.306  0.0000E+00  0.2000E+01
 -87.301  0.0000E+00  0.2000E+01
 -87.296  0.0000E+00  0.2000E+01
 -87.291  0.0000E+00  0.2000E+01
 -87.286  0.0000E+00  0.2000E+01
 -87.281  0.0000E+00  0.2000E+01
 -87.276  0.0000E+00  0.2000E+01
 -87.271  0.0000E+00  0.2000E+01
 -87.266  0.0000E+00  0.2000E+01
 -87.261  0.0000E+00  0.2000E+01
 -87.256  0.0000E+00  0.2000E+01
 -87.251  0.0000E+00  0.2000E+01
 -87.246  0.0000E+00  0.2000E+01
 -87.241  0.0000E+00  0.2000E+01
 -87.236  0.0000E+00  0.2000E+01
 -87.231  0.0000E+00  0.2000E+01
 -87.226  0.0000E+00  0.2000E+01
 -87.221  0.0000E+00  0.2000E+01
 -87.216  0.0000E+00  0.2000E+01
 -87.211  0.0000E+00  0.2000E+01
 -87.206  0.0000E+00  0.2000E+01
 -87.201  0.0000E+00  0.2000E+01
 -87.196  0.0000E+00  0.2000E+01
 -87.191  0.0000E+00  0.2000E+01
 -87.186  0.0000E+00  0.2000E+01
 -87.181  0.0000E+00  0.2000E+01
 -87.176  0.0000E+00  0.2000E+01
 -87.171  0.0000E+00  0.2000E+01
 -87.166  0.0000E+00  0.2000E+01
 -87.161  0.0000E+00  0.2000E+01
 -87.156  0.0000E+00  0.2000E+01
 -87.151  0.0000E+00  0.2000E+01
 -87.146  0.0000E+00  0.2000E+01
 -87.141  0.0000E+00  0.2000E+01
 -87.136  0.0000E+00  0.2000E+01
 -87.131  0.0000E+00  0.2000E+01
 -87.126  0.0000E+00  0.2000E+01
 -87.121  0.0000E+00  0.2000E+01
 -87.116  0.0000E+00  0.2000E+01
 -87.111  0.0000E+00  0.2000E+01
 -87.106  0.0000E+00  0.2000E+01
 -87.101  0.0000E+00  0.2000E+01
 -87.096  0.0000E+00  0.2000E+01
 -87.091  0.0000E+00  0.2000E+01
 -87.086  0.0000E+00  0.2000E+01
 -87.081  0.0000E+00  0.2000E+01
 -87.076  0.0000E+00  0.2000E+01
 -87.071  0.0000E+00  0.2000E+01
 -87.066  0.0000E+00  0.2000E+01
 -87.061  0.0000E+00  0.2000E+01
 -87.056  0.0000E+00  0.2000E+01
 -87.051  0.0000E+00  0.2000E+01
 -87.046  0.0000E+00  0.2000E+01
 -87.041  0.0000E+00  0.2000E+01
 -87.036  0.0000E+00  0.2000E+01
 -87.031  0.0000E+00  0.2000E+01
 -87.026  0.0000E+00  0.2000E+01
 -87.021  0.0000E+00  0.2000E+01
 -87.016  0.0000E+00  0.2000E+01
 -87.011  0.0000E+00  0.2000E+01
 -87.006  0.0000E+00  0.2000E+01
 -87.001  0.0000E+00  0.2000E+01
 -86.996  0.0000E+00  0.2000E+01
 -86.991  0.0000E+00  0.2000E+01
 -86.986  0.0000E+00  0.2000E+01
 -86.981  0.0000E+00  0.2000E+01
 -86.976  0.0000E+00  0.2000E+01
 -86.971  0.0000E+00  0.2000E+01
 -86.966  0.0000E+00  0.2000E+01
 -86.961  0.0000E+00  0.2000E+01
 -86.956  0.0000E+00  0.2000E+01
 -86.951  0.0000E+00  0.2000E+01
 -86.946  0.0000E+00  0.2000E+01
 -86.941  0.0000E+00  0.2000E+01
 -86.936  0.0000E+00  0.2000E+01
 -86.931  0.0000E+00  0.2000E+01
 -86.926  0.0000E+00  0.2000E+01
 -86.921  0.0000E+00  0.2000E+01
 -86.916  0.0000E+00  0.2000E+01
 -86.911  0.0000E+00  0.2000E+01
 -86.906  0.0000E+00  0.2000E+01
 -86.901  0.0000E+00  0.2000E+01
 -86.896  0.0000E+00  0.2000E+01
 -86.891  0.0000E+00  0.2000E+01
 -86.886  0.0000E+00  0.2000E+01
 -86.881  0.0000E+00  0.2000E+01
 -86.876  0.0000E+00  0.2000E+01
 -86.871  0.0000E+00  0.2000E+01
 -86.866  0.0000E+00  0.2000E+01
 -86.861  0.0000E+00  0.2000E+01
 -86.856  0.0000E+00  0.2000E+01
 -86.851  0.0000E+00  0.2000E+01
 -86.846  0.0000E+00  0.2000E+01
 -86.841  0.0000E+00  0.2000E+01
 -86.836  0.0000E+00  0.2000E+01
 -86.831  0.0000E+00  0.2000E+01
 -86.826  0.0000E+00  0.2000E+01
 -86.821  0.0000E+00  0.2000E+01
 -86.816  0.0000E+00  0.2000E+01
 -86.811  0.0000E+00  0.2000E+01
 -86.806  0.0000E+00  0.2000E+01
 -86.801  0.0000E+00  0.2000E+01
 -86.796  0.0000E+00  0.2000E+01
 -86.791  0.0000E+00  0.2000E+01
 -86.786  0.0000E+00  0.2000E+01
 -86.781  0.0000E+00  0.2000E+01
 -86.776  0.0000E+00  0.2000E+01
 -86.771  0.0000E+00  0.2000E+01
 -86.766  0.0000E+00  0.2000E+01
 -86.761  0.0000E+00  0.2000E+01
 -86.756  0.0000E+00  0.2000E+01
 -86.751  0.0000E+00  0.2000E+01
 -86.746  0.0000E+00  0.2000E+01
 -86.741  0.0000E+00  0.2000E+01
 -86.736  0.0000E+00  0.2000E+01
 -86.731  0.0000E+00  0.2000E+01
 -86.726  0.0000E+00  0.2000E+01
 -86.721  0.0000E+00  0.2000E+01
 -86.716  0.0000E+00  0.2000E+01
 -86.711  0.0000E+00  0.2000E+01
 -86.706  0.0000E+00  0.2000E+01
 -86.701  0.0000E+00  0.2000E+01
 -86.696  0.0000E+00  0.2000E+01
 -86.691  0.0000E+00  0.2000E+01
 -86.686  0.0000E+00  0.2000E+01
 -86.681  0.0000E+00  0.2000E+01
 -86.676  0.0000E+00  0.2000E+01
 -86.671  0.0000E+00  0.2000E+01
 -86.666  0.0000E+00  0.2000E+01
 -86.661  0.0000E+00  0.2000E+01
 -86.656  0.0000E+00  0.2000E+01
 -86.651  0.0000E+00  0.2000E+01
 -86.646  0.0000E+00  0.2000E+01
 -86.641  0.0000E+00  0.2000E+01
 -86.636  0.0000E+00  0.2000E+01
 -86.631  0.0000E+00  0.2000E+01
 -86.626  0.0000E+00  0.2000E+01
 -86.621  0.0000E+00  0.2000E+01
 -86.616  0.0000E+00  0.2000E+01
 -86.611  0.0000E+00  0.2000E+01
 -86.606  0.0000E+00  0.2000E+01
 -86.601  0.0000E+00  0.2000E+01
 -86.596  0.0000E+00  0.2000E+01
 -86.591  0.0000E+00  0.2000E+01
 -86.586  0.0000E+00  0.2000E+01
 -86.581  0.0000E+00  0.2000E+01
 -86.576  0.0000E+00  0.2000E+01
 -86.571  0.0000E+00  0.2000E+01
 -86.566  0.0000E+00  0.2000E+01
 -86.561  0.0000E+00  0.2000E+01
 -86.556  0.0000E+00  0.2000E+01
 -86.551  0.0000E+00  0.2000E+01
 -86.546  0.0000E+00  0.2000E+01
 -86.541  0.0000E+00  0.2000E+01
 -86.536  0.0000E+00  0.2000E+01
 -86.531  0.0000E+00  0.2000E+01
 -86.526  0.0000E+00  0.2000E+01
 -86.521  0.0000E+00  0.2000E+01
 -86.516  0.0000E+00  0.2000E+01
 -86.511  0.0000E+00  0.2000E+01
 -86.506  0.0000E+00  0.2000E+01
 -86.501  0.0000E+00  0.2000E+01
 -86.496  0.0000E+00  0.2000E+01
 -86.491  0.0000E+00  0.2000E+01
 -86.486  0.0000E+00  0.2000E+01
 -86.481  0.0000E+00  0.2000E+01
 -86.476  0.0000E+00  0.2000E+01
 -86.471  0.0000E+00  0.2000E+01
 -86.466  0.0000E+00  0.2000E+01
 -86.461  0.0000E+00  0.2000E+01
 -86.456  0.0000E+00  0.2000E+01
 -86.451  0.0000E+00  0.2000E+01
 -86.446  0.0000E+00  0.2000E+01
 -86.441  0.0000E+00  0.2000E+01
 -86.436  0.0000E+00  0.2000E+01
 -86.431  0.0000E+00  0.2000E+01
 -86.426  0.0000E+00  0.2000E+01
 -86.421  0.0000E+00  0.2000E+01
 -86.416  0.0000E+00  0.2000E+01
 -86.411  0.0000E+00  0.2000E+01
 -86.406  0.0000E+00  0.2000E+01
 -86.401  0.0000E+00  0.2000E+01
 -86.396  0.0000E+00  0.2000E+01
 -86.391  0.0000E+00  0.2000E+01
 -86.386  0.0000E+00  0.2000E+01
 -86.381  0.0000E+00  0.2000E+01
 -86.376  0.0000E+00  0.2000E+01
 -86.371  0.0000E+00  0.2000E+01
 -86.366  0.0000E+00  0.2000E+01
 -86.361  0.0000E+00  0.2000E+01
 -86.356  0.0000E+00  0.2000E+01
 -86.351  0.0000E+00  0.2000E+01
 -86.346  0.0000E+00  0.2000E+01
 -86.341  0.0000E+00  0.2000E+01
 -86.336  0.0000E+00  0.2000E+01
 -86.331  0.0000E+00  0.2000E+01
 -86.326  0.0000E+00  0.2000E+01
 -86.321  0.0000E+00  0.2000E+01
 -86.316  0.0000E+00  0.2000E+01
 -86.311  0.0000E+00  0.2000E+01
 -86.306  0.0000E+00  0.2000E+01
 -86.301  0.0000E+00  0.2000E+01
 -86.296  0.0000E+00  0.2000E+01
 -86.291  0.0000E+00  0.2000E+01
 -86.286  0.0000E+00  0.2000E+01
 -86.281  0.0000E+00  0.2000E+01
 -86.276  0.0000E+00  0.2000E+01
 -86.271  0.0000E+00  0.2000E+01
 -86.266  0.0000E+00  0.2000E+01
 -86.261  0.0000E+00  0.2000E+01
 -86.256  0.0000E+00  0.2000E+01
 -86.251  0.0000E+00  0.2000E+01
 -86.246  0.0000E+00  0.2000E+01
 -86.241  0.0000E+00  0.2000E+01
 -86.236  0.0000E+00  0.2000E+01
 -86.231  0.0000E+00  0.2000E+01
 -86.226  0.0000E+00  0.2000E+01
 -86.221  0.0000E+00  0.2000E+01
 -86.216  0.0000E+00  0.2000E+01
 -86.211  0.0000E+00  0.2000E+01
 -86.206  0.0000E+00  0.2000E+01
 -86.201  0.0000E+00  0.2000E+01
 -86.196  0.0000E+00  0.2000E+01
 -86.191  0.0000E+00  0.2000E+01
 -86.186  0.0000E+00  0.2000E+01
 -86.181  0.0000E+00  0.2000E+01
 -86.176  0.0000E+00  0.2000E+01
 -86.171  0.0000E+00  0.2000E+01
 -86.166  0.0000E+00  0.2000E+01
 -86.161  0.0000E+00  0.2000E+01
 -86.156  0.0000E+00  0.2000E+01
 -86.151  0.0000E+00  0.2000E+01
 -86.146  0.0000E+00  0.2000E+01
 -86.141  0.0000E+00  0.2000E+01
 -86.136  0.0000E+00  0.2000E+01
 -86.131  0.0000E+00  0.2000E+01
 -86.126  0.0000E+00  0.2000E+01
 -86.121  0.0000E+00  0.2000E+01
 -86.116  0.0000E+00  0.2000E+01
 -86.111  0.0000E+00  0.2000E+01
 -86.106  0.0000E+00  0.2000E+01
 -86.101  0.0000E+00  0.2000E+01
 -86.096  0.0000E+00  0.2000E+01
 -86.091  0.0000E+00  0.2000E+01
 -86.086  0.0000E+00  0.2000E+01
 -86.081  0.0000E+00  0.2000E+01
 -86.076  0.0000E+00  0.2000E+01
 -86.071  0.0000E+00  0.2000E+01
 -86.066  0.0000E+00  0.2000E+01
 -86.061  0.0000E+00  0.2000E+01
 -86.056  0.0000E+00  0.2000E+01
 -86.051  0.0000E+00  0.2000E+01
 -86.046  0.0000E+00  0.2000E+01
 -86.041  0.0000E+00  0.2000E+01
 -86.036  0.0000E+00  0.2000E+01
 -86.031  0.0000E+00  0.2000E+01
 -86.026  0.0000E+00  0.2000E+01
 -86.021  0.0000E+00  0.2000E+01
 -86.016  0.0000E+00  0.2000E+01
 -86.011  0.0000E+00  0.2000E+01
 -86.006  0.0000E+00  0.2000E+01
 -86.001  0.0000E+00  0.2000E+01
 -85.996  0.0000E+00  0.2000E+01
 -85.991  0.0000E+00  0.2000E+01
 -85.986  0.0000E+00  0.2000E+01
 -85.981  0.0000E+00  0.2000E+01
 -85.976  0.0000E+00  0.2000E+01
 -85.971  0.0000E+00  0.2000E+01
 -85.966  0.0000E+00  0.2000E+01
 -85.961  0.0000E+00  0.2000E+01
 -85.956  0.0000E+00  0.2000E+01
 -85.951  0.0000E+00  0.2000E+01
 -85.946  0.0000E+00  0.2000E+01
 -85.941  0.0000E+00  0.2000E+01
 -85.936  0.0000E+00  0.2000E+01
 -85.931  0.0000E+00  0.2000E+01
 -85.926  0.0000E+00  0.2000E+01
 -85.921  0.0000E+00  0.2000E+01
 -85.916  0.0000E+00  0.2000E+01
 -85.911  0.0000E+00  0.2000E+01
 -85.906  0.0000E+00  0.2000E+01
 -85.901  0.0000E+00  0.2000E+01
 -85.896  0.0000E+00  0.2000E+01
 -85.891  0.0000E+00  0.2000E+01
 -85.886  0.0000E+00  0.2000E+01
 -85.881  0.0000E+00  0.2000E+01
 -85.876  0.0000E+00  0.2000E+01
 -85.871  0.0000E+00  0.2000E+01
 -85.866  0.0000E+00  0.2000E+01
 -85.861  0.0000E+00  0.2000E+01
 -85.856  0.0000E+00  0.2000E+01
 -85.851  0.0000E+00  0.2000E+01
 -85.846  0.0000E+00  0.2000E+01
 -85.841  0.0000E+00  0.2000E+01
 -85.836  0.0000E+00  0.2000E+01
 -85.831  0.0000E+00  0.2000E+01
 -85.826  0.0000E+00  0.2000E+01
 -85.821  0.0000E+00  0.2000E+01
 -85.816  0.0000E+00  0.2000E+01
 -85.811  0.0000E+00  0.2000E+01
 -85.806  0.0000E+00  0.2000E+01
 -85.801  0.0000E+00  0.2000E+01
 -85.796  0.0000E+00  0.2000E+01
 -85.791  0.0000E+00  0.2000E+01
 -85.786  0.0000E+00  0.2000E+01
 -85.781  0.0000E+00  0.2000E+01
 -85.776  0.0000E+00  0.2000E+01
 -85.771  0.0000E+00  0.2000E+01
 -85.766  0.0000E+00  0.2000E+01
 -85.761  0.0000E+00  0.2000E+01
 -85.756  0.0000E+00  0.2000E+01
 -85.751  0.0000E+00  0.2000E+01
 -85.746  0.0000E+00  0.2000E+01
 -85.741  0.0000E+00  0.2000E+01
 -85.736  0.0000E+00  0.2000E+01
 -85.731  0.0000E+00  0.2000E+01
 -85.726  0.0000E+00  0.2000E+01
 -85.721  0.0000E+00  0.2000E+01
 -85.716  0.0000E+00  0.2000E+01
 -85.711  0.0000E+00  0.2000E+01
 -85.706  0.0000E+00  0.2000E+01
 -85.701  0.0000E+00  0.2000E+01
 -85.696  0.0000E+00  0.2000E+01
 -85.691  0.0000E+00  0.2000E+01
 -85.686  0.0000E+00  0.2000E+01
 -85.681  0.0000E+00  0.2000E+01
 -85.676  0.0000E+00  0.2000E+01
 -85.671  0.0000E+00  0.2000E+01
 -85.666  0.0000E+00  0.2000E+01
 -85.661  0.0000E+00  0.2000E+01
 -85.656  0.0000E+00  0.2000E+01
 -85.651  0.0000E+00  0.2000E+01
 -85.646  0.0000E+00  0.2000E+01
 -85.641  0.0000E+00  0.2000E+01
 -85.636  0.0000E+00  0.2000E+01
 -85.631  0.0000E+00  0.2000E+01
 -85.626  0.0000E+00  0.2000E+01
 -85.621  0.0000E+00  0.2000E+01
 -85.616  0.0000E+00  0.2000E+01
 -85.611  0.0000E+00  0.2000E+01
 -85.606  0.0000E+00  0.2000E+01
 -85.601  0.0000E+00  0.2000E+01
 -85.596  0.0000E+00  0.2000E+01
 -85.591  0.0000E+00  0.2000E+01
 -85.586  0.0000E+00  0.2000E+01
 -85.581  0.0000E+00  0.2000E+01
 -85.576  0.0000E+00  0.2000E+01
 -85.571  0.0000E+00  0.2000E+01
 -85.566  0.0000E+00  0.2000E+01
 -85.561  0.0000E+00  0.2000E+01
 -85.556  0.0000E+00  0.2000E+01
 -85.551  0.0000E+00  0.2000E+01
 -85.546  0.0000E+00  0.2000E+01
 -85.541  0.0000E+00  0.2000E+01
 -85.536  0.0000E+00  0.2000E+01
 -85.531  0.0000E+00  0.2000E+01
 -85.526  0.0000E+00  0.2000E+01
 -85.521  0.0000E+00  0.2000E+01
 -85.516  0.0000E+00  0.2000E+01
 -85.511  0.0000E+00  0.2000E+01
 -85.506  0.0000E+00  0.2000E+01
 -85.501  0.0000E+00  0.2000E+01
 -85.496  0.0000E+00  0.2000E+01
 -85.491  0.0000E+00  0.2000E+01
 -85.486  0.0000E+00  0.2000E+01
 -85.481  0.0000E+00  0.2000E+01
 -85.476  0.0000E+00  0.2000E+01
 -85.471  0.0000E+00  0.2000E+01
 -85.466  0.0000E+00  0.2000E+01
 -85.461  0.0000E+00  0.2000E+01
 -85.456  0.0000E+00  0.2000E+01
 -85.451  0.0000E+00  0.2000E+01
 -85.446  0.0000E+00  0.2000E+01
 -85.441  0.0000E+00  0.2000E+01
 -85.436  0.0000E+00  0.2000E+01
 -85.431  0.0000E+00  0.2000E+01
 -85.426  0.0000E+00  0.2000E+01
 -85.421  0.0000E+00  0.2000E+01
 -85.416  0.0000E+00  0.2000E+01
 -85.411  0.0000E+00  0.2000E+01
 -85.406  0.0000E+00  0.2000E+01
 -85.401  0.0000E+00  0.2000E+01
 -85.396  0.0000E+00  0.2000E+01
 -85.391  0.0000E+00  0.2000E+01
 -85.386  0.0000E+00  0.2000E+01
 -85.381  0.0000E+00  0.2000E+01
 -85.376  0.0000E+00  0.2000E+01
 -85.371  0.0000E+00  0.2000E+01
 -85.366  0.0000E+00  0.2000E+01
 -85.361  0.0000E+00  0.2000E+01
 -85.356  0.0000E+00  0.2000E+01
 -85.351  0.0000E+00  0.2000E+01
 -85.346  0.0000E+00  0.2000E+01
 -85.341  0.0000E+00  0.2000E+01
 -85.336  0.0000E+00  0.2000E+01
 -85.331  0.0000E+00  0.2000E+01
 -85.326  0.0000E+00  0.2000E+01
 -85.321  0.0000E+00  0.2000E+01
 -85.316  0.0000E+00  0.2000E+01
 -85.311  0.0000E+00  0.2000E+01
 -85.306  0.0000E+00  0.2000E+01
 -85.301  0.0000E+00  0.2000E+01
 -85.296  0.0000E+00  0.2000E+01
 -85.291  0.0000E+00  0.2000E+01
 -85.286  0.0000E+00  0.2000E+01
 -85.281  0.0000E+00  0.2000E+01
 -85.276  0.0000E+00  0.2000E+01
 -85.271  0.0000E+00  0.2000E+01
 -85.266  0.0000E+00  0.2000E+01
 -85.261  0.0000E+00  0.2000E+01
 -85.256  0.0000E+00  0.2000E+01
 -85.251  0.0000E+00  0.2000E+01
 -85.246  0.0000E+00  0.2000E+01
 -85.241  0.0000E+00  0.2000E+01
 -85.236  0.0000E+00  0.2000E+01
 -85.231  0.0000E+00  0.2000E+01
 -85.226  0.0000E+00  0.2000E+01
 -85.221  0.0000E+00  0.2000E+01
 -85.216  0.0000E+00  0.2000E+01
 -85.211  0.0000E+00  0.2000E+01
 -85.206  0.0000E+00  0.2000E+01
 -85.201  0.0000E+00  0.2000E+01
 -85.196  0.0000E+00  0.2000E+01
 -85.191  0.0000E+00  0.2000E+01
 -85.186  0.0000E+00  0.2000E+01
 -85.181  0.0000E+00  0.2000E+01
 -85.176  0.0000E+00  0.2000E+01
 -85.171  0.0000E+00  0.2000E+01
 -85.166  0.0000E+00  0.2000E+01
 -85.161  0.0000E+00  0.2000E+01
 -85.156  0.0000E+00  0.2000E+01
 -85.151  0.0000E+00  0.2000E+01
 -85.146  0.0000E+00  0.2000E+01
 -85.141  0.0000E+00  0.2000E+01
 -85.136  0.0000E+00  0.2000E+01
 -85.131  0.0000E+00  0.2000E+01
 -85.126  0.0000E+00  0.2000E+01
 -85.121  0.0000E+00  0.2000E+01
 -85.116  0.0000E+00  0.2000E+01
 -85.111  0.0000E+00  0.2000E+01
 -85.106  0.0000E+00  0.2000E+01
 -85.101  0.0000E+00  0.2000E+01
 -85.096  0.0000E+00  0.2000E+01
 -85.091  0.0000E+00  0.2000E+01
 -85.086  0.0000E+00  0.2000E+01
 -85.081  0.0000E+00  0.2000E+01
 -85.076  0.0000E+00  0.2000E+01
 -85.071  0.0000E+00  0.2000E+01
 -85.066  0.0000E+00  0.2000E+01
 -85.061  0.0000E+00  0.2000E+01
 -85.056  0.0000E+00  0.2000E+01
 -85.051  0.0000E+00  0.2000E+01
 -85.046  0.0000E+00  0.2000E+01
 -85.041  0.0000E+00  0.2000E+01
 -85.036  0.0000E+00  0.2000E+01
 -85.031  0.0000E+00  0.2000E+01
 -85.026  0.0000E+00  0.2000E+01
 -85.021  0.0000E+00  0.2000E+01
 -85.016  0.0000E+00  0.2000E+01
 -85.011  0.0000E+00  0.2000E+01
 -85.006  0.0000E+00  0.2000E+01
 -85.001  0.0000E+00  0.2000E+01
 -84.996  0.0000E+00  0.2000E+01
 -84.991  0.0000E+00  0.2000E+01
 -84.986  0.0000E+00  0.2000E+01
 -84.981  0.0000E+00  0.2000E+01
 -84.976  0.0000E+00  0.2000E+01
 -84.971  0.0000E+00  0.2000E+01
 -84.966  0.0000E+00  0.2000E+01
 -84.961  0.0000E+00  0.2000E+01
 -84.956  0.0000E+00  0.2000E+01
 -84.951  0.0000E+00  0.2000E+01
 -84.946  0.0000E+00  0.2000E+01
 -84.941  0.0000E+00  0.2000E+01
 -84.936  0.0000E+00  0.2000E+01
 -84.931  0.0000E+00  0.2000E+01
 -84.926  0.0000E+00  0.2000E+01
 -84.921  0.0000E+00  0.2000E+01
 -84.916  0.0000E+00  0.2000E+01
 -84.911  0.0000E+00  0.2000E+01
 -84.906  0.0000E+00  0.2000E+01
 -84.901  0.0000E+00  0.2000E+01
 -84.896  0.0000E+00  0.2000E+01
 -84.891  0.0000E+00  0.2000E+01
 -84.886  0.0000E+00  0.2000E+01
 -84.881  0.0000E+00  0.2000E+01
 -84.876  0.0000E+00  0.2000E+01
 -84.871  0.0000E+00  0.2000E+01
 -84.866  0.0000E+00  0.2000E+01
 -84.861  0.0000E+00  0.2000E+01
 -84.856  0.0000E+00  0.2000E+01
 -84.851  0.0000E+00  0.2000E+01
 -84.846  0.0000E+00  0.2000E+01
 -84.841  0.0000E+00  0.2000E+01
 -84.836  0.0000E+00  0.2000E+01
 -84.831  0.0000E+00  0.2000E+01
 -84.826  0.0000E+00  0.2000E+01
 -84.821  0.0000E+00  0.2000E+01
 -84.816  0.0000E+00  0.2000E+01
 -84.811  0.0000E+00  0.2000E+01
 -84.806  0.0000E+00  0.2000E+01
 -84.801  0.0000E+00  0.2000E+01
 -84.796  0.0000E+00  0.2000E+01
 -84.791  0.0000E+00  0.2000E+01
 -84.786  0.0000E+00  0.2000E+01
 -84.781  0.0000E+00  0.2000E+01
 -84.776  0.0000E+00  0.2000E+01
 -84.771  0.0000E+00  0.2000E+01
 -84.766  0.0000E+00  0.2000E+01
 -84.761  0.0000E+00  0.2000E+01
 -84.756  0.0000E+00  0.2000E+01
 -84.751  0.0000E+00  0.2000E+01
 -84.746  0.0000E+00  0.2000E+01
 -84.741  0.0000E+00  0.2000E+01
 -84.736  0.0000E+00  0.2000E+01
 -84.731  0.0000E+00  0.2000E+01
 -84.726  0.0000E+00  0.2000E+01
 -84.721  0.0000E+00  0.2000E+01
 -84.716  0.0000E+00  0.2000E+01
 -84.711  0.0000E+00  0.2000E+01
 -84.706  0.0000E+00  0.2000E+01
 -84.701  0.0000E+00  0.2000E+01
 -84.696  0.0000E+00  0.2000E+01
 -84.691  0.0000E+00  0.2000E+01
 -84.686  0.0000E+00  0.2000E+01
 -84.681  0.0000E+00  0.2000E+01
 -84.676  0.0000E+00  0.2000E+01
 -84.671  0.0000E+00  0.2000E+01
 -84.666  0.0000E+00  0.2000E+01
 -84.661  0.0000E+00  0.2000E+01
 -84.656  0.0000E+00  0.2000E+01
 -84.651  0.0000E+00  0.2000E+01
 -84.646  0.0000E+00  0.2000E+01
 -84.641  0.0000E+00  0.2000E+01
 -84.636  0.0000E+00  0.2000E+01
 -84.631  0.0000E+00  0.2000E+01
 -84.626  0.0000E+00  0.2000E+01
 -84.621  0.0000E+00  0.2000E+01
 -84.616  0.0000E+00  0.2000E+01
 -84.611  0.0000E+00  0.2000E+01
 -84.606  0.0000E+00  0.2000E+01
 -84.601  0.0000E+00  0.2000E+01
 -84.596  0.0000E+00  0.2000E+01
 -84.591  0.0000E+00  0.2000E+01
 -84.586  0.0000E+00  0.2000E+01
 -84.581  0.0000E+00  0.2000E+01
 -84.576  0.0000E+00  0.2000E+01
 -84.571  0.0000E+00  0.2000E+01
 -84.566  0.0000E+00  0.2000E+01
 -84.561  0.0000E+00  0.2000E+01
 -84.556  0.0000E+00  0.2000E+01
 -84.551  0.0000E+00  0.2000E+01
 -84.546  0.0000E+00  0.2000E+01
 -84.541  0.0000E+00  0.2000E+01
 -84.536  0.0000E+00  0.2000E+01
 -84.531  0.0000E+00  0.2000E+01
 -84.526  0.0000E+00  0.2000E+01
 -84.521  0.0000E+00  0.2000E+01
 -84.516  0.0000E+00  0.2000E+01
 -84.511  0.0000E+00  0.2000E+01
 -84.506  0.0000E+00  0.2000E+01
 -84.501  0.0000E+00  0.2000E+01
 -84.496  0.0000E+00  0.2000E+01
 -84.491  0.0000E+00  0.2000E+01
 -84.486  0.0000E+00  0.2000E+01
 -84.481  0.0000E+00  0.2000E+01
 -84.476  0.0000E+00  0.2000E+01
 -84.471  0.0000E+00  0.2000E+01
 -84.466  0.0000E+00  0.2000E+01
 -84.461  0.0000E+00  0.2000E+01
 -84.456  0.0000E+00  0.2000E+01
 -84.451  0.0000E+00  0.2000E+01
 -84.446  0.0000E+00  0.2000E+01
 -84.441  0.0000E+00  0.2000E+01
 -84.436  0.0000E+00  0.2000E+01
 -84.431  0.0000E+00  0.2000E+01
 -84.426  0.0000E+00  0.2000E+01
 -84.421  0.0000E+00  0.2000E+01
 -84.416  0.0000E+00  0.2000E+01
 -84.411  0.0000E+00  0.2000E+01
 -84.406  0.0000E+00  0.2000E+01
 -84.401  0.0000E+00  0.2000E+01
 -84.396  0.0000E+00  0.2000E+01
 -84.391  0.0000E+00  0.2000E+01
 -84.386  0.0000E+00  0.2000E+01
 -84.381  0.0000E+00  0.2000E+01
 -84.376  0.0000E+00  0.2000E+01
 -84.371  0.0000E+00  0.2000E+01
 -84.366  0.0000E+00  0.2000E+01
 -84.361  0.0000E+00  0.2000E+01
 -84.356  0.0000E+00  0.2000E+01
 -84.351  0.0000E+00  0.2000E+01
 -84.346  0.0000E+00  0.2000E+01
 -84.341  0.0000E+00  0.2000E+01
 -84.336  0.0000E+00  0.2000E+01
 -84.331  0.0000E+00  0.2000E+01
 -84.326  0.0000E+00  0.2000E+01
 -84.321  0.0000E+00  0.2000E+01
 -84.316  0.0000E+00  0.2000E+01
 -84.311  0.0000E+00  0.2000E+01
 -84.306  0.0000E+00  0.2000E+01
 -84.301  0.0000E+00  0.2000E+01
 -84.296  0.0000E+00  0.2000E+01
 -84.291  0.0000E+00  0.2000E+01
 -84.286  0.0000E+00  0.2000E+01
 -84.281  0.0000E+00  0.2000E+01
 -84.276  0.0000E+00  0.2000E+01
 -84.271  0.0000E+00  0.2000E+01
 -84.266  0.0000E+00  0.2000E+01
 -84.261  0.0000E+00  0.2000E+01
 -84.256  0.0000E+00  0.2000E+01
 -84.251  0.0000E+00  0.2000E+01
 -84.246  0.0000E+00  0.2000E+01
 -84.241  0.0000E+00  0.2000E+01
 -84.236  0.0000E+00  0.2000E+01
 -84.231  0.0000E+00  0.2000E+01
 -84.226  0.0000E+00  0.2000E+01
 -84.221  0.0000E+00  0.2000E+01
 -84.216  0.0000E+00  0.2000E+01
 -84.211  0.0000E+00  0.2000E+01
 -84.206  0.0000E+00  0.2000E+01
 -84.201  0.0000E+00  0.2000E+01
 -84.196  0.0000E+00  0.2000E+01
 -84.191  0.0000E+00  0.2000E+01
 -84.186  0.0000E+00  0.2000E+01
 -84.181  0.0000E+00  0.2000E+01
 -84.176  0.0000E+00  0.2000E+01
 -84.171  0.0000E+00  0.2000E+01
 -84.166  0.0000E+00  0.2000E+01
 -84.161  0.0000E+00  0.2000E+01
 -84.156  0.0000E+00  0.2000E+01
 -84.151  0.0000E+00  0.2000E+01
 -84.146  0.0000E+00  0.2000E+01
 -84.141  0.0000E+00  0.2000E+01
 -84.136  0.0000E+00  0.2000E+01
 -84.131  0.0000E+00  0.2000E+01
 -84.126  0.0000E+00  0.2000E+01
 -84.121  0.0000E+00  0.2000E+01
 -84.116  0.0000E+00  0.2000E+01
 -84.111  0.0000E+00  0.2000E+01
 -84.106  0.0000E+00  0.2000E+01
 -84.101  0.0000E+00  0.2000E+01
 -84.096  0.0000E+00  0.2000E+01
 -84.091  0.0000E+00  0.2000E+01
 -84.086  0.0000E+00  0.2000E+01
 -84.081  0.0000E+00  0.2000E+01
 -84.076  0.0000E+00  0.2000E+01
 -84.071  0.0000E+00  0.2000E+01
 -84.066  0.0000E+00  0.2000E+01
 -84.061  0.0000E+00  0.2000E+01
 -84.056  0.0000E+00  0.2000E+01
 -84.051  0.0000E+00  0.2000E+01
 -84.046  0.0000E+00  0.2000E+01
 -84.041  0.0000E+00  0.2000E+01
 -84.036  0.0000E+00  0.2000E+01
 -84.031  0.0000E+00  0.2000E+01
 -84.026  0.0000E+00  0.2000E+01
 -84.021  0.0000E+00  0.2000E+01
 -84.016  0.0000E+00  0.2000E+01
 -84.011  0.0000E+00  0.2000E+01
 -84.006  0.0000E+00  0.2000E+01
 -84.001  0.0000E+00  0.2000E+01
 -83.996  0.0000E+00  0.2000E+01
 -83.991  0.0000E+00  0.2000E+01
 -83.986  0.0000E+00  0.2000E+01
 -83.981  0.0000E+00  0.2000E+01
 -83.976  0.0000E+00  0.2000E+01
 -83.971  0.0000E+00  0.2000E+01
 -83.966  0.0000E+00  0.2000E+01
 -83.961  0.0000E+00  0.2000E+01
 -83.956  0.0000E+00  0.2000E+01
 -83.951  0.0000E+00  0.2000E+01
 -83.946  0.0000E+00  0.2000E+01
 -83.941  0.0000E+00  0.2000E+01
 -83.936  0.0000E+00  0.2000E+01
 -83.931  0.0000E+00  0.2000E+01
 -83.926  0.0000E+00  0.2000E+01
 -83.921  0.0000E+00  0.2000E+01
 -83.916  0.0000E+00  0.2000E+01
 -83.911  0.0000E+00  0.2000E+01
 -83.906  0.0000E+00  0.2000E+01
 -83.901  0.0000E+00  0.2000E+01
 -83.896  0.0000E+00  0.2000E+01
 -83.891  0.0000E+00  0.2000E+01
 -83.886  0.0000E+00  0.2000E+01
 -83.881  0.0000E+00  0.2000E+01
 -83.876  0.0000E+00  0.2000E+01
 -83.871  0.0000E+00  0.2000E+01
 -83.866  0.0000E+00  0.2000E+01
 -83.861  0.0000E+00  0.2000E+01
 -83.856  0.0000E+00  0.2000E+01
 -83.851  0.0000E+00  0.2000E+01
 -83.846  0.0000E+00  0.2000E+01
 -83.841  0.0000E+00  0.2000E+01
 -83.836  0.0000E+00  0.2000E+01
 -83.831  0.0000E+00  0.2000E+01
 -83.826  0.0000E+00  0.2000E+01
 -83.821  0.0000E+00  0.2000E+01
 -83.816  0.0000E+00  0.2000E+01
 -83.811  0.0000E+00  0.2000E+01
 -83.806  0.0000E+00  0.2000E+01
 -83.801  0.0000E+00  0.2000E+01
 -83.796  0.0000E+00  0.2000E+01
 -83.791  0.0000E+00  0.2000E+01
 -83.786  0.0000E+00  0.2000E+01
 -83.781  0.0000E+00  0.2000E+01
 -83.776  0.0000E+00  0.2000E+01
 -83.771  0.0000E+00  0.2000E+01
 -83.766  0.0000E+00  0.2000E+01
 -83.761  0.0000E+00  0.2000E+01
 -83.756  0.0000E+00  0.2000E+01
 -83.751  0.0000E+00  0.2000E+01
 -83.746  0.0000E+00  0.2000E+01
 -83.741  0.0000E+00  0.2000E+01
 -83.736  0.0000E+00  0.2000E+01
 -83.731  0.0000E+00  0.2000E+01
 -83.726  0.0000E+00  0.2000E+01
 -83.721  0.0000E+00  0.2000E+01
 -83.716  0.0000E+00  0.2000E+01
 -83.711  0.0000E+00  0.2000E+01
 -83.706  0.0000E+00  0.2000E+01
 -83.701  0.0000E+00  0.2000E+01
 -83.696  0.0000E+00  0.2000E+01
 -83.691  0.0000E+00  0.2000E+01
 -83.686  0.0000E+00  0.2000E+01
 -83.681  0.0000E+00  0.2000E+01
 -83.676  0.0000E+00  0.2000E+01
 -83.671  0.0000E+00  0.2000E+01
 -83.666  0.0000E+00  0.2000E+01
 -83.661  0.0000E+00  0.2000E+01
 -83.656  0.0000E+00  0.2000E+01
 -83.651  0.0000E+00  0.2000E+01
 -83.646  0.0000E+00  0.2000E+01
 -83.641  0.0000E+00  0.2000E+01
 -83.636  0.0000E+00  0.2000E+01
 -83.631  0.0000E+00  0.2000E+01
 -83.626  0.0000E+00  0.2000E+01
 -83.621  0.0000E+00  0.2000E+01
 -83.616  0.0000E+00  0.2000E+01
 -83.611  0.0000E+00  0.2000E+01
 -83.606  0.0000E+00  0.2000E+01
 -83.601  0.0000E+00  0.2000E+01
 -83.596  0.0000E+00  0.2000E+01
 -83.591  0.0000E+00  0.2000E+01
 -83.586  0.0000E+00  0.2000E+01
 -83.581  0.0000E+00  0.2000E+01
 -83.576  0.0000E+00  0.2000E+01
 -83.571  0.0000E+00  0.2000E+01
 -83.566  0.0000E+00  0.2000E+01
 -83.561  0.0000E+00  0.2000E+01
 -83.556  0.0000E+00  0.2000E+01
 -83.551  0.0000E+00  0.2000E+01
 -83.546  0.0000E+00  0.2000E+01
 -83.541  0.0000E+00  0.2000E+01
 -83.536  0.0000E+00  0.2000E+01
 -83.531  0.0000E+00  0.2000E+01
 -83.526  0.0000E+00  0.2000E+01
 -83.521  0.0000E+00  0.2000E+01
 -83.516  0.0000E+00  0.2000E+01
 -83.511  0.0000E+00  0.2000E+01
 -83.506  0.0000E+00  0.2000E+01
 -83.501  0.0000E+00  0.2000E+01
 -83.496  0.0000E+00  0.2000E+01
 -83.491  0.0000E+00  0.2000E+01
 -83.486  0.0000E+00  0.2000E+01
 -83.481  0.0000E+00  0.2000E+01
 -83.476  0.0000E+00  0.2000E+01
 -83.471  0.0000E+00  0.2000E+01
 -83.466  0.0000E+00  0.2000E+01
 -83.461  0.0000E+00  0.2000E+01
 -83.456  0.0000E+00  0.2000E+01
 -83.451  0.0000E+00  0.2000E+01
 -83.446  0.0000E+00  0.2000E+01
 -83.441  0.0000E+00  0.2000E+01
 -83.436  0.0000E+00  0.2000E+01
 -83.431  0.0000E+00  0.2000E+01
 -83.426  0.0000E+00  0.2000E+01
 -83.421  0.0000E+00  0.2000E+01
 -83.416  0.0000E+00  0.2000E+01
 -83.411  0.0000E+00  0.2000E+01
 -83.406  0.0000E+00  0.2000E+01
 -83.401  0.0000E+00  0.2000E+01
 -83.396  0.0000E+00  0.2000E+01
 -83.391  0.0000E+00  0.2000E+01
 -83.386  0.0000E+00  0.2000E+01
 -83.381  0.0000E+00  0.2000E+01
 -83.376  0.0000E+00  0.2000E+01
 -83.371  0.0000E+00  0.2000E+01
 -83.366  0.0000E+00  0.2000E+01
 -83.361  0.0000E+00  0.2000E+01
 -83.356  0.0000E+00  0.2000E+01
 -83.351  0.0000E+00  0.2000E+01
 -83.346  0.0000E+00  0.2000E+01
 -83.341  0.0000E+00  0.2000E+01
 -83.336  0.0000E+00  0.2000E+01
 -83.331  0.0000E+00  0.2000E+01
 -83.326  0.0000E+00  0.2000E+01
 -83.321  0.0000E+00  0.2000E+01
 -83.316  0.0000E+00  0.2000E+01
 -83.311  0.0000E+00  0.2000E+01
 -83.306  0.0000E+00  0.2000E+01
 -83.301  0.0000E+00  0.2000E+01
 -83.296  0.0000E+00  0.2000E+01
 -83.291  0.0000E+00  0.2000E+01
 -83.286  0.0000E+00  0.2000E+01
 -83.281  0.0000E+00  0.2000E+01
 -83.276  0.0000E+00  0.2000E+01
 -83.271  0.0000E+00  0.2000E+01
 -83.266  0.0000E+00  0.2000E+01
 -83.261  0.0000E+00  0.2000E+01
 -83.256  0.0000E+00  0.2000E+01
 -83.251  0.0000E+00  0.2000E+01
 -83.246  0.0000E+00  0.2000E+01
 -83.241  0.0000E+00  0.2000E+01
 -83.236  0.0000E+00  0.2000E+01
 -83.231  0.0000E+00  0.2000E+01
 -83.226  0.0000E+00  0.2000E+01
 -83.221  0.0000E+00  0.2000E+01
 -83.216  0.0000E+00  0.2000E+01
 -83.211  0.0000E+00  0.2000E+01
 -83.206  0.0000E+00  0.2000E+01
 -83.201  0.0000E+00  0.2000E+01
 -83.196  0.0000E+00  0.2000E+01
 -83.191  0.0000E+00  0.2000E+01
 -83.186  0.0000E+00  0.2000E+01
 -83.181  0.0000E+00  0.2000E+01
 -83.176  0.0000E+00  0.2000E+01
 -83.171  0.0000E+00  0.2000E+01
 -83.166  0.0000E+00  0.2000E+01
 -83.161  0.0000E+00  0.2000E+01
 -83.156  0.0000E+00  0.2000E+01
 -83.151  0.0000E+00  0.2000E+01
 -83.146  0.0000E+00  0.2000E+01
 -83.141  0.0000E+00  0.2000E+01
 -83.136  0.0000E+00  0.2000E+01
 -83.131  0.0000E+00  0.2000E+01
 -83.126  0.0000E+00  0.2000E+01
 -83.121  0.0000E+00  0.2000E+01
 -83.116  0.0000E+00  0.2000E+01
 -83.111  0.0000E+00  0.2000E+01
 -83.106  0.0000E+00  0.2000E+01
 -83.101  0.0000E+00  0.2000E+01
 -83.096  0.0000E+00  0.2000E+01
 -83.091  0.0000E+00  0.2000E+01
 -83.086  0.0000E+00  0.2000E+01
 -83.081  0.0000E+00  0.2000E+01
 -83.076  0.0000E+00  0.2000E+01
 -83.071  0.0000E+00  0.2000E+01
 -83.066  0.0000E+00  0.2000E+01
 -83.061  0.0000E+00  0.2000E+01
 -83.056  0.0000E+00  0.2000E+01
 -83.051  0.0000E+00  0.2000E+01
 -83.046  0.0000E+00  0.2000E+01
 -83.041  0.0000E+00  0.2000E+01
 -83.036  0.0000E+00  0.2000E+01
 -83.031  0.0000E+00  0.2000E+01
 -83.026  0.0000E+00  0.2000E+01
 -83.021  0.0000E+00  0.2000E+01
 -83.016  0.0000E+00  0.2000E+01
 -83.011  0.0000E+00  0.2000E+01
 -83.006  0.0000E+00  0.2000E+01
 -83.001  0.0000E+00  0.2000E+01
 -82.996  0.0000E+00  0.2000E+01
 -82.991  0.0000E+00  0.2000E+01
 -82.986  0.0000E+00  0.2000E+01
 -82.981  0.0000E+00  0.2000E+01
 -82.976  0.0000E+00  0.2000E+01
 -82.971  0.0000E+00  0.2000E+01
 -82.966  0.0000E+00  0.2000E+01
 -82.961  0.0000E+00  0.2000E+01
 -82.956  0.0000E+00  0.2000E+01
 -82.951  0.0000E+00  0.2000E+01
 -82.946  0.0000E+00  0.2000E+01
 -82.941  0.0000E+00  0.2000E+01
 -82.936  0.0000E+00  0.2000E+01
 -82.931  0.0000E+00  0.2000E+01
 -82.926  0.0000E+00  0.2000E+01
 -82.921  0.0000E+00  0.2000E+01
 -82.916  0.0000E+00  0.2000E+01
 -82.911  0.0000E+00  0.2000E+01
 -82.906  0.0000E+00  0.2000E+01
 -82.901  0.0000E+00  0.2000E+01
 -82.896  0.0000E+00  0.2000E+01
 -82.891  0.0000E+00  0.2000E+01
 -82.886  0.0000E+00  0.2000E+01
 -82.881  0.0000E+00  0.2000E+01
 -82.876  0.0000E+00  0.2000E+01
 -82.871  0.0000E+00  0.2000E+01
 -82.866  0.0000E+00  0.2000E+01
 -82.861  0.0000E+00  0.2000E+01
 -82.856  0.0000E+00  0.2000E+01
 -82.851  0.0000E+00  0.2000E+01
 -82.846  0.0000E+00  0.2000E+01
 -82.841  0.0000E+00  0.2000E+01
 -82.836  0.0000E+00  0.2000E+01
 -82.831  0.0000E+00  0.2000E+01
 -82.826  0.0000E+00  0.2000E+01
 -82.821  0.0000E+00  0.2000E+01
 -82.816  0.0000E+00  0.2000E+01
 -82.811  0.0000E+00  0.2000E+01
 -82.806  0.0000E+00  0.2000E+01
 -82.801  0.0000E+00  0.2000E+01
 -82.796  0.0000E+00  0.2000E+01
 -82.791  0.0000E+00  0.2000E+01
 -82.786  0.0000E+00  0.2000E+01
 -82.781  0.0000E+00  0.2000E+01
 -82.776  0.0000E+00  0.2000E+01
 -82.771  0.0000E+00  0.2000E+01
 -82.766  0.0000E+00  0.2000E+01
 -82.761  0.0000E+00  0.2000E+01
 -82.756  0.0000E+00  0.2000E+01
 -82.751  0.0000E+00  0.2000E+01
 -82.746  0.0000E+00  0.2000E+01
 -82.741  0.0000E+00  0.2000E+01
 -82.736  0.0000E+00  0.2000E+01
 -82.731  0.0000E+00  0.2000E+01
 -82.726  0.0000E+00  0.2000E+01
 -82.721  0.0000E+00  0.2000E+01
 -82.716  0.0000E+00  0.2000E+01
 -82.711  0.0000E+00  0.2000E+01
 -82.706  0.0000E+00  0.2000E+01
 -82.701  0.0000E+00  0.2000E+01
 -82.696  0.0000E+00  0.2000E+01
 -82.691  0.0000E+00  0.2000E+01
 -82.686  0.0000E+00  0.2000E+01
 -82.681  0.0000E+00  0.2000E+01
 -82.676  0.0000E+00  0.2000E+01
 -82.671  0.0000E+00  0.2000E+01
 -82.666  0.0000E+00  0.2000E+01
 -82.661  0.0000E+00  0.2000E+01
 -82.656  0.0000E+00  0.2000E+01
 -82.651  0.0000E+00  0.2000E+01
 -82.646  0.0000E+00  0.2000E+01
 -82.641  0.0000E+00  0.2000E+01
 -82.636  0.0000E+00  0.2000E+01
 -82.631  0.0000E+00  0.2000E+01
 -82.626  0.0000E+00  0.2000E+01
 -82.621  0.0000E+00  0.2000E+01
 -82.616  0.0000E+00  0.2000E+01
 -82.611  0.0000E+00  0.2000E+01
 -82.606  0.0000E+00  0.2000E+01
 -82.601  0.0000E+00  0.2000E+01
 -82.596  0.0000E+00  0.2000E+01
 -82.591  0.0000E+00  0.2000E+01
 -82.586  0.0000E+00  0.2000E+01
 -82.581  0.0000E+00  0.2000E+01
 -82.576  0.0000E+00  0.2000E+01
 -82.571  0.0000E+00  0.2000E+01
 -82.566  0.0000E+00  0.2000E+01
 -82.561  0.0000E+00  0.2000E+01
 -82.556  0.0000E+00  0.2000E+01
 -82.551  0.0000E+00  0.2000E+01
 -82.546  0.0000E+00  0.2000E+01
 -82.541  0.0000E+00  0.2000E+01
 -82.536  0.0000E+00  0.2000E+01
 -82.531  0.0000E+00  0.2000E+01
 -82.526  0.0000E+00  0.2000E+01
 -82.521  0.0000E+00  0.2000E+01
 -82.516  0.0000E+00  0.2000E+01
 -82.511  0.0000E+00  0.2000E+01
 -82.506  0.0000E+00  0.2000E+01
 -82.501  0.0000E+00  0.2000E+01
 -82.496  0.0000E+00  0.2000E+01
 -82.491  0.0000E+00  0.2000E+01
 -82.486  0.0000E+00  0.2000E+01
 -82.481  0.0000E+00  0.2000E+01
 -82.476  0.0000E+00  0.2000E+01
 -82.471  0.0000E+00  0.2000E+01
 -82.466  0.0000E+00  0.2000E+01
 -82.461  0.0000E+00  0.2000E+01
 -82.456  0.0000E+00  0.2000E+01
 -82.451  0.0000E+00  0.2000E+01
 -82.446  0.0000E+00  0.2000E+01
 -82.441  0.0000E+00  0.2000E+01
 -82.436  0.0000E+00  0.2000E+01
 -82.431  0.0000E+00  0.2000E+01
 -82.426  0.0000E+00  0.2000E+01
 -82.421  0.0000E+00  0.2000E+01
 -82.416  0.0000E+00  0.2000E+01
 -82.411  0.0000E+00  0.2000E+01
 -82.406  0.0000E+00  0.2000E+01
 -82.401  0.0000E+00  0.2000E+01
 -82.396  0.0000E+00  0.2000E+01
 -82.391  0.0000E+00  0.2000E+01
 -82.386  0.0000E+00  0.2000E+01
 -82.381  0.0000E+00  0.2000E+01
 -82.376  0.0000E+00  0.2000E+01
 -82.371  0.0000E+00  0.2000E+01
 -82.366  0.0000E+00  0.2000E+01
 -82.361  0.0000E+00  0.2000E+01
 -82.356  0.0000E+00  0.2000E+01
 -82.351  0.0000E+00  0.2000E+01
 -82.346  0.0000E+00  0.2000E+01
 -82.341  0.0000E+00  0.2000E+01
 -82.336  0.0000E+00  0.2000E+01
 -82.331  0.0000E+00  0.2000E+01
 -82.326  0.0000E+00  0.2000E+01
 -82.321  0.0000E+00  0.2000E+01
 -82.316  0.0000E+00  0.2000E+01
 -82.311  0.0000E+00  0.2000E+01
 -82.306  0.0000E+00  0.2000E+01
 -82.301  0.0000E+00  0.2000E+01
 -82.296  0.0000E+00  0.2000E+01
 -82.291  0.0000E+00  0.2000E+01
 -82.286  0.0000E+00  0.2000E+01
 -82.281  0.0000E+00  0.2000E+01
 -82.276  0.0000E+00  0.2000E+01
 -82.271  0.0000E+00  0.2000E+01
 -82.266  0.0000E+00  0.2000E+01
 -82.261  0.0000E+00  0.2000E+01
 -82.256  0.0000E+00  0.2000E+01
 -82.251  0.0000E+00  0.2000E+01
 -82.246  0.0000E+00  0.2000E+01
 -82.241  0.0000E+00  0.2000E+01
 -82.236  0.0000E+00  0.2000E+01
 -82.231  0.0000E+00  0.2000E+01
 -82.226  0.0000E+00  0.2000E+01
 -82.221  0.0000E+00  0.2000E+01
 -82.216  0.0000E+00  0.2000E+01
 -82.211  0.0000E+00  0.2000E+01
 -82.206  0.0000E+00  0.2000E+01
 -82.201  0.0000E+00  0.2000E+01
 -82.196  0.0000E+00  0.2000E+01
 -82.191  0.0000E+00  0.2000E+01
 -82.186  0.0000E+00  0.2000E+01
 -82.181  0.0000E+00  0.2000E+01
 -82.176  0.0000E+00  0.2000E+01
 -82.171  0.0000E+00  0.2000E+01
 -82.166  0.0000E+00  0.2000E+01
 -82.161  0.0000E+00  0.2000E+01
 -82.156  0.0000E+00  0.2000E+01
 -82.151  0.0000E+00  0.2000E+01
 -82.146  0.0000E+00  0.2000E+01
 -82.141  0.0000E+00  0.2000E+01
 -82.136  0.0000E+00  0.2000E+01
 -82.131  0.0000E+00  0.2000E+01
 -82.126  0.0000E+00  0.2000E+01
 -82.121  0.0000E+00  0.2000E+01
 -82.116  0.0000E+00  0.2000E+01
 -82.111  0.0000E+00  0.2000E+01
 -82.106  0.0000E+00  0.2000E+01
 -82.101  0.0000E+00  0.2000E+01
 -82.096  0.0000E+00  0.2000E+01
 -82.091  0.0000E+00  0.2000E+01
 -82.086  0.0000E+00  0.2000E+01
 -82.081  0.0000E+00  0.2000E+01
 -82.076  0.0000E+00  0.2000E+01
 -82.071  0.0000E+00  0.2000E+01
 -82.066  0.0000E+00  0.2000E+01
 -82.061  0.0000E+00  0.2000E+01
 -82.056  0.0000E+00  0.2000E+01
 -82.051  0.0000E+00  0.2000E+01
 -82.046  0.0000E+00  0.2000E+01
 -82.041  0.0000E+00  0.2000E+01
 -82.036  0.0000E+00  0.2000E+01
 -82.031  0.0000E+00  0.2000E+01
 -82.026  0.0000E+00  0.2000E+01
 -82.021  0.0000E+00  0.2000E+01
 -82.016  0.0000E+00  0.2000E+01
 -82.011  0.0000E+00  0.2000E+01
 -82.006  0.0000E+00  0.2000E+01
 -82.001  0.0000E+00  0.2000E+01
 -81.996  0.0000E+00  0.2000E+01
 -81.991  0.0000E+00  0.2000E+01
 -81.986  0.0000E+00  0.2000E+01
 -81.981  0.0000E+00  0.2000E+01
 -81.976  0.0000E+00  0.2000E+01
 -81.971  0.0000E+00  0.2000E+01
 -81.966  0.0000E+00  0.2000E+01
 -81.961  0.0000E+00  0.2000E+01
 -81.956  0.0000E+00  0.2000E+01
 -81.951  0.0000E+00  0.2000E+01
 -81.946  0.0000E+00  0.2000E+01
 -81.941  0.0000E+00  0.2000E+01
 -81.936  0.0000E+00  0.2000E+01
 -81.931  0.0000E+00  0.2000E+01
 -81.926  0.0000E+00  0.2000E+01
 -81.921  0.0000E+00  0.2000E+01
 -81.916  0.0000E+00  0.2000E+01
 -81.911  0.0000E+00  0.2000E+01
 -81.906  0.0000E+00  0.2000E+01
 -81.901  0.0000E+00  0.2000E+01
 -81.896  0.0000E+00  0.2000E+01
 -81.891  0.0000E+00  0.2000E+01
 -81.886  0.0000E+00  0.2000E+01
 -81.881  0.0000E+00  0.2000E+01
 -81.876  0.0000E+00  0.2000E+01
 -81.871  0.0000E+00  0.2000E+01
 -81.866  0.0000E+00  0.2000E+01
 -81.861  0.0000E+00  0.2000E+01
 -81.856  0.0000E+00  0.2000E+01
 -81.851  0.0000E+00  0.2000E+01
 -81.846  0.0000E+00  0.2000E+01
 -81.841  0.0000E+00  0.2000E+01
 -81.836  0.0000E+00  0.2000E+01
 -81.831  0.0000E+00  0.2000E+01
 -81.826  0.0000E+00  0.2000E+01
 -81.821  0.0000E+00  0.2000E+01
 -81.816  0.0000E+00  0.2000E+01
 -81.811  0.0000E+00  0.2000E+01
 -81.806  0.0000E+00  0.2000E+01
 -81.801  0.0000E+00  0.2000E+01
 -81.796  0.0000E+00  0.2000E+01
 -81.791  0.0000E+00  0.2000E+01
 -81.786  0.0000E+00  0.2000E+01
 -81.781  0.0000E+00  0.2000E+01
 -81.776  0.0000E+00  0.2000E+01
 -81.771  0.0000E+00  0.2000E+01
 -81.766  0.0000E+00  0.2000E+01
 -81.761  0.0000E+00  0.2000E+01
 -81.756  0.0000E+00  0.2000E+01
 -81.751  0.0000E+00  0.2000E+01
 -81.746  0.0000E+00  0.2000E+01
 -81.741  0.0000E+00  0.2000E+01
 -81.736  0.0000E+00  0.2000E+01
 -81.731  0.0000E+00  0.2000E+01
 -81.726  0.0000E+00  0.2000E+01
 -81.721  0.0000E+00  0.2000E+01
 -81.716  0.0000E+00  0.2000E+01
 -81.711  0.0000E+00  0.2000E+01
 -81.706  0.0000E+00  0.2000E+01
 -81.701  0.0000E+00  0.2000E+01
 -81.696  0.0000E+00  0.2000E+01
 -81.691  0.0000E+00  0.2000E+01
 -81.686  0.0000E+00  0.2000E+01
 -81.681  0.0000E+00  0.2000E+01
 -81.676  0.0000E+00  0.2000E+01
 -81.671  0.0000E+00  0.2000E+01
 -81.666  0.0000E+00  0.2000E+01
 -81.661  0.0000E+00  0.2000E+01
 -81.656  0.0000E+00  0.2000E+01
 -81.651  0.0000E+00  0.2000E+01
 -81.646  0.0000E+00  0.2000E+01
 -81.641  0.0000E+00  0.2000E+01
 -81.636  0.0000E+00  0.2000E+01
 -81.631  0.0000E+00  0.2000E+01
 -81.626  0.0000E+00  0.2000E+01
 -81.621  0.0000E+00  0.2000E+01
 -81.616  0.0000E+00  0.2000E+01
 -81.611  0.0000E+00  0.2000E+01
 -81.606  0.0000E+00  0.2000E+01
 -81.601  0.0000E+00  0.2000E+01
 -81.596  0.0000E+00  0.2000E+01
 -81.591  0.0000E+00  0.2000E+01
 -81.586  0.0000E+00  0.2000E+01
 -81.581  0.0000E+00  0.2000E+01
 -81.576  0.0000E+00  0.2000E+01
 -81.571  0.0000E+00  0.2000E+01
 -81.566  0.0000E+00  0.2000E+01
 -81.561  0.0000E+00  0.2000E+01
 -81.556  0.0000E+00  0.2000E+01
 -81.551  0.0000E+00  0.2000E+01
 -81.546  0.0000E+00  0.2000E+01
 -81.541  0.0000E+00  0.2000E+01
 -81.536  0.0000E+00  0.2000E+01
 -81.531  0.0000E+00  0.2000E+01
 -81.526  0.0000E+00  0.2000E+01
 -81.521  0.0000E+00  0.2000E+01
 -81.516  0.0000E+00  0.2000E+01
 -81.511  0.0000E+00  0.2000E+01
 -81.506  0.0000E+00  0.2000E+01
 -81.501  0.0000E+00  0.2000E+01
 -81.496  0.0000E+00  0.2000E+01
 -81.491  0.0000E+00  0.2000E+01
 -81.486  0.0000E+00  0.2000E+01
 -81.481  0.0000E+00  0.2000E+01
 -81.476  0.0000E+00  0.2000E+01
 -81.471  0.0000E+00  0.2000E+01
 -81.466  0.0000E+00  0.2000E+01
 -81.461  0.0000E+00  0.2000E+01
 -81.456  0.0000E+00  0.2000E+01
 -81.451  0.0000E+00  0.2000E+01
 -81.446  0.0000E+00  0.2000E+01
 -81.441  0.0000E+00  0.2000E+01
 -81.436  0.0000E+00  0.2000E+01
 -81.431  0.0000E+00  0.2000E+01
 -81.426  0.0000E+00  0.2000E+01
 -81.421  0.0000E+00  0.2000E+01
 -81.416  0.0000E+00  0.2000E+01
 -81.411  0.0000E+00  0.2000E+01
 -81.406  0.0000E+00  0.2000E+01
 -81.401  0.0000E+00  0.2000E+01
 -81.396  0.0000E+00  0.2000E+01
 -81.391  0.0000E+00  0.2000E+01
 -81.386  0.0000E+00  0.2000E+01
 -81.381  0.0000E+00  0.2000E+01
 -81.376  0.0000E+00  0.2000E+01
 -81.371  0.0000E+00  0.2000E+01
 -81.366  0.0000E+00  0.2000E+01
 -81.361  0.0000E+00  0.2000E+01
 -81.356  0.0000E+00  0.2000E+01
 -81.351  0.0000E+00  0.2000E+01
 -81.346  0.0000E+00  0.2000E+01
 -81.341  0.0000E+00  0.2000E+01
 -81.336  0.0000E+00  0.2000E+01
 -81.331  0.0000E+00  0.2000E+01
 -81.326  0.0000E+00  0.2000E+01
 -81.321  0.0000E+00  0.2000E+01
 -81.316  0.0000E+00  0.2000E+01
 -81.311  0.0000E+00  0.2000E+01
 -81.306  0.0000E+00  0.2000E+01
 -81.301  0.0000E+00  0.2000E+01
 -81.296  0.0000E+00  0.2000E+01
 -81.291  0.0000E+00  0.2000E+01
 -81.286  0.0000E+00  0.2000E+01
 -81.281  0.0000E+00  0.2000E+01
 -81.276  0.0000E+00  0.2000E+01
 -81.271  0.0000E+00  0.2000E+01
 -81.266  0.0000E+00  0.2000E+01
 -81.261  0.0000E+00  0.2000E+01
 -81.256  0.0000E+00  0.2000E+01
 -81.251  0.0000E+00  0.2000E+01
 -81.246  0.0000E+00  0.2000E+01
 -81.241  0.0000E+00  0.2000E+01
 -81.236  0.0000E+00  0.2000E+01
 -81.231  0.0000E+00  0.2000E+01
 -81.226  0.0000E+00  0.2000E+01
 -81.221  0.0000E+00  0.2000E+01
 -81.216  0.0000E+00  0.2000E+01
 -81.211  0.0000E+00  0.2000E+01
 -81.206  0.0000E+00  0.2000E+01
 -81.201  0.0000E+00  0.2000E+01
 -81.196  0.0000E+00  0.2000E+01
 -81.191  0.0000E+00  0.2000E+01
 -81.186  0.0000E+00  0.2000E+01
 -81.181  0.0000E+00  0.2000E+01
 -81.176  0.0000E+00  0.2000E+01
 -81.171  0.0000E+00  0.2000E+01
 -81.166  0.0000E+00  0.2000E+01
 -81.161  0.0000E+00  0.2000E+01
 -81.156  0.0000E+00  0.2000E+01
 -81.151  0.0000E+00  0.2000E+01
 -81.146  0.0000E+00  0.2000E+01
 -81.141  0.0000E+00  0.2000E+01
 -81.136  0.0000E+00  0.2000E+01
 -81.131  0.0000E+00  0.2000E+01
 -81.126  0.0000E+00  0.2000E+01
 -81.121  0.0000E+00  0.2000E+01
 -81.116  0.0000E+00  0.2000E+01
 -81.111  0.0000E+00  0.2000E+01
 -81.106  0.0000E+00  0.2000E+01
 -81.101  0.0000E+00  0.2000E+01
 -81.096  0.0000E+00  0.2000E+01
 -81.091  0.0000E+00  0.2000E+01
 -81.086  0.0000E+00  0.2000E+01
 -81.081  0.0000E+00  0.2000E+01
 -81.076  0.0000E+00  0.2000E+01
 -81.071  0.0000E+00  0.2000E+01
 -81.066  0.0000E+00  0.2000E+01
 -81.061  0.0000E+00  0.2000E+01
 -81.056  0.0000E+00  0.2000E+01
 -81.051  0.0000E+00  0.2000E+01
 -81.046  0.0000E+00  0.2000E+01
 -81.041  0.0000E+00  0.2000E+01
 -81.036  0.0000E+00  0.2000E+01
 -81.031  0.0000E+00  0.2000E+01
 -81.026  0.0000E+00  0.2000E+01
 -81.021  0.0000E+00  0.2000E+01
 -81.016  0.0000E+00  0.2000E+01
 -81.011  0.0000E+00  0.2000E+01
 -81.006  0.0000E+00  0.2000E+01
 -81.001  0.0000E+00  0.2000E+01
 -80.996  0.0000E+00  0.2000E+01
 -80.991  0.0000E+00  0.2000E+01
 -80.986  0.0000E+00  0.2000E+01
 -80.981  0.0000E+00  0.2000E+01
 -80.976  0.0000E+00  0.2000E+01
 -80.971  0.0000E+00  0.2000E+01
 -80.966  0.0000E+00  0.2000E+01
 -80.961  0.0000E+00  0.2000E+01
 -80.956  0.0000E+00  0.2000E+01
 -80.951  0.0000E+00  0.2000E+01
 -80.946  0.0000E+00  0.2000E+01
 -80.941  0.0000E+00  0.2000E+01
 -80.936  0.0000E+00  0.2000E+01
 -80.931  0.0000E+00  0.2000E+01
 -80.926  0.0000E+00  0.2000E+01
 -80.921  0.0000E+00  0.2000E+01
 -80.916  0.0000E+00  0.2000E+01
 -80.911  0.0000E+00  0.2000E+01
 -80.906  0.0000E+00  0.2000E+01
 -80.901  0.0000E+00  0.2000E+01
 -80.896  0.0000E+00  0.2000E+01
 -80.891  0.0000E+00  0.2000E+01
 -80.886  0.0000E+00  0.2000E+01
 -80.881  0.0000E+00  0.2000E+01
 -80.876  0.0000E+00  0.2000E+01
 -80.871  0.0000E+00  0.2000E+01
 -80.866  0.0000E+00  0.2000E+01
 -80.861  0.0000E+00  0.2000E+01
 -80.856  0.0000E+00  0.2000E+01
 -80.851  0.0000E+00  0.2000E+01
 -80.846  0.0000E+00  0.2000E+01
 -80.841  0.0000E+00  0.2000E+01
 -80.836  0.0000E+00  0.2000E+01
 -80.831  0.0000E+00  0.2000E+01
 -80.826  0.0000E+00  0.2000E+01
 -80.821  0.0000E+00  0.2000E+01
 -80.816  0.0000E+00  0.2000E+01
 -80.811  0.0000E+00  0.2000E+01
 -80.806  0.0000E+00  0.2000E+01
 -80.801  0.0000E+00  0.2000E+01
 -80.796  0.0000E+00  0.2000E+01
 -80.791  0.0000E+00  0.2000E+01
 -80.786  0.0000E+00  0.2000E+01
 -80.781  0.0000E+00  0.2000E+01
 -80.776  0.0000E+00  0.2000E+01
 -80.771  0.0000E+00  0.2000E+01
 -80.766  0.0000E+00  0.2000E+01
 -80.761  0.0000E+00  0.2000E+01
 -80.756  0.0000E+00  0.2000E+01
 -80.751  0.0000E+00  0.2000E+01
 -80.746  0.0000E+00  0.2000E+01
 -80.741  0.0000E+00  0.2000E+01
 -80.736  0.0000E+00  0.2000E+01
 -80.731  0.0000E+00  0.2000E+01
 -80.726  0.0000E+00  0.2000E+01
 -80.721  0.0000E+00  0.2000E+01
 -80.716  0.0000E+00  0.2000E+01
 -80.711  0.0000E+00  0.2000E+01
 -80.706  0.0000E+00  0.2000E+01
 -80.701  0.0000E+00  0.2000E+01
 -80.696  0.0000E+00  0.2000E+01
 -80.691  0.0000E+00  0.2000E+01
 -80.686  0.0000E+00  0.2000E+01
 -80.681  0.0000E+00  0.2000E+01
 -80.676  0.0000E+00  0.2000E+01
 -80.671  0.0000E+00  0.2000E+01
 -80.666  0.0000E+00  0.2000E+01
 -80.661  0.0000E+00  0.2000E+01
 -80.656  0.0000E+00  0.2000E+01
 -80.651  0.0000E+00  0.2000E+01
 -80.646  0.0000E+00  0.2000E+01
 -80.641  0.0000E+00  0.2000E+01
 -80.636  0.0000E+00  0.2000E+01
 -80.631  0.0000E+00  0.2000E+01
 -80.626  0.0000E+00  0.2000E+01
 -80.621  0.0000E+00  0.2000E+01
 -80.616  0.0000E+00  0.2000E+01
 -80.611  0.0000E+00  0.2000E+01
 -80.606  0.0000E+00  0.2000E+01
 -80.601  0.0000E+00  0.2000E+01
 -80.596  0.0000E+00  0.2000E+01
 -80.591  0.0000E+00  0.2000E+01
 -80.586  0.0000E+00  0.2000E+01
 -80.581  0.0000E+00  0.2000E+01
 -80.576  0.0000E+00  0.2000E+01
 -80.571  0.0000E+00  0.2000E+01
 -80.566  0.0000E+00  0.2000E+01
 -80.561  0.0000E+00  0.2000E+01
 -80.556  0.0000E+00  0.2000E+01
 -80.551  0.0000E+00  0.2000E+01
 -80.546  0.0000E+00  0.2000E+01
 -80.541  0.0000E+00  0.2000E+01
 -80.536  0.0000E+00  0.2000E+01
 -80.531  0.0000E+00  0.2000E+01
 -80.526  0.0000E+00  0.2000E+01
 -80.521  0.0000E+00  0.2000E+01
 -80.516  0.0000E+00  0.2000E+01
 -80.511  0.0000E+00  0.2000E+01
 -80.506  0.0000E+00  0.2000E+01
 -80.501  0.0000E+00  0.2000E+01
 -80.496  0.0000E+00  0.2000E+01
 -80.491  0.0000E+00  0.2000E+01
 -80.486  0.0000E+00  0.2000E+01
 -80.481  0.0000E+00  0.2000E+01
 -80.476  0.0000E+00  0.2000E+01
 -80.471  0.0000E+00  0.2000E+01
 -80.466  0.0000E+00  0.2000E+01
 -80.461  0.0000E+00  0.2000E+01
 -80.456  0.0000E+00  0.2000E+01
 -80.451  0.0000E+00  0.2000E+01
 -80.446  0.0000E+00  0.2000E+01
 -80.441  0.0000E+00  0.2000E+01
 -80.436  0.0000E+00  0.2000E+01
 -80.431  0.0000E+00  0.2000E+01
 -80.426  0.0000E+00  0.2000E+01
 -80.421  0.0000E+00  0.2000E+01
 -80.416  0.0000E+00  0.2000E+01
 -80.411  0.0000E+00  0.2000E+01
 -80.406  0.0000E+00  0.2000E+01
 -80.401  0.0000E+00  0.2000E+01
 -80.396  0.0000E+00  0.2000E+01
 -80.391  0.0000E+00  0.2000E+01
 -80.386  0.0000E+00  0.2000E+01
 -80.381  0.0000E+00  0.2000E+01
 -80.376  0.0000E+00  0.2000E+01
 -80.371  0.0000E+00  0.2000E+01
 -80.366  0.0000E+00  0.2000E+01
 -80.361  0.0000E+00  0.2000E+01
 -80.356  0.0000E+00  0.2000E+01
 -80.351  0.0000E+00  0.2000E+01
 -80.346  0.0000E+00  0.2000E+01
 -80.341  0.0000E+00  0.2000E+01
 -80.336  0.0000E+00  0.2000E+01
 -80.331  0.0000E+00  0.2000E+01
 -80.326  0.0000E+00  0.2000E+01
 -80.321  0.0000E+00  0.2000E+01
 -80.316  0.0000E+00  0.2000E+01
 -80.311  0.0000E+00  0.2000E+01
 -80.306  0.0000E+00  0.2000E+01
 -80.301  0.0000E+00  0.2000E+01
 -80.296  0.0000E+00  0.2000E+01
 -80.291  0.0000E+00  0.2000E+01
 -80.286  0.0000E+00  0.2000E+01
 -80.281  0.0000E+00  0.2000E+01
 -80.276  0.0000E+00  0.2000E+01
 -80.271  0.0000E+00  0.2000E+01
 -80.266  0.0000E+00  0.2000E+01
 -80.261  0.0000E+00  0.2000E+01
 -80.256  0.0000E+00  0.2000E+01
 -80.251  0.0000E+00  0.2000E+01
 -80.246  0.0000E+00  0.2000E+01
 -80.241  0.0000E+00  0.2000E+01
 -80.236  0.0000E+00  0.2000E+01
 -80.231  0.0000E+00  0.2000E+01
 -80.226  0.0000E+00  0.2000E+01
 -80.221  0.0000E+00  0.2000E+01
 -80.216  0.0000E+00  0.2000E+01
 -80.211  0.0000E+00  0.2000E+01
 -80.206  0.0000E+00  0.2000E+01
 -80.201  0.0000E+00  0.2000E+01
 -80.196  0.0000E+00  0.2000E+01
 -80.191  0.0000E+00  0.2000E+01
 -80.186  0.0000E+00  0.2000E+01
 -80.181  0.0000E+00  0.2000E+01
 -80.176  0.0000E+00  0.2000E+01
 -80.171  0.0000E+00  0.2000E+01
 -80.166  0.0000E+00  0.2000E+01
 -80.161  0.0000E+00  0.2000E+01
 -80.156  0.0000E+00  0.2000E+01
 -80.151  0.0000E+00  0.2000E+01
 -80.146  0.0000E+00  0.2000E+01
 -80.141  0.0000E+00  0.2000E+01
 -80.136  0.0000E+00  0.2000E+01
 -80.131  0.0000E+00  0.2000E+01
 -80.126  0.0000E+00  0.2000E+01
 -80.121  0.0000E+00  0.2000E+01
 -80.116  0.0000E+00  0.2000E+01
 -80.111  0.0000E+00  0.2000E+01
 -80.106  0.0000E+00  0.2000E+01
 -80.101  0.0000E+00  0.2000E+01
 -80.096  0.0000E+00  0.2000E+01
 -80.091  0.0000E+00  0.2000E+01
 -80.086  0.0000E+00  0.2000E+01
 -80.081  0.0000E+00  0.2000E+01
 -80.076  0.0000E+00  0.2000E+01
 -80.071  0.0000E+00  0.2000E+01
 -80.066  0.0000E+00  0.2000E+01
 -80.061  0.0000E+00  0.2000E+01
 -80.056  0.0000E+00  0.2000E+01
 -80.051  0.0000E+00  0.2000E+01
 -80.046  0.0000E+00  0.2000E+01
 -80.041  0.0000E+00  0.2000E+01
 -80.036  0.0000E+00  0.2000E+01
 -80.031  0.0000E+00  0.2000E+01
 -80.026  0.0000E+00  0.2000E+01
 -80.021  0.0000E+00  0.2000E+01
 -80.016  0.0000E+00  0.2000E+01
 -80.011  0.0000E+00  0.2000E+01
 -80.006  0.0000E+00  0.2000E+01
 -80.001  0.0000E+00  0.2000E+01
 -79.996  0.0000E+00  0.2000E+01
 -79.991  0.0000E+00  0.2000E+01
 -79.986  0.0000E+00  0.2000E+01
 -79.981  0.0000E+00  0.2000E+01
 -79.976  0.0000E+00  0.2000E+01
 -79.971  0.0000E+00  0.2000E+01
 -79.966  0.0000E+00  0.2000E+01
 -79.961  0.0000E+00  0.2000E+01
 -79.956  0.0000E+00  0.2000E+01
 -79.951  0.0000E+00  0.2000E+01
 -79.946  0.0000E+00  0.2000E+01
 -79.941  0.0000E+00  0.2000E+01
 -79.936  0.0000E+00  0.2000E+01
 -79.931  0.0000E+00  0.2000E+01
 -79.926  0.0000E+00  0.2000E+01
 -79.921  0.0000E+00  0.2000E+01
 -79.916  0.0000E+00  0.2000E+01
 -79.911  0.0000E+00  0.2000E+01
 -79.906  0.0000E+00  0.2000E+01
 -79.901  0.0000E+00  0.2000E+01
 -79.896  0.0000E+00  0.2000E+01
 -79.891  0.0000E+00  0.2000E+01
 -79.886  0.0000E+00  0.2000E+01
 -79.881  0.0000E+00  0.2000E+01
 -79.876  0.0000E+00  0.2000E+01
 -79.871  0.0000E+00  0.2000E+01
 -79.866  0.0000E+00  0.2000E+01
 -79.861  0.0000E+00  0.2000E+01
 -79.856  0.0000E+00  0.2000E+01
 -79.851  0.0000E+00  0.2000E+01
 -79.846  0.0000E+00  0.2000E+01
 -79.841  0.0000E+00  0.2000E+01
 -79.836  0.0000E+00  0.2000E+01
 -79.831  0.0000E+00  0.2000E+01
 -79.826  0.0000E+00  0.2000E+01
 -79.821  0.0000E+00  0.2000E+01
 -79.816  0.0000E+00  0.2000E+01
 -79.811  0.0000E+00  0.2000E+01
 -79.806  0.0000E+00  0.2000E+01
 -79.801  0.0000E+00  0.2000E+01
 -79.796  0.0000E+00  0.2000E+01
 -79.791  0.0000E+00  0.2000E+01
 -79.786  0.0000E+00  0.2000E+01
 -79.781  0.0000E+00  0.2000E+01
 -79.776  0.0000E+00  0.2000E+01
 -79.771  0.0000E+00  0.2000E+01
 -79.766  0.0000E+00  0.2000E+01
 -79.761  0.0000E+00  0.2000E+01
 -79.756  0.0000E+00  0.2000E+01
 -79.751  0.0000E+00  0.2000E+01
 -79.746  0.0000E+00  0.2000E+01
 -79.741  0.0000E+00  0.2000E+01
 -79.736  0.0000E+00  0.2000E+01
 -79.731  0.0000E+00  0.2000E+01
 -79.726  0.0000E+00  0.2000E+01
 -79.721  0.0000E+00  0.2000E+01
 -79.716  0.0000E+00  0.2000E+01
 -79.711  0.0000E+00  0.2000E+01
 -79.706  0.0000E+00  0.2000E+01
 -79.701  0.0000E+00  0.2000E+01
 -79.696  0.0000E+00  0.2000E+01
 -79.691  0.0000E+00  0.2000E+01
 -79.686  0.0000E+00  0.2000E+01
 -79.681  0.0000E+00  0.2000E+01
 -79.676  0.0000E+00  0.2000E+01
 -79.671  0.0000E+00  0.2000E+01
 -79.666  0.0000E+00  0.2000E+01
 -79.661  0.0000E+00  0.2000E+01
 -79.656  0.0000E+00  0.2000E+01
 -79.651  0.0000E+00  0.2000E+01
 -79.646  0.0000E+00  0.2000E+01
 -79.641  0.0000E+00  0.2000E+01
 -79.636  0.0000E+00  0.2000E+01
 -79.631  0.0000E+00  0.2000E+01
 -79.626  0.0000E+00  0.2000E+01
 -79.621  0.0000E+00  0.2000E+01
 -79.616  0.0000E+00  0.2000E+01
 -79.611  0.0000E+00  0.2000E+01
 -79.606  0.0000E+00  0.2000E+01
 -79.601  0.0000E+00  0.2000E+01
 -79.596  0.0000E+00  0.2000E+01
 -79.591  0.0000E+00  0.2000E+01
 -79.586  0.0000E+00  0.2000E+01
 -79.581  0.0000E+00  0.2000E+01
 -79.576  0.0000E+00  0.2000E+01
 -79.571  0.0000E+00  0.2000E+01
 -79.566  0.0000E+00  0.2000E+01
 -79.561  0.0000E+00  0.2000E+01
 -79.556  0.0000E+00  0.2000E+01
 -79.551  0.0000E+00  0.2000E+01
 -79.546  0.0000E+00  0.2000E+01
 -79.541  0.0000E+00  0.2000E+01
 -79.536  0.0000E+00  0.2000E+01
 -79.531  0.0000E+00  0.2000E+01
 -79.526  0.0000E+00  0.2000E+01
 -79.521  0.0000E+00  0.2000E+01
 -79.516  0.0000E+00  0.2000E+01
 -79.511  0.0000E+00  0.2000E+01
 -79.506  0.0000E+00  0.2000E+01
 -79.501  0.0000E+00  0.2000E+01
 -79.496  0.0000E+00  0.2000E+01
 -79.491  0.0000E+00  0.2000E+01
 -79.486  0.0000E+00  0.2000E+01
 -79.481  0.0000E+00  0.2000E+01
 -79.476  0.0000E+00  0.2000E+01
 -79.471  0.0000E+00  0.2000E+01
 -79.466  0.0000E+00  0.2000E+01
 -79.461  0.0000E+00  0.2000E+01
 -79.456  0.0000E+00  0.2000E+01
 -79.451  0.0000E+00  0.2000E+01
 -79.446  0.0000E+00  0.2000E+01
 -79.441  0.0000E+00  0.2000E+01
 -79.436  0.0000E+00  0.2000E+01
 -79.431  0.0000E+00  0.2000E+01
 -79.426  0.0000E+00  0.2000E+01
 -79.421  0.0000E+00  0.2000E+01
 -79.416  0.0000E+00  0.2000E+01
 -79.411  0.0000E+00  0.2000E+01
 -79.406  0.0000E+00  0.2000E+01
 -79.401  0.0000E+00  0.2000E+01
 -79.396  0.0000E+00  0.2000E+01
 -79.391  0.0000E+00  0.2000E+01
 -79.386  0.0000E+00  0.2000E+01
 -79.381  0.0000E+00  0.2000E+01
 -79.376  0.0000E+00  0.2000E+01
 -79.371  0.0000E+00  0.2000E+01
 -79.366  0.0000E+00  0.2000E+01
 -79.361  0.0000E+00  0.2000E+01
 -79.356  0.0000E+00  0.2000E+01
 -79.351  0.0000E+00  0.2000E+01
 -79.346  0.0000E+00  0.2000E+01
 -79.341  0.0000E+00  0.2000E+01
 -79.336  0.0000E+00  0.2000E+01
 -79.331  0.0000E+00  0.2000E+01
 -79.326  0.0000E+00  0.2000E+01
 -79.321  0.0000E+00  0.2000E+01
 -79.316  0.0000E+00  0.2000E+01
 -79.311  0.0000E+00  0.2000E+01
 -79.306  0.0000E+00  0.2000E+01
 -79.301  0.0000E+00  0.2000E+01
 -79.296  0.0000E+00  0.2000E+01
 -79.291  0.0000E+00  0.2000E+01
 -79.286  0.0000E+00  0.2000E+01
 -79.281  0.0000E+00  0.2000E+01
 -79.276  0.0000E+00  0.2000E+01
 -79.271  0.0000E+00  0.2000E+01
 -79.266  0.0000E+00  0.2000E+01
 -79.261  0.0000E+00  0.2000E+01
 -79.256  0.0000E+00  0.2000E+01
 -79.251  0.0000E+00  0.2000E+01
 -79.246  0.0000E+00  0.2000E+01
 -79.241  0.0000E+00  0.2000E+01
 -79.236  0.0000E+00  0.2000E+01
 -79.231  0.0000E+00  0.2000E+01
 -79.226  0.0000E+00  0.2000E+01
 -79.221  0.0000E+00  0.2000E+01
 -79.216  0.0000E+00  0.2000E+01
 -79.211  0.0000E+00  0.2000E+01
 -79.206  0.0000E+00  0.2000E+01
 -79.201  0.0000E+00  0.2000E+01
 -79.196  0.0000E+00  0.2000E+01
 -79.191  0.0000E+00  0.2000E+01
 -79.186  0.0000E+00  0.2000E+01
 -79.181  0.0000E+00  0.2000E+01
 -79.176  0.0000E+00  0.2000E+01
 -79.171  0.0000E+00  0.2000E+01
 -79.166  0.0000E+00  0.2000E+01
 -79.161  0.0000E+00  0.2000E+01
 -79.156  0.0000E+00  0.2000E+01
 -79.151  0.0000E+00  0.2000E+01
 -79.146  0.0000E+00  0.2000E+01
 -79.141  0.0000E+00  0.2000E+01
 -79.136  0.0000E+00  0.2000E+01
 -79.131  0.0000E+00  0.2000E+01
 -79.126  0.0000E+00  0.2000E+01
 -79.121  0.0000E+00  0.2000E+01
 -79.116  0.0000E+00  0.2000E+01
 -79.111  0.0000E+00  0.2000E+01
 -79.106  0.0000E+00  0.2000E+01
 -79.101  0.0000E+00  0.2000E+01
 -79.096  0.0000E+00  0.2000E+01
 -79.091  0.0000E+00  0.2000E+01
 -79.086  0.0000E+00  0.2000E+01
 -79.081  0.0000E+00  0.2000E+01
 -79.076  0.0000E+00  0.2000E+01
 -79.071  0.0000E+00  0.2000E+01
 -79.066  0.0000E+00  0.2000E+01
 -79.061  0.0000E+00  0.2000E+01
 -79.056  0.0000E+00  0.2000E+01
 -79.051  0.0000E+00  0.2000E+01
 -79.046  0.0000E+00  0.2000E+01
 -79.041  0.0000E+00  0.2000E+01
 -79.036  0.0000E+00  0.2000E+01
 -79.031  0.0000E+00  0.2000E+01
 -79.026  0.0000E+00  0.2000E+01
 -79.021  0.0000E+00  0.2000E+01
 -79.016  0.0000E+00  0.2000E+01
 -79.011  0.0000E+00  0.2000E+01
 -79.006  0.0000E+00  0.2000E+01
 -79.001  0.0000E+00  0.2000E+01
 -78.996  0.0000E+00  0.2000E+01
 -78.991  0.0000E+00  0.2000E+01
 -78.986  0.0000E+00  0.2000E+01
 -78.981  0.0000E+00  0.2000E+01
 -78.976  0.0000E+00  0.2000E+01
 -78.971  0.0000E+00  0.2000E+01
 -78.966  0.0000E+00  0.2000E+01
 -78.961  0.0000E+00  0.2000E+01
 -78.956  0.0000E+00  0.2000E+01
 -78.951  0.0000E+00  0.2000E+01
 -78.946  0.0000E+00  0.2000E+01
 -78.941  0.0000E+00  0.2000E+01
 -78.936  0.0000E+00  0.2000E+01
 -78.931  0.0000E+00  0.2000E+01
 -78.926  0.0000E+00  0.2000E+01
 -78.921  0.0000E+00  0.2000E+01
 -78.916  0.0000E+00  0.2000E+01
 -78.911  0.0000E+00  0.2000E+01
 -78.906  0.0000E+00  0.2000E+01
 -78.901  0.0000E+00  0.2000E+01
 -78.896  0.0000E+00  0.2000E+01
 -78.891  0.0000E+00  0.2000E+01
 -78.886  0.0000E+00  0.2000E+01
 -78.881  0.0000E+00  0.2000E+01
 -78.876  0.0000E+00  0.2000E+01
 -78.871  0.0000E+00  0.2000E+01
 -78.866  0.0000E+00  0.2000E+01
 -78.861  0.0000E+00  0.2000E+01
 -78.856  0.0000E+00  0.2000E+01
 -78.851  0.0000E+00  0.2000E+01
 -78.846  0.0000E+00  0.2000E+01
 -78.841  0.0000E+00  0.2000E+01
 -78.836  0.0000E+00  0.2000E+01
 -78.831  0.0000E+00  0.2000E+01
 -78.826  0.0000E+00  0.2000E+01
 -78.821  0.0000E+00  0.2000E+01
 -78.816  0.0000E+00  0.2000E+01
 -78.811  0.0000E+00  0.2000E+01
 -78.806  0.0000E+00  0.2000E+01
 -78.801  0.0000E+00  0.2000E+01
 -78.796  0.0000E+00  0.2000E+01
 -78.791  0.0000E+00  0.2000E+01
 -78.786  0.0000E+00  0.2000E+01
 -78.781  0.0000E+00  0.2000E+01
 -78.776  0.0000E+00  0.2000E+01
 -78.771  0.0000E+00  0.2000E+01
 -78.766  0.0000E+00  0.2000E+01
 -78.761  0.0000E+00  0.2000E+01
 -78.756  0.0000E+00  0.2000E+01
 -78.751  0.0000E+00  0.2000E+01
 -78.746  0.0000E+00  0.2000E+01
 -78.741  0.0000E+00  0.2000E+01
 -78.736  0.0000E+00  0.2000E+01
 -78.731  0.0000E+00  0.2000E+01
 -78.726  0.0000E+00  0.2000E+01
 -78.721  0.0000E+00  0.2000E+01
 -78.716  0.0000E+00  0.2000E+01
 -78.711  0.0000E+00  0.2000E+01
 -78.706  0.0000E+00  0.2000E+01
 -78.701  0.0000E+00  0.2000E+01
 -78.696  0.0000E+00  0.2000E+01
 -78.691  0.0000E+00  0.2000E+01
 -78.686  0.0000E+00  0.2000E+01
 -78.681  0.0000E+00  0.2000E+01
 -78.676  0.0000E+00  0.2000E+01
 -78.671  0.0000E+00  0.2000E+01
 -78.666  0.0000E+00  0.2000E+01
 -78.661  0.0000E+00  0.2000E+01
 -78.656  0.0000E+00  0.2000E+01
 -78.651  0.0000E+00  0.2000E+01
 -78.646  0.0000E+00  0.2000E+01
 -78.641  0.0000E+00  0.2000E+01
 -78.636  0.0000E+00  0.2000E+01
 -78.631  0.0000E+00  0.2000E+01
 -78.626  0.0000E+00  0.2000E+01
 -78.621  0.0000E+00  0.2000E+01
 -78.616  0.0000E+00  0.2000E+01
 -78.611  0.0000E+00  0.2000E+01
 -78.606  0.0000E+00  0.2000E+01
 -78.601  0.0000E+00  0.2000E+01
 -78.596  0.0000E+00  0.2000E+01
 -78.591  0.0000E+00  0.2000E+01
 -78.586  0.0000E+00  0.2000E+01
 -78.581  0.0000E+00  0.2000E+01
 -78.576  0.0000E+00  0.2000E+01
 -78.571  0.0000E+00  0.2000E+01
 -78.566  0.0000E+00  0.2000E+01
 -78.561  0.0000E+00  0.2000E+01
 -78.556  0.0000E+00  0.2000E+01
 -78.551  0.0000E+00  0.2000E+01
 -78.546  0.0000E+00  0.2000E+01
 -78.541  0.0000E+00  0.2000E+01
 -78.536  0.0000E+00  0.2000E+01
 -78.531  0.0000E+00  0.2000E+01
 -78.526  0.0000E+00  0.2000E+01
 -78.521  0.0000E+00  0.2000E+01
 -78.516  0.0000E+00  0.2000E+01
 -78.511  0.0000E+00  0.2000E+01
 -78.506  0.0000E+00  0.2000E+01
 -78.501  0.0000E+00  0.2000E+01
 -78.496  0.0000E+00  0.2000E+01
 -78.491  0.0000E+00  0.2000E+01
 -78.486  0.0000E+00  0.2000E+01
 -78.481  0.0000E+00  0.2000E+01
 -78.476  0.0000E+00  0.2000E+01
 -78.471  0.0000E+00  0.2000E+01
 -78.466  0.0000E+00  0.2000E+01
 -78.461  0.0000E+00  0.2000E+01
 -78.456  0.0000E+00  0.2000E+01
 -78.451  0.0000E+00  0.2000E+01
 -78.446  0.0000E+00  0.2000E+01
 -78.441  0.0000E+00  0.2000E+01
 -78.436  0.0000E+00  0.2000E+01
 -78.431  0.0000E+00  0.2000E+01
 -78.426  0.0000E+00  0.2000E+01
 -78.421  0.0000E+00  0.2000E+01
 -78.416  0.0000E+00  0.2000E+01
 -78.411  0.0000E+00  0.2000E+01
 -78.406  0.0000E+00  0.2000E+01
 -78.401  0.0000E+00  0.2000E+01
 -78.396  0.0000E+00  0.2000E+01
 -78.391  0.0000E+00  0.2000E+01
 -78.386  0.0000E+00  0.2000E+01
 -78.381  0.0000E+00  0.2000E+01
 -78.376  0.0000E+00  0.2000E+01
 -78.371  0.0000E+00  0.2000E+01
 -78.366  0.0000E+00  0.2000E+01
 -78.361  0.0000E+00  0.2000E+01
 -78.356  0.0000E+00  0.2000E+01
 -78.351  0.0000E+00  0.2000E+01
 -78.346  0.0000E+00  0.2000E+01
 -78.341  0.0000E+00  0.2000E+01
 -78.336  0.0000E+00  0.2000E+01
 -78.331  0.0000E+00  0.2000E+01
 -78.326  0.0000E+00  0.2000E+01
 -78.321  0.0000E+00  0.2000E+01
 -78.316  0.0000E+00  0.2000E+01
 -78.311  0.0000E+00  0.2000E+01
 -78.306  0.0000E+00  0.2000E+01
 -78.301  0.0000E+00  0.2000E+01
 -78.296  0.0000E+00  0.2000E+01
 -78.291  0.0000E+00  0.2000E+01
 -78.286  0.0000E+00  0.2000E+01
 -78.281  0.0000E+00  0.2000E+01
 -78.276  0.0000E+00  0.2000E+01
 -78.271  0.0000E+00  0.2000E+01
 -78.266  0.0000E+00  0.2000E+01
 -78.261  0.0000E+00  0.2000E+01
 -78.256  0.0000E+00  0.2000E+01
 -78.251  0.0000E+00  0.2000E+01
 -78.246  0.0000E+00  0.2000E+01
 -78.241  0.0000E+00  0.2000E+01
 -78.236  0.0000E+00  0.2000E+01
 -78.231  0.0000E+00  0.2000E+01
 -78.226  0.0000E+00  0.2000E+01
 -78.221  0.0000E+00  0.2000E+01
 -78.216  0.0000E+00  0.2000E+01
 -78.211  0.0000E+00  0.2000E+01
 -78.206  0.0000E+00  0.2000E+01
 -78.201  0.0000E+00  0.2000E+01
 -78.196  0.0000E+00  0.2000E+01
 -78.191  0.0000E+00  0.2000E+01
 -78.186  0.0000E+00  0.2000E+01
 -78.181  0.0000E+00  0.2000E+01
 -78.176  0.0000E+00  0.2000E+01
 -78.171  0.0000E+00  0.2000E+01
 -78.166  0.0000E+00  0.2000E+01
 -78.161  0.0000E+00  0.2000E+01
 -78.156  0.0000E+00  0.2000E+01
 -78.151  0.0000E+00  0.2000E+01
 -78.146  0.0000E+00  0.2000E+01
 -78.141  0.0000E+00  0.2000E+01
 -78.136  0.0000E+00  0.2000E+01
 -78.131  0.0000E+00  0.2000E+01
 -78.126  0.0000E+00  0.2000E+01
 -78.121  0.0000E+00  0.2000E+01
 -78.116  0.0000E+00  0.2000E+01
 -78.111  0.0000E+00  0.2000E+01
 -78.106  0.0000E+00  0.2000E+01
 -78.101  0.0000E+00  0.2000E+01
 -78.096  0.0000E+00  0.2000E+01
 -78.091  0.0000E+00  0.2000E+01
 -78.086  0.0000E+00  0.2000E+01
 -78.081  0.0000E+00  0.2000E+01
 -78.076  0.0000E+00  0.2000E+01
 -78.071  0.0000E+00  0.2000E+01
 -78.066  0.0000E+00  0.2000E+01
 -78.061  0.0000E+00  0.2000E+01
 -78.056  0.0000E+00  0.2000E+01
 -78.051  0.0000E+00  0.2000E+01
 -78.046  0.0000E+00  0.2000E+01
 -78.041  0.0000E+00  0.2000E+01
 -78.036  0.0000E+00  0.2000E+01
 -78.031  0.0000E+00  0.2000E+01
 -78.026  0.0000E+00  0.2000E+01
 -78.021  0.0000E+00  0.2000E+01
 -78.016  0.0000E+00  0.2000E+01
 -78.011  0.0000E+00  0.2000E+01
 -78.006  0.0000E+00  0.2000E+01
 -78.001  0.0000E+00  0.2000E+01
 -77.996  0.0000E+00  0.2000E+01
 -77.991  0.0000E+00  0.2000E+01
 -77.986  0.0000E+00  0.2000E+01
 -77.981  0.0000E+00  0.2000E+01
 -77.976  0.0000E+00  0.2000E+01
 -77.971  0.0000E+00  0.2000E+01
 -77.966  0.0000E+00  0.2000E+01
 -77.961  0.0000E+00  0.2000E+01
 -77.956  0.0000E+00  0.2000E+01
 -77.951  0.0000E+00  0.2000E+01
 -77.946  0.0000E+00  0.2000E+01
 -77.941  0.0000E+00  0.2000E+01
 -77.936  0.0000E+00  0.2000E+01
 -77.931  0.0000E+00  0.2000E+01
 -77.926  0.0000E+00  0.2000E+01
 -77.921  0.0000E+00  0.2000E+01
 -77.916  0.0000E+00  0.2000E+01
 -77.911  0.0000E+00  0.2000E+01
 -77.906  0.0000E+00  0.2000E+01
 -77.901  0.0000E+00  0.2000E+01
 -77.896  0.0000E+00  0.2000E+01
 -77.891  0.0000E+00  0.2000E+01
 -77.886  0.0000E+00  0.2000E+01
 -77.881  0.0000E+00  0.2000E+01
 -77.876  0.0000E+00  0.2000E+01
 -77.871  0.0000E+00  0.2000E+01
 -77.866  0.0000E+00  0.2000E+01
 -77.861  0.0000E+00  0.2000E+01
 -77.856  0.0000E+00  0.2000E+01
 -77.851  0.0000E+00  0.2000E+01
 -77.846  0.0000E+00  0.2000E+01
 -77.841  0.0000E+00  0.2000E+01
 -77.836  0.0000E+00  0.2000E+01
 -77.831  0.0000E+00  0.2000E+01
 -77.826  0.0000E+00  0.2000E+01
 -77.821  0.0000E+00  0.2000E+01
 -77.816  0.0000E+00  0.2000E+01
 -77.811  0.0000E+00  0.2000E+01
 -77.806  0.0000E+00  0.2000E+01
 -77.801  0.0000E+00  0.2000E+01
 -77.796  0.0000E+00  0.2000E+01
 -77.791  0.0000E+00  0.2000E+01
 -77.786  0.0000E+00  0.2000E+01
 -77.781  0.0000E+00  0.2000E+01
 -77.776  0.0000E+00  0.2000E+01
 -77.771  0.0000E+00  0.2000E+01
 -77.766  0.0000E+00  0.2000E+01
 -77.761  0.0000E+00  0.2000E+01
 -77.756  0.0000E+00  0.2000E+01
 -77.751  0.0000E+00  0.2000E+01
 -77.746  0.0000E+00  0.2000E+01
 -77.741  0.0000E+00  0.2000E+01
 -77.736  0.0000E+00  0.2000E+01
 -77.731  0.0000E+00  0.2000E+01
 -77.726  0.0000E+00  0.2000E+01
 -77.721  0.0000E+00  0.2000E+01
 -77.716  0.0000E+00  0.2000E+01
 -77.711  0.0000E+00  0.2000E+01
 -77.706  0.0000E+00  0.2000E+01
 -77.701  0.0000E+00  0.2000E+01
 -77.696  0.0000E+00  0.2000E+01
 -77.691  0.0000E+00  0.2000E+01
 -77.686  0.0000E+00  0.2000E+01
 -77.681  0.0000E+00  0.2000E+01
 -77.676  0.0000E+00  0.2000E+01
 -77.671  0.0000E+00  0.2000E+01
 -77.666  0.0000E+00  0.2000E+01
 -77.661  0.0000E+00  0.2000E+01
 -77.656  0.0000E+00  0.2000E+01
 -77.651  0.0000E+00  0.2000E+01
 -77.646  0.0000E+00  0.2000E+01
 -77.641  0.0000E+00  0.2000E+01
 -77.636  0.0000E+00  0.2000E+01
 -77.631  0.0000E+00  0.2000E+01
 -77.626  0.0000E+00  0.2000E+01
 -77.621  0.0000E+00  0.2000E+01
 -77.616  0.0000E+00  0.2000E+01
 -77.611  0.0000E+00  0.2000E+01
 -77.606  0.0000E+00  0.2000E+01
 -77.601  0.0000E+00  0.2000E+01
 -77.596  0.0000E+00  0.2000E+01
 -77.591  0.0000E+00  0.2000E+01
 -77.586  0.0000E+00  0.2000E+01
 -77.581  0.0000E+00  0.2000E+01
 -77.576  0.0000E+00  0.2000E+01
 -77.571  0.0000E+00  0.2000E+01
 -77.566  0.0000E+00  0.2000E+01
 -77.561  0.0000E+00  0.2000E+01
 -77.556  0.0000E+00  0.2000E+01
 -77.551  0.0000E+00  0.2000E+01
 -77.546  0.0000E+00  0.2000E+01
 -77.541  0.0000E+00  0.2000E+01
 -77.536  0.0000E+00  0.2000E+01
 -77.531  0.0000E+00  0.2000E+01
 -77.526  0.0000E+00  0.2000E+01
 -77.521  0.0000E+00  0.2000E+01
 -77.516  0.0000E+00  0.2000E+01
 -77.511  0.0000E+00  0.2000E+01
 -77.506  0.0000E+00  0.2000E+01
 -77.501  0.0000E+00  0.2000E+01
 -77.496  0.0000E+00  0.2000E+01
 -77.491  0.0000E+00  0.2000E+01
 -77.486  0.0000E+00  0.2000E+01
 -77.481  0.0000E+00  0.2000E+01
 -77.476  0.0000E+00  0.2000E+01
 -77.471  0.0000E+00  0.2000E+01
 -77.466  0.0000E+00  0.2000E+01
 -77.461  0.0000E+00  0.2000E+01
 -77.456  0.0000E+00  0.2000E+01
 -77.451  0.0000E+00  0.2000E+01
 -77.446  0.0000E+00  0.2000E+01
 -77.441  0.0000E+00  0.2000E+01
 -77.436  0.0000E+00  0.2000E+01
 -77.431  0.0000E+00  0.2000E+01
 -77.426  0.0000E+00  0.2000E+01
 -77.421  0.0000E+00  0.2000E+01
 -77.416  0.0000E+00  0.2000E+01
 -77.411  0.0000E+00  0.2000E+01
 -77.406  0.0000E+00  0.2000E+01
 -77.401  0.0000E+00  0.2000E+01
 -77.396  0.0000E+00  0.2000E+01
 -77.391  0.0000E+00  0.2000E+01
 -77.386  0.0000E+00  0.2000E+01
 -77.381  0.0000E+00  0.2000E+01
 -77.376  0.0000E+00  0.2000E+01
 -77.371  0.0000E+00  0.2000E+01
 -77.366  0.0000E+00  0.2000E+01
 -77.361  0.0000E+00  0.2000E+01
 -77.356  0.0000E+00  0.2000E+01
 -77.351  0.0000E+00  0.2000E+01
 -77.346  0.0000E+00  0.2000E+01
 -77.341  0.0000E+00  0.2000E+01
 -77.336  0.0000E+00  0.2000E+01
 -77.331  0.0000E+00  0.2000E+01
 -77.326  0.0000E+00  0.2000E+01
 -77.321  0.0000E+00  0.2000E+01
 -77.316  0.0000E+00  0.2000E+01
 -77.311  0.0000E+00  0.2000E+01
 -77.306  0.0000E+00  0.2000E+01
 -77.301  0.0000E+00  0.2000E+01
 -77.296  0.0000E+00  0.2000E+01
 -77.291  0.0000E+00  0.2000E+01
 -77.286  0.0000E+00  0.2000E+01
 -77.281  0.0000E+00  0.2000E+01
 -77.276  0.0000E+00  0.2000E+01
 -77.271  0.0000E+00  0.2000E+01
 -77.266  0.0000E+00  0.2000E+01
 -77.261  0.0000E+00  0.2000E+01
 -77.256  0.0000E+00  0.2000E+01
 -77.251  0.0000E+00  0.2000E+01
 -77.246  0.0000E+00  0.2000E+01
 -77.241  0.0000E+00  0.2000E+01
 -77.236  0.0000E+00  0.2000E+01
 -77.231  0.0000E+00  0.2000E+01
 -77.226  0.0000E+00  0.2000E+01
 -77.221  0.0000E+00  0.2000E+01
 -77.216  0.0000E+00  0.2000E+01
 -77.211  0.0000E+00  0.2000E+01
 -77.206  0.0000E+00  0.2000E+01
 -77.201  0.0000E+00  0.2000E+01
 -77.196  0.0000E+00  0.2000E+01
 -77.191  0.0000E+00  0.2000E+01
 -77.186  0.0000E+00  0.2000E+01
 -77.181  0.0000E+00  0.2000E+01
 -77.176  0.0000E+00  0.2000E+01
 -77.171  0.0000E+00  0.2000E+01
 -77.166  0.0000E+00  0.2000E+01
 -77.161  0.0000E+00  0.2000E+01
 -77.156  0.0000E+00  0.2000E+01
 -77.151  0.0000E+00  0.2000E+01
 -77.146  0.0000E+00  0.2000E+01
 -77.141  0.0000E+00  0.2000E+01
 -77.136  0.0000E+00  0.2000E+01
 -77.131  0.0000E+00  0.2000E+01
 -77.126  0.0000E+00  0.2000E+01
 -77.121  0.0000E+00  0.2000E+01
 -77.116  0.0000E+00  0.2000E+01
 -77.111  0.0000E+00  0.2000E+01
 -77.106  0.0000E+00  0.2000E+01
 -77.101  0.0000E+00  0.2000E+01
 -77.096  0.0000E+00  0.2000E+01
 -77.091  0.0000E+00  0.2000E+01
 -77.086  0.0000E+00  0.2000E+01
 -77.081  0.0000E+00  0.2000E+01
 -77.076  0.0000E+00  0.2000E+01
 -77.071  0.0000E+00  0.2000E+01
 -77.066  0.0000E+00  0.2000E+01
 -77.061  0.0000E+00  0.2000E+01
 -77.056  0.0000E+00  0.2000E+01
 -77.051  0.0000E+00  0.2000E+01
 -77.046  0.0000E+00  0.2000E+01
 -77.041  0.0000E+00  0.2000E+01
 -77.036  0.0000E+00  0.2000E+01
 -77.031  0.0000E+00  0.2000E+01
 -77.026  0.0000E+00  0.2000E+01
 -77.021  0.0000E+00  0.2000E+01
 -77.016  0.0000E+00  0.2000E+01
 -77.011  0.0000E+00  0.2000E+01
 -77.006  0.0000E+00  0.2000E+01
 -77.001  0.0000E+00  0.2000E+01
 -76.996  0.0000E+00  0.2000E+01
 -76.991  0.0000E+00  0.2000E+01
 -76.986  0.0000E+00  0.2000E+01
 -76.981  0.0000E+00  0.2000E+01
 -76.976  0.0000E+00  0.2000E+01
 -76.971  0.0000E+00  0.2000E+01
 -76.966  0.0000E+00  0.2000E+01
 -76.961  0.0000E+00  0.2000E+01
 -76.956  0.0000E+00  0.2000E+01
 -76.951  0.0000E+00  0.2000E+01
 -76.946  0.0000E+00  0.2000E+01
 -76.941  0.0000E+00  0.2000E+01
 -76.936  0.0000E+00  0.2000E+01
 -76.931  0.0000E+00  0.2000E+01
 -76.926  0.0000E+00  0.2000E+01
 -76.921  0.0000E+00  0.2000E+01
 -76.916  0.0000E+00  0.2000E+01
 -76.911  0.0000E+00  0.2000E+01
 -76.906  0.0000E+00  0.2000E+01
 -76.901  0.0000E+00  0.2000E+01
 -76.896  0.0000E+00  0.2000E+01
 -76.891  0.0000E+00  0.2000E+01
 -76.886  0.0000E+00  0.2000E+01
 -76.881  0.0000E+00  0.2000E+01
 -76.876  0.0000E+00  0.2000E+01
 -76.871  0.0000E+00  0.2000E+01
 -76.866  0.0000E+00  0.2000E+01
 -76.861  0.0000E+00  0.2000E+01
 -76.856  0.0000E+00  0.2000E+01
 -76.851  0.0000E+00  0.2000E+01
 -76.846  0.0000E+00  0.2000E+01
 -76.841  0.0000E+00  0.2000E+01
 -76.836  0.0000E+00  0.2000E+01
 -76.831  0.0000E+00  0.2000E+01
 -76.826  0.0000E+00  0.2000E+01
 -76.821  0.0000E+00  0.2000E+01
 -76.816  0.0000E+00  0.2000E+01
 -76.811  0.0000E+00  0.2000E+01
 -76.806  0.0000E+00  0.2000E+01
 -76.801  0.0000E+00  0.2000E+01
 -76.796  0.0000E+00  0.2000E+01
 -76.791  0.0000E+00  0.2000E+01
 -76.786  0.0000E+00  0.2000E+01
 -76.781  0.0000E+00  0.2000E+01
 -76.776  0.0000E+00  0.2000E+01
 -76.771  0.0000E+00  0.2000E+01
 -76.766  0.0000E+00  0.2000E+01
 -76.761  0.0000E+00  0.2000E+01
 -76.756  0.0000E+00  0.2000E+01
 -76.751  0.0000E+00  0.2000E+01
 -76.746  0.0000E+00  0.2000E+01
 -76.741  0.0000E+00  0.2000E+01
 -76.736  0.0000E+00  0.2000E+01
 -76.731  0.0000E+00  0.2000E+01
 -76.726  0.0000E+00  0.2000E+01
 -76.721  0.0000E+00  0.2000E+01
 -76.716  0.0000E+00  0.2000E+01
 -76.711  0.0000E+00  0.2000E+01
 -76.706  0.0000E+00  0.2000E+01
 -76.701  0.0000E+00  0.2000E+01
 -76.696  0.0000E+00  0.2000E+01
 -76.691  0.0000E+00  0.2000E+01
 -76.686  0.0000E+00  0.2000E+01
 -76.681  0.0000E+00  0.2000E+01
 -76.676  0.0000E+00  0.2000E+01
 -76.671  0.0000E+00  0.2000E+01
 -76.666  0.0000E+00  0.2000E+01
 -76.661  0.0000E+00  0.2000E+01
 -76.656  0.0000E+00  0.2000E+01
 -76.651  0.0000E+00  0.2000E+01
 -76.646  0.0000E+00  0.2000E+01
 -76.641  0.0000E+00  0.2000E+01
 -76.636  0.0000E+00  0.2000E+01
 -76.631  0.0000E+00  0.2000E+01
 -76.626  0.0000E+00  0.2000E+01
 -76.621  0.0000E+00  0.2000E+01
 -76.616  0.0000E+00  0.2000E+01
 -76.611  0.0000E+00  0.2000E+01
 -76.606  0.0000E+00  0.2000E+01
 -76.601  0.0000E+00  0.2000E+01
 -76.596  0.0000E+00  0.2000E+01
 -76.591  0.0000E+00  0.2000E+01
 -76.586  0.0000E+00  0.2000E+01
 -76.581  0.0000E+00  0.2000E+01
 -76.576  0.0000E+00  0.2000E+01
 -76.571  0.0000E+00  0.2000E+01
 -76.566  0.0000E+00  0.2000E+01
 -76.561  0.0000E+00  0.2000E+01
 -76.556  0.0000E+00  0.2000E+01
 -76.551  0.0000E+00  0.2000E+01
 -76.546  0.0000E+00  0.2000E+01
 -76.541  0.0000E+00  0.2000E+01
 -76.536  0.0000E+00  0.2000E+01
 -76.531  0.0000E+00  0.2000E+01
 -76.526  0.0000E+00  0.2000E+01
 -76.521  0.0000E+00  0.2000E+01
 -76.516  0.0000E+00  0.2000E+01
 -76.511  0.0000E+00  0.2000E+01
 -76.506  0.0000E+00  0.2000E+01
 -76.501  0.0000E+00  0.2000E+01
 -76.496  0.0000E+00  0.2000E+01
 -76.491  0.0000E+00  0.2000E+01
 -76.486  0.0000E+00  0.2000E+01
 -76.481  0.0000E+00  0.2000E+01
 -76.476  0.0000E+00  0.2000E+01
 -76.471  0.0000E+00  0.2000E+01
 -76.466  0.0000E+00  0.2000E+01
 -76.461  0.0000E+00  0.2000E+01
 -76.456  0.0000E+00  0.2000E+01
 -76.451  0.0000E+00  0.2000E+01
 -76.446  0.0000E+00  0.2000E+01
 -76.441  0.0000E+00  0.2000E+01
 -76.436  0.0000E+00  0.2000E+01
 -76.431  0.0000E+00  0.2000E+01
 -76.426  0.0000E+00  0.2000E+01
 -76.421  0.0000E+00  0.2000E+01
 -76.416  0.0000E+00  0.2000E+01
 -76.411  0.0000E+00  0.2000E+01
 -76.406  0.0000E+00  0.2000E+01
 -76.401  0.0000E+00  0.2000E+01
 -76.396  0.0000E+00  0.2000E+01
 -76.391  0.0000E+00  0.2000E+01
 -76.386  0.0000E+00  0.2000E+01
 -76.381  0.0000E+00  0.2000E+01
 -76.376  0.0000E+00  0.2000E+01
 -76.371  0.0000E+00  0.2000E+01
 -76.366  0.0000E+00  0.2000E+01
 -76.361  0.0000E+00  0.2000E+01
 -76.356  0.0000E+00  0.2000E+01
 -76.351  0.0000E+00  0.2000E+01
 -76.346  0.0000E+00  0.2000E+01
 -76.341  0.0000E+00  0.2000E+01
 -76.336  0.0000E+00  0.2000E+01
 -76.331  0.0000E+00  0.2000E+01
 -76.326  0.0000E+00  0.2000E+01
 -76.321  0.0000E+00  0.2000E+01
 -76.316  0.0000E+00  0.2000E+01
 -76.311  0.0000E+00  0.2000E+01
 -76.306  0.0000E+00  0.2000E+01
 -76.301  0.0000E+00  0.2000E+01
 -76.296  0.0000E+00  0.2000E+01
 -76.291  0.0000E+00  0.2000E+01
 -76.286  0.0000E+00  0.2000E+01
 -76.281  0.0000E+00  0.2000E+01
 -76.276  0.0000E+00  0.2000E+01
 -76.271  0.0000E+00  0.2000E+01
 -76.266  0.0000E+00  0.2000E+01
 -76.261  0.0000E+00  0.2000E+01
 -76.256  0.0000E+00  0.2000E+01
 -76.251  0.0000E+00  0.2000E+01
 -76.246  0.0000E+00  0.2000E+01
 -76.241  0.0000E+00  0.2000E+01
 -76.236  0.0000E+00  0.2000E+01
 -76.231  0.0000E+00  0.2000E+01
 -76.226  0.0000E+00  0.2000E+01
 -76.221  0.0000E+00  0.2000E+01
 -76.216  0.0000E+00  0.2000E+01
 -76.211  0.0000E+00  0.2000E+01
 -76.206  0.0000E+00  0.2000E+01
 -76.201  0.0000E+00  0.2000E+01
 -76.196  0.0000E+00  0.2000E+01
 -76.191  0.0000E+00  0.2000E+01
 -76.186  0.0000E+00  0.2000E+01
 -76.181  0.0000E+00  0.2000E+01
 -76.176  0.0000E+00  0.2000E+01
 -76.171  0.0000E+00  0.2000E+01
 -76.166  0.0000E+00  0.2000E+01
 -76.161  0.0000E+00  0.2000E+01
 -76.156  0.0000E+00  0.2000E+01
 -76.151  0.0000E+00  0.2000E+01
 -76.146  0.0000E+00  0.2000E+01
 -76.141  0.0000E+00  0.2000E+01
 -76.136  0.0000E+00  0.2000E+01
 -76.131  0.0000E+00  0.2000E+01
 -76.126  0.0000E+00  0.2000E+01
 -76.121  0.0000E+00  0.2000E+01
 -76.116  0.0000E+00  0.2000E+01
 -76.111  0.0000E+00  0.2000E+01
 -76.106  0.0000E+00  0.2000E+01
 -76.101  0.0000E+00  0.2000E+01
 -76.096  0.0000E+00  0.2000E+01
 -76.091  0.0000E+00  0.2000E+01
 -76.086  0.0000E+00  0.2000E+01
 -76.081  0.0000E+00  0.2000E+01
 -76.076  0.0000E+00  0.2000E+01
 -76.071  0.0000E+00  0.2000E+01
 -76.066  0.0000E+00  0.2000E+01
 -76.061  0.0000E+00  0.2000E+01
 -76.056  0.0000E+00  0.2000E+01
 -76.051  0.0000E+00  0.2000E+01
 -76.046  0.0000E+00  0.2000E+01
 -76.041  0.0000E+00  0.2000E+01
 -76.036  0.0000E+00  0.2000E+01
 -76.031  0.0000E+00  0.2000E+01
 -76.026  0.0000E+00  0.2000E+01
 -76.021  0.0000E+00  0.2000E+01
 -76.016  0.0000E+00  0.2000E+01
 -76.011  0.0000E+00  0.2000E+01
 -76.006  0.0000E+00  0.2000E+01
 -76.001  0.0000E+00  0.2000E+01
 -75.996  0.0000E+00  0.2000E+01
 -75.991  0.0000E+00  0.2000E+01
 -75.986  0.0000E+00  0.2000E+01
 -75.981  0.0000E+00  0.2000E+01
 -75.976  0.0000E+00  0.2000E+01
 -75.971  0.0000E+00  0.2000E+01
 -75.966  0.0000E+00  0.2000E+01
 -75.961  0.0000E+00  0.2000E+01
 -75.956  0.0000E+00  0.2000E+01
 -75.951  0.0000E+00  0.2000E+01
 -75.946  0.0000E+00  0.2000E+01
 -75.941  0.0000E+00  0.2000E+01
 -75.936  0.0000E+00  0.2000E+01
 -75.931  0.0000E+00  0.2000E+01
 -75.926  0.0000E+00  0.2000E+01
 -75.921  0.0000E+00  0.2000E+01
 -75.916  0.0000E+00  0.2000E+01
 -75.911  0.0000E+00  0.2000E+01
 -75.906  0.0000E+00  0.2000E+01
 -75.901  0.0000E+00  0.2000E+01
 -75.896  0.0000E+00  0.2000E+01
 -75.891  0.0000E+00  0.2000E+01
 -75.886  0.0000E+00  0.2000E+01
 -75.881  0.0000E+00  0.2000E+01
 -75.876  0.0000E+00  0.2000E+01
 -75.871  0.0000E+00  0.2000E+01
 -75.866  0.0000E+00  0.2000E+01
 -75.861  0.0000E+00  0.2000E+01
 -75.856  0.0000E+00  0.2000E+01
 -75.851  0.0000E+00  0.2000E+01
 -75.846  0.0000E+00  0.2000E+01
 -75.841  0.0000E+00  0.2000E+01
 -75.836  0.0000E+00  0.2000E+01
 -75.831  0.0000E+00  0.2000E+01
 -75.826  0.0000E+00  0.2000E+01
 -75.821  0.0000E+00  0.2000E+01
 -75.816  0.0000E+00  0.2000E+01
 -75.811  0.0000E+00  0.2000E+01
 -75.806  0.0000E+00  0.2000E+01
 -75.801  0.0000E+00  0.2000E+01
 -75.796  0.0000E+00  0.2000E+01
 -75.791  0.0000E+00  0.2000E+01
 -75.786  0.0000E+00  0.2000E+01
 -75.781  0.0000E+00  0.2000E+01
 -75.776  0.0000E+00  0.2000E+01
 -75.771  0.0000E+00  0.2000E+01
 -75.766  0.0000E+00  0.2000E+01
 -75.761  0.0000E+00  0.2000E+01
 -75.756  0.0000E+00  0.2000E+01
 -75.751  0.0000E+00  0.2000E+01
 -75.746  0.0000E+00  0.2000E+01
 -75.741  0.0000E+00  0.2000E+01
 -75.736  0.0000E+00  0.2000E+01
 -75.731  0.0000E+00  0.2000E+01
 -75.726  0.0000E+00  0.2000E+01
 -75.721  0.0000E+00  0.2000E+01
 -75.716  0.0000E+00  0.2000E+01
 -75.711  0.0000E+00  0.2000E+01
 -75.706  0.0000E+00  0.2000E+01
 -75.701  0.0000E+00  0.2000E+01
 -75.696  0.0000E+00  0.2000E+01
 -75.691  0.0000E+00  0.2000E+01
 -75.686  0.0000E+00  0.2000E+01
 -75.681  0.0000E+00  0.2000E+01
 -75.676  0.0000E+00  0.2000E+01
 -75.671  0.0000E+00  0.2000E+01
 -75.666  0.0000E+00  0.2000E+01
 -75.661  0.0000E+00  0.2000E+01
 -75.656  0.0000E+00  0.2000E+01
 -75.651  0.0000E+00  0.2000E+01
 -75.646  0.0000E+00  0.2000E+01
 -75.641  0.0000E+00  0.2000E+01
 -75.636  0.0000E+00  0.2000E+01
 -75.631  0.0000E+00  0.2000E+01
 -75.626  0.0000E+00  0.2000E+01
 -75.621  0.0000E+00  0.2000E+01
 -75.616  0.0000E+00  0.2000E+01
 -75.611  0.0000E+00  0.2000E+01
 -75.606  0.0000E+00  0.2000E+01
 -75.601  0.0000E+00  0.2000E+01
 -75.596  0.0000E+00  0.2000E+01
 -75.591  0.0000E+00  0.2000E+01
 -75.586  0.0000E+00  0.2000E+01
 -75.581  0.0000E+00  0.2000E+01
 -75.576  0.0000E+00  0.2000E+01
 -75.571  0.0000E+00  0.2000E+01
 -75.566  0.0000E+00  0.2000E+01
 -75.561  0.0000E+00  0.2000E+01
 -75.556  0.0000E+00  0.2000E+01
 -75.551  0.0000E+00  0.2000E+01
 -75.546  0.0000E+00  0.2000E+01
 -75.541  0.0000E+00  0.2000E+01
 -75.536  0.0000E+00  0.2000E+01
 -75.531  0.0000E+00  0.2000E+01
 -75.526  0.0000E+00  0.2000E+01
 -75.521  0.0000E+00  0.2000E+01
 -75.516  0.0000E+00  0.2000E+01
 -75.511  0.0000E+00  0.2000E+01
 -75.506  0.0000E+00  0.2000E+01
 -75.501  0.0000E+00  0.2000E+01
 -75.496  0.0000E+00  0.2000E+01
 -75.491  0.0000E+00  0.2000E+01
 -75.486  0.0000E+00  0.2000E+01
 -75.481  0.0000E+00  0.2000E+01
 -75.476  0.0000E+00  0.2000E+01
 -75.471  0.0000E+00  0.2000E+01
 -75.466  0.0000E+00  0.2000E+01
 -75.461  0.0000E+00  0.2000E+01
 -75.456  0.0000E+00  0.2000E+01
 -75.451  0.0000E+00  0.2000E+01
 -75.446  0.0000E+00  0.2000E+01
 -75.441  0.0000E+00  0.2000E+01
 -75.436  0.0000E+00  0.2000E+01
 -75.431  0.0000E+00  0.2000E+01
 -75.426  0.0000E+00  0.2000E+01
 -75.421  0.0000E+00  0.2000E+01
 -75.416  0.0000E+00  0.2000E+01
 -75.411  0.0000E+00  0.2000E+01
 -75.406  0.0000E+00  0.2000E+01
 -75.401  0.0000E+00  0.2000E+01
 -75.396  0.0000E+00  0.2000E+01
 -75.391  0.0000E+00  0.2000E+01
 -75.386  0.0000E+00  0.2000E+01
 -75.381  0.0000E+00  0.2000E+01
 -75.376  0.0000E+00  0.2000E+01
 -75.371  0.0000E+00  0.2000E+01
 -75.366  0.0000E+00  0.2000E+01
 -75.361  0.0000E+00  0.2000E+01
 -75.356  0.0000E+00  0.2000E+01
 -75.351  0.0000E+00  0.2000E+01
 -75.346  0.0000E+00  0.2000E+01
 -75.341  0.0000E+00  0.2000E+01
 -75.336  0.0000E+00  0.2000E+01
 -75.331  0.0000E+00  0.2000E+01
 -75.326  0.0000E+00  0.2000E+01
 -75.321  0.0000E+00  0.2000E+01
 -75.316  0.0000E+00  0.2000E+01
 -75.311  0.0000E+00  0.2000E+01
 -75.306  0.0000E+00  0.2000E+01
 -75.301  0.0000E+00  0.2000E+01
 -75.296  0.0000E+00  0.2000E+01
 -75.291  0.0000E+00  0.2000E+01
 -75.286  0.0000E+00  0.2000E+01
 -75.281  0.0000E+00  0.2000E+01
 -75.276  0.0000E+00  0.2000E+01
 -75.271  0.0000E+00  0.2000E+01
 -75.266  0.0000E+00  0.2000E+01
 -75.261  0.0000E+00  0.2000E+01
 -75.256  0.0000E+00  0.2000E+01
 -75.251  0.0000E+00  0.2000E+01
 -75.246  0.0000E+00  0.2000E+01
 -75.241  0.0000E+00  0.2000E+01
 -75.236  0.0000E+00  0.2000E+01
 -75.231  0.0000E+00  0.2000E+01
 -75.226  0.0000E+00  0.2000E+01
 -75.221  0.0000E+00  0.2000E+01
 -75.216  0.0000E+00  0.2000E+01
 -75.211  0.0000E+00  0.2000E+01
 -75.206  0.0000E+00  0.2000E+01
 -75.201  0.0000E+00  0.2000E+01
 -75.196  0.0000E+00  0.2000E+01
 -75.191  0.0000E+00  0.2000E+01
 -75.186  0.0000E+00  0.2000E+01
 -75.181  0.0000E+00  0.2000E+01
 -75.176  0.0000E+00  0.2000E+01
 -75.171  0.0000E+00  0.2000E+01
 -75.166  0.0000E+00  0.2000E+01
 -75.161  0.0000E+00  0.2000E+01
 -75.156  0.0000E+00  0.2000E+01
 -75.151  0.0000E+00  0.2000E+01
 -75.146  0.0000E+00  0.2000E+01
 -75.141  0.0000E+00  0.2000E+01
 -75.136  0.0000E+00  0.2000E+01
 -75.131  0.0000E+00  0.2000E+01
 -75.126  0.0000E+00  0.2000E+01
 -75.121  0.0000E+00  0.2000E+01
 -75.116  0.0000E+00  0.2000E+01
 -75.111  0.0000E+00  0.2000E+01
 -75.106  0.0000E+00  0.2000E+01
 -75.101  0.0000E+00  0.2000E+01
 -75.096  0.0000E+00  0.2000E+01
 -75.091  0.0000E+00  0.2000E+01
 -75.086  0.0000E+00  0.2000E+01
 -75.081  0.0000E+00  0.2000E+01
 -75.076  0.0000E+00  0.2000E+01
 -75.071  0.0000E+00  0.2000E+01
 -75.066  0.0000E+00  0.2000E+01
 -75.061  0.0000E+00  0.2000E+01
 -75.056  0.0000E+00  0.2000E+01
 -75.051  0.0000E+00  0.2000E+01
 -75.046  0.0000E+00  0.2000E+01
 -75.041  0.0000E+00  0.2000E+01
 -75.036  0.0000E+00  0.2000E+01
 -75.031  0.0000E+00  0.2000E+01
 -75.026  0.0000E+00  0.2000E+01
 -75.021  0.0000E+00  0.2000E+01
 -75.016  0.0000E+00  0.2000E+01
 -75.011  0.0000E+00  0.2000E+01
 -75.006  0.0000E+00  0.2000E+01
 -75.001  0.0000E+00  0.2000E+01
 -74.996  0.0000E+00  0.2000E+01
 -74.991  0.0000E+00  0.2000E+01
 -74.986  0.0000E+00  0.2000E+01
 -74.981  0.0000E+00  0.2000E+01
 -74.976  0.0000E+00  0.2000E+01
 -74.971  0.0000E+00  0.2000E+01
 -74.966  0.0000E+00  0.2000E+01
 -74.961  0.0000E+00  0.2000E+01
 -74.956  0.0000E+00  0.2000E+01
 -74.951  0.0000E+00  0.2000E+01
 -74.946  0.0000E+00  0.2000E+01
 -74.941  0.0000E+00  0.2000E+01
 -74.936  0.0000E+00  0.2000E+01
 -74.931  0.0000E+00  0.2000E+01
 -74.926  0.0000E+00  0.2000E+01
 -74.921  0.0000E+00  0.2000E+01
 -74.916  0.0000E+00  0.2000E+01
 -74.911  0.0000E+00  0.2000E+01
 -74.906  0.0000E+00  0.2000E+01
 -74.901  0.0000E+00  0.2000E+01
 -74.896  0.0000E+00  0.2000E+01
 -74.891  0.0000E+00  0.2000E+01
 -74.886  0.0000E+00  0.2000E+01
 -74.881  0.0000E+00  0.2000E+01
 -74.876  0.0000E+00  0.2000E+01
 -74.871  0.0000E+00  0.2000E+01
 -74.866  0.0000E+00  0.2000E+01
 -74.861  0.0000E+00  0.2000E+01
 -74.856  0.0000E+00  0.2000E+01
 -74.851  0.0000E+00  0.2000E+01
 -74.846  0.0000E+00  0.2000E+01
 -74.841  0.0000E+00  0.2000E+01
 -74.836  0.0000E+00  0.2000E+01
 -74.831  0.0000E+00  0.2000E+01
 -74.826  0.0000E+00  0.2000E+01
 -74.821  0.0000E+00  0.2000E+01
 -74.816  0.0000E+00  0.2000E+01
 -74.811  0.0000E+00  0.2000E+01
 -74.806  0.0000E+00  0.2000E+01
 -74.801  0.0000E+00  0.2000E+01
 -74.796  0.0000E+00  0.2000E+01
 -74.791  0.0000E+00  0.2000E+01
 -74.786  0.0000E+00  0.2000E+01
 -74.781  0.0000E+00  0.2000E+01
 -74.776  0.0000E+00  0.2000E+01
 -74.771  0.0000E+00  0.2000E+01
 -74.766  0.0000E+00  0.2000E+01
 -74.761  0.0000E+00  0.2000E+01
 -74.756  0.0000E+00  0.2000E+01
 -74.751  0.0000E+00  0.2000E+01
 -74.746  0.0000E+00  0.2000E+01
 -74.741  0.0000E+00  0.2000E+01
 -74.736  0.0000E+00  0.2000E+01
 -74.731  0.0000E+00  0.2000E+01
 -74.726  0.0000E+00  0.2000E+01
 -74.721  0.0000E+00  0.2000E+01
 -74.716  0.0000E+00  0.2000E+01
 -74.711  0.0000E+00  0.2000E+01
 -74.706  0.0000E+00  0.2000E+01
 -74.701  0.0000E+00  0.2000E+01
 -74.696  0.0000E+00  0.2000E+01
 -74.691  0.0000E+00  0.2000E+01
 -74.686  0.0000E+00  0.2000E+01
 -74.681  0.0000E+00  0.2000E+01
 -74.676  0.0000E+00  0.2000E+01
 -74.671  0.0000E+00  0.2000E+01
 -74.666  0.0000E+00  0.2000E+01
 -74.661  0.0000E+00  0.2000E+01
 -74.656  0.0000E+00  0.2000E+01
 -74.651  0.0000E+00  0.2000E+01
 -74.646  0.0000E+00  0.2000E+01
 -74.641  0.0000E+00  0.2000E+01
 -74.636  0.0000E+00  0.2000E+01
 -74.631  0.0000E+00  0.2000E+01
 -74.626  0.0000E+00  0.2000E+01
 -74.621  0.0000E+00  0.2000E+01
 -74.616  0.0000E+00  0.2000E+01
 -74.611  0.0000E+00  0.2000E+01
 -74.606  0.0000E+00  0.2000E+01
 -74.601  0.0000E+00  0.2000E+01
 -74.596  0.0000E+00  0.2000E+01
 -74.591  0.0000E+00  0.2000E+01
 -74.586  0.0000E+00  0.2000E+01
 -74.581  0.0000E+00  0.2000E+01
 -74.576  0.0000E+00  0.2000E+01
 -74.571  0.0000E+00  0.2000E+01
 -74.566  0.0000E+00  0.2000E+01
 -74.561  0.0000E+00  0.2000E+01
 -74.556  0.0000E+00  0.2000E+01
 -74.551  0.0000E+00  0.2000E+01
 -74.546  0.0000E+00  0.2000E+01
 -74.541  0.0000E+00  0.2000E+01
 -74.536  0.0000E+00  0.2000E+01
 -74.531  0.0000E+00  0.2000E+01
 -74.526  0.0000E+00  0.2000E+01
 -74.521  0.0000E+00  0.2000E+01
 -74.516  0.0000E+00  0.2000E+01
 -74.511  0.0000E+00  0.2000E+01
 -74.506  0.0000E+00  0.2000E+01
 -74.501  0.0000E+00  0.2000E+01
 -74.496  0.0000E+00  0.2000E+01
 -74.491  0.0000E+00  0.2000E+01
 -74.486  0.0000E+00  0.2000E+01
 -74.481  0.0000E+00  0.2000E+01
 -74.476  0.0000E+00  0.2000E+01
 -74.471  0.0000E+00  0.2000E+01
 -74.466  0.0000E+00  0.2000E+01
 -74.461  0.0000E+00  0.2000E+01
 -74.456  0.0000E+00  0.2000E+01
 -74.451  0.0000E+00  0.2000E+01
 -74.446  0.0000E+00  0.2000E+01
 -74.441  0.0000E+00  0.2000E+01
 -74.436  0.0000E+00  0.2000E+01
 -74.431  0.0000E+00  0.2000E+01
 -74.426  0.0000E+00  0.2000E+01
 -74.421  0.0000E+00  0.2000E+01
 -74.416  0.0000E+00  0.2000E+01
 -74.411  0.0000E+00  0.2000E+01
 -74.406  0.0000E+00  0.2000E+01
 -74.401  0.0000E+00  0.2000E+01
 -74.396  0.0000E+00  0.2000E+01
 -74.391  0.0000E+00  0.2000E+01
 -74.386  0.0000E+00  0.2000E+01
 -74.381  0.0000E+00  0.2000E+01
 -74.376  0.0000E+00  0.2000E+01
 -74.371  0.0000E+00  0.2000E+01
 -74.366  0.0000E+00  0.2000E+01
 -74.361  0.0000E+00  0.2000E+01
 -74.356  0.0000E+00  0.2000E+01
 -74.351  0.0000E+00  0.2000E+01
 -74.346  0.0000E+00  0.2000E+01
 -74.341  0.0000E+00  0.2000E+01
 -74.336  0.0000E+00  0.2000E+01
 -74.331  0.0000E+00  0.2000E+01
 -74.326  0.0000E+00  0.2000E+01
 -74.321  0.0000E+00  0.2000E+01
 -74.316  0.0000E+00  0.2000E+01
 -74.311  0.0000E+00  0.2000E+01
 -74.306  0.0000E+00  0.2000E+01
 -74.301  0.0000E+00  0.2000E+01
 -74.296  0.0000E+00  0.2000E+01
 -74.291  0.0000E+00  0.2000E+01
 -74.286  0.0000E+00  0.2000E+01
 -74.281  0.0000E+00  0.2000E+01
 -74.276  0.0000E+00  0.2000E+01
 -74.271  0.0000E+00  0.2000E+01
 -74.266  0.0000E+00  0.2000E+01
 -74.261  0.0000E+00  0.2000E+01
 -74.256  0.0000E+00  0.2000E+01
 -74.251  0.0000E+00  0.2000E+01
 -74.246  0.0000E+00  0.2000E+01
 -74.241  0.0000E+00  0.2000E+01
 -74.236  0.0000E+00  0.2000E+01
 -74.231  0.0000E+00  0.2000E+01
 -74.226  0.0000E+00  0.2000E+01
 -74.221  0.0000E+00  0.2000E+01
 -74.216  0.0000E+00  0.2000E+01
 -74.211  0.0000E+00  0.2000E+01
 -74.206  0.0000E+00  0.2000E+01
 -74.201  0.0000E+00  0.2000E+01
 -74.196  0.0000E+00  0.2000E+01
 -74.191  0.0000E+00  0.2000E+01
 -74.186  0.0000E+00  0.2000E+01
 -74.181  0.0000E+00  0.2000E+01
 -74.176  0.0000E+00  0.2000E+01
 -74.171  0.0000E+00  0.2000E+01
 -74.166  0.0000E+00  0.2000E+01
 -74.161  0.0000E+00  0.2000E+01
 -74.156  0.0000E+00  0.2000E+01
 -74.151  0.0000E+00  0.2000E+01
 -74.146  0.0000E+00  0.2000E+01
 -74.141  0.0000E+00  0.2000E+01
 -74.136  0.0000E+00  0.2000E+01
 -74.131  0.0000E+00  0.2000E+01
 -74.126  0.0000E+00  0.2000E+01
 -74.121  0.0000E+00  0.2000E+01
 -74.116  0.0000E+00  0.2000E+01
 -74.111  0.0000E+00  0.2000E+01
 -74.106  0.0000E+00  0.2000E+01
 -74.101  0.0000E+00  0.2000E+01
 -74.096  0.0000E+00  0.2000E+01
 -74.091  0.0000E+00  0.2000E+01
 -74.086  0.0000E+00  0.2000E+01
 -74.081  0.0000E+00  0.2000E+01
 -74.076  0.0000E+00  0.2000E+01
 -74.071  0.0000E+00  0.2000E+01
 -74.066  0.0000E+00  0.2000E+01
 -74.061  0.0000E+00  0.2000E+01
 -74.056  0.0000E+00  0.2000E+01
 -74.051  0.0000E+00  0.2000E+01
 -74.046  0.0000E+00  0.2000E+01
 -74.041  0.0000E+00  0.2000E+01
 -74.036  0.0000E+00  0.2000E+01
 -74.031  0.0000E+00  0.2000E+01
 -74.026  0.0000E+00  0.2000E+01
 -74.021  0.0000E+00  0.2000E+01
 -74.016  0.0000E+00  0.2000E+01
 -74.011  0.0000E+00  0.2000E+01
 -74.006  0.0000E+00  0.2000E+01
 -74.001  0.0000E+00  0.2000E+01
 -73.996  0.0000E+00  0.2000E+01
 -73.991  0.0000E+00  0.2000E+01
 -73.986  0.0000E+00  0.2000E+01
 -73.981  0.0000E+00  0.2000E+01
 -73.976  0.0000E+00  0.2000E+01
 -73.971  0.0000E+00  0.2000E+01
 -73.966  0.0000E+00  0.2000E+01
 -73.961  0.0000E+00  0.2000E+01
 -73.956  0.0000E+00  0.2000E+01
 -73.951  0.0000E+00  0.2000E+01
 -73.946  0.0000E+00  0.2000E+01
 -73.941  0.0000E+00  0.2000E+01
 -73.936  0.0000E+00  0.2000E+01
 -73.931  0.0000E+00  0.2000E+01
 -73.926  0.0000E+00  0.2000E+01
 -73.921  0.0000E+00  0.2000E+01
 -73.916  0.0000E+00  0.2000E+01
 -73.911  0.0000E+00  0.2000E+01
 -73.906  0.0000E+00  0.2000E+01
 -73.901  0.0000E+00  0.2000E+01
 -73.896  0.0000E+00  0.2000E+01
 -73.891  0.0000E+00  0.2000E+01
 -73.886  0.0000E+00  0.2000E+01
 -73.881  0.0000E+00  0.2000E+01
 -73.876  0.0000E+00  0.2000E+01
 -73.871  0.0000E+00  0.2000E+01
 -73.866  0.0000E+00  0.2000E+01
 -73.861  0.0000E+00  0.2000E+01
 -73.856  0.0000E+00  0.2000E+01
 -73.851  0.0000E+00  0.2000E+01
 -73.846  0.0000E+00  0.2000E+01
 -73.841  0.0000E+00  0.2000E+01
 -73.836  0.0000E+00  0.2000E+01
 -73.831  0.0000E+00  0.2000E+01
 -73.826  0.0000E+00  0.2000E+01
 -73.821  0.0000E+00  0.2000E+01
 -73.816  0.0000E+00  0.2000E+01
 -73.811  0.0000E+00  0.2000E+01
 -73.806  0.0000E+00  0.2000E+01
 -73.801  0.0000E+00  0.2000E+01
 -73.796  0.0000E+00  0.2000E+01
 -73.791  0.0000E+00  0.2000E+01
 -73.786  0.0000E+00  0.2000E+01
 -73.781  0.0000E+00  0.2000E+01
 -73.776  0.0000E+00  0.2000E+01
 -73.771  0.0000E+00  0.2000E+01
 -73.766  0.0000E+00  0.2000E+01
 -73.761  0.0000E+00  0.2000E+01
 -73.756  0.0000E+00  0.2000E+01
 -73.751  0.0000E+00  0.2000E+01
 -73.746  0.0000E+00  0.2000E+01
 -73.741  0.0000E+00  0.2000E+01
 -73.736  0.0000E+00  0.2000E+01
 -73.731  0.0000E+00  0.2000E+01
 -73.726  0.0000E+00  0.2000E+01
 -73.721  0.0000E+00  0.2000E+01
 -73.716  0.0000E+00  0.2000E+01
 -73.711  0.0000E+00  0.2000E+01
 -73.706  0.0000E+00  0.2000E+01
 -73.701  0.0000E+00  0.2000E+01
 -73.696  0.0000E+00  0.2000E+01
 -73.691  0.0000E+00  0.2000E+01
 -73.686  0.0000E+00  0.2000E+01
 -73.681  0.0000E+00  0.2000E+01
 -73.676  0.0000E+00  0.2000E+01
 -73.671  0.0000E+00  0.2000E+01
 -73.666  0.0000E+00  0.2000E+01
 -73.661  0.0000E+00  0.2000E+01
 -73.656  0.0000E+00  0.2000E+01
 -73.651  0.0000E+00  0.2000E+01
 -73.646  0.0000E+00  0.2000E+01
 -73.641  0.0000E+00  0.2000E+01
 -73.636  0.0000E+00  0.2000E+01
 -73.631  0.0000E+00  0.2000E+01
 -73.626  0.0000E+00  0.2000E+01
 -73.621  0.0000E+00  0.2000E+01
 -73.616  0.0000E+00  0.2000E+01
 -73.611  0.0000E+00  0.2000E+01
 -73.606  0.0000E+00  0.2000E+01
 -73.601  0.0000E+00  0.2000E+01
 -73.596  0.0000E+00  0.2000E+01
 -73.591  0.0000E+00  0.2000E+01
 -73.586  0.0000E+00  0.2000E+01
 -73.581  0.0000E+00  0.2000E+01
 -73.576  0.0000E+00  0.2000E+01
 -73.571  0.0000E+00  0.2000E+01
 -73.566  0.0000E+00  0.2000E+01
 -73.561  0.0000E+00  0.2000E+01
 -73.556  0.0000E+00  0.2000E+01
 -73.551  0.0000E+00  0.2000E+01
 -73.546  0.0000E+00  0.2000E+01
 -73.541  0.0000E+00  0.2000E+01
 -73.536  0.0000E+00  0.2000E+01
 -73.531  0.0000E+00  0.2000E+01
 -73.526  0.0000E+00  0.2000E+01
 -73.521  0.0000E+00  0.2000E+01
 -73.516  0.0000E+00  0.2000E+01
 -73.511  0.0000E+00  0.2000E+01
 -73.506  0.0000E+00  0.2000E+01
 -73.501  0.0000E+00  0.2000E+01
 -73.496  0.0000E+00  0.2000E+01
 -73.491  0.0000E+00  0.2000E+01
 -73.486  0.0000E+00  0.2000E+01
 -73.481  0.0000E+00  0.2000E+01
 -73.476  0.0000E+00  0.2000E+01
 -73.471  0.0000E+00  0.2000E+01
 -73.466  0.0000E+00  0.2000E+01
 -73.461  0.0000E+00  0.2000E+01
 -73.456  0.0000E+00  0.2000E+01
 -73.451  0.0000E+00  0.2000E+01
 -73.446  0.0000E+00  0.2000E+01
 -73.441  0.0000E+00  0.2000E+01
 -73.436  0.0000E+00  0.2000E+01
 -73.431  0.0000E+00  0.2000E+01
 -73.426  0.0000E+00  0.2000E+01
 -73.421  0.0000E+00  0.2000E+01
 -73.416  0.0000E+00  0.2000E+01
 -73.411  0.0000E+00  0.2000E+01
 -73.406  0.0000E+00  0.2000E+01
 -73.401  0.0000E+00  0.2000E+01
 -73.396  0.0000E+00  0.2000E+01
 -73.391  0.0000E+00  0.2000E+01
 -73.386  0.0000E+00  0.2000E+01
 -73.381  0.0000E+00  0.2000E+01
 -73.376  0.0000E+00  0.2000E+01
 -73.371  0.0000E+00  0.2000E+01
 -73.366  0.0000E+00  0.2000E+01
 -73.361  0.0000E+00  0.2000E+01
 -73.356  0.0000E+00  0.2000E+01
 -73.351  0.0000E+00  0.2000E+01
 -73.346  0.0000E+00  0.2000E+01
 -73.341  0.0000E+00  0.2000E+01
 -73.336  0.0000E+00  0.2000E+01
 -73.331  0.0000E+00  0.2000E+01
 -73.326  0.0000E+00  0.2000E+01
 -73.321  0.0000E+00  0.2000E+01
 -73.316  0.0000E+00  0.2000E+01
 -73.311  0.0000E+00  0.2000E+01
 -73.306  0.0000E+00  0.2000E+01
 -73.301  0.0000E+00  0.2000E+01
 -73.296  0.0000E+00  0.2000E+01
 -73.291  0.0000E+00  0.2000E+01
 -73.286  0.0000E+00  0.2000E+01
 -73.281  0.0000E+00  0.2000E+01
 -73.276  0.0000E+00  0.2000E+01
 -73.271  0.0000E+00  0.2000E+01
 -73.266  0.0000E+00  0.2000E+01
 -73.261  0.0000E+00  0.2000E+01
 -73.256  0.0000E+00  0.2000E+01
 -73.251  0.0000E+00  0.2000E+01
 -73.246  0.0000E+00  0.2000E+01
 -73.241  0.0000E+00  0.2000E+01
 -73.236  0.0000E+00  0.2000E+01
 -73.231  0.0000E+00  0.2000E+01
 -73.226  0.0000E+00  0.2000E+01
 -73.221  0.0000E+00  0.2000E+01
 -73.216  0.0000E+00  0.2000E+01
 -73.211  0.0000E+00  0.2000E+01
 -73.206  0.0000E+00  0.2000E+01
 -73.201  0.0000E+00  0.2000E+01
 -73.196  0.0000E+00  0.2000E+01
 -73.191  0.0000E+00  0.2000E+01
 -73.186  0.0000E+00  0.2000E+01
 -73.181  0.0000E+00  0.2000E+01
 -73.176  0.0000E+00  0.2000E+01
 -73.171  0.0000E+00  0.2000E+01
 -73.166  0.0000E+00  0.2000E+01
 -73.161  0.0000E+00  0.2000E+01
 -73.156  0.0000E+00  0.2000E+01
 -73.151  0.0000E+00  0.2000E+01
 -73.146  0.0000E+00  0.2000E+01
 -73.141  0.0000E+00  0.2000E+01
 -73.136  0.0000E+00  0.2000E+01
 -73.131  0.0000E+00  0.2000E+01
 -73.126  0.0000E+00  0.2000E+01
 -73.121  0.0000E+00  0.2000E+01
 -73.116  0.0000E+00  0.2000E+01
 -73.111  0.0000E+00  0.2000E+01
 -73.106  0.0000E+00  0.2000E+01
 -73.101  0.0000E+00  0.2000E+01
 -73.096  0.0000E+00  0.2000E+01
 -73.091  0.0000E+00  0.2000E+01
 -73.086  0.0000E+00  0.2000E+01
 -73.081  0.0000E+00  0.2000E+01
 -73.076  0.0000E+00  0.2000E+01
 -73.071  0.0000E+00  0.2000E+01
 -73.066  0.0000E+00  0.2000E+01
 -73.061  0.0000E+00  0.2000E+01
 -73.056  0.0000E+00  0.2000E+01
 -73.051  0.0000E+00  0.2000E+01
 -73.046  0.0000E+00  0.2000E+01
 -73.041  0.0000E+00  0.2000E+01
 -73.036  0.0000E+00  0.2000E+01
 -73.031  0.0000E+00  0.2000E+01
 -73.026  0.0000E+00  0.2000E+01
 -73.021  0.0000E+00  0.2000E+01
 -73.016  0.0000E+00  0.2000E+01
 -73.011  0.0000E+00  0.2000E+01
 -73.006  0.0000E+00  0.2000E+01
 -73.001  0.0000E+00  0.2000E+01
 -72.996  0.0000E+00  0.2000E+01
 -72.991  0.0000E+00  0.2000E+01
 -72.986  0.0000E+00  0.2000E+01
 -72.981  0.0000E+00  0.2000E+01
 -72.976  0.0000E+00  0.2000E+01
 -72.971  0.0000E+00  0.2000E+01
 -72.966  0.0000E+00  0.2000E+01
 -72.961  0.0000E+00  0.2000E+01
 -72.956  0.0000E+00  0.2000E+01
 -72.951  0.0000E+00  0.2000E+01
 -72.946  0.0000E+00  0.2000E+01
 -72.941  0.0000E+00  0.2000E+01
 -72.936  0.0000E+00  0.2000E+01
 -72.931  0.0000E+00  0.2000E+01
 -72.926  0.0000E+00  0.2000E+01
 -72.921  0.0000E+00  0.2000E+01
 -72.916  0.0000E+00  0.2000E+01
 -72.911  0.0000E+00  0.2000E+01
 -72.906  0.0000E+00  0.2000E+01
 -72.901  0.0000E+00  0.2000E+01
 -72.896  0.0000E+00  0.2000E+01
 -72.891  0.0000E+00  0.2000E+01
 -72.886  0.0000E+00  0.2000E+01
 -72.881  0.0000E+00  0.2000E+01
 -72.876  0.0000E+00  0.2000E+01
 -72.871  0.0000E+00  0.2000E+01
 -72.866  0.0000E+00  0.2000E+01
 -72.861  0.0000E+00  0.2000E+01
 -72.856  0.0000E+00  0.2000E+01
 -72.851  0.0000E+00  0.2000E+01
 -72.846  0.0000E+00  0.2000E+01
 -72.841  0.0000E+00  0.2000E+01
 -72.836  0.0000E+00  0.2000E+01
 -72.831  0.0000E+00  0.2000E+01
 -72.826  0.0000E+00  0.2000E+01
 -72.821  0.0000E+00  0.2000E+01
 -72.816  0.0000E+00  0.2000E+01
 -72.811  0.0000E+00  0.2000E+01
 -72.806  0.0000E+00  0.2000E+01
 -72.801  0.0000E+00  0.2000E+01
 -72.796  0.0000E+00  0.2000E+01
 -72.791  0.0000E+00  0.2000E+01
 -72.786  0.0000E+00  0.2000E+01
 -72.781  0.0000E+00  0.2000E+01
 -72.776  0.0000E+00  0.2000E+01
 -72.771  0.0000E+00  0.2000E+01
 -72.766  0.0000E+00  0.2000E+01
 -72.761  0.0000E+00  0.2000E+01
 -72.756  0.0000E+00  0.2000E+01
 -72.751  0.0000E+00  0.2000E+01
 -72.746  0.0000E+00  0.2000E+01
 -72.741  0.0000E+00  0.2000E+01
 -72.736  0.0000E+00  0.2000E+01
 -72.731  0.0000E+00  0.2000E+01
 -72.726  0.0000E+00  0.2000E+01
 -72.721  0.0000E+00  0.2000E+01
 -72.716  0.0000E+00  0.2000E+01
 -72.711  0.0000E+00  0.2000E+01
 -72.706  0.0000E+00  0.2000E+01
 -72.701  0.0000E+00  0.2000E+01
 -72.696  0.0000E+00  0.2000E+01
 -72.691  0.0000E+00  0.2000E+01
 -72.686  0.0000E+00  0.2000E+01
 -72.681  0.0000E+00  0.2000E+01
 -72.676  0.0000E+00  0.2000E+01
 -72.671  0.0000E+00  0.2000E+01
 -72.666  0.0000E+00  0.2000E+01
 -72.661  0.0000E+00  0.2000E+01
 -72.656  0.0000E+00  0.2000E+01
 -72.651  0.0000E+00  0.2000E+01
 -72.646  0.0000E+00  0.2000E+01
 -72.641  0.0000E+00  0.2000E+01
 -72.636  0.0000E+00  0.2000E+01
 -72.631  0.0000E+00  0.2000E+01
 -72.626  0.0000E+00  0.2000E+01
 -72.621  0.0000E+00  0.2000E+01
 -72.616  0.0000E+00  0.2000E+01
 -72.611  0.0000E+00  0.2000E+01
 -72.606  0.0000E+00  0.2000E+01
 -72.601  0.0000E+00  0.2000E+01
 -72.596  0.0000E+00  0.2000E+01
 -72.591  0.0000E+00  0.2000E+01
 -72.586  0.0000E+00  0.2000E+01
 -72.581  0.0000E+00  0.2000E+01
 -72.576  0.0000E+00  0.2000E+01
 -72.571  0.0000E+00  0.2000E+01
 -72.566  0.0000E+00  0.2000E+01
 -72.561  0.0000E+00  0.2000E+01
 -72.556  0.0000E+00  0.2000E+01
 -72.551  0.0000E+00  0.2000E+01
 -72.546  0.0000E+00  0.2000E+01
 -72.541  0.0000E+00  0.2000E+01
 -72.536  0.0000E+00  0.2000E+01
 -72.531  0.0000E+00  0.2000E+01
 -72.526  0.0000E+00  0.2000E+01
 -72.521  0.0000E+00  0.2000E+01
 -72.516  0.0000E+00  0.2000E+01
 -72.511  0.0000E+00  0.2000E+01
 -72.506  0.0000E+00  0.2000E+01
 -72.501  0.0000E+00  0.2000E+01
 -72.496  0.0000E+00  0.2000E+01
 -72.491  0.0000E+00  0.2000E+01
 -72.486  0.0000E+00  0.2000E+01
 -72.481  0.0000E+00  0.2000E+01
 -72.476  0.0000E+00  0.2000E+01
 -72.471  0.0000E+00  0.2000E+01
 -72.466  0.0000E+00  0.2000E+01
 -72.461  0.0000E+00  0.2000E+01
 -72.456  0.0000E+00  0.2000E+01
 -72.451  0.0000E+00  0.2000E+01
 -72.446  0.0000E+00  0.2000E+01
 -72.441  0.0000E+00  0.2000E+01
 -72.436  0.0000E+00  0.2000E+01
 -72.431  0.0000E+00  0.2000E+01
 -72.426  0.0000E+00  0.2000E+01
 -72.421  0.0000E+00  0.2000E+01
 -72.416  0.0000E+00  0.2000E+01
 -72.411  0.0000E+00  0.2000E+01
 -72.406  0.0000E+00  0.2000E+01
 -72.401  0.0000E+00  0.2000E+01
 -72.396  0.0000E+00  0.2000E+01
 -72.391  0.0000E+00  0.2000E+01
 -72.386  0.0000E+00  0.2000E+01
 -72.381  0.0000E+00  0.2000E+01
 -72.376  0.0000E+00  0.2000E+01
 -72.371  0.0000E+00  0.2000E+01
 -72.366  0.0000E+00  0.2000E+01
 -72.361  0.0000E+00  0.2000E+01
 -72.356  0.0000E+00  0.2000E+01
 -72.351  0.0000E+00  0.2000E+01
 -72.346  0.0000E+00  0.2000E+01
 -72.341  0.0000E+00  0.2000E+01
 -72.336  0.0000E+00  0.2000E+01
 -72.331  0.0000E+00  0.2000E+01
 -72.326  0.0000E+00  0.2000E+01
 -72.321  0.0000E+00  0.2000E+01
 -72.316  0.0000E+00  0.2000E+01
 -72.311  0.0000E+00  0.2000E+01
 -72.306  0.0000E+00  0.2000E+01
 -72.301  0.0000E+00  0.2000E+01
 -72.296  0.0000E+00  0.2000E+01
 -72.291  0.0000E+00  0.2000E+01
 -72.286  0.0000E+00  0.2000E+01
 -72.281  0.0000E+00  0.2000E+01
 -72.276  0.0000E+00  0.2000E+01
 -72.271  0.0000E+00  0.2000E+01
 -72.266  0.0000E+00  0.2000E+01
 -72.261  0.0000E+00  0.2000E+01
 -72.256  0.0000E+00  0.2000E+01
 -72.251  0.0000E+00  0.2000E+01
 -72.246  0.0000E+00  0.2000E+01
 -72.241  0.0000E+00  0.2000E+01
 -72.236  0.0000E+00  0.2000E+01
 -72.231  0.0000E+00  0.2000E+01
 -72.226  0.0000E+00  0.2000E+01
 -72.221  0.0000E+00  0.2000E+01
 -72.216  0.0000E+00  0.2000E+01
 -72.211  0.0000E+00  0.2000E+01
 -72.206  0.0000E+00  0.2000E+01
 -72.201  0.0000E+00  0.2000E+01
 -72.196  0.0000E+00  0.2000E+01
 -72.191  0.0000E+00  0.2000E+01
 -72.186  0.0000E+00  0.2000E+01
 -72.181  0.0000E+00  0.2000E+01
 -72.176  0.0000E+00  0.2000E+01
 -72.171  0.0000E+00  0.2000E+01
 -72.166  0.0000E+00  0.2000E+01
 -72.161  0.0000E+00  0.2000E+01
 -72.156  0.0000E+00  0.2000E+01
 -72.151  0.0000E+00  0.2000E+01
 -72.146  0.0000E+00  0.2000E+01
 -72.141  0.0000E+00  0.2000E+01
 -72.136  0.0000E+00  0.2000E+01
 -72.131  0.0000E+00  0.2000E+01
 -72.126  0.0000E+00  0.2000E+01
 -72.121  0.0000E+00  0.2000E+01
 -72.116  0.0000E+00  0.2000E+01
 -72.111  0.0000E+00  0.2000E+01
 -72.106  0.0000E+00  0.2000E+01
 -72.101  0.0000E+00  0.2000E+01
 -72.096  0.0000E+00  0.2000E+01
 -72.091  0.0000E+00  0.2000E+01
 -72.086  0.0000E+00  0.2000E+01
 -72.081  0.0000E+00  0.2000E+01
 -72.076  0.0000E+00  0.2000E+01
 -72.071  0.0000E+00  0.2000E+01
 -72.066  0.0000E+00  0.2000E+01
 -72.061  0.0000E+00  0.2000E+01
 -72.056  0.0000E+00  0.2000E+01
 -72.051  0.0000E+00  0.2000E+01
 -72.046  0.0000E+00  0.2000E+01
 -72.041  0.0000E+00  0.2000E+01
 -72.036  0.0000E+00  0.2000E+01
 -72.031  0.0000E+00  0.2000E+01
 -72.026  0.0000E+00  0.2000E+01
 -72.021  0.0000E+00  0.2000E+01
 -72.016  0.0000E+00  0.2000E+01
 -72.011  0.0000E+00  0.2000E+01
 -72.006  0.0000E+00  0.2000E+01
 -72.001  0.0000E+00  0.2000E+01
 -71.996  0.0000E+00  0.2000E+01
 -71.991  0.0000E+00  0.2000E+01
 -71.986  0.0000E+00  0.2000E+01
 -71.981  0.0000E+00  0.2000E+01
 -71.976  0.0000E+00  0.2000E+01
 -71.971  0.0000E+00  0.2000E+01
 -71.966  0.0000E+00  0.2000E+01
 -71.961  0.0000E+00  0.2000E+01
 -71.956  0.0000E+00  0.2000E+01
 -71.951  0.0000E+00  0.2000E+01
 -71.946  0.0000E+00  0.2000E+01
 -71.941  0.0000E+00  0.2000E+01
 -71.936  0.0000E+00  0.2000E+01
 -71.931  0.0000E+00  0.2000E+01
 -71.926  0.0000E+00  0.2000E+01
 -71.921  0.0000E+00  0.2000E+01
 -71.916  0.0000E+00  0.2000E+01
 -71.911  0.0000E+00  0.2000E+01
 -71.906  0.0000E+00  0.2000E+01
 -71.901  0.0000E+00  0.2000E+01
 -71.896  0.0000E+00  0.2000E+01
 -71.891  0.0000E+00  0.2000E+01
 -71.886  0.0000E+00  0.2000E+01
 -71.881  0.0000E+00  0.2000E+01
 -71.876  0.0000E+00  0.2000E+01
 -71.871  0.0000E+00  0.2000E+01
 -71.866  0.0000E+00  0.2000E+01
 -71.861  0.0000E+00  0.2000E+01
 -71.856  0.0000E+00  0.2000E+01
 -71.851  0.0000E+00  0.2000E+01
 -71.846  0.0000E+00  0.2000E+01
 -71.841  0.0000E+00  0.2000E+01
 -71.836  0.0000E+00  0.2000E+01
 -71.831  0.0000E+00  0.2000E+01
 -71.826  0.0000E+00  0.2000E+01
 -71.821  0.0000E+00  0.2000E+01
 -71.816  0.0000E+00  0.2000E+01
 -71.811  0.0000E+00  0.2000E+01
 -71.806  0.0000E+00  0.2000E+01
 -71.801  0.0000E+00  0.2000E+01
 -71.796  0.0000E+00  0.2000E+01
 -71.791  0.0000E+00  0.2000E+01
 -71.786  0.0000E+00  0.2000E+01
 -71.781  0.0000E+00  0.2000E+01
 -71.776  0.0000E+00  0.2000E+01
 -71.771  0.0000E+00  0.2000E+01
 -71.766  0.0000E+00  0.2000E+01
 -71.761  0.0000E+00  0.2000E+01
 -71.756  0.0000E+00  0.2000E+01
 -71.751  0.0000E+00  0.2000E+01
 -71.746  0.0000E+00  0.2000E+01
 -71.741  0.0000E+00  0.2000E+01
 -71.736  0.0000E+00  0.2000E+01
 -71.731  0.0000E+00  0.2000E+01
 -71.726  0.0000E+00  0.2000E+01
 -71.721  0.0000E+00  0.2000E+01
 -71.716  0.0000E+00  0.2000E+01
 -71.711  0.0000E+00  0.2000E+01
 -71.706  0.0000E+00  0.2000E+01
 -71.701  0.0000E+00  0.2000E+01
 -71.696  0.0000E+00  0.2000E+01
 -71.691  0.0000E+00  0.2000E+01
 -71.686  0.0000E+00  0.2000E+01
 -71.681  0.0000E+00  0.2000E+01
 -71.676  0.0000E+00  0.2000E+01
 -71.671  0.0000E+00  0.2000E+01
 -71.666  0.0000E+00  0.2000E+01
 -71.661  0.0000E+00  0.2000E+01
 -71.656  0.0000E+00  0.2000E+01
 -71.651  0.0000E+00  0.2000E+01
 -71.646  0.0000E+00  0.2000E+01
 -71.641  0.0000E+00  0.2000E+01
 -71.636  0.0000E+00  0.2000E+01
 -71.631  0.0000E+00  0.2000E+01
 -71.626  0.0000E+00  0.2000E+01
 -71.621  0.0000E+00  0.2000E+01
 -71.616  0.0000E+00  0.2000E+01
 -71.611  0.0000E+00  0.2000E+01
 -71.606  0.0000E+00  0.2000E+01
 -71.601  0.0000E+00  0.2000E+01
 -71.596  0.0000E+00  0.2000E+01
 -71.591  0.0000E+00  0.2000E+01
 -71.586  0.0000E+00  0.2000E+01
 -71.581  0.0000E+00  0.2000E+01
 -71.576  0.0000E+00  0.2000E+01
 -71.571  0.0000E+00  0.2000E+01
 -71.566  0.0000E+00  0.2000E+01
 -71.561  0.0000E+00  0.2000E+01
 -71.556  0.0000E+00  0.2000E+01
 -71.551  0.0000E+00  0.2000E+01
 -71.546  0.0000E+00  0.2000E+01
 -71.541  0.0000E+00  0.2000E+01
 -71.536  0.0000E+00  0.2000E+01
 -71.531  0.0000E+00  0.2000E+01
 -71.526  0.0000E+00  0.2000E+01
 -71.521  0.0000E+00  0.2000E+01
 -71.516  0.0000E+00  0.2000E+01
 -71.511  0.0000E+00  0.2000E+01
 -71.506  0.0000E+00  0.2000E+01
 -71.501  0.0000E+00  0.2000E+01
 -71.496  0.0000E+00  0.2000E+01
 -71.491  0.0000E+00  0.2000E+01
 -71.486  0.0000E+00  0.2000E+01
 -71.481  0.0000E+00  0.2000E+01
 -71.476  0.0000E+00  0.2000E+01
 -71.471  0.0000E+00  0.2000E+01
 -71.466  0.0000E+00  0.2000E+01
 -71.461  0.0000E+00  0.2000E+01
 -71.456  0.0000E+00  0.2000E+01
 -71.451  0.0000E+00  0.2000E+01
 -71.446  0.0000E+00  0.2000E+01
 -71.441  0.0000E+00  0.2000E+01
 -71.436  0.0000E+00  0.2000E+01
 -71.431  0.0000E+00  0.2000E+01
 -71.426  0.0000E+00  0.2000E+01
 -71.421  0.0000E+00  0.2000E+01
 -71.416  0.0000E+00  0.2000E+01
 -71.411  0.0000E+00  0.2000E+01
 -71.406  0.0000E+00  0.2000E+01
 -71.401  0.0000E+00  0.2000E+01
 -71.396  0.0000E+00  0.2000E+01
 -71.391  0.0000E+00  0.2000E+01
 -71.386  0.0000E+00  0.2000E+01
 -71.381  0.0000E+00  0.2000E+01
 -71.376  0.0000E+00  0.2000E+01
 -71.371  0.0000E+00  0.2000E+01
 -71.366  0.0000E+00  0.2000E+01
 -71.361  0.0000E+00  0.2000E+01
 -71.356  0.0000E+00  0.2000E+01
 -71.351  0.0000E+00  0.2000E+01
 -71.346  0.0000E+00  0.2000E+01
 -71.341  0.0000E+00  0.2000E+01
 -71.336  0.0000E+00  0.2000E+01
 -71.331  0.0000E+00  0.2000E+01
 -71.326  0.0000E+00  0.2000E+01
 -71.321  0.0000E+00  0.2000E+01
 -71.316  0.0000E+00  0.2000E+01
 -71.311  0.0000E+00  0.2000E+01
 -71.306  0.0000E+00  0.2000E+01
 -71.301  0.0000E+00  0.2000E+01
 -71.296  0.0000E+00  0.2000E+01
 -71.291  0.0000E+00  0.2000E+01
 -71.286  0.0000E+00  0.2000E+01
 -71.281  0.0000E+00  0.2000E+01
 -71.276  0.0000E+00  0.2000E+01
 -71.271  0.0000E+00  0.2000E+01
 -71.266  0.0000E+00  0.2000E+01
 -71.261  0.0000E+00  0.2000E+01
 -71.256  0.0000E+00  0.2000E+01
 -71.251  0.0000E+00  0.2000E+01
 -71.246  0.0000E+00  0.2000E+01
 -71.241  0.0000E+00  0.2000E+01
 -71.236  0.0000E+00  0.2000E+01
 -71.231  0.0000E+00  0.2000E+01
 -71.226  0.0000E+00  0.2000E+01
 -71.221  0.0000E+00  0.2000E+01
 -71.216  0.0000E+00  0.2000E+01
 -71.211  0.0000E+00  0.2000E+01
 -71.206  0.0000E+00  0.2000E+01
 -71.201  0.0000E+00  0.2000E+01
 -71.196  0.0000E+00  0.2000E+01
 -71.191  0.0000E+00  0.2000E+01
 -71.186  0.0000E+00  0.2000E+01
 -71.181  0.0000E+00  0.2000E+01
 -71.176  0.0000E+00  0.2000E+01
 -71.171  0.0000E+00  0.2000E+01
 -71.166  0.0000E+00  0.2000E+01
 -71.161  0.0000E+00  0.2000E+01
 -71.156  0.0000E+00  0.2000E+01
 -71.151  0.0000E+00  0.2000E+01
 -71.146  0.0000E+00  0.2000E+01
 -71.141  0.0000E+00  0.2000E+01
 -71.136  0.0000E+00  0.2000E+01
 -71.131  0.0000E+00  0.2000E+01
 -71.126  0.0000E+00  0.2000E+01
 -71.121  0.0000E+00  0.2000E+01
 -71.116  0.0000E+00  0.2000E+01
 -71.111  0.0000E+00  0.2000E+01
 -71.106  0.0000E+00  0.2000E+01
 -71.101  0.0000E+00  0.2000E+01
 -71.096  0.0000E+00  0.2000E+01
 -71.091  0.0000E+00  0.2000E+01
 -71.086  0.0000E+00  0.2000E+01
 -71.081  0.0000E+00  0.2000E+01
 -71.076  0.0000E+00  0.2000E+01
 -71.071  0.0000E+00  0.2000E+01
 -71.066  0.0000E+00  0.2000E+01
 -71.061  0.0000E+00  0.2000E+01
 -71.056  0.0000E+00  0.2000E+01
 -71.051  0.0000E+00  0.2000E+01
 -71.046  0.0000E+00  0.2000E+01
 -71.041  0.0000E+00  0.2000E+01
 -71.036  0.0000E+00  0.2000E+01
 -71.031  0.0000E+00  0.2000E+01
 -71.026  0.0000E+00  0.2000E+01
 -71.021  0.0000E+00  0.2000E+01
 -71.016  0.0000E+00  0.2000E+01
 -71.011  0.0000E+00  0.2000E+01
 -71.006  0.0000E+00  0.2000E+01
 -71.001  0.0000E+00  0.2000E+01
 -70.996  0.0000E+00  0.2000E+01
 -70.991  0.0000E+00  0.2000E+01
 -70.986  0.0000E+00  0.2000E+01
 -70.981  0.0000E+00  0.2000E+01
 -70.976  0.0000E+00  0.2000E+01
 -70.971  0.0000E+00  0.2000E+01
 -70.966  0.0000E+00  0.2000E+01
 -70.961  0.0000E+00  0.2000E+01
 -70.956  0.0000E+00  0.2000E+01
 -70.951  0.0000E+00  0.2000E+01
 -70.946  0.0000E+00  0.2000E+01
 -70.941  0.0000E+00  0.2000E+01
 -70.936  0.0000E+00  0.2000E+01
 -70.931  0.0000E+00  0.2000E+01
 -70.926  0.0000E+00  0.2000E+01
 -70.921  0.0000E+00  0.2000E+01
 -70.916  0.0000E+00  0.2000E+01
 -70.911  0.0000E+00  0.2000E+01
 -70.906  0.0000E+00  0.2000E+01
 -70.901  0.0000E+00  0.2000E+01
 -70.896  0.0000E+00  0.2000E+01
 -70.891  0.0000E+00  0.2000E+01
 -70.886  0.0000E+00  0.2000E+01
 -70.881  0.0000E+00  0.2000E+01
 -70.876  0.0000E+00  0.2000E+01
 -70.871  0.0000E+00  0.2000E+01
 -70.866  0.0000E+00  0.2000E+01
 -70.861  0.0000E+00  0.2000E+01
 -70.856  0.0000E+00  0.2000E+01
 -70.851  0.0000E+00  0.2000E+01
 -70.846  0.0000E+00  0.2000E+01
 -70.841  0.0000E+00  0.2000E+01
 -70.836  0.0000E+00  0.2000E+01
 -70.831  0.0000E+00  0.2000E+01
 -70.826  0.0000E+00  0.2000E+01
 -70.821  0.0000E+00  0.2000E+01
 -70.816  0.0000E+00  0.2000E+01
 -70.811  0.0000E+00  0.2000E+01
 -70.806  0.0000E+00  0.2000E+01
 -70.801  0.0000E+00  0.2000E+01
 -70.796  0.0000E+00  0.2000E+01
 -70.791  0.0000E+00  0.2000E+01
 -70.786  0.0000E+00  0.2000E+01
 -70.781  0.0000E+00  0.2000E+01
 -70.776  0.0000E+00  0.2000E+01
 -70.771  0.0000E+00  0.2000E+01
 -70.766  0.0000E+00  0.2000E+01
 -70.761  0.0000E+00  0.2000E+01
 -70.756  0.0000E+00  0.2000E+01
 -70.751  0.0000E+00  0.2000E+01
 -70.746  0.0000E+00  0.2000E+01
 -70.741  0.0000E+00  0.2000E+01
 -70.736  0.0000E+00  0.2000E+01
 -70.731  0.0000E+00  0.2000E+01
 -70.726  0.0000E+00  0.2000E+01
 -70.721  0.0000E+00  0.2000E+01
 -70.716  0.0000E+00  0.2000E+01
 -70.711  0.0000E+00  0.2000E+01
 -70.706  0.0000E+00  0.2000E+01
 -70.701  0.0000E+00  0.2000E+01
 -70.696  0.0000E+00  0.2000E+01
 -70.691  0.0000E+00  0.2000E+01
 -70.686  0.0000E+00  0.2000E+01
 -70.681  0.0000E+00  0.2000E+01
 -70.676  0.0000E+00  0.2000E+01
 -70.671  0.0000E+00  0.2000E+01
 -70.666  0.0000E+00  0.2000E+01
 -70.661  0.0000E+00  0.2000E+01
 -70.656  0.0000E+00  0.2000E+01
 -70.651  0.0000E+00  0.2000E+01
 -70.646  0.0000E+00  0.2000E+01
 -70.641  0.0000E+00  0.2000E+01
 -70.636  0.0000E+00  0.2000E+01
 -70.631  0.0000E+00  0.2000E+01
 -70.626  0.0000E+00  0.2000E+01
 -70.621  0.0000E+00  0.2000E+01
 -70.616  0.0000E+00  0.2000E+01
 -70.611  0.0000E+00  0.2000E+01
 -70.606  0.0000E+00  0.2000E+01
 -70.601  0.0000E+00  0.2000E+01
 -70.596  0.0000E+00  0.2000E+01
 -70.591  0.0000E+00  0.2000E+01
 -70.586  0.0000E+00  0.2000E+01
 -70.581  0.0000E+00  0.2000E+01
 -70.576  0.0000E+00  0.2000E+01
 -70.571  0.0000E+00  0.2000E+01
 -70.566  0.0000E+00  0.2000E+01
 -70.561  0.0000E+00  0.2000E+01
 -70.556  0.0000E+00  0.2000E+01
 -70.551  0.0000E+00  0.2000E+01
 -70.546  0.0000E+00  0.2000E+01
 -70.541  0.0000E+00  0.2000E+01
 -70.536  0.0000E+00  0.2000E+01
 -70.531  0.0000E+00  0.2000E+01
 -70.526  0.0000E+00  0.2000E+01
 -70.521  0.0000E+00  0.2000E+01
 -70.516  0.0000E+00  0.2000E+01
 -70.511  0.0000E+00  0.2000E+01
 -70.506  0.0000E+00  0.2000E+01
 -70.501  0.0000E+00  0.2000E+01
 -70.496  0.0000E+00  0.2000E+01
 -70.491  0.0000E+00  0.2000E+01
 -70.486  0.0000E+00  0.2000E+01
 -70.481  0.0000E+00  0.2000E+01
 -70.476  0.0000E+00  0.2000E+01
 -70.471  0.0000E+00  0.2000E+01
 -70.466  0.0000E+00  0.2000E+01
 -70.461  0.0000E+00  0.2000E+01
 -70.456  0.0000E+00  0.2000E+01
 -70.451  0.0000E+00  0.2000E+01
 -70.446  0.0000E+00  0.2000E+01
 -70.441  0.0000E+00  0.2000E+01
 -70.436  0.0000E+00  0.2000E+01
 -70.431  0.0000E+00  0.2000E+01
 -70.426  0.0000E+00  0.2000E+01
 -70.421  0.0000E+00  0.2000E+01
 -70.416  0.0000E+00  0.2000E+01
 -70.411  0.0000E+00  0.2000E+01
 -70.406  0.0000E+00  0.2000E+01
 -70.401  0.0000E+00  0.2000E+01
 -70.396  0.0000E+00  0.2000E+01
 -70.391  0.0000E+00  0.2000E+01
 -70.386  0.0000E+00  0.2000E+01
 -70.381  0.0000E+00  0.2000E+01
 -70.376  0.0000E+00  0.2000E+01
 -70.371  0.0000E+00  0.2000E+01
 -70.366  0.0000E+00  0.2000E+01
 -70.361  0.0000E+00  0.2000E+01
 -70.356  0.0000E+00  0.2000E+01
 -70.351  0.0000E+00  0.2000E+01
 -70.346  0.0000E+00  0.2000E+01
 -70.341  0.0000E+00  0.2000E+01
 -70.336  0.0000E+00  0.2000E+01
 -70.331  0.0000E+00  0.2000E+01
 -70.326  0.0000E+00  0.2000E+01
 -70.321  0.0000E+00  0.2000E+01
 -70.316  0.0000E+00  0.2000E+01
 -70.311  0.0000E+00  0.2000E+01
 -70.306  0.0000E+00  0.2000E+01
 -70.301  0.0000E+00  0.2000E+01
 -70.296  0.0000E+00  0.2000E+01
 -70.291  0.0000E+00  0.2000E+01
 -70.286  0.0000E+00  0.2000E+01
 -70.281  0.0000E+00  0.2000E+01
 -70.276  0.0000E+00  0.2000E+01
 -70.271  0.0000E+00  0.2000E+01
 -70.266  0.0000E+00  0.2000E+01
 -70.261  0.0000E+00  0.2000E+01
 -70.256  0.0000E+00  0.2000E+01
 -70.251  0.0000E+00  0.2000E+01
 -70.246  0.0000E+00  0.2000E+01
 -70.241  0.0000E+00  0.2000E+01
 -70.236  0.0000E+00  0.2000E+01
 -70.231  0.0000E+00  0.2000E+01
 -70.226  0.0000E+00  0.2000E+01
 -70.221  0.0000E+00  0.2000E+01
 -70.216  0.0000E+00  0.2000E+01
 -70.211  0.0000E+00  0.2000E+01
 -70.206  0.0000E+00  0.2000E+01
 -70.201  0.0000E+00  0.2000E+01
 -70.196  0.0000E+00  0.2000E+01
 -70.191  0.0000E+00  0.2000E+01
 -70.186  0.0000E+00  0.2000E+01
 -70.181  0.0000E+00  0.2000E+01
 -70.176  0.0000E+00  0.2000E+01
 -70.171  0.0000E+00  0.2000E+01
 -70.166  0.0000E+00  0.2000E+01
 -70.161  0.0000E+00  0.2000E+01
 -70.156  0.0000E+00  0.2000E+01
 -70.151  0.0000E+00  0.2000E+01
 -70.146  0.0000E+00  0.2000E+01
 -70.141  0.0000E+00  0.2000E+01
 -70.136  0.0000E+00  0.2000E+01
 -70.131  0.0000E+00  0.2000E+01
 -70.126  0.0000E+00  0.2000E+01
 -70.121  0.0000E+00  0.2000E+01
 -70.116  0.0000E+00  0.2000E+01
 -70.111  0.0000E+00  0.2000E+01
 -70.106  0.0000E+00  0.2000E+01
 -70.101  0.0000E+00  0.2000E+01
 -70.096  0.0000E+00  0.2000E+01
 -70.091  0.0000E+00  0.2000E+01
 -70.086  0.0000E+00  0.2000E+01
 -70.081  0.0000E+00  0.2000E+01
 -70.076  0.0000E+00  0.2000E+01
 -70.071  0.0000E+00  0.2000E+01
 -70.066  0.0000E+00  0.2000E+01
 -70.061  0.0000E+00  0.2000E+01
 -70.056  0.0000E+00  0.2000E+01
 -70.051  0.0000E+00  0.2000E+01
 -70.046  0.0000E+00  0.2000E+01
 -70.041  0.0000E+00  0.2000E+01
 -70.036  0.0000E+00  0.2000E+01
 -70.031  0.0000E+00  0.2000E+01
 -70.026  0.0000E+00  0.2000E+01
 -70.021  0.0000E+00  0.2000E+01
 -70.016  0.0000E+00  0.2000E+01
 -70.011  0.0000E+00  0.2000E+01
 -70.006  0.0000E+00  0.2000E+01
 -70.001  0.0000E+00  0.2000E+01
 -69.996  0.0000E+00  0.2000E+01
 -69.991  0.0000E+00  0.2000E+01
 -69.986  0.0000E+00  0.2000E+01
 -69.981  0.0000E+00  0.2000E+01
 -69.976  0.0000E+00  0.2000E+01
 -69.971  0.0000E+00  0.2000E+01
 -69.966  0.0000E+00  0.2000E+01
 -69.961  0.0000E+00  0.2000E+01
 -69.956  0.0000E+00  0.2000E+01
 -69.951  0.0000E+00  0.2000E+01
 -69.946  0.0000E+00  0.2000E+01
 -69.941  0.0000E+00  0.2000E+01
 -69.936  0.0000E+00  0.2000E+01
 -69.931  0.0000E+00  0.2000E+01
 -69.926  0.0000E+00  0.2000E+01
 -69.921  0.0000E+00  0.2000E+01
 -69.916  0.0000E+00  0.2000E+01
 -69.911  0.0000E+00  0.2000E+01
 -69.906  0.0000E+00  0.2000E+01
 -69.901  0.0000E+00  0.2000E+01
 -69.896  0.0000E+00  0.2000E+01
 -69.891  0.0000E+00  0.2000E+01
 -69.886  0.0000E+00  0.2000E+01
 -69.881  0.0000E+00  0.2000E+01
 -69.876  0.0000E+00  0.2000E+01
 -69.871  0.0000E+00  0.2000E+01
 -69.866  0.0000E+00  0.2000E+01
 -69.861  0.0000E+00  0.2000E+01
 -69.856  0.0000E+00  0.2000E+01
 -69.851  0.0000E+00  0.2000E+01
 -69.846  0.0000E+00  0.2000E+01
 -69.841  0.0000E+00  0.2000E+01
 -69.836  0.0000E+00  0.2000E+01
 -69.831  0.0000E+00  0.2000E+01
 -69.826  0.0000E+00  0.2000E+01
 -69.821  0.0000E+00  0.2000E+01
 -69.816  0.0000E+00  0.2000E+01
 -69.811  0.0000E+00  0.2000E+01
 -69.806  0.0000E+00  0.2000E+01
 -69.801  0.0000E+00  0.2000E+01
 -69.796  0.0000E+00  0.2000E+01
 -69.791  0.0000E+00  0.2000E+01
 -69.786  0.0000E+00  0.2000E+01
 -69.781  0.0000E+00  0.2000E+01
 -69.776  0.0000E+00  0.2000E+01
 -69.771  0.0000E+00  0.2000E+01
 -69.766  0.0000E+00  0.2000E+01
 -69.761  0.0000E+00  0.2000E+01
 -69.756  0.0000E+00  0.2000E+01
 -69.751  0.0000E+00  0.2000E+01
 -69.746  0.0000E+00  0.2000E+01
 -69.741  0.0000E+00  0.2000E+01
 -69.736  0.0000E+00  0.2000E+01
 -69.731  0.0000E+00  0.2000E+01
 -69.726  0.0000E+00  0.2000E+01
 -69.721  0.0000E+00  0.2000E+01
 -69.716  0.0000E+00  0.2000E+01
 -69.711  0.0000E+00  0.2000E+01
 -69.706  0.0000E+00  0.2000E+01
 -69.701  0.0000E+00  0.2000E+01
 -69.696  0.0000E+00  0.2000E+01
 -69.691  0.0000E+00  0.2000E+01
 -69.686  0.0000E+00  0.2000E+01
 -69.681  0.0000E+00  0.2000E+01
 -69.676  0.0000E+00  0.2000E+01
 -69.671  0.0000E+00  0.2000E+01
 -69.666  0.0000E+00  0.2000E+01
 -69.661  0.0000E+00  0.2000E+01
 -69.656  0.0000E+00  0.2000E+01
 -69.651  0.0000E+00  0.2000E+01
 -69.646  0.0000E+00  0.2000E+01
 -69.641  0.0000E+00  0.2000E+01
 -69.636  0.0000E+00  0.2000E+01
 -69.631  0.0000E+00  0.2000E+01
 -69.626  0.0000E+00  0.2000E+01
 -69.621  0.0000E+00  0.2000E+01
 -69.616  0.0000E+00  0.2000E+01
 -69.611  0.0000E+00  0.2000E+01
 -69.606  0.0000E+00  0.2000E+01
 -69.601  0.0000E+00  0.2000E+01
 -69.596  0.0000E+00  0.2000E+01
 -69.591  0.0000E+00  0.2000E+01
 -69.586  0.0000E+00  0.2000E+01
 -69.581  0.0000E+00  0.2000E+01
 -69.576  0.0000E+00  0.2000E+01
 -69.571  0.0000E+00  0.2000E+01
 -69.566  0.0000E+00  0.2000E+01
 -69.561  0.0000E+00  0.2000E+01
 -69.556  0.0000E+00  0.2000E+01
 -69.551  0.0000E+00  0.2000E+01
 -69.546  0.0000E+00  0.2000E+01
 -69.541  0.0000E+00  0.2000E+01
 -69.536  0.0000E+00  0.2000E+01
 -69.531  0.0000E+00  0.2000E+01
 -69.526  0.0000E+00  0.2000E+01
 -69.521  0.0000E+00  0.2000E+01
 -69.516  0.0000E+00  0.2000E+01
 -69.511  0.0000E+00  0.2000E+01
 -69.506  0.0000E+00  0.2000E+01
 -69.501  0.0000E+00  0.2000E+01
 -69.496  0.0000E+00  0.2000E+01
 -69.491  0.0000E+00  0.2000E+01
 -69.486  0.0000E+00  0.2000E+01
 -69.481  0.0000E+00  0.2000E+01
 -69.476  0.0000E+00  0.2000E+01
 -69.471  0.0000E+00  0.2000E+01
 -69.466  0.0000E+00  0.2000E+01
 -69.461  0.0000E+00  0.2000E+01
 -69.456  0.0000E+00  0.2000E+01
 -69.451  0.0000E+00  0.2000E+01
 -69.446  0.0000E+00  0.2000E+01
 -69.441  0.0000E+00  0.2000E+01
 -69.436  0.0000E+00  0.2000E+01
 -69.431  0.0000E+00  0.2000E+01
 -69.426  0.0000E+00  0.2000E+01
 -69.421  0.0000E+00  0.2000E+01
 -69.416  0.0000E+00  0.2000E+01
 -69.411  0.0000E+00  0.2000E+01
 -69.406  0.0000E+00  0.2000E+01
 -69.401  0.0000E+00  0.2000E+01
 -69.396  0.0000E+00  0.2000E+01
 -69.391  0.0000E+00  0.2000E+01
 -69.386  0.0000E+00  0.2000E+01
 -69.381  0.0000E+00  0.2000E+01
 -69.376  0.0000E+00  0.2000E+01
 -69.371  0.0000E+00  0.2000E+01
 -69.366  0.0000E+00  0.2000E+01
 -69.361  0.0000E+00  0.2000E+01
 -69.356  0.0000E+00  0.2000E+01
 -69.351  0.0000E+00  0.2000E+01
 -69.346  0.0000E+00  0.2000E+01
 -69.341  0.0000E+00  0.2000E+01
 -69.336  0.0000E+00  0.2000E+01
 -69.331  0.0000E+00  0.2000E+01
 -69.326  0.0000E+00  0.2000E+01
 -69.321  0.0000E+00  0.2000E+01
 -69.316  0.0000E+00  0.2000E+01
 -69.311  0.0000E+00  0.2000E+01
 -69.306  0.0000E+00  0.2000E+01
 -69.301  0.0000E+00  0.2000E+01
 -69.296  0.0000E+00  0.2000E+01
 -69.291  0.0000E+00  0.2000E+01
 -69.286  0.0000E+00  0.2000E+01
 -69.281  0.0000E+00  0.2000E+01
 -69.276  0.0000E+00  0.2000E+01
 -69.271  0.0000E+00  0.2000E+01
 -69.266  0.0000E+00  0.2000E+01
 -69.261  0.0000E+00  0.2000E+01
 -69.256  0.0000E+00  0.2000E+01
 -69.251  0.0000E+00  0.2000E+01
 -69.246  0.0000E+00  0.2000E+01
 -69.241  0.0000E+00  0.2000E+01
 -69.236  0.0000E+00  0.2000E+01
 -69.231  0.0000E+00  0.2000E+01
 -69.226  0.0000E+00  0.2000E+01
 -69.221  0.0000E+00  0.2000E+01
 -69.216  0.0000E+00  0.2000E+01
 -69.211  0.0000E+00  0.2000E+01
 -69.206  0.0000E+00  0.2000E+01
 -69.201  0.0000E+00  0.2000E+01
 -69.196  0.0000E+00  0.2000E+01
 -69.191  0.0000E+00  0.2000E+01
 -69.186  0.0000E+00  0.2000E+01
 -69.181  0.0000E+00  0.2000E+01
 -69.176  0.0000E+00  0.2000E+01
 -69.171  0.0000E+00  0.2000E+01
 -69.166  0.0000E+00  0.2000E+01
 -69.161  0.0000E+00  0.2000E+01
 -69.156  0.0000E+00  0.2000E+01
 -69.151  0.0000E+00  0.2000E+01
 -69.146  0.0000E+00  0.2000E+01
 -69.141  0.0000E+00  0.2000E+01
 -69.136  0.0000E+00  0.2000E+01
 -69.131  0.0000E+00  0.2000E+01
 -69.126  0.0000E+00  0.2000E+01
 -69.121  0.0000E+00  0.2000E+01
 -69.116  0.0000E+00  0.2000E+01
 -69.111  0.0000E+00  0.2000E+01
 -69.106  0.0000E+00  0.2000E+01
 -69.101  0.0000E+00  0.2000E+01
 -69.096  0.0000E+00  0.2000E+01
 -69.091  0.0000E+00  0.2000E+01
 -69.086  0.0000E+00  0.2000E+01
 -69.081  0.0000E+00  0.2000E+01
 -69.076  0.0000E+00  0.2000E+01
 -69.071  0.0000E+00  0.2000E+01
 -69.066  0.0000E+00  0.2000E+01
 -69.061  0.0000E+00  0.2000E+01
 -69.056  0.0000E+00  0.2000E+01
 -69.051  0.0000E+00  0.2000E+01
 -69.046  0.0000E+00  0.2000E+01
 -69.041  0.0000E+00  0.2000E+01
 -69.036  0.0000E+00  0.2000E+01
 -69.031  0.0000E+00  0.2000E+01
 -69.026  0.0000E+00  0.2000E+01
 -69.021  0.0000E+00  0.2000E+01
 -69.016  0.0000E+00  0.2000E+01
 -69.011  0.0000E+00  0.2000E+01
 -69.006  0.0000E+00  0.2000E+01
 -69.001  0.0000E+00  0.2000E+01
 -68.996  0.0000E+00  0.2000E+01
 -68.991  0.0000E+00  0.2000E+01
 -68.986  0.0000E+00  0.2000E+01
 -68.981  0.0000E+00  0.2000E+01
 -68.976  0.0000E+00  0.2000E+01
 -68.971  0.0000E+00  0.2000E+01
 -68.966  0.0000E+00  0.2000E+01
 -68.961  0.0000E+00  0.2000E+01
 -68.956  0.0000E+00  0.2000E+01
 -68.951  0.0000E+00  0.2000E+01
 -68.946  0.0000E+00  0.2000E+01
 -68.941  0.0000E+00  0.2000E+01
 -68.936  0.0000E+00  0.2000E+01
 -68.931  0.0000E+00  0.2000E+01
 -68.926  0.0000E+00  0.2000E+01
 -68.921  0.0000E+00  0.2000E+01
 -68.916  0.0000E+00  0.2000E+01
 -68.911  0.0000E+00  0.2000E+01
 -68.906  0.0000E+00  0.2000E+01
 -68.901  0.0000E+00  0.2000E+01
 -68.896  0.0000E+00  0.2000E+01
 -68.891  0.0000E+00  0.2000E+01
 -68.886  0.0000E+00  0.2000E+01
 -68.881  0.0000E+00  0.2000E+01
 -68.876  0.0000E+00  0.2000E+01
 -68.871  0.0000E+00  0.2000E+01
 -68.866  0.0000E+00  0.2000E+01
 -68.861  0.0000E+00  0.2000E+01
 -68.856  0.0000E+00  0.2000E+01
 -68.851  0.0000E+00  0.2000E+01
 -68.846  0.0000E+00  0.2000E+01
 -68.841  0.0000E+00  0.2000E+01
 -68.836  0.0000E+00  0.2000E+01
 -68.831  0.0000E+00  0.2000E+01
 -68.826  0.0000E+00  0.2000E+01
 -68.821  0.0000E+00  0.2000E+01
 -68.816  0.0000E+00  0.2000E+01
 -68.811  0.0000E+00  0.2000E+01
 -68.806  0.0000E+00  0.2000E+01
 -68.801  0.0000E+00  0.2000E+01
 -68.796  0.0000E+00  0.2000E+01
 -68.791  0.0000E+00  0.2000E+01
 -68.786  0.0000E+00  0.2000E+01
 -68.781  0.0000E+00  0.2000E+01
 -68.776  0.0000E+00  0.2000E+01
 -68.771  0.0000E+00  0.2000E+01
 -68.766  0.0000E+00  0.2000E+01
 -68.761  0.0000E+00  0.2000E+01
 -68.756  0.0000E+00  0.2000E+01
 -68.751  0.0000E+00  0.2000E+01
 -68.746  0.0000E+00  0.2000E+01
 -68.741  0.0000E+00  0.2000E+01
 -68.736  0.0000E+00  0.2000E+01
 -68.731  0.0000E+00  0.2000E+01
 -68.726  0.0000E+00  0.2000E+01
 -68.721  0.0000E+00  0.2000E+01
 -68.716  0.0000E+00  0.2000E+01
 -68.711  0.0000E+00  0.2000E+01
 -68.706  0.0000E+00  0.2000E+01
 -68.701  0.0000E+00  0.2000E+01
 -68.696  0.0000E+00  0.2000E+01
 -68.691  0.0000E+00  0.2000E+01
 -68.686  0.0000E+00  0.2000E+01
 -68.681  0.0000E+00  0.2000E+01
 -68.676  0.0000E+00  0.2000E+01
 -68.671  0.0000E+00  0.2000E+01
 -68.666  0.0000E+00  0.2000E+01
 -68.661  0.0000E+00  0.2000E+01
 -68.656  0.0000E+00  0.2000E+01
 -68.651  0.0000E+00  0.2000E+01
 -68.646  0.0000E+00  0.2000E+01
 -68.641  0.0000E+00  0.2000E+01
 -68.636  0.0000E+00  0.2000E+01
 -68.631  0.0000E+00  0.2000E+01
 -68.626  0.0000E+00  0.2000E+01
 -68.621  0.0000E+00  0.2000E+01
 -68.616  0.0000E+00  0.2000E+01
 -68.611  0.0000E+00  0.2000E+01
 -68.606  0.0000E+00  0.2000E+01
 -68.601  0.0000E+00  0.2000E+01
 -68.596  0.0000E+00  0.2000E+01
 -68.591  0.0000E+00  0.2000E+01
 -68.586  0.0000E+00  0.2000E+01
 -68.581  0.0000E+00  0.2000E+01
 -68.576  0.0000E+00  0.2000E+01
 -68.571  0.0000E+00  0.2000E+01
 -68.566  0.0000E+00  0.2000E+01
 -68.561  0.0000E+00  0.2000E+01
 -68.556  0.0000E+00  0.2000E+01
 -68.551  0.0000E+00  0.2000E+01
 -68.546  0.0000E+00  0.2000E+01
 -68.541  0.0000E+00  0.2000E+01
 -68.536  0.0000E+00  0.2000E+01
 -68.531  0.0000E+00  0.2000E+01
 -68.526  0.0000E+00  0.2000E+01
 -68.521  0.0000E+00  0.2000E+01
 -68.516  0.0000E+00  0.2000E+01
 -68.511  0.0000E+00  0.2000E+01
 -68.506  0.0000E+00  0.2000E+01
 -68.501  0.0000E+00  0.2000E+01
 -68.496  0.0000E+00  0.2000E+01
 -68.491  0.0000E+00  0.2000E+01
 -68.486  0.0000E+00  0.2000E+01
 -68.481  0.0000E+00  0.2000E+01
 -68.476  0.0000E+00  0.2000E+01
 -68.471  0.0000E+00  0.2000E+01
 -68.466  0.0000E+00  0.2000E+01
 -68.461  0.0000E+00  0.2000E+01
 -68.456  0.0000E+00  0.2000E+01
 -68.451  0.0000E+00  0.2000E+01
 -68.446  0.0000E+00  0.2000E+01
 -68.441  0.0000E+00  0.2000E+01
 -68.436  0.0000E+00  0.2000E+01
 -68.431  0.0000E+00  0.2000E+01
 -68.426  0.0000E+00  0.2000E+01
 -68.421  0.0000E+00  0.2000E+01
 -68.416  0.0000E+00  0.2000E+01
 -68.411  0.0000E+00  0.2000E+01
 -68.406  0.0000E+00  0.2000E+01
 -68.401  0.0000E+00  0.2000E+01
 -68.396  0.0000E+00  0.2000E+01
 -68.391  0.0000E+00  0.2000E+01
 -68.386  0.0000E+00  0.2000E+01
 -68.381  0.0000E+00  0.2000E+01
 -68.376  0.0000E+00  0.2000E+01
 -68.371  0.0000E+00  0.2000E+01
 -68.366  0.0000E+00  0.2000E+01
 -68.361  0.0000E+00  0.2000E+01
 -68.356  0.0000E+00  0.2000E+01
 -68.351  0.0000E+00  0.2000E+01
 -68.346  0.0000E+00  0.2000E+01
 -68.341  0.0000E+00  0.2000E+01
 -68.336  0.0000E+00  0.2000E+01
 -68.331  0.0000E+00  0.2000E+01
 -68.326  0.0000E+00  0.2000E+01
 -68.321  0.0000E+00  0.2000E+01
 -68.316  0.0000E+00  0.2000E+01
 -68.311  0.0000E+00  0.2000E+01
 -68.306  0.0000E+00  0.2000E+01
 -68.301  0.0000E+00  0.2000E+01
 -68.296  0.0000E+00  0.2000E+01
 -68.291  0.0000E+00  0.2000E+01
 -68.286  0.0000E+00  0.2000E+01
 -68.281  0.0000E+00  0.2000E+01
 -68.276  0.0000E+00  0.2000E+01
 -68.271  0.0000E+00  0.2000E+01
 -68.266  0.0000E+00  0.2000E+01
 -68.261  0.0000E+00  0.2000E+01
 -68.256  0.0000E+00  0.2000E+01
 -68.251  0.0000E+00  0.2000E+01
 -68.246  0.0000E+00  0.2000E+01
 -68.241  0.0000E+00  0.2000E+01
 -68.236  0.0000E+00  0.2000E+01
 -68.231  0.0000E+00  0.2000E+01
 -68.226  0.0000E+00  0.2000E+01
 -68.221  0.0000E+00  0.2000E+01
 -68.216  0.0000E+00  0.2000E+01
 -68.211  0.0000E+00  0.2000E+01
 -68.206  0.0000E+00  0.2000E+01
 -68.201  0.0000E+00  0.2000E+01
 -68.196  0.0000E+00  0.2000E+01
 -68.191  0.0000E+00  0.2000E+01
 -68.186  0.0000E+00  0.2000E+01
 -68.181  0.0000E+00  0.2000E+01
 -68.176  0.0000E+00  0.2000E+01
 -68.171  0.0000E+00  0.2000E+01
 -68.166  0.0000E+00  0.2000E+01
 -68.161  0.0000E+00  0.2000E+01
 -68.156  0.0000E+00  0.2000E+01
 -68.151  0.0000E+00  0.2000E+01
 -68.146  0.0000E+00  0.2000E+01
 -68.141  0.0000E+00  0.2000E+01
 -68.136  0.0000E+00  0.2000E+01
 -68.131  0.0000E+00  0.2000E+01
 -68.126  0.0000E+00  0.2000E+01
 -68.121  0.0000E+00  0.2000E+01
 -68.116  0.0000E+00  0.2000E+01
 -68.111  0.0000E+00  0.2000E+01
 -68.106  0.0000E+00  0.2000E+01
 -68.101  0.0000E+00  0.2000E+01
 -68.096  0.0000E+00  0.2000E+01
 -68.091  0.0000E+00  0.2000E+01
 -68.086  0.0000E+00  0.2000E+01
 -68.081  0.0000E+00  0.2000E+01
 -68.076  0.0000E+00  0.2000E+01
 -68.071  0.0000E+00  0.2000E+01
 -68.066  0.0000E+00  0.2000E+01
 -68.061  0.0000E+00  0.2000E+01
 -68.056  0.0000E+00  0.2000E+01
 -68.051  0.0000E+00  0.2000E+01
 -68.046  0.0000E+00  0.2000E+01
 -68.041  0.0000E+00  0.2000E+01
 -68.036  0.0000E+00  0.2000E+01
 -68.031  0.0000E+00  0.2000E+01
 -68.026  0.0000E+00  0.2000E+01
 -68.021  0.0000E+00  0.2000E+01
 -68.016  0.0000E+00  0.2000E+01
 -68.011  0.0000E+00  0.2000E+01
 -68.006  0.0000E+00  0.2000E+01
 -68.001  0.0000E+00  0.2000E+01
 -67.996  0.0000E+00  0.2000E+01
 -67.991  0.0000E+00  0.2000E+01
 -67.986  0.0000E+00  0.2000E+01
 -67.981  0.0000E+00  0.2000E+01
 -67.976  0.0000E+00  0.2000E+01
 -67.971  0.0000E+00  0.2000E+01
 -67.966  0.0000E+00  0.2000E+01
 -67.961  0.0000E+00  0.2000E+01
 -67.956  0.0000E+00  0.2000E+01
 -67.951  0.0000E+00  0.2000E+01
 -67.946  0.0000E+00  0.2000E+01
 -67.941  0.0000E+00  0.2000E+01
 -67.936  0.0000E+00  0.2000E+01
 -67.931  0.0000E+00  0.2000E+01
 -67.926  0.0000E+00  0.2000E+01
 -67.921  0.0000E+00  0.2000E+01
 -67.916  0.0000E+00  0.2000E+01
 -67.911  0.0000E+00  0.2000E+01
 -67.906  0.0000E+00  0.2000E+01
 -67.901  0.0000E+00  0.2000E+01
 -67.896  0.0000E+00  0.2000E+01
 -67.891  0.0000E+00  0.2000E+01
 -67.886  0.0000E+00  0.2000E+01
 -67.881  0.0000E+00  0.2000E+01
 -67.876  0.0000E+00  0.2000E+01
 -67.871  0.0000E+00  0.2000E+01
 -67.866  0.0000E+00  0.2000E+01
 -67.861  0.0000E+00  0.2000E+01
 -67.856  0.0000E+00  0.2000E+01
 -67.851  0.0000E+00  0.2000E+01
 -67.846  0.0000E+00  0.2000E+01
 -67.841  0.0000E+00  0.2000E+01
 -67.836  0.0000E+00  0.2000E+01
 -67.831  0.0000E+00  0.2000E+01
 -67.826  0.0000E+00  0.2000E+01
 -67.821  0.0000E+00  0.2000E+01
 -67.816  0.0000E+00  0.2000E+01
 -67.811  0.0000E+00  0.2000E+01
 -67.806  0.0000E+00  0.2000E+01
 -67.801  0.0000E+00  0.2000E+01
 -67.796  0.0000E+00  0.2000E+01
 -67.791  0.0000E+00  0.2000E+01
 -67.786  0.0000E+00  0.2000E+01
 -67.781  0.0000E+00  0.2000E+01
 -67.776  0.0000E+00  0.2000E+01
 -67.771  0.0000E+00  0.2000E+01
 -67.766  0.0000E+00  0.2000E+01
 -67.761  0.0000E+00  0.2000E+01
 -67.756  0.0000E+00  0.2000E+01
 -67.751  0.0000E+00  0.2000E+01
 -67.746  0.0000E+00  0.2000E+01
 -67.741  0.0000E+00  0.2000E+01
 -67.736  0.0000E+00  0.2000E+01
 -67.731  0.0000E+00  0.2000E+01
 -67.726  0.0000E+00  0.2000E+01
 -67.721  0.0000E+00  0.2000E+01
 -67.716  0.0000E+00  0.2000E+01
 -67.711  0.0000E+00  0.2000E+01
 -67.706  0.0000E+00  0.2000E+01
 -67.701  0.0000E+00  0.2000E+01
 -67.696  0.0000E+00  0.2000E+01
 -67.691  0.0000E+00  0.2000E+01
 -67.686  0.0000E+00  0.2000E+01
 -67.681  0.0000E+00  0.2000E+01
 -67.676  0.0000E+00  0.2000E+01
 -67.671  0.0000E+00  0.2000E+01
 -67.666  0.0000E+00  0.2000E+01
 -67.661  0.0000E+00  0.2000E+01
 -67.656  0.0000E+00  0.2000E+01
 -67.651  0.0000E+00  0.2000E+01
 -67.646  0.0000E+00  0.2000E+01
 -67.641  0.0000E+00  0.2000E+01
 -67.636  0.0000E+00  0.2000E+01
 -67.631  0.0000E+00  0.2000E+01
 -67.626  0.0000E+00  0.2000E+01
 -67.621  0.0000E+00  0.2000E+01
 -67.616  0.0000E+00  0.2000E+01
 -67.611  0.0000E+00  0.2000E+01
 -67.606  0.0000E+00  0.2000E+01
 -67.601  0.0000E+00  0.2000E+01
 -67.596  0.0000E+00  0.2000E+01
 -67.591  0.0000E+00  0.2000E+01
 -67.586  0.0000E+00  0.2000E+01
 -67.581  0.0000E+00  0.2000E+01
 -67.576  0.0000E+00  0.2000E+01
 -67.571  0.0000E+00  0.2000E+01
 -67.566  0.0000E+00  0.2000E+01
 -67.561  0.0000E+00  0.2000E+01
 -67.556  0.0000E+00  0.2000E+01
 -67.551  0.0000E+00  0.2000E+01
 -67.546  0.0000E+00  0.2000E+01
 -67.541  0.0000E+00  0.2000E+01
 -67.536  0.0000E+00  0.2000E+01
 -67.531  0.0000E+00  0.2000E+01
 -67.526  0.0000E+00  0.2000E+01
 -67.521  0.0000E+00  0.2000E+01
 -67.516  0.0000E+00  0.2000E+01
 -67.511  0.0000E+00  0.2000E+01
 -67.506  0.0000E+00  0.2000E+01
 -67.501  0.0000E+00  0.2000E+01
 -67.496  0.0000E+00  0.2000E+01
 -67.491  0.0000E+00  0.2000E+01
 -67.486  0.0000E+00  0.2000E+01
 -67.481  0.0000E+00  0.2000E+01
 -67.476  0.0000E+00  0.2000E+01
 -67.471  0.0000E+00  0.2000E+01
 -67.466  0.0000E+00  0.2000E+01
 -67.461  0.0000E+00  0.2000E+01
 -67.456  0.0000E+00  0.2000E+01
 -67.451  0.0000E+00  0.2000E+01
 -67.446  0.0000E+00  0.2000E+01
 -67.441  0.0000E+00  0.2000E+01
 -67.436  0.0000E+00  0.2000E+01
 -67.431  0.0000E+00  0.2000E+01
 -67.426  0.0000E+00  0.2000E+01
 -67.421  0.0000E+00  0.2000E+01
 -67.416  0.0000E+00  0.2000E+01
 -67.411  0.0000E+00  0.2000E+01
 -67.406  0.0000E+00  0.2000E+01
 -67.401  0.0000E+00  0.2000E+01
 -67.396  0.0000E+00  0.2000E+01
 -67.391  0.0000E+00  0.2000E+01
 -67.386  0.0000E+00  0.2000E+01
 -67.381  0.0000E+00  0.2000E+01
 -67.376  0.0000E+00  0.2000E+01
 -67.371  0.0000E+00  0.2000E+01
 -67.366  0.0000E+00  0.2000E+01
 -67.361  0.0000E+00  0.2000E+01
 -67.356  0.0000E+00  0.2000E+01
 -67.351  0.0000E+00  0.2000E+01
 -67.346  0.0000E+00  0.2000E+01
 -67.341  0.0000E+00  0.2000E+01
 -67.336  0.0000E+00  0.2000E+01
 -67.331  0.0000E+00  0.2000E+01
 -67.326  0.0000E+00  0.2000E+01
 -67.321  0.0000E+00  0.2000E+01
 -67.316  0.0000E+00  0.2000E+01
 -67.311  0.0000E+00  0.2000E+01
 -67.306  0.0000E+00  0.2000E+01
 -67.301  0.0000E+00  0.2000E+01
 -67.296  0.0000E+00  0.2000E+01
 -67.291  0.0000E+00  0.2000E+01
 -67.286  0.0000E+00  0.2000E+01
 -67.281  0.0000E+00  0.2000E+01
 -67.276  0.0000E+00  0.2000E+01
 -67.271  0.0000E+00  0.2000E+01
 -67.266  0.0000E+00  0.2000E+01
 -67.261  0.0000E+00  0.2000E+01
 -67.256  0.0000E+00  0.2000E+01
 -67.251  0.0000E+00  0.2000E+01
 -67.246  0.0000E+00  0.2000E+01
 -67.241  0.0000E+00  0.2000E+01
 -67.236  0.0000E+00  0.2000E+01
 -67.231  0.0000E+00  0.2000E+01
 -67.226  0.0000E+00  0.2000E+01
 -67.221  0.0000E+00  0.2000E+01
 -67.216  0.0000E+00  0.2000E+01
 -67.211  0.0000E+00  0.2000E+01
 -67.206  0.0000E+00  0.2000E+01
 -67.201  0.0000E+00  0.2000E+01
 -67.196  0.0000E+00  0.2000E+01
 -67.191  0.0000E+00  0.2000E+01
 -67.186  0.0000E+00  0.2000E+01
 -67.181  0.0000E+00  0.2000E+01
 -67.176  0.0000E+00  0.2000E+01
 -67.171  0.0000E+00  0.2000E+01
 -67.166  0.0000E+00  0.2000E+01
 -67.161  0.0000E+00  0.2000E+01
 -67.156  0.0000E+00  0.2000E+01
 -67.151  0.0000E+00  0.2000E+01
 -67.146  0.0000E+00  0.2000E+01
 -67.141  0.0000E+00  0.2000E+01
 -67.136  0.0000E+00  0.2000E+01
 -67.131  0.0000E+00  0.2000E+01
 -67.126  0.0000E+00  0.2000E+01
 -67.121  0.0000E+00  0.2000E+01
 -67.116  0.0000E+00  0.2000E+01
 -67.111  0.0000E+00  0.2000E+01
 -67.106  0.0000E+00  0.2000E+01
 -67.101  0.0000E+00  0.2000E+01
 -67.096  0.0000E+00  0.2000E+01
 -67.091  0.0000E+00  0.2000E+01
 -67.086  0.0000E+00  0.2000E+01
 -67.081  0.0000E+00  0.2000E+01
 -67.076  0.0000E+00  0.2000E+01
 -67.071  0.0000E+00  0.2000E+01
 -67.066  0.0000E+00  0.2000E+01
 -67.061  0.0000E+00  0.2000E+01
 -67.056  0.0000E+00  0.2000E+01
 -67.051  0.0000E+00  0.2000E+01
 -67.046  0.0000E+00  0.2000E+01
 -67.041  0.0000E+00  0.2000E+01
 -67.036  0.0000E+00  0.2000E+01
 -67.031  0.0000E+00  0.2000E+01
 -67.026  0.0000E+00  0.2000E+01
 -67.021  0.0000E+00  0.2000E+01
 -67.016  0.0000E+00  0.2000E+01
 -67.011  0.0000E+00  0.2000E+01
 -67.006  0.0000E+00  0.2000E+01
 -67.001  0.0000E+00  0.2000E+01
 -66.996  0.0000E+00  0.2000E+01
 -66.991  0.0000E+00  0.2000E+01
 -66.986  0.0000E+00  0.2000E+01
 -66.981  0.0000E+00  0.2000E+01
 -66.976  0.0000E+00  0.2000E+01
 -66.971  0.0000E+00  0.2000E+01
 -66.966  0.0000E+00  0.2000E+01
 -66.961  0.0000E+00  0.2000E+01
 -66.956  0.0000E+00  0.2000E+01
 -66.951  0.0000E+00  0.2000E+01
 -66.946  0.0000E+00  0.2000E+01
 -66.941  0.0000E+00  0.2000E+01
 -66.936  0.0000E+00  0.2000E+01
 -66.931  0.0000E+00  0.2000E+01
 -66.926  0.0000E+00  0.2000E+01
 -66.921  0.0000E+00  0.2000E+01
 -66.916  0.0000E+00  0.2000E+01
 -66.911  0.0000E+00  0.2000E+01
 -66.906  0.0000E+00  0.2000E+01
 -66.901  0.0000E+00  0.2000E+01
 -66.896  0.0000E+00  0.2000E+01
 -66.891  0.0000E+00  0.2000E+01
 -66.886  0.0000E+00  0.2000E+01
 -66.881  0.0000E+00  0.2000E+01
 -66.876  0.0000E+00  0.2000E+01
 -66.871  0.0000E+00  0.2000E+01
 -66.866  0.0000E+00  0.2000E+01
 -66.861  0.0000E+00  0.2000E+01
 -66.856  0.0000E+00  0.2000E+01
 -66.851  0.0000E+00  0.2000E+01
 -66.846  0.0000E+00  0.2000E+01
 -66.841  0.0000E+00  0.2000E+01
 -66.836  0.0000E+00  0.2000E+01
 -66.831  0.0000E+00  0.2000E+01
 -66.826  0.0000E+00  0.2000E+01
 -66.821  0.0000E+00  0.2000E+01
 -66.816  0.0000E+00  0.2000E+01
 -66.811  0.0000E+00  0.2000E+01
 -66.806  0.0000E+00  0.2000E+01
 -66.801  0.0000E+00  0.2000E+01
 -66.796  0.0000E+00  0.2000E+01
 -66.791  0.0000E+00  0.2000E+01
 -66.786  0.0000E+00  0.2000E+01
 -66.781  0.0000E+00  0.2000E+01
 -66.776  0.0000E+00  0.2000E+01
 -66.771  0.0000E+00  0.2000E+01
 -66.766  0.0000E+00  0.2000E+01
 -66.761  0.0000E+00  0.2000E+01
 -66.756  0.0000E+00  0.2000E+01
 -66.751  0.0000E+00  0.2000E+01
 -66.746  0.0000E+00  0.2000E+01
 -66.741  0.0000E+00  0.2000E+01
 -66.736  0.0000E+00  0.2000E+01
 -66.731  0.0000E+00  0.2000E+01
 -66.726  0.0000E+00  0.2000E+01
 -66.721  0.0000E+00  0.2000E+01
 -66.716  0.0000E+00  0.2000E+01
 -66.711  0.0000E+00  0.2000E+01
 -66.706  0.0000E+00  0.2000E+01
 -66.701  0.0000E+00  0.2000E+01
 -66.696  0.0000E+00  0.2000E+01
 -66.691  0.0000E+00  0.2000E+01
 -66.686  0.0000E+00  0.2000E+01
 -66.681  0.0000E+00  0.2000E+01
 -66.676  0.0000E+00  0.2000E+01
 -66.671  0.0000E+00  0.2000E+01
 -66.666  0.0000E+00  0.2000E+01
 -66.661  0.0000E+00  0.2000E+01
 -66.656  0.0000E+00  0.2000E+01
 -66.651  0.0000E+00  0.2000E+01
 -66.646  0.0000E+00  0.2000E+01
 -66.641  0.0000E+00  0.2000E+01
 -66.636  0.0000E+00  0.2000E+01
 -66.631  0.0000E+00  0.2000E+01
 -66.626  0.0000E+00  0.2000E+01
 -66.621  0.0000E+00  0.2000E+01
 -66.616  0.0000E+00  0.2000E+01
 -66.611  0.0000E+00  0.2000E+01
 -66.606  0.0000E+00  0.2000E+01
 -66.601  0.0000E+00  0.2000E+01
 -66.596  0.0000E+00  0.2000E+01
 -66.591  0.0000E+00  0.2000E+01
 -66.586  0.0000E+00  0.2000E+01
 -66.581  0.0000E+00  0.2000E+01
 -66.576  0.0000E+00  0.2000E+01
 -66.571  0.0000E+00  0.2000E+01
 -66.566  0.0000E+00  0.2000E+01
 -66.561  0.0000E+00  0.2000E+01
 -66.556  0.0000E+00  0.2000E+01
 -66.551  0.0000E+00  0.2000E+01
 -66.546  0.0000E+00  0.2000E+01
 -66.541  0.0000E+00  0.2000E+01
 -66.536  0.0000E+00  0.2000E+01
 -66.531  0.0000E+00  0.2000E+01
 -66.526  0.0000E+00  0.2000E+01
 -66.521  0.0000E+00  0.2000E+01
 -66.516  0.0000E+00  0.2000E+01
 -66.511  0.0000E+00  0.2000E+01
 -66.506  0.0000E+00  0.2000E+01
 -66.501  0.0000E+00  0.2000E+01
 -66.496  0.0000E+00  0.2000E+01
 -66.491  0.0000E+00  0.2000E+01
 -66.486  0.0000E+00  0.2000E+01
 -66.481  0.0000E+00  0.2000E+01
 -66.476  0.0000E+00  0.2000E+01
 -66.471  0.0000E+00  0.2000E+01
 -66.466  0.0000E+00  0.2000E+01
 -66.461  0.0000E+00  0.2000E+01
 -66.456  0.0000E+00  0.2000E+01
 -66.451  0.0000E+00  0.2000E+01
 -66.446  0.0000E+00  0.2000E+01
 -66.441  0.0000E+00  0.2000E+01
 -66.436  0.0000E+00  0.2000E+01
 -66.431  0.0000E+00  0.2000E+01
 -66.426  0.0000E+00  0.2000E+01
 -66.421  0.0000E+00  0.2000E+01
 -66.416  0.0000E+00  0.2000E+01
 -66.411  0.0000E+00  0.2000E+01
 -66.406  0.0000E+00  0.2000E+01
 -66.401  0.0000E+00  0.2000E+01
 -66.396  0.0000E+00  0.2000E+01
 -66.391  0.0000E+00  0.2000E+01
 -66.386  0.0000E+00  0.2000E+01
 -66.381  0.0000E+00  0.2000E+01
 -66.376  0.0000E+00  0.2000E+01
 -66.371  0.0000E+00  0.2000E+01
 -66.366  0.0000E+00  0.2000E+01
 -66.361  0.0000E+00  0.2000E+01
 -66.356  0.0000E+00  0.2000E+01
 -66.351  0.0000E+00  0.2000E+01
 -66.346  0.0000E+00  0.2000E+01
 -66.341  0.0000E+00  0.2000E+01
 -66.336  0.0000E+00  0.2000E+01
 -66.331  0.0000E+00  0.2000E+01
 -66.326  0.0000E+00  0.2000E+01
 -66.321  0.0000E+00  0.2000E+01
 -66.316  0.0000E+00  0.2000E+01
 -66.311  0.0000E+00  0.2000E+01
 -66.306  0.0000E+00  0.2000E+01
 -66.301  0.0000E+00  0.2000E+01
 -66.296  0.0000E+00  0.2000E+01
 -66.291  0.0000E+00  0.2000E+01
 -66.286  0.0000E+00  0.2000E+01
 -66.281  0.0000E+00  0.2000E+01
 -66.276  0.0000E+00  0.2000E+01
 -66.271  0.0000E+00  0.2000E+01
 -66.266  0.0000E+00  0.2000E+01
 -66.261  0.0000E+00  0.2000E+01
 -66.256  0.0000E+00  0.2000E+01
 -66.251  0.0000E+00  0.2000E+01
 -66.246  0.0000E+00  0.2000E+01
 -66.241  0.0000E+00  0.2000E+01
 -66.236  0.0000E+00  0.2000E+01
 -66.231  0.0000E+00  0.2000E+01
 -66.226  0.0000E+00  0.2000E+01
 -66.221  0.0000E+00  0.2000E+01
 -66.216  0.0000E+00  0.2000E+01
 -66.211  0.0000E+00  0.2000E+01
 -66.206  0.0000E+00  0.2000E+01
 -66.201  0.0000E+00  0.2000E+01
 -66.196  0.0000E+00  0.2000E+01
 -66.191  0.0000E+00  0.2000E+01
 -66.186  0.0000E+00  0.2000E+01
 -66.181  0.0000E+00  0.2000E+01
 -66.176  0.0000E+00  0.2000E+01
 -66.171  0.0000E+00  0.2000E+01
 -66.166  0.0000E+00  0.2000E+01
 -66.161  0.0000E+00  0.2000E+01
 -66.156  0.0000E+00  0.2000E+01
 -66.151  0.0000E+00  0.2000E+01
 -66.146  0.0000E+00  0.2000E+01
 -66.141  0.0000E+00  0.2000E+01
 -66.136  0.0000E+00  0.2000E+01
 -66.131  0.0000E+00  0.2000E+01
 -66.126  0.0000E+00  0.2000E+01
 -66.121  0.0000E+00  0.2000E+01
 -66.116  0.0000E+00  0.2000E+01
 -66.111  0.0000E+00  0.2000E+01
 -66.106  0.0000E+00  0.2000E+01
 -66.101  0.0000E+00  0.2000E+01
 -66.096  0.0000E+00  0.2000E+01
 -66.091  0.0000E+00  0.2000E+01
 -66.086  0.0000E+00  0.2000E+01
 -66.081  0.0000E+00  0.2000E+01
 -66.076  0.0000E+00  0.2000E+01
 -66.071  0.0000E+00  0.2000E+01
 -66.066  0.0000E+00  0.2000E+01
 -66.061  0.0000E+00  0.2000E+01
 -66.056  0.0000E+00  0.2000E+01
 -66.051  0.0000E+00  0.2000E+01
 -66.046  0.0000E+00  0.2000E+01
 -66.041  0.0000E+00  0.2000E+01
 -66.036  0.0000E+00  0.2000E+01
 -66.031  0.0000E+00  0.2000E+01
 -66.026  0.0000E+00  0.2000E+01
 -66.021  0.0000E+00  0.2000E+01
 -66.016  0.0000E+00  0.2000E+01
 -66.011  0.0000E+00  0.2000E+01
 -66.006  0.0000E+00  0.2000E+01
 -66.001  0.0000E+00  0.2000E+01
 -65.996  0.0000E+00  0.2000E+01
 -65.991  0.0000E+00  0.2000E+01
 -65.986  0.0000E+00  0.2000E+01
 -65.981  0.0000E+00  0.2000E+01
 -65.976  0.0000E+00  0.2000E+01
 -65.971  0.0000E+00  0.2000E+01
 -65.966  0.0000E+00  0.2000E+01
 -65.961  0.0000E+00  0.2000E+01
 -65.956  0.0000E+00  0.2000E+01
 -65.951  0.0000E+00  0.2000E+01
 -65.946  0.0000E+00  0.2000E+01
 -65.941  0.0000E+00  0.2000E+01
 -65.936  0.0000E+00  0.2000E+01
 -65.931  0.0000E+00  0.2000E+01
 -65.926  0.0000E+00  0.2000E+01
 -65.921  0.0000E+00  0.2000E+01
 -65.916  0.0000E+00  0.2000E+01
 -65.911  0.0000E+00  0.2000E+01
 -65.906  0.0000E+00  0.2000E+01
 -65.901  0.0000E+00  0.2000E+01
 -65.896  0.0000E+00  0.2000E+01
 -65.891  0.0000E+00  0.2000E+01
 -65.886  0.0000E+00  0.2000E+01
 -65.881  0.0000E+00  0.2000E+01
 -65.876  0.0000E+00  0.2000E+01
 -65.871  0.0000E+00  0.2000E+01
 -65.866  0.0000E+00  0.2000E+01
 -65.861  0.0000E+00  0.2000E+01
 -65.856  0.0000E+00  0.2000E+01
 -65.851  0.0000E+00  0.2000E+01
 -65.846  0.0000E+00  0.2000E+01
 -65.841  0.0000E+00  0.2000E+01
 -65.836  0.0000E+00  0.2000E+01
 -65.831  0.0000E+00  0.2000E+01
 -65.826  0.0000E+00  0.2000E+01
 -65.821  0.0000E+00  0.2000E+01
 -65.816  0.0000E+00  0.2000E+01
 -65.811  0.0000E+00  0.2000E+01
 -65.806  0.0000E+00  0.2000E+01
 -65.801  0.0000E+00  0.2000E+01
 -65.796  0.0000E+00  0.2000E+01
 -65.791  0.0000E+00  0.2000E+01
 -65.786  0.0000E+00  0.2000E+01
 -65.781  0.0000E+00  0.2000E+01
 -65.776  0.0000E+00  0.2000E+01
 -65.771  0.0000E+00  0.2000E+01
 -65.766  0.0000E+00  0.2000E+01
 -65.761  0.0000E+00  0.2000E+01
 -65.756  0.0000E+00  0.2000E+01
 -65.751  0.0000E+00  0.2000E+01
 -65.746  0.0000E+00  0.2000E+01
 -65.741  0.0000E+00  0.2000E+01
 -65.736  0.0000E+00  0.2000E+01
 -65.731  0.0000E+00  0.2000E+01
 -65.726  0.0000E+00  0.2000E+01
 -65.721  0.0000E+00  0.2000E+01
 -65.716  0.0000E+00  0.2000E+01
 -65.711  0.0000E+00  0.2000E+01
 -65.706  0.0000E+00  0.2000E+01
 -65.701  0.0000E+00  0.2000E+01
 -65.696  0.0000E+00  0.2000E+01
 -65.691  0.0000E+00  0.2000E+01
 -65.686  0.0000E+00  0.2000E+01
 -65.681  0.0000E+00  0.2000E+01
 -65.676  0.0000E+00  0.2000E+01
 -65.671  0.0000E+00  0.2000E+01
 -65.666  0.0000E+00  0.2000E+01
 -65.661  0.0000E+00  0.2000E+01
 -65.656  0.0000E+00  0.2000E+01
 -65.651  0.0000E+00  0.2000E+01
 -65.646  0.0000E+00  0.2000E+01
 -65.641  0.0000E+00  0.2000E+01
 -65.636  0.0000E+00  0.2000E+01
 -65.631  0.0000E+00  0.2000E+01
 -65.626  0.0000E+00  0.2000E+01
 -65.621  0.0000E+00  0.2000E+01
 -65.616  0.0000E+00  0.2000E+01
 -65.611  0.0000E+00  0.2000E+01
 -65.606  0.0000E+00  0.2000E+01
 -65.601  0.0000E+00  0.2000E+01
 -65.596  0.0000E+00  0.2000E+01
 -65.591  0.0000E+00  0.2000E+01
 -65.586  0.0000E+00  0.2000E+01
 -65.581  0.0000E+00  0.2000E+01
 -65.576  0.0000E+00  0.2000E+01
 -65.571  0.0000E+00  0.2000E+01
 -65.566  0.0000E+00  0.2000E+01
 -65.561  0.0000E+00  0.2000E+01
 -65.556  0.0000E+00  0.2000E+01
 -65.551  0.0000E+00  0.2000E+01
 -65.546  0.0000E+00  0.2000E+01
 -65.541  0.0000E+00  0.2000E+01
 -65.536  0.0000E+00  0.2000E+01
 -65.531  0.0000E+00  0.2000E+01
 -65.526  0.0000E+00  0.2000E+01
 -65.521  0.0000E+00  0.2000E+01
 -65.516  0.0000E+00  0.2000E+01
 -65.511  0.0000E+00  0.2000E+01
 -65.506  0.0000E+00  0.2000E+01
 -65.501  0.0000E+00  0.2000E+01
 -65.496  0.0000E+00  0.2000E+01
 -65.491  0.0000E+00  0.2000E+01
 -65.486  0.0000E+00  0.2000E+01
 -65.481  0.0000E+00  0.2000E+01
 -65.476  0.0000E+00  0.2000E+01
 -65.471  0.0000E+00  0.2000E+01
 -65.466  0.0000E+00  0.2000E+01
 -65.461  0.0000E+00  0.2000E+01
 -65.456  0.0000E+00  0.2000E+01
 -65.451  0.0000E+00  0.2000E+01
 -65.446  0.0000E+00  0.2000E+01
 -65.441  0.0000E+00  0.2000E+01
 -65.436  0.0000E+00  0.2000E+01
 -65.431  0.0000E+00  0.2000E+01
 -65.426  0.0000E+00  0.2000E+01
 -65.421  0.0000E+00  0.2000E+01
 -65.416  0.0000E+00  0.2000E+01
 -65.411  0.0000E+00  0.2000E+01
 -65.406  0.0000E+00  0.2000E+01
 -65.401  0.0000E+00  0.2000E+01
 -65.396  0.0000E+00  0.2000E+01
 -65.391  0.0000E+00  0.2000E+01
 -65.386  0.0000E+00  0.2000E+01
 -65.381  0.0000E+00  0.2000E+01
 -65.376  0.0000E+00  0.2000E+01
 -65.371  0.0000E+00  0.2000E+01
 -65.366  0.0000E+00  0.2000E+01
 -65.361  0.0000E+00  0.2000E+01
 -65.356  0.0000E+00  0.2000E+01
 -65.351  0.0000E+00  0.2000E+01
 -65.346  0.0000E+00  0.2000E+01
 -65.341  0.0000E+00  0.2000E+01
 -65.336  0.0000E+00  0.2000E+01
 -65.331  0.0000E+00  0.2000E+01
 -65.326  0.0000E+00  0.2000E+01
 -65.321  0.0000E+00  0.2000E+01
 -65.316  0.0000E+00  0.2000E+01
 -65.311  0.0000E+00  0.2000E+01
 -65.306  0.0000E+00  0.2000E+01
 -65.301  0.0000E+00  0.2000E+01
 -65.296  0.0000E+00  0.2000E+01
 -65.291  0.0000E+00  0.2000E+01
 -65.286  0.0000E+00  0.2000E+01
 -65.281  0.0000E+00  0.2000E+01
 -65.276  0.0000E+00  0.2000E+01
 -65.271  0.0000E+00  0.2000E+01
 -65.266  0.0000E+00  0.2000E+01
 -65.261  0.0000E+00  0.2000E+01
 -65.256  0.0000E+00  0.2000E+01
 -65.251  0.0000E+00  0.2000E+01
 -65.246  0.0000E+00  0.2000E+01
 -65.241  0.0000E+00  0.2000E+01
 -65.236  0.0000E+00  0.2000E+01
 -65.231  0.0000E+00  0.2000E+01
 -65.226  0.0000E+00  0.2000E+01
 -65.221  0.0000E+00  0.2000E+01
 -65.216  0.0000E+00  0.2000E+01
 -65.211  0.0000E+00  0.2000E+01
 -65.206  0.0000E+00  0.2000E+01
 -65.201  0.0000E+00  0.2000E+01
 -65.196  0.0000E+00  0.2000E+01
 -65.191  0.0000E+00  0.2000E+01
 -65.186  0.0000E+00  0.2000E+01
 -65.181  0.0000E+00  0.2000E+01
 -65.176  0.0000E+00  0.2000E+01
 -65.171  0.0000E+00  0.2000E+01
 -65.166  0.0000E+00  0.2000E+01
 -65.161  0.0000E+00  0.2000E+01
 -65.156  0.0000E+00  0.2000E+01
 -65.151  0.0000E+00  0.2000E+01
 -65.146  0.0000E+00  0.2000E+01
 -65.141  0.0000E+00  0.2000E+01
 -65.136  0.0000E+00  0.2000E+01
 -65.131  0.0000E+00  0.2000E+01
 -65.126  0.0000E+00  0.2000E+01
 -65.121  0.0000E+00  0.2000E+01
 -65.116  0.0000E+00  0.2000E+01
 -65.111  0.0000E+00  0.2000E+01
 -65.106  0.0000E+00  0.2000E+01
 -65.101  0.0000E+00  0.2000E+01
 -65.096  0.0000E+00  0.2000E+01
 -65.091  0.0000E+00  0.2000E+01
 -65.086  0.0000E+00  0.2000E+01
 -65.081  0.0000E+00  0.2000E+01
 -65.076  0.0000E+00  0.2000E+01
 -65.071  0.0000E+00  0.2000E+01
 -65.066  0.0000E+00  0.2000E+01
 -65.061  0.0000E+00  0.2000E+01
 -65.056  0.0000E+00  0.2000E+01
 -65.051  0.0000E+00  0.2000E+01
 -65.046  0.0000E+00  0.2000E+01
 -65.041  0.0000E+00  0.2000E+01
 -65.036  0.0000E+00  0.2000E+01
 -65.031  0.0000E+00  0.2000E+01
 -65.026  0.0000E+00  0.2000E+01
 -65.021  0.0000E+00  0.2000E+01
 -65.016  0.0000E+00  0.2000E+01
 -65.011  0.0000E+00  0.2000E+01
 -65.006  0.0000E+00  0.2000E+01
 -65.001  0.0000E+00  0.2000E+01
 -64.996  0.0000E+00  0.2000E+01
 -64.991  0.0000E+00  0.2000E+01
 -64.986  0.0000E+00  0.2000E+01
 -64.981  0.0000E+00  0.2000E+01
 -64.976  0.0000E+00  0.2000E+01
 -64.971  0.0000E+00  0.2000E+01
 -64.966  0.0000E+00  0.2000E+01
 -64.961  0.0000E+00  0.2000E+01
 -64.956  0.0000E+00  0.2000E+01
 -64.951  0.0000E+00  0.2000E+01
 -64.946  0.0000E+00  0.2000E+01
 -64.941  0.0000E+00  0.2000E+01
 -64.936  0.0000E+00  0.2000E+01
 -64.931  0.0000E+00  0.2000E+01
 -64.926  0.0000E+00  0.2000E+01
 -64.921  0.0000E+00  0.2000E+01
 -64.916  0.0000E+00  0.2000E+01
 -64.911  0.0000E+00  0.2000E+01
 -64.906  0.0000E+00  0.2000E+01
 -64.901  0.0000E+00  0.2000E+01
 -64.896  0.0000E+00  0.2000E+01
 -64.891  0.0000E+00  0.2000E+01
 -64.886  0.0000E+00  0.2000E+01
 -64.881  0.0000E+00  0.2000E+01
 -64.876  0.0000E+00  0.2000E+01
 -64.871  0.0000E+00  0.2000E+01
 -64.866  0.0000E+00  0.2000E+01
 -64.861  0.0000E+00  0.2000E+01
 -64.856  0.0000E+00  0.2000E+01
 -64.851  0.0000E+00  0.2000E+01
 -64.846  0.0000E+00  0.2000E+01
 -64.841  0.0000E+00  0.2000E+01
 -64.836  0.0000E+00  0.2000E+01
 -64.831  0.0000E+00  0.2000E+01
 -64.826  0.0000E+00  0.2000E+01
 -64.821  0.0000E+00  0.2000E+01
 -64.816  0.0000E+00  0.2000E+01
 -64.811  0.0000E+00  0.2000E+01
 -64.806  0.0000E+00  0.2000E+01
 -64.801  0.0000E+00  0.2000E+01
 -64.796  0.0000E+00  0.2000E+01
 -64.791  0.0000E+00  0.2000E+01
 -64.786  0.0000E+00  0.2000E+01
 -64.781  0.0000E+00  0.2000E+01
 -64.776  0.0000E+00  0.2000E+01
 -64.771  0.0000E+00  0.2000E+01
 -64.766  0.0000E+00  0.2000E+01
 -64.761  0.0000E+00  0.2000E+01
 -64.756  0.0000E+00  0.2000E+01
 -64.751  0.0000E+00  0.2000E+01
 -64.746  0.0000E+00  0.2000E+01
 -64.741  0.0000E+00  0.2000E+01
 -64.736  0.0000E+00  0.2000E+01
 -64.731  0.0000E+00  0.2000E+01
 -64.726  0.0000E+00  0.2000E+01
 -64.721  0.0000E+00  0.2000E+01
 -64.716  0.0000E+00  0.2000E+01
 -64.711  0.0000E+00  0.2000E+01
 -64.706  0.0000E+00  0.2000E+01
 -64.701  0.0000E+00  0.2000E+01
 -64.696  0.0000E+00  0.2000E+01
 -64.691  0.0000E+00  0.2000E+01
 -64.686  0.0000E+00  0.2000E+01
 -64.681  0.0000E+00  0.2000E+01
 -64.676  0.0000E+00  0.2000E+01
 -64.671  0.0000E+00  0.2000E+01
 -64.666  0.0000E+00  0.2000E+01
 -64.661  0.0000E+00  0.2000E+01
 -64.656  0.0000E+00  0.2000E+01
 -64.651  0.0000E+00  0.2000E+01
 -64.646  0.0000E+00  0.2000E+01
 -64.641  0.0000E+00  0.2000E+01
 -64.636  0.0000E+00  0.2000E+01
 -64.631  0.0000E+00  0.2000E+01
 -64.626  0.0000E+00  0.2000E+01
 -64.621  0.0000E+00  0.2000E+01
 -64.616  0.0000E+00  0.2000E+01
 -64.611  0.0000E+00  0.2000E+01
 -64.606  0.0000E+00  0.2000E+01
 -64.601  0.0000E+00  0.2000E+01
 -64.596  0.0000E+00  0.2000E+01
 -64.591  0.0000E+00  0.2000E+01
 -64.586  0.0000E+00  0.2000E+01
 -64.581  0.0000E+00  0.2000E+01
 -64.576  0.0000E+00  0.2000E+01
 -64.571  0.0000E+00  0.2000E+01
 -64.566  0.0000E+00  0.2000E+01
 -64.561  0.0000E+00  0.2000E+01
 -64.556  0.0000E+00  0.2000E+01
 -64.551  0.0000E+00  0.2000E+01
 -64.546  0.0000E+00  0.2000E+01
 -64.541  0.0000E+00  0.2000E+01
 -64.536  0.0000E+00  0.2000E+01
 -64.531  0.0000E+00  0.2000E+01
 -64.526  0.0000E+00  0.2000E+01
 -64.521  0.0000E+00  0.2000E+01
 -64.516  0.0000E+00  0.2000E+01
 -64.511  0.0000E+00  0.2000E+01
 -64.506  0.0000E+00  0.2000E+01
 -64.501  0.0000E+00  0.2000E+01
 -64.496  0.0000E+00  0.2000E+01
 -64.491  0.0000E+00  0.2000E+01
 -64.486  0.0000E+00  0.2000E+01
 -64.481  0.0000E+00  0.2000E+01
 -64.476  0.0000E+00  0.2000E+01
 -64.471  0.0000E+00  0.2000E+01
 -64.466  0.0000E+00  0.2000E+01
 -64.461  0.0000E+00  0.2000E+01
 -64.456  0.0000E+00  0.2000E+01
 -64.451  0.0000E+00  0.2000E+01
 -64.446  0.0000E+00  0.2000E+01
 -64.441  0.0000E+00  0.2000E+01
 -64.436  0.0000E+00  0.2000E+01
 -64.431  0.0000E+00  0.2000E+01
 -64.426  0.0000E+00  0.2000E+01
 -64.421  0.0000E+00  0.2000E+01
 -64.416  0.0000E+00  0.2000E+01
 -64.411  0.0000E+00  0.2000E+01
 -64.406  0.0000E+00  0.2000E+01
 -64.401  0.0000E+00  0.2000E+01
 -64.396  0.0000E+00  0.2000E+01
 -64.391  0.0000E+00  0.2000E+01
 -64.386  0.0000E+00  0.2000E+01
 -64.381  0.0000E+00  0.2000E+01
 -64.376  0.0000E+00  0.2000E+01
 -64.371  0.0000E+00  0.2000E+01
 -64.366  0.0000E+00  0.2000E+01
 -64.361  0.0000E+00  0.2000E+01
 -64.356  0.0000E+00  0.2000E+01
 -64.351  0.0000E+00  0.2000E+01
 -64.346  0.0000E+00  0.2000E+01
 -64.341  0.0000E+00  0.2000E+01
 -64.336  0.0000E+00  0.2000E+01
 -64.331  0.0000E+00  0.2000E+01
 -64.326  0.0000E+00  0.2000E+01
 -64.321  0.0000E+00  0.2000E+01
 -64.316  0.0000E+00  0.2000E+01
 -64.311  0.0000E+00  0.2000E+01
 -64.306  0.0000E+00  0.2000E+01
 -64.301  0.0000E+00  0.2000E+01
 -64.296  0.0000E+00  0.2000E+01
 -64.291  0.0000E+00  0.2000E+01
 -64.286  0.0000E+00  0.2000E+01
 -64.281  0.0000E+00  0.2000E+01
 -64.276  0.0000E+00  0.2000E+01
 -64.271  0.0000E+00  0.2000E+01
 -64.266  0.0000E+00  0.2000E+01
 -64.261  0.0000E+00  0.2000E+01
 -64.256  0.0000E+00  0.2000E+01
 -64.251  0.0000E+00  0.2000E+01
 -64.246  0.0000E+00  0.2000E+01
 -64.241  0.0000E+00  0.2000E+01
 -64.236  0.0000E+00  0.2000E+01
 -64.231  0.0000E+00  0.2000E+01
 -64.226  0.0000E+00  0.2000E+01
 -64.221  0.0000E+00  0.2000E+01
 -64.216  0.0000E+00  0.2000E+01
 -64.211  0.0000E+00  0.2000E+01
 -64.206  0.0000E+00  0.2000E+01
 -64.201  0.0000E+00  0.2000E+01
 -64.196  0.0000E+00  0.2000E+01
 -64.191  0.0000E+00  0.2000E+01
 -64.186  0.0000E+00  0.2000E+01
 -64.181  0.0000E+00  0.2000E+01
 -64.176  0.0000E+00  0.2000E+01
 -64.171  0.0000E+00  0.2000E+01
 -64.166  0.0000E+00  0.2000E+01
 -64.161  0.0000E+00  0.2000E+01
 -64.156  0.0000E+00  0.2000E+01
 -64.151  0.0000E+00  0.2000E+01
 -64.146  0.0000E+00  0.2000E+01
 -64.141  0.0000E+00  0.2000E+01
 -64.136  0.0000E+00  0.2000E+01
 -64.131  0.0000E+00  0.2000E+01
 -64.126  0.0000E+00  0.2000E+01
 -64.121  0.0000E+00  0.2000E+01
 -64.116  0.0000E+00  0.2000E+01
 -64.111  0.0000E+00  0.2000E+01
 -64.106  0.0000E+00  0.2000E+01
 -64.101  0.0000E+00  0.2000E+01
 -64.096  0.0000E+00  0.2000E+01
 -64.091  0.0000E+00  0.2000E+01
 -64.086  0.0000E+00  0.2000E+01
 -64.081  0.0000E+00  0.2000E+01
 -64.076  0.0000E+00  0.2000E+01
 -64.071  0.0000E+00  0.2000E+01
 -64.066  0.0000E+00  0.2000E+01
 -64.061  0.0000E+00  0.2000E+01
 -64.056  0.0000E+00  0.2000E+01
 -64.051  0.0000E+00  0.2000E+01
 -64.046  0.0000E+00  0.2000E+01
 -64.041  0.0000E+00  0.2000E+01
 -64.036  0.0000E+00  0.2000E+01
 -64.031  0.0000E+00  0.2000E+01
 -64.026  0.0000E+00  0.2000E+01
 -64.021  0.0000E+00  0.2000E+01
 -64.016  0.0000E+00  0.2000E+01
 -64.011  0.0000E+00  0.2000E+01
 -64.006  0.0000E+00  0.2000E+01
 -64.001  0.0000E+00  0.2000E+01
 -63.996  0.0000E+00  0.2000E+01
 -63.991  0.0000E+00  0.2000E+01
 -63.986  0.0000E+00  0.2000E+01
 -63.981  0.0000E+00  0.2000E+01
 -63.976  0.0000E+00  0.2000E+01
 -63.971  0.0000E+00  0.2000E+01
 -63.966  0.0000E+00  0.2000E+01
 -63.961  0.0000E+00  0.2000E+01
 -63.956  0.0000E+00  0.2000E+01
 -63.951  0.0000E+00  0.2000E+01
 -63.946  0.0000E+00  0.2000E+01
 -63.941  0.0000E+00  0.2000E+01
 -63.936  0.0000E+00  0.2000E+01
 -63.931  0.0000E+00  0.2000E+01
 -63.926  0.0000E+00  0.2000E+01
 -63.921  0.0000E+00  0.2000E+01
 -63.916  0.0000E+00  0.2000E+01
 -63.911  0.0000E+00  0.2000E+01
 -63.906  0.0000E+00  0.2000E+01
 -63.901  0.0000E+00  0.2000E+01
 -63.896  0.0000E+00  0.2000E+01
 -63.891  0.0000E+00  0.2000E+01
 -63.886  0.0000E+00  0.2000E+01
 -63.881  0.0000E+00  0.2000E+01
 -63.876  0.0000E+00  0.2000E+01
 -63.871  0.0000E+00  0.2000E+01
 -63.866  0.0000E+00  0.2000E+01
 -63.861  0.0000E+00  0.2000E+01
 -63.856  0.0000E+00  0.2000E+01
 -63.851  0.0000E+00  0.2000E+01
 -63.846  0.0000E+00  0.2000E+01
 -63.841  0.0000E+00  0.2000E+01
 -63.836  0.0000E+00  0.2000E+01
 -63.831  0.0000E+00  0.2000E+01
 -63.826  0.0000E+00  0.2000E+01
 -63.821  0.0000E+00  0.2000E+01
 -63.816  0.0000E+00  0.2000E+01
 -63.811  0.0000E+00  0.2000E+01
 -63.806  0.0000E+00  0.2000E+01
 -63.801  0.0000E+00  0.2000E+01
 -63.796  0.0000E+00  0.2000E+01
 -63.791  0.0000E+00  0.2000E+01
 -63.786  0.0000E+00  0.2000E+01
 -63.781  0.0000E+00  0.2000E+01
 -63.776  0.0000E+00  0.2000E+01
 -63.771  0.0000E+00  0.2000E+01
 -63.766  0.0000E+00  0.2000E+01
 -63.761  0.0000E+00  0.2000E+01
 -63.756  0.0000E+00  0.2000E+01
 -63.751  0.0000E+00  0.2000E+01
 -63.746  0.0000E+00  0.2000E+01
 -63.741  0.0000E+00  0.2000E+01
 -63.736  0.0000E+00  0.2000E+01
 -63.731  0.0000E+00  0.2000E+01
 -63.726  0.0000E+00  0.2000E+01
 -63.721  0.0000E+00  0.2000E+01
 -63.716  0.0000E+00  0.2000E+01
 -63.711  0.0000E+00  0.2000E+01
 -63.706  0.0000E+00  0.2000E+01
 -63.701  0.0000E+00  0.2000E+01
 -63.696  0.0000E+00  0.2000E+01
 -63.691  0.0000E+00  0.2000E+01
 -63.686  0.0000E+00  0.2000E+01
 -63.681  0.0000E+00  0.2000E+01
 -63.676  0.0000E+00  0.2000E+01
 -63.671  0.0000E+00  0.2000E+01
 -63.666  0.0000E+00  0.2000E+01
 -63.661  0.0000E+00  0.2000E+01
 -63.656  0.0000E+00  0.2000E+01
 -63.651  0.0000E+00  0.2000E+01
 -63.646  0.0000E+00  0.2000E+01
 -63.641  0.0000E+00  0.2000E+01
 -63.636  0.0000E+00  0.2000E+01
 -63.631  0.0000E+00  0.2000E+01
 -63.626  0.0000E+00  0.2000E+01
 -63.621  0.0000E+00  0.2000E+01
 -63.616  0.0000E+00  0.2000E+01
 -63.611  0.0000E+00  0.2000E+01
 -63.606  0.0000E+00  0.2000E+01
 -63.601  0.0000E+00  0.2000E+01
 -63.596  0.0000E+00  0.2000E+01
 -63.591  0.0000E+00  0.2000E+01
 -63.586  0.0000E+00  0.2000E+01
 -63.581  0.0000E+00  0.2000E+01
 -63.576  0.0000E+00  0.2000E+01
 -63.571  0.0000E+00  0.2000E+01
 -63.566  0.0000E+00  0.2000E+01
 -63.561  0.0000E+00  0.2000E+01
 -63.556  0.0000E+00  0.2000E+01
 -63.551  0.0000E+00  0.2000E+01
 -63.546  0.0000E+00  0.2000E+01
 -63.541  0.0000E+00  0.2000E+01
 -63.536  0.0000E+00  0.2000E+01
 -63.531  0.0000E+00  0.2000E+01
 -63.526  0.0000E+00  0.2000E+01
 -63.521  0.0000E+00  0.2000E+01
 -63.516  0.0000E+00  0.2000E+01
 -63.511  0.0000E+00  0.2000E+01
 -63.506  0.0000E+00  0.2000E+01
 -63.501  0.0000E+00  0.2000E+01
 -63.496  0.0000E+00  0.2000E+01
 -63.491  0.0000E+00  0.2000E+01
 -63.486  0.0000E+00  0.2000E+01
 -63.481  0.0000E+00  0.2000E+01
 -63.476  0.0000E+00  0.2000E+01
 -63.471  0.0000E+00  0.2000E+01
 -63.466  0.0000E+00  0.2000E+01
 -63.461  0.0000E+00  0.2000E+01
 -63.456  0.0000E+00  0.2000E+01
 -63.451  0.0000E+00  0.2000E+01
 -63.446  0.0000E+00  0.2000E+01
 -63.441  0.0000E+00  0.2000E+01
 -63.436  0.0000E+00  0.2000E+01
 -63.431  0.0000E+00  0.2000E+01
 -63.426  0.0000E+00  0.2000E+01
 -63.421  0.0000E+00  0.2000E+01
 -63.416  0.0000E+00  0.2000E+01
 -63.411  0.0000E+00  0.2000E+01
 -63.406  0.0000E+00  0.2000E+01
 -63.401  0.0000E+00  0.2000E+01
 -63.396  0.0000E+00  0.2000E+01
 -63.391  0.0000E+00  0.2000E+01
 -63.386  0.0000E+00  0.2000E+01
 -63.381  0.0000E+00  0.2000E+01
 -63.376  0.0000E+00  0.2000E+01
 -63.371  0.0000E+00  0.2000E+01
 -63.366  0.0000E+00  0.2000E+01
 -63.361  0.0000E+00  0.2000E+01
 -63.356  0.0000E+00  0.2000E+01
 -63.351  0.0000E+00  0.2000E+01
 -63.346  0.0000E+00  0.2000E+01
 -63.341  0.0000E+00  0.2000E+01
 -63.336  0.0000E+00  0.2000E+01
 -63.331  0.0000E+00  0.2000E+01
 -63.326  0.0000E+00  0.2000E+01
 -63.321  0.0000E+00  0.2000E+01
 -63.316  0.0000E+00  0.2000E+01
 -63.311  0.0000E+00  0.2000E+01
 -63.306  0.0000E+00  0.2000E+01
 -63.301  0.0000E+00  0.2000E+01
 -63.296  0.0000E+00  0.2000E+01
 -63.291  0.0000E+00  0.2000E+01
 -63.286  0.0000E+00  0.2000E+01
 -63.281  0.0000E+00  0.2000E+01
 -63.276  0.0000E+00  0.2000E+01
 -63.271  0.0000E+00  0.2000E+01
 -63.266  0.0000E+00  0.2000E+01
 -63.261  0.0000E+00  0.2000E+01
 -63.256  0.0000E+00  0.2000E+01
 -63.251  0.0000E+00  0.2000E+01
 -63.246  0.0000E+00  0.2000E+01
 -63.241  0.0000E+00  0.2000E+01
 -63.236  0.0000E+00  0.2000E+01
 -63.231  0.0000E+00  0.2000E+01
 -63.226  0.0000E+00  0.2000E+01
 -63.221  0.0000E+00  0.2000E+01
 -63.216  0.0000E+00  0.2000E+01
 -63.211  0.0000E+00  0.2000E+01
 -63.206  0.0000E+00  0.2000E+01
 -63.201  0.0000E+00  0.2000E+01
 -63.196  0.0000E+00  0.2000E+01
 -63.191  0.0000E+00  0.2000E+01
 -63.186  0.0000E+00  0.2000E+01
 -63.181  0.0000E+00  0.2000E+01
 -63.176  0.0000E+00  0.2000E+01
 -63.171  0.0000E+00  0.2000E+01
 -63.166  0.0000E+00  0.2000E+01
 -63.161  0.0000E+00  0.2000E+01
 -63.156  0.0000E+00  0.2000E+01
 -63.151  0.0000E+00  0.2000E+01
 -63.146  0.0000E+00  0.2000E+01
 -63.141  0.0000E+00  0.2000E+01
 -63.136  0.0000E+00  0.2000E+01
 -63.131  0.0000E+00  0.2000E+01
 -63.126  0.0000E+00  0.2000E+01
 -63.121  0.0000E+00  0.2000E+01
 -63.116  0.0000E+00  0.2000E+01
 -63.111  0.0000E+00  0.2000E+01
 -63.106  0.0000E+00  0.2000E+01
 -63.101  0.0000E+00  0.2000E+01
 -63.096  0.0000E+00  0.2000E+01
 -63.091  0.0000E+00  0.2000E+01
 -63.086  0.0000E+00  0.2000E+01
 -63.081  0.0000E+00  0.2000E+01
 -63.076  0.0000E+00  0.2000E+01
 -63.071  0.0000E+00  0.2000E+01
 -63.066  0.0000E+00  0.2000E+01
 -63.061  0.0000E+00  0.2000E+01
 -63.056  0.0000E+00  0.2000E+01
 -63.051  0.0000E+00  0.2000E+01
 -63.046  0.0000E+00  0.2000E+01
 -63.041  0.0000E+00  0.2000E+01
 -63.036  0.0000E+00  0.2000E+01
 -63.031  0.0000E+00  0.2000E+01
 -63.026  0.0000E+00  0.2000E+01
 -63.021  0.0000E+00  0.2000E+01
 -63.016  0.0000E+00  0.2000E+01
 -63.011  0.0000E+00  0.2000E+01
 -63.006  0.0000E+00  0.2000E+01
 -63.001  0.0000E+00  0.2000E+01
 -62.996  0.0000E+00  0.2000E+01
 -62.991  0.0000E+00  0.2000E+01
 -62.986  0.0000E+00  0.2000E+01
 -62.981  0.0000E+00  0.2000E+01
 -62.976  0.0000E+00  0.2000E+01
 -62.971  0.0000E+00  0.2000E+01
 -62.966  0.0000E+00  0.2000E+01
 -62.961  0.0000E+00  0.2000E+01
 -62.956  0.0000E+00  0.2000E+01
 -62.951  0.0000E+00  0.2000E+01
 -62.946  0.0000E+00  0.2000E+01
 -62.941  0.0000E+00  0.2000E+01
 -62.936  0.0000E+00  0.2000E+01
 -62.931  0.0000E+00  0.2000E+01
 -62.926  0.0000E+00  0.2000E+01
 -62.921  0.0000E+00  0.2000E+01
 -62.916  0.0000E+00  0.2000E+01
 -62.911  0.0000E+00  0.2000E+01
 -62.906  0.0000E+00  0.2000E+01
 -62.901  0.0000E+00  0.2000E+01
 -62.896  0.0000E+00  0.2000E+01
 -62.891  0.0000E+00  0.2000E+01
 -62.886  0.0000E+00  0.2000E+01
 -62.881  0.0000E+00  0.2000E+01
 -62.876  0.0000E+00  0.2000E+01
 -62.871  0.0000E+00  0.2000E+01
 -62.866  0.0000E+00  0.2000E+01
 -62.861  0.0000E+00  0.2000E+01
 -62.856  0.0000E+00  0.2000E+01
 -62.851  0.0000E+00  0.2000E+01
 -62.846  0.0000E+00  0.2000E+01
 -62.841  0.0000E+00  0.2000E+01
 -62.836  0.0000E+00  0.2000E+01
 -62.831  0.0000E+00  0.2000E+01
 -62.826  0.0000E+00  0.2000E+01
 -62.821  0.0000E+00  0.2000E+01
 -62.816  0.0000E+00  0.2000E+01
 -62.811  0.0000E+00  0.2000E+01
 -62.806  0.0000E+00  0.2000E+01
 -62.801  0.0000E+00  0.2000E+01
 -62.796  0.0000E+00  0.2000E+01
 -62.791  0.0000E+00  0.2000E+01
 -62.786  0.0000E+00  0.2000E+01
 -62.781  0.0000E+00  0.2000E+01
 -62.776  0.0000E+00  0.2000E+01
 -62.771  0.0000E+00  0.2000E+01
 -62.766  0.0000E+00  0.2000E+01
 -62.761  0.0000E+00  0.2000E+01
 -62.756  0.0000E+00  0.2000E+01
 -62.751  0.0000E+00  0.2000E+01
 -62.746  0.0000E+00  0.2000E+01
 -62.741  0.0000E+00  0.2000E+01
 -62.736  0.0000E+00  0.2000E+01
 -62.731  0.0000E+00  0.2000E+01
 -62.726  0.0000E+00  0.2000E+01
 -62.721  0.0000E+00  0.2000E+01
 -62.716  0.0000E+00  0.2000E+01
 -62.711  0.0000E+00  0.2000E+01
 -62.706  0.0000E+00  0.2000E+01
 -62.701  0.0000E+00  0.2000E+01
 -62.696  0.0000E+00  0.2000E+01
 -62.691  0.0000E+00  0.2000E+01
 -62.686  0.0000E+00  0.2000E+01
 -62.681  0.0000E+00  0.2000E+01
 -62.676  0.0000E+00  0.2000E+01
 -62.671  0.0000E+00  0.2000E+01
 -62.666  0.0000E+00  0.2000E+01
 -62.661  0.0000E+00  0.2000E+01
 -62.656  0.0000E+00  0.2000E+01
 -62.651  0.0000E+00  0.2000E+01
 -62.646  0.0000E+00  0.2000E+01
 -62.641  0.0000E+00  0.2000E+01
 -62.636  0.0000E+00  0.2000E+01
 -62.631  0.0000E+00  0.2000E+01
 -62.626  0.0000E+00  0.2000E+01
 -62.621  0.0000E+00  0.2000E+01
 -62.616  0.0000E+00  0.2000E+01
 -62.611  0.0000E+00  0.2000E+01
 -62.606  0.0000E+00  0.2000E+01
 -62.601  0.0000E+00  0.2000E+01
 -62.596  0.0000E+00  0.2000E+01
 -62.591  0.0000E+00  0.2000E+01
 -62.586  0.0000E+00  0.2000E+01
 -62.581  0.0000E+00  0.2000E+01
 -62.576  0.0000E+00  0.2000E+01
 -62.571  0.0000E+00  0.2000E+01
 -62.566  0.0000E+00  0.2000E+01
 -62.561  0.0000E+00  0.2000E+01
 -62.556  0.0000E+00  0.2000E+01
 -62.551  0.0000E+00  0.2000E+01
 -62.546  0.0000E+00  0.2000E+01
 -62.541  0.0000E+00  0.2000E+01
 -62.536  0.0000E+00  0.2000E+01
 -62.531  0.0000E+00  0.2000E+01
 -62.526  0.0000E+00  0.2000E+01
 -62.521  0.0000E+00  0.2000E+01
 -62.516  0.0000E+00  0.2000E+01
 -62.511  0.0000E+00  0.2000E+01
 -62.506  0.0000E+00  0.2000E+01
 -62.501  0.0000E+00  0.2000E+01
 -62.496  0.0000E+00  0.2000E+01
 -62.491  0.0000E+00  0.2000E+01
 -62.486  0.0000E+00  0.2000E+01
 -62.481  0.0000E+00  0.2000E+01
 -62.476  0.0000E+00  0.2000E+01
 -62.471  0.0000E+00  0.2000E+01
 -62.466  0.0000E+00  0.2000E+01
 -62.461  0.0000E+00  0.2000E+01
 -62.456  0.0000E+00  0.2000E+01
 -62.451  0.0000E+00  0.2000E+01
 -62.446  0.0000E+00  0.2000E+01
 -62.441  0.0000E+00  0.2000E+01
 -62.436  0.0000E+00  0.2000E+01
 -62.431  0.0000E+00  0.2000E+01
 -62.426  0.0000E+00  0.2000E+01
 -62.421  0.0000E+00  0.2000E+01
 -62.416  0.0000E+00  0.2000E+01
 -62.411  0.0000E+00  0.2000E+01
 -62.406  0.0000E+00  0.2000E+01
 -62.401  0.0000E+00  0.2000E+01
 -62.396  0.0000E+00  0.2000E+01
 -62.391  0.0000E+00  0.2000E+01
 -62.386  0.0000E+00  0.2000E+01
 -62.381  0.0000E+00  0.2000E+01
 -62.376  0.0000E+00  0.2000E+01
 -62.371  0.0000E+00  0.2000E+01
 -62.366  0.0000E+00  0.2000E+01
 -62.361  0.0000E+00  0.2000E+01
 -62.356  0.0000E+00  0.2000E+01
 -62.351  0.0000E+00  0.2000E+01
 -62.346  0.0000E+00  0.2000E+01
 -62.341  0.0000E+00  0.2000E+01
 -62.336  0.0000E+00  0.2000E+01
 -62.331  0.0000E+00  0.2000E+01
 -62.326  0.0000E+00  0.2000E+01
 -62.321  0.0000E+00  0.2000E+01
 -62.316  0.0000E+00  0.2000E+01
 -62.311  0.0000E+00  0.2000E+01
 -62.306  0.0000E+00  0.2000E+01
 -62.301  0.0000E+00  0.2000E+01
 -62.296  0.0000E+00  0.2000E+01
 -62.291  0.0000E+00  0.2000E+01
 -62.286  0.0000E+00  0.2000E+01
 -62.281  0.0000E+00  0.2000E+01
 -62.276  0.0000E+00  0.2000E+01
 -62.271  0.0000E+00  0.2000E+01
 -62.266  0.0000E+00  0.2000E+01
 -62.261  0.0000E+00  0.2000E+01
 -62.256  0.0000E+00  0.2000E+01
 -62.251  0.0000E+00  0.2000E+01
 -62.246  0.0000E+00  0.2000E+01
 -62.241  0.0000E+00  0.2000E+01
 -62.236  0.0000E+00  0.2000E+01
 -62.231  0.0000E+00  0.2000E+01
 -62.226  0.0000E+00  0.2000E+01
 -62.221  0.0000E+00  0.2000E+01
 -62.216  0.0000E+00  0.2000E+01
 -62.211  0.0000E+00  0.2000E+01
 -62.206  0.0000E+00  0.2000E+01
 -62.201  0.0000E+00  0.2000E+01
 -62.196  0.0000E+00  0.2000E+01
 -62.191  0.0000E+00  0.2000E+01
 -62.186  0.0000E+00  0.2000E+01
 -62.181  0.0000E+00  0.2000E+01
 -62.176  0.0000E+00  0.2000E+01
 -62.171  0.0000E+00  0.2000E+01
 -62.166  0.0000E+00  0.2000E+01
 -62.161  0.0000E+00  0.2000E+01
 -62.156  0.0000E+00  0.2000E+01
 -62.151  0.0000E+00  0.2000E+01
 -62.146  0.0000E+00  0.2000E+01
 -62.141  0.0000E+00  0.2000E+01
 -62.136  0.0000E+00  0.2000E+01
 -62.131  0.0000E+00  0.2000E+01
 -62.126  0.0000E+00  0.2000E+01
 -62.121  0.0000E+00  0.2000E+01
 -62.116  0.0000E+00  0.2000E+01
 -62.111  0.0000E+00  0.2000E+01
 -62.106  0.0000E+00  0.2000E+01
 -62.101  0.0000E+00  0.2000E+01
 -62.096  0.0000E+00  0.2000E+01
 -62.091  0.0000E+00  0.2000E+01
 -62.086  0.0000E+00  0.2000E+01
 -62.081  0.0000E+00  0.2000E+01
 -62.076  0.0000E+00  0.2000E+01
 -62.071  0.0000E+00  0.2000E+01
 -62.066  0.0000E+00  0.2000E+01
 -62.061  0.0000E+00  0.2000E+01
 -62.056  0.0000E+00  0.2000E+01
 -62.051  0.0000E+00  0.2000E+01
 -62.046  0.0000E+00  0.2000E+01
 -62.041  0.0000E+00  0.2000E+01
 -62.036  0.0000E+00  0.2000E+01
 -62.031  0.0000E+00  0.2000E+01
 -62.026  0.0000E+00  0.2000E+01
 -62.021  0.0000E+00  0.2000E+01
 -62.016  0.0000E+00  0.2000E+01
 -62.011  0.0000E+00  0.2000E+01
 -62.006  0.0000E+00  0.2000E+01
 -62.001  0.0000E+00  0.2000E+01
 -61.996  0.0000E+00  0.2000E+01
 -61.991  0.0000E+00  0.2000E+01
 -61.986  0.0000E+00  0.2000E+01
 -61.981  0.0000E+00  0.2000E+01
 -61.976  0.0000E+00  0.2000E+01
 -61.971  0.0000E+00  0.2000E+01
 -61.966  0.0000E+00  0.2000E+01
 -61.961  0.0000E+00  0.2000E+01
 -61.956  0.0000E+00  0.2000E+01
 -61.951  0.0000E+00  0.2000E+01
 -61.946  0.0000E+00  0.2000E+01
 -61.941  0.0000E+00  0.2000E+01
 -61.936  0.0000E+00  0.2000E+01
 -61.931  0.0000E+00  0.2000E+01
 -61.926  0.0000E+00  0.2000E+01
 -61.921  0.0000E+00  0.2000E+01
 -61.916  0.0000E+00  0.2000E+01
 -61.911  0.0000E+00  0.2000E+01
 -61.906  0.0000E+00  0.2000E+01
 -61.901  0.0000E+00  0.2000E+01
 -61.896  0.0000E+00  0.2000E+01
 -61.891  0.0000E+00  0.2000E+01
 -61.886  0.0000E+00  0.2000E+01
 -61.881  0.0000E+00  0.2000E+01
 -61.876  0.0000E+00  0.2000E+01
 -61.871  0.0000E+00  0.2000E+01
 -61.866  0.0000E+00  0.2000E+01
 -61.861  0.0000E+00  0.2000E+01
 -61.856  0.0000E+00  0.2000E+01
 -61.851  0.0000E+00  0.2000E+01
 -61.846  0.0000E+00  0.2000E+01
 -61.841  0.0000E+00  0.2000E+01
 -61.836  0.0000E+00  0.2000E+01
 -61.831  0.0000E+00  0.2000E+01
 -61.826  0.0000E+00  0.2000E+01
 -61.821  0.0000E+00  0.2000E+01
 -61.816  0.0000E+00  0.2000E+01
 -61.811  0.0000E+00  0.2000E+01
 -61.806  0.0000E+00  0.2000E+01
 -61.801  0.0000E+00  0.2000E+01
 -61.796  0.0000E+00  0.2000E+01
 -61.791  0.0000E+00  0.2000E+01
 -61.786  0.0000E+00  0.2000E+01
 -61.781  0.0000E+00  0.2000E+01
 -61.776  0.0000E+00  0.2000E+01
 -61.771  0.0000E+00  0.2000E+01
 -61.766  0.0000E+00  0.2000E+01
 -61.761  0.0000E+00  0.2000E+01
 -61.756  0.0000E+00  0.2000E+01
 -61.751  0.0000E+00  0.2000E+01
 -61.746  0.0000E+00  0.2000E+01
 -61.741  0.0000E+00  0.2000E+01
 -61.736  0.0000E+00  0.2000E+01
 -61.731  0.0000E+00  0.2000E+01
 -61.726  0.0000E+00  0.2000E+01
 -61.721  0.0000E+00  0.2000E+01
 -61.716  0.0000E+00  0.2000E+01
 -61.711  0.0000E+00  0.2000E+01
 -61.706  0.0000E+00  0.2000E+01
 -61.701  0.0000E+00  0.2000E+01
 -61.696  0.0000E+00  0.2000E+01
 -61.691  0.0000E+00  0.2000E+01
 -61.686  0.0000E+00  0.2000E+01
 -61.681  0.0000E+00  0.2000E+01
 -61.676  0.0000E+00  0.2000E+01
 -61.671  0.0000E+00  0.2000E+01
 -61.666  0.0000E+00  0.2000E+01
 -61.661  0.0000E+00  0.2000E+01
 -61.656  0.0000E+00  0.2000E+01
 -61.651  0.0000E+00  0.2000E+01
 -61.646  0.0000E+00  0.2000E+01
 -61.641  0.0000E+00  0.2000E+01
 -61.636  0.0000E+00  0.2000E+01
 -61.631  0.0000E+00  0.2000E+01
 -61.626  0.0000E+00  0.2000E+01
 -61.621  0.0000E+00  0.2000E+01
 -61.616  0.0000E+00  0.2000E+01
 -61.611  0.0000E+00  0.2000E+01
 -61.606  0.0000E+00  0.2000E+01
 -61.601  0.0000E+00  0.2000E+01
 -61.596  0.0000E+00  0.2000E+01
 -61.591  0.0000E+00  0.2000E+01
 -61.586  0.0000E+00  0.2000E+01
 -61.581  0.0000E+00  0.2000E+01
 -61.576  0.0000E+00  0.2000E+01
 -61.571  0.0000E+00  0.2000E+01
 -61.566  0.0000E+00  0.2000E+01
 -61.561  0.0000E+00  0.2000E+01
 -61.556  0.0000E+00  0.2000E+01
 -61.551  0.0000E+00  0.2000E+01
 -61.546  0.0000E+00  0.2000E+01
 -61.541  0.0000E+00  0.2000E+01
 -61.536  0.0000E+00  0.2000E+01
 -61.531  0.0000E+00  0.2000E+01
 -61.526  0.0000E+00  0.2000E+01
 -61.521  0.0000E+00  0.2000E+01
 -61.516  0.0000E+00  0.2000E+01
 -61.511  0.0000E+00  0.2000E+01
 -61.506  0.0000E+00  0.2000E+01
 -61.501  0.0000E+00  0.2000E+01
 -61.496  0.0000E+00  0.2000E+01
 -61.491  0.0000E+00  0.2000E+01
 -61.486  0.0000E+00  0.2000E+01
 -61.481  0.0000E+00  0.2000E+01
 -61.476  0.0000E+00  0.2000E+01
 -61.471  0.0000E+00  0.2000E+01
 -61.466  0.0000E+00  0.2000E+01
 -61.461  0.0000E+00  0.2000E+01
 -61.456  0.0000E+00  0.2000E+01
 -61.451  0.0000E+00  0.2000E+01
 -61.446  0.0000E+00  0.2000E+01
 -61.441  0.0000E+00  0.2000E+01
 -61.436  0.0000E+00  0.2000E+01
 -61.431  0.0000E+00  0.2000E+01
 -61.426  0.0000E+00  0.2000E+01
 -61.421  0.0000E+00  0.2000E+01
 -61.416  0.0000E+00  0.2000E+01
 -61.411  0.0000E+00  0.2000E+01
 -61.406  0.0000E+00  0.2000E+01
 -61.401  0.0000E+00  0.2000E+01
 -61.396  0.0000E+00  0.2000E+01
 -61.391  0.0000E+00  0.2000E+01
 -61.386  0.0000E+00  0.2000E+01
 -61.381  0.0000E+00  0.2000E+01
 -61.376  0.0000E+00  0.2000E+01
 -61.371  0.0000E+00  0.2000E+01
 -61.366  0.0000E+00  0.2000E+01
 -61.361  0.0000E+00  0.2000E+01
 -61.356  0.0000E+00  0.2000E+01
 -61.351  0.0000E+00  0.2000E+01
 -61.346  0.0000E+00  0.2000E+01
 -61.341  0.0000E+00  0.2000E+01
 -61.336  0.0000E+00  0.2000E+01
 -61.331  0.0000E+00  0.2000E+01
 -61.326  0.0000E+00  0.2000E+01
 -61.321  0.0000E+00  0.2000E+01
 -61.316  0.0000E+00  0.2000E+01
 -61.311  0.0000E+00  0.2000E+01
 -61.306  0.0000E+00  0.2000E+01
 -61.301  0.0000E+00  0.2000E+01
 -61.296  0.0000E+00  0.2000E+01
 -61.291  0.0000E+00  0.2000E+01
 -61.286  0.0000E+00  0.2000E+01
 -61.281  0.0000E+00  0.2000E+01
 -61.276  0.0000E+00  0.2000E+01
 -61.271  0.0000E+00  0.2000E+01
 -61.266  0.0000E+00  0.2000E+01
 -61.261  0.0000E+00  0.2000E+01
 -61.256  0.0000E+00  0.2000E+01
 -61.251  0.0000E+00  0.2000E+01
 -61.246  0.0000E+00  0.2000E+01
 -61.241  0.0000E+00  0.2000E+01
 -61.236  0.0000E+00  0.2000E+01
 -61.231  0.0000E+00  0.2000E+01
 -61.226  0.0000E+00  0.2000E+01
 -61.221  0.0000E+00  0.2000E+01
 -61.216  0.0000E+00  0.2000E+01
 -61.211  0.0000E+00  0.2000E+01
 -61.206  0.0000E+00  0.2000E+01
 -61.201  0.0000E+00  0.2000E+01
 -61.196  0.0000E+00  0.2000E+01
 -61.191  0.0000E+00  0.2000E+01
 -61.186  0.0000E+00  0.2000E+01
 -61.181  0.0000E+00  0.2000E+01
 -61.176  0.0000E+00  0.2000E+01
 -61.171  0.0000E+00  0.2000E+01
 -61.166  0.0000E+00  0.2000E+01
 -61.161  0.0000E+00  0.2000E+01
 -61.156  0.0000E+00  0.2000E+01
 -61.151  0.0000E+00  0.2000E+01
 -61.146  0.0000E+00  0.2000E+01
 -61.141  0.0000E+00  0.2000E+01
 -61.136  0.0000E+00  0.2000E+01
 -61.131  0.0000E+00  0.2000E+01
 -61.126  0.0000E+00  0.2000E+01
 -61.121  0.0000E+00  0.2000E+01
 -61.116  0.0000E+00  0.2000E+01
 -61.111  0.0000E+00  0.2000E+01
 -61.106  0.0000E+00  0.2000E+01
 -61.101  0.0000E+00  0.2000E+01
 -61.096  0.0000E+00  0.2000E+01
 -61.091  0.0000E+00  0.2000E+01
 -61.086  0.0000E+00  0.2000E+01
 -61.081  0.0000E+00  0.2000E+01
 -61.076  0.0000E+00  0.2000E+01
 -61.071  0.0000E+00  0.2000E+01
 -61.066  0.0000E+00  0.2000E+01
 -61.061  0.0000E+00  0.2000E+01
 -61.056  0.0000E+00  0.2000E+01
 -61.051  0.0000E+00  0.2000E+01
 -61.046  0.0000E+00  0.2000E+01
 -61.041  0.0000E+00  0.2000E+01
 -61.036  0.0000E+00  0.2000E+01
 -61.031  0.0000E+00  0.2000E+01
 -61.026  0.0000E+00  0.2000E+01
 -61.021  0.0000E+00  0.2000E+01
 -61.016  0.0000E+00  0.2000E+01
 -61.011  0.0000E+00  0.2000E+01
 -61.006  0.0000E+00  0.2000E+01
 -61.001  0.0000E+00  0.2000E+01
 -60.996  0.0000E+00  0.2000E+01
 -60.991  0.0000E+00  0.2000E+01
 -60.986  0.0000E+00  0.2000E+01
 -60.981  0.0000E+00  0.2000E+01
 -60.976  0.0000E+00  0.2000E+01
 -60.971  0.0000E+00  0.2000E+01
 -60.966  0.0000E+00  0.2000E+01
 -60.961  0.0000E+00  0.2000E+01
 -60.956  0.0000E+00  0.2000E+01
 -60.951  0.0000E+00  0.2000E+01
 -60.946  0.0000E+00  0.2000E+01
 -60.941  0.0000E+00  0.2000E+01
 -60.936  0.0000E+00  0.2000E+01
 -60.931  0.0000E+00  0.2000E+01
 -60.926  0.0000E+00  0.2000E+01
 -60.921  0.0000E+00  0.2000E+01
 -60.916  0.0000E+00  0.2000E+01
 -60.911  0.0000E+00  0.2000E+01
 -60.906  0.0000E+00  0.2000E+01
 -60.901  0.0000E+00  0.2000E+01
 -60.896  0.0000E+00  0.2000E+01
 -60.891  0.0000E+00  0.2000E+01
 -60.886  0.0000E+00  0.2000E+01
 -60.881  0.0000E+00  0.2000E+01
 -60.876  0.0000E+00  0.2000E+01
 -60.871  0.0000E+00  0.2000E+01
 -60.866  0.0000E+00  0.2000E+01
 -60.861  0.0000E+00  0.2000E+01
 -60.856  0.0000E+00  0.2000E+01
 -60.851  0.0000E+00  0.2000E+01
 -60.846  0.0000E+00  0.2000E+01
 -60.841  0.0000E+00  0.2000E+01
 -60.836  0.0000E+00  0.2000E+01
 -60.831  0.0000E+00  0.2000E+01
 -60.826  0.0000E+00  0.2000E+01
 -60.821  0.0000E+00  0.2000E+01
 -60.816  0.0000E+00  0.2000E+01
 -60.811  0.0000E+00  0.2000E+01
 -60.806  0.0000E+00  0.2000E+01
 -60.801  0.0000E+00  0.2000E+01
 -60.796  0.0000E+00  0.2000E+01
 -60.791  0.0000E+00  0.2000E+01
 -60.786  0.0000E+00  0.2000E+01
 -60.781  0.0000E+00  0.2000E+01
 -60.776  0.0000E+00  0.2000E+01
 -60.771  0.0000E+00  0.2000E+01
 -60.766  0.0000E+00  0.2000E+01
 -60.761  0.0000E+00  0.2000E+01
 -60.756  0.0000E+00  0.2000E+01
 -60.751  0.0000E+00  0.2000E+01
 -60.746  0.0000E+00  0.2000E+01
 -60.741  0.0000E+00  0.2000E+01
 -60.736  0.0000E+00  0.2000E+01
 -60.731  0.0000E+00  0.2000E+01
 -60.726  0.0000E+00  0.2000E+01
 -60.721  0.0000E+00  0.2000E+01
 -60.716  0.0000E+00  0.2000E+01
 -60.711  0.0000E+00  0.2000E+01
 -60.706  0.0000E+00  0.2000E+01
 -60.701  0.0000E+00  0.2000E+01
 -60.696  0.0000E+00  0.2000E+01
 -60.691  0.0000E+00  0.2000E+01
 -60.686  0.0000E+00  0.2000E+01
 -60.681  0.0000E+00  0.2000E+01
 -60.676  0.0000E+00  0.2000E+01
 -60.671  0.0000E+00  0.2000E+01
 -60.666  0.0000E+00  0.2000E+01
 -60.661  0.0000E+00  0.2000E+01
 -60.656  0.0000E+00  0.2000E+01
 -60.651  0.0000E+00  0.2000E+01
 -60.646  0.0000E+00  0.2000E+01
 -60.641  0.0000E+00  0.2000E+01
 -60.636  0.0000E+00  0.2000E+01
 -60.631  0.0000E+00  0.2000E+01
 -60.626  0.0000E+00  0.2000E+01
 -60.621  0.0000E+00  0.2000E+01
 -60.616  0.0000E+00  0.2000E+01
 -60.611  0.0000E+00  0.2000E+01
 -60.606  0.0000E+00  0.2000E+01
 -60.601  0.0000E+00  0.2000E+01
 -60.596  0.0000E+00  0.2000E+01
 -60.591  0.0000E+00  0.2000E+01
 -60.586  0.0000E+00  0.2000E+01
 -60.581  0.0000E+00  0.2000E+01
 -60.576  0.0000E+00  0.2000E+01
 -60.571  0.0000E+00  0.2000E+01
 -60.566  0.0000E+00  0.2000E+01
 -60.561  0.0000E+00  0.2000E+01
 -60.556  0.0000E+00  0.2000E+01
 -60.551  0.0000E+00  0.2000E+01
 -60.546  0.0000E+00  0.2000E+01
 -60.541  0.0000E+00  0.2000E+01
 -60.536  0.0000E+00  0.2000E+01
 -60.531  0.0000E+00  0.2000E+01
 -60.526  0.0000E+00  0.2000E+01
 -60.521  0.0000E+00  0.2000E+01
 -60.516  0.0000E+00  0.2000E+01
 -60.511  0.0000E+00  0.2000E+01
 -60.506  0.0000E+00  0.2000E+01
 -60.501  0.0000E+00  0.2000E+01
 -60.496  0.0000E+00  0.2000E+01
 -60.491  0.0000E+00  0.2000E+01
 -60.486  0.0000E+00  0.2000E+01
 -60.481  0.0000E+00  0.2000E+01
 -60.476  0.0000E+00  0.2000E+01
 -60.471  0.0000E+00  0.2000E+01
 -60.466  0.0000E+00  0.2000E+01
 -60.461  0.0000E+00  0.2000E+01
 -60.456  0.0000E+00  0.2000E+01
 -60.451  0.0000E+00  0.2000E+01
 -60.446  0.0000E+00  0.2000E+01
 -60.441  0.0000E+00  0.2000E+01
 -60.436  0.0000E+00  0.2000E+01
 -60.431  0.0000E+00  0.2000E+01
 -60.426  0.0000E+00  0.2000E+01
 -60.421  0.0000E+00  0.2000E+01
 -60.416  0.0000E+00  0.2000E+01
 -60.411  0.0000E+00  0.2000E+01
 -60.406  0.0000E+00  0.2000E+01
 -60.401  0.0000E+00  0.2000E+01
 -60.396  0.0000E+00  0.2000E+01
 -60.391  0.0000E+00  0.2000E+01
 -60.386  0.0000E+00  0.2000E+01
 -60.381  0.0000E+00  0.2000E+01
 -60.376  0.0000E+00  0.2000E+01
 -60.371  0.0000E+00  0.2000E+01
 -60.366  0.0000E+00  0.2000E+01
 -60.361  0.0000E+00  0.2000E+01
 -60.356  0.0000E+00  0.2000E+01
 -60.351  0.0000E+00  0.2000E+01
 -60.346  0.0000E+00  0.2000E+01
 -60.341  0.0000E+00  0.2000E+01
 -60.336  0.0000E+00  0.2000E+01
 -60.331  0.0000E+00  0.2000E+01
 -60.326  0.0000E+00  0.2000E+01
 -60.321  0.0000E+00  0.2000E+01
 -60.316  0.0000E+00  0.2000E+01
 -60.311  0.0000E+00  0.2000E+01
 -60.306  0.0000E+00  0.2000E+01
 -60.301  0.0000E+00  0.2000E+01
 -60.296  0.0000E+00  0.2000E+01
 -60.291  0.0000E+00  0.2000E+01
 -60.286  0.0000E+00  0.2000E+01
 -60.281  0.0000E+00  0.2000E+01
 -60.276  0.0000E+00  0.2000E+01
 -60.271  0.0000E+00  0.2000E+01
 -60.266  0.0000E+00  0.2000E+01
 -60.261  0.0000E+00  0.2000E+01
 -60.256  0.0000E+00  0.2000E+01
 -60.251  0.0000E+00  0.2000E+01
 -60.246  0.0000E+00  0.2000E+01
 -60.241  0.0000E+00  0.2000E+01
 -60.236  0.0000E+00  0.2000E+01
 -60.231  0.0000E+00  0.2000E+01
 -60.226  0.0000E+00  0.2000E+01
 -60.221  0.0000E+00  0.2000E+01
 -60.216  0.0000E+00  0.2000E+01
 -60.211  0.0000E+00  0.2000E+01
 -60.206  0.0000E+00  0.2000E+01
 -60.201  0.0000E+00  0.2000E+01
 -60.196  0.0000E+00  0.2000E+01
 -60.191  0.0000E+00  0.2000E+01
 -60.186  0.0000E+00  0.2000E+01
 -60.181  0.0000E+00  0.2000E+01
 -60.176  0.0000E+00  0.2000E+01
 -60.171  0.0000E+00  0.2000E+01
 -60.166  0.0000E+00  0.2000E+01
 -60.161  0.0000E+00  0.2000E+01
 -60.156  0.0000E+00  0.2000E+01
 -60.151  0.0000E+00  0.2000E+01
 -60.146  0.0000E+00  0.2000E+01
 -60.141  0.0000E+00  0.2000E+01
 -60.136  0.0000E+00  0.2000E+01
 -60.131  0.0000E+00  0.2000E+01
 -60.126  0.0000E+00  0.2000E+01
 -60.121  0.0000E+00  0.2000E+01
 -60.116  0.0000E+00  0.2000E+01
 -60.111  0.0000E+00  0.2000E+01
 -60.106  0.0000E+00  0.2000E+01
 -60.101  0.0000E+00  0.2000E+01
 -60.096  0.0000E+00  0.2000E+01
 -60.091  0.0000E+00  0.2000E+01
 -60.086  0.0000E+00  0.2000E+01
 -60.081  0.0000E+00  0.2000E+01
 -60.076  0.0000E+00  0.2000E+01
 -60.071  0.0000E+00  0.2000E+01
 -60.066  0.0000E+00  0.2000E+01
 -60.061  0.0000E+00  0.2000E+01
 -60.056  0.0000E+00  0.2000E+01
 -60.051  0.0000E+00  0.2000E+01
 -60.046  0.0000E+00  0.2000E+01
 -60.041  0.0000E+00  0.2000E+01
 -60.036  0.0000E+00  0.2000E+01
 -60.031  0.0000E+00  0.2000E+01
 -60.026  0.0000E+00  0.2000E+01
 -60.021  0.0000E+00  0.2000E+01
 -60.016  0.0000E+00  0.2000E+01
 -60.011  0.0000E+00  0.2000E+01
 -60.006  0.0000E+00  0.2000E+01
 -60.001  0.0000E+00  0.2000E+01
 -59.996  0.0000E+00  0.2000E+01
 -59.991  0.0000E+00  0.2000E+01
 -59.986  0.0000E+00  0.2000E+01
 -59.981  0.0000E+00  0.2000E+01
 -59.976  0.0000E+00  0.2000E+01
 -59.971  0.0000E+00  0.2000E+01
 -59.966  0.0000E+00  0.2000E+01
 -59.961  0.0000E+00  0.2000E+01
 -59.956  0.0000E+00  0.2000E+01
 -59.951  0.0000E+00  0.2000E+01
 -59.946  0.0000E+00  0.2000E+01
 -59.941  0.0000E+00  0.2000E+01
 -59.936  0.0000E+00  0.2000E+01
 -59.931  0.0000E+00  0.2000E+01
 -59.926  0.0000E+00  0.2000E+01
 -59.921  0.0000E+00  0.2000E+01
 -59.916  0.0000E+00  0.2000E+01
 -59.911  0.0000E+00  0.2000E+01
 -59.906  0.0000E+00  0.2000E+01
 -59.901  0.0000E+00  0.2000E+01
 -59.896  0.0000E+00  0.2000E+01
 -59.891  0.0000E+00  0.2000E+01
 -59.886  0.0000E+00  0.2000E+01
 -59.881  0.0000E+00  0.2000E+01
 -59.876  0.0000E+00  0.2000E+01
 -59.871  0.0000E+00  0.2000E+01
 -59.866  0.0000E+00  0.2000E+01
 -59.861  0.0000E+00  0.2000E+01
 -59.856  0.0000E+00  0.2000E+01
 -59.851  0.0000E+00  0.2000E+01
 -59.846  0.0000E+00  0.2000E+01
 -59.841  0.0000E+00  0.2000E+01
 -59.836  0.0000E+00  0.2000E+01
 -59.831  0.0000E+00  0.2000E+01
 -59.826  0.0000E+00  0.2000E+01
 -59.821  0.0000E+00  0.2000E+01
 -59.816  0.0000E+00  0.2000E+01
 -59.811  0.0000E+00  0.2000E+01
 -59.806  0.0000E+00  0.2000E+01
 -59.801  0.0000E+00  0.2000E+01
 -59.796  0.0000E+00  0.2000E+01
 -59.791  0.0000E+00  0.2000E+01
 -59.786  0.0000E+00  0.2000E+01
 -59.781  0.0000E+00  0.2000E+01
 -59.776  0.0000E+00  0.2000E+01
 -59.771  0.0000E+00  0.2000E+01
 -59.766  0.0000E+00  0.2000E+01
 -59.761  0.0000E+00  0.2000E+01
 -59.756  0.0000E+00  0.2000E+01
 -59.751  0.0000E+00  0.2000E+01
 -59.746  0.0000E+00  0.2000E+01
 -59.741  0.0000E+00  0.2000E+01
 -59.736  0.0000E+00  0.2000E+01
 -59.731  0.0000E+00  0.2000E+01
 -59.726  0.0000E+00  0.2000E+01
 -59.721  0.0000E+00  0.2000E+01
 -59.716  0.0000E+00  0.2000E+01
 -59.711  0.0000E+00  0.2000E+01
 -59.706  0.0000E+00  0.2000E+01
 -59.701  0.0000E+00  0.2000E+01
 -59.696  0.0000E+00  0.2000E+01
 -59.691  0.0000E+00  0.2000E+01
 -59.686  0.0000E+00  0.2000E+01
 -59.681  0.0000E+00  0.2000E+01
 -59.676  0.0000E+00  0.2000E+01
 -59.671  0.0000E+00  0.2000E+01
 -59.666  0.0000E+00  0.2000E+01
 -59.661  0.0000E+00  0.2000E+01
 -59.656  0.0000E+00  0.2000E+01
 -59.651  0.0000E+00  0.2000E+01
 -59.646  0.0000E+00  0.2000E+01
 -59.641  0.0000E+00  0.2000E+01
 -59.636  0.0000E+00  0.2000E+01
 -59.631  0.0000E+00  0.2000E+01
 -59.626  0.0000E+00  0.2000E+01
 -59.621  0.0000E+00  0.2000E+01
 -59.616  0.0000E+00  0.2000E+01
 -59.611  0.0000E+00  0.2000E+01
 -59.606  0.0000E+00  0.2000E+01
 -59.601  0.0000E+00  0.2000E+01
 -59.596  0.0000E+00  0.2000E+01
 -59.591  0.0000E+00  0.2000E+01
 -59.586  0.0000E+00  0.2000E+01
 -59.581  0.0000E+00  0.2000E+01
 -59.576  0.0000E+00  0.2000E+01
 -59.571  0.0000E+00  0.2000E+01
 -59.566  0.0000E+00  0.2000E+01
 -59.561  0.0000E+00  0.2000E+01
 -59.556  0.0000E+00  0.2000E+01
 -59.551  0.0000E+00  0.2000E+01
 -59.546  0.0000E+00  0.2000E+01
 -59.541  0.0000E+00  0.2000E+01
 -59.536  0.0000E+00  0.2000E+01
 -59.531  0.0000E+00  0.2000E+01
 -59.526  0.0000E+00  0.2000E+01
 -59.521  0.0000E+00  0.2000E+01
 -59.516  0.0000E+00  0.2000E+01
 -59.511  0.0000E+00  0.2000E+01
 -59.506  0.0000E+00  0.2000E+01
 -59.501  0.0000E+00  0.2000E+01
 -59.496  0.0000E+00  0.2000E+01
 -59.491  0.0000E+00  0.2000E+01
 -59.486  0.0000E+00  0.2000E+01
 -59.481  0.0000E+00  0.2000E+01
 -59.476  0.0000E+00  0.2000E+01
 -59.471  0.0000E+00  0.2000E+01
 -59.466  0.0000E+00  0.2000E+01
 -59.461  0.0000E+00  0.2000E+01
 -59.456  0.0000E+00  0.2000E+01
 -59.451  0.0000E+00  0.2000E+01
 -59.446  0.0000E+00  0.2000E+01
 -59.441  0.0000E+00  0.2000E+01
 -59.436  0.0000E+00  0.2000E+01
 -59.431  0.0000E+00  0.2000E+01
 -59.426  0.0000E+00  0.2000E+01
 -59.421  0.0000E+00  0.2000E+01
 -59.416  0.0000E+00  0.2000E+01
 -59.411  0.0000E+00  0.2000E+01
 -59.406  0.0000E+00  0.2000E+01
 -59.401  0.0000E+00  0.2000E+01
 -59.396  0.0000E+00  0.2000E+01
 -59.391  0.0000E+00  0.2000E+01
 -59.386  0.0000E+00  0.2000E+01
 -59.381  0.0000E+00  0.2000E+01
 -59.376  0.0000E+00  0.2000E+01
 -59.371  0.0000E+00  0.2000E+01
 -59.366  0.0000E+00  0.2000E+01
 -59.361  0.0000E+00  0.2000E+01
 -59.356  0.0000E+00  0.2000E+01
 -59.351  0.0000E+00  0.2000E+01
 -59.346  0.0000E+00  0.2000E+01
 -59.341  0.0000E+00  0.2000E+01
 -59.336  0.0000E+00  0.2000E+01
 -59.331  0.0000E+00  0.2000E+01
 -59.326  0.0000E+00  0.2000E+01
 -59.321  0.0000E+00  0.2000E+01
 -59.316  0.0000E+00  0.2000E+01
 -59.311  0.0000E+00  0.2000E+01
 -59.306  0.0000E+00  0.2000E+01
 -59.301  0.0000E+00  0.2000E+01
 -59.296  0.0000E+00  0.2000E+01
 -59.291  0.0000E+00  0.2000E+01
 -59.286  0.0000E+00  0.2000E+01
 -59.281  0.0000E+00  0.2000E+01
 -59.276  0.0000E+00  0.2000E+01
 -59.271  0.0000E+00  0.2000E+01
 -59.266  0.0000E+00  0.2000E+01
 -59.261  0.0000E+00  0.2000E+01
 -59.256  0.0000E+00  0.2000E+01
 -59.251  0.0000E+00  0.2000E+01
 -59.246  0.0000E+00  0.2000E+01
 -59.241  0.0000E+00  0.2000E+01
 -59.236  0.0000E+00  0.2000E+01
 -59.231  0.0000E+00  0.2000E+01
 -59.226  0.0000E+00  0.2000E+01
 -59.221  0.0000E+00  0.2000E+01
 -59.216  0.0000E+00  0.2000E+01
 -59.211  0.0000E+00  0.2000E+01
 -59.206  0.0000E+00  0.2000E+01
 -59.201  0.0000E+00  0.2000E+01
 -59.196  0.0000E+00  0.2000E+01
 -59.191  0.0000E+00  0.2000E+01
 -59.186  0.0000E+00  0.2000E+01
 -59.181  0.0000E+00  0.2000E+01
 -59.176  0.0000E+00  0.2000E+01
 -59.171  0.0000E+00  0.2000E+01
 -59.166  0.0000E+00  0.2000E+01
 -59.161  0.0000E+00  0.2000E+01
 -59.156  0.0000E+00  0.2000E+01
 -59.151  0.0000E+00  0.2000E+01
 -59.146  0.0000E+00  0.2000E+01
 -59.141  0.0000E+00  0.2000E+01
 -59.136  0.0000E+00  0.2000E+01
 -59.131  0.0000E+00  0.2000E+01
 -59.126  0.0000E+00  0.2000E+01
 -59.121  0.0000E+00  0.2000E+01
 -59.116  0.0000E+00  0.2000E+01
 -59.111  0.0000E+00  0.2000E+01
 -59.106  0.0000E+00  0.2000E+01
 -59.101  0.0000E+00  0.2000E+01
 -59.096  0.0000E+00  0.2000E+01
 -59.091  0.0000E+00  0.2000E+01
 -59.086  0.0000E+00  0.2000E+01
 -59.081  0.0000E+00  0.2000E+01
 -59.076  0.0000E+00  0.2000E+01
 -59.071  0.0000E+00  0.2000E+01
 -59.066  0.0000E+00  0.2000E+01
 -59.061  0.0000E+00  0.2000E+01
 -59.056  0.0000E+00  0.2000E+01
 -59.051  0.0000E+00  0.2000E+01
 -59.046  0.0000E+00  0.2000E+01
 -59.041  0.0000E+00  0.2000E+01
 -59.036  0.0000E+00  0.2000E+01
 -59.031  0.0000E+00  0.2000E+01
 -59.026  0.0000E+00  0.2000E+01
 -59.021  0.0000E+00  0.2000E+01
 -59.016  0.0000E+00  0.2000E+01
 -59.011  0.0000E+00  0.2000E+01
 -59.006  0.0000E+00  0.2000E+01
 -59.001  0.0000E+00  0.2000E+01
 -58.996  0.0000E+00  0.2000E+01
 -58.991  0.0000E+00  0.2000E+01
 -58.986  0.0000E+00  0.2000E+01
 -58.981  0.0000E+00  0.2000E+01
 -58.976  0.0000E+00  0.2000E+01
 -58.971  0.0000E+00  0.2000E+01
 -58.966  0.0000E+00  0.2000E+01
 -58.961  0.0000E+00  0.2000E+01
 -58.956  0.0000E+00  0.2000E+01
 -58.951  0.0000E+00  0.2000E+01
 -58.946  0.0000E+00  0.2000E+01
 -58.941  0.0000E+00  0.2000E+01
 -58.936  0.0000E+00  0.2000E+01
 -58.931  0.0000E+00  0.2000E+01
 -58.926  0.0000E+00  0.2000E+01
 -58.921  0.0000E+00  0.2000E+01
 -58.916  0.0000E+00  0.2000E+01
 -58.911  0.0000E+00  0.2000E+01
 -58.906  0.0000E+00  0.2000E+01
 -58.901  0.0000E+00  0.2000E+01
 -58.896  0.0000E+00  0.2000E+01
 -58.891  0.0000E+00  0.2000E+01
 -58.886  0.0000E+00  0.2000E+01
 -58.881  0.0000E+00  0.2000E+01
 -58.876  0.0000E+00  0.2000E+01
 -58.871  0.0000E+00  0.2000E+01
 -58.866  0.0000E+00  0.2000E+01
 -58.861  0.0000E+00  0.2000E+01
 -58.856  0.0000E+00  0.2000E+01
 -58.851  0.0000E+00  0.2000E+01
 -58.846  0.0000E+00  0.2000E+01
 -58.841  0.0000E+00  0.2000E+01
 -58.836  0.0000E+00  0.2000E+01
 -58.831  0.0000E+00  0.2000E+01
 -58.826  0.0000E+00  0.2000E+01
 -58.821  0.0000E+00  0.2000E+01
 -58.816  0.0000E+00  0.2000E+01
 -58.811  0.0000E+00  0.2000E+01
 -58.806  0.0000E+00  0.2000E+01
 -58.801  0.0000E+00  0.2000E+01
 -58.796  0.0000E+00  0.2000E+01
 -58.791  0.0000E+00  0.2000E+01
 -58.786  0.0000E+00  0.2000E+01
 -58.781  0.0000E+00  0.2000E+01
 -58.776  0.0000E+00  0.2000E+01
 -58.771  0.0000E+00  0.2000E+01
 -58.766  0.0000E+00  0.2000E+01
 -58.761  0.0000E+00  0.2000E+01
 -58.756  0.0000E+00  0.2000E+01
 -58.751  0.0000E+00  0.2000E+01
 -58.746  0.0000E+00  0.2000E+01
 -58.741  0.0000E+00  0.2000E+01
 -58.736  0.0000E+00  0.2000E+01
 -58.731  0.0000E+00  0.2000E+01
 -58.726  0.0000E+00  0.2000E+01
 -58.721  0.0000E+00  0.2000E+01
 -58.716  0.0000E+00  0.2000E+01
 -58.711  0.0000E+00  0.2000E+01
 -58.706  0.0000E+00  0.2000E+01
 -58.701  0.0000E+00  0.2000E+01
 -58.696  0.0000E+00  0.2000E+01
 -58.691  0.0000E+00  0.2000E+01
 -58.686  0.0000E+00  0.2000E+01
 -58.681  0.0000E+00  0.2000E+01
 -58.676  0.0000E+00  0.2000E+01
 -58.671  0.0000E+00  0.2000E+01
 -58.666  0.0000E+00  0.2000E+01
 -58.661  0.0000E+00  0.2000E+01
 -58.656  0.0000E+00  0.2000E+01
 -58.651  0.0000E+00  0.2000E+01
 -58.646  0.0000E+00  0.2000E+01
 -58.641  0.0000E+00  0.2000E+01
 -58.636  0.0000E+00  0.2000E+01
 -58.631  0.0000E+00  0.2000E+01
 -58.626  0.0000E+00  0.2000E+01
 -58.621  0.0000E+00  0.2000E+01
 -58.616  0.0000E+00  0.2000E+01
 -58.611  0.0000E+00  0.2000E+01
 -58.606  0.0000E+00  0.2000E+01
 -58.601  0.0000E+00  0.2000E+01
 -58.596  0.0000E+00  0.2000E+01
 -58.591  0.0000E+00  0.2000E+01
 -58.586  0.0000E+00  0.2000E+01
 -58.581  0.0000E+00  0.2000E+01
 -58.576  0.0000E+00  0.2000E+01
 -58.571  0.0000E+00  0.2000E+01
 -58.566  0.0000E+00  0.2000E+01
 -58.561  0.0000E+00  0.2000E+01
 -58.556  0.0000E+00  0.2000E+01
 -58.551  0.0000E+00  0.2000E+01
 -58.546  0.0000E+00  0.2000E+01
 -58.541  0.0000E+00  0.2000E+01
 -58.536  0.0000E+00  0.2000E+01
 -58.531  0.0000E+00  0.2000E+01
 -58.526  0.0000E+00  0.2000E+01
 -58.521  0.0000E+00  0.2000E+01
 -58.516  0.0000E+00  0.2000E+01
 -58.511  0.0000E+00  0.2000E+01
 -58.506  0.0000E+00  0.2000E+01
 -58.501  0.0000E+00  0.2000E+01
 -58.496  0.0000E+00  0.2000E+01
 -58.491  0.0000E+00  0.2000E+01
 -58.486  0.0000E+00  0.2000E+01
 -58.481  0.0000E+00  0.2000E+01
 -58.476  0.0000E+00  0.2000E+01
 -58.471  0.0000E+00  0.2000E+01
 -58.466  0.0000E+00  0.2000E+01
 -58.461  0.0000E+00  0.2000E+01
 -58.456  0.0000E+00  0.2000E+01
 -58.451  0.0000E+00  0.2000E+01
 -58.446  0.0000E+00  0.2000E+01
 -58.441  0.0000E+00  0.2000E+01
 -58.436  0.0000E+00  0.2000E+01
 -58.431  0.0000E+00  0.2000E+01
 -58.426  0.0000E+00  0.2000E+01
 -58.421  0.0000E+00  0.2000E+01
 -58.416  0.0000E+00  0.2000E+01
 -58.411  0.0000E+00  0.2000E+01
 -58.406  0.0000E+00  0.2000E+01
 -58.401  0.0000E+00  0.2000E+01
 -58.396  0.0000E+00  0.2000E+01
 -58.391  0.0000E+00  0.2000E+01
 -58.386  0.0000E+00  0.2000E+01
 -58.381  0.0000E+00  0.2000E+01
 -58.376  0.0000E+00  0.2000E+01
 -58.371  0.0000E+00  0.2000E+01
 -58.366  0.0000E+00  0.2000E+01
 -58.361  0.0000E+00  0.2000E+01
 -58.356  0.0000E+00  0.2000E+01
 -58.351  0.0000E+00  0.2000E+01
 -58.346  0.0000E+00  0.2000E+01
 -58.341  0.0000E+00  0.2000E+01
 -58.336  0.0000E+00  0.2000E+01
 -58.331  0.0000E+00  0.2000E+01
 -58.326  0.0000E+00  0.2000E+01
 -58.321  0.0000E+00  0.2000E+01
 -58.316  0.0000E+00  0.2000E+01
 -58.311  0.0000E+00  0.2000E+01
 -58.306  0.0000E+00  0.2000E+01
 -58.301  0.0000E+00  0.2000E+01
 -58.296  0.0000E+00  0.2000E+01
 -58.291  0.0000E+00  0.2000E+01
 -58.286  0.0000E+00  0.2000E+01
 -58.281  0.0000E+00  0.2000E+01
 -58.276  0.0000E+00  0.2000E+01
 -58.271  0.0000E+00  0.2000E+01
 -58.266  0.0000E+00  0.2000E+01
 -58.261  0.0000E+00  0.2000E+01
 -58.256  0.0000E+00  0.2000E+01
 -58.251  0.0000E+00  0.2000E+01
 -58.246  0.0000E+00  0.2000E+01
 -58.241  0.0000E+00  0.2000E+01
 -58.236  0.0000E+00  0.2000E+01
 -58.231  0.0000E+00  0.2000E+01
 -58.226  0.0000E+00  0.2000E+01
 -58.221  0.0000E+00  0.2000E+01
 -58.216  0.0000E+00  0.2000E+01
 -58.211  0.0000E+00  0.2000E+01
 -58.206  0.0000E+00  0.2000E+01
 -58.201  0.0000E+00  0.2000E+01
 -58.196  0.0000E+00  0.2000E+01
 -58.191  0.0000E+00  0.2000E+01
 -58.186  0.0000E+00  0.2000E+01
 -58.181  0.0000E+00  0.2000E+01
 -58.176  0.0000E+00  0.2000E+01
 -58.171  0.0000E+00  0.2000E+01
 -58.166  0.0000E+00  0.2000E+01
 -58.161  0.0000E+00  0.2000E+01
 -58.156  0.0000E+00  0.2000E+01
 -58.151  0.0000E+00  0.2000E+01
 -58.146  0.0000E+00  0.2000E+01
 -58.141  0.0000E+00  0.2000E+01
 -58.136  0.0000E+00  0.2000E+01
 -58.131  0.0000E+00  0.2000E+01
 -58.126  0.0000E+00  0.2000E+01
 -58.121  0.0000E+00  0.2000E+01
 -58.116  0.0000E+00  0.2000E+01
 -58.111  0.0000E+00  0.2000E+01
 -58.106  0.0000E+00  0.2000E+01
 -58.101  0.0000E+00  0.2000E+01
 -58.096  0.0000E+00  0.2000E+01
 -58.091  0.0000E+00  0.2000E+01
 -58.086  0.0000E+00  0.2000E+01
 -58.081  0.0000E+00  0.2000E+01
 -58.076  0.0000E+00  0.2000E+01
 -58.071  0.0000E+00  0.2000E+01
 -58.066  0.0000E+00  0.2000E+01
 -58.061  0.0000E+00  0.2000E+01
 -58.056  0.0000E+00  0.2000E+01
 -58.051  0.0000E+00  0.2000E+01
 -58.046  0.0000E+00  0.2000E+01
 -58.041  0.0000E+00  0.2000E+01
 -58.036  0.0000E+00  0.2000E+01
 -58.031  0.0000E+00  0.2000E+01
 -58.026  0.0000E+00  0.2000E+01
 -58.021  0.0000E+00  0.2000E+01
 -58.016  0.0000E+00  0.2000E+01
 -58.011  0.0000E+00  0.2000E+01
 -58.006  0.0000E+00  0.2000E+01
 -58.001  0.0000E+00  0.2000E+01
 -57.996  0.0000E+00  0.2000E+01
 -57.991  0.0000E+00  0.2000E+01
 -57.986  0.0000E+00  0.2000E+01
 -57.981  0.0000E+00  0.2000E+01
 -57.976  0.0000E+00  0.2000E+01
 -57.971  0.0000E+00  0.2000E+01
 -57.966  0.0000E+00  0.2000E+01
 -57.961  0.0000E+00  0.2000E+01
 -57.956  0.0000E+00  0.2000E+01
 -57.951  0.0000E+00  0.2000E+01
 -57.946  0.0000E+00  0.2000E+01
 -57.941  0.0000E+00  0.2000E+01
 -57.936  0.0000E+00  0.2000E+01
 -57.931  0.0000E+00  0.2000E+01
 -57.926  0.0000E+00  0.2000E+01
 -57.921  0.0000E+00  0.2000E+01
 -57.916  0.0000E+00  0.2000E+01
 -57.911  0.0000E+00  0.2000E+01
 -57.906  0.0000E+00  0.2000E+01
 -57.901  0.0000E+00  0.2000E+01
 -57.896  0.0000E+00  0.2000E+01
 -57.891  0.0000E+00  0.2000E+01
 -57.886  0.0000E+00  0.2000E+01
 -57.881  0.0000E+00  0.2000E+01
 -57.876  0.0000E+00  0.2000E+01
 -57.871  0.0000E+00  0.2000E+01
 -57.866  0.0000E+00  0.2000E+01
 -57.861  0.0000E+00  0.2000E+01
 -57.856  0.0000E+00  0.2000E+01
 -57.851  0.0000E+00  0.2000E+01
 -57.846  0.0000E+00  0.2000E+01
 -57.841  0.0000E+00  0.2000E+01
 -57.836  0.0000E+00  0.2000E+01
 -57.831  0.0000E+00  0.2000E+01
 -57.826  0.0000E+00  0.2000E+01
 -57.821  0.0000E+00  0.2000E+01
 -57.816  0.0000E+00  0.2000E+01
 -57.811  0.0000E+00  0.2000E+01
 -57.806  0.0000E+00  0.2000E+01
 -57.801  0.0000E+00  0.2000E+01
 -57.796  0.0000E+00  0.2000E+01
 -57.791  0.0000E+00  0.2000E+01
 -57.786  0.0000E+00  0.2000E+01
 -57.781  0.0000E+00  0.2000E+01
 -57.776  0.0000E+00  0.2000E+01
 -57.771  0.0000E+00  0.2000E+01
 -57.766  0.0000E+00  0.2000E+01
 -57.761  0.0000E+00  0.2000E+01
 -57.756  0.0000E+00  0.2000E+01
 -57.751  0.0000E+00  0.2000E+01
 -57.746  0.0000E+00  0.2000E+01
 -57.741  0.0000E+00  0.2000E+01
 -57.736  0.0000E+00  0.2000E+01
 -57.731  0.0000E+00  0.2000E+01
 -57.726  0.0000E+00  0.2000E+01
 -57.721  0.0000E+00  0.2000E+01
 -57.716  0.0000E+00  0.2000E+01
 -57.711  0.0000E+00  0.2000E+01
 -57.706  0.0000E+00  0.2000E+01
 -57.701  0.0000E+00  0.2000E+01
 -57.696  0.0000E+00  0.2000E+01
 -57.691  0.0000E+00  0.2000E+01
 -57.686  0.0000E+00  0.2000E+01
 -57.681  0.0000E+00  0.2000E+01
 -57.676  0.0000E+00  0.2000E+01
 -57.671  0.0000E+00  0.2000E+01
 -57.666  0.0000E+00  0.2000E+01
 -57.661  0.0000E+00  0.2000E+01
 -57.656  0.0000E+00  0.2000E+01
 -57.651  0.0000E+00  0.2000E+01
 -57.646  0.0000E+00  0.2000E+01
 -57.641  0.0000E+00  0.2000E+01
 -57.636  0.0000E+00  0.2000E+01
 -57.631  0.0000E+00  0.2000E+01
 -57.626  0.0000E+00  0.2000E+01
 -57.621  0.0000E+00  0.2000E+01
 -57.616  0.0000E+00  0.2000E+01
 -57.611  0.0000E+00  0.2000E+01
 -57.606  0.0000E+00  0.2000E+01
 -57.601  0.0000E+00  0.2000E+01
 -57.596  0.0000E+00  0.2000E+01
 -57.591  0.0000E+00  0.2000E+01
 -57.586  0.0000E+00  0.2000E+01
 -57.581  0.0000E+00  0.2000E+01
 -57.576  0.0000E+00  0.2000E+01
 -57.571  0.0000E+00  0.2000E+01
 -57.566  0.0000E+00  0.2000E+01
 -57.561  0.0000E+00  0.2000E+01
 -57.556  0.0000E+00  0.2000E+01
 -57.551  0.0000E+00  0.2000E+01
 -57.546  0.0000E+00  0.2000E+01
 -57.541  0.0000E+00  0.2000E+01
 -57.536  0.0000E+00  0.2000E+01
 -57.531  0.0000E+00  0.2000E+01
 -57.526  0.0000E+00  0.2000E+01
 -57.521  0.0000E+00  0.2000E+01
 -57.516  0.0000E+00  0.2000E+01
 -57.511  0.0000E+00  0.2000E+01
 -57.506  0.0000E+00  0.2000E+01
 -57.501  0.0000E+00  0.2000E+01
 -57.496  0.0000E+00  0.2000E+01
 -57.491  0.0000E+00  0.2000E+01
 -57.486  0.0000E+00  0.2000E+01
 -57.481  0.0000E+00  0.2000E+01
 -57.476  0.0000E+00  0.2000E+01
 -57.471  0.0000E+00  0.2000E+01
 -57.466  0.0000E+00  0.2000E+01
 -57.461  0.0000E+00  0.2000E+01
 -57.456  0.0000E+00  0.2000E+01
 -57.451  0.0000E+00  0.2000E+01
 -57.446  0.0000E+00  0.2000E+01
 -57.441  0.0000E+00  0.2000E+01
 -57.436  0.0000E+00  0.2000E+01
 -57.431  0.0000E+00  0.2000E+01
 -57.426  0.0000E+00  0.2000E+01
 -57.421  0.0000E+00  0.2000E+01
 -57.416  0.0000E+00  0.2000E+01
 -57.411  0.0000E+00  0.2000E+01
 -57.406  0.0000E+00  0.2000E+01
 -57.401  0.0000E+00  0.2000E+01
 -57.396  0.0000E+00  0.2000E+01
 -57.391  0.0000E+00  0.2000E+01
 -57.386  0.0000E+00  0.2000E+01
 -57.381  0.0000E+00  0.2000E+01
 -57.376  0.0000E+00  0.2000E+01
 -57.371  0.0000E+00  0.2000E+01
 -57.366  0.0000E+00  0.2000E+01
 -57.361  0.0000E+00  0.2000E+01
 -57.356  0.0000E+00  0.2000E+01
 -57.351  0.0000E+00  0.2000E+01
 -57.346  0.0000E+00  0.2000E+01
 -57.341  0.0000E+00  0.2000E+01
 -57.336  0.0000E+00  0.2000E+01
 -57.331  0.0000E+00  0.2000E+01
 -57.326  0.0000E+00  0.2000E+01
 -57.321  0.0000E+00  0.2000E+01
 -57.316  0.0000E+00  0.2000E+01
 -57.311  0.0000E+00  0.2000E+01
 -57.306  0.0000E+00  0.2000E+01
 -57.301  0.0000E+00  0.2000E+01
 -57.296  0.0000E+00  0.2000E+01
 -57.291  0.0000E+00  0.2000E+01
 -57.286  0.0000E+00  0.2000E+01
 -57.281  0.0000E+00  0.2000E+01
 -57.276  0.0000E+00  0.2000E+01
 -57.271  0.0000E+00  0.2000E+01
 -57.266  0.0000E+00  0.2000E+01
 -57.261  0.0000E+00  0.2000E+01
 -57.256  0.0000E+00  0.2000E+01
 -57.251  0.0000E+00  0.2000E+01
 -57.246  0.0000E+00  0.2000E+01
 -57.241  0.0000E+00  0.2000E+01
 -57.236  0.0000E+00  0.2000E+01
 -57.231  0.0000E+00  0.2000E+01
 -57.226  0.0000E+00  0.2000E+01
 -57.221  0.0000E+00  0.2000E+01
 -57.216  0.0000E+00  0.2000E+01
 -57.211  0.0000E+00  0.2000E+01
 -57.206  0.0000E+00  0.2000E+01
 -57.201  0.0000E+00  0.2000E+01
 -57.196  0.0000E+00  0.2000E+01
 -57.191  0.0000E+00  0.2000E+01
 -57.186  0.0000E+00  0.2000E+01
 -57.181  0.0000E+00  0.2000E+01
 -57.176  0.0000E+00  0.2000E+01
 -57.171  0.0000E+00  0.2000E+01
 -57.166  0.0000E+00  0.2000E+01
 -57.161  0.0000E+00  0.2000E+01
 -57.156  0.0000E+00  0.2000E+01
 -57.151  0.0000E+00  0.2000E+01
 -57.146  0.0000E+00  0.2000E+01
 -57.141  0.0000E+00  0.2000E+01
 -57.136  0.0000E+00  0.2000E+01
 -57.131  0.0000E+00  0.2000E+01
 -57.126  0.0000E+00  0.2000E+01
 -57.121  0.0000E+00  0.2000E+01
 -57.116  0.0000E+00  0.2000E+01
 -57.111  0.0000E+00  0.2000E+01
 -57.106  0.0000E+00  0.2000E+01
 -57.101  0.0000E+00  0.2000E+01
 -57.096  0.0000E+00  0.2000E+01
 -57.091  0.0000E+00  0.2000E+01
 -57.086  0.0000E+00  0.2000E+01
 -57.081  0.0000E+00  0.2000E+01
 -57.076  0.0000E+00  0.2000E+01
 -57.071  0.0000E+00  0.2000E+01
 -57.066  0.0000E+00  0.2000E+01
 -57.061  0.0000E+00  0.2000E+01
 -57.056  0.0000E+00  0.2000E+01
 -57.051  0.0000E+00  0.2000E+01
 -57.046  0.0000E+00  0.2000E+01
 -57.041  0.0000E+00  0.2000E+01
 -57.036  0.0000E+00  0.2000E+01
 -57.031  0.0000E+00  0.2000E+01
 -57.026  0.0000E+00  0.2000E+01
 -57.021  0.0000E+00  0.2000E+01
 -57.016  0.0000E+00  0.2000E+01
 -57.011  0.0000E+00  0.2000E+01
 -57.006  0.0000E+00  0.2000E+01
 -57.001  0.0000E+00  0.2000E+01
 -56.996  0.0000E+00  0.2000E+01
 -56.991  0.0000E+00  0.2000E+01
 -56.986  0.0000E+00  0.2000E+01
 -56.981  0.0000E+00  0.2000E+01
 -56.976  0.0000E+00  0.2000E+01
 -56.971  0.0000E+00  0.2000E+01
 -56.966  0.0000E+00  0.2000E+01
 -56.961  0.0000E+00  0.2000E+01
 -56.956  0.0000E+00  0.2000E+01
 -56.951  0.0000E+00  0.2000E+01
 -56.946  0.0000E+00  0.2000E+01
 -56.941  0.0000E+00  0.2000E+01
 -56.936  0.0000E+00  0.2000E+01
 -56.931  0.0000E+00  0.2000E+01
 -56.926  0.0000E+00  0.2000E+01
 -56.921  0.0000E+00  0.2000E+01
 -56.916  0.0000E+00  0.8000E+01
 -56.911  0.0000E+00  0.8000E+01
 -56.906  0.0000E+00  0.8000E+01
 -56.901  0.0000E+00  0.8000E+01
 -56.896  0.0000E+00  0.8000E+01
 -56.891  0.0000E+00  0.8000E+01
 -56.886  0.0000E+00  0.8000E+01
 -56.881  0.0000E+00  0.8000E+01
 -56.876  0.0000E+00  0.8000E+01
 -56.871  0.0000E+00  0.8000E+01
 -56.866  0.0000E+00  0.8000E+01
 -56.861  0.0000E+00  0.8000E+01
 -56.856  0.0000E+00  0.8000E+01
 -56.851  0.0000E+00  0.8000E+01
 -56.846  0.0000E+00  0.8000E+01
 -56.841  0.0000E+00  0.8000E+01
 -56.836  0.0000E+00  0.8000E+01
 -56.831  0.0000E+00  0.8000E+01
 -56.826  0.0000E+00  0.8000E+01
 -56.821  0.0000E+00  0.8000E+01
 -56.816  0.0000E+00  0.8000E+01
 -56.811  0.0000E+00  0.8000E+01
 -56.806  0.0000E+00  0.8000E+01
 -56.801  0.0000E+00  0.8000E+01
 -56.796  0.0000E+00  0.8000E+01
 -56.791  0.0000E+00  0.8000E+01
 -56.786  0.0000E+00  0.8000E+01
 -56.781  0.0000E+00  0.8000E+01
 -56.776  0.0000E+00  0.8000E+01
 -56.771  0.0000E+00  0.8000E+01
 -56.766  0.0000E+00  0.8000E+01
 -56.761  0.0000E+00  0.8000E+01
 -56.756  0.0000E+00  0.8000E+01
 -56.751  0.0000E+00  0.8000E+01
 -56.746  0.0000E+00  0.8000E+01
 -56.741  0.0000E+00  0.8000E+01
 -56.736  0.0000E+00  0.8000E+01
 -56.731  0.0000E+00  0.8000E+01
 -56.726  0.0000E+00  0.8000E+01
 -56.721  0.0000E+00  0.8000E+01
 -56.716  0.0000E+00  0.8000E+01
 -56.711  0.0000E+00  0.8000E+01
 -56.706  0.0000E+00  0.8000E+01
 -56.701  0.0000E+00  0.8000E+01
 -56.696  0.0000E+00  0.8000E+01
 -56.691  0.0000E+00  0.8000E+01
 -56.686  0.0000E+00  0.8000E+01
 -56.681  0.0000E+00  0.8000E+01
 -56.676  0.0000E+00  0.8000E+01
 -56.671  0.0000E+00  0.8000E+01
 -56.666  0.0000E+00  0.8000E+01
 -56.661  0.0000E+00  0.8000E+01
 -56.656  0.0000E+00  0.8000E+01
 -56.651  0.0000E+00  0.8000E+01
 -56.646  0.0000E+00  0.8000E+01
 -56.641  0.0000E+00  0.8000E+01
 -56.636  0.0000E+00  0.8000E+01
 -56.631  0.0000E+00  0.8000E+01
 -56.626  0.0000E+00  0.8000E+01
 -56.621  0.0000E+00  0.8000E+01
 -56.616  0.0000E+00  0.8000E+01
 -56.611  0.0000E+00  0.8000E+01
 -56.606  0.0000E+00  0.8000E+01
 -56.601  0.0000E+00  0.8000E+01
 -56.596  0.0000E+00  0.8000E+01
 -56.591  0.0000E+00  0.8000E+01
 -56.586  0.0000E+00  0.8000E+01
 -56.581  0.0000E+00  0.8000E+01
 -56.576  0.0000E+00  0.8000E+01
 -56.571  0.0000E+00  0.8000E+01
 -56.566  0.0000E+00  0.8000E+01
 -56.561  0.0000E+00  0.8000E+01
 -56.556  0.0000E+00  0.8000E+01
 -56.551  0.0000E+00  0.8000E+01
 -56.546  0.0000E+00  0.8000E+01
 -56.541  0.0000E+00  0.8000E+01
 -56.536  0.0000E+00  0.8000E+01
 -56.531  0.0000E+00  0.8000E+01
 -56.526  0.0000E+00  0.8000E+01
 -56.521  0.0000E+00  0.8000E+01
 -56.516  0.0000E+00  0.8000E+01
 -56.511  0.0000E+00  0.8000E+01
 -56.506  0.0000E+00  0.8000E+01
 -56.501  0.0000E+00  0.8000E+01
 -56.496  0.0000E+00  0.8000E+01
 -56.491  0.0000E+00  0.8000E+01
 -56.486  0.0000E+00  0.8000E+01
 -56.481  0.0000E+00  0.8000E+01
 -56.476  0.0000E+00  0.8000E+01
 -56.471  0.0000E+00  0.8000E+01
 -56.466  0.0000E+00  0.8000E+01
 -56.461  0.0000E+00  0.8000E+01
 -56.456  0.0000E+00  0.8000E+01
 -56.451  0.0000E+00  0.8000E+01
 -56.446  0.0000E+00  0.8000E+01
 -56.441  0.0000E+00  0.8000E+01
 -56.436  0.0000E+00  0.8000E+01
 -56.431  0.0000E+00  0.8000E+01
 -56.426  0.0000E+00  0.8000E+01
 -56.421  0.0000E+00  0.8000E+01
 -56.416  0.0000E+00  0.8000E+01
 -56.411  0.0000E+00  0.8000E+01
 -56.406  0.0000E+00  0.8000E+01
 -56.401  0.0000E+00  0.8000E+01
 -56.396  0.0000E+00  0.8000E+01
 -56.391  0.0000E+00  0.8000E+01
 -56.386  0.0000E+00  0.8000E+01
 -56.381  0.0000E+00  0.8000E+01
 -56.376  0.0000E+00  0.8000E+01
 -56.371  0.0000E+00  0.8000E+01
 -56.366  0.0000E+00  0.8000E+01
 -56.361  0.0000E+00  0.8000E+01
 -56.356  0.0000E+00  0.8000E+01
 -56.351  0.0000E+00  0.8000E+01
 -56.346  0.0000E+00  0.8000E+01
 -56.341  0.0000E+00  0.8000E+01
 -56.336  0.0000E+00  0.8000E+01
 -56.331  0.0000E+00  0.8000E+01
 -56.326  0.0000E+00  0.8000E+01
 -56.321  0.0000E+00  0.8000E+01
 -56.316  0.0000E+00  0.8000E+01
 -56.311  0.0000E+00  0.8000E+01
 -56.306  0.0000E+00  0.8000E+01
 -56.301  0.0000E+00  0.8000E+01
 -56.296  0.0000E+00  0.8000E+01
 -56.291  0.0000E+00  0.8000E+01
 -56.286  0.0000E+00  0.8000E+01
 -56.281  0.0000E+00  0.8000E+01
 -56.276  0.0000E+00  0.8000E+01
 -56.271  0.0000E+00  0.8000E+01
 -56.266  0.0000E+00  0.8000E+01
 -56.261  0.0000E+00  0.8000E+01
 -56.256  0.0000E+00  0.8000E+01
 -56.251  0.0000E+00  0.8000E+01
 -56.246  0.0000E+00  0.8000E+01
 -56.241  0.0000E+00  0.8000E+01
 -56.236  0.0000E+00  0.8000E+01
 -56.231  0.0000E+00  0.8000E+01
 -56.226  0.0000E+00  0.8000E+01
 -56.221  0.0000E+00  0.8000E+01
 -56.216  0.0000E+00  0.8000E+01
 -56.211  0.0000E+00  0.8000E+01
 -56.206  0.0000E+00  0.8000E+01
 -56.201  0.0000E+00  0.8000E+01
 -56.196  0.0000E+00  0.8000E+01
 -56.191  0.0000E+00  0.8000E+01
 -56.186  0.0000E+00  0.8000E+01
 -56.181  0.0000E+00  0.8000E+01
 -56.176  0.0000E+00  0.8000E+01
 -56.171  0.0000E+00  0.8000E+01
 -56.166  0.0000E+00  0.8000E+01
 -56.161  0.0000E+00  0.8000E+01
 -56.156  0.0000E+00  0.8000E+01
 -56.151  0.0000E+00  0.8000E+01
 -56.146  0.0000E+00  0.8000E+01
 -56.141  0.0000E+00  0.8000E+01
 -56.136  0.0000E+00  0.8000E+01
 -56.131  0.0000E+00  0.8000E+01
 -56.126  0.0000E+00  0.8000E+01
 -56.121  0.0000E+00  0.8000E+01
 -56.116  0.0000E+00  0.8000E+01
 -56.111  0.0000E+00  0.8000E+01
 -56.106  0.0000E+00  0.8000E+01
 -56.101  0.0000E+00  0.8000E+01
 -56.096  0.0000E+00  0.8000E+01
 -56.091  0.0000E+00  0.8000E+01
 -56.086  0.0000E+00  0.8000E+01
 -56.081  0.0000E+00  0.8000E+01
 -56.076  0.0000E+00  0.8000E+01
 -56.071  0.0000E+00  0.8000E+01
 -56.066  0.0000E+00  0.8000E+01
 -56.061  0.0000E+00  0.8000E+01
 -56.056  0.0000E+00  0.8000E+01
 -56.051  0.0000E+00  0.8000E+01
 -56.046  0.0000E+00  0.8000E+01
 -56.041  0.0000E+00  0.8000E+01
 -56.036  0.0000E+00  0.8000E+01
 -56.031  0.0000E+00  0.8000E+01
 -56.026  0.0000E+00  0.8000E+01
 -56.021  0.0000E+00  0.8000E+01
 -56.016  0.0000E+00  0.8000E+01
 -56.011  0.0000E+00  0.8000E+01
 -56.006  0.0000E+00  0.8000E+01
 -56.001  0.0000E+00  0.8000E+01
 -55.996  0.0000E+00  0.8000E+01
 -55.991  0.0000E+00  0.8000E+01
 -55.986  0.0000E+00  0.8000E+01
 -55.981  0.0000E+00  0.8000E+01
 -55.976  0.0000E+00  0.8000E+01
 -55.971  0.0000E+00  0.8000E+01
 -55.966  0.0000E+00  0.8000E+01
 -55.961  0.0000E+00  0.8000E+01
 -55.956  0.0000E+00  0.8000E+01
 -55.951  0.0000E+00  0.8000E+01
 -55.946  0.0000E+00  0.8000E+01
 -55.941  0.0000E+00  0.8000E+01
 -55.936  0.0000E+00  0.8000E+01
 -55.931  0.0000E+00  0.8000E+01
 -55.926  0.0000E+00  0.8000E+01
 -55.921  0.0000E+00  0.8000E+01
 -55.916  0.0000E+00  0.8000E+01
 -55.911  0.0000E+00  0.8000E+01
 -55.906  0.0000E+00  0.8000E+01
 -55.901  0.0000E+00  0.8000E+01
 -55.896  0.0000E+00  0.8000E+01
 -55.891  0.0000E+00  0.8000E+01
 -55.886  0.0000E+00  0.8000E+01
 -55.881  0.0000E+00  0.8000E+01
 -55.876  0.0000E+00  0.8000E+01
 -55.871  0.0000E+00  0.8000E+01
 -55.866  0.0000E+00  0.8000E+01
 -55.861  0.0000E+00  0.8000E+01
 -55.856  0.0000E+00  0.8000E+01
 -55.851  0.0000E+00  0.8000E+01
 -55.846  0.0000E+00  0.8000E+01
 -55.841  0.0000E+00  0.8000E+01
 -55.836  0.0000E+00  0.8000E+01
 -55.831  0.0000E+00  0.8000E+01
 -55.826  0.0000E+00  0.8000E+01
 -55.821  0.0000E+00  0.8000E+01
 -55.816  0.0000E+00  0.8000E+01
 -55.811  0.0000E+00  0.8000E+01
 -55.806  0.0000E+00  0.8000E+01
 -55.801  0.0000E+00  0.8000E+01
 -55.796  0.0000E+00  0.8000E+01
 -55.791  0.0000E+00  0.8000E+01
 -55.786  0.0000E+00  0.8000E+01
 -55.781  0.0000E+00  0.8000E+01
 -55.776  0.0000E+00  0.8000E+01
 -55.771  0.0000E+00  0.8000E+01
 -55.766  0.0000E+00  0.8000E+01
 -55.761  0.0000E+00  0.8000E+01
 -55.756  0.0000E+00  0.8000E+01
 -55.751  0.0000E+00  0.8000E+01
 -55.746  0.0000E+00  0.8000E+01
 -55.741  0.0000E+00  0.8000E+01
 -55.736  0.0000E+00  0.8000E+01
 -55.731  0.0000E+00  0.8000E+01
 -55.726  0.0000E+00  0.8000E+01
 -55.721  0.0000E+00  0.8000E+01
 -55.716  0.0000E+00  0.8000E+01
 -55.711  0.0000E+00  0.8000E+01
 -55.706  0.0000E+00  0.8000E+01
 -55.701  0.0000E+00  0.8000E+01
 -55.696  0.0000E+00  0.8000E+01
 -55.691  0.0000E+00  0.8000E+01
 -55.686  0.0000E+00  0.8000E+01
 -55.681  0.0000E+00  0.8000E+01
 -55.676  0.0000E+00  0.8000E+01
 -55.671  0.0000E+00  0.8000E+01
 -55.666  0.0000E+00  0.8000E+01
 -55.661  0.0000E+00  0.8000E+01
 -55.656  0.0000E+00  0.8000E+01
 -55.651  0.0000E+00  0.8000E+01
 -55.646  0.0000E+00  0.8000E+01
 -55.641  0.0000E+00  0.8000E+01
 -55.636  0.0000E+00  0.8000E+01
 -55.631  0.0000E+00  0.8000E+01
 -55.626  0.0000E+00  0.8000E+01
 -55.621  0.0000E+00  0.8000E+01
 -55.616  0.0000E+00  0.8000E+01
 -55.611  0.0000E+00  0.8000E+01
 -55.606  0.0000E+00  0.8000E+01
 -55.601  0.0000E+00  0.8000E+01
 -55.596  0.0000E+00  0.8000E+01
 -55.591  0.0000E+00  0.8000E+01
 -55.586  0.0000E+00  0.8000E+01
 -55.581  0.0000E+00  0.8000E+01
 -55.576  0.0000E+00  0.8000E+01
 -55.571  0.0000E+00  0.8000E+01
 -55.566  0.0000E+00  0.8000E+01
 -55.561  0.0000E+00  0.8000E+01
 -55.556  0.0000E+00  0.8000E+01
 -55.551  0.0000E+00  0.8000E+01
 -55.546  0.0000E+00  0.8000E+01
 -55.541  0.0000E+00  0.8000E+01
 -55.536  0.0000E+00  0.8000E+01
 -55.531  0.0000E+00  0.8000E+01
 -55.526  0.0000E+00  0.8000E+01
 -55.521  0.0000E+00  0.8000E+01
 -55.516  0.0000E+00  0.8000E+01
 -55.511  0.0000E+00  0.8000E+01
 -55.506  0.0000E+00  0.8000E+01
 -55.501  0.0000E+00  0.8000E+01
 -55.496  0.0000E+00  0.8000E+01
 -55.491  0.0000E+00  0.8000E+01
 -55.486  0.0000E+00  0.8000E+01
 -55.481  0.0000E+00  0.8000E+01
 -55.476  0.0000E+00  0.8000E+01
 -55.471  0.0000E+00  0.8000E+01
 -55.466  0.0000E+00  0.8000E+01
 -55.461  0.0000E+00  0.8000E+01
 -55.456  0.0000E+00  0.8000E+01
 -55.451  0.0000E+00  0.8000E+01
 -55.446  0.0000E+00  0.8000E+01
 -55.441  0.0000E+00  0.8000E+01
 -55.436  0.0000E+00  0.8000E+01
 -55.431  0.0000E+00  0.8000E+01
 -55.426  0.0000E+00  0.8000E+01
 -55.421  0.0000E+00  0.8000E+01
 -55.416  0.0000E+00  0.8000E+01
 -55.411  0.0000E+00  0.8000E+01
 -55.406  0.0000E+00  0.8000E+01
 -55.401  0.0000E+00  0.8000E+01
 -55.396  0.0000E+00  0.8000E+01
 -55.391  0.0000E+00  0.8000E+01
 -55.386  0.0000E+00  0.8000E+01
 -55.381  0.0000E+00  0.8000E+01
 -55.376  0.0000E+00  0.8000E+01
 -55.371  0.0000E+00  0.8000E+01
 -55.366  0.0000E+00  0.8000E+01
 -55.361  0.0000E+00  0.8000E+01
 -55.356  0.0000E+00  0.8000E+01
 -55.351  0.0000E+00  0.8000E+01
 -55.346  0.0000E+00  0.8000E+01
 -55.341  0.0000E+00  0.8000E+01
 -55.336  0.0000E+00  0.8000E+01
 -55.331  0.0000E+00  0.8000E+01
 -55.326  0.0000E+00  0.8000E+01
 -55.321  0.0000E+00  0.8000E+01
 -55.316  0.0000E+00  0.8000E+01
 -55.311  0.0000E+00  0.8000E+01
 -55.306  0.0000E+00  0.8000E+01
 -55.301  0.0000E+00  0.8000E+01
 -55.296  0.0000E+00  0.8000E+01
 -55.291  0.0000E+00  0.8000E+01
 -55.286  0.0000E+00  0.8000E+01
 -55.281  0.0000E+00  0.8000E+01
 -55.276  0.0000E+00  0.8000E+01
 -55.271  0.0000E+00  0.8000E+01
 -55.266  0.0000E+00  0.8000E+01
 -55.261  0.0000E+00  0.8000E+01
 -55.256  0.0000E+00  0.8000E+01
 -55.251  0.0000E+00  0.8000E+01
 -55.246  0.0000E+00  0.8000E+01
 -55.241  0.0000E+00  0.8000E+01
 -55.236  0.0000E+00  0.8000E+01
 -55.231  0.0000E+00  0.8000E+01
 -55.226  0.0000E+00  0.8000E+01
 -55.221  0.0000E+00  0.8000E+01
 -55.216  0.0000E+00  0.8000E+01
 -55.211  0.0000E+00  0.8000E+01
 -55.206  0.0000E+00  0.8000E+01
 -55.201  0.0000E+00  0.8000E+01
 -55.196  0.0000E+00  0.8000E+01
 -55.191  0.0000E+00  0.8000E+01
 -55.186  0.0000E+00  0.8000E+01
 -55.181  0.0000E+00  0.8000E+01
 -55.176  0.0000E+00  0.8000E+01
 -55.171  0.0000E+00  0.8000E+01
 -55.166  0.0000E+00  0.8000E+01
 -55.161  0.0000E+00  0.8000E+01
 -55.156  0.0000E+00  0.8000E+01
 -55.151  0.0000E+00  0.8000E+01
 -55.146  0.0000E+00  0.8000E+01
 -55.141  0.0000E+00  0.8000E+01
 -55.136  0.0000E+00  0.8000E+01
 -55.131  0.0000E+00  0.8000E+01
 -55.126  0.0000E+00  0.8000E+01
 -55.121  0.0000E+00  0.8000E+01
 -55.116  0.0000E+00  0.8000E+01
 -55.111  0.0000E+00  0.8000E+01
 -55.106  0.0000E+00  0.8000E+01
 -55.101  0.0000E+00  0.8000E+01
 -55.096  0.0000E+00  0.8000E+01
 -55.091  0.0000E+00  0.8000E+01
 -55.086  0.0000E+00  0.8000E+01
 -55.081  0.0000E+00  0.8000E+01
 -55.076  0.0000E+00  0.8000E+01
 -55.071  0.0000E+00  0.8000E+01
 -55.066  0.0000E+00  0.8000E+01
 -55.061  0.0000E+00  0.8000E+01
 -55.056  0.0000E+00  0.8000E+01
 -55.051  0.0000E+00  0.8000E+01
 -55.046  0.0000E+00  0.8000E+01
 -55.041  0.0000E+00  0.8000E+01
 -55.036  0.0000E+00  0.8000E+01
 -55.031  0.0000E+00  0.8000E+01
 -55.026  0.0000E+00  0.8000E+01
 -55.021  0.0000E+00  0.8000E+01
 -55.016  0.0000E+00  0.8000E+01
 -55.011  0.0000E+00  0.8000E+01
 -55.006  0.0000E+00  0.8000E+01
 -55.001  0.0000E+00  0.8000E+01
 -54.996  0.0000E+00  0.8000E+01
 -54.991  0.0000E+00  0.8000E+01
 -54.986  0.0000E+00  0.8000E+01
 -54.981  0.0000E+00  0.8000E+01
 -54.976  0.0000E+00  0.8000E+01
 -54.971  0.0000E+00  0.8000E+01
 -54.966  0.0000E+00  0.8000E+01
 -54.961  0.0000E+00  0.8000E+01
 -54.956  0.0000E+00  0.8000E+01
 -54.951  0.0000E+00  0.8000E+01
 -54.946  0.0000E+00  0.8000E+01
 -54.941  0.0000E+00  0.8000E+01
 -54.936  0.0000E+00  0.8000E+01
 -54.931  0.0000E+00  0.8000E+01
 -54.926  0.0000E+00  0.8000E+01
 -54.921  0.0000E+00  0.8000E+01
 -54.916  0.0000E+00  0.8000E+01
 -54.911  0.0000E+00  0.8000E+01
 -54.906  0.0000E+00  0.8000E+01
 -54.901  0.0000E+00  0.8000E+01
 -54.896  0.0000E+00  0.8000E+01
 -54.891  0.0000E+00  0.8000E+01
 -54.886  0.0000E+00  0.8000E+01
 -54.881  0.0000E+00  0.8000E+01
 -54.876  0.0000E+00  0.8000E+01
 -54.871  0.0000E+00  0.8000E+01
 -54.866  0.0000E+00  0.8000E+01
 -54.861  0.0000E+00  0.8000E+01
 -54.856  0.0000E+00  0.8000E+01
 -54.851  0.0000E+00  0.8000E+01
 -54.846  0.0000E+00  0.8000E+01
 -54.841  0.0000E+00  0.8000E+01
 -54.836  0.0000E+00  0.8000E+01
 -54.831  0.0000E+00  0.8000E+01
 -54.826  0.0000E+00  0.8000E+01
 -54.821  0.0000E+00  0.8000E+01
 -54.816  0.0000E+00  0.8000E+01
 -54.811  0.0000E+00  0.8000E+01
 -54.806  0.0000E+00  0.8000E+01
 -54.801  0.0000E+00  0.8000E+01
 -54.796  0.0000E+00  0.8000E+01
 -54.791  0.0000E+00  0.8000E+01
 -54.786  0.0000E+00  0.8000E+01
 -54.781  0.0000E+00  0.8000E+01
 -54.776  0.0000E+00  0.8000E+01
 -54.771  0.0000E+00  0.8000E+01
 -54.766  0.0000E+00  0.8000E+01
 -54.761  0.0000E+00  0.8000E+01
 -54.756  0.0000E+00  0.8000E+01
 -54.751  0.0000E+00  0.8000E+01
 -54.746  0.0000E+00  0.8000E+01
 -54.741  0.0000E+00  0.8000E+01
 -54.736  0.0000E+00  0.8000E+01
 -54.731  0.0000E+00  0.8000E+01
 -54.726  0.0000E+00  0.8000E+01
 -54.721  0.0000E+00  0.8000E+01
 -54.716  0.0000E+00  0.8000E+01
 -54.711  0.0000E+00  0.8000E+01
 -54.706  0.0000E+00  0.8000E+01
 -54.701  0.0000E+00  0.8000E+01
 -54.696  0.0000E+00  0.8000E+01
 -54.691  0.0000E+00  0.8000E+01
 -54.686  0.0000E+00  0.8000E+01
 -54.681  0.0000E+00  0.8000E+01
 -54.676  0.0000E+00  0.8000E+01
 -54.671  0.0000E+00  0.8000E+01
 -54.666  0.0000E+00  0.8000E+01
 -54.661  0.0000E+00  0.8000E+01
 -54.656  0.0000E+00  0.8000E+01
 -54.651  0.0000E+00  0.8000E+01
 -54.646  0.0000E+00  0.8000E+01
 -54.641  0.0000E+00  0.8000E+01
 -54.636  0.0000E+00  0.8000E+01
 -54.631  0.0000E+00  0.8000E+01
 -54.626  0.0000E+00  0.8000E+01
 -54.621  0.0000E+00  0.8000E+01
 -54.616  0.0000E+00  0.8000E+01
 -54.611  0.0000E+00  0.8000E+01
 -54.606  0.0000E+00  0.8000E+01
 -54.601  0.0000E+00  0.8000E+01
 -54.596  0.0000E+00  0.8000E+01
 -54.591  0.0000E+00  0.8000E+01
 -54.586  0.0000E+00  0.8000E+01
 -54.581  0.0000E+00  0.8000E+01
 -54.576  0.0000E+00  0.8000E+01
 -54.571  0.0000E+00  0.8000E+01
 -54.566  0.0000E+00  0.8000E+01
 -54.561  0.0000E+00  0.8000E+01
 -54.556  0.0000E+00  0.8000E+01
 -54.551  0.0000E+00  0.8000E+01
 -54.546  0.0000E+00  0.8000E+01
 -54.541  0.0000E+00  0.8000E+01
 -54.536  0.0000E+00  0.8000E+01
 -54.531  0.0000E+00  0.8000E+01
 -54.526  0.0000E+00  0.8000E+01
 -54.521  0.0000E+00  0.8000E+01
 -54.516  0.0000E+00  0.8000E+01
 -54.511  0.0000E+00  0.8000E+01
 -54.506  0.0000E+00  0.8000E+01
 -54.501  0.0000E+00  0.8000E+01
 -54.496  0.0000E+00  0.8000E+01
 -54.491  0.0000E+00  0.8000E+01
 -54.486  0.0000E+00  0.8000E+01
 -54.481  0.0000E+00  0.8000E+01
 -54.476  0.0000E+00  0.8000E+01
 -54.471  0.0000E+00  0.8000E+01
 -54.466  0.0000E+00  0.8000E+01
 -54.461  0.0000E+00  0.8000E+01
 -54.456  0.0000E+00  0.8000E+01
 -54.451  0.0000E+00  0.8000E+01
 -54.446  0.0000E+00  0.8000E+01
 -54.441  0.0000E+00  0.8000E+01
 -54.436  0.0000E+00  0.8000E+01
 -54.431  0.0000E+00  0.8000E+01
 -54.426  0.0000E+00  0.8000E+01
 -54.421  0.0000E+00  0.8000E+01
 -54.416  0.0000E+00  0.8000E+01
 -54.411  0.0000E+00  0.8000E+01
 -54.406  0.0000E+00  0.8000E+01
 -54.401  0.0000E+00  0.8000E+01
 -54.396  0.0000E+00  0.8000E+01
 -54.391  0.0000E+00  0.8000E+01
 -54.386  0.0000E+00  0.8000E+01
 -54.381  0.0000E+00  0.8000E+01
 -54.376  0.0000E+00  0.8000E+01
 -54.371  0.0000E+00  0.8000E+01
 -54.366  0.0000E+00  0.8000E+01
 -54.361  0.0000E+00  0.8000E+01
 -54.356  0.0000E+00  0.8000E+01
 -54.351  0.0000E+00  0.8000E+01
 -54.346  0.0000E+00  0.8000E+01
 -54.341  0.0000E+00  0.8000E+01
 -54.336  0.0000E+00  0.8000E+01
 -54.331  0.0000E+00  0.8000E+01
 -54.326  0.0000E+00  0.8000E+01
 -54.321  0.0000E+00  0.8000E+01
 -54.316  0.0000E+00  0.8000E+01
 -54.311  0.0000E+00  0.8000E+01
 -54.306  0.0000E+00  0.8000E+01
 -54.301  0.0000E+00  0.8000E+01
 -54.296  0.0000E+00  0.8000E+01
 -54.291  0.0000E+00  0.8000E+01
 -54.286  0.0000E+00  0.8000E+01
 -54.281  0.0000E+00  0.8000E+01
 -54.276  0.0000E+00  0.8000E+01
 -54.271  0.0000E+00  0.8000E+01
 -54.266  0.0000E+00  0.8000E+01
 -54.261  0.0000E+00  0.8000E+01
 -54.256  0.0000E+00  0.8000E+01
 -54.251  0.0000E+00  0.8000E+01
 -54.246  0.0000E+00  0.8000E+01
 -54.241  0.0000E+00  0.8000E+01
 -54.236  0.0000E+00  0.8000E+01
 -54.231  0.0000E+00  0.8000E+01
 -54.226  0.0000E+00  0.8000E+01
 -54.221  0.0000E+00  0.8000E+01
 -54.216  0.0000E+00  0.8000E+01
 -54.211  0.0000E+00  0.8000E+01
 -54.206  0.0000E+00  0.8000E+01
 -54.201  0.0000E+00  0.8000E+01
 -54.196  0.0000E+00  0.8000E+01
 -54.191  0.0000E+00  0.8000E+01
 -54.186  0.0000E+00  0.8000E+01
 -54.181  0.0000E+00  0.8000E+01
 -54.176  0.0000E+00  0.8000E+01
 -54.171  0.0000E+00  0.8000E+01
 -54.166  0.0000E+00  0.8000E+01
 -54.161  0.0000E+00  0.8000E+01
 -54.156  0.0000E+00  0.8000E+01
 -54.151  0.0000E+00  0.8000E+01
 -54.146  0.0000E+00  0.8000E+01
 -54.141  0.0000E+00  0.8000E+01
 -54.136  0.0000E+00  0.8000E+01
 -54.131  0.0000E+00  0.8000E+01
 -54.126  0.0000E+00  0.8000E+01
 -54.121  0.0000E+00  0.8000E+01
 -54.116  0.0000E+00  0.8000E+01
 -54.111  0.0000E+00  0.8000E+01
 -54.106  0.0000E+00  0.8000E+01
 -54.101  0.0000E+00  0.8000E+01
 -54.096  0.0000E+00  0.8000E+01
 -54.091  0.0000E+00  0.8000E+01
 -54.086  0.0000E+00  0.8000E+01
 -54.081  0.0000E+00  0.8000E+01
 -54.076  0.0000E+00  0.8000E+01
 -54.071  0.0000E+00  0.8000E+01
 -54.066  0.0000E+00  0.8000E+01
 -54.061  0.0000E+00  0.8000E+01
 -54.056  0.0000E+00  0.8000E+01
 -54.051  0.0000E+00  0.8000E+01
 -54.046  0.0000E+00  0.8000E+01
 -54.041  0.0000E+00  0.8000E+01
 -54.036  0.0000E+00  0.8000E+01
 -54.031  0.0000E+00  0.8000E+01
 -54.026  0.0000E+00  0.8000E+01
 -54.021  0.0000E+00  0.8000E+01
 -54.016  0.0000E+00  0.8000E+01
 -54.011  0.0000E+00  0.8000E+01
 -54.006  0.0000E+00  0.8000E+01
 -54.001  0.0000E+00  0.8000E+01
 -53.996  0.0000E+00  0.8000E+01
 -53.991  0.0000E+00  0.8000E+01
 -53.986  0.0000E+00  0.8000E+01
 -53.981  0.0000E+00  0.8000E+01
 -53.976  0.0000E+00  0.8000E+01
 -53.971  0.0000E+00  0.8000E+01
 -53.966  0.0000E+00  0.8000E+01
 -53.961  0.0000E+00  0.8000E+01
 -53.956  0.0000E+00  0.8000E+01
 -53.951  0.0000E+00  0.8000E+01
 -53.946  0.0000E+00  0.8000E+01
 -53.941  0.0000E+00  0.8000E+01
 -53.936  0.0000E+00  0.8000E+01
 -53.931  0.0000E+00  0.8000E+01
 -53.926  0.0000E+00  0.8000E+01
 -53.921  0.0000E+00  0.8000E+01
 -53.916  0.0000E+00  0.8000E+01
 -53.911  0.0000E+00  0.8000E+01
 -53.906  0.0000E+00  0.8000E+01
 -53.901  0.0000E+00  0.8000E+01
 -53.896  0.0000E+00  0.8000E+01
 -53.891  0.0000E+00  0.8000E+01
 -53.886  0.0000E+00  0.8000E+01
 -53.881  0.0000E+00  0.8000E+01
 -53.876  0.0000E+00  0.8000E+01
 -53.871  0.0000E+00  0.8000E+01
 -53.866  0.0000E+00  0.8000E+01
 -53.861  0.0000E+00  0.8000E+01
 -53.856  0.0000E+00  0.8000E+01
 -53.851  0.0000E+00  0.8000E+01
 -53.846  0.0000E+00  0.8000E+01
 -53.841  0.0000E+00  0.8000E+01
 -53.836  0.0000E+00  0.8000E+01
 -53.831  0.0000E+00  0.8000E+01
 -53.826  0.0000E+00  0.8000E+01
 -53.821  0.0000E+00  0.8000E+01
 -53.816  0.0000E+00  0.8000E+01
 -53.811  0.0000E+00  0.8000E+01
 -53.806  0.0000E+00  0.8000E+01
 -53.801  0.0000E+00  0.8000E+01
 -53.796  0.0000E+00  0.8000E+01
 -53.791  0.0000E+00  0.8000E+01
 -53.786  0.0000E+00  0.8000E+01
 -53.781  0.0000E+00  0.8000E+01
 -53.776  0.0000E+00  0.8000E+01
 -53.771  0.0000E+00  0.8000E+01
 -53.766  0.0000E+00  0.8000E+01
 -53.761  0.0000E+00  0.8000E+01
 -53.756  0.0000E+00  0.8000E+01
 -53.751  0.0000E+00  0.8000E+01
 -53.746  0.0000E+00  0.8000E+01
 -53.741  0.0000E+00  0.8000E+01
 -53.736  0.0000E+00  0.8000E+01
 -53.731  0.0000E+00  0.8000E+01
 -53.726  0.0000E+00  0.8000E+01
 -53.721  0.0000E+00  0.8000E+01
 -53.716  0.0000E+00  0.8000E+01
 -53.711  0.0000E+00  0.8000E+01
 -53.706  0.0000E+00  0.8000E+01
 -53.701  0.0000E+00  0.8000E+01
 -53.696  0.0000E+00  0.8000E+01
 -53.691  0.0000E+00  0.8000E+01
 -53.686  0.0000E+00  0.8000E+01
 -53.681  0.0000E+00  0.8000E+01
 -53.676  0.0000E+00  0.8000E+01
 -53.671  0.0000E+00  0.8000E+01
 -53.666  0.0000E+00  0.8000E+01
 -53.661  0.0000E+00  0.8000E+01
 -53.656  0.0000E+00  0.8000E+01
 -53.651  0.0000E+00  0.8000E+01
 -53.646  0.0000E+00  0.8000E+01
 -53.641  0.0000E+00  0.8000E+01
 -53.636  0.0000E+00  0.8000E+01
 -53.631  0.0000E+00  0.8000E+01
 -53.626  0.0000E+00  0.8000E+01
 -53.621  0.0000E+00  0.8000E+01
 -53.616  0.0000E+00  0.8000E+01
 -53.611  0.0000E+00  0.8000E+01
 -53.606  0.0000E+00  0.8000E+01
 -53.601  0.0000E+00  0.8000E+01
 -53.596  0.0000E+00  0.8000E+01
 -53.591  0.0000E+00  0.8000E+01
 -53.586  0.0000E+00  0.8000E+01
 -53.581  0.0000E+00  0.8000E+01
 -53.576  0.0000E+00  0.8000E+01
 -53.571  0.0000E+00  0.8000E+01
 -53.566  0.0000E+00  0.8000E+01
 -53.561  0.0000E+00  0.8000E+01
 -53.556  0.0000E+00  0.8000E+01
 -53.551  0.0000E+00  0.8000E+01
 -53.546  0.0000E+00  0.8000E+01
 -53.541  0.0000E+00  0.8000E+01
 -53.536  0.0000E+00  0.8000E+01
 -53.531  0.0000E+00  0.8000E+01
 -53.526  0.0000E+00  0.8000E+01
 -53.521  0.0000E+00  0.8000E+01
 -53.516  0.0000E+00  0.8000E+01
 -53.511  0.0000E+00  0.8000E+01
 -53.506  0.0000E+00  0.8000E+01
 -53.501  0.0000E+00  0.8000E+01
 -53.496  0.0000E+00  0.8000E+01
 -53.491  0.0000E+00  0.8000E+01
 -53.486  0.0000E+00  0.8000E+01
 -53.481  0.0000E+00  0.8000E+01
 -53.476  0.0000E+00  0.8000E+01
 -53.471  0.0000E+00  0.8000E+01
 -53.466  0.0000E+00  0.8000E+01
 -53.461  0.0000E+00  0.8000E+01
 -53.456  0.0000E+00  0.8000E+01
 -53.451  0.0000E+00  0.8000E+01
 -53.446  0.0000E+00  0.8000E+01
 -53.441  0.0000E+00  0.8000E+01
 -53.436  0.0000E+00  0.8000E+01
 -53.431  0.0000E+00  0.8000E+01
 -53.426  0.0000E+00  0.8000E+01
 -53.421  0.0000E+00  0.8000E+01
 -53.416  0.0000E+00  0.8000E+01
 -53.411  0.0000E+00  0.8000E+01
 -53.406  0.0000E+00  0.8000E+01
 -53.401  0.0000E+00  0.8000E+01
 -53.396  0.0000E+00  0.8000E+01
 -53.391  0.0000E+00  0.8000E+01
 -53.386  0.0000E+00  0.8000E+01
 -53.381  0.0000E+00  0.8000E+01
 -53.376  0.0000E+00  0.8000E+01
 -53.371  0.0000E+00  0.8000E+01
 -53.366  0.0000E+00  0.8000E+01
 -53.361  0.0000E+00  0.8000E+01
 -53.356  0.0000E+00  0.8000E+01
 -53.351  0.0000E+00  0.8000E+01
 -53.346  0.0000E+00  0.8000E+01
 -53.341  0.0000E+00  0.8000E+01
 -53.336  0.0000E+00  0.8000E+01
 -53.331  0.0000E+00  0.8000E+01
 -53.326  0.0000E+00  0.8000E+01
 -53.321  0.0000E+00  0.8000E+01
 -53.316  0.0000E+00  0.8000E+01
 -53.311  0.0000E+00  0.8000E+01
 -53.306  0.0000E+00  0.8000E+01
 -53.301  0.0000E+00  0.8000E+01
 -53.296  0.0000E+00  0.8000E+01
 -53.291  0.0000E+00  0.8000E+01
 -53.286  0.0000E+00  0.8000E+01
 -53.281  0.0000E+00  0.8000E+01
 -53.276  0.0000E+00  0.8000E+01
 -53.271  0.0000E+00  0.8000E+01
 -53.266  0.0000E+00  0.8000E+01
 -53.261  0.0000E+00  0.8000E+01
 -53.256  0.0000E+00  0.8000E+01
 -53.251  0.0000E+00  0.8000E+01
 -53.246  0.0000E+00  0.8000E+01
 -53.241  0.0000E+00  0.8000E+01
 -53.236  0.0000E+00  0.8000E+01
 -53.231  0.0000E+00  0.8000E+01
 -53.226  0.0000E+00  0.8000E+01
 -53.221  0.0000E+00  0.8000E+01
 -53.216  0.0000E+00  0.8000E+01
 -53.211  0.0000E+00  0.8000E+01
 -53.206  0.0000E+00  0.8000E+01
 -53.201  0.0000E+00  0.8000E+01
 -53.196  0.0000E+00  0.8000E+01
 -53.191  0.0000E+00  0.8000E+01
 -53.186  0.0000E+00  0.8000E+01
 -53.181  0.0000E+00  0.8000E+01
 -53.176  0.0000E+00  0.8000E+01
 -53.171  0.0000E+00  0.8000E+01
 -53.166  0.0000E+00  0.8000E+01
 -53.161  0.0000E+00  0.8000E+01
 -53.156  0.0000E+00  0.8000E+01
 -53.151  0.0000E+00  0.8000E+01
 -53.146  0.0000E+00  0.8000E+01
 -53.141  0.0000E+00  0.8000E+01
 -53.136  0.0000E+00  0.8000E+01
 -53.131  0.0000E+00  0.8000E+01
 -53.126  0.0000E+00  0.8000E+01
 -53.121  0.0000E+00  0.8000E+01
 -53.116  0.0000E+00  0.8000E+01
 -53.111  0.0000E+00  0.8000E+01
 -53.106  0.0000E+00  0.8000E+01
 -53.101  0.0000E+00  0.8000E+01
 -53.096  0.0000E+00  0.8000E+01
 -53.091  0.0000E+00  0.8000E+01
 -53.086  0.0000E+00  0.8000E+01
 -53.081  0.0000E+00  0.8000E+01
 -53.076  0.0000E+00  0.8000E+01
 -53.071  0.0000E+00  0.8000E+01
 -53.066  0.0000E+00  0.8000E+01
 -53.061  0.0000E+00  0.8000E+01
 -53.056  0.0000E+00  0.8000E+01
 -53.051  0.0000E+00  0.8000E+01
 -53.046  0.0000E+00  0.8000E+01
 -53.041  0.0000E+00  0.8000E+01
 -53.036  0.0000E+00  0.8000E+01
 -53.031  0.0000E+00  0.8000E+01
 -53.026  0.0000E+00  0.8000E+01
 -53.021  0.0000E+00  0.8000E+01
 -53.016  0.0000E+00  0.8000E+01
 -53.011  0.0000E+00  0.8000E+01
 -53.006  0.0000E+00  0.8000E+01
 -53.001  0.0000E+00  0.8000E+01
 -52.996  0.0000E+00  0.8000E+01
 -52.991  0.0000E+00  0.8000E+01
 -52.986  0.0000E+00  0.8000E+01
 -52.981  0.0000E+00  0.8000E+01
 -52.976  0.0000E+00  0.8000E+01
 -52.971  0.0000E+00  0.8000E+01
 -52.966  0.0000E+00  0.8000E+01
 -52.961  0.0000E+00  0.8000E+01
 -52.956  0.0000E+00  0.8000E+01
 -52.951  0.0000E+00  0.8000E+01
 -52.946  0.0000E+00  0.8000E+01
 -52.941  0.0000E+00  0.8000E+01
 -52.936  0.0000E+00  0.8000E+01
 -52.931  0.0000E+00  0.8000E+01
 -52.926  0.0000E+00  0.8000E+01
 -52.921  0.0000E+00  0.8000E+01
 -52.916  0.0000E+00  0.8000E+01
 -52.911  0.0000E+00  0.8000E+01
 -52.906  0.0000E+00  0.8000E+01
 -52.901  0.0000E+00  0.8000E+01
 -52.896  0.0000E+00  0.8000E+01
 -52.891  0.0000E+00  0.8000E+01
 -52.886  0.0000E+00  0.8000E+01
 -52.881  0.0000E+00  0.8000E+01
 -52.876  0.0000E+00  0.8000E+01
 -52.871  0.0000E+00  0.8000E+01
 -52.866  0.0000E+00  0.8000E+01
 -52.861  0.0000E+00  0.8000E+01
 -52.856  0.0000E+00  0.8000E+01
 -52.851  0.0000E+00  0.8000E+01
 -52.846  0.0000E+00  0.8000E+01
 -52.841  0.0000E+00  0.8000E+01
 -52.836  0.0000E+00  0.8000E+01
 -52.831  0.0000E+00  0.8000E+01
 -52.826  0.0000E+00  0.8000E+01
 -52.821  0.0000E+00  0.8000E+01
 -52.816  0.0000E+00  0.8000E+01
 -52.811  0.0000E+00  0.8000E+01
 -52.806  0.0000E+00  0.8000E+01
 -52.801  0.0000E+00  0.8000E+01
 -52.796  0.0000E+00  0.8000E+01
 -52.791  0.0000E+00  0.8000E+01
 -52.786  0.0000E+00  0.8000E+01
 -52.781  0.0000E+00  0.8000E+01
 -52.776  0.0000E+00  0.8000E+01
 -52.771  0.0000E+00  0.8000E+01
 -52.766  0.0000E+00  0.8000E+01
 -52.761  0.0000E+00  0.8000E+01
 -52.756  0.0000E+00  0.8000E+01
 -52.751  0.0000E+00  0.8000E+01
 -52.746  0.0000E+00  0.8000E+01
 -52.741  0.0000E+00  0.8000E+01
 -52.736  0.0000E+00  0.8000E+01
 -52.731  0.0000E+00  0.8000E+01
 -52.726  0.0000E+00  0.8000E+01
 -52.721  0.0000E+00  0.8000E+01
 -52.716  0.0000E+00  0.8000E+01
 -52.711  0.0000E+00  0.8000E+01
 -52.706  0.0000E+00  0.8000E+01
 -52.701  0.0000E+00  0.8000E+01
 -52.696  0.0000E+00  0.8000E+01
 -52.691  0.0000E+00  0.8000E+01
 -52.686  0.0000E+00  0.8000E+01
 -52.681  0.0000E+00  0.8000E+01
 -52.676  0.0000E+00  0.8000E+01
 -52.671  0.0000E+00  0.8000E+01
 -52.666  0.0000E+00  0.8000E+01
 -52.661  0.0000E+00  0.8000E+01
 -52.656  0.0000E+00  0.8000E+01
 -52.651  0.0000E+00  0.8000E+01
 -52.646  0.0000E+00  0.8000E+01
 -52.641  0.0000E+00  0.8000E+01
 -52.636  0.0000E+00  0.8000E+01
 -52.631  0.0000E+00  0.8000E+01
 -52.626  0.0000E+00  0.8000E+01
 -52.621  0.0000E+00  0.8000E+01
 -52.616  0.0000E+00  0.8000E+01
 -52.611  0.0000E+00  0.8000E+01
 -52.606  0.0000E+00  0.8000E+01
 -52.601  0.0000E+00  0.8000E+01
 -52.596  0.0000E+00  0.8000E+01
 -52.591  0.0000E+00  0.8000E+01
 -52.586  0.0000E+00  0.8000E+01
 -52.581  0.0000E+00  0.8000E+01
 -52.576  0.0000E+00  0.8000E+01
 -52.571  0.0000E+00  0.8000E+01
 -52.566  0.0000E+00  0.8000E+01
 -52.561  0.0000E+00  0.8000E+01
 -52.556  0.0000E+00  0.8000E+01
 -52.551  0.0000E+00  0.8000E+01
 -52.546  0.0000E+00  0.8000E+01
 -52.541  0.0000E+00  0.8000E+01
 -52.536  0.0000E+00  0.8000E+01
 -52.531  0.0000E+00  0.8000E+01
 -52.526  0.0000E+00  0.8000E+01
 -52.521  0.0000E+00  0.8000E+01
 -52.516  0.0000E+00  0.8000E+01
 -52.511  0.0000E+00  0.8000E+01
 -52.506  0.0000E+00  0.8000E+01
 -52.501  0.0000E+00  0.8000E+01
 -52.496  0.0000E+00  0.8000E+01
 -52.491  0.0000E+00  0.8000E+01
 -52.486  0.0000E+00  0.8000E+01
 -52.481  0.0000E+00  0.8000E+01
 -52.476  0.0000E+00  0.8000E+01
 -52.471  0.0000E+00  0.8000E+01
 -52.466  0.0000E+00  0.8000E+01
 -52.461  0.0000E+00  0.8000E+01
 -52.456  0.0000E+00  0.8000E+01
 -52.451  0.0000E+00  0.8000E+01
 -52.446  0.0000E+00  0.8000E+01
 -52.441  0.0000E+00  0.8000E+01
 -52.436  0.0000E+00  0.8000E+01
 -52.431  0.0000E+00  0.8000E+01
 -52.426  0.0000E+00  0.8000E+01
 -52.421  0.0000E+00  0.8000E+01
 -52.416  0.0000E+00  0.8000E+01
 -52.411  0.0000E+00  0.8000E+01
 -52.406  0.0000E+00  0.8000E+01
 -52.401  0.0000E+00  0.8000E+01
 -52.396  0.0000E+00  0.8000E+01
 -52.391  0.0000E+00  0.8000E+01
 -52.386  0.0000E+00  0.8000E+01
 -52.381  0.0000E+00  0.8000E+01
 -52.376  0.0000E+00  0.8000E+01
 -52.371  0.0000E+00  0.8000E+01
 -52.366  0.0000E+00  0.8000E+01
 -52.361  0.0000E+00  0.8000E+01
 -52.356  0.0000E+00  0.8000E+01
 -52.351  0.0000E+00  0.8000E+01
 -52.346  0.0000E+00  0.8000E+01
 -52.341  0.0000E+00  0.8000E+01
 -52.336  0.0000E+00  0.8000E+01
 -52.331  0.0000E+00  0.8000E+01
 -52.326  0.0000E+00  0.8000E+01
 -52.321  0.0000E+00  0.8000E+01
 -52.316  0.0000E+00  0.8000E+01
 -52.311  0.0000E+00  0.8000E+01
 -52.306  0.0000E+00  0.8000E+01
 -52.301  0.0000E+00  0.8000E+01
 -52.296  0.0000E+00  0.8000E+01
 -52.291  0.0000E+00  0.8000E+01
 -52.286  0.0000E+00  0.8000E+01
 -52.281  0.0000E+00  0.8000E+01
 -52.276  0.0000E+00  0.8000E+01
 -52.271  0.0000E+00  0.8000E+01
 -52.266  0.0000E+00  0.8000E+01
 -52.261  0.0000E+00  0.8000E+01
 -52.256  0.0000E+00  0.8000E+01
 -52.251  0.0000E+00  0.8000E+01
 -52.246  0.0000E+00  0.8000E+01
 -52.241  0.0000E+00  0.8000E+01
 -52.236  0.0000E+00  0.8000E+01
 -52.231  0.0000E+00  0.8000E+01
 -52.226  0.0000E+00  0.8000E+01
 -52.221  0.0000E+00  0.8000E+01
 -52.216  0.0000E+00  0.8000E+01
 -52.211  0.0000E+00  0.8000E+01
 -52.206  0.0000E+00  0.8000E+01
 -52.201  0.0000E+00  0.8000E+01
 -52.196  0.0000E+00  0.8000E+01
 -52.191  0.0000E+00  0.8000E+01
 -52.186  0.0000E+00  0.8000E+01
 -52.181  0.0000E+00  0.8000E+01
 -52.176  0.0000E+00  0.8000E+01
 -52.171  0.0000E+00  0.8000E+01
 -52.166  0.0000E+00  0.8000E+01
 -52.161  0.0000E+00  0.8000E+01
 -52.156  0.0000E+00  0.8000E+01
 -52.151  0.0000E+00  0.8000E+01
 -52.146  0.0000E+00  0.8000E+01
 -52.141  0.0000E+00  0.8000E+01
 -52.136  0.0000E+00  0.8000E+01
 -52.131  0.0000E+00  0.8000E+01
 -52.126  0.0000E+00  0.8000E+01
 -52.121  0.0000E+00  0.8000E+01
 -52.116  0.0000E+00  0.8000E+01
 -52.111  0.0000E+00  0.8000E+01
 -52.106  0.0000E+00  0.8000E+01
 -52.101  0.0000E+00  0.8000E+01
 -52.096  0.0000E+00  0.8000E+01
 -52.091  0.0000E+00  0.8000E+01
 -52.086  0.0000E+00  0.8000E+01
 -52.081  0.0000E+00  0.8000E+01
 -52.076  0.0000E+00  0.8000E+01
 -52.071  0.0000E+00  0.8000E+01
 -52.066  0.0000E+00  0.8000E+01
 -52.061  0.0000E+00  0.8000E+01
 -52.056  0.0000E+00  0.8000E+01
 -52.051  0.0000E+00  0.8000E+01
 -52.046  0.0000E+00  0.8000E+01
 -52.041  0.0000E+00  0.8000E+01
 -52.036  0.0000E+00  0.8000E+01
 -52.031  0.0000E+00  0.8000E+01
 -52.026  0.0000E+00  0.8000E+01
 -52.021  0.0000E+00  0.8000E+01
 -52.016  0.0000E+00  0.8000E+01
 -52.011  0.0000E+00  0.8000E+01
 -52.006  0.0000E+00  0.8000E+01
 -52.001  0.0000E+00  0.8000E+01
 -51.996  0.0000E+00  0.8000E+01
 -51.991  0.0000E+00  0.8000E+01
 -51.986  0.0000E+00  0.8000E+01
 -51.981  0.0000E+00  0.8000E+01
 -51.976  0.0000E+00  0.8000E+01
 -51.971  0.0000E+00  0.8000E+01
 -51.966  0.0000E+00  0.8000E+01
 -51.961  0.0000E+00  0.8000E+01
 -51.956  0.0000E+00  0.8000E+01
 -51.951  0.0000E+00  0.8000E+01
 -51.946  0.0000E+00  0.8000E+01
 -51.941  0.0000E+00  0.8000E+01
 -51.936  0.0000E+00  0.8000E+01
 -51.931  0.0000E+00  0.8000E+01
 -51.926  0.0000E+00  0.8000E+01
 -51.921  0.0000E+00  0.8000E+01
 -51.916  0.0000E+00  0.8000E+01
 -51.911  0.0000E+00  0.8000E+01
 -51.906  0.0000E+00  0.8000E+01
 -51.901  0.0000E+00  0.8000E+01
 -51.896  0.0000E+00  0.8000E+01
 -51.891  0.0000E+00  0.8000E+01
 -51.886  0.0000E+00  0.8000E+01
 -51.881  0.0000E+00  0.8000E+01
 -51.876  0.0000E+00  0.8000E+01
 -51.871  0.0000E+00  0.8000E+01
 -51.866  0.0000E+00  0.8000E+01
 -51.861  0.0000E+00  0.8000E+01
 -51.856  0.0000E+00  0.8000E+01
 -51.851  0.0000E+00  0.8000E+01
 -51.846  0.0000E+00  0.8000E+01
 -51.841  0.0000E+00  0.8000E+01
 -51.836  0.0000E+00  0.8000E+01
 -51.831  0.0000E+00  0.8000E+01
 -51.826  0.0000E+00  0.8000E+01
 -51.821  0.0000E+00  0.8000E+01
 -51.816  0.0000E+00  0.8000E+01
 -51.811  0.0000E+00  0.8000E+01
 -51.806  0.0000E+00  0.8000E+01
 -51.801  0.0000E+00  0.8000E+01
 -51.796  0.0000E+00  0.8000E+01
 -51.791  0.0000E+00  0.8000E+01
 -51.786  0.0000E+00  0.8000E+01
 -51.781  0.0000E+00  0.8000E+01
 -51.776  0.0000E+00  0.8000E+01
 -51.771  0.0000E+00  0.8000E+01
 -51.766  0.0000E+00  0.8000E+01
 -51.761  0.0000E+00  0.8000E+01
 -51.756  0.0000E+00  0.8000E+01
 -51.751  0.0000E+00  0.8000E+01
 -51.746  0.0000E+00  0.8000E+01
 -51.741  0.0000E+00  0.8000E+01
 -51.736  0.0000E+00  0.8000E+01
 -51.731  0.0000E+00  0.8000E+01
 -51.726  0.0000E+00  0.8000E+01
 -51.721  0.0000E+00  0.8000E+01
 -51.716  0.0000E+00  0.8000E+01
 -51.711  0.0000E+00  0.8000E+01
 -51.706  0.0000E+00  0.8000E+01
 -51.701  0.0000E+00  0.8000E+01
 -51.696  0.0000E+00  0.8000E+01
 -51.691  0.0000E+00  0.8000E+01
 -51.686  0.0000E+00  0.8000E+01
 -51.681  0.0000E+00  0.8000E+01
 -51.676  0.0000E+00  0.8000E+01
 -51.671  0.0000E+00  0.8000E+01
 -51.666  0.0000E+00  0.8000E+01
 -51.661  0.0000E+00  0.8000E+01
 -51.656  0.0000E+00  0.8000E+01
 -51.651  0.0000E+00  0.8000E+01
 -51.646  0.0000E+00  0.8000E+01
 -51.641  0.0000E+00  0.8000E+01
 -51.636  0.0000E+00  0.8000E+01
 -51.631  0.0000E+00  0.8000E+01
 -51.626  0.0000E+00  0.8000E+01
 -51.621  0.0000E+00  0.8000E+01
 -51.616  0.0000E+00  0.8000E+01
 -51.611  0.0000E+00  0.8000E+01
 -51.606  0.0000E+00  0.8000E+01
 -51.601  0.0000E+00  0.8000E+01
 -51.596  0.0000E+00  0.8000E+01
 -51.591  0.0000E+00  0.8000E+01
 -51.586  0.0000E+00  0.8000E+01
 -51.581  0.0000E+00  0.8000E+01
 -51.576  0.0000E+00  0.8000E+01
 -51.571  0.0000E+00  0.8000E+01
 -51.566  0.0000E+00  0.8000E+01
 -51.561  0.0000E+00  0.8000E+01
 -51.556  0.0000E+00  0.8000E+01
 -51.551  0.0000E+00  0.8000E+01
 -51.546  0.0000E+00  0.8000E+01
 -51.541  0.0000E+00  0.8000E+01
 -51.536  0.0000E+00  0.8000E+01
 -51.531  0.0000E+00  0.8000E+01
 -51.526  0.0000E+00  0.8000E+01
 -51.521  0.0000E+00  0.8000E+01
 -51.516  0.0000E+00  0.8000E+01
 -51.511  0.0000E+00  0.8000E+01
 -51.506  0.0000E+00  0.8000E+01
 -51.501  0.0000E+00  0.8000E+01
 -51.496  0.0000E+00  0.8000E+01
 -51.491  0.0000E+00  0.8000E+01
 -51.486  0.0000E+00  0.8000E+01
 -51.481  0.0000E+00  0.8000E+01
 -51.476  0.0000E+00  0.8000E+01
 -51.471  0.0000E+00  0.8000E+01
 -51.466  0.0000E+00  0.8000E+01
 -51.461  0.0000E+00  0.8000E+01
 -51.456  0.0000E+00  0.8000E+01
 -51.451  0.0000E+00  0.8000E+01
 -51.446  0.0000E+00  0.8000E+01
 -51.441  0.0000E+00  0.8000E+01
 -51.436  0.0000E+00  0.8000E+01
 -51.431  0.0000E+00  0.8000E+01
 -51.426  0.0000E+00  0.8000E+01
 -51.421  0.0000E+00  0.8000E+01
 -51.416  0.0000E+00  0.8000E+01
 -51.411  0.0000E+00  0.8000E+01
 -51.406  0.0000E+00  0.8000E+01
 -51.401  0.0000E+00  0.8000E+01
 -51.396  0.0000E+00  0.8000E+01
 -51.391  0.0000E+00  0.8000E+01
 -51.386  0.0000E+00  0.8000E+01
 -51.381  0.0000E+00  0.8000E+01
 -51.376  0.0000E+00  0.8000E+01
 -51.371  0.0000E+00  0.8000E+01
 -51.366  0.0000E+00  0.8000E+01
 -51.361  0.0000E+00  0.8000E+01
 -51.356  0.0000E+00  0.8000E+01
 -51.351  0.0000E+00  0.8000E+01
 -51.346  0.0000E+00  0.8000E+01
 -51.341  0.0000E+00  0.8000E+01
 -51.336  0.0000E+00  0.8000E+01
 -51.331  0.0000E+00  0.8000E+01
 -51.326  0.0000E+00  0.8000E+01
 -51.321  0.0000E+00  0.8000E+01
 -51.316  0.0000E+00  0.8000E+01
 -51.311  0.0000E+00  0.8000E+01
 -51.306  0.0000E+00  0.8000E+01
 -51.301  0.0000E+00  0.8000E+01
 -51.296  0.0000E+00  0.8000E+01
 -51.291  0.0000E+00  0.8000E+01
 -51.286  0.0000E+00  0.8000E+01
 -51.281  0.0000E+00  0.8000E+01
 -51.276  0.0000E+00  0.8000E+01
 -51.271  0.0000E+00  0.8000E+01
 -51.266  0.0000E+00  0.8000E+01
 -51.261  0.0000E+00  0.8000E+01
 -51.256  0.0000E+00  0.8000E+01
 -51.251  0.0000E+00  0.8000E+01
 -51.246  0.0000E+00  0.8000E+01
 -51.241  0.0000E+00  0.8000E+01
 -51.236  0.0000E+00  0.8000E+01
 -51.231  0.0000E+00  0.8000E+01
 -51.226  0.0000E+00  0.8000E+01
 -51.221  0.0000E+00  0.8000E+01
 -51.216  0.0000E+00  0.8000E+01
 -51.211  0.0000E+00  0.8000E+01
 -51.206  0.0000E+00  0.8000E+01
 -51.201  0.0000E+00  0.8000E+01
 -51.196  0.0000E+00  0.8000E+01
 -51.191  0.0000E+00  0.8000E+01
 -51.186  0.0000E+00  0.8000E+01
 -51.181  0.0000E+00  0.8000E+01
 -51.176  0.0000E+00  0.8000E+01
 -51.171  0.0000E+00  0.8000E+01
 -51.166  0.0000E+00  0.8000E+01
 -51.161  0.0000E+00  0.8000E+01
 -51.156  0.0000E+00  0.8000E+01
 -51.151  0.0000E+00  0.8000E+01
 -51.146  0.0000E+00  0.8000E+01
 -51.141  0.0000E+00  0.8000E+01
 -51.136  0.0000E+00  0.8000E+01
 -51.131  0.0000E+00  0.8000E+01
 -51.126  0.0000E+00  0.8000E+01
 -51.121  0.0000E+00  0.8000E+01
 -51.116  0.0000E+00  0.8000E+01
 -51.111  0.0000E+00  0.8000E+01
 -51.106  0.0000E+00  0.8000E+01
 -51.101  0.0000E+00  0.8000E+01
 -51.096  0.0000E+00  0.8000E+01
 -51.091  0.0000E+00  0.8000E+01
 -51.086  0.0000E+00  0.8000E+01
 -51.081  0.0000E+00  0.8000E+01
 -51.076  0.0000E+00  0.8000E+01
 -51.071  0.0000E+00  0.8000E+01
 -51.066  0.0000E+00  0.8000E+01
 -51.061  0.0000E+00  0.8000E+01
 -51.056  0.0000E+00  0.8000E+01
 -51.051  0.0000E+00  0.8000E+01
 -51.046  0.0000E+00  0.8000E+01
 -51.041  0.0000E+00  0.8000E+01
 -51.036  0.0000E+00  0.8000E+01
 -51.031  0.0000E+00  0.8000E+01
 -51.026  0.0000E+00  0.8000E+01
 -51.021  0.0000E+00  0.8000E+01
 -51.016  0.0000E+00  0.8000E+01
 -51.011  0.0000E+00  0.8000E+01
 -51.006  0.0000E+00  0.8000E+01
 -51.001  0.0000E+00  0.8000E+01
 -50.996  0.0000E+00  0.8000E+01
 -50.991  0.0000E+00  0.8000E+01
 -50.986  0.0000E+00  0.8000E+01
 -50.981  0.0000E+00  0.8000E+01
 -50.976  0.0000E+00  0.8000E+01
 -50.971  0.0000E+00  0.8000E+01
 -50.966  0.0000E+00  0.8000E+01
 -50.961  0.0000E+00  0.8000E+01
 -50.956  0.0000E+00  0.8000E+01
 -50.951  0.0000E+00  0.8000E+01
 -50.946  0.0000E+00  0.8000E+01
 -50.941  0.0000E+00  0.8000E+01
 -50.936  0.0000E+00  0.8000E+01
 -50.931  0.0000E+00  0.8000E+01
 -50.926  0.0000E+00  0.8000E+01
 -50.921  0.0000E+00  0.8000E+01
 -50.916  0.0000E+00  0.8000E+01
 -50.911  0.0000E+00  0.8000E+01
 -50.906  0.0000E+00  0.8000E+01
 -50.901  0.0000E+00  0.8000E+01
 -50.896  0.0000E+00  0.8000E+01
 -50.891  0.0000E+00  0.8000E+01
 -50.886  0.0000E+00  0.8000E+01
 -50.881  0.0000E+00  0.8000E+01
 -50.876  0.0000E+00  0.8000E+01
 -50.871  0.0000E+00  0.8000E+01
 -50.866  0.0000E+00  0.8000E+01
 -50.861  0.0000E+00  0.8000E+01
 -50.856  0.0000E+00  0.8000E+01
 -50.851  0.0000E+00  0.8000E+01
 -50.846  0.0000E+00  0.8000E+01
 -50.841  0.0000E+00  0.8000E+01
 -50.836  0.0000E+00  0.8000E+01
 -50.831  0.0000E+00  0.8000E+01
 -50.826  0.0000E+00  0.8000E+01
 -50.821  0.0000E+00  0.8000E+01
 -50.816  0.0000E+00  0.8000E+01
 -50.811  0.0000E+00  0.8000E+01
 -50.806  0.0000E+00  0.8000E+01
 -50.801  0.0000E+00  0.8000E+01
 -50.796  0.0000E+00  0.8000E+01
 -50.791  0.0000E+00  0.8000E+01
 -50.786  0.0000E+00  0.8000E+01
 -50.781  0.0000E+00  0.8000E+01
 -50.776  0.0000E+00  0.8000E+01
 -50.771  0.0000E+00  0.8000E+01
 -50.766  0.0000E+00  0.8000E+01
 -50.761  0.0000E+00  0.8000E+01
 -50.756  0.0000E+00  0.8000E+01
 -50.751  0.0000E+00  0.8000E+01
 -50.746  0.0000E+00  0.8000E+01
 -50.741  0.0000E+00  0.8000E+01
 -50.736  0.0000E+00  0.8000E+01
 -50.731  0.0000E+00  0.8000E+01
 -50.726  0.0000E+00  0.8000E+01
 -50.721  0.0000E+00  0.8000E+01
 -50.716  0.0000E+00  0.8000E+01
 -50.711  0.0000E+00  0.8000E+01
 -50.706  0.0000E+00  0.8000E+01
 -50.701  0.0000E+00  0.8000E+01
 -50.696  0.0000E+00  0.8000E+01
 -50.691  0.0000E+00  0.8000E+01
 -50.686  0.0000E+00  0.8000E+01
 -50.681  0.0000E+00  0.8000E+01
 -50.676  0.0000E+00  0.8000E+01
 -50.671  0.0000E+00  0.8000E+01
 -50.666  0.0000E+00  0.8000E+01
 -50.661  0.0000E+00  0.8000E+01
 -50.656  0.0000E+00  0.8000E+01
 -50.651  0.0000E+00  0.8000E+01
 -50.646  0.0000E+00  0.8000E+01
 -50.641  0.0000E+00  0.8000E+01
 -50.636  0.0000E+00  0.8000E+01
 -50.631  0.0000E+00  0.8000E+01
 -50.626  0.0000E+00  0.8000E+01
 -50.621  0.0000E+00  0.8000E+01
 -50.616  0.0000E+00  0.8000E+01
 -50.611  0.0000E+00  0.8000E+01
 -50.606  0.0000E+00  0.8000E+01
 -50.601  0.0000E+00  0.8000E+01
 -50.596  0.0000E+00  0.8000E+01
 -50.591  0.0000E+00  0.8000E+01
 -50.586  0.0000E+00  0.8000E+01
 -50.581  0.0000E+00  0.8000E+01
 -50.576  0.0000E+00  0.8000E+01
 -50.571  0.0000E+00  0.8000E+01
 -50.566  0.0000E+00  0.8000E+01
 -50.561  0.0000E+00  0.8000E+01
 -50.556  0.0000E+00  0.8000E+01
 -50.551  0.0000E+00  0.8000E+01
 -50.546  0.0000E+00  0.8000E+01
 -50.541  0.0000E+00  0.8000E+01
 -50.536  0.0000E+00  0.8000E+01
 -50.531  0.0000E+00  0.8000E+01
 -50.526  0.0000E+00  0.8000E+01
 -50.521  0.0000E+00  0.8000E+01
 -50.516  0.0000E+00  0.8000E+01
 -50.511  0.0000E+00  0.8000E+01
 -50.506  0.0000E+00  0.8000E+01
 -50.501  0.0000E+00  0.8000E+01
 -50.496  0.0000E+00  0.8000E+01
 -50.491  0.0000E+00  0.8000E+01
 -50.486  0.0000E+00  0.8000E+01
 -50.481  0.0000E+00  0.8000E+01
 -50.476  0.0000E+00  0.8000E+01
 -50.471  0.0000E+00  0.8000E+01
 -50.466  0.0000E+00  0.8000E+01
 -50.461  0.0000E+00  0.8000E+01
 -50.456  0.0000E+00  0.8000E+01
 -50.451  0.0000E+00  0.8000E+01
 -50.446  0.0000E+00  0.8000E+01
 -50.441  0.0000E+00  0.8000E+01
 -50.436  0.0000E+00  0.8000E+01
 -50.431  0.0000E+00  0.8000E+01
 -50.426  0.0000E+00  0.8000E+01
 -50.421  0.0000E+00  0.8000E+01
 -50.416  0.0000E+00  0.8000E+01
 -50.411  0.0000E+00  0.8000E+01
 -50.406  0.0000E+00  0.8000E+01
 -50.401  0.0000E+00  0.8000E+01
 -50.396  0.0000E+00  0.8000E+01
 -50.391  0.0000E+00  0.8000E+01
 -50.386  0.0000E+00  0.8000E+01
 -50.381  0.0000E+00  0.8000E+01
 -50.376  0.0000E+00  0.8000E+01
 -50.371  0.0000E+00  0.8000E+01
 -50.366  0.0000E+00  0.8000E+01
 -50.361  0.0000E+00  0.8000E+01
 -50.356  0.0000E+00  0.8000E+01
 -50.351  0.0000E+00  0.8000E+01
 -50.346  0.0000E+00  0.8000E+01
 -50.341  0.0000E+00  0.8000E+01
 -50.336  0.0000E+00  0.8000E+01
 -50.331  0.0000E+00  0.8000E+01
 -50.326  0.0000E+00  0.8000E+01
 -50.321  0.0000E+00  0.8000E+01
 -50.316  0.0000E+00  0.8000E+01
 -50.311  0.0000E+00  0.8000E+01
 -50.306  0.0000E+00  0.8000E+01
 -50.301  0.0000E+00  0.8000E+01
 -50.296  0.0000E+00  0.8000E+01
 -50.291  0.0000E+00  0.8000E+01
 -50.286  0.0000E+00  0.8000E+01
 -50.281  0.0000E+00  0.8000E+01
 -50.276  0.0000E+00  0.8000E+01
 -50.271  0.0000E+00  0.8000E+01
 -50.266  0.0000E+00  0.8000E+01
 -50.261  0.0000E+00  0.8000E+01
 -50.256  0.0000E+00  0.8000E+01
 -50.251  0.0000E+00  0.8000E+01
 -50.246  0.0000E+00  0.8000E+01
 -50.241  0.0000E+00  0.8000E+01
 -50.236  0.0000E+00  0.8000E+01
 -50.231  0.0000E+00  0.8000E+01
 -50.226  0.0000E+00  0.8000E+01
 -50.221  0.0000E+00  0.8000E+01
 -50.216  0.0000E+00  0.8000E+01
 -50.211  0.0000E+00  0.8000E+01
 -50.206  0.0000E+00  0.8000E+01
 -50.201  0.0000E+00  0.8000E+01
 -50.196  0.0000E+00  0.8000E+01
 -50.191  0.0000E+00  0.8000E+01
 -50.186  0.0000E+00  0.8000E+01
 -50.181  0.0000E+00  0.8000E+01
 -50.176  0.0000E+00  0.8000E+01
 -50.171  0.0000E+00  0.8000E+01
 -50.166  0.0000E+00  0.8000E+01
 -50.161  0.0000E+00  0.8000E+01
 -50.156  0.0000E+00  0.8000E+01
 -50.151  0.0000E+00  0.8000E+01
 -50.146  0.0000E+00  0.8000E+01
 -50.141  0.0000E+00  0.8000E+01
 -50.136  0.0000E+00  0.8000E+01
 -50.131  0.0000E+00  0.8000E+01
 -50.126  0.0000E+00  0.8000E+01
 -50.121  0.0000E+00  0.8000E+01
 -50.116  0.0000E+00  0.8000E+01
 -50.111  0.0000E+00  0.8000E+01
 -50.106  0.0000E+00  0.8000E+01
 -50.101  0.0000E+00  0.8000E+01
 -50.096  0.0000E+00  0.8000E+01
 -50.091  0.0000E+00  0.8000E+01
 -50.086  0.0000E+00  0.8000E+01
 -50.081  0.0000E+00  0.8000E+01
 -50.076  0.0000E+00  0.8000E+01
 -50.071  0.0000E+00  0.8000E+01
 -50.066  0.0000E+00  0.8000E+01
 -50.061  0.0000E+00  0.8000E+01
 -50.056  0.0000E+00  0.8000E+01
 -50.051  0.0000E+00  0.8000E+01
 -50.046  0.0000E+00  0.8000E+01
 -50.041  0.0000E+00  0.8000E+01
 -50.036  0.0000E+00  0.8000E+01
 -50.031  0.0000E+00  0.8000E+01
 -50.026  0.0000E+00  0.8000E+01
 -50.021  0.0000E+00  0.8000E+01
 -50.016  0.0000E+00  0.8000E+01
 -50.011  0.0000E+00  0.8000E+01
 -50.006  0.0000E+00  0.8000E+01
 -50.001  0.0000E+00  0.8000E+01
 -49.996  0.0000E+00  0.8000E+01
 -49.991  0.0000E+00  0.8000E+01
 -49.986  0.0000E+00  0.8000E+01
 -49.981  0.0000E+00  0.8000E+01
 -49.976  0.0000E+00  0.8000E+01
 -49.971  0.0000E+00  0.8000E+01
 -49.966  0.0000E+00  0.8000E+01
 -49.961  0.0000E+00  0.8000E+01
 -49.956  0.0000E+00  0.8000E+01
 -49.951  0.0000E+00  0.8000E+01
 -49.946  0.0000E+00  0.8000E+01
 -49.941  0.0000E+00  0.8000E+01
 -49.936  0.0000E+00  0.8000E+01
 -49.931  0.0000E+00  0.8000E+01
 -49.926  0.0000E+00  0.8000E+01
 -49.921  0.0000E+00  0.8000E+01
 -49.916  0.0000E+00  0.8000E+01
 -49.911  0.0000E+00  0.8000E+01
 -49.906  0.0000E+00  0.8000E+01
 -49.901  0.0000E+00  0.8000E+01
 -49.896  0.0000E+00  0.8000E+01
 -49.891  0.0000E+00  0.8000E+01
 -49.886  0.0000E+00  0.8000E+01
 -49.881  0.0000E+00  0.8000E+01
 -49.876  0.0000E+00  0.8000E+01
 -49.871  0.0000E+00  0.8000E+01
 -49.866  0.0000E+00  0.8000E+01
 -49.861  0.0000E+00  0.8000E+01
 -49.856  0.0000E+00  0.8000E+01
 -49.851  0.0000E+00  0.8000E+01
 -49.846  0.0000E+00  0.8000E+01
 -49.841  0.0000E+00  0.8000E+01
 -49.836  0.0000E+00  0.8000E+01
 -49.831  0.0000E+00  0.8000E+01
 -49.826  0.0000E+00  0.8000E+01
 -49.821  0.0000E+00  0.8000E+01
 -49.816  0.0000E+00  0.8000E+01
 -49.811  0.0000E+00  0.8000E+01
 -49.806  0.0000E+00  0.8000E+01
 -49.801  0.0000E+00  0.8000E+01
 -49.796  0.0000E+00  0.8000E+01
 -49.791  0.0000E+00  0.8000E+01
 -49.786  0.0000E+00  0.8000E+01
 -49.781  0.0000E+00  0.8000E+01
 -49.776  0.0000E+00  0.8000E+01
 -49.771  0.0000E+00  0.8000E+01
 -49.766  0.0000E+00  0.8000E+01
 -49.761  0.0000E+00  0.8000E+01
 -49.756  0.0000E+00  0.8000E+01
 -49.751  0.0000E+00  0.8000E+01
 -49.746  0.0000E+00  0.8000E+01
 -49.741  0.0000E+00  0.8000E+01
 -49.736  0.0000E+00  0.8000E+01
 -49.731  0.0000E+00  0.8000E+01
 -49.726  0.0000E+00  0.8000E+01
 -49.721  0.0000E+00  0.8000E+01
 -49.716  0.0000E+00  0.8000E+01
 -49.711  0.0000E+00  0.8000E+01
 -49.706  0.0000E+00  0.8000E+01
 -49.701  0.0000E+00  0.8000E+01
 -49.696  0.0000E+00  0.8000E+01
 -49.691  0.0000E+00  0.8000E+01
 -49.686  0.0000E+00  0.8000E+01
 -49.681  0.0000E+00  0.8000E+01
 -49.676  0.0000E+00  0.8000E+01
 -49.671  0.0000E+00  0.8000E+01
 -49.666  0.0000E+00  0.8000E+01
 -49.661  0.0000E+00  0.8000E+01
 -49.656  0.0000E+00  0.8000E+01
 -49.651  0.0000E+00  0.8000E+01
 -49.646  0.0000E+00  0.8000E+01
 -49.641  0.0000E+00  0.8000E+01
 -49.636  0.0000E+00  0.8000E+01
 -49.631  0.0000E+00  0.8000E+01
 -49.626  0.0000E+00  0.8000E+01
 -49.621  0.0000E+00  0.8000E+01
 -49.616  0.0000E+00  0.8000E+01
 -49.611  0.0000E+00  0.8000E+01
 -49.606  0.0000E+00  0.8000E+01
 -49.601  0.0000E+00  0.8000E+01
 -49.596  0.0000E+00  0.8000E+01
 -49.591  0.0000E+00  0.8000E+01
 -49.586  0.0000E+00  0.8000E+01
 -49.581  0.0000E+00  0.8000E+01
 -49.576  0.0000E+00  0.8000E+01
 -49.571  0.0000E+00  0.8000E+01
 -49.566  0.0000E+00  0.8000E+01
 -49.561  0.0000E+00  0.8000E+01
 -49.556  0.0000E+00  0.8000E+01
 -49.551  0.0000E+00  0.8000E+01
 -49.546  0.0000E+00  0.8000E+01
 -49.541  0.0000E+00  0.8000E+01
 -49.536  0.0000E+00  0.8000E+01
 -49.531  0.0000E+00  0.8000E+01
 -49.526  0.0000E+00  0.8000E+01
 -49.521  0.0000E+00  0.8000E+01
 -49.516  0.0000E+00  0.8000E+01
 -49.511  0.0000E+00  0.8000E+01
 -49.506  0.0000E+00  0.8000E+01
 -49.501  0.0000E+00  0.8000E+01
 -49.496  0.0000E+00  0.8000E+01
 -49.491  0.0000E+00  0.8000E+01
 -49.486  0.0000E+00  0.8000E+01
 -49.481  0.0000E+00  0.8000E+01
 -49.476  0.0000E+00  0.8000E+01
 -49.471  0.0000E+00  0.8000E+01
 -49.466  0.0000E+00  0.8000E+01
 -49.461  0.0000E+00  0.8000E+01
 -49.456  0.0000E+00  0.8000E+01
 -49.451  0.0000E+00  0.8000E+01
 -49.446  0.0000E+00  0.8000E+01
 -49.441  0.0000E+00  0.8000E+01
 -49.436  0.0000E+00  0.8000E+01
 -49.431  0.0000E+00  0.8000E+01
 -49.426  0.0000E+00  0.8000E+01
 -49.421  0.0000E+00  0.8000E+01
 -49.416  0.0000E+00  0.8000E+01
 -49.411  0.0000E+00  0.8000E+01
 -49.406  0.0000E+00  0.8000E+01
 -49.401  0.0000E+00  0.8000E+01
 -49.396  0.0000E+00  0.8000E+01
 -49.391  0.0000E+00  0.8000E+01
 -49.386  0.0000E+00  0.8000E+01
 -49.381  0.0000E+00  0.8000E+01
 -49.376  0.0000E+00  0.8000E+01
 -49.371  0.0000E+00  0.8000E+01
 -49.366  0.0000E+00  0.8000E+01
 -49.361  0.0000E+00  0.8000E+01
 -49.356  0.0000E+00  0.8000E+01
 -49.351  0.0000E+00  0.8000E+01
 -49.346  0.0000E+00  0.8000E+01
 -49.341  0.0000E+00  0.8000E+01
 -49.336  0.0000E+00  0.8000E+01
 -49.331  0.0000E+00  0.8000E+01
 -49.326  0.0000E+00  0.8000E+01
 -49.321  0.0000E+00  0.8000E+01
 -49.316  0.0000E+00  0.8000E+01
 -49.311  0.0000E+00  0.8000E+01
 -49.306  0.0000E+00  0.8000E+01
 -49.301  0.0000E+00  0.8000E+01
 -49.296  0.0000E+00  0.8000E+01
 -49.291  0.0000E+00  0.8000E+01
 -49.286  0.0000E+00  0.8000E+01
 -49.281  0.0000E+00  0.8000E+01
 -49.276  0.0000E+00  0.8000E+01
 -49.271  0.0000E+00  0.8000E+01
 -49.266  0.0000E+00  0.8000E+01
 -49.261  0.0000E+00  0.8000E+01
 -49.256  0.0000E+00  0.8000E+01
 -49.251  0.0000E+00  0.8000E+01
 -49.246  0.0000E+00  0.8000E+01
 -49.241  0.0000E+00  0.8000E+01
 -49.236  0.0000E+00  0.8000E+01
 -49.231  0.0000E+00  0.8000E+01
 -49.226  0.0000E+00  0.8000E+01
 -49.221  0.0000E+00  0.8000E+01
 -49.216  0.0000E+00  0.8000E+01
 -49.211  0.0000E+00  0.8000E+01
 -49.206  0.0000E+00  0.8000E+01
 -49.201  0.0000E+00  0.8000E+01
 -49.196  0.0000E+00  0.8000E+01
 -49.191  0.0000E+00  0.8000E+01
 -49.186  0.0000E+00  0.8000E+01
 -49.181  0.0000E+00  0.8000E+01
 -49.176  0.0000E+00  0.8000E+01
 -49.171  0.0000E+00  0.8000E+01
 -49.166  0.0000E+00  0.8000E+01
 -49.161  0.0000E+00  0.8000E+01
 -49.156  0.0000E+00  0.8000E+01
 -49.151  0.0000E+00  0.8000E+01
 -49.146  0.0000E+00  0.8000E+01
 -49.141  0.0000E+00  0.8000E+01
 -49.136  0.0000E+00  0.8000E+01
 -49.131  0.0000E+00  0.8000E+01
 -49.126  0.0000E+00  0.8000E+01
 -49.121  0.0000E+00  0.8000E+01
 -49.116  0.0000E+00  0.8000E+01
 -49.111  0.0000E+00  0.8000E+01
 -49.106  0.0000E+00  0.8000E+01
 -49.101  0.0000E+00  0.8000E+01
 -49.096  0.0000E+00  0.8000E+01
 -49.091  0.0000E+00  0.8000E+01
 -49.086  0.0000E+00  0.8000E+01
 -49.081  0.0000E+00  0.8000E+01
 -49.076  0.0000E+00  0.8000E+01
 -49.071  0.0000E+00  0.8000E+01
 -49.066  0.0000E+00  0.8000E+01
 -49.061  0.0000E+00  0.8000E+01
 -49.056  0.0000E+00  0.8000E+01
 -49.051  0.0000E+00  0.8000E+01
 -49.046  0.0000E+00  0.8000E+01
 -49.041  0.0000E+00  0.8000E+01
 -49.036  0.0000E+00  0.8000E+01
 -49.031  0.0000E+00  0.8000E+01
 -49.026  0.0000E+00  0.8000E+01
 -49.021  0.0000E+00  0.8000E+01
 -49.016  0.0000E+00  0.8000E+01
 -49.011  0.0000E+00  0.8000E+01
 -49.006  0.0000E+00  0.8000E+01
 -49.001  0.0000E+00  0.8000E+01
 -48.996  0.0000E+00  0.8000E+01
 -48.991  0.0000E+00  0.8000E+01
 -48.986  0.0000E+00  0.8000E+01
 -48.981  0.0000E+00  0.8000E+01
 -48.976  0.0000E+00  0.8000E+01
 -48.971  0.0000E+00  0.8000E+01
 -48.966  0.0000E+00  0.8000E+01
 -48.961  0.0000E+00  0.8000E+01
 -48.956  0.0000E+00  0.8000E+01
 -48.951  0.0000E+00  0.8000E+01
 -48.946  0.0000E+00  0.8000E+01
 -48.941  0.0000E+00  0.8000E+01
 -48.936  0.0000E+00  0.8000E+01
 -48.931  0.0000E+00  0.8000E+01
 -48.926  0.0000E+00  0.8000E+01
 -48.921  0.0000E+00  0.8000E+01
 -48.916  0.0000E+00  0.8000E+01
 -48.911  0.0000E+00  0.8000E+01
 -48.906  0.0000E+00  0.8000E+01
 -48.901  0.0000E+00  0.8000E+01
 -48.896  0.0000E+00  0.8000E+01
 -48.891  0.0000E+00  0.8000E+01
 -48.886  0.0000E+00  0.8000E+01
 -48.881  0.0000E+00  0.8000E+01
 -48.876  0.0000E+00  0.8000E+01
 -48.871  0.0000E+00  0.8000E+01
 -48.866  0.0000E+00  0.8000E+01
 -48.861  0.0000E+00  0.8000E+01
 -48.856  0.0000E+00  0.8000E+01
 -48.851  0.0000E+00  0.8000E+01
 -48.846  0.0000E+00  0.8000E+01
 -48.841  0.0000E+00  0.8000E+01
 -48.836  0.0000E+00  0.8000E+01
 -48.831  0.0000E+00  0.8000E+01
 -48.826  0.0000E+00  0.8000E+01
 -48.821  0.0000E+00  0.8000E+01
 -48.816  0.0000E+00  0.8000E+01
 -48.811  0.0000E+00  0.8000E+01
 -48.806  0.0000E+00  0.8000E+01
 -48.801  0.0000E+00  0.8000E+01
 -48.796  0.0000E+00  0.8000E+01
 -48.791  0.0000E+00  0.8000E+01
 -48.786  0.0000E+00  0.8000E+01
 -48.781  0.0000E+00  0.8000E+01
 -48.776  0.0000E+00  0.8000E+01
 -48.771  0.0000E+00  0.8000E+01
 -48.766  0.0000E+00  0.8000E+01
 -48.761  0.0000E+00  0.8000E+01
 -48.756  0.0000E+00  0.8000E+01
 -48.751  0.0000E+00  0.8000E+01
 -48.746  0.0000E+00  0.8000E+01
 -48.741  0.0000E+00  0.8000E+01
 -48.736  0.0000E+00  0.8000E+01
 -48.731  0.0000E+00  0.8000E+01
 -48.726  0.0000E+00  0.8000E+01
 -48.721  0.0000E+00  0.8000E+01
 -48.716  0.0000E+00  0.8000E+01
 -48.711  0.0000E+00  0.8000E+01
 -48.706  0.0000E+00  0.8000E+01
 -48.701  0.0000E+00  0.8000E+01
 -48.696  0.0000E+00  0.8000E+01
 -48.691  0.0000E+00  0.8000E+01
 -48.686  0.0000E+00  0.8000E+01
 -48.681  0.0000E+00  0.8000E+01
 -48.676  0.0000E+00  0.8000E+01
 -48.671  0.0000E+00  0.8000E+01
 -48.666  0.0000E+00  0.8000E+01
 -48.661  0.0000E+00  0.8000E+01
 -48.656  0.0000E+00  0.8000E+01
 -48.651  0.0000E+00  0.8000E+01
 -48.646  0.0000E+00  0.8000E+01
 -48.641  0.0000E+00  0.8000E+01
 -48.636  0.0000E+00  0.8000E+01
 -48.631  0.0000E+00  0.8000E+01
 -48.626  0.0000E+00  0.8000E+01
 -48.621  0.0000E+00  0.8000E+01
 -48.616  0.0000E+00  0.8000E+01
 -48.611  0.0000E+00  0.8000E+01
 -48.606  0.0000E+00  0.8000E+01
 -48.601  0.0000E+00  0.8000E+01
 -48.596  0.0000E+00  0.8000E+01
 -48.591  0.0000E+00  0.8000E+01
 -48.586  0.0000E+00  0.8000E+01
 -48.581  0.0000E+00  0.8000E+01
 -48.576  0.0000E+00  0.8000E+01
 -48.571  0.0000E+00  0.8000E+01
 -48.566  0.0000E+00  0.8000E+01
 -48.561  0.0000E+00  0.8000E+01
 -48.556  0.0000E+00  0.8000E+01
 -48.551  0.0000E+00  0.8000E+01
 -48.546  0.0000E+00  0.8000E+01
 -48.541  0.0000E+00  0.8000E+01
 -48.536  0.0000E+00  0.8000E+01
 -48.531  0.0000E+00  0.8000E+01
 -48.526  0.0000E+00  0.8000E+01
 -48.521  0.0000E+00  0.8000E+01
 -48.516  0.0000E+00  0.8000E+01
 -48.511  0.0000E+00  0.8000E+01
 -48.506  0.0000E+00  0.8000E+01
 -48.501  0.0000E+00  0.8000E+01
 -48.496  0.0000E+00  0.8000E+01
 -48.491  0.0000E+00  0.8000E+01
 -48.486  0.0000E+00  0.8000E+01
 -48.481  0.0000E+00  0.8000E+01
 -48.476  0.0000E+00  0.8000E+01
 -48.471  0.0000E+00  0.8000E+01
 -48.466  0.0000E+00  0.8000E+01
 -48.461  0.0000E+00  0.8000E+01
 -48.456  0.0000E+00  0.8000E+01
 -48.451  0.0000E+00  0.8000E+01
 -48.446  0.0000E+00  0.8000E+01
 -48.441  0.0000E+00  0.8000E+01
 -48.436  0.0000E+00  0.8000E+01
 -48.431  0.0000E+00  0.8000E+01
 -48.426  0.0000E+00  0.8000E+01
 -48.421  0.0000E+00  0.8000E+01
 -48.416  0.0000E+00  0.8000E+01
 -48.411  0.0000E+00  0.8000E+01
 -48.406  0.0000E+00  0.8000E+01
 -48.401  0.0000E+00  0.8000E+01
 -48.396  0.0000E+00  0.8000E+01
 -48.391  0.0000E+00  0.8000E+01
 -48.386  0.0000E+00  0.8000E+01
 -48.381  0.0000E+00  0.8000E+01
 -48.376  0.0000E+00  0.8000E+01
 -48.371  0.0000E+00  0.8000E+01
 -48.366  0.0000E+00  0.8000E+01
 -48.361  0.0000E+00  0.8000E+01
 -48.356  0.0000E+00  0.8000E+01
 -48.351  0.0000E+00  0.8000E+01
 -48.346  0.0000E+00  0.8000E+01
 -48.341  0.0000E+00  0.8000E+01
 -48.336  0.0000E+00  0.8000E+01
 -48.331  0.0000E+00  0.8000E+01
 -48.326  0.0000E+00  0.8000E+01
 -48.321  0.0000E+00  0.8000E+01
 -48.316  0.0000E+00  0.8000E+01
 -48.311  0.0000E+00  0.8000E+01
 -48.306  0.0000E+00  0.8000E+01
 -48.301  0.0000E+00  0.8000E+01
 -48.296  0.0000E+00  0.8000E+01
 -48.291  0.0000E+00  0.8000E+01
 -48.286  0.0000E+00  0.8000E+01
 -48.281  0.0000E+00  0.8000E+01
 -48.276  0.0000E+00  0.8000E+01
 -48.271  0.0000E+00  0.8000E+01
 -48.266  0.0000E+00  0.8000E+01
 -48.261  0.0000E+00  0.8000E+01
 -48.256  0.0000E+00  0.8000E+01
 -48.251  0.0000E+00  0.8000E+01
 -48.246  0.0000E+00  0.8000E+01
 -48.241  0.0000E+00  0.8000E+01
 -48.236  0.0000E+00  0.8000E+01
 -48.231  0.0000E+00  0.8000E+01
 -48.226  0.0000E+00  0.8000E+01
 -48.221  0.0000E+00  0.8000E+01
 -48.216  0.0000E+00  0.8000E+01
 -48.211  0.0000E+00  0.8000E+01
 -48.206  0.0000E+00  0.8000E+01
 -48.201  0.0000E+00  0.8000E+01
 -48.196  0.0000E+00  0.8000E+01
 -48.191  0.0000E+00  0.8000E+01
 -48.186  0.0000E+00  0.8000E+01
 -48.181  0.0000E+00  0.8000E+01
 -48.176  0.0000E+00  0.8000E+01
 -48.171  0.0000E+00  0.8000E+01
 -48.166  0.0000E+00  0.8000E+01
 -48.161  0.0000E+00  0.8000E+01
 -48.156  0.0000E+00  0.8000E+01
 -48.151  0.0000E+00  0.8000E+01
 -48.146  0.0000E+00  0.8000E+01
 -48.141  0.0000E+00  0.8000E+01
 -48.136  0.0000E+00  0.8000E+01
 -48.131  0.0000E+00  0.8000E+01
 -48.126  0.0000E+00  0.8000E+01
 -48.121  0.0000E+00  0.8000E+01
 -48.116  0.0000E+00  0.8000E+01
 -48.111  0.0000E+00  0.8000E+01
 -48.106  0.0000E+00  0.8000E+01
 -48.101  0.0000E+00  0.8000E+01
 -48.096  0.0000E+00  0.8000E+01
 -48.091  0.0000E+00  0.8000E+01
 -48.086  0.0000E+00  0.8000E+01
 -48.081  0.0000E+00  0.8000E+01
 -48.076  0.0000E+00  0.8000E+01
 -48.071  0.0000E+00  0.8000E+01
 -48.066  0.0000E+00  0.8000E+01
 -48.061  0.0000E+00  0.8000E+01
 -48.056  0.0000E+00  0.8000E+01
 -48.051  0.0000E+00  0.8000E+01
 -48.046  0.0000E+00  0.8000E+01
 -48.041  0.0000E+00  0.8000E+01
 -48.036  0.0000E+00  0.8000E+01
 -48.031  0.0000E+00  0.8000E+01
 -48.026  0.0000E+00  0.8000E+01
 -48.021  0.0000E+00  0.8000E+01
 -48.016  0.0000E+00  0.8000E+01
 -48.011  0.0000E+00  0.8000E+01
 -48.006  0.0000E+00  0.8000E+01
 -48.001  0.0000E+00  0.8000E+01
 -47.996  0.0000E+00  0.8000E+01
 -47.991  0.0000E+00  0.8000E+01
 -47.986  0.0000E+00  0.8000E+01
 -47.981  0.0000E+00  0.8000E+01
 -47.976  0.0000E+00  0.8000E+01
 -47.971  0.0000E+00  0.8000E+01
 -47.966  0.0000E+00  0.8000E+01
 -47.961  0.0000E+00  0.8000E+01
 -47.956  0.0000E+00  0.8000E+01
 -47.951  0.0000E+00  0.8000E+01
 -47.946  0.0000E+00  0.8000E+01
 -47.941  0.0000E+00  0.8000E+01
 -47.936  0.0000E+00  0.8000E+01
 -47.931  0.0000E+00  0.8000E+01
 -47.926  0.0000E+00  0.8000E+01
 -47.921  0.0000E+00  0.8000E+01
 -47.916  0.0000E+00  0.8000E+01
 -47.911  0.0000E+00  0.8000E+01
 -47.906  0.0000E+00  0.8000E+01
 -47.901  0.0000E+00  0.8000E+01
 -47.896  0.0000E+00  0.8000E+01
 -47.891  0.0000E+00  0.8000E+01
 -47.886  0.0000E+00  0.8000E+01
 -47.881  0.0000E+00  0.8000E+01
 -47.876  0.0000E+00  0.8000E+01
 -47.871  0.0000E+00  0.8000E+01
 -47.866  0.0000E+00  0.8000E+01
 -47.861  0.0000E+00  0.8000E+01
 -47.856  0.0000E+00  0.8000E+01
 -47.851  0.0000E+00  0.8000E+01
 -47.846  0.0000E+00  0.8000E+01
 -47.841  0.0000E+00  0.8000E+01
 -47.836  0.0000E+00  0.8000E+01
 -47.831  0.0000E+00  0.8000E+01
 -47.826  0.0000E+00  0.8000E+01
 -47.821  0.0000E+00  0.8000E+01
 -47.816  0.0000E+00  0.8000E+01
 -47.811  0.0000E+00  0.8000E+01
 -47.806  0.0000E+00  0.8000E+01
 -47.801  0.0000E+00  0.8000E+01
 -47.796  0.0000E+00  0.8000E+01
 -47.791  0.0000E+00  0.8000E+01
 -47.786  0.0000E+00  0.8000E+01
 -47.781  0.0000E+00  0.8000E+01
 -47.776  0.0000E+00  0.8000E+01
 -47.771  0.0000E+00  0.8000E+01
 -47.766  0.0000E+00  0.8000E+01
 -47.761  0.0000E+00  0.8000E+01
 -47.756  0.0000E+00  0.8000E+01
 -47.751  0.0000E+00  0.8000E+01
 -47.746  0.0000E+00  0.8000E+01
 -47.741  0.0000E+00  0.8000E+01
 -47.736  0.0000E+00  0.8000E+01
 -47.731  0.0000E+00  0.8000E+01
 -47.726  0.0000E+00  0.8000E+01
 -47.721  0.0000E+00  0.8000E+01
 -47.716  0.0000E+00  0.8000E+01
 -47.711  0.0000E+00  0.8000E+01
 -47.706  0.0000E+00  0.8000E+01
 -47.701  0.0000E+00  0.8000E+01
 -47.696  0.0000E+00  0.8000E+01
 -47.691  0.0000E+00  0.8000E+01
 -47.686  0.0000E+00  0.8000E+01
 -47.681  0.0000E+00  0.8000E+01
 -47.676  0.0000E+00  0.8000E+01
 -47.671  0.0000E+00  0.8000E+01
 -47.666  0.0000E+00  0.8000E+01
 -47.661  0.0000E+00  0.8000E+01
 -47.656  0.0000E+00  0.8000E+01
 -47.651  0.0000E+00  0.8000E+01
 -47.646  0.0000E+00  0.8000E+01
 -47.641  0.0000E+00  0.8000E+01
 -47.636  0.0000E+00  0.8000E+01
 -47.631  0.0000E+00  0.8000E+01
 -47.626  0.0000E+00  0.8000E+01
 -47.621  0.0000E+00  0.8000E+01
 -47.616  0.0000E+00  0.8000E+01
 -47.611  0.0000E+00  0.8000E+01
 -47.606  0.0000E+00  0.8000E+01
 -47.601  0.0000E+00  0.8000E+01
 -47.596  0.0000E+00  0.8000E+01
 -47.591  0.0000E+00  0.8000E+01
 -47.586  0.0000E+00  0.8000E+01
 -47.581  0.0000E+00  0.8000E+01
 -47.576  0.0000E+00  0.8000E+01
 -47.571  0.0000E+00  0.8000E+01
 -47.566  0.0000E+00  0.8000E+01
 -47.561  0.0000E+00  0.8000E+01
 -47.556  0.0000E+00  0.8000E+01
 -47.551  0.0000E+00  0.8000E+01
 -47.546  0.0000E+00  0.8000E+01
 -47.541  0.0000E+00  0.8000E+01
 -47.536  0.0000E+00  0.8000E+01
 -47.531  0.0000E+00  0.8000E+01
 -47.526  0.0000E+00  0.8000E+01
 -47.521  0.0000E+00  0.8000E+01
 -47.516  0.0000E+00  0.8000E+01
 -47.511  0.0000E+00  0.8000E+01
 -47.506  0.0000E+00  0.8000E+01
 -47.501  0.0000E+00  0.8000E+01
 -47.496  0.0000E+00  0.8000E+01
 -47.491  0.0000E+00  0.8000E+01
 -47.486  0.0000E+00  0.8000E+01
 -47.481  0.0000E+00  0.8000E+01
 -47.476  0.0000E+00  0.8000E+01
 -47.471  0.0000E+00  0.8000E+01
 -47.466  0.0000E+00  0.8000E+01
 -47.461  0.0000E+00  0.8000E+01
 -47.456  0.0000E+00  0.8000E+01
 -47.451  0.0000E+00  0.8000E+01
 -47.446  0.0000E+00  0.8000E+01
 -47.441  0.0000E+00  0.8000E+01
 -47.436  0.0000E+00  0.8000E+01
 -47.431  0.0000E+00  0.8000E+01
 -47.426  0.0000E+00  0.8000E+01
 -47.421  0.0000E+00  0.8000E+01
 -47.416  0.0000E+00  0.8000E+01
 -47.411  0.0000E+00  0.8000E+01
 -47.406  0.0000E+00  0.8000E+01
 -47.401  0.0000E+00  0.8000E+01
 -47.396  0.0000E+00  0.8000E+01
 -47.391  0.0000E+00  0.8000E+01
 -47.386  0.0000E+00  0.8000E+01
 -47.381  0.0000E+00  0.8000E+01
 -47.376  0.0000E+00  0.8000E+01
 -47.371  0.0000E+00  0.8000E+01
 -47.366  0.0000E+00  0.8000E+01
 -47.361  0.0000E+00  0.8000E+01
 -47.356  0.0000E+00  0.8000E+01
 -47.351  0.0000E+00  0.8000E+01
 -47.346  0.0000E+00  0.8000E+01
 -47.341  0.0000E+00  0.8000E+01
 -47.336  0.0000E+00  0.8000E+01
 -47.331  0.0000E+00  0.8000E+01
 -47.326  0.0000E+00  0.8000E+01
 -47.321  0.0000E+00  0.8000E+01
 -47.316  0.0000E+00  0.8000E+01
 -47.311  0.0000E+00  0.8000E+01
 -47.306  0.0000E+00  0.8000E+01
 -47.301  0.0000E+00  0.8000E+01
 -47.296  0.0000E+00  0.8000E+01
 -47.291  0.0000E+00  0.8000E+01
 -47.286  0.0000E+00  0.8000E+01
 -47.281  0.0000E+00  0.8000E+01
 -47.276  0.0000E+00  0.8000E+01
 -47.271  0.0000E+00  0.8000E+01
 -47.266  0.0000E+00  0.8000E+01
 -47.261  0.0000E+00  0.8000E+01
 -47.256  0.0000E+00  0.8000E+01
 -47.251  0.0000E+00  0.8000E+01
 -47.246  0.0000E+00  0.8000E+01
 -47.241  0.0000E+00  0.8000E+01
 -47.236  0.0000E+00  0.8000E+01
 -47.231  0.0000E+00  0.8000E+01
 -47.226  0.0000E+00  0.8000E+01
 -47.221  0.0000E+00  0.8000E+01
 -47.216  0.0000E+00  0.8000E+01
 -47.211  0.0000E+00  0.8000E+01
 -47.206  0.0000E+00  0.8000E+01
 -47.201  0.0000E+00  0.8000E+01
 -47.196  0.0000E+00  0.8000E+01
 -47.191  0.0000E+00  0.8000E+01
 -47.186  0.0000E+00  0.8000E+01
 -47.181  0.0000E+00  0.8000E+01
 -47.176  0.0000E+00  0.8000E+01
 -47.171  0.0000E+00  0.8000E+01
 -47.166  0.0000E+00  0.8000E+01
 -47.161  0.0000E+00  0.8000E+01
 -47.156  0.0000E+00  0.8000E+01
 -47.151  0.0000E+00  0.8000E+01
 -47.146  0.0000E+00  0.8000E+01
 -47.141  0.0000E+00  0.8000E+01
 -47.136  0.0000E+00  0.8000E+01
 -47.131  0.0000E+00  0.8000E+01
 -47.126  0.0000E+00  0.8000E+01
 -47.121  0.0000E+00  0.8000E+01
 -47.116  0.0000E+00  0.8000E+01
 -47.111  0.0000E+00  0.8000E+01
 -47.106  0.0000E+00  0.8000E+01
 -47.101  0.0000E+00  0.8000E+01
 -47.096  0.0000E+00  0.8000E+01
 -47.091  0.0000E+00  0.8000E+01
 -47.086  0.0000E+00  0.8000E+01
 -47.081  0.0000E+00  0.8000E+01
 -47.076  0.0000E+00  0.8000E+01
 -47.071  0.0000E+00  0.8000E+01
 -47.066  0.0000E+00  0.8000E+01
 -47.061  0.0000E+00  0.8000E+01
 -47.056  0.0000E+00  0.8000E+01
 -47.051  0.0000E+00  0.8000E+01
 -47.046  0.0000E+00  0.8000E+01
 -47.041  0.0000E+00  0.8000E+01
 -47.036  0.0000E+00  0.8000E+01
 -47.031  0.0000E+00  0.8000E+01
 -47.026  0.0000E+00  0.8000E+01
 -47.021  0.0000E+00  0.8000E+01
 -47.016  0.0000E+00  0.8000E+01
 -47.011  0.0000E+00  0.8000E+01
 -47.006  0.0000E+00  0.8000E+01
 -47.001  0.0000E+00  0.8000E+01
 -46.996  0.0000E+00  0.8000E+01
 -46.991  0.0000E+00  0.8000E+01
 -46.986  0.0000E+00  0.8000E+01
 -46.981  0.0000E+00  0.8000E+01
 -46.976  0.0000E+00  0.8000E+01
 -46.971  0.0000E+00  0.8000E+01
 -46.966  0.0000E+00  0.8000E+01
 -46.961  0.0000E+00  0.8000E+01
 -46.956  0.0000E+00  0.8000E+01
 -46.951  0.0000E+00  0.8000E+01
 -46.946  0.0000E+00  0.8000E+01
 -46.941  0.0000E+00  0.8000E+01
 -46.936  0.0000E+00  0.8000E+01
 -46.931  0.0000E+00  0.8000E+01
 -46.926  0.0000E+00  0.8000E+01
 -46.921  0.0000E+00  0.8000E+01
 -46.916  0.0000E+00  0.8000E+01
 -46.911  0.0000E+00  0.8000E+01
 -46.906  0.0000E+00  0.8000E+01
 -46.901  0.0000E+00  0.8000E+01
 -46.896  0.0000E+00  0.8000E+01
 -46.891  0.0000E+00  0.8000E+01
 -46.886  0.0000E+00  0.8000E+01
 -46.881  0.0000E+00  0.8000E+01
 -46.876  0.0000E+00  0.8000E+01
 -46.871  0.0000E+00  0.8000E+01
 -46.866  0.0000E+00  0.8000E+01
 -46.861  0.0000E+00  0.8000E+01
 -46.856  0.0000E+00  0.8000E+01
 -46.851  0.0000E+00  0.8000E+01
 -46.846  0.0000E+00  0.8000E+01
 -46.841  0.0000E+00  0.8000E+01
 -46.836  0.0000E+00  0.8000E+01
 -46.831  0.0000E+00  0.8000E+01
 -46.826  0.0000E+00  0.8000E+01
 -46.821  0.0000E+00  0.8000E+01
 -46.816  0.0000E+00  0.8000E+01
 -46.811  0.0000E+00  0.8000E+01
 -46.806  0.0000E+00  0.8000E+01
 -46.801  0.0000E+00  0.8000E+01
 -46.796  0.0000E+00  0.8000E+01
 -46.791  0.0000E+00  0.8000E+01
 -46.786  0.0000E+00  0.8000E+01
 -46.781  0.0000E+00  0.8000E+01
 -46.776  0.0000E+00  0.8000E+01
 -46.771  0.0000E+00  0.8000E+01
 -46.766  0.0000E+00  0.8000E+01
 -46.761  0.0000E+00  0.8000E+01
 -46.756  0.0000E+00  0.8000E+01
 -46.751  0.0000E+00  0.8000E+01
 -46.746  0.0000E+00  0.8000E+01
 -46.741  0.0000E+00  0.8000E+01
 -46.736  0.0000E+00  0.8000E+01
 -46.731  0.0000E+00  0.8000E+01
 -46.726  0.0000E+00  0.8000E+01
 -46.721  0.0000E+00  0.8000E+01
 -46.716  0.0000E+00  0.8000E+01
 -46.711  0.0000E+00  0.8000E+01
 -46.706  0.0000E+00  0.8000E+01
 -46.701  0.0000E+00  0.8000E+01
 -46.696  0.0000E+00  0.8000E+01
 -46.691  0.0000E+00  0.8000E+01
 -46.686  0.0000E+00  0.8000E+01
 -46.681  0.0000E+00  0.8000E+01
 -46.676  0.0000E+00  0.8000E+01
 -46.671  0.0000E+00  0.8000E+01
 -46.666  0.0000E+00  0.8000E+01
 -46.661  0.0000E+00  0.8000E+01
 -46.656  0.0000E+00  0.8000E+01
 -46.651  0.0000E+00  0.8000E+01
 -46.646  0.0000E+00  0.8000E+01
 -46.641  0.0000E+00  0.8000E+01
 -46.636  0.0000E+00  0.8000E+01
 -46.631  0.0000E+00  0.8000E+01
 -46.626  0.0000E+00  0.8000E+01
 -46.621  0.0000E+00  0.8000E+01
 -46.616  0.0000E+00  0.8000E+01
 -46.611  0.0000E+00  0.8000E+01
 -46.606  0.0000E+00  0.8000E+01
 -46.601  0.0000E+00  0.8000E+01
 -46.596  0.0000E+00  0.8000E+01
 -46.591  0.0000E+00  0.8000E+01
 -46.586  0.0000E+00  0.8000E+01
 -46.581  0.0000E+00  0.8000E+01
 -46.576  0.0000E+00  0.8000E+01
 -46.571  0.0000E+00  0.8000E+01
 -46.566  0.0000E+00  0.8000E+01
 -46.561  0.0000E+00  0.8000E+01
 -46.556  0.0000E+00  0.8000E+01
 -46.551  0.0000E+00  0.8000E+01
 -46.546  0.0000E+00  0.8000E+01
 -46.541  0.0000E+00  0.8000E+01
 -46.536  0.0000E+00  0.8000E+01
 -46.531  0.0000E+00  0.8000E+01
 -46.526  0.0000E+00  0.8000E+01
 -46.521  0.0000E+00  0.8000E+01
 -46.516  0.0000E+00  0.8000E+01
 -46.511  0.0000E+00  0.8000E+01
 -46.506  0.0000E+00  0.8000E+01
 -46.501  0.0000E+00  0.8000E+01
 -46.496  0.0000E+00  0.8000E+01
 -46.491  0.0000E+00  0.8000E+01
 -46.486  0.0000E+00  0.8000E+01
 -46.481  0.0000E+00  0.8000E+01
 -46.476  0.0000E+00  0.8000E+01
 -46.471  0.0000E+00  0.8000E+01
 -46.466  0.0000E+00  0.8000E+01
 -46.461  0.0000E+00  0.8000E+01
 -46.456  0.0000E+00  0.8000E+01
 -46.451  0.0000E+00  0.8000E+01
 -46.446  0.0000E+00  0.8000E+01
 -46.441  0.0000E+00  0.8000E+01
 -46.436  0.0000E+00  0.8000E+01
 -46.431  0.0000E+00  0.8000E+01
 -46.426  0.0000E+00  0.8000E+01
 -46.421  0.0000E+00  0.8000E+01
 -46.416  0.0000E+00  0.8000E+01
 -46.411  0.0000E+00  0.8000E+01
 -46.406  0.0000E+00  0.8000E+01
 -46.401  0.0000E+00  0.8000E+01
 -46.396  0.0000E+00  0.8000E+01
 -46.391  0.0000E+00  0.8000E+01
 -46.386  0.0000E+00  0.8000E+01
 -46.381  0.0000E+00  0.8000E+01
 -46.376  0.0000E+00  0.8000E+01
 -46.371  0.0000E+00  0.8000E+01
 -46.366  0.0000E+00  0.8000E+01
 -46.361  0.0000E+00  0.8000E+01
 -46.356  0.0000E+00  0.8000E+01
 -46.351  0.0000E+00  0.8000E+01
 -46.346  0.0000E+00  0.8000E+01
 -46.341  0.0000E+00  0.8000E+01
 -46.336  0.0000E+00  0.8000E+01
 -46.331  0.0000E+00  0.8000E+01
 -46.326  0.0000E+00  0.8000E+01
 -46.321  0.0000E+00  0.8000E+01
 -46.316  0.0000E+00  0.8000E+01
 -46.311  0.0000E+00  0.8000E+01
 -46.306  0.0000E+00  0.8000E+01
 -46.301  0.0000E+00  0.8000E+01
 -46.296  0.0000E+00  0.8000E+01
 -46.291  0.0000E+00  0.8000E+01
 -46.286  0.0000E+00  0.8000E+01
 -46.281  0.0000E+00  0.8000E+01
 -46.276  0.0000E+00  0.8000E+01
 -46.271  0.0000E+00  0.8000E+01
 -46.266  0.0000E+00  0.8000E+01
 -46.261  0.0000E+00  0.8000E+01
 -46.256  0.0000E+00  0.8000E+01
 -46.251  0.0000E+00  0.8000E+01
 -46.246  0.0000E+00  0.8000E+01
 -46.241  0.0000E+00  0.8000E+01
 -46.236  0.0000E+00  0.8000E+01
 -46.231  0.0000E+00  0.8000E+01
 -46.226  0.0000E+00  0.8000E+01
 -46.221  0.0000E+00  0.8000E+01
 -46.216  0.0000E+00  0.8000E+01
 -46.211  0.0000E+00  0.8000E+01
 -46.206  0.0000E+00  0.8000E+01
 -46.201  0.0000E+00  0.8000E+01
 -46.196  0.0000E+00  0.8000E+01
 -46.191  0.0000E+00  0.8000E+01
 -46.186  0.0000E+00  0.8000E+01
 -46.181  0.0000E+00  0.8000E+01
 -46.176  0.0000E+00  0.8000E+01
 -46.171  0.0000E+00  0.8000E+01
 -46.166  0.0000E+00  0.8000E+01
 -46.161  0.0000E+00  0.8000E+01
 -46.156  0.0000E+00  0.8000E+01
 -46.151  0.0000E+00  0.8000E+01
 -46.146  0.0000E+00  0.8000E+01
 -46.141  0.0000E+00  0.8000E+01
 -46.136  0.0000E+00  0.8000E+01
 -46.131  0.0000E+00  0.8000E+01
 -46.126  0.0000E+00  0.8000E+01
 -46.121  0.0000E+00  0.8000E+01
 -46.116  0.0000E+00  0.8000E+01
 -46.111  0.0000E+00  0.8000E+01
 -46.106  0.0000E+00  0.8000E+01
 -46.101  0.0000E+00  0.8000E+01
 -46.096  0.0000E+00  0.8000E+01
 -46.091  0.0000E+00  0.8000E+01
 -46.086  0.0000E+00  0.8000E+01
 -46.081  0.0000E+00  0.8000E+01
 -46.076  0.0000E+00  0.8000E+01
 -46.071  0.0000E+00  0.8000E+01
 -46.066  0.0000E+00  0.8000E+01
 -46.061  0.0000E+00  0.8000E+01
 -46.056  0.0000E+00  0.8000E+01
 -46.051  0.0000E+00  0.8000E+01
 -46.046  0.0000E+00  0.8000E+01
 -46.041  0.0000E+00  0.8000E+01
 -46.036  0.0000E+00  0.8000E+01
 -46.031  0.0000E+00  0.8000E+01
 -46.026  0.0000E+00  0.8000E+01
 -46.021  0.0000E+00  0.8000E+01
 -46.016  0.0000E+00  0.8000E+01
 -46.011  0.0000E+00  0.8000E+01
 -46.006  0.0000E+00  0.8000E+01
 -46.001  0.0000E+00  0.8000E+01
 -45.996  0.0000E+00  0.8000E+01
 -45.991  0.0000E+00  0.8000E+01
 -45.986  0.0000E+00  0.8000E+01
 -45.981  0.0000E+00  0.8000E+01
 -45.976  0.0000E+00  0.8000E+01
 -45.971  0.0000E+00  0.8000E+01
 -45.966  0.0000E+00  0.8000E+01
 -45.961  0.0000E+00  0.8000E+01
 -45.956  0.0000E+00  0.8000E+01
 -45.951  0.0000E+00  0.8000E+01
 -45.946  0.0000E+00  0.8000E+01
 -45.941  0.0000E+00  0.8000E+01
 -45.936  0.0000E+00  0.8000E+01
 -45.931  0.0000E+00  0.8000E+01
 -45.926  0.0000E+00  0.8000E+01
 -45.921  0.0000E+00  0.8000E+01
 -45.916  0.0000E+00  0.8000E+01
 -45.911  0.0000E+00  0.8000E+01
 -45.906  0.0000E+00  0.8000E+01
 -45.901  0.0000E+00  0.8000E+01
 -45.896  0.0000E+00  0.8000E+01
 -45.891  0.0000E+00  0.8000E+01
 -45.886  0.0000E+00  0.8000E+01
 -45.881  0.0000E+00  0.8000E+01
 -45.876  0.0000E+00  0.8000E+01
 -45.871  0.0000E+00  0.8000E+01
 -45.866  0.0000E+00  0.8000E+01
 -45.861  0.0000E+00  0.8000E+01
 -45.856  0.0000E+00  0.8000E+01
 -45.851  0.0000E+00  0.8000E+01
 -45.846  0.0000E+00  0.8000E+01
 -45.841  0.0000E+00  0.8000E+01
 -45.836  0.0000E+00  0.8000E+01
 -45.831  0.0000E+00  0.8000E+01
 -45.826  0.0000E+00  0.8000E+01
 -45.821  0.0000E+00  0.8000E+01
 -45.816  0.0000E+00  0.8000E+01
 -45.811  0.0000E+00  0.8000E+01
 -45.806  0.0000E+00  0.8000E+01
 -45.801  0.0000E+00  0.8000E+01
 -45.796  0.0000E+00  0.8000E+01
 -45.791  0.0000E+00  0.8000E+01
 -45.786  0.0000E+00  0.8000E+01
 -45.781  0.0000E+00  0.8000E+01
 -45.776  0.0000E+00  0.8000E+01
 -45.771  0.0000E+00  0.8000E+01
 -45.766  0.0000E+00  0.8000E+01
 -45.761  0.0000E+00  0.8000E+01
 -45.756  0.0000E+00  0.8000E+01
 -45.751  0.0000E+00  0.8000E+01
 -45.746  0.0000E+00  0.8000E+01
 -45.741  0.0000E+00  0.8000E+01
 -45.736  0.0000E+00  0.8000E+01
 -45.731  0.0000E+00  0.8000E+01
 -45.726  0.0000E+00  0.8000E+01
 -45.721  0.0000E+00  0.8000E+01
 -45.716  0.0000E+00  0.8000E+01
 -45.711  0.0000E+00  0.8000E+01
 -45.706  0.0000E+00  0.8000E+01
 -45.701  0.0000E+00  0.8000E+01
 -45.696  0.0000E+00  0.8000E+01
 -45.691  0.0000E+00  0.8000E+01
 -45.686  0.0000E+00  0.8000E+01
 -45.681  0.0000E+00  0.8000E+01
 -45.676  0.0000E+00  0.8000E+01
 -45.671  0.0000E+00  0.8000E+01
 -45.666  0.0000E+00  0.8000E+01
 -45.661  0.0000E+00  0.8000E+01
 -45.656  0.0000E+00  0.8000E+01
 -45.651  0.0000E+00  0.8000E+01
 -45.646  0.0000E+00  0.8000E+01
 -45.641  0.0000E+00  0.8000E+01
 -45.636  0.0000E+00  0.8000E+01
 -45.631  0.0000E+00  0.8000E+01
 -45.626  0.0000E+00  0.8000E+01
 -45.621  0.0000E+00  0.8000E+01
 -45.616  0.0000E+00  0.8000E+01
 -45.611  0.0000E+00  0.8000E+01
 -45.606  0.0000E+00  0.8000E+01
 -45.601  0.0000E+00  0.8000E+01
 -45.596  0.0000E+00  0.8000E+01
 -45.591  0.0000E+00  0.8000E+01
 -45.586  0.0000E+00  0.8000E+01
 -45.581  0.0000E+00  0.8000E+01
 -45.576  0.0000E+00  0.8000E+01
 -45.571  0.0000E+00  0.8000E+01
 -45.566  0.0000E+00  0.8000E+01
 -45.561  0.0000E+00  0.8000E+01
 -45.556  0.0000E+00  0.8000E+01
 -45.551  0.0000E+00  0.8000E+01
 -45.546  0.0000E+00  0.8000E+01
 -45.541  0.0000E+00  0.8000E+01
 -45.536  0.0000E+00  0.8000E+01
 -45.531  0.0000E+00  0.8000E+01
 -45.526  0.0000E+00  0.8000E+01
 -45.521  0.0000E+00  0.8000E+01
 -45.516  0.0000E+00  0.8000E+01
 -45.511  0.0000E+00  0.8000E+01
 -45.506  0.0000E+00  0.8000E+01
 -45.501  0.0000E+00  0.8000E+01
 -45.496  0.0000E+00  0.8000E+01
 -45.491  0.0000E+00  0.8000E+01
 -45.486  0.0000E+00  0.8000E+01
 -45.481  0.0000E+00  0.8000E+01
 -45.476  0.0000E+00  0.8000E+01
 -45.471  0.0000E+00  0.8000E+01
 -45.466  0.0000E+00  0.8000E+01
 -45.461  0.0000E+00  0.8000E+01
 -45.456  0.0000E+00  0.8000E+01
 -45.451  0.0000E+00  0.8000E+01
 -45.446  0.0000E+00  0.8000E+01
 -45.441  0.0000E+00  0.8000E+01
 -45.436  0.0000E+00  0.8000E+01
 -45.431  0.0000E+00  0.8000E+01
 -45.426  0.0000E+00  0.8000E+01
 -45.421  0.0000E+00  0.8000E+01
 -45.416  0.0000E+00  0.8000E+01
 -45.411  0.0000E+00  0.8000E+01
 -45.406  0.0000E+00  0.8000E+01
 -45.401  0.0000E+00  0.8000E+01
 -45.396  0.0000E+00  0.8000E+01
 -45.391  0.0000E+00  0.8000E+01
 -45.386  0.0000E+00  0.8000E+01
 -45.381  0.0000E+00  0.8000E+01
 -45.376  0.0000E+00  0.8000E+01
 -45.371  0.0000E+00  0.8000E+01
 -45.366  0.0000E+00  0.8000E+01
 -45.361  0.0000E+00  0.8000E+01
 -45.356  0.0000E+00  0.8000E+01
 -45.351  0.0000E+00  0.8000E+01
 -45.346  0.0000E+00  0.8000E+01
 -45.341  0.0000E+00  0.8000E+01
 -45.336  0.0000E+00  0.8000E+01
 -45.331  0.0000E+00  0.8000E+01
 -45.326  0.0000E+00  0.8000E+01
 -45.321  0.0000E+00  0.8000E+01
 -45.316  0.0000E+00  0.8000E+01
 -45.311  0.0000E+00  0.8000E+01
 -45.306  0.0000E+00  0.8000E+01
 -45.301  0.0000E+00  0.8000E+01
 -45.296  0.0000E+00  0.8000E+01
 -45.291  0.0000E+00  0.8000E+01
 -45.286  0.0000E+00  0.8000E+01
 -45.281  0.0000E+00  0.8000E+01
 -45.276  0.0000E+00  0.8000E+01
 -45.271  0.0000E+00  0.8000E+01
 -45.266  0.0000E+00  0.8000E+01
 -45.261  0.0000E+00  0.8000E+01
 -45.256  0.0000E+00  0.8000E+01
 -45.251  0.0000E+00  0.8000E+01
 -45.246  0.0000E+00  0.8000E+01
 -45.241  0.0000E+00  0.8000E+01
 -45.236  0.0000E+00  0.8000E+01
 -45.231  0.0000E+00  0.8000E+01
 -45.226  0.0000E+00  0.8000E+01
 -45.221  0.0000E+00  0.8000E+01
 -45.216  0.0000E+00  0.8000E+01
 -45.211  0.0000E+00  0.8000E+01
 -45.206  0.0000E+00  0.8000E+01
 -45.201  0.0000E+00  0.8000E+01
 -45.196  0.0000E+00  0.8000E+01
 -45.191  0.0000E+00  0.8000E+01
 -45.186  0.0000E+00  0.8000E+01
 -45.181  0.0000E+00  0.8000E+01
 -45.176  0.0000E+00  0.8000E+01
 -45.171  0.0000E+00  0.8000E+01
 -45.166  0.0000E+00  0.8000E+01
 -45.161  0.0000E+00  0.8000E+01
 -45.156  0.0000E+00  0.8000E+01
 -45.151  0.0000E+00  0.8000E+01
 -45.146  0.0000E+00  0.8000E+01
 -45.141  0.0000E+00  0.8000E+01
 -45.136  0.0000E+00  0.8000E+01
 -45.131  0.0000E+00  0.8000E+01
 -45.126  0.0000E+00  0.8000E+01
 -45.121  0.0000E+00  0.8000E+01
 -45.116  0.0000E+00  0.8000E+01
 -45.111  0.0000E+00  0.8000E+01
 -45.106  0.0000E+00  0.8000E+01
 -45.101  0.0000E+00  0.8000E+01
 -45.096  0.0000E+00  0.8000E+01
 -45.091  0.0000E+00  0.8000E+01
 -45.086  0.0000E+00  0.8000E+01
 -45.081  0.0000E+00  0.8000E+01
 -45.076  0.0000E+00  0.8000E+01
 -45.071  0.0000E+00  0.8000E+01
 -45.066  0.0000E+00  0.8000E+01
 -45.061  0.0000E+00  0.8000E+01
 -45.056  0.0000E+00  0.8000E+01
 -45.051  0.0000E+00  0.8000E+01
 -45.046  0.0000E+00  0.8000E+01
 -45.041  0.0000E+00  0.8000E+01
 -45.036  0.0000E+00  0.8000E+01
 -45.031  0.0000E+00  0.8000E+01
 -45.026  0.0000E+00  0.8000E+01
 -45.021  0.0000E+00  0.8000E+01
 -45.016  0.0000E+00  0.8000E+01
 -45.011  0.0000E+00  0.8000E+01
 -45.006  0.0000E+00  0.8000E+01
 -45.001  0.0000E+00  0.8000E+01
 -44.996  0.0000E+00  0.8000E+01
 -44.991  0.0000E+00  0.8000E+01
 -44.986  0.0000E+00  0.8000E+01
 -44.981  0.0000E+00  0.8000E+01
 -44.976  0.0000E+00  0.8000E+01
 -44.971  0.0000E+00  0.8000E+01
 -44.966  0.0000E+00  0.8000E+01
 -44.961  0.0000E+00  0.8000E+01
 -44.956  0.0000E+00  0.8000E+01
 -44.951  0.0000E+00  0.8000E+01
 -44.946  0.0000E+00  0.8000E+01
 -44.941  0.0000E+00  0.8000E+01
 -44.936  0.0000E+00  0.8000E+01
 -44.931  0.0000E+00  0.8000E+01
 -44.926  0.0000E+00  0.8000E+01
 -44.921  0.0000E+00  0.8000E+01
 -44.916  0.0000E+00  0.8000E+01
 -44.911  0.0000E+00  0.8000E+01
 -44.906  0.0000E+00  0.8000E+01
 -44.901  0.0000E+00  0.8000E+01
 -44.896  0.0000E+00  0.8000E+01
 -44.891  0.0000E+00  0.8000E+01
 -44.886  0.0000E+00  0.8000E+01
 -44.881  0.0000E+00  0.8000E+01
 -44.876  0.0000E+00  0.8000E+01
 -44.871  0.0000E+00  0.8000E+01
 -44.866  0.0000E+00  0.8000E+01
 -44.861  0.0000E+00  0.8000E+01
 -44.856  0.0000E+00  0.8000E+01
 -44.851  0.0000E+00  0.8000E+01
 -44.846  0.0000E+00  0.8000E+01
 -44.841  0.0000E+00  0.8000E+01
 -44.836  0.0000E+00  0.8000E+01
 -44.831  0.0000E+00  0.8000E+01
 -44.826  0.0000E+00  0.8000E+01
 -44.821  0.0000E+00  0.8000E+01
 -44.816  0.0000E+00  0.8000E+01
 -44.811  0.0000E+00  0.8000E+01
 -44.806  0.0000E+00  0.8000E+01
 -44.801  0.0000E+00  0.8000E+01
 -44.796  0.0000E+00  0.8000E+01
 -44.791  0.0000E+00  0.8000E+01
 -44.786  0.0000E+00  0.8000E+01
 -44.781  0.0000E+00  0.8000E+01
 -44.776  0.0000E+00  0.8000E+01
 -44.771  0.0000E+00  0.8000E+01
 -44.766  0.0000E+00  0.8000E+01
 -44.761  0.0000E+00  0.8000E+01
 -44.756  0.0000E+00  0.8000E+01
 -44.751  0.0000E+00  0.8000E+01
 -44.746  0.0000E+00  0.8000E+01
 -44.741  0.0000E+00  0.8000E+01
 -44.736  0.0000E+00  0.8000E+01
 -44.731  0.0000E+00  0.8000E+01
 -44.726  0.0000E+00  0.8000E+01
 -44.721  0.0000E+00  0.8000E+01
 -44.716  0.0000E+00  0.8000E+01
 -44.711  0.0000E+00  0.8000E+01
 -44.706  0.0000E+00  0.8000E+01
 -44.701  0.0000E+00  0.8000E+01
 -44.696  0.0000E+00  0.8000E+01
 -44.691  0.0000E+00  0.8000E+01
 -44.686  0.0000E+00  0.8000E+01
 -44.681  0.0000E+00  0.8000E+01
 -44.676  0.0000E+00  0.8000E+01
 -44.671  0.0000E+00  0.8000E+01
 -44.666  0.0000E+00  0.8000E+01
 -44.661  0.0000E+00  0.8000E+01
 -44.656  0.0000E+00  0.8000E+01
 -44.651  0.0000E+00  0.8000E+01
 -44.646  0.0000E+00  0.8000E+01
 -44.641  0.0000E+00  0.8000E+01
 -44.636  0.0000E+00  0.8000E+01
 -44.631  0.0000E+00  0.8000E+01
 -44.626  0.0000E+00  0.8000E+01
 -44.621  0.0000E+00  0.8000E+01
 -44.616  0.0000E+00  0.8000E+01
 -44.611  0.0000E+00  0.8000E+01
 -44.606  0.0000E+00  0.8000E+01
 -44.601  0.0000E+00  0.8000E+01
 -44.596  0.0000E+00  0.8000E+01
 -44.591  0.0000E+00  0.8000E+01
 -44.586  0.0000E+00  0.8000E+01
 -44.581  0.0000E+00  0.8000E+01
 -44.576  0.0000E+00  0.8000E+01
 -44.571  0.0000E+00  0.8000E+01
 -44.566  0.0000E+00  0.8000E+01
 -44.561  0.0000E+00  0.8000E+01
 -44.556  0.0000E+00  0.8000E+01
 -44.551  0.0000E+00  0.8000E+01
 -44.546  0.0000E+00  0.8000E+01
 -44.541  0.0000E+00  0.8000E+01
 -44.536  0.0000E+00  0.8000E+01
 -44.531  0.0000E+00  0.8000E+01
 -44.526  0.0000E+00  0.8000E+01
 -44.521  0.0000E+00  0.8000E+01
 -44.516  0.0000E+00  0.8000E+01
 -44.511  0.0000E+00  0.8000E+01
 -44.506  0.0000E+00  0.8000E+01
 -44.501  0.0000E+00  0.8000E+01
 -44.496  0.0000E+00  0.8000E+01
 -44.491  0.0000E+00  0.8000E+01
 -44.486  0.0000E+00  0.8000E+01
 -44.481  0.0000E+00  0.8000E+01
 -44.476  0.0000E+00  0.8000E+01
 -44.471  0.0000E+00  0.8000E+01
 -44.466  0.0000E+00  0.8000E+01
 -44.461  0.0000E+00  0.8000E+01
 -44.456  0.0000E+00  0.8000E+01
 -44.451  0.0000E+00  0.8000E+01
 -44.446  0.0000E+00  0.8000E+01
 -44.441  0.0000E+00  0.8000E+01
 -44.436  0.0000E+00  0.8000E+01
 -44.431  0.0000E+00  0.8000E+01
 -44.426  0.0000E+00  0.8000E+01
 -44.421  0.0000E+00  0.8000E+01
 -44.416  0.0000E+00  0.8000E+01
 -44.411  0.0000E+00  0.8000E+01
 -44.406  0.0000E+00  0.8000E+01
 -44.401  0.0000E+00  0.8000E+01
 -44.396  0.0000E+00  0.8000E+01
 -44.391  0.0000E+00  0.8000E+01
 -44.386  0.0000E+00  0.8000E+01
 -44.381  0.0000E+00  0.8000E+01
 -44.376  0.0000E+00  0.8000E+01
 -44.371  0.0000E+00  0.8000E+01
 -44.366  0.0000E+00  0.8000E+01
 -44.361  0.0000E+00  0.8000E+01
 -44.356  0.0000E+00  0.8000E+01
 -44.351  0.0000E+00  0.8000E+01
 -44.346  0.0000E+00  0.8000E+01
 -44.341  0.0000E+00  0.8000E+01
 -44.336  0.0000E+00  0.8000E+01
 -44.331  0.0000E+00  0.8000E+01
 -44.326  0.0000E+00  0.8000E+01
 -44.321  0.0000E+00  0.8000E+01
 -44.316  0.0000E+00  0.8000E+01
 -44.311  0.0000E+00  0.8000E+01
 -44.306  0.0000E+00  0.8000E+01
 -44.301  0.0000E+00  0.8000E+01
 -44.296  0.0000E+00  0.8000E+01
 -44.291  0.0000E+00  0.8000E+01
 -44.286  0.0000E+00  0.8000E+01
 -44.281  0.0000E+00  0.8000E+01
 -44.276  0.0000E+00  0.8000E+01
 -44.271  0.0000E+00  0.8000E+01
 -44.266  0.0000E+00  0.8000E+01
 -44.261  0.0000E+00  0.8000E+01
 -44.256  0.0000E+00  0.8000E+01
 -44.251  0.0000E+00  0.8000E+01
 -44.246  0.0000E+00  0.8000E+01
 -44.241  0.0000E+00  0.8000E+01
 -44.236  0.0000E+00  0.8000E+01
 -44.231  0.0000E+00  0.8000E+01
 -44.226  0.0000E+00  0.8000E+01
 -44.221  0.0000E+00  0.8000E+01
 -44.216  0.0000E+00  0.8000E+01
 -44.211  0.0000E+00  0.8000E+01
 -44.206  0.0000E+00  0.8000E+01
 -44.201  0.0000E+00  0.8000E+01
 -44.196  0.0000E+00  0.8000E+01
 -44.191  0.0000E+00  0.8000E+01
 -44.186  0.0000E+00  0.8000E+01
 -44.181  0.0000E+00  0.8000E+01
 -44.176  0.0000E+00  0.8000E+01
 -44.171  0.0000E+00  0.8000E+01
 -44.166  0.0000E+00  0.8000E+01
 -44.161  0.0000E+00  0.8000E+01
 -44.156  0.0000E+00  0.8000E+01
 -44.151  0.0000E+00  0.8000E+01
 -44.146  0.0000E+00  0.8000E+01
 -44.141  0.0000E+00  0.8000E+01
 -44.136  0.0000E+00  0.8000E+01
 -44.131  0.0000E+00  0.8000E+01
 -44.126  0.0000E+00  0.8000E+01
 -44.121  0.0000E+00  0.8000E+01
 -44.116  0.0000E+00  0.8000E+01
 -44.111  0.0000E+00  0.8000E+01
 -44.106  0.0000E+00  0.8000E+01
 -44.101  0.0000E+00  0.8000E+01
 -44.096  0.0000E+00  0.8000E+01
 -44.091  0.0000E+00  0.8000E+01
 -44.086  0.0000E+00  0.8000E+01
 -44.081  0.0000E+00  0.8000E+01
 -44.076  0.0000E+00  0.8000E+01
 -44.071  0.0000E+00  0.8000E+01
 -44.066  0.0000E+00  0.8000E+01
 -44.061  0.0000E+00  0.8000E+01
 -44.056  0.0000E+00  0.8000E+01
 -44.051  0.0000E+00  0.8000E+01
 -44.046  0.0000E+00  0.8000E+01
 -44.041  0.0000E+00  0.8000E+01
 -44.036  0.0000E+00  0.8000E+01
 -44.031  0.0000E+00  0.8000E+01
 -44.026  0.0000E+00  0.8000E+01
 -44.021  0.0000E+00  0.8000E+01
 -44.016  0.0000E+00  0.8000E+01
 -44.011  0.0000E+00  0.8000E+01
 -44.006  0.0000E+00  0.8000E+01
 -44.001  0.0000E+00  0.8000E+01
 -43.996  0.0000E+00  0.8000E+01
 -43.991  0.0000E+00  0.8000E+01
 -43.986  0.0000E+00  0.8000E+01
 -43.981  0.0000E+00  0.8000E+01
 -43.976  0.0000E+00  0.8000E+01
 -43.971  0.0000E+00  0.8000E+01
 -43.966  0.0000E+00  0.8000E+01
 -43.961  0.0000E+00  0.8000E+01
 -43.956  0.0000E+00  0.8000E+01
 -43.951  0.0000E+00  0.8000E+01
 -43.946  0.0000E+00  0.8000E+01
 -43.941  0.0000E+00  0.8000E+01
 -43.936  0.0000E+00  0.8000E+01
 -43.931  0.0000E+00  0.8000E+01
 -43.926  0.0000E+00  0.8000E+01
 -43.921  0.0000E+00  0.8000E+01
 -43.916  0.0000E+00  0.8000E+01
 -43.911  0.0000E+00  0.8000E+01
 -43.906  0.0000E+00  0.8000E+01
 -43.901  0.0000E+00  0.8000E+01
 -43.896  0.0000E+00  0.8000E+01
 -43.891  0.0000E+00  0.8000E+01
 -43.886  0.0000E+00  0.8000E+01
 -43.881  0.0000E+00  0.8000E+01
 -43.876  0.0000E+00  0.8000E+01
 -43.871  0.0000E+00  0.8000E+01
 -43.866  0.0000E+00  0.8000E+01
 -43.861  0.0000E+00  0.8000E+01
 -43.856  0.0000E+00  0.8000E+01
 -43.851  0.0000E+00  0.8000E+01
 -43.846  0.0000E+00  0.8000E+01
 -43.841  0.0000E+00  0.8000E+01
 -43.836  0.0000E+00  0.8000E+01
 -43.831  0.0000E+00  0.8000E+01
 -43.826  0.0000E+00  0.8000E+01
 -43.821  0.0000E+00  0.8000E+01
 -43.816  0.0000E+00  0.8000E+01
 -43.811  0.0000E+00  0.8000E+01
 -43.806  0.0000E+00  0.8000E+01
 -43.801  0.0000E+00  0.8000E+01
 -43.796  0.0000E+00  0.8000E+01
 -43.791  0.0000E+00  0.8000E+01
 -43.786  0.0000E+00  0.8000E+01
 -43.781  0.0000E+00  0.8000E+01
 -43.776  0.0000E+00  0.8000E+01
 -43.771  0.0000E+00  0.8000E+01
 -43.766  0.0000E+00  0.8000E+01
 -43.761  0.0000E+00  0.8000E+01
 -43.756  0.0000E+00  0.8000E+01
 -43.751  0.0000E+00  0.8000E+01
 -43.746  0.0000E+00  0.8000E+01
 -43.741  0.0000E+00  0.8000E+01
 -43.736  0.0000E+00  0.8000E+01
 -43.731  0.0000E+00  0.8000E+01
 -43.726  0.0000E+00  0.8000E+01
 -43.721  0.0000E+00  0.8000E+01
 -43.716  0.0000E+00  0.8000E+01
 -43.711  0.0000E+00  0.8000E+01
 -43.706  0.0000E+00  0.8000E+01
 -43.701  0.0000E+00  0.8000E+01
 -43.696  0.0000E+00  0.8000E+01
 -43.691  0.0000E+00  0.8000E+01
 -43.686  0.0000E+00  0.8000E+01
 -43.681  0.0000E+00  0.8000E+01
 -43.676  0.0000E+00  0.8000E+01
 -43.671  0.0000E+00  0.8000E+01
 -43.666  0.0000E+00  0.8000E+01
 -43.661  0.0000E+00  0.8000E+01
 -43.656  0.0000E+00  0.8000E+01
 -43.651  0.0000E+00  0.8000E+01
 -43.646  0.0000E+00  0.8000E+01
 -43.641  0.0000E+00  0.8000E+01
 -43.636  0.0000E+00  0.8000E+01
 -43.631  0.0000E+00  0.8000E+01
 -43.626  0.0000E+00  0.8000E+01
 -43.621  0.0000E+00  0.8000E+01
 -43.616  0.0000E+00  0.8000E+01
 -43.611  0.0000E+00  0.8000E+01
 -43.606  0.0000E+00  0.8000E+01
 -43.601  0.0000E+00  0.8000E+01
 -43.596  0.0000E+00  0.8000E+01
 -43.591  0.0000E+00  0.8000E+01
 -43.586  0.0000E+00  0.8000E+01
 -43.581  0.0000E+00  0.8000E+01
 -43.576  0.0000E+00  0.8000E+01
 -43.571  0.0000E+00  0.8000E+01
 -43.566  0.0000E+00  0.8000E+01
 -43.561  0.0000E+00  0.8000E+01
 -43.556  0.0000E+00  0.8000E+01
 -43.551  0.0000E+00  0.8000E+01
 -43.546  0.0000E+00  0.8000E+01
 -43.541  0.0000E+00  0.8000E+01
 -43.536  0.0000E+00  0.8000E+01
 -43.531  0.0000E+00  0.8000E+01
 -43.526  0.0000E+00  0.8000E+01
 -43.521  0.0000E+00  0.8000E+01
 -43.516  0.0000E+00  0.8000E+01
 -43.511  0.0000E+00  0.8000E+01
 -43.506  0.0000E+00  0.8000E+01
 -43.501  0.0000E+00  0.8000E+01
 -43.496  0.0000E+00  0.8000E+01
 -43.491  0.0000E+00  0.8000E+01
 -43.486  0.0000E+00  0.8000E+01
 -43.481  0.0000E+00  0.8000E+01
 -43.476  0.0000E+00  0.8000E+01
 -43.471  0.0000E+00  0.8000E+01
 -43.466  0.0000E+00  0.8000E+01
 -43.461  0.0000E+00  0.8000E+01
 -43.456  0.0000E+00  0.8000E+01
 -43.451  0.0000E+00  0.8000E+01
 -43.446  0.0000E+00  0.8000E+01
 -43.441  0.0000E+00  0.8000E+01
 -43.436  0.0000E+00  0.8000E+01
 -43.431  0.0000E+00  0.8000E+01
 -43.426  0.0000E+00  0.8000E+01
 -43.421  0.0000E+00  0.8000E+01
 -43.416  0.0000E+00  0.8000E+01
 -43.411  0.0000E+00  0.8000E+01
 -43.406  0.0000E+00  0.8000E+01
 -43.401  0.0000E+00  0.8000E+01
 -43.396  0.0000E+00  0.8000E+01
 -43.391  0.0000E+00  0.8000E+01
 -43.386  0.0000E+00  0.8000E+01
 -43.381  0.0000E+00  0.8000E+01
 -43.376  0.0000E+00  0.8000E+01
 -43.371  0.0000E+00  0.8000E+01
 -43.366  0.0000E+00  0.8000E+01
 -43.361  0.0000E+00  0.8000E+01
 -43.356  0.0000E+00  0.8000E+01
 -43.351  0.0000E+00  0.8000E+01
 -43.346  0.0000E+00  0.8000E+01
 -43.341  0.0000E+00  0.8000E+01
 -43.336  0.0000E+00  0.8000E+01
 -43.331  0.0000E+00  0.8000E+01
 -43.326  0.0000E+00  0.8000E+01
 -43.321  0.0000E+00  0.8000E+01
 -43.316  0.0000E+00  0.8000E+01
 -43.311  0.0000E+00  0.8000E+01
 -43.306  0.0000E+00  0.8000E+01
 -43.301  0.0000E+00  0.8000E+01
 -43.296  0.0000E+00  0.8000E+01
 -43.291  0.0000E+00  0.8000E+01
 -43.286  0.0000E+00  0.8000E+01
 -43.281  0.0000E+00  0.8000E+01
 -43.276  0.0000E+00  0.8000E+01
 -43.271  0.0000E+00  0.8000E+01
 -43.266  0.0000E+00  0.8000E+01
 -43.261  0.0000E+00  0.8000E+01
 -43.256  0.0000E+00  0.8000E+01
 -43.251  0.0000E+00  0.8000E+01
 -43.246  0.0000E+00  0.8000E+01
 -43.241  0.0000E+00  0.8000E+01
 -43.236  0.0000E+00  0.8000E+01
 -43.231  0.0000E+00  0.8000E+01
 -43.226  0.0000E+00  0.8000E+01
 -43.221  0.0000E+00  0.8000E+01
 -43.216  0.0000E+00  0.8000E+01
 -43.211  0.0000E+00  0.8000E+01
 -43.206  0.0000E+00  0.8000E+01
 -43.201  0.0000E+00  0.8000E+01
 -43.196  0.0000E+00  0.8000E+01
 -43.191  0.0000E+00  0.8000E+01
 -43.186  0.0000E+00  0.8000E+01
 -43.181  0.0000E+00  0.8000E+01
 -43.176  0.0000E+00  0.8000E+01
 -43.171  0.0000E+00  0.8000E+01
 -43.166  0.0000E+00  0.8000E+01
 -43.161  0.0000E+00  0.8000E+01
 -43.156  0.0000E+00  0.8000E+01
 -43.151  0.0000E+00  0.8000E+01
 -43.146  0.0000E+00  0.8000E+01
 -43.141  0.0000E+00  0.8000E+01
 -43.136  0.0000E+00  0.8000E+01
 -43.131  0.0000E+00  0.8000E+01
 -43.126  0.0000E+00  0.8000E+01
 -43.121  0.0000E+00  0.8000E+01
 -43.116  0.0000E+00  0.8000E+01
 -43.111  0.0000E+00  0.8000E+01
 -43.106  0.0000E+00  0.8000E+01
 -43.101  0.0000E+00  0.8000E+01
 -43.096  0.0000E+00  0.8000E+01
 -43.091  0.0000E+00  0.8000E+01
 -43.086  0.0000E+00  0.8000E+01
 -43.081  0.0000E+00  0.8000E+01
 -43.076  0.0000E+00  0.8000E+01
 -43.071  0.0000E+00  0.8000E+01
 -43.066  0.0000E+00  0.8000E+01
 -43.061  0.0000E+00  0.8000E+01
 -43.056  0.0000E+00  0.8000E+01
 -43.051  0.0000E+00  0.8000E+01
 -43.046  0.0000E+00  0.8000E+01
 -43.041  0.0000E+00  0.8000E+01
 -43.036  0.0000E+00  0.8000E+01
 -43.031  0.0000E+00  0.8000E+01
 -43.026  0.0000E+00  0.8000E+01
 -43.021  0.0000E+00  0.8000E+01
 -43.016  0.0000E+00  0.8000E+01
 -43.011  0.0000E+00  0.8000E+01
 -43.006  0.0000E+00  0.8000E+01
 -43.001  0.0000E+00  0.8000E+01
 -42.996  0.0000E+00  0.8000E+01
 -42.991  0.0000E+00  0.8000E+01
 -42.986  0.0000E+00  0.8000E+01
 -42.981  0.0000E+00  0.8000E+01
 -42.976  0.0000E+00  0.8000E+01
 -42.971  0.0000E+00  0.8000E+01
 -42.966  0.0000E+00  0.8000E+01
 -42.961  0.0000E+00  0.8000E+01
 -42.956  0.0000E+00  0.8000E+01
 -42.951  0.0000E+00  0.8000E+01
 -42.946  0.0000E+00  0.8000E+01
 -42.941  0.0000E+00  0.8000E+01
 -42.936  0.0000E+00  0.8000E+01
 -42.931  0.0000E+00  0.8000E+01
 -42.926  0.0000E+00  0.8000E+01
 -42.921  0.0000E+00  0.8000E+01
 -42.916  0.0000E+00  0.8000E+01
 -42.911  0.0000E+00  0.8000E+01
 -42.906  0.0000E+00  0.8000E+01
 -42.901  0.0000E+00  0.8000E+01
 -42.896  0.0000E+00  0.8000E+01
 -42.891  0.0000E+00  0.8000E+01
 -42.886  0.0000E+00  0.8000E+01
 -42.881  0.0000E+00  0.8000E+01
 -42.876  0.0000E+00  0.8000E+01
 -42.871  0.0000E+00  0.8000E+01
 -42.866  0.0000E+00  0.8000E+01
 -42.861  0.0000E+00  0.8000E+01
 -42.856  0.0000E+00  0.8000E+01
 -42.851  0.0000E+00  0.8000E+01
 -42.846  0.0000E+00  0.8000E+01
 -42.841  0.0000E+00  0.8000E+01
 -42.836  0.0000E+00  0.8000E+01
 -42.831  0.0000E+00  0.8000E+01
 -42.826  0.0000E+00  0.8000E+01
 -42.821  0.0000E+00  0.8000E+01
 -42.816  0.0000E+00  0.8000E+01
 -42.811  0.0000E+00  0.8000E+01
 -42.806  0.0000E+00  0.8000E+01
 -42.801  0.0000E+00  0.8000E+01
 -42.796  0.0000E+00  0.8000E+01
 -42.791  0.0000E+00  0.8000E+01
 -42.786  0.0000E+00  0.8000E+01
 -42.781  0.0000E+00  0.8000E+01
 -42.776  0.0000E+00  0.8000E+01
 -42.771  0.0000E+00  0.8000E+01
 -42.766  0.0000E+00  0.8000E+01
 -42.761  0.0000E+00  0.8000E+01
 -42.756  0.0000E+00  0.8000E+01
 -42.751  0.0000E+00  0.8000E+01
 -42.746  0.0000E+00  0.8000E+01
 -42.741  0.0000E+00  0.8000E+01
 -42.736  0.0000E+00  0.8000E+01
 -42.731  0.0000E+00  0.8000E+01
 -42.726  0.0000E+00  0.8000E+01
 -42.721  0.0000E+00  0.8000E+01
 -42.716  0.0000E+00  0.8000E+01
 -42.711  0.0000E+00  0.8000E+01
 -42.706  0.0000E+00  0.8000E+01
 -42.701  0.0000E+00  0.8000E+01
 -42.696  0.0000E+00  0.8000E+01
 -42.691  0.0000E+00  0.8000E+01
 -42.686  0.0000E+00  0.8000E+01
 -42.681  0.0000E+00  0.8000E+01
 -42.676  0.0000E+00  0.8000E+01
 -42.671  0.0000E+00  0.8000E+01
 -42.666  0.0000E+00  0.8000E+01
 -42.661  0.0000E+00  0.8000E+01
 -42.656  0.0000E+00  0.8000E+01
 -42.651  0.0000E+00  0.8000E+01
 -42.646  0.0000E+00  0.8000E+01
 -42.641  0.0000E+00  0.8000E+01
 -42.636  0.0000E+00  0.8000E+01
 -42.631  0.0000E+00  0.8000E+01
 -42.626  0.0000E+00  0.8000E+01
 -42.621  0.0000E+00  0.8000E+01
 -42.616  0.0000E+00  0.8000E+01
 -42.611  0.0000E+00  0.8000E+01
 -42.606  0.0000E+00  0.8000E+01
 -42.601  0.0000E+00  0.8000E+01
 -42.596  0.0000E+00  0.8000E+01
 -42.591  0.0000E+00  0.8000E+01
 -42.586  0.0000E+00  0.8000E+01
 -42.581  0.0000E+00  0.8000E+01
 -42.576  0.0000E+00  0.8000E+01
 -42.571  0.0000E+00  0.8000E+01
 -42.566  0.0000E+00  0.8000E+01
 -42.561  0.0000E+00  0.8000E+01
 -42.556  0.0000E+00  0.8000E+01
 -42.551  0.0000E+00  0.8000E+01
 -42.546  0.0000E+00  0.8000E+01
 -42.541  0.0000E+00  0.8000E+01
 -42.536  0.0000E+00  0.8000E+01
 -42.531  0.0000E+00  0.8000E+01
 -42.526  0.0000E+00  0.8000E+01
 -42.521  0.0000E+00  0.8000E+01
 -42.516  0.0000E+00  0.8000E+01
 -42.511  0.0000E+00  0.8000E+01
 -42.506  0.0000E+00  0.8000E+01
 -42.501  0.0000E+00  0.8000E+01
 -42.496  0.0000E+00  0.8000E+01
 -42.491  0.0000E+00  0.8000E+01
 -42.486  0.0000E+00  0.8000E+01
 -42.481  0.0000E+00  0.8000E+01
 -42.476  0.0000E+00  0.8000E+01
 -42.471  0.0000E+00  0.8000E+01
 -42.466  0.0000E+00  0.8000E+01
 -42.461  0.0000E+00  0.8000E+01
 -42.456  0.0000E+00  0.8000E+01
 -42.451  0.0000E+00  0.8000E+01
 -42.446  0.0000E+00  0.8000E+01
 -42.441  0.0000E+00  0.8000E+01
 -42.436  0.0000E+00  0.8000E+01
 -42.431  0.0000E+00  0.8000E+01
 -42.426  0.0000E+00  0.8000E+01
 -42.421  0.0000E+00  0.8000E+01
 -42.416  0.0000E+00  0.8000E+01
 -42.411  0.0000E+00  0.8000E+01
 -42.406  0.0000E+00  0.8000E+01
 -42.401  0.0000E+00  0.8000E+01
 -42.396  0.0000E+00  0.8000E+01
 -42.391  0.0000E+00  0.8000E+01
 -42.386  0.0000E+00  0.8000E+01
 -42.381  0.0000E+00  0.8000E+01
 -42.376  0.0000E+00  0.8000E+01
 -42.371  0.0000E+00  0.8000E+01
 -42.366  0.0000E+00  0.8000E+01
 -42.361  0.0000E+00  0.8000E+01
 -42.356  0.0000E+00  0.8000E+01
 -42.351  0.0000E+00  0.8000E+01
 -42.346  0.0000E+00  0.8000E+01
 -42.341  0.0000E+00  0.8000E+01
 -42.336  0.0000E+00  0.8000E+01
 -42.331  0.0000E+00  0.8000E+01
 -42.326  0.0000E+00  0.8000E+01
 -42.321  0.0000E+00  0.8000E+01
 -42.316  0.0000E+00  0.8000E+01
 -42.311  0.0000E+00  0.8000E+01
 -42.306  0.0000E+00  0.8000E+01
 -42.301  0.0000E+00  0.8000E+01
 -42.296  0.0000E+00  0.8000E+01
 -42.291  0.0000E+00  0.8000E+01
 -42.286  0.0000E+00  0.8000E+01
 -42.281  0.0000E+00  0.8000E+01
 -42.276  0.0000E+00  0.8000E+01
 -42.271  0.0000E+00  0.8000E+01
 -42.266  0.0000E+00  0.8000E+01
 -42.261  0.0000E+00  0.8000E+01
 -42.256  0.0000E+00  0.8000E+01
 -42.251  0.0000E+00  0.8000E+01
 -42.246  0.0000E+00  0.8000E+01
 -42.241  0.0000E+00  0.8000E+01
 -42.236  0.0000E+00  0.8000E+01
 -42.231  0.0000E+00  0.8000E+01
 -42.226  0.0000E+00  0.8000E+01
 -42.221  0.0000E+00  0.8000E+01
 -42.216  0.0000E+00  0.8000E+01
 -42.211  0.0000E+00  0.8000E+01
 -42.206  0.0000E+00  0.8000E+01
 -42.201  0.0000E+00  0.8000E+01
 -42.196  0.0000E+00  0.8000E+01
 -42.191  0.0000E+00  0.8000E+01
 -42.186  0.0000E+00  0.8000E+01
 -42.181  0.0000E+00  0.8000E+01
 -42.176  0.0000E+00  0.8000E+01
 -42.171  0.0000E+00  0.8000E+01
 -42.166  0.0000E+00  0.8000E+01
 -42.161  0.0000E+00  0.8000E+01
 -42.156  0.0000E+00  0.8000E+01
 -42.151  0.0000E+00  0.8000E+01
 -42.146  0.0000E+00  0.8000E+01
 -42.141  0.0000E+00  0.8000E+01
 -42.136  0.0000E+00  0.8000E+01
 -42.131  0.0000E+00  0.8000E+01
 -42.126  0.0000E+00  0.8000E+01
 -42.121  0.0000E+00  0.8000E+01
 -42.116  0.0000E+00  0.8000E+01
 -42.111  0.0000E+00  0.8000E+01
 -42.106  0.0000E+00  0.8000E+01
 -42.101  0.0000E+00  0.8000E+01
 -42.096  0.0000E+00  0.8000E+01
 -42.091  0.0000E+00  0.8000E+01
 -42.086  0.0000E+00  0.8000E+01
 -42.081  0.0000E+00  0.8000E+01
 -42.076  0.0000E+00  0.8000E+01
 -42.071  0.0000E+00  0.8000E+01
 -42.066  0.0000E+00  0.8000E+01
 -42.061  0.0000E+00  0.8000E+01
 -42.056  0.0000E+00  0.8000E+01
 -42.051  0.0000E+00  0.8000E+01
 -42.046  0.0000E+00  0.8000E+01
 -42.041  0.0000E+00  0.8000E+01
 -42.036  0.0000E+00  0.8000E+01
 -42.031  0.0000E+00  0.8000E+01
 -42.026  0.0000E+00  0.8000E+01
 -42.021  0.0000E+00  0.8000E+01
 -42.016  0.0000E+00  0.8000E+01
 -42.011  0.0000E+00  0.8000E+01
 -42.006  0.0000E+00  0.8000E+01
 -42.001  0.0000E+00  0.8000E+01
 -41.996  0.0000E+00  0.8000E+01
 -41.991  0.0000E+00  0.8000E+01
 -41.986  0.0000E+00  0.8000E+01
 -41.981  0.0000E+00  0.8000E+01
 -41.976  0.0000E+00  0.8000E+01
 -41.971  0.0000E+00  0.8000E+01
 -41.966  0.0000E+00  0.8000E+01
 -41.961  0.0000E+00  0.8000E+01
 -41.956  0.0000E+00  0.8000E+01
 -41.951  0.0000E+00  0.8000E+01
 -41.946  0.0000E+00  0.8000E+01
 -41.941  0.0000E+00  0.8000E+01
 -41.936  0.0000E+00  0.8000E+01
 -41.931  0.0000E+00  0.8000E+01
 -41.926  0.0000E+00  0.8000E+01
 -41.921  0.0000E+00  0.8000E+01
 -41.916  0.0000E+00  0.8000E+01
 -41.911  0.0000E+00  0.8000E+01
 -41.906  0.0000E+00  0.8000E+01
 -41.901  0.0000E+00  0.8000E+01
 -41.896  0.0000E+00  0.8000E+01
 -41.891  0.0000E+00  0.8000E+01
 -41.886  0.0000E+00  0.8000E+01
 -41.881  0.0000E+00  0.8000E+01
 -41.876  0.0000E+00  0.8000E+01
 -41.871  0.0000E+00  0.8000E+01
 -41.866  0.0000E+00  0.8000E+01
 -41.861  0.0000E+00  0.8000E+01
 -41.856  0.0000E+00  0.8000E+01
 -41.851  0.0000E+00  0.8000E+01
 -41.846  0.0000E+00  0.8000E+01
 -41.841  0.0000E+00  0.8000E+01
 -41.836  0.0000E+00  0.8000E+01
 -41.831  0.0000E+00  0.8000E+01
 -41.826  0.0000E+00  0.8000E+01
 -41.821  0.0000E+00  0.8000E+01
 -41.816  0.0000E+00  0.8000E+01
 -41.811  0.0000E+00  0.8000E+01
 -41.806  0.0000E+00  0.8000E+01
 -41.801  0.0000E+00  0.8000E+01
 -41.796  0.0000E+00  0.8000E+01
 -41.791  0.0000E+00  0.8000E+01
 -41.786  0.0000E+00  0.8000E+01
 -41.781  0.0000E+00  0.8000E+01
 -41.776  0.0000E+00  0.8000E+01
 -41.771  0.0000E+00  0.8000E+01
 -41.766  0.0000E+00  0.8000E+01
 -41.761  0.0000E+00  0.8000E+01
 -41.756  0.0000E+00  0.8000E+01
 -41.751  0.0000E+00  0.8000E+01
 -41.746  0.0000E+00  0.8000E+01
 -41.741  0.0000E+00  0.8000E+01
 -41.736  0.0000E+00  0.8000E+01
 -41.731  0.0000E+00  0.8000E+01
 -41.726  0.0000E+00  0.8000E+01
 -41.721  0.0000E+00  0.8000E+01
 -41.716  0.0000E+00  0.8000E+01
 -41.711  0.0000E+00  0.8000E+01
 -41.706  0.0000E+00  0.8000E+01
 -41.701  0.0000E+00  0.8000E+01
 -41.696  0.0000E+00  0.8000E+01
 -41.691  0.0000E+00  0.8000E+01
 -41.686  0.0000E+00  0.8000E+01
 -41.681  0.0000E+00  0.8000E+01
 -41.676  0.0000E+00  0.8000E+01
 -41.671  0.0000E+00  0.8000E+01
 -41.666  0.0000E+00  0.8000E+01
 -41.661  0.0000E+00  0.8000E+01
 -41.656  0.0000E+00  0.8000E+01
 -41.651  0.0000E+00  0.8000E+01
 -41.646  0.0000E+00  0.8000E+01
 -41.641  0.0000E+00  0.8000E+01
 -41.636  0.0000E+00  0.8000E+01
 -41.631  0.0000E+00  0.8000E+01
 -41.626  0.0000E+00  0.8000E+01
 -41.621  0.0000E+00  0.8000E+01
 -41.616  0.0000E+00  0.8000E+01
 -41.611  0.0000E+00  0.8000E+01
 -41.606  0.0000E+00  0.8000E+01
 -41.601  0.0000E+00  0.8000E+01
 -41.596  0.0000E+00  0.8000E+01
 -41.591  0.0000E+00  0.8000E+01
 -41.586  0.0000E+00  0.8000E+01
 -41.581  0.0000E+00  0.8000E+01
 -41.576  0.0000E+00  0.8000E+01
 -41.571  0.0000E+00  0.8000E+01
 -41.566  0.0000E+00  0.8000E+01
 -41.561  0.0000E+00  0.8000E+01
 -41.556  0.0000E+00  0.8000E+01
 -41.551  0.0000E+00  0.8000E+01
 -41.546  0.0000E+00  0.8000E+01
 -41.541  0.0000E+00  0.8000E+01
 -41.536  0.0000E+00  0.8000E+01
 -41.531  0.0000E+00  0.8000E+01
 -41.526  0.0000E+00  0.8000E+01
 -41.521  0.0000E+00  0.8000E+01
 -41.516  0.0000E+00  0.8000E+01
 -41.511  0.0000E+00  0.8000E+01
 -41.506  0.0000E+00  0.8000E+01
 -41.501  0.0000E+00  0.8000E+01
 -41.496  0.0000E+00  0.8000E+01
 -41.491  0.0000E+00  0.8000E+01
 -41.486  0.0000E+00  0.8000E+01
 -41.481  0.0000E+00  0.8000E+01
 -41.476  0.0000E+00  0.8000E+01
 -41.471  0.0000E+00  0.8000E+01
 -41.466  0.0000E+00  0.8000E+01
 -41.461  0.0000E+00  0.8000E+01
 -41.456  0.0000E+00  0.8000E+01
 -41.451  0.0000E+00  0.8000E+01
 -41.446  0.0000E+00  0.8000E+01
 -41.441  0.0000E+00  0.8000E+01
 -41.436  0.0000E+00  0.8000E+01
 -41.431  0.0000E+00  0.8000E+01
 -41.426  0.0000E+00  0.8000E+01
 -41.421  0.0000E+00  0.8000E+01
 -41.416  0.0000E+00  0.8000E+01
 -41.411  0.0000E+00  0.8000E+01
 -41.406  0.0000E+00  0.8000E+01
 -41.401  0.0000E+00  0.8000E+01
 -41.396  0.0000E+00  0.8000E+01
 -41.391  0.0000E+00  0.8000E+01
 -41.386  0.0000E+00  0.8000E+01
 -41.381  0.0000E+00  0.8000E+01
 -41.376  0.0000E+00  0.8000E+01
 -41.371  0.0000E+00  0.8000E+01
 -41.366  0.0000E+00  0.8000E+01
 -41.361  0.0000E+00  0.8000E+01
 -41.356  0.0000E+00  0.8000E+01
 -41.351  0.0000E+00  0.8000E+01
 -41.346  0.0000E+00  0.8000E+01
 -41.341  0.0000E+00  0.8000E+01
 -41.336  0.0000E+00  0.8000E+01
 -41.331  0.0000E+00  0.8000E+01
 -41.326  0.0000E+00  0.8000E+01
 -41.321  0.0000E+00  0.8000E+01
 -41.316  0.0000E+00  0.8000E+01
 -41.311  0.0000E+00  0.8000E+01
 -41.306  0.0000E+00  0.8000E+01
 -41.301  0.0000E+00  0.8000E+01
 -41.296  0.0000E+00  0.8000E+01
 -41.291  0.0000E+00  0.8000E+01
 -41.286  0.0000E+00  0.8000E+01
 -41.281  0.0000E+00  0.8000E+01
 -41.276  0.0000E+00  0.8000E+01
 -41.271  0.0000E+00  0.8000E+01
 -41.266  0.0000E+00  0.8000E+01
 -41.261  0.0000E+00  0.8000E+01
 -41.256  0.0000E+00  0.8000E+01
 -41.251  0.0000E+00  0.8000E+01
 -41.246  0.0000E+00  0.8000E+01
 -41.241  0.0000E+00  0.8000E+01
 -41.236  0.0000E+00  0.8000E+01
 -41.231  0.0000E+00  0.8000E+01
 -41.226  0.0000E+00  0.8000E+01
 -41.221  0.0000E+00  0.8000E+01
 -41.216  0.0000E+00  0.8000E+01
 -41.211  0.0000E+00  0.8000E+01
 -41.206  0.0000E+00  0.8000E+01
 -41.201  0.0000E+00  0.8000E+01
 -41.196  0.0000E+00  0.8000E+01
 -41.191  0.0000E+00  0.8000E+01
 -41.186  0.0000E+00  0.8000E+01
 -41.181  0.0000E+00  0.8000E+01
 -41.176  0.0000E+00  0.8000E+01
 -41.171  0.0000E+00  0.8000E+01
 -41.166  0.0000E+00  0.8000E+01
 -41.161  0.0000E+00  0.8000E+01
 -41.156  0.0000E+00  0.8000E+01
 -41.151  0.0000E+00  0.8000E+01
 -41.146  0.0000E+00  0.8000E+01
 -41.141  0.0000E+00  0.8000E+01
 -41.136  0.0000E+00  0.8000E+01
 -41.131  0.0000E+00  0.8000E+01
 -41.126  0.0000E+00  0.8000E+01
 -41.121  0.0000E+00  0.8000E+01
 -41.116  0.0000E+00  0.8000E+01
 -41.111  0.0000E+00  0.8000E+01
 -41.106  0.0000E+00  0.8000E+01
 -41.101  0.0000E+00  0.8000E+01
 -41.096  0.0000E+00  0.8000E+01
 -41.091  0.0000E+00  0.8000E+01
 -41.086  0.0000E+00  0.8000E+01
 -41.081  0.0000E+00  0.8000E+01
 -41.076  0.0000E+00  0.8000E+01
 -41.071  0.0000E+00  0.8000E+01
 -41.066  0.0000E+00  0.8000E+01
 -41.061  0.0000E+00  0.8000E+01
 -41.056  0.0000E+00  0.8000E+01
 -41.051  0.0000E+00  0.8000E+01
 -41.046  0.0000E+00  0.8000E+01
 -41.041  0.0000E+00  0.8000E+01
 -41.036  0.0000E+00  0.8000E+01
 -41.031  0.0000E+00  0.8000E+01
 -41.026  0.0000E+00  0.8000E+01
 -41.021  0.0000E+00  0.8000E+01
 -41.016  0.0000E+00  0.8000E+01
 -41.011  0.0000E+00  0.8000E+01
 -41.006  0.0000E+00  0.8000E+01
 -41.001  0.0000E+00  0.8000E+01
 -40.996  0.0000E+00  0.8000E+01
 -40.991  0.0000E+00  0.8000E+01
 -40.986  0.0000E+00  0.8000E+01
 -40.981  0.0000E+00  0.8000E+01
 -40.976  0.0000E+00  0.8000E+01
 -40.971  0.0000E+00  0.8000E+01
 -40.966  0.0000E+00  0.8000E+01
 -40.961  0.0000E+00  0.8000E+01
 -40.956  0.0000E+00  0.8000E+01
 -40.951  0.0000E+00  0.8000E+01
 -40.946  0.0000E+00  0.8000E+01
 -40.941  0.0000E+00  0.8000E+01
 -40.936  0.0000E+00  0.8000E+01
 -40.931  0.0000E+00  0.8000E+01
 -40.926  0.0000E+00  0.8000E+01
 -40.921  0.0000E+00  0.8000E+01
 -40.916  0.0000E+00  0.8000E+01
 -40.911  0.0000E+00  0.8000E+01
 -40.906  0.0000E+00  0.8000E+01
 -40.901  0.0000E+00  0.8000E+01
 -40.896  0.0000E+00  0.8000E+01
 -40.891  0.0000E+00  0.8000E+01
 -40.886  0.0000E+00  0.8000E+01
 -40.881  0.0000E+00  0.8000E+01
 -40.876  0.0000E+00  0.8000E+01
 -40.871  0.0000E+00  0.8000E+01
 -40.866  0.0000E+00  0.8000E+01
 -40.861  0.0000E+00  0.8000E+01
 -40.856  0.0000E+00  0.8000E+01
 -40.851  0.0000E+00  0.8000E+01
 -40.846  0.0000E+00  0.8000E+01
 -40.841  0.0000E+00  0.8000E+01
 -40.836  0.0000E+00  0.8000E+01
 -40.831  0.0000E+00  0.8000E+01
 -40.826  0.0000E+00  0.8000E+01
 -40.821  0.0000E+00  0.8000E+01
 -40.816  0.0000E+00  0.8000E+01
 -40.811  0.0000E+00  0.8000E+01
 -40.806  0.0000E+00  0.8000E+01
 -40.801  0.0000E+00  0.8000E+01
 -40.796  0.0000E+00  0.8000E+01
 -40.791  0.0000E+00  0.8000E+01
 -40.786  0.0000E+00  0.8000E+01
 -40.781  0.0000E+00  0.8000E+01
 -40.776  0.0000E+00  0.8000E+01
 -40.771  0.0000E+00  0.8000E+01
 -40.766  0.0000E+00  0.8000E+01
 -40.761  0.0000E+00  0.8000E+01
 -40.756  0.0000E+00  0.8000E+01
 -40.751  0.0000E+00  0.8000E+01
 -40.746  0.0000E+00  0.8000E+01
 -40.741  0.0000E+00  0.8000E+01
 -40.736  0.0000E+00  0.8000E+01
 -40.731  0.0000E+00  0.8000E+01
 -40.726  0.0000E+00  0.8000E+01
 -40.721  0.0000E+00  0.8000E+01
 -40.716  0.0000E+00  0.8000E+01
 -40.711  0.0000E+00  0.8000E+01
 -40.706  0.0000E+00  0.8000E+01
 -40.701  0.0000E+00  0.8000E+01
 -40.696  0.0000E+00  0.8000E+01
 -40.691  0.0000E+00  0.8000E+01
 -40.686  0.0000E+00  0.8000E+01
 -40.681  0.0000E+00  0.8000E+01
 -40.676  0.0000E+00  0.8000E+01
 -40.671  0.0000E+00  0.8000E+01
 -40.666  0.0000E+00  0.8000E+01
 -40.661  0.0000E+00  0.8000E+01
 -40.656  0.0000E+00  0.8000E+01
 -40.651  0.0000E+00  0.8000E+01
 -40.646  0.0000E+00  0.8000E+01
 -40.641  0.0000E+00  0.8000E+01
 -40.636  0.0000E+00  0.8000E+01
 -40.631  0.0000E+00  0.8000E+01
 -40.626  0.0000E+00  0.8000E+01
 -40.621  0.0000E+00  0.8000E+01
 -40.616  0.0000E+00  0.8000E+01
 -40.611  0.0000E+00  0.8000E+01
 -40.606  0.0000E+00  0.8000E+01
 -40.601  0.0000E+00  0.8000E+01
 -40.596  0.0000E+00  0.8000E+01
 -40.591  0.0000E+00  0.8000E+01
 -40.586  0.0000E+00  0.8000E+01
 -40.581  0.0000E+00  0.8000E+01
 -40.576  0.0000E+00  0.8000E+01
 -40.571  0.0000E+00  0.8000E+01
 -40.566  0.0000E+00  0.8000E+01
 -40.561  0.0000E+00  0.8000E+01
 -40.556  0.0000E+00  0.8000E+01
 -40.551  0.0000E+00  0.8000E+01
 -40.546  0.0000E+00  0.8000E+01
 -40.541  0.0000E+00  0.8000E+01
 -40.536  0.0000E+00  0.8000E+01
 -40.531  0.0000E+00  0.8000E+01
 -40.526  0.0000E+00  0.8000E+01
 -40.521  0.0000E+00  0.8000E+01
 -40.516  0.0000E+00  0.8000E+01
 -40.511  0.0000E+00  0.8000E+01
 -40.506  0.0000E+00  0.8000E+01
 -40.501  0.0000E+00  0.8000E+01
 -40.496  0.0000E+00  0.8000E+01
 -40.491  0.0000E+00  0.8000E+01
 -40.486  0.0000E+00  0.8000E+01
 -40.481  0.0000E+00  0.8000E+01
 -40.476  0.0000E+00  0.8000E+01
 -40.471  0.0000E+00  0.8000E+01
 -40.466  0.0000E+00  0.8000E+01
 -40.461  0.0000E+00  0.8000E+01
 -40.456  0.0000E+00  0.8000E+01
 -40.451  0.0000E+00  0.8000E+01
 -40.446  0.0000E+00  0.8000E+01
 -40.441  0.0000E+00  0.8000E+01
 -40.436  0.0000E+00  0.8000E+01
 -40.431  0.0000E+00  0.8000E+01
 -40.426  0.0000E+00  0.8000E+01
 -40.421  0.0000E+00  0.8000E+01
 -40.416  0.0000E+00  0.8000E+01
 -40.411  0.0000E+00  0.8000E+01
 -40.406  0.0000E+00  0.8000E+01
 -40.401  0.0000E+00  0.8000E+01
 -40.396  0.0000E+00  0.8000E+01
 -40.391  0.0000E+00  0.8000E+01
 -40.386  0.0000E+00  0.8000E+01
 -40.381  0.0000E+00  0.8000E+01
 -40.376  0.0000E+00  0.8000E+01
 -40.371  0.0000E+00  0.8000E+01
 -40.366  0.0000E+00  0.8000E+01
 -40.361  0.0000E+00  0.8000E+01
 -40.356  0.0000E+00  0.8000E+01
 -40.351  0.0000E+00  0.8000E+01
 -40.346  0.0000E+00  0.8000E+01
 -40.341  0.0000E+00  0.8000E+01
 -40.336  0.0000E+00  0.8000E+01
 -40.331  0.0000E+00  0.8000E+01
 -40.326  0.0000E+00  0.8000E+01
 -40.321  0.0000E+00  0.8000E+01
 -40.316  0.0000E+00  0.8000E+01
 -40.311  0.0000E+00  0.8000E+01
 -40.306  0.0000E+00  0.8000E+01
 -40.301  0.0000E+00  0.8000E+01
 -40.296  0.0000E+00  0.8000E+01
 -40.291  0.0000E+00  0.8000E+01
 -40.286  0.0000E+00  0.8000E+01
 -40.281  0.0000E+00  0.8000E+01
 -40.276  0.0000E+00  0.8000E+01
 -40.271  0.0000E+00  0.8000E+01
 -40.266  0.0000E+00  0.8000E+01
 -40.261  0.0000E+00  0.8000E+01
 -40.256  0.0000E+00  0.8000E+01
 -40.251  0.0000E+00  0.8000E+01
 -40.246  0.0000E+00  0.8000E+01
 -40.241  0.0000E+00  0.8000E+01
 -40.236  0.0000E+00  0.8000E+01
 -40.231  0.0000E+00  0.8000E+01
 -40.226  0.0000E+00  0.8000E+01
 -40.221  0.0000E+00  0.8000E+01
 -40.216  0.0000E+00  0.8000E+01
 -40.211  0.0000E+00  0.8000E+01
 -40.206  0.0000E+00  0.8000E+01
 -40.201  0.0000E+00  0.8000E+01
 -40.196  0.0000E+00  0.8000E+01
 -40.191  0.0000E+00  0.8000E+01
 -40.186  0.0000E+00  0.8000E+01
 -40.181  0.0000E+00  0.8000E+01
 -40.176  0.0000E+00  0.8000E+01
 -40.171  0.0000E+00  0.8000E+01
 -40.166  0.0000E+00  0.8000E+01
 -40.161  0.0000E+00  0.8000E+01
 -40.156  0.0000E+00  0.8000E+01
 -40.151  0.0000E+00  0.8000E+01
 -40.146  0.0000E+00  0.8000E+01
 -40.141  0.0000E+00  0.8000E+01
 -40.136  0.0000E+00  0.8000E+01
 -40.131  0.0000E+00  0.8000E+01
 -40.126  0.0000E+00  0.8000E+01
 -40.121  0.0000E+00  0.8000E+01
 -40.116  0.0000E+00  0.8000E+01
 -40.111  0.0000E+00  0.8000E+01
 -40.106  0.0000E+00  0.8000E+01
 -40.101  0.0000E+00  0.8000E+01
 -40.096  0.0000E+00  0.8000E+01
 -40.091  0.0000E+00  0.8000E+01
 -40.086  0.0000E+00  0.8000E+01
 -40.081  0.0000E+00  0.8000E+01
 -40.076  0.0000E+00  0.8000E+01
 -40.071  0.0000E+00  0.8000E+01
 -40.066  0.0000E+00  0.8000E+01
 -40.061  0.0000E+00  0.8000E+01
 -40.056  0.0000E+00  0.8000E+01
 -40.051  0.0000E+00  0.8000E+01
 -40.046  0.0000E+00  0.8000E+01
 -40.041  0.0000E+00  0.8000E+01
 -40.036  0.0000E+00  0.8000E+01
 -40.031  0.0000E+00  0.8000E+01
 -40.026  0.0000E+00  0.8000E+01
 -40.021  0.0000E+00  0.8000E+01
 -40.016  0.0000E+00  0.8000E+01
 -40.011  0.0000E+00  0.8000E+01
 -40.006  0.0000E+00  0.8000E+01
 -40.001  0.0000E+00  0.8000E+01
 -39.996  0.0000E+00  0.8000E+01
 -39.991  0.0000E+00  0.8000E+01
 -39.986  0.0000E+00  0.8000E+01
 -39.981  0.0000E+00  0.8000E+01
 -39.976  0.0000E+00  0.8000E+01
 -39.971  0.0000E+00  0.8000E+01
 -39.966  0.0000E+00  0.8000E+01
 -39.961  0.0000E+00  0.8000E+01
 -39.956  0.0000E+00  0.8000E+01
 -39.951  0.0000E+00  0.8000E+01
 -39.946  0.0000E+00  0.8000E+01
 -39.941  0.0000E+00  0.8000E+01
 -39.936  0.0000E+00  0.8000E+01
 -39.931  0.0000E+00  0.8000E+01
 -39.926  0.0000E+00  0.8000E+01
 -39.921  0.0000E+00  0.8000E+01
 -39.916  0.0000E+00  0.8000E+01
 -39.911  0.0000E+00  0.8000E+01
 -39.906  0.0000E+00  0.8000E+01
 -39.901  0.0000E+00  0.8000E+01
 -39.896  0.0000E+00  0.8000E+01
 -39.891  0.0000E+00  0.8000E+01
 -39.886  0.0000E+00  0.8000E+01
 -39.881  0.0000E+00  0.8000E+01
 -39.876  0.0000E+00  0.8000E+01
 -39.871  0.0000E+00  0.8000E+01
 -39.866  0.0000E+00  0.8000E+01
 -39.861  0.0000E+00  0.8000E+01
 -39.856  0.0000E+00  0.8000E+01
 -39.851  0.0000E+00  0.8000E+01
 -39.846  0.0000E+00  0.8000E+01
 -39.841  0.0000E+00  0.8000E+01
 -39.836  0.0000E+00  0.8000E+01
 -39.831  0.0000E+00  0.8000E+01
 -39.826  0.0000E+00  0.8000E+01
 -39.821  0.0000E+00  0.8000E+01
 -39.816  0.0000E+00  0.8000E+01
 -39.811  0.0000E+00  0.8000E+01
 -39.806  0.0000E+00  0.8000E+01
 -39.801  0.0000E+00  0.8000E+01
 -39.796  0.0000E+00  0.8000E+01
 -39.791  0.0000E+00  0.8000E+01
 -39.786  0.0000E+00  0.8000E+01
 -39.781  0.0000E+00  0.8000E+01
 -39.776  0.0000E+00  0.8000E+01
 -39.771  0.0000E+00  0.8000E+01
 -39.766  0.0000E+00  0.8000E+01
 -39.761  0.0000E+00  0.8000E+01
 -39.756  0.0000E+00  0.8000E+01
 -39.751  0.0000E+00  0.8000E+01
 -39.746  0.0000E+00  0.8000E+01
 -39.741  0.0000E+00  0.8000E+01
 -39.736  0.0000E+00  0.8000E+01
 -39.731  0.0000E+00  0.8000E+01
 -39.726  0.0000E+00  0.8000E+01
 -39.721  0.0000E+00  0.8000E+01
 -39.716  0.0000E+00  0.8000E+01
 -39.711  0.0000E+00  0.8000E+01
 -39.706  0.0000E+00  0.8000E+01
 -39.701  0.0000E+00  0.8000E+01
 -39.696  0.0000E+00  0.8000E+01
 -39.691  0.0000E+00  0.8000E+01
 -39.686  0.0000E+00  0.8000E+01
 -39.681  0.0000E+00  0.8000E+01
 -39.676  0.0000E+00  0.8000E+01
 -39.671  0.0000E+00  0.8000E+01
 -39.666  0.0000E+00  0.8000E+01
 -39.661  0.0000E+00  0.8000E+01
 -39.656  0.0000E+00  0.8000E+01
 -39.651  0.0000E+00  0.8000E+01
 -39.646  0.0000E+00  0.8000E+01
 -39.641  0.0000E+00  0.8000E+01
 -39.636  0.0000E+00  0.8000E+01
 -39.631  0.0000E+00  0.8000E+01
 -39.626  0.0000E+00  0.8000E+01
 -39.621  0.0000E+00  0.8000E+01
 -39.616  0.0000E+00  0.8000E+01
 -39.611  0.0000E+00  0.8000E+01
 -39.606  0.0000E+00  0.8000E+01
 -39.601  0.0000E+00  0.8000E+01
 -39.596  0.0000E+00  0.8000E+01
 -39.591  0.0000E+00  0.8000E+01
 -39.586  0.0000E+00  0.8000E+01
 -39.581  0.0000E+00  0.8000E+01
 -39.576  0.0000E+00  0.8000E+01
 -39.571  0.0000E+00  0.8000E+01
 -39.566  0.0000E+00  0.8000E+01
 -39.561  0.0000E+00  0.8000E+01
 -39.556  0.0000E+00  0.8000E+01
 -39.551  0.0000E+00  0.8000E+01
 -39.546  0.0000E+00  0.8000E+01
 -39.541  0.0000E+00  0.8000E+01
 -39.536  0.0000E+00  0.8000E+01
 -39.531  0.0000E+00  0.8000E+01
 -39.526  0.0000E+00  0.8000E+01
 -39.521  0.0000E+00  0.8000E+01
 -39.516  0.0000E+00  0.8000E+01
 -39.511  0.0000E+00  0.8000E+01
 -39.506  0.0000E+00  0.8000E+01
 -39.501  0.0000E+00  0.8000E+01
 -39.496  0.0000E+00  0.8000E+01
 -39.491  0.0000E+00  0.8000E+01
 -39.486  0.0000E+00  0.8000E+01
 -39.481  0.0000E+00  0.8000E+01
 -39.476  0.0000E+00  0.8000E+01
 -39.471  0.0000E+00  0.8000E+01
 -39.466  0.0000E+00  0.8000E+01
 -39.461  0.0000E+00  0.8000E+01
 -39.456  0.0000E+00  0.8000E+01
 -39.451  0.0000E+00  0.8000E+01
 -39.446  0.0000E+00  0.8000E+01
 -39.441  0.0000E+00  0.8000E+01
 -39.436  0.0000E+00  0.8000E+01
 -39.431  0.0000E+00  0.8000E+01
 -39.426  0.0000E+00  0.8000E+01
 -39.421  0.0000E+00  0.8000E+01
 -39.416  0.0000E+00  0.8000E+01
 -39.411  0.0000E+00  0.8000E+01
 -39.406  0.0000E+00  0.8000E+01
 -39.401  0.0000E+00  0.8000E+01
 -39.396  0.0000E+00  0.8000E+01
 -39.391  0.0000E+00  0.8000E+01
 -39.386  0.0000E+00  0.8000E+01
 -39.381  0.0000E+00  0.8000E+01
 -39.376  0.0000E+00  0.8000E+01
 -39.371  0.0000E+00  0.8000E+01
 -39.366  0.0000E+00  0.8000E+01
 -39.361  0.0000E+00  0.8000E+01
 -39.356  0.0000E+00  0.8000E+01
 -39.351  0.0000E+00  0.8000E+01
 -39.346  0.0000E+00  0.8000E+01
 -39.341  0.0000E+00  0.8000E+01
 -39.336  0.0000E+00  0.8000E+01
 -39.331  0.0000E+00  0.8000E+01
 -39.326  0.0000E+00  0.8000E+01
 -39.321  0.0000E+00  0.8000E+01
 -39.316  0.0000E+00  0.8000E+01
 -39.311  0.0000E+00  0.8000E+01
 -39.306  0.0000E+00  0.8000E+01
 -39.301  0.0000E+00  0.8000E+01
 -39.296  0.0000E+00  0.8000E+01
 -39.291  0.0000E+00  0.8000E+01
 -39.286  0.0000E+00  0.8000E+01
 -39.281  0.0000E+00  0.8000E+01
 -39.276  0.0000E+00  0.8000E+01
 -39.271  0.0000E+00  0.8000E+01
 -39.266  0.0000E+00  0.8000E+01
 -39.261  0.0000E+00  0.8000E+01
 -39.256  0.0000E+00  0.8000E+01
 -39.251  0.0000E+00  0.8000E+01
 -39.246  0.0000E+00  0.8000E+01
 -39.241  0.0000E+00  0.8000E+01
 -39.236  0.0000E+00  0.8000E+01
 -39.231  0.0000E+00  0.8000E+01
 -39.226  0.0000E+00  0.8000E+01
 -39.221  0.0000E+00  0.8000E+01
 -39.216  0.0000E+00  0.8000E+01
 -39.211  0.0000E+00  0.8000E+01
 -39.206  0.0000E+00  0.8000E+01
 -39.201  0.0000E+00  0.8000E+01
 -39.196  0.0000E+00  0.8000E+01
 -39.191  0.0000E+00  0.8000E+01
 -39.186  0.0000E+00  0.8000E+01
 -39.181  0.0000E+00  0.8000E+01
 -39.176  0.0000E+00  0.8000E+01
 -39.171  0.0000E+00  0.8000E+01
 -39.166  0.0000E+00  0.8000E+01
 -39.161  0.0000E+00  0.8000E+01
 -39.156  0.0000E+00  0.8000E+01
 -39.151  0.0000E+00  0.8000E+01
 -39.146  0.0000E+00  0.8000E+01
 -39.141  0.0000E+00  0.8000E+01
 -39.136  0.0000E+00  0.8000E+01
 -39.131  0.0000E+00  0.8000E+01
 -39.126  0.0000E+00  0.8000E+01
 -39.121  0.0000E+00  0.8000E+01
 -39.116  0.0000E+00  0.8000E+01
 -39.111  0.0000E+00  0.8000E+01
 -39.106  0.0000E+00  0.8000E+01
 -39.101  0.0000E+00  0.8000E+01
 -39.096  0.0000E+00  0.8000E+01
 -39.091  0.0000E+00  0.8000E+01
 -39.086  0.0000E+00  0.8000E+01
 -39.081  0.0000E+00  0.8000E+01
 -39.076  0.0000E+00  0.8000E+01
 -39.071  0.0000E+00  0.8000E+01
 -39.066  0.0000E+00  0.8000E+01
 -39.061  0.0000E+00  0.8000E+01
 -39.056  0.0000E+00  0.8000E+01
 -39.051  0.0000E+00  0.8000E+01
 -39.046  0.0000E+00  0.8000E+01
 -39.041  0.0000E+00  0.8000E+01
 -39.036  0.0000E+00  0.8000E+01
 -39.031  0.0000E+00  0.8000E+01
 -39.026  0.0000E+00  0.8000E+01
 -39.021  0.0000E+00  0.8000E+01
 -39.016  0.0000E+00  0.8000E+01
 -39.011  0.0000E+00  0.8000E+01
 -39.006  0.0000E+00  0.8000E+01
 -39.001  0.0000E+00  0.8000E+01
 -38.996  0.0000E+00  0.8000E+01
 -38.991  0.0000E+00  0.8000E+01
 -38.986  0.0000E+00  0.8000E+01
 -38.981  0.0000E+00  0.8000E+01
 -38.976  0.0000E+00  0.8000E+01
 -38.971  0.0000E+00  0.8000E+01
 -38.966  0.0000E+00  0.8000E+01
 -38.961  0.0000E+00  0.8000E+01
 -38.956  0.0000E+00  0.8000E+01
 -38.951  0.0000E+00  0.8000E+01
 -38.946  0.0000E+00  0.8000E+01
 -38.941  0.0000E+00  0.8000E+01
 -38.936  0.0000E+00  0.8000E+01
 -38.931  0.0000E+00  0.8000E+01
 -38.926  0.0000E+00  0.8000E+01
 -38.921  0.0000E+00  0.8000E+01
 -38.916  0.0000E+00  0.8000E+01
 -38.911  0.0000E+00  0.8000E+01
 -38.906  0.0000E+00  0.8000E+01
 -38.901  0.0000E+00  0.8000E+01
 -38.896  0.0000E+00  0.8000E+01
 -38.891  0.0000E+00  0.8000E+01
 -38.886  0.0000E+00  0.8000E+01
 -38.881  0.0000E+00  0.8000E+01
 -38.876  0.0000E+00  0.8000E+01
 -38.871  0.0000E+00  0.8000E+01
 -38.866  0.0000E+00  0.8000E+01
 -38.861  0.0000E+00  0.8000E+01
 -38.856  0.0000E+00  0.8000E+01
 -38.851  0.0000E+00  0.8000E+01
 -38.846  0.0000E+00  0.8000E+01
 -38.841  0.0000E+00  0.8000E+01
 -38.836  0.0000E+00  0.8000E+01
 -38.831  0.0000E+00  0.8000E+01
 -38.826  0.0000E+00  0.8000E+01
 -38.821  0.0000E+00  0.8000E+01
 -38.816  0.0000E+00  0.8000E+01
 -38.811  0.0000E+00  0.8000E+01
 -38.806  0.0000E+00  0.8000E+01
 -38.801  0.0000E+00  0.8000E+01
 -38.796  0.0000E+00  0.8000E+01
 -38.791  0.0000E+00  0.8000E+01
 -38.786  0.0000E+00  0.8000E+01
 -38.781  0.0000E+00  0.8000E+01
 -38.776  0.0000E+00  0.8000E+01
 -38.771  0.0000E+00  0.8000E+01
 -38.766  0.0000E+00  0.8000E+01
 -38.761  0.0000E+00  0.8000E+01
 -38.756  0.0000E+00  0.8000E+01
 -38.751  0.0000E+00  0.8000E+01
 -38.746  0.0000E+00  0.8000E+01
 -38.741  0.0000E+00  0.8000E+01
 -38.736  0.0000E+00  0.8000E+01
 -38.731  0.0000E+00  0.8000E+01
 -38.726  0.0000E+00  0.8000E+01
 -38.721  0.0000E+00  0.8000E+01
 -38.716  0.0000E+00  0.8000E+01
 -38.711  0.0000E+00  0.8000E+01
 -38.706  0.0000E+00  0.8000E+01
 -38.701  0.0000E+00  0.8000E+01
 -38.696  0.0000E+00  0.8000E+01
 -38.691  0.0000E+00  0.8000E+01
 -38.686  0.0000E+00  0.8000E+01
 -38.681  0.0000E+00  0.8000E+01
 -38.676  0.0000E+00  0.8000E+01
 -38.671  0.0000E+00  0.8000E+01
 -38.666  0.0000E+00  0.8000E+01
 -38.661  0.0000E+00  0.8000E+01
 -38.656  0.0000E+00  0.8000E+01
 -38.651  0.0000E+00  0.8000E+01
 -38.646  0.0000E+00  0.8000E+01
 -38.641  0.0000E+00  0.8000E+01
 -38.636  0.0000E+00  0.8000E+01
 -38.631  0.0000E+00  0.8000E+01
 -38.626  0.0000E+00  0.8000E+01
 -38.621  0.0000E+00  0.8000E+01
 -38.616  0.0000E+00  0.8000E+01
 -38.611  0.0000E+00  0.8000E+01
 -38.606  0.0000E+00  0.8000E+01
 -38.601  0.0000E+00  0.8000E+01
 -38.596  0.0000E+00  0.8000E+01
 -38.591  0.0000E+00  0.8000E+01
 -38.586  0.0000E+00  0.8000E+01
 -38.581  0.0000E+00  0.8000E+01
 -38.576  0.0000E+00  0.8000E+01
 -38.571  0.0000E+00  0.8000E+01
 -38.566  0.0000E+00  0.8000E+01
 -38.561  0.0000E+00  0.8000E+01
 -38.556  0.0000E+00  0.8000E+01
 -38.551  0.0000E+00  0.8000E+01
 -38.546  0.0000E+00  0.8000E+01
 -38.541  0.0000E+00  0.8000E+01
 -38.536  0.0000E+00  0.8000E+01
 -38.531  0.0000E+00  0.8000E+01
 -38.526  0.0000E+00  0.8000E+01
 -38.521  0.0000E+00  0.8000E+01
 -38.516  0.0000E+00  0.8000E+01
 -38.511  0.0000E+00  0.8000E+01
 -38.506  0.0000E+00  0.8000E+01
 -38.501  0.0000E+00  0.8000E+01
 -38.496  0.0000E+00  0.8000E+01
 -38.491  0.0000E+00  0.8000E+01
 -38.486  0.0000E+00  0.8000E+01
 -38.481  0.0000E+00  0.8000E+01
 -38.476  0.0000E+00  0.8000E+01
 -38.471  0.0000E+00  0.8000E+01
 -38.466  0.0000E+00  0.8000E+01
 -38.461  0.0000E+00  0.8000E+01
 -38.456  0.0000E+00  0.8000E+01
 -38.451  0.0000E+00  0.8000E+01
 -38.446  0.0000E+00  0.8000E+01
 -38.441  0.0000E+00  0.8000E+01
 -38.436  0.0000E+00  0.8000E+01
 -38.431  0.0000E+00  0.8000E+01
 -38.426  0.0000E+00  0.8000E+01
 -38.421  0.0000E+00  0.8000E+01
 -38.416  0.0000E+00  0.8000E+01
 -38.411  0.0000E+00  0.8000E+01
 -38.406  0.0000E+00  0.8000E+01
 -38.401  0.0000E+00  0.8000E+01
 -38.396  0.0000E+00  0.8000E+01
 -38.391  0.0000E+00  0.8000E+01
 -38.386  0.0000E+00  0.8000E+01
 -38.381  0.0000E+00  0.8000E+01
 -38.376  0.0000E+00  0.8000E+01
 -38.371  0.0000E+00  0.8000E+01
 -38.366  0.0000E+00  0.8000E+01
 -38.361  0.0000E+00  0.8000E+01
 -38.356  0.0000E+00  0.8000E+01
 -38.351  0.0000E+00  0.8000E+01
 -38.346  0.0000E+00  0.8000E+01
 -38.341  0.0000E+00  0.8000E+01
 -38.336  0.0000E+00  0.8000E+01
 -38.331  0.0000E+00  0.8000E+01
 -38.326  0.0000E+00  0.8000E+01
 -38.321  0.0000E+00  0.8000E+01
 -38.316  0.0000E+00  0.8000E+01
 -38.311  0.0000E+00  0.8000E+01
 -38.306  0.0000E+00  0.8000E+01
 -38.301  0.0000E+00  0.8000E+01
 -38.296  0.0000E+00  0.8000E+01
 -38.291  0.0000E+00  0.8000E+01
 -38.286  0.0000E+00  0.8000E+01
 -38.281  0.0000E+00  0.8000E+01
 -38.276  0.0000E+00  0.8000E+01
 -38.271  0.0000E+00  0.8000E+01
 -38.266  0.0000E+00  0.8000E+01
 -38.261  0.0000E+00  0.8000E+01
 -38.256  0.0000E+00  0.8000E+01
 -38.251  0.0000E+00  0.8000E+01
 -38.246  0.0000E+00  0.8000E+01
 -38.241  0.0000E+00  0.8000E+01
 -38.236  0.0000E+00  0.8000E+01
 -38.231  0.0000E+00  0.8000E+01
 -38.226  0.0000E+00  0.8000E+01
 -38.221  0.0000E+00  0.8000E+01
 -38.216  0.0000E+00  0.8000E+01
 -38.211  0.0000E+00  0.8000E+01
 -38.206  0.0000E+00  0.8000E+01
 -38.201  0.0000E+00  0.8000E+01
 -38.196  0.0000E+00  0.8000E+01
 -38.191  0.0000E+00  0.8000E+01
 -38.186  0.0000E+00  0.8000E+01
 -38.181  0.0000E+00  0.8000E+01
 -38.176  0.0000E+00  0.8000E+01
 -38.171  0.0000E+00  0.8000E+01
 -38.166  0.0000E+00  0.8000E+01
 -38.161  0.0000E+00  0.8000E+01
 -38.156  0.0000E+00  0.8000E+01
 -38.151  0.0000E+00  0.8000E+01
 -38.146  0.0000E+00  0.8000E+01
 -38.141  0.0000E+00  0.8000E+01
 -38.136  0.0000E+00  0.8000E+01
 -38.131  0.0000E+00  0.8000E+01
 -38.126  0.0000E+00  0.8000E+01
 -38.121  0.0000E+00  0.8000E+01
 -38.116  0.0000E+00  0.8000E+01
 -38.111  0.0000E+00  0.8000E+01
 -38.106  0.0000E+00  0.8000E+01
 -38.101  0.0000E+00  0.8000E+01
 -38.096  0.0000E+00  0.8000E+01
 -38.091  0.0000E+00  0.8000E+01
 -38.086  0.0000E+00  0.8000E+01
 -38.081  0.0000E+00  0.8000E+01
 -38.076  0.0000E+00  0.8000E+01
 -38.071  0.0000E+00  0.8000E+01
 -38.066  0.0000E+00  0.8000E+01
 -38.061  0.0000E+00  0.8000E+01
 -38.056  0.0000E+00  0.8000E+01
 -38.051  0.0000E+00  0.8000E+01
 -38.046  0.0000E+00  0.8000E+01
 -38.041  0.0000E+00  0.8000E+01
 -38.036  0.0000E+00  0.8000E+01
 -38.031  0.0000E+00  0.8000E+01
 -38.026  0.0000E+00  0.8000E+01
 -38.021  0.0000E+00  0.8000E+01
 -38.016  0.0000E+00  0.8000E+01
 -38.011  0.0000E+00  0.8000E+01
 -38.006  0.0000E+00  0.8000E+01
 -38.001  0.0000E+00  0.8000E+01
 -37.996  0.0000E+00  0.8000E+01
 -37.991  0.0000E+00  0.8000E+01
 -37.986  0.0000E+00  0.8000E+01
 -37.981  0.0000E+00  0.8000E+01
 -37.976  0.0000E+00  0.8000E+01
 -37.971  0.0000E+00  0.8000E+01
 -37.966  0.0000E+00  0.8000E+01
 -37.961  0.0000E+00  0.8000E+01
 -37.956  0.0000E+00  0.8000E+01
 -37.951  0.0000E+00  0.8000E+01
 -37.946  0.0000E+00  0.8000E+01
 -37.941  0.0000E+00  0.8000E+01
 -37.936  0.0000E+00  0.8000E+01
 -37.931  0.0000E+00  0.8000E+01
 -37.926  0.0000E+00  0.8000E+01
 -37.921  0.0000E+00  0.8000E+01
 -37.916  0.0000E+00  0.8000E+01
 -37.911  0.0000E+00  0.8000E+01
 -37.906  0.0000E+00  0.8000E+01
 -37.901  0.0000E+00  0.8000E+01
 -37.896  0.0000E+00  0.8000E+01
 -37.891  0.0000E+00  0.8000E+01
 -37.886  0.0000E+00  0.8000E+01
 -37.881  0.0000E+00  0.8000E+01
 -37.876  0.0000E+00  0.8000E+01
 -37.871  0.0000E+00  0.8000E+01
 -37.866  0.0000E+00  0.8000E+01
 -37.861  0.0000E+00  0.8000E+01
 -37.856  0.0000E+00  0.8000E+01
 -37.851  0.0000E+00  0.8000E+01
 -37.846  0.0000E+00  0.8000E+01
 -37.841  0.0000E+00  0.8000E+01
 -37.836  0.0000E+00  0.8000E+01
 -37.831  0.0000E+00  0.8000E+01
 -37.826  0.0000E+00  0.8000E+01
 -37.821  0.0000E+00  0.8000E+01
 -37.816  0.0000E+00  0.8000E+01
 -37.811  0.0000E+00  0.8000E+01
 -37.806  0.0000E+00  0.8000E+01
 -37.801  0.0000E+00  0.8000E+01
 -37.796  0.0000E+00  0.8000E+01
 -37.791  0.0000E+00  0.8000E+01
 -37.786  0.0000E+00  0.8000E+01
 -37.781  0.0000E+00  0.8000E+01
 -37.776  0.0000E+00  0.8000E+01
 -37.771  0.0000E+00  0.8000E+01
 -37.766  0.0000E+00  0.8000E+01
 -37.761  0.0000E+00  0.8000E+01
 -37.756  0.0000E+00  0.8000E+01
 -37.751  0.0000E+00  0.8000E+01
 -37.746  0.0000E+00  0.8000E+01
 -37.741  0.0000E+00  0.8000E+01
 -37.736  0.0000E+00  0.8000E+01
 -37.731  0.0000E+00  0.8000E+01
 -37.726  0.0000E+00  0.8000E+01
 -37.721  0.0000E+00  0.8000E+01
 -37.716  0.0000E+00  0.8000E+01
 -37.711  0.0000E+00  0.8000E+01
 -37.706  0.0000E+00  0.8000E+01
 -37.701  0.0000E+00  0.8000E+01
 -37.696  0.0000E+00  0.8000E+01
 -37.691  0.0000E+00  0.8000E+01
 -37.686  0.0000E+00  0.8000E+01
 -37.681  0.0000E+00  0.8000E+01
 -37.676  0.0000E+00  0.8000E+01
 -37.671  0.0000E+00  0.8000E+01
 -37.666  0.0000E+00  0.8000E+01
 -37.661  0.0000E+00  0.8000E+01
 -37.656  0.0000E+00  0.8000E+01
 -37.651  0.0000E+00  0.8000E+01
 -37.646  0.0000E+00  0.8000E+01
 -37.641  0.0000E+00  0.8000E+01
 -37.636  0.0000E+00  0.8000E+01
 -37.631  0.0000E+00  0.8000E+01
 -37.626  0.0000E+00  0.8000E+01
 -37.621  0.0000E+00  0.8000E+01
 -37.616  0.0000E+00  0.8000E+01
 -37.611  0.0000E+00  0.8000E+01
 -37.606  0.0000E+00  0.8000E+01
 -37.601  0.0000E+00  0.8000E+01
 -37.596  0.0000E+00  0.8000E+01
 -37.591  0.0000E+00  0.8000E+01
 -37.586  0.0000E+00  0.8000E+01
 -37.581  0.0000E+00  0.8000E+01
 -37.576  0.0000E+00  0.8000E+01
 -37.571  0.0000E+00  0.8000E+01
 -37.566  0.0000E+00  0.8000E+01
 -37.561  0.0000E+00  0.8000E+01
 -37.556  0.0000E+00  0.8000E+01
 -37.551  0.0000E+00  0.8000E+01
 -37.546  0.0000E+00  0.8000E+01
 -37.541  0.0000E+00  0.8000E+01
 -37.536  0.0000E+00  0.8000E+01
 -37.531  0.0000E+00  0.8000E+01
 -37.526  0.0000E+00  0.8000E+01
 -37.521  0.0000E+00  0.8000E+01
 -37.516  0.0000E+00  0.8000E+01
 -37.511  0.0000E+00  0.8000E+01
 -37.506  0.0000E+00  0.8000E+01
 -37.501  0.0000E+00  0.8000E+01
 -37.496  0.0000E+00  0.8000E+01
 -37.491  0.0000E+00  0.8000E+01
 -37.486  0.0000E+00  0.8000E+01
 -37.481  0.0000E+00  0.8000E+01
 -37.476  0.0000E+00  0.8000E+01
 -37.471  0.0000E+00  0.8000E+01
 -37.466  0.0000E+00  0.8000E+01
 -37.461  0.0000E+00  0.8000E+01
 -37.456  0.0000E+00  0.8000E+01
 -37.451  0.0000E+00  0.8000E+01
 -37.446  0.0000E+00  0.8000E+01
 -37.441  0.0000E+00  0.8000E+01
 -37.436  0.0000E+00  0.8000E+01
 -37.431  0.0000E+00  0.8000E+01
 -37.426  0.0000E+00  0.8000E+01
 -37.421  0.0000E+00  0.8000E+01
 -37.416  0.0000E+00  0.8000E+01
 -37.411  0.0000E+00  0.8000E+01
 -37.406  0.0000E+00  0.8000E+01
 -37.401  0.0000E+00  0.8000E+01
 -37.396  0.0000E+00  0.8000E+01
 -37.391  0.0000E+00  0.8000E+01
 -37.386  0.0000E+00  0.8000E+01
 -37.381  0.0000E+00  0.8000E+01
 -37.376  0.0000E+00  0.8000E+01
 -37.371  0.0000E+00  0.8000E+01
 -37.366  0.0000E+00  0.8000E+01
 -37.361  0.0000E+00  0.8000E+01
 -37.356  0.0000E+00  0.8000E+01
 -37.351  0.0000E+00  0.8000E+01
 -37.346  0.0000E+00  0.8000E+01
 -37.341  0.0000E+00  0.8000E+01
 -37.336  0.0000E+00  0.8000E+01
 -37.331  0.0000E+00  0.8000E+01
 -37.326  0.0000E+00  0.8000E+01
 -37.321  0.0000E+00  0.8000E+01
 -37.316  0.0000E+00  0.8000E+01
 -37.311  0.0000E+00  0.8000E+01
 -37.306  0.0000E+00  0.8000E+01
 -37.301  0.0000E+00  0.8000E+01
 -37.296  0.0000E+00  0.8000E+01
 -37.291  0.0000E+00  0.8000E+01
 -37.286  0.0000E+00  0.8000E+01
 -37.281  0.0000E+00  0.8000E+01
 -37.276  0.0000E+00  0.8000E+01
 -37.271  0.0000E+00  0.8000E+01
 -37.266  0.0000E+00  0.8000E+01
 -37.261  0.0000E+00  0.8000E+01
 -37.256  0.0000E+00  0.8000E+01
 -37.251  0.0000E+00  0.8000E+01
 -37.246  0.0000E+00  0.8000E+01
 -37.241  0.0000E+00  0.8000E+01
 -37.236  0.0000E+00  0.8000E+01
 -37.231  0.0000E+00  0.8000E+01
 -37.226  0.0000E+00  0.8000E+01
 -37.221  0.0000E+00  0.8000E+01
 -37.216  0.0000E+00  0.8000E+01
 -37.211  0.0000E+00  0.8000E+01
 -37.206  0.0000E+00  0.8000E+01
 -37.201  0.0000E+00  0.8000E+01
 -37.196  0.0000E+00  0.8000E+01
 -37.191  0.0000E+00  0.8000E+01
 -37.186  0.0000E+00  0.8000E+01
 -37.181  0.0000E+00  0.8000E+01
 -37.176  0.0000E+00  0.8000E+01
 -37.171  0.0000E+00  0.8000E+01
 -37.166  0.0000E+00  0.8000E+01
 -37.161  0.0000E+00  0.8000E+01
 -37.156  0.0000E+00  0.8000E+01
 -37.151  0.0000E+00  0.8000E+01
 -37.146  0.0000E+00  0.8000E+01
 -37.141  0.0000E+00  0.8000E+01
 -37.136  0.0000E+00  0.8000E+01
 -37.131  0.0000E+00  0.8000E+01
 -37.126  0.0000E+00  0.8000E+01
 -37.121  0.0000E+00  0.8000E+01
 -37.116  0.0000E+00  0.8000E+01
 -37.111  0.0000E+00  0.8000E+01
 -37.106  0.0000E+00  0.8000E+01
 -37.101  0.0000E+00  0.8000E+01
 -37.096  0.0000E+00  0.8000E+01
 -37.091  0.0000E+00  0.8000E+01
 -37.086  0.0000E+00  0.8000E+01
 -37.081  0.0000E+00  0.8000E+01
 -37.076  0.0000E+00  0.8000E+01
 -37.071  0.0000E+00  0.8000E+01
 -37.066  0.0000E+00  0.8000E+01
 -37.061  0.0000E+00  0.8000E+01
 -37.056  0.0000E+00  0.8000E+01
 -37.051  0.0000E+00  0.8000E+01
 -37.046  0.0000E+00  0.8000E+01
 -37.041  0.0000E+00  0.8000E+01
 -37.036  0.0000E+00  0.8000E+01
 -37.031  0.0000E+00  0.8000E+01
 -37.026  0.0000E+00  0.8000E+01
 -37.021  0.0000E+00  0.8000E+01
 -37.016  0.0000E+00  0.8000E+01
 -37.011  0.0000E+00  0.8000E+01
 -37.006  0.0000E+00  0.8000E+01
 -37.001  0.0000E+00  0.8000E+01
 -36.996  0.0000E+00  0.8000E+01
 -36.991  0.0000E+00  0.8000E+01
 -36.986  0.0000E+00  0.8000E+01
 -36.981  0.0000E+00  0.8000E+01
 -36.976  0.0000E+00  0.8000E+01
 -36.971  0.0000E+00  0.8000E+01
 -36.966  0.0000E+00  0.8000E+01
 -36.961  0.0000E+00  0.8000E+01
 -36.956  0.0000E+00  0.8000E+01
 -36.951  0.0000E+00  0.8000E+01
 -36.946  0.0000E+00  0.8000E+01
 -36.941  0.0000E+00  0.8000E+01
 -36.936  0.0000E+00  0.8000E+01
 -36.931  0.0000E+00  0.8000E+01
 -36.926  0.0000E+00  0.8000E+01
 -36.921  0.0000E+00  0.8000E+01
 -36.916  0.0000E+00  0.8000E+01
 -36.911  0.0000E+00  0.8000E+01
 -36.906  0.0000E+00  0.8000E+01
 -36.901  0.0000E+00  0.8000E+01
 -36.896  0.0000E+00  0.8000E+01
 -36.891  0.0000E+00  0.8000E+01
 -36.886  0.0000E+00  0.8000E+01
 -36.881  0.0000E+00  0.8000E+01
 -36.876  0.0000E+00  0.8000E+01
 -36.871  0.0000E+00  0.8000E+01
 -36.866  0.0000E+00  0.8000E+01
 -36.861  0.0000E+00  0.8000E+01
 -36.856  0.0000E+00  0.8000E+01
 -36.851  0.0000E+00  0.8000E+01
 -36.846  0.0000E+00  0.8000E+01
 -36.841  0.0000E+00  0.8000E+01
 -36.836  0.0000E+00  0.8000E+01
 -36.831  0.0000E+00  0.8000E+01
 -36.826  0.0000E+00  0.8000E+01
 -36.821  0.0000E+00  0.8000E+01
 -36.816  0.0000E+00  0.8000E+01
 -36.811  0.0000E+00  0.8000E+01
 -36.806  0.0000E+00  0.8000E+01
 -36.801  0.0000E+00  0.8000E+01
 -36.796  0.0000E+00  0.8000E+01
 -36.791  0.0000E+00  0.8000E+01
 -36.786  0.0000E+00  0.8000E+01
 -36.781  0.0000E+00  0.8000E+01
 -36.776  0.0000E+00  0.8000E+01
 -36.771  0.0000E+00  0.8000E+01
 -36.766  0.0000E+00  0.8000E+01
 -36.761  0.0000E+00  0.8000E+01
 -36.756  0.0000E+00  0.8000E+01
 -36.751  0.0000E+00  0.8000E+01
 -36.746  0.0000E+00  0.8000E+01
 -36.741  0.0000E+00  0.8000E+01
 -36.736  0.0000E+00  0.8000E+01
 -36.731  0.0000E+00  0.8000E+01
 -36.726  0.0000E+00  0.8000E+01
 -36.721  0.0000E+00  0.8000E+01
 -36.716  0.0000E+00  0.8000E+01
 -36.711  0.0000E+00  0.8000E+01
 -36.706  0.0000E+00  0.8000E+01
 -36.701  0.0000E+00  0.8000E+01
 -36.696  0.0000E+00  0.8000E+01
 -36.691  0.0000E+00  0.8000E+01
 -36.686  0.0000E+00  0.8000E+01
 -36.681  0.0000E+00  0.8000E+01
 -36.676  0.0000E+00  0.8000E+01
 -36.671  0.0000E+00  0.8000E+01
 -36.666  0.0000E+00  0.8000E+01
 -36.661  0.0000E+00  0.8000E+01
 -36.656  0.0000E+00  0.8000E+01
 -36.651  0.0000E+00  0.8000E+01
 -36.646  0.0000E+00  0.8000E+01
 -36.641  0.0000E+00  0.8000E+01
 -36.636  0.0000E+00  0.8000E+01
 -36.631  0.0000E+00  0.8000E+01
 -36.626  0.0000E+00  0.8000E+01
 -36.621  0.0000E+00  0.8000E+01
 -36.616  0.0000E+00  0.8000E+01
 -36.611  0.0000E+00  0.8000E+01
 -36.606  0.0000E+00  0.8000E+01
 -36.601  0.0000E+00  0.8000E+01
 -36.596  0.0000E+00  0.8000E+01
 -36.591  0.0000E+00  0.8000E+01
 -36.586  0.0000E+00  0.8000E+01
 -36.581  0.0000E+00  0.8000E+01
 -36.576  0.0000E+00  0.8000E+01
 -36.571  0.0000E+00  0.8000E+01
 -36.566  0.0000E+00  0.8000E+01
 -36.561  0.0000E+00  0.8000E+01
 -36.556  0.0000E+00  0.8000E+01
 -36.551  0.0000E+00  0.8000E+01
 -36.546  0.0000E+00  0.8000E+01
 -36.541  0.0000E+00  0.8000E+01
 -36.536  0.0000E+00  0.8000E+01
 -36.531  0.0000E+00  0.8000E+01
 -36.526  0.0000E+00  0.8000E+01
 -36.521  0.0000E+00  0.8000E+01
 -36.516  0.0000E+00  0.8000E+01
 -36.511  0.0000E+00  0.8000E+01
 -36.506  0.0000E+00  0.8000E+01
 -36.501  0.0000E+00  0.8000E+01
 -36.496  0.0000E+00  0.8000E+01
 -36.491  0.0000E+00  0.8000E+01
 -36.486  0.0000E+00  0.8000E+01
 -36.481  0.0000E+00  0.8000E+01
 -36.476  0.0000E+00  0.8000E+01
 -36.471  0.0000E+00  0.8000E+01
 -36.466  0.0000E+00  0.8000E+01
 -36.461  0.0000E+00  0.8000E+01
 -36.456  0.0000E+00  0.8000E+01
 -36.451  0.0000E+00  0.8000E+01
 -36.446  0.0000E+00  0.8000E+01
 -36.441  0.0000E+00  0.8000E+01
 -36.436  0.0000E+00  0.8000E+01
 -36.431  0.0000E+00  0.8000E+01
 -36.426  0.0000E+00  0.8000E+01
 -36.421  0.0000E+00  0.8000E+01
 -36.416  0.0000E+00  0.8000E+01
 -36.411  0.0000E+00  0.8000E+01
 -36.406  0.0000E+00  0.8000E+01
 -36.401  0.0000E+00  0.8000E+01
 -36.396  0.0000E+00  0.8000E+01
 -36.391  0.0000E+00  0.8000E+01
 -36.386  0.0000E+00  0.8000E+01
 -36.381  0.0000E+00  0.8000E+01
 -36.376  0.0000E+00  0.8000E+01
 -36.371  0.0000E+00  0.8000E+01
 -36.366  0.0000E+00  0.8000E+01
 -36.361  0.0000E+00  0.8000E+01
 -36.356  0.0000E+00  0.8000E+01
 -36.351  0.0000E+00  0.8000E+01
 -36.346  0.0000E+00  0.8000E+01
 -36.341  0.0000E+00  0.8000E+01
 -36.336  0.0000E+00  0.8000E+01
 -36.331  0.0000E+00  0.8000E+01
 -36.326  0.0000E+00  0.8000E+01
 -36.321  0.0000E+00  0.8000E+01
 -36.316  0.0000E+00  0.8000E+01
 -36.311  0.0000E+00  0.8000E+01
 -36.306  0.0000E+00  0.8000E+01
 -36.301  0.0000E+00  0.8000E+01
 -36.296  0.0000E+00  0.8000E+01
 -36.291  0.0000E+00  0.8000E+01
 -36.286  0.0000E+00  0.8000E+01
 -36.281  0.0000E+00  0.8000E+01
 -36.276  0.0000E+00  0.8000E+01
 -36.271  0.0000E+00  0.8000E+01
 -36.266  0.0000E+00  0.8000E+01
 -36.261  0.0000E+00  0.8000E+01
 -36.256  0.0000E+00  0.8000E+01
 -36.251  0.0000E+00  0.8000E+01
 -36.246  0.0000E+00  0.8000E+01
 -36.241  0.0000E+00  0.8000E+01
 -36.236  0.0000E+00  0.8000E+01
 -36.231  0.0000E+00  0.8000E+01
 -36.226  0.0000E+00  0.8000E+01
 -36.221  0.0000E+00  0.8000E+01
 -36.216  0.0000E+00  0.8000E+01
 -36.211  0.0000E+00  0.8000E+01
 -36.206  0.0000E+00  0.8000E+01
 -36.201  0.0000E+00  0.8000E+01
 -36.196  0.0000E+00  0.8000E+01
 -36.191  0.0000E+00  0.8000E+01
 -36.186  0.0000E+00  0.8000E+01
 -36.181  0.0000E+00  0.8000E+01
 -36.176  0.0000E+00  0.8000E+01
 -36.171  0.0000E+00  0.8000E+01
 -36.166  0.0000E+00  0.8000E+01
 -36.161  0.0000E+00  0.8000E+01
 -36.156  0.0000E+00  0.8000E+01
 -36.151  0.0000E+00  0.8000E+01
 -36.146  0.0000E+00  0.8000E+01
 -36.141  0.0000E+00  0.8000E+01
 -36.136  0.0000E+00  0.8000E+01
 -36.131  0.0000E+00  0.8000E+01
 -36.126  0.0000E+00  0.8000E+01
 -36.121  0.0000E+00  0.8000E+01
 -36.116  0.0000E+00  0.8000E+01
 -36.111  0.0000E+00  0.8000E+01
 -36.106  0.0000E+00  0.8000E+01
 -36.101  0.0000E+00  0.8000E+01
 -36.096  0.0000E+00  0.8000E+01
 -36.091  0.0000E+00  0.8000E+01
 -36.086  0.0000E+00  0.8000E+01
 -36.081  0.0000E+00  0.8000E+01
 -36.076  0.0000E+00  0.8000E+01
 -36.071  0.0000E+00  0.8000E+01
 -36.066  0.0000E+00  0.8000E+01
 -36.061  0.0000E+00  0.8000E+01
 -36.056  0.0000E+00  0.8000E+01
 -36.051  0.0000E+00  0.8000E+01
 -36.046  0.0000E+00  0.8000E+01
 -36.041  0.0000E+00  0.8000E+01
 -36.036  0.0000E+00  0.8000E+01
 -36.031  0.0000E+00  0.8000E+01
 -36.026  0.0000E+00  0.8000E+01
 -36.021  0.0000E+00  0.8000E+01
 -36.016  0.0000E+00  0.8000E+01
 -36.011  0.0000E+00  0.8000E+01
 -36.006  0.0000E+00  0.8000E+01
 -36.001  0.0000E+00  0.8000E+01
 -35.996  0.0000E+00  0.8000E+01
 -35.991  0.0000E+00  0.8000E+01
 -35.986  0.0000E+00  0.8000E+01
 -35.981  0.0000E+00  0.8000E+01
 -35.976  0.0000E+00  0.8000E+01
 -35.971  0.0000E+00  0.8000E+01
 -35.966  0.0000E+00  0.8000E+01
 -35.961  0.0000E+00  0.8000E+01
 -35.956  0.0000E+00  0.8000E+01
 -35.951  0.0000E+00  0.8000E+01
 -35.946  0.0000E+00  0.8000E+01
 -35.941  0.0000E+00  0.8000E+01
 -35.936  0.0000E+00  0.8000E+01
 -35.931  0.0000E+00  0.8000E+01
 -35.926  0.0000E+00  0.8000E+01
 -35.921  0.0000E+00  0.8000E+01
 -35.916  0.0000E+00  0.8000E+01
 -35.911  0.0000E+00  0.8000E+01
 -35.906  0.0000E+00  0.8000E+01
 -35.901  0.0000E+00  0.8000E+01
 -35.896  0.0000E+00  0.8000E+01
 -35.891  0.0000E+00  0.8000E+01
 -35.886  0.0000E+00  0.8000E+01
 -35.881  0.0000E+00  0.8000E+01
 -35.876  0.0000E+00  0.8000E+01
 -35.871  0.0000E+00  0.8000E+01
 -35.866  0.0000E+00  0.8000E+01
 -35.861  0.0000E+00  0.8000E+01
 -35.856  0.0000E+00  0.8000E+01
 -35.851  0.0000E+00  0.8000E+01
 -35.846  0.0000E+00  0.8000E+01
 -35.841  0.0000E+00  0.8000E+01
 -35.836  0.0000E+00  0.8000E+01
 -35.831  0.0000E+00  0.8000E+01
 -35.826  0.0000E+00  0.8000E+01
 -35.821  0.0000E+00  0.8000E+01
 -35.816  0.0000E+00  0.8000E+01
 -35.811  0.0000E+00  0.8000E+01
 -35.806  0.0000E+00  0.8000E+01
 -35.801  0.0000E+00  0.8000E+01
 -35.796  0.0000E+00  0.8000E+01
 -35.791  0.0000E+00  0.8000E+01
 -35.786  0.0000E+00  0.8000E+01
 -35.781  0.0000E+00  0.8000E+01
 -35.776  0.0000E+00  0.8000E+01
 -35.771  0.0000E+00  0.8000E+01
 -35.766  0.0000E+00  0.8000E+01
 -35.761  0.0000E+00  0.8000E+01
 -35.756  0.0000E+00  0.8000E+01
 -35.751  0.0000E+00  0.8000E+01
 -35.746  0.0000E+00  0.8000E+01
 -35.741  0.0000E+00  0.8000E+01
 -35.736  0.0000E+00  0.8000E+01
 -35.731  0.0000E+00  0.8000E+01
 -35.726  0.0000E+00  0.8000E+01
 -35.721  0.0000E+00  0.8000E+01
 -35.716  0.0000E+00  0.8000E+01
 -35.711  0.0000E+00  0.8000E+01
 -35.706  0.0000E+00  0.8000E+01
 -35.701  0.0000E+00  0.8000E+01
 -35.696  0.0000E+00  0.8000E+01
 -35.691  0.0000E+00  0.8000E+01
 -35.686  0.0000E+00  0.8000E+01
 -35.681  0.0000E+00  0.8000E+01
 -35.676  0.0000E+00  0.8000E+01
 -35.671  0.0000E+00  0.8000E+01
 -35.666  0.0000E+00  0.8000E+01
 -35.661  0.0000E+00  0.8000E+01
 -35.656  0.0000E+00  0.8000E+01
 -35.651  0.0000E+00  0.8000E+01
 -35.646  0.0000E+00  0.8000E+01
 -35.641  0.0000E+00  0.8000E+01
 -35.636  0.0000E+00  0.8000E+01
 -35.631  0.0000E+00  0.8000E+01
 -35.626  0.0000E+00  0.8000E+01
 -35.621  0.0000E+00  0.8000E+01
 -35.616  0.0000E+00  0.8000E+01
 -35.611  0.0000E+00  0.8000E+01
 -35.606  0.0000E+00  0.8000E+01
 -35.601  0.0000E+00  0.8000E+01
 -35.596  0.0000E+00  0.8000E+01
 -35.591  0.0000E+00  0.8000E+01
 -35.586  0.0000E+00  0.8000E+01
 -35.581  0.0000E+00  0.8000E+01
 -35.576  0.0000E+00  0.8000E+01
 -35.571  0.0000E+00  0.8000E+01
 -35.566  0.0000E+00  0.8000E+01
 -35.561  0.0000E+00  0.8000E+01
 -35.556  0.0000E+00  0.8000E+01
 -35.551  0.0000E+00  0.8000E+01
 -35.546  0.0000E+00  0.8000E+01
 -35.541  0.0000E+00  0.8000E+01
 -35.536  0.0000E+00  0.8000E+01
 -35.531  0.0000E+00  0.8000E+01
 -35.526  0.0000E+00  0.8000E+01
 -35.521  0.0000E+00  0.8000E+01
 -35.516  0.0000E+00  0.8000E+01
 -35.511  0.0000E+00  0.8000E+01
 -35.506  0.0000E+00  0.8000E+01
 -35.501  0.0000E+00  0.8000E+01
 -35.496  0.0000E+00  0.8000E+01
 -35.491  0.0000E+00  0.8000E+01
 -35.486  0.0000E+00  0.8000E+01
 -35.481  0.0000E+00  0.8000E+01
 -35.476  0.0000E+00  0.8000E+01
 -35.471  0.0000E+00  0.8000E+01
 -35.466  0.0000E+00  0.8000E+01
 -35.461  0.0000E+00  0.8000E+01
 -35.456  0.0000E+00  0.8000E+01
 -35.451  0.0000E+00  0.8000E+01
 -35.446  0.0000E+00  0.8000E+01
 -35.441  0.0000E+00  0.8000E+01
 -35.436  0.0000E+00  0.8000E+01
 -35.431  0.0000E+00  0.8000E+01
 -35.426  0.0000E+00  0.8000E+01
 -35.421  0.0000E+00  0.8000E+01
 -35.416  0.0000E+00  0.8000E+01
 -35.411  0.0000E+00  0.8000E+01
 -35.406  0.0000E+00  0.8000E+01
 -35.401  0.0000E+00  0.8000E+01
 -35.396  0.0000E+00  0.8000E+01
 -35.391  0.0000E+00  0.8000E+01
 -35.386  0.0000E+00  0.8000E+01
 -35.381  0.0000E+00  0.8000E+01
 -35.376  0.0000E+00  0.8000E+01
 -35.371  0.0000E+00  0.8000E+01
 -35.366  0.0000E+00  0.8000E+01
 -35.361  0.0000E+00  0.8000E+01
 -35.356  0.0000E+00  0.8000E+01
 -35.351  0.0000E+00  0.8000E+01
 -35.346  0.0000E+00  0.8000E+01
 -35.341  0.0000E+00  0.8000E+01
 -35.336  0.0000E+00  0.8000E+01
 -35.331  0.0000E+00  0.8000E+01
 -35.326  0.0000E+00  0.8000E+01
 -35.321  0.0000E+00  0.8000E+01
 -35.316  0.0000E+00  0.8000E+01
 -35.311  0.0000E+00  0.8000E+01
 -35.306  0.0000E+00  0.8000E+01
 -35.301  0.0000E+00  0.8000E+01
 -35.296  0.0000E+00  0.8000E+01
 -35.291  0.0000E+00  0.8000E+01
 -35.286  0.0000E+00  0.8000E+01
 -35.281  0.0000E+00  0.8000E+01
 -35.276  0.0000E+00  0.8000E+01
 -35.271  0.0000E+00  0.8000E+01
 -35.266  0.0000E+00  0.8000E+01
 -35.261  0.0000E+00  0.8000E+01
 -35.256  0.0000E+00  0.8000E+01
 -35.251  0.0000E+00  0.8000E+01
 -35.246  0.0000E+00  0.8000E+01
 -35.241  0.0000E+00  0.8000E+01
 -35.236  0.0000E+00  0.8000E+01
 -35.231  0.0000E+00  0.8000E+01
 -35.226  0.0000E+00  0.8000E+01
 -35.221  0.0000E+00  0.8000E+01
 -35.216  0.0000E+00  0.8000E+01
 -35.211  0.0000E+00  0.8000E+01
 -35.206  0.0000E+00  0.8000E+01
 -35.201  0.0000E+00  0.8000E+01
 -35.196  0.0000E+00  0.8000E+01
 -35.191  0.0000E+00  0.8000E+01
 -35.186  0.0000E+00  0.8000E+01
 -35.181  0.0000E+00  0.8000E+01
 -35.176  0.0000E+00  0.8000E+01
 -35.171  0.0000E+00  0.8000E+01
 -35.166  0.0000E+00  0.8000E+01
 -35.161  0.0000E+00  0.8000E+01
 -35.156  0.0000E+00  0.8000E+01
 -35.151  0.0000E+00  0.8000E+01
 -35.146  0.0000E+00  0.8000E+01
 -35.141  0.0000E+00  0.8000E+01
 -35.136  0.0000E+00  0.8000E+01
 -35.131  0.0000E+00  0.8000E+01
 -35.126  0.0000E+00  0.8000E+01
 -35.121  0.0000E+00  0.8000E+01
 -35.116  0.0000E+00  0.8000E+01
 -35.111  0.0000E+00  0.8000E+01
 -35.106  0.0000E+00  0.8000E+01
 -35.101  0.0000E+00  0.8000E+01
 -35.096  0.0000E+00  0.8000E+01
 -35.091  0.0000E+00  0.8000E+01
 -35.086  0.0000E+00  0.8000E+01
 -35.081  0.0000E+00  0.8000E+01
 -35.076  0.0000E+00  0.8000E+01
 -35.071  0.0000E+00  0.8000E+01
 -35.066  0.0000E+00  0.8000E+01
 -35.061  0.0000E+00  0.8000E+01
 -35.056  0.0000E+00  0.8000E+01
 -35.051  0.0000E+00  0.8000E+01
 -35.046  0.0000E+00  0.8000E+01
 -35.041  0.0000E+00  0.8000E+01
 -35.036  0.0000E+00  0.8000E+01
 -35.031  0.0000E+00  0.8000E+01
 -35.026  0.0000E+00  0.8000E+01
 -35.021  0.0000E+00  0.8000E+01
 -35.016  0.0000E+00  0.8000E+01
 -35.011  0.0000E+00  0.8000E+01
 -35.006  0.0000E+00  0.8000E+01
 -35.001  0.0000E+00  0.8000E+01
 -34.996  0.0000E+00  0.8000E+01
 -34.991  0.0000E+00  0.8000E+01
 -34.986  0.0000E+00  0.8000E+01
 -34.981  0.0000E+00  0.8000E+01
 -34.976  0.0000E+00  0.8000E+01
 -34.971  0.0000E+00  0.8000E+01
 -34.966  0.0000E+00  0.8000E+01
 -34.961  0.0000E+00  0.8000E+01
 -34.956  0.0000E+00  0.8000E+01
 -34.951  0.0000E+00  0.8000E+01
 -34.946  0.0000E+00  0.8000E+01
 -34.941  0.0000E+00  0.8000E+01
 -34.936  0.0000E+00  0.8000E+01
 -34.931  0.0000E+00  0.8000E+01
 -34.926  0.0000E+00  0.8000E+01
 -34.921  0.0000E+00  0.8000E+01
 -34.916  0.0000E+00  0.8000E+01
 -34.911  0.0000E+00  0.8000E+01
 -34.906  0.0000E+00  0.8000E+01
 -34.901  0.0000E+00  0.8000E+01
 -34.896  0.0000E+00  0.8000E+01
 -34.891  0.0000E+00  0.8000E+01
 -34.886  0.0000E+00  0.8000E+01
 -34.881  0.0000E+00  0.8000E+01
 -34.876  0.0000E+00  0.8000E+01
 -34.871  0.0000E+00  0.8000E+01
 -34.866  0.0000E+00  0.8000E+01
 -34.861  0.0000E+00  0.8000E+01
 -34.856  0.0000E+00  0.8000E+01
 -34.851  0.0000E+00  0.8000E+01
 -34.846  0.0000E+00  0.8000E+01
 -34.841  0.0000E+00  0.8000E+01
 -34.836  0.0000E+00  0.8000E+01
 -34.831  0.0000E+00  0.8000E+01
 -34.826  0.0000E+00  0.8000E+01
 -34.821  0.0000E+00  0.8000E+01
 -34.816  0.0000E+00  0.8000E+01
 -34.811  0.0000E+00  0.8000E+01
 -34.806  0.0000E+00  0.8000E+01
 -34.801  0.0000E+00  0.8000E+01
 -34.796  0.0000E+00  0.8000E+01
 -34.791  0.0000E+00  0.8000E+01
 -34.786  0.0000E+00  0.8000E+01
 -34.781  0.0000E+00  0.8000E+01
 -34.776  0.0000E+00  0.8000E+01
 -34.771  0.0000E+00  0.8000E+01
 -34.766  0.0000E+00  0.8000E+01
 -34.761  0.0000E+00  0.8000E+01
 -34.756  0.0000E+00  0.8000E+01
 -34.751  0.0000E+00  0.8000E+01
 -34.746  0.0000E+00  0.8000E+01
 -34.741  0.0000E+00  0.8000E+01
 -34.736  0.0000E+00  0.8000E+01
 -34.731  0.0000E+00  0.8000E+01
 -34.726  0.0000E+00  0.8000E+01
 -34.721  0.0000E+00  0.8000E+01
 -34.716  0.0000E+00  0.8000E+01
 -34.711  0.0000E+00  0.8000E+01
 -34.706  0.0000E+00  0.8000E+01
 -34.701  0.0000E+00  0.8000E+01
 -34.696  0.0000E+00  0.8000E+01
 -34.691  0.0000E+00  0.8000E+01
 -34.686  0.0000E+00  0.8000E+01
 -34.681  0.0000E+00  0.8000E+01
 -34.676  0.0000E+00  0.8000E+01
 -34.671  0.0000E+00  0.8000E+01
 -34.666  0.0000E+00  0.8000E+01
 -34.661  0.0000E+00  0.8000E+01
 -34.656  0.0000E+00  0.8000E+01
 -34.651  0.0000E+00  0.8000E+01
 -34.646  0.0000E+00  0.8000E+01
 -34.641  0.0000E+00  0.8000E+01
 -34.636  0.0000E+00  0.8000E+01
 -34.631  0.0000E+00  0.8000E+01
 -34.626  0.0000E+00  0.8000E+01
 -34.621  0.0000E+00  0.8000E+01
 -34.616  0.0000E+00  0.8000E+01
 -34.611  0.0000E+00  0.8000E+01
 -34.606  0.0000E+00  0.8000E+01
 -34.601  0.0000E+00  0.8000E+01
 -34.596  0.0000E+00  0.8000E+01
 -34.591  0.0000E+00  0.8000E+01
 -34.586  0.0000E+00  0.8000E+01
 -34.581  0.0000E+00  0.8000E+01
 -34.576  0.0000E+00  0.8000E+01
 -34.571  0.0000E+00  0.8000E+01
 -34.566  0.0000E+00  0.8000E+01
 -34.561  0.0000E+00  0.8000E+01
 -34.556  0.0000E+00  0.8000E+01
 -34.551  0.0000E+00  0.8000E+01
 -34.546  0.0000E+00  0.8000E+01
 -34.541  0.0000E+00  0.8000E+01
 -34.536  0.0000E+00  0.8000E+01
 -34.531  0.0000E+00  0.8000E+01
 -34.526  0.0000E+00  0.8000E+01
 -34.521  0.0000E+00  0.8000E+01
 -34.516  0.0000E+00  0.8000E+01
 -34.511  0.0000E+00  0.8000E+01
 -34.506  0.0000E+00  0.8000E+01
 -34.501  0.0000E+00  0.8000E+01
 -34.496  0.0000E+00  0.8000E+01
 -34.491  0.0000E+00  0.8000E+01
 -34.486  0.0000E+00  0.8000E+01
 -34.481  0.0000E+00  0.8000E+01
 -34.476  0.0000E+00  0.8000E+01
 -34.471  0.0000E+00  0.8000E+01
 -34.466  0.0000E+00  0.8000E+01
 -34.461  0.0000E+00  0.8000E+01
 -34.456  0.0000E+00  0.8000E+01
 -34.451  0.0000E+00  0.8000E+01
 -34.446  0.0000E+00  0.8000E+01
 -34.441  0.0000E+00  0.8000E+01
 -34.436  0.0000E+00  0.8000E+01
 -34.431  0.0000E+00  0.8000E+01
 -34.426  0.0000E+00  0.8000E+01
 -34.421  0.0000E+00  0.8000E+01
 -34.416  0.0000E+00  0.8000E+01
 -34.411  0.0000E+00  0.8000E+01
 -34.406  0.0000E+00  0.8000E+01
 -34.401  0.0000E+00  0.8000E+01
 -34.396  0.0000E+00  0.8000E+01
 -34.391  0.0000E+00  0.8000E+01
 -34.386  0.0000E+00  0.8000E+01
 -34.381  0.0000E+00  0.8000E+01
 -34.376  0.0000E+00  0.8000E+01
 -34.371  0.0000E+00  0.8000E+01
 -34.366  0.0000E+00  0.8000E+01
 -34.361  0.0000E+00  0.8000E+01
 -34.356  0.0000E+00  0.8000E+01
 -34.351  0.0000E+00  0.8000E+01
 -34.346  0.0000E+00  0.8000E+01
 -34.341  0.0000E+00  0.8000E+01
 -34.336  0.0000E+00  0.8000E+01
 -34.331  0.0000E+00  0.8000E+01
 -34.326  0.0000E+00  0.8000E+01
 -34.321  0.0000E+00  0.8000E+01
 -34.316  0.0000E+00  0.8000E+01
 -34.311  0.0000E+00  0.8000E+01
 -34.306  0.0000E+00  0.8000E+01
 -34.301  0.0000E+00  0.8000E+01
 -34.296  0.0000E+00  0.8000E+01
 -34.291  0.0000E+00  0.8000E+01
 -34.286  0.0000E+00  0.8000E+01
 -34.281  0.0000E+00  0.8000E+01
 -34.276  0.0000E+00  0.8000E+01
 -34.271  0.0000E+00  0.8000E+01
 -34.266  0.0000E+00  0.8000E+01
 -34.261  0.0000E+00  0.8000E+01
 -34.256  0.0000E+00  0.8000E+01
 -34.251  0.0000E+00  0.8000E+01
 -34.246  0.0000E+00  0.8000E+01
 -34.241  0.0000E+00  0.8000E+01
 -34.236  0.0000E+00  0.8000E+01
 -34.231  0.0000E+00  0.8000E+01
 -34.226  0.0000E+00  0.8000E+01
 -34.221  0.0000E+00  0.8000E+01
 -34.216  0.0000E+00  0.8000E+01
 -34.211  0.0000E+00  0.8000E+01
 -34.206  0.0000E+00  0.8000E+01
 -34.201  0.0000E+00  0.8000E+01
 -34.196  0.0000E+00  0.8000E+01
 -34.191  0.0000E+00  0.8000E+01
 -34.186  0.0000E+00  0.8000E+01
 -34.181  0.0000E+00  0.8000E+01
 -34.176  0.0000E+00  0.8000E+01
 -34.171  0.0000E+00  0.8000E+01
 -34.166  0.0000E+00  0.8000E+01
 -34.161  0.0000E+00  0.8000E+01
 -34.156  0.0000E+00  0.8000E+01
 -34.151  0.0000E+00  0.8000E+01
 -34.146  0.0000E+00  0.8000E+01
 -34.141  0.0000E+00  0.8000E+01
 -34.136  0.0000E+00  0.8000E+01
 -34.131  0.0000E+00  0.8000E+01
 -34.126  0.0000E+00  0.8000E+01
 -34.121  0.0000E+00  0.8000E+01
 -34.116  0.0000E+00  0.8000E+01
 -34.111  0.0000E+00  0.8000E+01
 -34.106  0.0000E+00  0.8000E+01
 -34.101  0.0000E+00  0.8000E+01
 -34.096  0.0000E+00  0.8000E+01
 -34.091  0.0000E+00  0.8000E+01
 -34.086  0.0000E+00  0.8000E+01
 -34.081  0.0000E+00  0.8000E+01
 -34.076  0.0000E+00  0.8000E+01
 -34.071  0.0000E+00  0.8000E+01
 -34.066  0.0000E+00  0.8000E+01
 -34.061  0.0000E+00  0.8000E+01
 -34.056  0.0000E+00  0.8000E+01
 -34.051  0.0000E+00  0.8000E+01
 -34.046  0.0000E+00  0.8000E+01
 -34.041  0.0000E+00  0.8000E+01
 -34.036  0.0000E+00  0.8000E+01
 -34.031  0.0000E+00  0.8000E+01
 -34.026  0.0000E+00  0.8000E+01
 -34.021  0.0000E+00  0.8000E+01
 -34.016  0.0000E+00  0.8000E+01
 -34.011  0.0000E+00  0.8000E+01
 -34.006  0.0000E+00  0.8000E+01
 -34.001  0.0000E+00  0.8000E+01
 -33.996  0.0000E+00  0.8000E+01
 -33.991  0.0000E+00  0.8000E+01
 -33.986  0.0000E+00  0.8000E+01
 -33.981  0.0000E+00  0.8000E+01
 -33.976  0.0000E+00  0.8000E+01
 -33.971  0.0000E+00  0.8000E+01
 -33.966  0.0000E+00  0.8000E+01
 -33.961  0.0000E+00  0.8000E+01
 -33.956  0.0000E+00  0.8000E+01
 -33.951  0.0000E+00  0.8000E+01
 -33.946  0.0000E+00  0.8000E+01
 -33.941  0.0000E+00  0.8000E+01
 -33.936  0.0000E+00  0.8000E+01
 -33.931  0.0000E+00  0.8000E+01
 -33.926  0.0000E+00  0.8000E+01
 -33.921  0.0000E+00  0.8000E+01
 -33.916  0.0000E+00  0.8000E+01
 -33.911  0.0000E+00  0.8000E+01
 -33.906  0.0000E+00  0.8000E+01
 -33.901  0.0000E+00  0.8000E+01
 -33.896  0.0000E+00  0.8000E+01
 -33.891  0.0000E+00  0.8000E+01
 -33.886  0.0000E+00  0.8000E+01
 -33.881  0.0000E+00  0.8000E+01
 -33.876  0.0000E+00  0.8000E+01
 -33.871  0.0000E+00  0.8000E+01
 -33.866  0.0000E+00  0.8000E+01
 -33.861  0.0000E+00  0.8000E+01
 -33.856  0.0000E+00  0.8000E+01
 -33.851  0.0000E+00  0.8000E+01
 -33.846  0.0000E+00  0.8000E+01
 -33.841  0.0000E+00  0.8000E+01
 -33.836  0.0000E+00  0.8000E+01
 -33.831  0.0000E+00  0.8000E+01
 -33.826  0.0000E+00  0.8000E+01
 -33.821  0.0000E+00  0.8000E+01
 -33.816  0.0000E+00  0.8000E+01
 -33.811  0.0000E+00  0.8000E+01
 -33.806  0.0000E+00  0.8000E+01
 -33.801  0.0000E+00  0.8000E+01
 -33.796  0.0000E+00  0.8000E+01
 -33.791  0.0000E+00  0.8000E+01
 -33.786  0.0000E+00  0.8000E+01
 -33.781  0.0000E+00  0.8000E+01
 -33.776  0.0000E+00  0.8000E+01
 -33.771  0.0000E+00  0.8000E+01
 -33.766  0.0000E+00  0.8000E+01
 -33.761  0.0000E+00  0.8000E+01
 -33.756  0.0000E+00  0.8000E+01
 -33.751  0.0000E+00  0.8000E+01
 -33.746  0.0000E+00  0.8000E+01
 -33.741  0.0000E+00  0.8000E+01
 -33.736  0.0000E+00  0.8000E+01
 -33.731  0.0000E+00  0.8000E+01
 -33.726  0.0000E+00  0.8000E+01
 -33.721  0.0000E+00  0.8000E+01
 -33.716  0.0000E+00  0.8000E+01
 -33.711  0.0000E+00  0.8000E+01
 -33.706  0.0000E+00  0.8000E+01
 -33.701  0.0000E+00  0.8000E+01
 -33.696  0.0000E+00  0.8000E+01
 -33.691  0.0000E+00  0.8000E+01
 -33.686  0.0000E+00  0.8000E+01
 -33.681  0.0000E+00  0.8000E+01
 -33.676  0.0000E+00  0.8000E+01
 -33.671  0.0000E+00  0.8000E+01
 -33.666  0.0000E+00  0.8000E+01
 -33.661  0.0000E+00  0.8000E+01
 -33.656  0.0000E+00  0.8000E+01
 -33.651  0.0000E+00  0.8000E+01
 -33.646  0.0000E+00  0.8000E+01
 -33.641  0.0000E+00  0.8000E+01
 -33.636  0.0000E+00  0.8000E+01
 -33.631  0.0000E+00  0.8000E+01
 -33.626  0.0000E+00  0.8000E+01
 -33.621  0.0000E+00  0.8000E+01
 -33.616  0.0000E+00  0.8000E+01
 -33.611  0.0000E+00  0.8000E+01
 -33.606  0.0000E+00  0.8000E+01
 -33.601  0.0000E+00  0.8000E+01
 -33.596  0.0000E+00  0.8000E+01
 -33.591  0.0000E+00  0.8000E+01
 -33.586  0.0000E+00  0.8000E+01
 -33.581  0.0000E+00  0.8000E+01
 -33.576  0.0000E+00  0.8000E+01
 -33.571  0.0000E+00  0.8000E+01
 -33.566  0.0000E+00  0.8000E+01
 -33.561  0.0000E+00  0.8000E+01
 -33.556  0.0000E+00  0.8000E+01
 -33.551  0.0000E+00  0.8000E+01
 -33.546  0.0000E+00  0.8000E+01
 -33.541  0.0000E+00  0.8000E+01
 -33.536  0.0000E+00  0.8000E+01
 -33.531  0.0000E+00  0.8000E+01
 -33.526  0.0000E+00  0.8000E+01
 -33.521  0.0000E+00  0.8000E+01
 -33.516  0.0000E+00  0.8000E+01
 -33.511  0.0000E+00  0.8000E+01
 -33.506  0.0000E+00  0.8000E+01
 -33.501  0.0000E+00  0.8000E+01
 -33.496  0.0000E+00  0.8000E+01
 -33.491  0.0000E+00  0.8000E+01
 -33.486  0.0000E+00  0.8000E+01
 -33.481  0.0000E+00  0.8000E+01
 -33.476  0.0000E+00  0.8000E+01
 -33.471  0.0000E+00  0.8000E+01
 -33.466  0.0000E+00  0.8000E+01
 -33.461  0.0000E+00  0.8000E+01
 -33.456  0.0000E+00  0.8000E+01
 -33.451  0.0000E+00  0.8000E+01
 -33.446  0.0000E+00  0.8000E+01
 -33.441  0.0000E+00  0.8000E+01
 -33.436  0.0000E+00  0.8000E+01
 -33.431  0.0000E+00  0.8000E+01
 -33.426  0.0000E+00  0.8000E+01
 -33.421  0.0000E+00  0.8000E+01
 -33.416  0.0000E+00  0.8000E+01
 -33.411  0.0000E+00  0.8000E+01
 -33.406  0.0000E+00  0.8000E+01
 -33.401  0.0000E+00  0.8000E+01
 -33.396  0.0000E+00  0.8000E+01
 -33.391  0.0000E+00  0.8000E+01
 -33.386  0.0000E+00  0.8000E+01
 -33.381  0.0000E+00  0.8000E+01
 -33.376  0.0000E+00  0.8000E+01
 -33.371  0.0000E+00  0.8000E+01
 -33.366  0.0000E+00  0.8000E+01
 -33.361  0.0000E+00  0.8000E+01
 -33.356  0.0000E+00  0.8000E+01
 -33.351  0.0000E+00  0.8000E+01
 -33.346  0.0000E+00  0.8000E+01
 -33.341  0.0000E+00  0.8000E+01
 -33.336  0.0000E+00  0.8000E+01
 -33.331  0.0000E+00  0.8000E+01
 -33.326  0.0000E+00  0.8000E+01
 -33.321  0.0000E+00  0.8000E+01
 -33.316  0.0000E+00  0.8000E+01
 -33.311  0.0000E+00  0.8000E+01
 -33.306  0.0000E+00  0.8000E+01
 -33.301  0.0000E+00  0.8000E+01
 -33.296  0.0000E+00  0.8000E+01
 -33.291  0.0000E+00  0.8000E+01
 -33.286  0.0000E+00  0.8000E+01
 -33.281  0.0000E+00  0.8000E+01
 -33.276  0.0000E+00  0.8000E+01
 -33.271  0.0000E+00  0.8000E+01
 -33.266  0.0000E+00  0.8000E+01
 -33.261  0.0000E+00  0.8000E+01
 -33.256  0.0000E+00  0.8000E+01
 -33.251  0.0000E+00  0.8000E+01
 -33.246  0.0000E+00  0.8000E+01
 -33.241  0.0000E+00  0.8000E+01
 -33.236  0.0000E+00  0.8000E+01
 -33.231  0.0000E+00  0.8000E+01
 -33.226  0.0000E+00  0.8000E+01
 -33.221  0.0000E+00  0.8000E+01
 -33.216  0.0000E+00  0.8000E+01
 -33.211  0.0000E+00  0.8000E+01
 -33.206  0.0000E+00  0.8000E+01
 -33.201  0.0000E+00  0.8000E+01
 -33.196  0.0000E+00  0.8000E+01
 -33.191  0.0000E+00  0.8000E+01
 -33.186  0.0000E+00  0.8000E+01
 -33.181  0.0000E+00  0.8000E+01
 -33.176  0.0000E+00  0.8000E+01
 -33.171  0.0000E+00  0.8000E+01
 -33.166  0.0000E+00  0.8000E+01
 -33.161  0.0000E+00  0.8000E+01
 -33.156  0.0000E+00  0.8000E+01
 -33.151  0.0000E+00  0.8000E+01
 -33.146  0.0000E+00  0.8000E+01
 -33.141  0.0000E+00  0.8000E+01
 -33.136  0.0000E+00  0.8000E+01
 -33.131  0.0000E+00  0.8000E+01
 -33.126  0.0000E+00  0.8000E+01
 -33.121  0.0000E+00  0.8000E+01
 -33.116  0.0000E+00  0.8000E+01
 -33.111  0.0000E+00  0.8000E+01
 -33.106  0.0000E+00  0.8000E+01
 -33.101  0.0000E+00  0.8000E+01
 -33.096  0.0000E+00  0.8000E+01
 -33.091  0.0000E+00  0.8000E+01
 -33.086  0.0000E+00  0.8000E+01
 -33.081  0.0000E+00  0.8000E+01
 -33.076  0.0000E+00  0.8000E+01
 -33.071  0.0000E+00  0.8000E+01
 -33.066  0.0000E+00  0.8000E+01
 -33.061  0.0000E+00  0.8000E+01
 -33.056  0.0000E+00  0.8000E+01
 -33.051  0.0000E+00  0.8000E+01
 -33.046  0.0000E+00  0.8000E+01
 -33.041  0.0000E+00  0.8000E+01
 -33.036  0.0000E+00  0.8000E+01
 -33.031  0.0000E+00  0.8000E+01
 -33.026  0.0000E+00  0.8000E+01
 -33.021  0.0000E+00  0.8000E+01
 -33.016  0.0000E+00  0.8000E+01
 -33.011  0.0000E+00  0.8000E+01
 -33.006  0.0000E+00  0.8000E+01
 -33.001  0.0000E+00  0.8000E+01
 -32.996  0.0000E+00  0.8000E+01
 -32.991  0.0000E+00  0.8000E+01
 -32.986  0.0000E+00  0.8000E+01
 -32.981  0.0000E+00  0.8000E+01
 -32.976  0.0000E+00  0.8000E+01
 -32.971  0.0000E+00  0.8000E+01
 -32.966  0.0000E+00  0.8000E+01
 -32.961  0.0000E+00  0.8000E+01
 -32.956  0.0000E+00  0.8000E+01
 -32.951  0.0000E+00  0.8000E+01
 -32.946  0.0000E+00  0.8000E+01
 -32.941  0.0000E+00  0.8000E+01
 -32.936  0.0000E+00  0.8000E+01
 -32.931  0.0000E+00  0.8000E+01
 -32.926  0.0000E+00  0.8000E+01
 -32.921  0.0000E+00  0.8000E+01
 -32.916  0.0000E+00  0.8000E+01
 -32.911  0.0000E+00  0.8000E+01
 -32.906  0.0000E+00  0.8000E+01
 -32.901  0.0000E+00  0.8000E+01
 -32.896  0.0000E+00  0.8000E+01
 -32.891  0.0000E+00  0.8000E+01
 -32.886  0.0000E+00  0.8000E+01
 -32.881  0.0000E+00  0.8000E+01
 -32.876  0.0000E+00  0.8000E+01
 -32.871  0.0000E+00  0.8000E+01
 -32.866  0.0000E+00  0.8000E+01
 -32.861  0.0000E+00  0.8000E+01
 -32.856  0.0000E+00  0.8000E+01
 -32.851  0.0000E+00  0.8000E+01
 -32.846  0.0000E+00  0.8000E+01
 -32.841  0.0000E+00  0.8000E+01
 -32.836  0.0000E+00  0.8000E+01
 -32.831  0.0000E+00  0.8000E+01
 -32.826  0.0000E+00  0.8000E+01
 -32.821  0.0000E+00  0.8000E+01
 -32.816  0.0000E+00  0.8000E+01
 -32.811  0.0000E+00  0.8000E+01
 -32.806  0.0000E+00  0.8000E+01
 -32.801  0.0000E+00  0.8000E+01
 -32.796  0.0000E+00  0.8000E+01
 -32.791  0.0000E+00  0.8000E+01
 -32.786  0.0000E+00  0.8000E+01
 -32.781  0.0000E+00  0.8000E+01
 -32.776  0.0000E+00  0.8000E+01
 -32.771  0.0000E+00  0.8000E+01
 -32.766  0.0000E+00  0.8000E+01
 -32.761  0.0000E+00  0.8000E+01
 -32.756  0.0000E+00  0.8000E+01
 -32.751  0.0000E+00  0.8000E+01
 -32.746  0.0000E+00  0.8000E+01
 -32.741  0.0000E+00  0.8000E+01
 -32.736  0.0000E+00  0.8000E+01
 -32.731  0.0000E+00  0.8000E+01
 -32.726  0.0000E+00  0.8000E+01
 -32.721  0.0000E+00  0.8000E+01
 -32.716  0.0000E+00  0.8000E+01
 -32.711  0.0000E+00  0.8000E+01
 -32.706  0.0000E+00  0.8000E+01
 -32.701  0.0000E+00  0.8000E+01
 -32.696  0.0000E+00  0.8000E+01
 -32.691  0.0000E+00  0.8000E+01
 -32.686  0.0000E+00  0.8000E+01
 -32.681  0.0000E+00  0.8000E+01
 -32.676  0.0000E+00  0.8000E+01
 -32.671  0.0000E+00  0.8000E+01
 -32.666  0.0000E+00  0.8000E+01
 -32.661  0.0000E+00  0.8000E+01
 -32.656  0.0000E+00  0.8000E+01
 -32.651  0.0000E+00  0.8000E+01
 -32.646  0.0000E+00  0.8000E+01
 -32.641  0.0000E+00  0.8000E+01
 -32.636  0.0000E+00  0.8000E+01
 -32.631  0.0000E+00  0.8000E+01
 -32.626  0.0000E+00  0.8000E+01
 -32.621  0.0000E+00  0.8000E+01
 -32.616  0.0000E+00  0.8000E+01
 -32.611  0.0000E+00  0.8000E+01
 -32.606  0.0000E+00  0.8000E+01
 -32.601  0.0000E+00  0.8000E+01
 -32.596  0.0000E+00  0.8000E+01
 -32.591  0.0000E+00  0.8000E+01
 -32.586  0.0000E+00  0.8000E+01
 -32.581  0.0000E+00  0.8000E+01
 -32.576  0.0000E+00  0.8000E+01
 -32.571  0.0000E+00  0.8000E+01
 -32.566  0.0000E+00  0.8000E+01
 -32.561  0.0000E+00  0.8000E+01
 -32.556  0.0000E+00  0.8000E+01
 -32.551  0.0000E+00  0.8000E+01
 -32.546  0.0000E+00  0.8000E+01
 -32.541  0.0000E+00  0.8000E+01
 -32.536  0.0000E+00  0.8000E+01
 -32.531  0.0000E+00  0.8000E+01
 -32.526  0.0000E+00  0.8000E+01
 -32.521  0.0000E+00  0.8000E+01
 -32.516  0.0000E+00  0.8000E+01
 -32.511  0.0000E+00  0.8000E+01
 -32.506  0.0000E+00  0.8000E+01
 -32.501  0.0000E+00  0.8000E+01
 -32.496  0.0000E+00  0.8000E+01
 -32.491  0.0000E+00  0.8000E+01
 -32.486  0.0000E+00  0.8000E+01
 -32.481  0.0000E+00  0.8000E+01
 -32.476  0.0000E+00  0.8000E+01
 -32.471  0.0000E+00  0.8000E+01
 -32.466  0.0000E+00  0.8000E+01
 -32.461  0.0000E+00  0.8000E+01
 -32.456  0.0000E+00  0.8000E+01
 -32.451  0.0000E+00  0.8000E+01
 -32.446  0.0000E+00  0.8000E+01
 -32.441  0.0000E+00  0.8000E+01
 -32.436  0.0000E+00  0.8000E+01
 -32.431  0.0000E+00  0.8000E+01
 -32.426  0.0000E+00  0.8000E+01
 -32.421  0.0000E+00  0.8000E+01
 -32.416  0.0000E+00  0.8000E+01
 -32.411  0.0000E+00  0.8000E+01
 -32.406  0.0000E+00  0.8000E+01
 -32.401  0.0000E+00  0.8000E+01
 -32.396  0.0000E+00  0.8000E+01
 -32.391  0.0000E+00  0.8000E+01
 -32.386  0.0000E+00  0.8000E+01
 -32.381  0.0000E+00  0.8000E+01
 -32.376  0.0000E+00  0.8000E+01
 -32.371  0.0000E+00  0.8000E+01
 -32.366  0.0000E+00  0.8000E+01
 -32.361  0.0000E+00  0.8000E+01
 -32.356  0.0000E+00  0.8000E+01
 -32.351  0.0000E+00  0.8000E+01
 -32.346  0.0000E+00  0.8000E+01
 -32.341  0.0000E+00  0.8000E+01
 -32.336  0.0000E+00  0.8000E+01
 -32.331  0.0000E+00  0.8000E+01
 -32.326  0.0000E+00  0.8000E+01
 -32.321  0.0000E+00  0.8000E+01
 -32.316  0.0000E+00  0.8000E+01
 -32.311  0.0000E+00  0.8000E+01
 -32.306  0.0000E+00  0.8000E+01
 -32.301  0.0000E+00  0.8000E+01
 -32.296  0.0000E+00  0.8000E+01
 -32.291  0.0000E+00  0.8000E+01
 -32.286  0.0000E+00  0.8000E+01
 -32.281  0.0000E+00  0.8000E+01
 -32.276  0.0000E+00  0.8000E+01
 -32.271  0.0000E+00  0.8000E+01
 -32.266  0.0000E+00  0.8000E+01
 -32.261  0.0000E+00  0.8000E+01
 -32.256  0.0000E+00  0.8000E+01
 -32.251  0.0000E+00  0.8000E+01
 -32.246  0.0000E+00  0.8000E+01
 -32.241  0.0000E+00  0.8000E+01
 -32.236  0.0000E+00  0.8000E+01
 -32.231  0.0000E+00  0.8000E+01
 -32.226  0.0000E+00  0.8000E+01
 -32.221  0.0000E+00  0.8000E+01
 -32.216  0.0000E+00  0.8000E+01
 -32.211  0.0000E+00  0.8000E+01
 -32.206  0.0000E+00  0.8000E+01
 -32.201  0.0000E+00  0.8000E+01
 -32.196  0.0000E+00  0.8000E+01
 -32.191  0.0000E+00  0.8000E+01
 -32.186  0.0000E+00  0.8000E+01
 -32.181  0.0000E+00  0.8000E+01
 -32.176  0.0000E+00  0.8000E+01
 -32.171  0.0000E+00  0.8000E+01
 -32.166  0.0000E+00  0.8000E+01
 -32.161  0.0000E+00  0.8000E+01
 -32.156  0.0000E+00  0.8000E+01
 -32.151  0.0000E+00  0.8000E+01
 -32.146  0.0000E+00  0.8000E+01
 -32.141  0.0000E+00  0.8000E+01
 -32.136  0.0000E+00  0.8000E+01
 -32.131  0.0000E+00  0.8000E+01
 -32.126  0.0000E+00  0.8000E+01
 -32.121  0.0000E+00  0.8000E+01
 -32.116  0.0000E+00  0.8000E+01
 -32.111  0.0000E+00  0.8000E+01
 -32.106  0.0000E+00  0.8000E+01
 -32.101  0.0000E+00  0.8000E+01
 -32.096  0.0000E+00  0.8000E+01
 -32.091  0.0000E+00  0.8000E+01
 -32.086  0.0000E+00  0.8000E+01
 -32.081  0.0000E+00  0.8000E+01
 -32.076  0.0000E+00  0.8000E+01
 -32.071  0.0000E+00  0.8000E+01
 -32.066  0.0000E+00  0.8000E+01
 -32.061  0.0000E+00  0.8000E+01
 -32.056  0.0000E+00  0.8000E+01
 -32.051  0.0000E+00  0.8000E+01
 -32.046  0.0000E+00  0.8000E+01
 -32.041  0.0000E+00  0.8000E+01
 -32.036  0.0000E+00  0.8000E+01
 -32.031  0.0000E+00  0.8000E+01
 -32.026  0.0000E+00  0.8000E+01
 -32.021  0.0000E+00  0.8000E+01
 -32.016  0.0000E+00  0.8000E+01
 -32.011  0.0000E+00  0.8000E+01
 -32.006  0.0000E+00  0.8000E+01
 -32.001  0.0000E+00  0.8000E+01
 -31.996  0.0000E+00  0.8000E+01
 -31.991  0.0000E+00  0.8000E+01
 -31.986  0.0000E+00  0.8000E+01
 -31.981  0.0000E+00  0.8000E+01
 -31.976  0.0000E+00  0.8000E+01
 -31.971  0.0000E+00  0.8000E+01
 -31.966  0.0000E+00  0.8000E+01
 -31.961  0.0000E+00  0.8000E+01
 -31.956  0.0000E+00  0.8000E+01
 -31.951  0.0000E+00  0.8000E+01
 -31.946  0.0000E+00  0.8000E+01
 -31.941  0.0000E+00  0.8000E+01
 -31.936  0.0000E+00  0.8000E+01
 -31.931  0.0000E+00  0.8000E+01
 -31.926  0.0000E+00  0.8000E+01
 -31.921  0.0000E+00  0.8000E+01
 -31.916  0.0000E+00  0.8000E+01
 -31.911  0.0000E+00  0.8000E+01
 -31.906  0.0000E+00  0.8000E+01
 -31.901  0.0000E+00  0.8000E+01
 -31.896  0.0000E+00  0.8000E+01
 -31.891  0.0000E+00  0.8000E+01
 -31.886  0.0000E+00  0.8000E+01
 -31.881  0.0000E+00  0.8000E+01
 -31.876  0.0000E+00  0.8000E+01
 -31.871  0.0000E+00  0.8000E+01
 -31.866  0.0000E+00  0.8000E+01
 -31.861  0.0000E+00  0.8000E+01
 -31.856  0.0000E+00  0.8000E+01
 -31.851  0.0000E+00  0.8000E+01
 -31.846  0.0000E+00  0.8000E+01
 -31.841  0.0000E+00  0.8000E+01
 -31.836  0.0000E+00  0.8000E+01
 -31.831  0.0000E+00  0.8000E+01
 -31.826  0.0000E+00  0.8000E+01
 -31.821  0.0000E+00  0.8000E+01
 -31.816  0.0000E+00  0.8000E+01
 -31.811  0.0000E+00  0.8000E+01
 -31.806  0.0000E+00  0.8000E+01
 -31.801  0.0000E+00  0.8000E+01
 -31.796  0.0000E+00  0.8000E+01
 -31.791  0.0000E+00  0.8000E+01
 -31.786  0.0000E+00  0.8000E+01
 -31.781  0.0000E+00  0.8000E+01
 -31.776  0.0000E+00  0.8000E+01
 -31.771  0.0000E+00  0.8000E+01
 -31.766  0.0000E+00  0.8000E+01
 -31.761  0.0000E+00  0.8000E+01
 -31.756  0.0000E+00  0.8000E+01
 -31.751  0.0000E+00  0.8000E+01
 -31.746  0.0000E+00  0.8000E+01
 -31.741  0.0000E+00  0.8000E+01
 -31.736  0.0000E+00  0.8000E+01
 -31.731  0.0000E+00  0.8000E+01
 -31.726  0.0000E+00  0.8000E+01
 -31.721  0.0000E+00  0.8000E+01
 -31.716  0.0000E+00  0.8000E+01
 -31.711  0.0000E+00  0.8000E+01
 -31.706  0.0000E+00  0.8000E+01
 -31.701  0.0000E+00  0.8000E+01
 -31.696  0.0000E+00  0.8000E+01
 -31.691  0.0000E+00  0.8000E+01
 -31.686  0.0000E+00  0.8000E+01
 -31.681  0.0000E+00  0.8000E+01
 -31.676  0.0000E+00  0.8000E+01
 -31.671  0.0000E+00  0.8000E+01
 -31.666  0.0000E+00  0.8000E+01
 -31.661  0.0000E+00  0.8000E+01
 -31.656  0.0000E+00  0.8000E+01
 -31.651  0.0000E+00  0.8000E+01
 -31.646  0.0000E+00  0.8000E+01
 -31.641  0.0000E+00  0.8000E+01
 -31.636  0.0000E+00  0.8000E+01
 -31.631  0.0000E+00  0.8000E+01
 -31.626  0.0000E+00  0.8000E+01
 -31.621  0.0000E+00  0.8000E+01
 -31.616  0.0000E+00  0.8000E+01
 -31.611  0.0000E+00  0.8000E+01
 -31.606  0.0000E+00  0.8000E+01
 -31.601  0.0000E+00  0.8000E+01
 -31.596  0.0000E+00  0.8000E+01
 -31.591  0.0000E+00  0.8000E+01
 -31.586  0.0000E+00  0.8000E+01
 -31.581  0.0000E+00  0.8000E+01
 -31.576  0.0000E+00  0.8000E+01
 -31.571  0.0000E+00  0.8000E+01
 -31.566  0.0000E+00  0.8000E+01
 -31.561  0.0000E+00  0.8000E+01
 -31.556  0.0000E+00  0.8000E+01
 -31.551  0.0000E+00  0.8000E+01
 -31.546  0.0000E+00  0.8000E+01
 -31.541  0.0000E+00  0.8000E+01
 -31.536  0.0000E+00  0.8000E+01
 -31.531  0.0000E+00  0.8000E+01
 -31.526  0.0000E+00  0.8000E+01
 -31.521  0.0000E+00  0.8000E+01
 -31.516  0.0000E+00  0.8000E+01
 -31.511  0.0000E+00  0.8000E+01
 -31.506  0.0000E+00  0.8000E+01
 -31.501  0.0000E+00  0.8000E+01
 -31.496  0.0000E+00  0.8000E+01
 -31.491  0.0000E+00  0.8000E+01
 -31.486  0.0000E+00  0.8000E+01
 -31.481  0.0000E+00  0.8000E+01
 -31.476  0.0000E+00  0.8000E+01
 -31.471  0.0000E+00  0.8000E+01
 -31.466  0.0000E+00  0.8000E+01
 -31.461  0.0000E+00  0.8000E+01
 -31.456  0.0000E+00  0.8000E+01
 -31.451  0.0000E+00  0.8000E+01
 -31.446  0.0000E+00  0.8000E+01
 -31.441  0.0000E+00  0.8000E+01
 -31.436  0.0000E+00  0.8000E+01
 -31.431  0.0000E+00  0.8000E+01
 -31.426  0.0000E+00  0.8000E+01
 -31.421  0.0000E+00  0.8000E+01
 -31.416  0.0000E+00  0.8000E+01
 -31.411  0.0000E+00  0.8000E+01
 -31.406  0.0000E+00  0.8000E+01
 -31.401  0.0000E+00  0.8000E+01
 -31.396  0.0000E+00  0.8000E+01
 -31.391  0.0000E+00  0.8000E+01
 -31.386  0.0000E+00  0.8000E+01
 -31.381  0.0000E+00  0.8000E+01
 -31.376  0.0000E+00  0.8000E+01
 -31.371  0.0000E+00  0.8000E+01
 -31.366  0.0000E+00  0.8000E+01
 -31.361  0.0000E+00  0.8000E+01
 -31.356  0.0000E+00  0.8000E+01
 -31.351  0.0000E+00  0.8000E+01
 -31.346  0.0000E+00  0.8000E+01
 -31.341  0.0000E+00  0.8000E+01
 -31.336  0.0000E+00  0.8000E+01
 -31.331  0.0000E+00  0.8000E+01
 -31.326  0.0000E+00  0.8000E+01
 -31.321  0.0000E+00  0.8000E+01
 -31.316  0.0000E+00  0.8000E+01
 -31.311  0.0000E+00  0.8000E+01
 -31.306  0.0000E+00  0.8000E+01
 -31.301  0.0000E+00  0.8000E+01
 -31.296  0.0000E+00  0.8000E+01
 -31.291  0.0000E+00  0.8000E+01
 -31.286  0.0000E+00  0.8000E+01
 -31.281  0.0000E+00  0.8000E+01
 -31.276  0.0000E+00  0.8000E+01
 -31.271  0.0000E+00  0.8000E+01
 -31.266  0.0000E+00  0.8000E+01
 -31.261  0.0000E+00  0.8000E+01
 -31.256  0.0000E+00  0.8000E+01
 -31.251  0.0000E+00  0.8000E+01
 -31.246  0.0000E+00  0.8000E+01
 -31.241  0.0000E+00  0.8000E+01
 -31.236  0.0000E+00  0.8000E+01
 -31.231  0.0000E+00  0.8000E+01
 -31.226  0.0000E+00  0.8000E+01
 -31.221  0.0000E+00  0.8000E+01
 -31.216  0.0000E+00  0.8000E+01
 -31.211  0.0000E+00  0.8000E+01
 -31.206  0.0000E+00  0.8000E+01
 -31.201  0.0000E+00  0.8000E+01
 -31.196  0.0000E+00  0.8000E+01
 -31.191  0.0000E+00  0.8000E+01
 -31.186  0.0000E+00  0.8000E+01
 -31.181  0.0000E+00  0.8000E+01
 -31.176  0.0000E+00  0.8000E+01
 -31.171  0.0000E+00  0.8000E+01
 -31.166  0.0000E+00  0.8000E+01
 -31.161  0.0000E+00  0.8000E+01
 -31.156  0.0000E+00  0.8000E+01
 -31.151  0.0000E+00  0.8000E+01
 -31.146  0.0000E+00  0.8000E+01
 -31.141  0.0000E+00  0.8000E+01
 -31.136  0.0000E+00  0.8000E+01
 -31.131  0.0000E+00  0.8000E+01
 -31.126  0.0000E+00  0.8000E+01
 -31.121  0.0000E+00  0.8000E+01
 -31.116  0.0000E+00  0.8000E+01
 -31.111  0.0000E+00  0.8000E+01
 -31.106  0.0000E+00  0.8000E+01
 -31.101  0.0000E+00  0.8000E+01
 -31.096  0.0000E+00  0.8000E+01
 -31.091  0.0000E+00  0.8000E+01
 -31.086  0.0000E+00  0.8000E+01
 -31.081  0.0000E+00  0.8000E+01
 -31.076  0.0000E+00  0.8000E+01
 -31.071  0.0000E+00  0.8000E+01
 -31.066  0.0000E+00  0.8000E+01
 -31.061  0.0000E+00  0.8000E+01
 -31.056  0.0000E+00  0.8000E+01
 -31.051  0.0000E+00  0.8000E+01
 -31.046  0.0000E+00  0.8000E+01
 -31.041  0.0000E+00  0.8000E+01
 -31.036  0.0000E+00  0.8000E+01
 -31.031  0.0000E+00  0.8000E+01
 -31.026  0.0000E+00  0.8000E+01
 -31.021  0.0000E+00  0.8000E+01
 -31.016  0.0000E+00  0.8000E+01
 -31.011  0.0000E+00  0.8000E+01
 -31.006  0.0000E+00  0.8000E+01
 -31.001  0.0000E+00  0.8000E+01
 -30.996  0.0000E+00  0.8000E+01
 -30.991  0.0000E+00  0.8000E+01
 -30.986  0.0000E+00  0.8000E+01
 -30.981  0.0000E+00  0.8000E+01
 -30.976  0.0000E+00  0.8000E+01
 -30.971  0.0000E+00  0.8000E+01
 -30.966  0.0000E+00  0.8000E+01
 -30.961  0.0000E+00  0.8000E+01
 -30.956  0.0000E+00  0.8000E+01
 -30.951  0.0000E+00  0.8000E+01
 -30.946  0.0000E+00  0.8000E+01
 -30.941  0.0000E+00  0.8000E+01
 -30.936  0.0000E+00  0.8000E+01
 -30.931  0.0000E+00  0.8000E+01
 -30.926  0.0000E+00  0.8000E+01
 -30.921  0.0000E+00  0.8000E+01
 -30.916  0.0000E+00  0.8000E+01
 -30.911  0.0000E+00  0.8000E+01
 -30.906  0.0000E+00  0.8000E+01
 -30.901  0.0000E+00  0.8000E+01
 -30.896  0.0000E+00  0.8000E+01
 -30.891  0.0000E+00  0.8000E+01
 -30.886  0.0000E+00  0.8000E+01
 -30.881  0.0000E+00  0.8000E+01
 -30.876  0.0000E+00  0.8000E+01
 -30.871  0.0000E+00  0.8000E+01
 -30.866  0.0000E+00  0.8000E+01
 -30.861  0.0000E+00  0.8000E+01
 -30.856  0.0000E+00  0.8000E+01
 -30.851  0.0000E+00  0.8000E+01
 -30.846  0.0000E+00  0.8000E+01
 -30.841  0.0000E+00  0.8000E+01
 -30.836  0.0000E+00  0.8000E+01
 -30.831  0.0000E+00  0.8000E+01
 -30.826  0.0000E+00  0.8000E+01
 -30.821  0.0000E+00  0.8000E+01
 -30.816  0.0000E+00  0.8000E+01
 -30.811  0.0000E+00  0.8000E+01
 -30.806  0.0000E+00  0.8000E+01
 -30.801  0.0000E+00  0.8000E+01
 -30.796  0.0000E+00  0.8000E+01
 -30.791  0.0000E+00  0.8000E+01
 -30.786  0.0000E+00  0.8000E+01
 -30.781  0.0000E+00  0.8000E+01
 -30.776  0.0000E+00  0.8000E+01
 -30.771  0.0000E+00  0.8000E+01
 -30.766  0.0000E+00  0.8000E+01
 -30.761  0.0000E+00  0.8000E+01
 -30.756  0.0000E+00  0.8000E+01
 -30.751  0.0000E+00  0.8000E+01
 -30.746  0.0000E+00  0.8000E+01
 -30.741  0.0000E+00  0.8000E+01
 -30.736  0.0000E+00  0.8000E+01
 -30.731  0.0000E+00  0.8000E+01
 -30.726  0.0000E+00  0.8000E+01
 -30.721  0.0000E+00  0.8000E+01
 -30.716  0.0000E+00  0.8000E+01
 -30.711  0.0000E+00  0.8000E+01
 -30.706  0.0000E+00  0.8000E+01
 -30.701  0.0000E+00  0.8000E+01
 -30.696  0.0000E+00  0.8000E+01
 -30.691  0.0000E+00  0.8000E+01
 -30.686  0.0000E+00  0.8000E+01
 -30.681  0.0000E+00  0.8000E+01
 -30.676  0.0000E+00  0.8000E+01
 -30.671  0.0000E+00  0.8000E+01
 -30.666  0.0000E+00  0.8000E+01
 -30.661  0.0000E+00  0.8000E+01
 -30.656  0.0000E+00  0.8000E+01
 -30.651  0.0000E+00  0.8000E+01
 -30.646  0.0000E+00  0.8000E+01
 -30.641  0.0000E+00  0.8000E+01
 -30.636  0.0000E+00  0.8000E+01
 -30.631  0.0000E+00  0.8000E+01
 -30.626  0.0000E+00  0.8000E+01
 -30.621  0.0000E+00  0.8000E+01
 -30.616  0.0000E+00  0.8000E+01
 -30.611  0.0000E+00  0.8000E+01
 -30.606  0.0000E+00  0.8000E+01
 -30.601  0.0000E+00  0.8000E+01
 -30.596  0.0000E+00  0.8000E+01
 -30.591  0.0000E+00  0.8000E+01
 -30.586  0.0000E+00  0.8000E+01
 -30.581  0.0000E+00  0.8000E+01
 -30.576  0.0000E+00  0.8000E+01
 -30.571  0.0000E+00  0.8000E+01
 -30.566  0.0000E+00  0.8000E+01
 -30.561  0.0000E+00  0.8000E+01
 -30.556  0.0000E+00  0.8000E+01
 -30.551  0.0000E+00  0.8000E+01
 -30.546  0.0000E+00  0.8000E+01
 -30.541  0.0000E+00  0.8000E+01
 -30.536  0.0000E+00  0.8000E+01
 -30.531  0.0000E+00  0.8000E+01
 -30.526  0.0000E+00  0.8000E+01
 -30.521  0.0000E+00  0.8000E+01
 -30.516  0.0000E+00  0.8000E+01
 -30.511  0.0000E+00  0.8000E+01
 -30.506  0.0000E+00  0.8000E+01
 -30.501  0.0000E+00  0.8000E+01
 -30.496  0.0000E+00  0.8000E+01
 -30.491  0.0000E+00  0.8000E+01
 -30.486  0.0000E+00  0.8000E+01
 -30.481  0.0000E+00  0.8000E+01
 -30.476  0.0000E+00  0.8000E+01
 -30.471  0.0000E+00  0.8000E+01
 -30.466  0.0000E+00  0.8000E+01
 -30.461  0.0000E+00  0.8000E+01
 -30.456  0.0000E+00  0.8000E+01
 -30.451  0.0000E+00  0.8000E+01
 -30.446  0.0000E+00  0.8000E+01
 -30.441  0.0000E+00  0.8000E+01
 -30.436  0.0000E+00  0.8000E+01
 -30.431  0.0000E+00  0.8000E+01
 -30.426  0.0000E+00  0.8000E+01
 -30.421  0.0000E+00  0.8000E+01
 -30.416  0.0000E+00  0.8000E+01
 -30.411  0.0000E+00  0.8000E+01
 -30.406  0.0000E+00  0.8000E+01
 -30.401  0.0000E+00  0.8000E+01
 -30.396  0.0000E+00  0.8000E+01
 -30.391  0.0000E+00  0.8000E+01
 -30.386  0.0000E+00  0.8000E+01
 -30.381  0.0000E+00  0.8000E+01
 -30.376  0.0000E+00  0.8000E+01
 -30.371  0.0000E+00  0.8000E+01
 -30.366  0.0000E+00  0.8000E+01
 -30.361  0.0000E+00  0.8000E+01
 -30.356  0.0000E+00  0.8000E+01
 -30.351  0.0000E+00  0.8000E+01
 -30.346  0.0000E+00  0.8000E+01
 -30.341  0.0000E+00  0.8000E+01
 -30.336  0.0000E+00  0.8000E+01
 -30.331  0.0000E+00  0.8000E+01
 -30.326  0.0000E+00  0.8000E+01
 -30.321  0.0000E+00  0.8000E+01
 -30.316  0.0000E+00  0.8000E+01
 -30.311  0.0000E+00  0.8000E+01
 -30.306  0.0000E+00  0.8000E+01
 -30.301  0.0000E+00  0.8000E+01
 -30.296  0.0000E+00  0.8000E+01
 -30.291  0.0000E+00  0.8000E+01
 -30.286  0.0000E+00  0.8000E+01
 -30.281  0.0000E+00  0.8000E+01
 -30.276  0.0000E+00  0.8000E+01
 -30.271  0.0000E+00  0.8000E+01
 -30.266  0.0000E+00  0.8000E+01
 -30.261  0.0000E+00  0.8000E+01
 -30.256  0.0000E+00  0.8000E+01
 -30.251  0.0000E+00  0.8000E+01
 -30.246  0.0000E+00  0.8000E+01
 -30.241  0.0000E+00  0.8000E+01
 -30.236  0.0000E+00  0.8000E+01
 -30.231  0.0000E+00  0.8000E+01
 -30.226  0.0000E+00  0.8000E+01
 -30.221  0.0000E+00  0.8000E+01
 -30.216  0.0000E+00  0.8000E+01
 -30.211  0.0000E+00  0.8000E+01
 -30.206  0.0000E+00  0.8000E+01
 -30.201  0.0000E+00  0.8000E+01
 -30.196  0.0000E+00  0.8000E+01
 -30.191  0.0000E+00  0.8000E+01
 -30.186  0.0000E+00  0.8000E+01
 -30.181  0.0000E+00  0.8000E+01
 -30.176  0.0000E+00  0.8000E+01
 -30.171  0.0000E+00  0.8000E+01
 -30.166  0.0000E+00  0.8000E+01
 -30.161  0.0000E+00  0.8000E+01
 -30.156  0.0000E+00  0.8000E+01
 -30.151  0.0000E+00  0.8000E+01
 -30.146  0.0000E+00  0.8000E+01
 -30.141  0.0000E+00  0.8000E+01
 -30.136  0.0000E+00  0.8000E+01
 -30.131  0.0000E+00  0.8000E+01
 -30.126  0.0000E+00  0.8000E+01
 -30.121  0.0000E+00  0.8000E+01
 -30.116  0.0000E+00  0.8000E+01
 -30.111  0.0000E+00  0.8000E+01
 -30.106  0.0000E+00  0.8000E+01
 -30.101  0.0000E+00  0.8000E+01
 -30.096  0.0000E+00  0.8000E+01
 -30.091  0.0000E+00  0.8000E+01
 -30.086  0.0000E+00  0.8000E+01
 -30.081  0.0000E+00  0.8000E+01
 -30.076  0.0000E+00  0.8000E+01
 -30.071  0.0000E+00  0.8000E+01
 -30.066  0.0000E+00  0.8000E+01
 -30.061  0.0000E+00  0.8000E+01
 -30.056  0.0000E+00  0.8000E+01
 -30.051  0.0000E+00  0.8000E+01
 -30.046  0.0000E+00  0.8000E+01
 -30.041  0.0000E+00  0.8000E+01
 -30.036  0.0000E+00  0.8000E+01
 -30.031  0.0000E+00  0.8000E+01
 -30.026  0.0000E+00  0.8000E+01
 -30.021  0.0000E+00  0.8000E+01
 -30.016  0.0000E+00  0.8000E+01
 -30.011  0.0000E+00  0.8000E+01
 -30.006  0.0000E+00  0.8000E+01
 -30.001  0.0000E+00  0.8000E+01
 -29.996  0.0000E+00  0.8000E+01
 -29.991  0.0000E+00  0.8000E+01
 -29.986  0.0000E+00  0.8000E+01
 -29.981  0.0000E+00  0.8000E+01
 -29.976  0.0000E+00  0.8000E+01
 -29.971  0.0000E+00  0.8000E+01
 -29.966  0.0000E+00  0.8000E+01
 -29.961  0.0000E+00  0.8000E+01
 -29.956  0.0000E+00  0.8000E+01
 -29.951  0.0000E+00  0.8000E+01
 -29.946  0.0000E+00  0.8000E+01
 -29.941  0.0000E+00  0.8000E+01
 -29.936  0.0000E+00  0.8000E+01
 -29.931  0.0000E+00  0.8000E+01
 -29.926  0.0000E+00  0.8000E+01
 -29.921  0.0000E+00  0.8000E+01
 -29.916  0.0000E+00  0.8000E+01
 -29.911  0.0000E+00  0.8000E+01
 -29.906  0.0000E+00  0.8000E+01
 -29.901  0.0000E+00  0.8000E+01
 -29.896  0.0000E+00  0.8000E+01
 -29.891  0.0000E+00  0.8000E+01
 -29.886  0.0000E+00  0.8000E+01
 -29.881  0.0000E+00  0.8000E+01
 -29.876  0.0000E+00  0.8000E+01
 -29.871  0.0000E+00  0.8000E+01
 -29.866  0.0000E+00  0.8000E+01
 -29.861  0.0000E+00  0.8000E+01
 -29.856  0.0000E+00  0.8000E+01
 -29.851  0.0000E+00  0.8000E+01
 -29.846  0.0000E+00  0.8000E+01
 -29.841  0.0000E+00  0.8000E+01
 -29.836  0.0000E+00  0.8000E+01
 -29.831  0.0000E+00  0.8000E+01
 -29.826  0.0000E+00  0.8000E+01
 -29.821  0.0000E+00  0.8000E+01
 -29.816  0.0000E+00  0.8000E+01
 -29.811  0.0000E+00  0.8000E+01
 -29.806  0.0000E+00  0.8000E+01
 -29.801  0.0000E+00  0.8000E+01
 -29.796  0.0000E+00  0.8000E+01
 -29.791  0.0000E+00  0.8000E+01
 -29.786  0.0000E+00  0.8000E+01
 -29.781  0.0000E+00  0.8000E+01
 -29.776  0.0000E+00  0.8000E+01
 -29.771  0.0000E+00  0.8000E+01
 -29.766  0.0000E+00  0.8000E+01
 -29.761  0.0000E+00  0.8000E+01
 -29.756  0.0000E+00  0.8000E+01
 -29.751  0.0000E+00  0.8000E+01
 -29.746  0.0000E+00  0.8000E+01
 -29.741  0.0000E+00  0.8000E+01
 -29.736  0.0000E+00  0.8000E+01
 -29.731  0.0000E+00  0.8000E+01
 -29.726  0.0000E+00  0.8000E+01
 -29.721  0.0000E+00  0.8000E+01
 -29.716  0.0000E+00  0.8000E+01
 -29.711  0.0000E+00  0.8000E+01
 -29.706  0.0000E+00  0.8000E+01
 -29.701  0.0000E+00  0.8000E+01
 -29.696  0.0000E+00  0.8000E+01
 -29.691  0.0000E+00  0.8000E+01
 -29.686  0.0000E+00  0.8000E+01
 -29.681  0.0000E+00  0.8000E+01
 -29.676  0.0000E+00  0.8000E+01
 -29.671  0.0000E+00  0.8000E+01
 -29.666  0.0000E+00  0.8000E+01
 -29.661  0.0000E+00  0.8000E+01
 -29.656  0.0000E+00  0.8000E+01
 -29.651  0.0000E+00  0.8000E+01
 -29.646  0.0000E+00  0.8000E+01
 -29.641  0.0000E+00  0.8000E+01
 -29.636  0.0000E+00  0.8000E+01
 -29.631  0.0000E+00  0.8000E+01
 -29.626  0.0000E+00  0.8000E+01
 -29.621  0.0000E+00  0.8000E+01
 -29.616  0.0000E+00  0.8000E+01
 -29.611  0.0000E+00  0.8000E+01
 -29.606  0.0000E+00  0.8000E+01
 -29.601  0.0000E+00  0.8000E+01
 -29.596  0.0000E+00  0.8000E+01
 -29.591  0.0000E+00  0.8000E+01
 -29.586  0.0000E+00  0.8000E+01
 -29.581  0.0000E+00  0.8000E+01
 -29.576  0.0000E+00  0.8000E+01
 -29.571  0.0000E+00  0.8000E+01
 -29.566  0.0000E+00  0.8000E+01
 -29.561  0.0000E+00  0.8000E+01
 -29.556  0.0000E+00  0.8000E+01
 -29.551  0.0000E+00  0.8000E+01
 -29.546  0.0000E+00  0.8000E+01
 -29.541  0.0000E+00  0.8000E+01
 -29.536  0.0000E+00  0.8000E+01
 -29.531  0.0000E+00  0.8000E+01
 -29.526  0.0000E+00  0.8000E+01
 -29.521  0.0000E+00  0.8000E+01
 -29.516  0.0000E+00  0.8000E+01
 -29.511  0.0000E+00  0.8000E+01
 -29.506  0.0000E+00  0.8000E+01
 -29.501  0.0000E+00  0.8000E+01
 -29.496  0.0000E+00  0.8000E+01
 -29.491  0.0000E+00  0.8000E+01
 -29.486  0.0000E+00  0.8000E+01
 -29.481  0.0000E+00  0.8000E+01
 -29.476  0.0000E+00  0.8000E+01
 -29.471  0.0000E+00  0.8000E+01
 -29.466  0.0000E+00  0.8000E+01
 -29.461  0.0000E+00  0.8000E+01
 -29.456  0.0000E+00  0.8000E+01
 -29.451  0.0000E+00  0.8000E+01
 -29.446  0.0000E+00  0.8000E+01
 -29.441  0.0000E+00  0.8000E+01
 -29.436  0.0000E+00  0.8000E+01
 -29.431  0.0000E+00  0.8000E+01
 -29.426  0.0000E+00  0.8000E+01
 -29.421  0.0000E+00  0.8000E+01
 -29.416  0.0000E+00  0.8000E+01
 -29.411  0.0000E+00  0.8000E+01
 -29.406  0.0000E+00  0.8000E+01
 -29.401  0.0000E+00  0.8000E+01
 -29.396  0.0000E+00  0.8000E+01
 -29.391  0.0000E+00  0.8000E+01
 -29.386  0.0000E+00  0.8000E+01
 -29.381  0.0000E+00  0.8000E+01
 -29.376  0.0000E+00  0.8000E+01
 -29.371  0.0000E+00  0.8000E+01
 -29.366  0.0000E+00  0.8000E+01
 -29.361  0.0000E+00  0.8000E+01
 -29.356  0.0000E+00  0.8000E+01
 -29.351  0.0000E+00  0.8000E+01
 -29.346  0.0000E+00  0.8000E+01
 -29.341  0.0000E+00  0.8000E+01
 -29.336  0.0000E+00  0.8000E+01
 -29.331  0.0000E+00  0.8000E+01
 -29.326  0.0000E+00  0.8000E+01
 -29.321  0.0000E+00  0.8000E+01
 -29.316  0.0000E+00  0.8000E+01
 -29.311  0.0000E+00  0.8000E+01
 -29.306  0.0000E+00  0.8000E+01
 -29.301  0.0000E+00  0.8000E+01
 -29.296  0.0000E+00  0.8000E+01
 -29.291  0.0000E+00  0.8000E+01
 -29.286  0.0000E+00  0.8000E+01
 -29.281  0.0000E+00  0.8000E+01
 -29.276  0.0000E+00  0.8000E+01
 -29.271  0.0000E+00  0.8000E+01
 -29.266  0.0000E+00  0.8000E+01
 -29.261  0.0000E+00  0.8000E+01
 -29.256  0.0000E+00  0.8000E+01
 -29.251  0.0000E+00  0.8000E+01
 -29.246  0.0000E+00  0.8000E+01
 -29.241  0.0000E+00  0.8000E+01
 -29.236  0.0000E+00  0.8000E+01
 -29.231  0.0000E+00  0.8000E+01
 -29.226  0.0000E+00  0.8000E+01
 -29.221  0.0000E+00  0.8000E+01
 -29.216  0.0000E+00  0.8000E+01
 -29.211  0.0000E+00  0.8000E+01
 -29.206  0.0000E+00  0.8000E+01
 -29.201  0.0000E+00  0.8000E+01
 -29.196  0.0000E+00  0.8000E+01
 -29.191  0.0000E+00  0.8000E+01
 -29.186  0.0000E+00  0.8000E+01
 -29.181  0.0000E+00  0.8000E+01
 -29.176  0.0000E+00  0.8000E+01
 -29.171  0.0000E+00  0.8000E+01
 -29.166  0.0000E+00  0.8000E+01
 -29.161  0.0000E+00  0.8000E+01
 -29.156  0.0000E+00  0.8000E+01
 -29.151  0.0000E+00  0.8000E+01
 -29.146  0.0000E+00  0.8000E+01
 -29.141  0.0000E+00  0.8000E+01
 -29.136  0.0000E+00  0.8000E+01
 -29.131  0.0000E+00  0.8000E+01
 -29.126  0.0000E+00  0.8000E+01
 -29.121  0.0000E+00  0.8000E+01
 -29.116  0.0000E+00  0.8000E+01
 -29.111  0.0000E+00  0.8000E+01
 -29.106  0.0000E+00  0.8000E+01
 -29.101  0.0000E+00  0.8000E+01
 -29.096  0.0000E+00  0.8000E+01
 -29.091  0.0000E+00  0.8000E+01
 -29.086  0.0000E+00  0.8000E+01
 -29.081  0.0000E+00  0.8000E+01
 -29.076  0.0000E+00  0.8000E+01
 -29.071  0.0000E+00  0.8000E+01
 -29.066  0.0000E+00  0.8000E+01
 -29.061  0.0000E+00  0.8000E+01
 -29.056  0.0000E+00  0.8000E+01
 -29.051  0.0000E+00  0.8000E+01
 -29.046  0.0000E+00  0.8000E+01
 -29.041  0.0000E+00  0.8000E+01
 -29.036  0.0000E+00  0.8000E+01
 -29.031  0.0000E+00  0.8000E+01
 -29.026  0.0000E+00  0.8000E+01
 -29.021  0.0000E+00  0.8000E+01
 -29.016  0.0000E+00  0.8000E+01
 -29.011  0.0000E+00  0.8000E+01
 -29.006  0.0000E+00  0.8000E+01
 -29.001  0.0000E+00  0.8000E+01
 -28.996  0.0000E+00  0.8000E+01
 -28.991  0.0000E+00  0.8000E+01
 -28.986  0.0000E+00  0.8000E+01
 -28.981  0.0000E+00  0.8000E+01
 -28.976  0.0000E+00  0.8000E+01
 -28.971  0.0000E+00  0.8000E+01
 -28.966  0.0000E+00  0.8000E+01
 -28.961  0.0000E+00  0.8000E+01
 -28.956  0.0000E+00  0.8000E+01
 -28.951  0.0000E+00  0.8000E+01
 -28.946  0.0000E+00  0.8000E+01
 -28.941  0.0000E+00  0.8000E+01
 -28.936  0.0000E+00  0.8000E+01
 -28.931  0.0000E+00  0.8000E+01
 -28.926  0.0000E+00  0.8000E+01
 -28.921  0.0000E+00  0.8000E+01
 -28.916  0.0000E+00  0.8000E+01
 -28.911  0.0000E+00  0.8000E+01
 -28.906  0.0000E+00  0.8000E+01
 -28.901  0.0000E+00  0.8000E+01
 -28.896  0.0000E+00  0.8000E+01
 -28.891  0.0000E+00  0.8000E+01
 -28.886  0.0000E+00  0.8000E+01
 -28.881  0.0000E+00  0.8000E+01
 -28.876  0.0000E+00  0.8000E+01
 -28.871  0.0000E+00  0.8000E+01
 -28.866  0.0000E+00  0.8000E+01
 -28.861  0.0000E+00  0.8000E+01
 -28.856  0.0000E+00  0.8000E+01
 -28.851  0.0000E+00  0.8000E+01
 -28.846  0.0000E+00  0.8000E+01
 -28.841  0.0000E+00  0.8000E+01
 -28.836  0.0000E+00  0.8000E+01
 -28.831  0.0000E+00  0.8000E+01
 -28.826  0.0000E+00  0.8000E+01
 -28.821  0.0000E+00  0.8000E+01
 -28.816  0.0000E+00  0.8000E+01
 -28.811  0.0000E+00  0.8000E+01
 -28.806  0.0000E+00  0.8000E+01
 -28.801  0.0000E+00  0.8000E+01
 -28.796  0.0000E+00  0.8000E+01
 -28.791  0.0000E+00  0.8000E+01
 -28.786  0.0000E+00  0.8000E+01
 -28.781  0.0000E+00  0.8000E+01
 -28.776  0.0000E+00  0.8000E+01
 -28.771  0.0000E+00  0.8000E+01
 -28.766  0.0000E+00  0.8000E+01
 -28.761  0.0000E+00  0.8000E+01
 -28.756  0.0000E+00  0.8000E+01
 -28.751  0.0000E+00  0.8000E+01
 -28.746  0.0000E+00  0.8000E+01
 -28.741  0.0000E+00  0.8000E+01
 -28.736  0.0000E+00  0.8000E+01
 -28.731  0.0000E+00  0.8000E+01
 -28.726  0.0000E+00  0.8000E+01
 -28.721  0.0000E+00  0.8000E+01
 -28.716  0.0000E+00  0.8000E+01
 -28.711  0.0000E+00  0.8000E+01
 -28.706  0.0000E+00  0.8000E+01
 -28.701  0.0000E+00  0.8000E+01
 -28.696  0.0000E+00  0.8000E+01
 -28.691  0.0000E+00  0.8000E+01
 -28.686  0.0000E+00  0.8000E+01
 -28.681  0.0000E+00  0.8000E+01
 -28.676  0.0000E+00  0.8000E+01
 -28.671  0.0000E+00  0.8000E+01
 -28.666  0.0000E+00  0.8000E+01
 -28.661  0.0000E+00  0.8000E+01
 -28.656  0.0000E+00  0.8000E+01
 -28.651  0.0000E+00  0.8000E+01
 -28.646  0.0000E+00  0.8000E+01
 -28.641  0.0000E+00  0.8000E+01
 -28.636  0.0000E+00  0.8000E+01
 -28.631  0.0000E+00  0.8000E+01
 -28.626  0.0000E+00  0.8000E+01
 -28.621  0.0000E+00  0.8000E+01
 -28.616  0.0000E+00  0.8000E+01
 -28.611  0.0000E+00  0.8000E+01
 -28.606  0.0000E+00  0.8000E+01
 -28.601  0.0000E+00  0.8000E+01
 -28.596  0.0000E+00  0.8000E+01
 -28.591  0.0000E+00  0.8000E+01
 -28.586  0.0000E+00  0.8000E+01
 -28.581  0.0000E+00  0.8000E+01
 -28.576  0.0000E+00  0.8000E+01
 -28.571  0.0000E+00  0.8000E+01
 -28.566  0.0000E+00  0.8000E+01
 -28.561  0.0000E+00  0.8000E+01
 -28.556  0.0000E+00  0.8000E+01
 -28.551  0.0000E+00  0.8000E+01
 -28.546  0.0000E+00  0.8000E+01
 -28.541  0.0000E+00  0.8000E+01
 -28.536  0.0000E+00  0.8000E+01
 -28.531  0.0000E+00  0.8000E+01
 -28.526  0.0000E+00  0.8000E+01
 -28.521  0.0000E+00  0.8000E+01
 -28.516  0.0000E+00  0.8000E+01
 -28.511  0.0000E+00  0.8000E+01
 -28.506  0.0000E+00  0.8000E+01
 -28.501  0.0000E+00  0.8000E+01
 -28.496  0.0000E+00  0.8000E+01
 -28.491  0.0000E+00  0.8000E+01
 -28.486  0.0000E+00  0.8000E+01
 -28.481  0.0000E+00  0.8000E+01
 -28.476  0.0000E+00  0.8000E+01
 -28.471  0.0000E+00  0.8000E+01
 -28.466  0.0000E+00  0.8000E+01
 -28.461  0.0000E+00  0.8000E+01
 -28.456  0.0000E+00  0.8000E+01
 -28.451  0.0000E+00  0.8000E+01
 -28.446  0.0000E+00  0.8000E+01
 -28.441  0.0000E+00  0.8000E+01
 -28.436  0.0000E+00  0.8000E+01
 -28.431  0.0000E+00  0.8000E+01
 -28.426  0.0000E+00  0.8000E+01
 -28.421  0.0000E+00  0.8000E+01
 -28.416  0.0000E+00  0.8000E+01
 -28.411  0.0000E+00  0.8000E+01
 -28.406  0.0000E+00  0.8000E+01
 -28.401  0.0000E+00  0.8000E+01
 -28.396  0.0000E+00  0.8000E+01
 -28.391  0.0000E+00  0.8000E+01
 -28.386  0.0000E+00  0.8000E+01
 -28.381  0.0000E+00  0.8000E+01
 -28.376  0.0000E+00  0.8000E+01
 -28.371  0.0000E+00  0.8000E+01
 -28.366  0.0000E+00  0.8000E+01
 -28.361  0.0000E+00  0.8000E+01
 -28.356  0.0000E+00  0.8000E+01
 -28.351  0.0000E+00  0.8000E+01
 -28.346  0.0000E+00  0.8000E+01
 -28.341  0.0000E+00  0.8000E+01
 -28.336  0.0000E+00  0.8000E+01
 -28.331  0.0000E+00  0.8000E+01
 -28.326  0.0000E+00  0.8000E+01
 -28.321  0.0000E+00  0.8000E+01
 -28.316  0.0000E+00  0.8000E+01
 -28.311  0.0000E+00  0.8000E+01
 -28.306  0.0000E+00  0.8000E+01
 -28.301  0.0000E+00  0.8000E+01
 -28.296  0.0000E+00  0.8000E+01
 -28.291  0.0000E+00  0.8000E+01
 -28.286  0.0000E+00  0.8000E+01
 -28.281  0.0000E+00  0.8000E+01
 -28.276  0.0000E+00  0.8000E+01
 -28.271  0.0000E+00  0.8000E+01
 -28.266  0.0000E+00  0.8000E+01
 -28.261  0.0000E+00  0.8000E+01
 -28.256  0.0000E+00  0.8000E+01
 -28.251  0.0000E+00  0.8000E+01
 -28.246  0.0000E+00  0.8000E+01
 -28.241  0.0000E+00  0.8000E+01
 -28.236  0.0000E+00  0.8000E+01
 -28.231  0.0000E+00  0.8000E+01
 -28.226  0.0000E+00  0.8000E+01
 -28.221  0.0000E+00  0.8000E+01
 -28.216  0.0000E+00  0.8000E+01
 -28.211  0.0000E+00  0.8000E+01
 -28.206  0.0000E+00  0.8000E+01
 -28.201  0.0000E+00  0.8000E+01
 -28.196  0.0000E+00  0.8000E+01
 -28.191  0.0000E+00  0.8000E+01
 -28.186  0.0000E+00  0.8000E+01
 -28.181  0.0000E+00  0.8000E+01
 -28.176  0.0000E+00  0.8000E+01
 -28.171  0.0000E+00  0.8000E+01
 -28.166  0.0000E+00  0.8000E+01
 -28.161  0.0000E+00  0.8000E+01
 -28.156  0.0000E+00  0.8000E+01
 -28.151  0.0000E+00  0.8000E+01
 -28.146  0.0000E+00  0.8000E+01
 -28.141  0.0000E+00  0.8000E+01
 -28.136  0.0000E+00  0.8000E+01
 -28.131  0.0000E+00  0.8000E+01
 -28.126  0.0000E+00  0.8000E+01
 -28.121  0.0000E+00  0.8000E+01
 -28.116  0.0000E+00  0.8000E+01
 -28.111  0.0000E+00  0.8000E+01
 -28.106  0.0000E+00  0.8000E+01
 -28.101  0.0000E+00  0.8000E+01
 -28.096  0.0000E+00  0.8000E+01
 -28.091  0.0000E+00  0.8000E+01
 -28.086  0.0000E+00  0.8000E+01
 -28.081  0.0000E+00  0.8000E+01
 -28.076  0.0000E+00  0.8000E+01
 -28.071  0.0000E+00  0.8000E+01
 -28.066  0.0000E+00  0.8000E+01
 -28.061  0.0000E+00  0.8000E+01
 -28.056  0.0000E+00  0.8000E+01
 -28.051  0.0000E+00  0.8000E+01
 -28.046  0.0000E+00  0.8000E+01
 -28.041  0.0000E+00  0.8000E+01
 -28.036  0.0000E+00  0.8000E+01
 -28.031  0.0000E+00  0.8000E+01
 -28.026  0.0000E+00  0.8000E+01
 -28.021  0.0000E+00  0.8000E+01
 -28.016  0.0000E+00  0.8000E+01
 -28.011  0.0000E+00  0.8000E+01
 -28.006  0.0000E+00  0.8000E+01
 -28.001  0.0000E+00  0.8000E+01
 -27.996  0.0000E+00  0.8000E+01
 -27.991  0.0000E+00  0.8000E+01
 -27.986  0.0000E+00  0.8000E+01
 -27.981  0.0000E+00  0.8000E+01
 -27.976  0.0000E+00  0.8000E+01
 -27.971  0.0000E+00  0.8000E+01
 -27.966  0.0000E+00  0.8000E+01
 -27.961  0.0000E+00  0.8000E+01
 -27.956  0.0000E+00  0.8000E+01
 -27.951  0.0000E+00  0.8000E+01
 -27.946  0.0000E+00  0.8000E+01
 -27.941  0.0000E+00  0.8000E+01
 -27.936  0.0000E+00  0.8000E+01
 -27.931  0.0000E+00  0.8000E+01
 -27.926  0.0000E+00  0.8000E+01
 -27.921  0.0000E+00  0.8000E+01
 -27.916  0.0000E+00  0.8000E+01
 -27.911  0.0000E+00  0.8000E+01
 -27.906  0.0000E+00  0.8000E+01
 -27.901  0.0000E+00  0.8000E+01
 -27.896  0.0000E+00  0.8000E+01
 -27.891  0.0000E+00  0.8000E+01
 -27.886  0.0000E+00  0.8000E+01
 -27.881  0.0000E+00  0.8000E+01
 -27.876  0.0000E+00  0.8000E+01
 -27.871  0.0000E+00  0.8000E+01
 -27.866  0.0000E+00  0.8000E+01
 -27.861  0.0000E+00  0.8000E+01
 -27.856  0.0000E+00  0.8000E+01
 -27.851  0.0000E+00  0.8000E+01
 -27.846  0.0000E+00  0.8000E+01
 -27.841  0.0000E+00  0.8000E+01
 -27.836  0.0000E+00  0.8000E+01
 -27.831  0.0000E+00  0.8000E+01
 -27.826  0.0000E+00  0.8000E+01
 -27.821  0.0000E+00  0.8000E+01
 -27.816  0.0000E+00  0.8000E+01
 -27.811  0.0000E+00  0.8000E+01
 -27.806  0.0000E+00  0.8000E+01
 -27.801  0.0000E+00  0.8000E+01
 -27.796  0.0000E+00  0.8000E+01
 -27.791  0.0000E+00  0.8000E+01
 -27.786  0.0000E+00  0.8000E+01
 -27.781  0.0000E+00  0.8000E+01
 -27.776  0.0000E+00  0.8000E+01
 -27.771  0.0000E+00  0.8000E+01
 -27.766  0.0000E+00  0.8000E+01
 -27.761  0.0000E+00  0.8000E+01
 -27.756  0.0000E+00  0.8000E+01
 -27.751  0.0000E+00  0.8000E+01
 -27.746  0.0000E+00  0.8000E+01
 -27.741  0.0000E+00  0.8000E+01
 -27.736  0.0000E+00  0.8000E+01
 -27.731  0.0000E+00  0.8000E+01
 -27.726  0.0000E+00  0.8000E+01
 -27.721  0.0000E+00  0.8000E+01
 -27.716  0.0000E+00  0.8000E+01
 -27.711  0.0000E+00  0.8000E+01
 -27.706  0.0000E+00  0.8000E+01
 -27.701  0.0000E+00  0.8000E+01
 -27.696  0.0000E+00  0.8000E+01
 -27.691  0.0000E+00  0.8000E+01
 -27.686  0.0000E+00  0.8000E+01
 -27.681  0.0000E+00  0.8000E+01
 -27.676  0.0000E+00  0.8000E+01
 -27.671  0.0000E+00  0.8000E+01
 -27.666  0.0000E+00  0.8000E+01
 -27.661  0.0000E+00  0.8000E+01
 -27.656  0.0000E+00  0.8000E+01
 -27.651  0.0000E+00  0.8000E+01
 -27.646  0.0000E+00  0.8000E+01
 -27.641  0.0000E+00  0.8000E+01
 -27.636  0.0000E+00  0.8000E+01
 -27.631  0.0000E+00  0.8000E+01
 -27.626  0.0000E+00  0.8000E+01
 -27.621  0.0000E+00  0.8000E+01
 -27.616  0.0000E+00  0.8000E+01
 -27.611  0.0000E+00  0.8000E+01
 -27.606  0.0000E+00  0.8000E+01
 -27.601  0.0000E+00  0.8000E+01
 -27.596  0.0000E+00  0.8000E+01
 -27.591  0.0000E+00  0.8000E+01
 -27.586  0.0000E+00  0.8000E+01
 -27.581  0.0000E+00  0.8000E+01
 -27.576  0.0000E+00  0.8000E+01
 -27.571  0.0000E+00  0.8000E+01
 -27.566  0.0000E+00  0.8000E+01
 -27.561  0.0000E+00  0.8000E+01
 -27.556  0.0000E+00  0.8000E+01
 -27.551  0.0000E+00  0.8000E+01
 -27.546  0.0000E+00  0.8000E+01
 -27.541  0.0000E+00  0.8000E+01
 -27.536  0.0000E+00  0.8000E+01
 -27.531  0.0000E+00  0.8000E+01
 -27.526  0.0000E+00  0.8000E+01
 -27.521  0.0000E+00  0.8000E+01
 -27.516  0.0000E+00  0.8000E+01
 -27.511  0.0000E+00  0.8000E+01
 -27.506  0.0000E+00  0.8000E+01
 -27.501  0.0000E+00  0.8000E+01
 -27.496  0.0000E+00  0.8000E+01
 -27.491  0.0000E+00  0.8000E+01
 -27.486  0.0000E+00  0.8000E+01
 -27.481  0.0000E+00  0.8000E+01
 -27.476  0.0000E+00  0.8000E+01
 -27.471  0.0000E+00  0.8000E+01
 -27.466  0.0000E+00  0.8000E+01
 -27.461  0.0000E+00  0.8000E+01
 -27.456  0.0000E+00  0.8000E+01
 -27.451  0.0000E+00  0.8000E+01
 -27.446  0.0000E+00  0.8000E+01
 -27.441  0.0000E+00  0.8000E+01
 -27.436  0.0000E+00  0.8000E+01
 -27.431  0.0000E+00  0.8000E+01
 -27.426  0.0000E+00  0.8000E+01
 -27.421  0.0000E+00  0.8000E+01
 -27.416  0.0000E+00  0.8000E+01
 -27.411  0.0000E+00  0.8000E+01
 -27.406  0.0000E+00  0.8000E+01
 -27.401  0.0000E+00  0.8000E+01
 -27.396  0.0000E+00  0.8000E+01
 -27.391  0.0000E+00  0.8000E+01
 -27.386  0.0000E+00  0.8000E+01
 -27.381  0.0000E+00  0.8000E+01
 -27.376  0.0000E+00  0.8000E+01
 -27.371  0.0000E+00  0.8000E+01
 -27.366  0.0000E+00  0.8000E+01
 -27.361  0.0000E+00  0.8000E+01
 -27.356  0.0000E+00  0.8000E+01
 -27.351  0.0000E+00  0.8000E+01
 -27.346  0.0000E+00  0.8000E+01
 -27.341  0.0000E+00  0.8000E+01
 -27.336  0.0000E+00  0.8000E+01
 -27.331  0.0000E+00  0.8000E+01
 -27.326  0.0000E+00  0.8000E+01
 -27.321  0.0000E+00  0.8000E+01
 -27.316  0.0000E+00  0.8000E+01
 -27.311  0.0000E+00  0.8000E+01
 -27.306  0.0000E+00  0.8000E+01
 -27.301  0.0000E+00  0.8000E+01
 -27.296  0.0000E+00  0.8000E+01
 -27.291  0.0000E+00  0.8000E+01
 -27.286  0.0000E+00  0.8000E+01
 -27.281  0.0000E+00  0.8000E+01
 -27.276  0.0000E+00  0.8000E+01
 -27.271  0.0000E+00  0.8000E+01
 -27.266  0.0000E+00  0.8000E+01
 -27.261  0.0000E+00  0.8000E+01
 -27.256  0.0000E+00  0.8000E+01
 -27.251  0.0000E+00  0.8000E+01
 -27.246  0.0000E+00  0.8000E+01
 -27.241  0.0000E+00  0.8000E+01
 -27.236  0.0000E+00  0.8000E+01
 -27.231  0.0000E+00  0.8000E+01
 -27.226  0.0000E+00  0.8000E+01
 -27.221  0.0000E+00  0.8000E+01
 -27.216  0.0000E+00  0.8000E+01
 -27.211  0.0000E+00  0.8000E+01
 -27.206  0.0000E+00  0.8000E+01
 -27.201  0.0000E+00  0.8000E+01
 -27.196  0.0000E+00  0.8000E+01
 -27.191  0.0000E+00  0.8000E+01
 -27.186  0.0000E+00  0.8000E+01
 -27.181  0.0000E+00  0.8000E+01
 -27.176  0.0000E+00  0.8000E+01
 -27.171  0.0000E+00  0.8000E+01
 -27.166  0.0000E+00  0.8000E+01
 -27.161  0.0000E+00  0.8000E+01
 -27.156  0.0000E+00  0.8000E+01
 -27.151  0.0000E+00  0.8000E+01
 -27.146  0.0000E+00  0.8000E+01
 -27.141  0.0000E+00  0.8000E+01
 -27.136  0.0000E+00  0.8000E+01
 -27.131  0.0000E+00  0.8000E+01
 -27.126  0.0000E+00  0.8000E+01
 -27.121  0.0000E+00  0.8000E+01
 -27.116  0.0000E+00  0.8000E+01
 -27.111  0.0000E+00  0.8000E+01
 -27.106  0.0000E+00  0.8000E+01
 -27.101  0.0000E+00  0.8000E+01
 -27.096  0.0000E+00  0.8000E+01
 -27.091  0.0000E+00  0.8000E+01
 -27.086  0.0000E+00  0.8000E+01
 -27.081  0.0000E+00  0.8000E+01
 -27.076  0.0000E+00  0.8000E+01
 -27.071  0.0000E+00  0.8000E+01
 -27.066  0.0000E+00  0.8000E+01
 -27.061  0.0000E+00  0.8000E+01
 -27.056  0.0000E+00  0.8000E+01
 -27.051  0.0000E+00  0.8000E+01
 -27.046  0.0000E+00  0.8000E+01
 -27.041  0.0000E+00  0.8000E+01
 -27.036  0.0000E+00  0.8000E+01
 -27.031  0.0000E+00  0.8000E+01
 -27.026  0.0000E+00  0.8000E+01
 -27.021  0.0000E+00  0.8000E+01
 -27.016  0.0000E+00  0.8000E+01
 -27.011  0.0000E+00  0.8000E+01
 -27.006  0.0000E+00  0.8000E+01
 -27.001  0.0000E+00  0.8000E+01
 -26.996  0.0000E+00  0.8000E+01
 -26.991  0.0000E+00  0.8000E+01
 -26.986  0.0000E+00  0.8000E+01
 -26.981  0.0000E+00  0.8000E+01
 -26.976  0.0000E+00  0.8000E+01
 -26.971  0.0000E+00  0.8000E+01
 -26.966  0.0000E+00  0.8000E+01
 -26.961  0.0000E+00  0.8000E+01
 -26.956  0.0000E+00  0.8000E+01
 -26.951  0.0000E+00  0.8000E+01
 -26.946  0.0000E+00  0.8000E+01
 -26.941  0.0000E+00  0.8000E+01
 -26.936  0.0000E+00  0.8000E+01
 -26.931  0.0000E+00  0.8000E+01
 -26.926  0.0000E+00  0.8000E+01
 -26.921  0.0000E+00  0.8000E+01
 -26.916  0.0000E+00  0.8000E+01
 -26.911  0.0000E+00  0.8000E+01
 -26.906  0.0000E+00  0.8000E+01
 -26.901  0.0000E+00  0.8000E+01
 -26.896  0.0000E+00  0.8000E+01
 -26.891  0.0000E+00  0.8000E+01
 -26.886  0.0000E+00  0.8000E+01
 -26.881  0.0000E+00  0.8000E+01
 -26.876  0.0000E+00  0.8000E+01
 -26.871  0.0000E+00  0.8000E+01
 -26.866  0.0000E+00  0.8000E+01
 -26.861  0.0000E+00  0.8000E+01
 -26.856  0.0000E+00  0.8000E+01
 -26.851  0.0000E+00  0.8000E+01
 -26.846  0.0000E+00  0.8000E+01
 -26.841  0.0000E+00  0.8000E+01
 -26.836  0.0000E+00  0.8000E+01
 -26.831  0.0000E+00  0.8000E+01
 -26.826  0.0000E+00  0.8000E+01
 -26.821  0.0000E+00  0.8000E+01
 -26.816  0.0000E+00  0.8000E+01
 -26.811  0.0000E+00  0.8000E+01
 -26.806  0.0000E+00  0.8000E+01
 -26.801  0.0000E+00  0.8000E+01
 -26.796  0.0000E+00  0.8000E+01
 -26.791  0.0000E+00  0.8000E+01
 -26.786  0.0000E+00  0.8000E+01
 -26.781  0.0000E+00  0.8000E+01
 -26.776  0.0000E+00  0.8000E+01
 -26.771  0.0000E+00  0.8000E+01
 -26.766  0.0000E+00  0.8000E+01
 -26.761  0.0000E+00  0.8000E+01
 -26.756  0.0000E+00  0.8000E+01
 -26.751  0.0000E+00  0.8000E+01
 -26.746  0.0000E+00  0.8000E+01
 -26.741  0.0000E+00  0.8000E+01
 -26.736  0.0000E+00  0.8000E+01
 -26.731  0.0000E+00  0.8000E+01
 -26.726  0.0000E+00  0.8000E+01
 -26.721  0.0000E+00  0.8000E+01
 -26.716  0.0000E+00  0.8000E+01
 -26.711  0.0000E+00  0.8000E+01
 -26.706  0.0000E+00  0.8000E+01
 -26.701  0.0000E+00  0.8000E+01
 -26.696  0.0000E+00  0.8000E+01
 -26.691  0.0000E+00  0.8000E+01
 -26.686  0.0000E+00  0.8000E+01
 -26.681  0.0000E+00  0.8000E+01
 -26.676  0.0000E+00  0.8000E+01
 -26.671  0.0000E+00  0.8000E+01
 -26.666  0.0000E+00  0.8000E+01
 -26.661  0.0000E+00  0.8000E+01
 -26.656  0.0000E+00  0.8000E+01
 -26.651  0.0000E+00  0.8000E+01
 -26.646  0.0000E+00  0.8000E+01
 -26.641  0.0000E+00  0.8000E+01
 -26.636  0.0000E+00  0.8000E+01
 -26.631  0.0000E+00  0.8000E+01
 -26.626  0.0000E+00  0.8000E+01
 -26.621  0.0000E+00  0.8000E+01
 -26.616  0.0000E+00  0.8000E+01
 -26.611  0.0000E+00  0.8000E+01
 -26.606  0.0000E+00  0.8000E+01
 -26.601  0.0000E+00  0.8000E+01
 -26.596  0.0000E+00  0.8000E+01
 -26.591  0.0000E+00  0.8000E+01
 -26.586  0.0000E+00  0.8000E+01
 -26.581  0.0000E+00  0.8000E+01
 -26.576  0.0000E+00  0.8000E+01
 -26.571  0.0000E+00  0.8000E+01
 -26.566  0.0000E+00  0.8000E+01
 -26.561  0.0000E+00  0.8000E+01
 -26.556  0.0000E+00  0.8000E+01
 -26.551  0.0000E+00  0.8000E+01
 -26.546  0.0000E+00  0.8000E+01
 -26.541  0.0000E+00  0.8000E+01
 -26.536  0.0000E+00  0.8000E+01
 -26.531  0.0000E+00  0.8000E+01
 -26.526  0.0000E+00  0.8000E+01
 -26.521  0.0000E+00  0.8000E+01
 -26.516  0.0000E+00  0.8000E+01
 -26.511  0.0000E+00  0.8000E+01
 -26.506  0.0000E+00  0.8000E+01
 -26.501  0.0000E+00  0.8000E+01
 -26.496  0.0000E+00  0.8000E+01
 -26.491  0.0000E+00  0.8000E+01
 -26.486  0.0000E+00  0.8000E+01
 -26.481  0.0000E+00  0.8000E+01
 -26.476  0.0000E+00  0.8000E+01
 -26.471  0.0000E+00  0.8000E+01
 -26.466  0.0000E+00  0.8000E+01
 -26.461  0.0000E+00  0.8000E+01
 -26.456  0.0000E+00  0.8000E+01
 -26.451  0.0000E+00  0.8000E+01
 -26.446  0.0000E+00  0.8000E+01
 -26.441  0.0000E+00  0.8000E+01
 -26.436  0.0000E+00  0.8000E+01
 -26.431  0.0000E+00  0.8000E+01
 -26.426  0.0000E+00  0.8000E+01
 -26.421  0.0000E+00  0.8000E+01
 -26.416  0.0000E+00  0.8000E+01
 -26.411  0.0000E+00  0.8000E+01
 -26.406  0.0000E+00  0.8000E+01
 -26.401  0.0000E+00  0.8000E+01
 -26.396  0.0000E+00  0.8000E+01
 -26.391  0.0000E+00  0.8000E+01
 -26.386  0.0000E+00  0.8000E+01
 -26.381  0.0000E+00  0.8000E+01
 -26.376  0.0000E+00  0.8000E+01
 -26.371  0.0000E+00  0.8000E+01
 -26.366  0.0000E+00  0.8000E+01
 -26.361  0.0000E+00  0.8000E+01
 -26.356  0.0000E+00  0.8000E+01
 -26.351  0.0000E+00  0.8000E+01
 -26.346  0.0000E+00  0.8000E+01
 -26.341  0.0000E+00  0.8000E+01
 -26.336  0.0000E+00  0.8000E+01
 -26.331  0.0000E+00  0.8000E+01
 -26.326  0.0000E+00  0.8000E+01
 -26.321  0.0000E+00  0.8000E+01
 -26.316  0.0000E+00  0.8000E+01
 -26.311  0.0000E+00  0.8000E+01
 -26.306  0.0000E+00  0.8000E+01
 -26.301  0.0000E+00  0.8000E+01
 -26.296  0.0000E+00  0.8000E+01
 -26.291  0.0000E+00  0.8000E+01
 -26.286  0.0000E+00  0.8000E+01
 -26.281  0.0000E+00  0.8000E+01
 -26.276  0.0000E+00  0.8000E+01
 -26.271  0.0000E+00  0.8000E+01
 -26.266  0.0000E+00  0.8000E+01
 -26.261  0.0000E+00  0.8000E+01
 -26.256  0.0000E+00  0.8000E+01
 -26.251  0.0000E+00  0.8000E+01
 -26.246  0.0000E+00  0.8000E+01
 -26.241  0.0000E+00  0.8000E+01
 -26.236  0.0000E+00  0.8000E+01
 -26.231  0.0000E+00  0.8000E+01
 -26.226  0.0000E+00  0.8000E+01
 -26.221  0.0000E+00  0.8000E+01
 -26.216  0.0000E+00  0.8000E+01
 -26.211  0.0000E+00  0.8000E+01
 -26.206  0.0000E+00  0.8000E+01
 -26.201  0.0000E+00  0.8000E+01
 -26.196  0.0000E+00  0.8000E+01
 -26.191  0.0000E+00  0.8000E+01
 -26.186  0.0000E+00  0.8000E+01
 -26.181  0.0000E+00  0.8000E+01
 -26.176  0.0000E+00  0.8000E+01
 -26.171  0.0000E+00  0.8000E+01
 -26.166  0.0000E+00  0.8000E+01
 -26.161  0.0000E+00  0.8000E+01
 -26.156  0.0000E+00  0.8000E+01
 -26.151  0.0000E+00  0.8000E+01
 -26.146  0.0000E+00  0.8000E+01
 -26.141  0.0000E+00  0.8000E+01
 -26.136  0.0000E+00  0.8000E+01
 -26.131  0.0000E+00  0.8000E+01
 -26.126  0.0000E+00  0.8000E+01
 -26.121  0.0000E+00  0.8000E+01
 -26.116  0.0000E+00  0.8000E+01
 -26.111  0.0000E+00  0.8000E+01
 -26.106  0.0000E+00  0.8000E+01
 -26.101  0.0000E+00  0.8000E+01
 -26.096  0.0000E+00  0.8000E+01
 -26.091  0.0000E+00  0.8000E+01
 -26.086  0.0000E+00  0.8000E+01
 -26.081  0.0000E+00  0.8000E+01
 -26.076  0.0000E+00  0.8000E+01
 -26.071  0.0000E+00  0.8000E+01
 -26.066  0.0000E+00  0.8000E+01
 -26.061  0.0000E+00  0.8000E+01
 -26.056  0.0000E+00  0.8000E+01
 -26.051  0.0000E+00  0.8000E+01
 -26.046  0.0000E+00  0.8000E+01
 -26.041  0.0000E+00  0.8000E+01
 -26.036  0.0000E+00  0.8000E+01
 -26.031  0.0000E+00  0.8000E+01
 -26.026  0.0000E+00  0.8000E+01
 -26.021  0.0000E+00  0.8000E+01
 -26.016  0.0000E+00  0.8000E+01
 -26.011  0.0000E+00  0.8000E+01
 -26.006  0.0000E+00  0.8000E+01
 -26.001  0.0000E+00  0.8000E+01
 -25.996  0.0000E+00  0.8000E+01
 -25.991  0.0000E+00  0.8000E+01
 -25.986  0.0000E+00  0.8000E+01
 -25.981  0.0000E+00  0.8000E+01
 -25.976  0.0000E+00  0.8000E+01
 -25.971  0.0000E+00  0.8000E+01
 -25.966  0.0000E+00  0.8000E+01
 -25.961  0.0000E+00  0.8000E+01
 -25.956  0.0000E+00  0.8000E+01
 -25.951  0.0000E+00  0.8000E+01
 -25.946  0.0000E+00  0.8000E+01
 -25.941  0.0000E+00  0.8000E+01
 -25.936  0.0000E+00  0.8000E+01
 -25.931  0.0000E+00  0.8000E+01
 -25.926  0.0000E+00  0.8000E+01
 -25.921  0.0000E+00  0.8000E+01
 -25.916  0.0000E+00  0.8000E+01
 -25.911  0.0000E+00  0.8000E+01
 -25.906  0.0000E+00  0.8000E+01
 -25.901  0.0000E+00  0.8000E+01
 -25.896  0.0000E+00  0.8000E+01
 -25.891  0.0000E+00  0.8000E+01
 -25.886  0.0000E+00  0.8000E+01
 -25.881  0.0000E+00  0.8000E+01
 -25.876  0.0000E+00  0.8000E+01
 -25.871  0.0000E+00  0.8000E+01
 -25.866  0.0000E+00  0.8000E+01
 -25.861  0.0000E+00  0.8000E+01
 -25.856  0.0000E+00  0.8000E+01
 -25.851  0.0000E+00  0.8000E+01
 -25.846  0.0000E+00  0.8000E+01
 -25.841  0.0000E+00  0.8000E+01
 -25.836  0.0000E+00  0.8000E+01
 -25.831  0.0000E+00  0.8000E+01
 -25.826  0.0000E+00  0.8000E+01
 -25.821  0.0000E+00  0.8000E+01
 -25.816  0.0000E+00  0.8000E+01
 -25.811  0.0000E+00  0.8000E+01
 -25.806  0.0000E+00  0.8000E+01
 -25.801  0.0000E+00  0.8000E+01
 -25.796  0.0000E+00  0.8000E+01
 -25.791  0.0000E+00  0.8000E+01
 -25.786  0.0000E+00  0.8000E+01
 -25.781  0.0000E+00  0.8000E+01
 -25.776  0.0000E+00  0.8000E+01
 -25.771  0.0000E+00  0.8000E+01
 -25.766  0.0000E+00  0.8000E+01
 -25.761  0.0000E+00  0.8000E+01
 -25.756  0.0000E+00  0.8000E+01
 -25.751  0.0000E+00  0.8000E+01
 -25.746  0.0000E+00  0.8000E+01
 -25.741  0.0000E+00  0.8000E+01
 -25.736  0.0000E+00  0.8000E+01
 -25.731  0.0000E+00  0.8000E+01
 -25.726  0.0000E+00  0.8000E+01
 -25.721  0.0000E+00  0.8000E+01
 -25.716  0.0000E+00  0.8000E+01
 -25.711  0.0000E+00  0.8000E+01
 -25.706  0.0000E+00  0.8000E+01
 -25.701  0.0000E+00  0.8000E+01
 -25.696  0.0000E+00  0.8000E+01
 -25.691  0.0000E+00  0.8000E+01
 -25.686  0.0000E+00  0.8000E+01
 -25.681  0.0000E+00  0.8000E+01
 -25.676  0.0000E+00  0.8000E+01
 -25.671  0.0000E+00  0.8000E+01
 -25.666  0.0000E+00  0.8000E+01
 -25.661  0.0000E+00  0.8000E+01
 -25.656  0.0000E+00  0.8000E+01
 -25.651  0.0000E+00  0.8000E+01
 -25.646  0.0000E+00  0.8000E+01
 -25.641  0.0000E+00  0.8000E+01
 -25.636  0.0000E+00  0.8000E+01
 -25.631  0.0000E+00  0.8000E+01
 -25.626  0.0000E+00  0.8000E+01
 -25.621  0.0000E+00  0.8000E+01
 -25.616  0.0000E+00  0.8000E+01
 -25.611  0.0000E+00  0.8000E+01
 -25.606  0.0000E+00  0.8000E+01
 -25.601  0.0000E+00  0.8000E+01
 -25.596  0.0000E+00  0.8000E+01
 -25.591  0.0000E+00  0.8000E+01
 -25.586  0.0000E+00  0.8000E+01
 -25.581  0.0000E+00  0.8000E+01
 -25.576  0.0000E+00  0.8000E+01
 -25.571  0.0000E+00  0.8000E+01
 -25.566  0.0000E+00  0.8000E+01
 -25.561  0.0000E+00  0.8000E+01
 -25.556  0.0000E+00  0.8000E+01
 -25.551  0.0000E+00  0.8000E+01
 -25.546  0.0000E+00  0.8000E+01
 -25.541  0.0000E+00  0.8000E+01
 -25.536  0.0000E+00  0.8000E+01
 -25.531  0.0000E+00  0.8000E+01
 -25.526  0.0000E+00  0.8000E+01
 -25.521  0.0000E+00  0.8000E+01
 -25.516  0.0000E+00  0.8000E+01
 -25.511  0.0000E+00  0.8000E+01
 -25.506  0.0000E+00  0.8000E+01
 -25.501  0.0000E+00  0.8000E+01
 -25.496  0.0000E+00  0.8000E+01
 -25.491  0.0000E+00  0.8000E+01
 -25.486  0.0000E+00  0.8000E+01
 -25.481  0.0000E+00  0.8000E+01
 -25.476  0.0000E+00  0.8000E+01
 -25.471  0.0000E+00  0.8000E+01
 -25.466  0.0000E+00  0.8000E+01
 -25.461  0.0000E+00  0.8000E+01
 -25.456  0.0000E+00  0.8000E+01
 -25.451  0.0000E+00  0.8000E+01
 -25.446  0.0000E+00  0.8000E+01
 -25.441  0.0000E+00  0.8000E+01
 -25.436  0.0000E+00  0.8000E+01
 -25.431  0.0000E+00  0.8000E+01
 -25.426  0.0000E+00  0.8000E+01
 -25.421  0.0000E+00  0.8000E+01
 -25.416  0.0000E+00  0.8000E+01
 -25.411  0.0000E+00  0.8000E+01
 -25.406  0.0000E+00  0.8000E+01
 -25.401  0.0000E+00  0.8000E+01
 -25.396  0.0000E+00  0.8000E+01
 -25.391  0.0000E+00  0.8000E+01
 -25.386  0.0000E+00  0.8000E+01
 -25.381  0.0000E+00  0.8000E+01
 -25.376  0.0000E+00  0.8000E+01
 -25.371  0.0000E+00  0.8000E+01
 -25.366  0.0000E+00  0.8000E+01
 -25.361  0.0000E+00  0.8000E+01
 -25.356  0.0000E+00  0.8000E+01
 -25.351  0.0000E+00  0.8000E+01
 -25.346  0.0000E+00  0.8000E+01
 -25.341  0.0000E+00  0.8000E+01
 -25.336  0.0000E+00  0.8000E+01
 -25.331  0.0000E+00  0.8000E+01
 -25.326  0.0000E+00  0.8000E+01
 -25.321  0.0000E+00  0.8000E+01
 -25.316  0.0000E+00  0.8000E+01
 -25.311  0.0000E+00  0.8000E+01
 -25.306  0.0000E+00  0.8000E+01
 -25.301  0.0000E+00  0.8000E+01
 -25.296  0.0000E+00  0.8000E+01
 -25.291  0.0000E+00  0.8000E+01
 -25.286  0.0000E+00  0.8000E+01
 -25.281  0.0000E+00  0.8000E+01
 -25.276  0.0000E+00  0.8000E+01
 -25.271  0.0000E+00  0.8000E+01
 -25.266  0.0000E+00  0.8000E+01
 -25.261  0.0000E+00  0.8000E+01
 -25.256  0.0000E+00  0.8000E+01
 -25.251  0.0000E+00  0.8000E+01
 -25.246  0.0000E+00  0.8000E+01
 -25.241  0.0000E+00  0.8000E+01
 -25.236  0.0000E+00  0.8000E+01
 -25.231  0.0000E+00  0.8000E+01
 -25.226  0.0000E+00  0.8000E+01
 -25.221  0.0000E+00  0.8000E+01
 -25.216  0.0000E+00  0.8000E+01
 -25.211  0.0000E+00  0.8000E+01
 -25.206  0.0000E+00  0.8000E+01
 -25.201  0.0000E+00  0.8000E+01
 -25.196  0.0000E+00  0.8000E+01
 -25.191  0.0000E+00  0.8000E+01
 -25.186  0.0000E+00  0.8000E+01
 -25.181  0.0000E+00  0.8000E+01
 -25.176  0.0000E+00  0.8000E+01
 -25.171  0.0000E+00  0.8000E+01
 -25.166  0.0000E+00  0.8000E+01
 -25.161  0.0000E+00  0.8000E+01
 -25.156  0.0000E+00  0.8000E+01
 -25.151  0.0000E+00  0.8000E+01
 -25.146  0.0000E+00  0.8000E+01
 -25.141  0.0000E+00  0.8000E+01
 -25.136  0.0000E+00  0.8000E+01
 -25.131  0.0000E+00  0.8000E+01
 -25.126  0.0000E+00  0.8000E+01
 -25.121  0.0000E+00  0.8000E+01
 -25.116  0.0000E+00  0.8000E+01
 -25.111  0.0000E+00  0.8000E+01
 -25.106  0.0000E+00  0.8000E+01
 -25.101  0.0000E+00  0.8000E+01
 -25.096  0.0000E+00  0.8000E+01
 -25.091  0.0000E+00  0.8000E+01
 -25.086  0.0000E+00  0.8000E+01
 -25.081  0.0000E+00  0.8000E+01
 -25.076  0.0000E+00  0.8000E+01
 -25.071  0.0000E+00  0.8000E+01
 -25.066  0.0000E+00  0.8000E+01
 -25.061  0.0000E+00  0.8000E+01
 -25.056  0.0000E+00  0.8000E+01
 -25.051  0.0000E+00  0.8000E+01
 -25.046  0.0000E+00  0.8000E+01
 -25.041  0.0000E+00  0.8000E+01
 -25.036  0.0000E+00  0.8000E+01
 -25.031  0.0000E+00  0.8000E+01
 -25.026  0.0000E+00  0.8000E+01
 -25.021  0.0000E+00  0.8000E+01
 -25.016  0.0000E+00  0.8000E+01
 -25.011  0.0000E+00  0.8000E+01
 -25.006  0.0000E+00  0.8000E+01
 -25.001  0.0000E+00  0.8000E+01
 -24.996  0.0000E+00  0.8000E+01
 -24.991  0.0000E+00  0.8000E+01
 -24.986  0.0000E+00  0.8000E+01
 -24.981  0.0000E+00  0.8000E+01
 -24.976  0.0000E+00  0.8000E+01
 -24.971  0.0000E+00  0.8000E+01
 -24.966  0.0000E+00  0.8000E+01
 -24.961  0.0000E+00  0.8000E+01
 -24.956  0.0000E+00  0.8000E+01
 -24.951  0.0000E+00  0.8000E+01
 -24.946  0.0000E+00  0.8000E+01
 -24.941  0.0000E+00  0.8000E+01
 -24.936  0.0000E+00  0.8000E+01
 -24.931  0.0000E+00  0.8000E+01
 -24.926  0.0000E+00  0.8000E+01
 -24.921  0.0000E+00  0.8000E+01
 -24.916  0.0000E+00  0.8000E+01
 -24.911  0.0000E+00  0.8000E+01
 -24.906  0.0000E+00  0.8000E+01
 -24.901  0.0000E+00  0.8000E+01
 -24.896  0.0000E+00  0.8000E+01
 -24.891  0.0000E+00  0.8000E+01
 -24.886  0.0000E+00  0.8000E+01
 -24.881  0.0000E+00  0.8000E+01
 -24.876  0.0000E+00  0.8000E+01
 -24.871  0.0000E+00  0.8000E+01
 -24.866  0.0000E+00  0.8000E+01
 -24.861  0.0000E+00  0.8000E+01
 -24.856  0.0000E+00  0.8000E+01
 -24.851  0.0000E+00  0.8000E+01
 -24.846  0.0000E+00  0.8000E+01
 -24.841  0.0000E+00  0.8000E+01
 -24.836  0.0000E+00  0.8000E+01
 -24.831  0.0000E+00  0.8000E+01
 -24.826  0.0000E+00  0.8000E+01
 -24.821  0.0000E+00  0.8000E+01
 -24.816  0.0000E+00  0.8000E+01
 -24.811  0.0000E+00  0.8000E+01
 -24.806  0.0000E+00  0.8000E+01
 -24.801  0.0000E+00  0.8000E+01
 -24.796  0.0000E+00  0.8000E+01
 -24.791  0.0000E+00  0.8000E+01
 -24.786  0.0000E+00  0.8000E+01
 -24.781  0.0000E+00  0.8000E+01
 -24.776  0.0000E+00  0.8000E+01
 -24.771  0.0000E+00  0.8000E+01
 -24.766  0.0000E+00  0.8000E+01
 -24.761  0.0000E+00  0.8000E+01
 -24.756  0.0000E+00  0.8000E+01
 -24.751  0.0000E+00  0.8000E+01
 -24.746  0.0000E+00  0.8000E+01
 -24.741  0.0000E+00  0.8000E+01
 -24.736  0.0000E+00  0.8000E+01
 -24.731  0.0000E+00  0.8000E+01
 -24.726  0.0000E+00  0.8000E+01
 -24.721  0.0000E+00  0.8000E+01
 -24.716  0.0000E+00  0.8000E+01
 -24.711  0.0000E+00  0.8000E+01
 -24.706  0.0000E+00  0.8000E+01
 -24.701  0.0000E+00  0.8000E+01
 -24.696  0.0000E+00  0.8000E+01
 -24.691  0.0000E+00  0.8000E+01
 -24.686  0.0000E+00  0.8000E+01
 -24.681  0.0000E+00  0.8000E+01
 -24.676  0.0000E+00  0.8000E+01
 -24.671  0.0000E+00  0.8000E+01
 -24.666  0.0000E+00  0.8000E+01
 -24.661  0.0000E+00  0.8000E+01
 -24.656  0.0000E+00  0.8000E+01
 -24.651  0.0000E+00  0.8000E+01
 -24.646  0.0000E+00  0.8000E+01
 -24.641  0.0000E+00  0.8000E+01
 -24.636  0.0000E+00  0.8000E+01
 -24.631  0.0000E+00  0.8000E+01
 -24.626  0.0000E+00  0.8000E+01
 -24.621  0.0000E+00  0.8000E+01
 -24.616  0.0000E+00  0.8000E+01
 -24.611  0.0000E+00  0.8000E+01
 -24.606  0.0000E+00  0.8000E+01
 -24.601  0.0000E+00  0.8000E+01
 -24.596  0.0000E+00  0.8000E+01
 -24.591  0.0000E+00  0.8000E+01
 -24.586  0.0000E+00  0.8000E+01
 -24.581  0.0000E+00  0.8000E+01
 -24.576  0.0000E+00  0.8000E+01
 -24.571  0.0000E+00  0.8000E+01
 -24.566  0.0000E+00  0.8000E+01
 -24.561  0.0000E+00  0.8000E+01
 -24.556  0.0000E+00  0.8000E+01
 -24.551  0.0000E+00  0.8000E+01
 -24.546  0.0000E+00  0.8000E+01
 -24.541  0.0000E+00  0.8000E+01
 -24.536  0.0000E+00  0.8000E+01
 -24.531  0.0000E+00  0.8000E+01
 -24.526  0.0000E+00  0.8000E+01
 -24.521  0.0000E+00  0.8000E+01
 -24.516  0.0000E+00  0.8000E+01
 -24.511  0.0000E+00  0.8000E+01
 -24.506  0.0000E+00  0.8000E+01
 -24.501  0.0000E+00  0.8000E+01
 -24.496  0.0000E+00  0.8000E+01
 -24.491  0.0000E+00  0.8000E+01
 -24.486  0.0000E+00  0.8000E+01
 -24.481  0.0000E+00  0.8000E+01
 -24.476  0.0000E+00  0.8000E+01
 -24.471  0.0000E+00  0.8000E+01
 -24.466  0.0000E+00  0.8000E+01
 -24.461  0.0000E+00  0.8000E+01
 -24.456  0.0000E+00  0.8000E+01
 -24.451  0.0000E+00  0.8000E+01
 -24.446  0.0000E+00  0.8000E+01
 -24.441  0.0000E+00  0.8000E+01
 -24.436  0.0000E+00  0.8000E+01
 -24.431  0.0000E+00  0.8000E+01
 -24.426  0.0000E+00  0.8000E+01
 -24.421  0.0000E+00  0.8000E+01
 -24.416  0.0000E+00  0.8000E+01
 -24.411  0.0000E+00  0.8000E+01
 -24.406  0.0000E+00  0.8000E+01
 -24.401  0.0000E+00  0.8000E+01
 -24.396  0.0000E+00  0.8000E+01
 -24.391  0.0000E+00  0.8000E+01
 -24.386  0.0000E+00  0.8000E+01
 -24.381  0.0000E+00  0.8000E+01
 -24.376  0.0000E+00  0.8000E+01
 -24.371  0.0000E+00  0.8000E+01
 -24.366  0.0000E+00  0.8000E+01
 -24.361  0.0000E+00  0.8000E+01
 -24.356  0.0000E+00  0.8000E+01
 -24.351  0.0000E+00  0.8000E+01
 -24.346  0.0000E+00  0.8000E+01
 -24.341  0.0000E+00  0.8000E+01
 -24.336  0.0000E+00  0.8000E+01
 -24.331  0.0000E+00  0.8000E+01
 -24.326  0.0000E+00  0.8000E+01
 -24.321  0.0000E+00  0.8000E+01
 -24.316  0.0000E+00  0.8000E+01
 -24.311  0.0000E+00  0.8000E+01
 -24.306  0.0000E+00  0.8000E+01
 -24.301  0.0000E+00  0.8000E+01
 -24.296  0.0000E+00  0.8000E+01
 -24.291  0.0000E+00  0.8000E+01
 -24.286  0.0000E+00  0.8000E+01
 -24.281  0.0000E+00  0.8000E+01
 -24.276  0.0000E+00  0.8000E+01
 -24.271  0.0000E+00  0.8000E+01
 -24.266  0.0000E+00  0.8000E+01
 -24.261  0.0000E+00  0.8000E+01
 -24.256  0.0000E+00  0.8000E+01
 -24.251  0.0000E+00  0.8000E+01
 -24.246  0.0000E+00  0.8000E+01
 -24.241  0.0000E+00  0.8000E+01
 -24.236  0.0000E+00  0.8000E+01
 -24.231  0.0000E+00  0.8000E+01
 -24.226  0.0000E+00  0.8000E+01
 -24.221  0.0000E+00  0.8000E+01
 -24.216  0.0000E+00  0.8000E+01
 -24.211  0.0000E+00  0.8000E+01
 -24.206  0.0000E+00  0.8000E+01
 -24.201  0.0000E+00  0.8000E+01
 -24.196  0.0000E+00  0.8000E+01
 -24.191  0.0000E+00  0.8000E+01
 -24.186  0.0000E+00  0.8000E+01
 -24.181  0.0000E+00  0.8000E+01
 -24.176  0.0000E+00  0.8000E+01
 -24.171  0.0000E+00  0.8000E+01
 -24.166  0.0000E+00  0.8000E+01
 -24.161  0.0000E+00  0.8000E+01
 -24.156  0.0000E+00  0.8000E+01
 -24.151  0.0000E+00  0.8000E+01
 -24.146  0.0000E+00  0.8000E+01
 -24.141  0.0000E+00  0.8000E+01
 -24.136  0.0000E+00  0.8000E+01
 -24.131  0.0000E+00  0.8000E+01
 -24.126  0.0000E+00  0.8000E+01
 -24.121  0.0000E+00  0.8000E+01
 -24.116  0.0000E+00  0.8000E+01
 -24.111  0.0000E+00  0.8000E+01
 -24.106  0.0000E+00  0.8000E+01
 -24.101  0.0000E+00  0.8000E+01
 -24.096  0.0000E+00  0.8000E+01
 -24.091  0.0000E+00  0.8000E+01
 -24.086  0.0000E+00  0.8000E+01
 -24.081  0.0000E+00  0.8000E+01
 -24.076  0.0000E+00  0.8000E+01
 -24.071  0.0000E+00  0.8000E+01
 -24.066  0.0000E+00  0.8000E+01
 -24.061  0.0000E+00  0.8000E+01
 -24.056  0.0000E+00  0.8000E+01
 -24.051  0.0000E+00  0.8000E+01
 -24.046  0.0000E+00  0.8000E+01
 -24.041  0.0000E+00  0.8000E+01
 -24.036  0.0000E+00  0.8000E+01
 -24.031  0.0000E+00  0.8000E+01
 -24.026  0.0000E+00  0.8000E+01
 -24.021  0.0000E+00  0.8000E+01
 -24.016  0.0000E+00  0.8000E+01
 -24.011  0.0000E+00  0.8000E+01
 -24.006  0.0000E+00  0.8000E+01
 -24.001  0.0000E+00  0.8000E+01
 -23.996  0.0000E+00  0.8000E+01
 -23.991  0.0000E+00  0.8000E+01
 -23.986  0.0000E+00  0.8000E+01
 -23.981  0.0000E+00  0.8000E+01
 -23.976  0.0000E+00  0.8000E+01
 -23.971  0.0000E+00  0.8000E+01
 -23.966  0.0000E+00  0.8000E+01
 -23.961  0.0000E+00  0.8000E+01
 -23.956  0.0000E+00  0.8000E+01
 -23.951  0.0000E+00  0.8000E+01
 -23.946  0.0000E+00  0.8000E+01
 -23.941  0.0000E+00  0.8000E+01
 -23.936  0.0000E+00  0.8000E+01
 -23.931  0.0000E+00  0.8000E+01
 -23.926  0.0000E+00  0.8000E+01
 -23.921  0.0000E+00  0.8000E+01
 -23.916  0.0000E+00  0.8000E+01
 -23.911  0.0000E+00  0.8000E+01
 -23.906  0.0000E+00  0.8000E+01
 -23.901  0.0000E+00  0.8000E+01
 -23.896  0.0000E+00  0.8000E+01
 -23.891  0.0000E+00  0.8000E+01
 -23.886  0.0000E+00  0.8000E+01
 -23.881  0.0000E+00  0.8000E+01
 -23.876  0.0000E+00  0.8000E+01
 -23.871  0.0000E+00  0.8000E+01
 -23.866  0.0000E+00  0.8000E+01
 -23.861  0.0000E+00  0.8000E+01
 -23.856  0.0000E+00  0.8000E+01
 -23.851  0.0000E+00  0.8000E+01
 -23.846  0.0000E+00  0.8000E+01
 -23.841  0.0000E+00  0.8000E+01
 -23.836  0.0000E+00  0.8000E+01
 -23.831  0.0000E+00  0.8000E+01
 -23.826  0.0000E+00  0.8000E+01
 -23.821  0.0000E+00  0.8000E+01
 -23.816  0.0000E+00  0.8000E+01
 -23.811  0.0000E+00  0.8000E+01
 -23.806  0.0000E+00  0.8000E+01
 -23.801  0.0000E+00  0.8000E+01
 -23.796  0.0000E+00  0.8000E+01
 -23.791  0.0000E+00  0.8000E+01
 -23.786  0.0000E+00  0.8000E+01
 -23.781  0.0000E+00  0.8000E+01
 -23.776  0.0000E+00  0.8000E+01
 -23.771  0.0000E+00  0.8000E+01
 -23.766  0.0000E+00  0.8000E+01
 -23.761  0.0000E+00  0.8000E+01
 -23.756  0.0000E+00  0.8000E+01
 -23.751  0.0000E+00  0.8000E+01
 -23.746  0.0000E+00  0.8000E+01
 -23.741  0.0000E+00  0.8000E+01
 -23.736  0.0000E+00  0.8000E+01
 -23.731  0.0000E+00  0.8000E+01
 -23.726  0.0000E+00  0.8000E+01
 -23.721  0.0000E+00  0.8000E+01
 -23.716  0.0000E+00  0.8000E+01
 -23.711  0.0000E+00  0.8000E+01
 -23.706  0.0000E+00  0.8000E+01
 -23.701  0.0000E+00  0.8000E+01
 -23.696  0.0000E+00  0.8000E+01
 -23.691  0.0000E+00  0.8000E+01
 -23.686  0.0000E+00  0.8000E+01
 -23.681  0.0000E+00  0.8000E+01
 -23.676  0.0000E+00  0.8000E+01
 -23.671  0.0000E+00  0.8000E+01
 -23.666  0.0000E+00  0.8000E+01
 -23.661  0.0000E+00  0.8000E+01
 -23.656  0.0000E+00  0.8000E+01
 -23.651  0.0000E+00  0.8000E+01
 -23.646  0.0000E+00  0.8000E+01
 -23.641  0.0000E+00  0.8000E+01
 -23.636  0.0000E+00  0.8000E+01
 -23.631  0.0000E+00  0.8000E+01
 -23.626  0.0000E+00  0.8000E+01
 -23.621  0.0000E+00  0.8000E+01
 -23.616  0.0000E+00  0.8000E+01
 -23.611  0.0000E+00  0.8000E+01
 -23.606  0.0000E+00  0.8000E+01
 -23.601  0.0000E+00  0.8000E+01
 -23.596  0.0000E+00  0.8000E+01
 -23.591  0.0000E+00  0.8000E+01
 -23.586  0.0000E+00  0.8000E+01
 -23.581  0.0000E+00  0.8000E+01
 -23.576  0.0000E+00  0.8000E+01
 -23.571  0.0000E+00  0.8000E+01
 -23.566  0.0000E+00  0.8000E+01
 -23.561  0.0000E+00  0.8000E+01
 -23.556  0.0000E+00  0.8000E+01
 -23.551  0.0000E+00  0.8000E+01
 -23.546  0.0000E+00  0.8000E+01
 -23.541  0.0000E+00  0.8000E+01
 -23.536  0.0000E+00  0.8000E+01
 -23.531  0.0000E+00  0.8000E+01
 -23.526  0.0000E+00  0.8000E+01
 -23.521  0.0000E+00  0.8000E+01
 -23.516  0.0000E+00  0.8000E+01
 -23.511  0.0000E+00  0.8000E+01
 -23.506  0.0000E+00  0.8000E+01
 -23.501  0.0000E+00  0.8000E+01
 -23.496  0.0000E+00  0.8000E+01
 -23.491  0.0000E+00  0.8000E+01
 -23.486  0.0000E+00  0.8000E+01
 -23.481  0.0000E+00  0.8000E+01
 -23.476  0.0000E+00  0.8000E+01
 -23.471  0.0000E+00  0.8000E+01
 -23.466  0.0000E+00  0.8000E+01
 -23.461  0.0000E+00  0.8000E+01
 -23.456  0.0000E+00  0.8000E+01
 -23.451  0.0000E+00  0.8000E+01
 -23.446  0.0000E+00  0.8000E+01
 -23.441  0.0000E+00  0.8000E+01
 -23.436  0.0000E+00  0.8000E+01
 -23.431  0.0000E+00  0.8000E+01
 -23.426  0.0000E+00  0.8000E+01
 -23.421  0.0000E+00  0.8000E+01
 -23.416  0.0000E+00  0.8000E+01
 -23.411  0.0000E+00  0.8000E+01
 -23.406  0.0000E+00  0.8000E+01
 -23.401  0.0000E+00  0.8000E+01
 -23.396  0.0000E+00  0.8000E+01
 -23.391  0.0000E+00  0.8000E+01
 -23.386  0.0000E+00  0.8000E+01
 -23.381  0.0000E+00  0.8000E+01
 -23.376  0.0000E+00  0.8000E+01
 -23.371  0.0000E+00  0.8000E+01
 -23.366  0.0000E+00  0.8000E+01
 -23.361  0.0000E+00  0.8000E+01
 -23.356  0.0000E+00  0.8000E+01
 -23.351  0.0000E+00  0.8000E+01
 -23.346  0.0000E+00  0.8000E+01
 -23.341  0.0000E+00  0.8000E+01
 -23.336  0.0000E+00  0.8000E+01
 -23.331  0.0000E+00  0.8000E+01
 -23.326  0.0000E+00  0.8000E+01
 -23.321  0.0000E+00  0.8000E+01
 -23.316  0.0000E+00  0.8000E+01
 -23.311  0.0000E+00  0.8000E+01
 -23.306  0.0000E+00  0.8000E+01
 -23.301  0.0000E+00  0.8000E+01
 -23.296  0.0000E+00  0.8000E+01
 -23.291  0.0000E+00  0.8000E+01
 -23.286  0.0000E+00  0.8000E+01
 -23.281  0.0000E+00  0.8000E+01
 -23.276  0.0000E+00  0.8000E+01
 -23.271  0.0000E+00  0.8000E+01
 -23.266  0.0000E+00  0.8000E+01
 -23.261  0.0000E+00  0.8000E+01
 -23.256  0.0000E+00  0.8000E+01
 -23.251  0.0000E+00  0.8000E+01
 -23.246  0.0000E+00  0.8000E+01
 -23.241  0.0000E+00  0.8000E+01
 -23.236  0.0000E+00  0.8000E+01
 -23.231  0.0000E+00  0.8000E+01
 -23.226  0.0000E+00  0.8000E+01
 -23.221  0.0000E+00  0.8000E+01
 -23.216  0.0000E+00  0.8000E+01
 -23.211  0.0000E+00  0.8000E+01
 -23.206  0.0000E+00  0.8000E+01
 -23.201  0.0000E+00  0.8000E+01
 -23.196  0.0000E+00  0.8000E+01
 -23.191  0.0000E+00  0.8000E+01
 -23.186  0.0000E+00  0.8000E+01
 -23.181  0.0000E+00  0.8000E+01
 -23.176  0.0000E+00  0.8000E+01
 -23.171  0.0000E+00  0.8000E+01
 -23.166  0.0000E+00  0.8000E+01
 -23.161  0.0000E+00  0.8000E+01
 -23.156  0.0000E+00  0.8000E+01
 -23.151  0.0000E+00  0.8000E+01
 -23.146  0.0000E+00  0.8000E+01
 -23.141  0.0000E+00  0.8000E+01
 -23.136  0.0000E+00  0.8000E+01
 -23.131  0.0000E+00  0.8000E+01
 -23.126  0.0000E+00  0.8000E+01
 -23.121  0.0000E+00  0.8000E+01
 -23.116  0.0000E+00  0.8000E+01
 -23.111  0.0000E+00  0.8000E+01
 -23.106  0.0000E+00  0.8000E+01
 -23.101  0.0000E+00  0.8000E+01
 -23.096  0.0000E+00  0.8000E+01
 -23.091  0.0000E+00  0.8000E+01
 -23.086  0.0000E+00  0.8000E+01
 -23.081  0.0000E+00  0.8000E+01
 -23.076  0.0000E+00  0.8000E+01
 -23.071  0.0000E+00  0.8000E+01
 -23.066  0.0000E+00  0.8000E+01
 -23.061  0.0000E+00  0.8000E+01
 -23.056  0.0000E+00  0.8000E+01
 -23.051  0.0000E+00  0.8000E+01
 -23.046  0.0000E+00  0.8000E+01
 -23.041  0.0000E+00  0.8000E+01
 -23.036  0.0000E+00  0.8000E+01
 -23.031  0.0000E+00  0.8000E+01
 -23.026  0.0000E+00  0.8000E+01
 -23.021  0.0000E+00  0.8000E+01
 -23.016  0.0000E+00  0.8000E+01
 -23.011  0.0000E+00  0.8000E+01
 -23.006  0.0000E+00  0.8000E+01
 -23.001  0.0000E+00  0.8000E+01
 -22.996  0.0000E+00  0.8000E+01
 -22.991  0.0000E+00  0.8000E+01
 -22.986  0.0000E+00  0.8000E+01
 -22.981  0.0000E+00  0.8000E+01
 -22.976  0.0000E+00  0.8000E+01
 -22.971  0.0000E+00  0.8000E+01
 -22.966  0.0000E+00  0.8000E+01
 -22.961  0.0000E+00  0.8000E+01
 -22.956  0.0000E+00  0.8000E+01
 -22.951  0.0000E+00  0.8000E+01
 -22.946  0.0000E+00  0.8000E+01
 -22.941  0.0000E+00  0.8000E+01
 -22.936  0.0000E+00  0.8000E+01
 -22.931  0.0000E+00  0.8000E+01
 -22.926  0.0000E+00  0.8000E+01
 -22.921  0.0000E+00  0.8000E+01
 -22.916  0.0000E+00  0.8000E+01
 -22.911  0.0000E+00  0.8000E+01
 -22.906  0.0000E+00  0.8000E+01
 -22.901  0.0000E+00  0.8000E+01
 -22.896  0.0000E+00  0.8000E+01
 -22.891  0.0000E+00  0.8000E+01
 -22.886  0.0000E+00  0.8000E+01
 -22.881  0.0000E+00  0.8000E+01
 -22.876  0.0000E+00  0.8000E+01
 -22.871  0.0000E+00  0.8000E+01
 -22.866  0.0000E+00  0.8000E+01
 -22.861  0.0000E+00  0.8000E+01
 -22.856  0.0000E+00  0.8000E+01
 -22.851  0.0000E+00  0.8000E+01
 -22.846  0.0000E+00  0.8000E+01
 -22.841  0.0000E+00  0.8000E+01
 -22.836  0.0000E+00  0.8000E+01
 -22.831  0.0000E+00  0.8000E+01
 -22.826  0.0000E+00  0.8000E+01
 -22.821  0.0000E+00  0.8000E+01
 -22.816  0.0000E+00  0.8000E+01
 -22.811  0.0000E+00  0.8000E+01
 -22.806  0.0000E+00  0.8000E+01
 -22.801  0.0000E+00  0.8000E+01
 -22.796  0.0000E+00  0.8000E+01
 -22.791  0.0000E+00  0.8000E+01
 -22.786  0.0000E+00  0.8000E+01
 -22.781  0.0000E+00  0.8000E+01
 -22.776  0.0000E+00  0.8000E+01
 -22.771  0.0000E+00  0.8000E+01
 -22.766  0.0000E+00  0.8000E+01
 -22.761  0.0000E+00  0.8000E+01
 -22.756  0.0000E+00  0.8000E+01
 -22.751  0.0000E+00  0.8000E+01
 -22.746  0.0000E+00  0.8000E+01
 -22.741  0.0000E+00  0.8000E+01
 -22.736  0.0000E+00  0.8000E+01
 -22.731  0.0000E+00  0.8000E+01
 -22.726  0.0000E+00  0.8000E+01
 -22.721  0.0000E+00  0.8000E+01
 -22.716  0.0000E+00  0.8000E+01
 -22.711  0.0000E+00  0.8000E+01
 -22.706  0.0000E+00  0.8000E+01
 -22.701  0.0000E+00  0.8000E+01
 -22.696  0.0000E+00  0.8000E+01
 -22.691  0.0000E+00  0.8000E+01
 -22.686  0.0000E+00  0.8000E+01
 -22.681  0.0000E+00  0.8000E+01
 -22.676  0.0000E+00  0.8000E+01
 -22.671  0.0000E+00  0.8000E+01
 -22.666  0.0000E+00  0.8000E+01
 -22.661  0.0000E+00  0.8000E+01
 -22.656  0.0000E+00  0.8000E+01
 -22.651  0.0000E+00  0.8000E+01
 -22.646  0.0000E+00  0.8000E+01
 -22.641  0.0000E+00  0.8000E+01
 -22.636  0.0000E+00  0.8000E+01
 -22.631  0.0000E+00  0.8000E+01
 -22.626  0.0000E+00  0.8000E+01
 -22.621  0.0000E+00  0.8000E+01
 -22.616  0.0000E+00  0.8000E+01
 -22.611  0.0000E+00  0.8000E+01
 -22.606  0.0000E+00  0.8000E+01
 -22.601  0.0000E+00  0.8000E+01
 -22.596  0.0000E+00  0.8000E+01
 -22.591  0.0000E+00  0.8000E+01
 -22.586  0.0000E+00  0.8000E+01
 -22.581  0.0000E+00  0.8000E+01
 -22.576  0.0000E+00  0.8000E+01
 -22.571  0.0000E+00  0.8000E+01
 -22.566  0.0000E+00  0.8000E+01
 -22.561  0.0000E+00  0.8000E+01
 -22.556  0.0000E+00  0.8000E+01
 -22.551  0.0000E+00  0.8000E+01
 -22.546  0.0000E+00  0.8000E+01
 -22.541  0.0000E+00  0.8000E+01
 -22.536  0.0000E+00  0.8000E+01
 -22.531  0.0000E+00  0.8000E+01
 -22.526  0.0000E+00  0.8000E+01
 -22.521  0.0000E+00  0.8000E+01
 -22.516  0.0000E+00  0.8000E+01
 -22.511  0.0000E+00  0.8000E+01
 -22.506  0.0000E+00  0.8000E+01
 -22.501  0.0000E+00  0.8000E+01
 -22.496  0.0000E+00  0.8000E+01
 -22.491  0.0000E+00  0.8000E+01
 -22.486  0.0000E+00  0.8000E+01
 -22.481  0.0000E+00  0.8000E+01
 -22.476  0.0000E+00  0.8000E+01
 -22.471  0.0000E+00  0.8000E+01
 -22.466  0.0000E+00  0.8000E+01
 -22.461  0.0000E+00  0.8000E+01
 -22.456  0.0000E+00  0.8000E+01
 -22.451  0.0000E+00  0.8000E+01
 -22.446  0.0000E+00  0.8000E+01
 -22.441  0.0000E+00  0.8000E+01
 -22.436  0.0000E+00  0.8000E+01
 -22.431  0.0000E+00  0.8000E+01
 -22.426  0.0000E+00  0.8000E+01
 -22.421  0.0000E+00  0.8000E+01
 -22.416  0.0000E+00  0.8000E+01
 -22.411  0.0000E+00  0.8000E+01
 -22.406  0.0000E+00  0.8000E+01
 -22.401  0.0000E+00  0.8000E+01
 -22.396  0.0000E+00  0.8000E+01
 -22.391  0.0000E+00  0.8000E+01
 -22.386  0.0000E+00  0.8000E+01
 -22.381  0.0000E+00  0.8000E+01
 -22.376  0.0000E+00  0.8000E+01
 -22.371  0.0000E+00  0.8000E+01
 -22.366  0.0000E+00  0.8000E+01
 -22.361  0.0000E+00  0.8000E+01
 -22.356  0.0000E+00  0.8000E+01
 -22.351  0.0000E+00  0.8000E+01
 -22.346  0.0000E+00  0.8000E+01
 -22.341  0.0000E+00  0.8000E+01
 -22.336  0.0000E+00  0.8000E+01
 -22.331  0.0000E+00  0.8000E+01
 -22.326  0.0000E+00  0.8000E+01
 -22.321  0.0000E+00  0.8000E+01
 -22.316  0.0000E+00  0.8000E+01
 -22.311  0.0000E+00  0.8000E+01
 -22.306  0.0000E+00  0.8000E+01
 -22.301  0.0000E+00  0.8000E+01
 -22.296  0.0000E+00  0.8000E+01
 -22.291  0.0000E+00  0.8000E+01
 -22.286  0.0000E+00  0.8000E+01
 -22.281  0.0000E+00  0.8000E+01
 -22.276  0.0000E+00  0.8000E+01
 -22.271  0.0000E+00  0.8000E+01
 -22.266  0.0000E+00  0.8000E+01
 -22.261  0.0000E+00  0.8000E+01
 -22.256  0.0000E+00  0.8000E+01
 -22.251  0.0000E+00  0.8000E+01
 -22.246  0.0000E+00  0.8000E+01
 -22.241  0.0000E+00  0.8000E+01
 -22.236  0.0000E+00  0.8000E+01
 -22.231  0.0000E+00  0.8000E+01
 -22.226  0.0000E+00  0.8000E+01
 -22.221  0.0000E+00  0.8000E+01
 -22.216  0.0000E+00  0.8000E+01
 -22.211  0.0000E+00  0.8000E+01
 -22.206  0.0000E+00  0.8000E+01
 -22.201  0.0000E+00  0.8000E+01
 -22.196  0.0000E+00  0.8000E+01
 -22.191  0.0000E+00  0.8000E+01
 -22.186  0.0000E+00  0.8000E+01
 -22.181  0.0000E+00  0.8000E+01
 -22.176  0.0000E+00  0.8000E+01
 -22.171  0.0000E+00  0.8000E+01
 -22.166  0.0000E+00  0.8000E+01
 -22.161  0.0000E+00  0.8000E+01
 -22.156  0.0000E+00  0.8000E+01
 -22.151  0.0000E+00  0.8000E+01
 -22.146  0.0000E+00  0.8000E+01
 -22.141  0.0000E+00  0.8000E+01
 -22.136  0.0000E+00  0.8000E+01
 -22.131  0.0000E+00  0.8000E+01
 -22.126  0.0000E+00  0.8000E+01
 -22.121  0.0000E+00  0.8000E+01
 -22.116  0.0000E+00  0.8000E+01
 -22.111  0.0000E+00  0.8000E+01
 -22.106  0.0000E+00  0.8000E+01
 -22.101  0.0000E+00  0.8000E+01
 -22.096  0.0000E+00  0.8000E+01
 -22.091  0.0000E+00  0.8000E+01
 -22.086  0.0000E+00  0.8000E+01
 -22.081  0.0000E+00  0.8000E+01
 -22.076  0.0000E+00  0.8000E+01
 -22.071  0.0000E+00  0.8000E+01
 -22.066  0.0000E+00  0.8000E+01
 -22.061  0.0000E+00  0.8000E+01
 -22.056  0.0000E+00  0.8000E+01
 -22.051  0.0000E+00  0.8000E+01
 -22.046  0.0000E+00  0.8000E+01
 -22.041  0.0000E+00  0.8000E+01
 -22.036  0.0000E+00  0.8000E+01
 -22.031  0.0000E+00  0.8000E+01
 -22.026  0.0000E+00  0.8000E+01
 -22.021  0.0000E+00  0.8000E+01
 -22.016  0.0000E+00  0.8000E+01
 -22.011  0.0000E+00  0.8000E+01
 -22.006  0.0000E+00  0.8000E+01
 -22.001  0.0000E+00  0.8000E+01
 -21.996  0.0000E+00  0.8000E+01
 -21.991  0.0000E+00  0.8000E+01
 -21.986  0.0000E+00  0.8000E+01
 -21.981  0.0000E+00  0.8000E+01
 -21.976  0.0000E+00  0.8000E+01
 -21.971  0.0000E+00  0.8000E+01
 -21.966  0.0000E+00  0.8000E+01
 -21.961  0.0000E+00  0.8000E+01
 -21.956  0.0000E+00  0.8000E+01
 -21.951  0.0000E+00  0.8000E+01
 -21.946  0.0000E+00  0.8000E+01
 -21.941  0.0000E+00  0.8000E+01
 -21.936  0.0000E+00  0.8000E+01
 -21.931  0.0000E+00  0.8000E+01
 -21.926  0.0000E+00  0.8000E+01
 -21.921  0.0000E+00  0.8000E+01
 -21.916  0.0000E+00  0.8000E+01
 -21.911  0.0000E+00  0.8000E+01
 -21.906  0.0000E+00  0.8000E+01
 -21.901  0.0000E+00  0.8000E+01
 -21.896  0.0000E+00  0.8000E+01
 -21.891  0.0000E+00  0.8000E+01
 -21.886  0.0000E+00  0.8000E+01
 -21.881  0.0000E+00  0.8000E+01
 -21.876  0.0000E+00  0.8000E+01
 -21.871  0.0000E+00  0.8000E+01
 -21.866  0.0000E+00  0.8000E+01
 -21.861  0.0000E+00  0.8000E+01
 -21.856  0.0000E+00  0.8000E+01
 -21.851  0.0000E+00  0.8000E+01
 -21.846  0.0000E+00  0.8000E+01
 -21.841  0.0000E+00  0.8000E+01
 -21.836  0.0000E+00  0.8000E+01
 -21.831  0.0000E+00  0.8000E+01
 -21.826  0.0000E+00  0.8000E+01
 -21.821  0.0000E+00  0.8000E+01
 -21.816  0.0000E+00  0.8000E+01
 -21.811  0.0000E+00  0.8000E+01
 -21.806  0.0000E+00  0.8000E+01
 -21.801  0.0000E+00  0.8000E+01
 -21.796  0.0000E+00  0.8000E+01
 -21.791  0.0000E+00  0.8000E+01
 -21.786  0.0000E+00  0.8000E+01
 -21.781  0.0000E+00  0.8000E+01
 -21.776  0.0000E+00  0.8000E+01
 -21.771  0.0000E+00  0.8000E+01
 -21.766  0.0000E+00  0.8000E+01
 -21.761  0.0000E+00  0.8000E+01
 -21.756  0.0000E+00  0.8000E+01
 -21.751  0.0000E+00  0.8000E+01
 -21.746  0.0000E+00  0.8000E+01
 -21.741  0.0000E+00  0.8000E+01
 -21.736  0.0000E+00  0.8000E+01
 -21.731  0.0000E+00  0.8000E+01
 -21.726  0.0000E+00  0.8000E+01
 -21.721  0.0000E+00  0.8000E+01
 -21.716  0.0000E+00  0.8000E+01
 -21.711  0.0000E+00  0.8000E+01
 -21.706  0.0000E+00  0.8000E+01
 -21.701  0.0000E+00  0.8000E+01
 -21.696  0.0000E+00  0.8000E+01
 -21.691  0.0000E+00  0.8000E+01
 -21.686  0.0000E+00  0.8000E+01
 -21.681  0.0000E+00  0.8000E+01
 -21.676  0.0000E+00  0.8000E+01
 -21.671  0.0000E+00  0.8000E+01
 -21.666  0.0000E+00  0.8000E+01
 -21.661  0.0000E+00  0.8000E+01
 -21.656  0.0000E+00  0.8000E+01
 -21.651  0.0000E+00  0.8000E+01
 -21.646  0.0000E+00  0.8000E+01
 -21.641  0.0000E+00  0.8000E+01
 -21.636  0.0000E+00  0.8000E+01
 -21.631  0.0000E+00  0.8000E+01
 -21.626  0.0000E+00  0.8000E+01
 -21.621  0.0000E+00  0.8000E+01
 -21.616  0.0000E+00  0.8000E+01
 -21.611  0.0000E+00  0.8000E+01
 -21.606  0.0000E+00  0.8000E+01
 -21.601  0.0000E+00  0.8000E+01
 -21.596  0.0000E+00  0.8000E+01
 -21.591  0.0000E+00  0.8000E+01
 -21.586  0.0000E+00  0.8000E+01
 -21.581  0.0000E+00  0.8000E+01
 -21.576  0.0000E+00  0.8000E+01
 -21.571  0.0000E+00  0.8000E+01
 -21.566  0.0000E+00  0.8000E+01
 -21.561  0.0000E+00  0.8000E+01
 -21.556  0.0000E+00  0.8000E+01
 -21.551  0.0000E+00  0.8000E+01
 -21.546  0.0000E+00  0.8000E+01
 -21.541  0.0000E+00  0.8000E+01
 -21.536  0.0000E+00  0.8000E+01
 -21.531  0.0000E+00  0.8000E+01
 -21.526  0.0000E+00  0.8000E+01
 -21.521  0.0000E+00  0.8000E+01
 -21.516  0.0000E+00  0.8000E+01
 -21.511  0.0000E+00  0.8000E+01
 -21.506  0.0000E+00  0.8000E+01
 -21.501  0.0000E+00  0.8000E+01
 -21.496  0.0000E+00  0.8000E+01
 -21.491  0.0000E+00  0.8000E+01
 -21.486  0.0000E+00  0.8000E+01
 -21.481  0.0000E+00  0.8000E+01
 -21.476  0.0000E+00  0.8000E+01
 -21.471  0.0000E+00  0.8000E+01
 -21.466  0.0000E+00  0.8000E+01
 -21.461  0.0000E+00  0.8000E+01
 -21.456  0.0000E+00  0.8000E+01
 -21.451  0.0000E+00  0.8000E+01
 -21.446  0.0000E+00  0.8000E+01
 -21.441  0.0000E+00  0.8000E+01
 -21.436  0.0000E+00  0.8000E+01
 -21.431  0.0000E+00  0.8000E+01
 -21.426  0.0000E+00  0.8000E+01
 -21.421  0.0000E+00  0.8000E+01
 -21.416  0.0000E+00  0.8000E+01
 -21.411  0.0000E+00  0.8000E+01
 -21.406  0.0000E+00  0.8000E+01
 -21.401  0.0000E+00  0.8000E+01
 -21.396  0.0000E+00  0.8000E+01
 -21.391  0.0000E+00  0.8000E+01
 -21.386  0.0000E+00  0.8000E+01
 -21.381  0.0000E+00  0.8000E+01
 -21.376  0.0000E+00  0.8000E+01
 -21.371  0.0000E+00  0.8000E+01
 -21.366  0.0000E+00  0.8000E+01
 -21.361  0.0000E+00  0.8000E+01
 -21.356  0.0000E+00  0.8000E+01
 -21.351  0.0000E+00  0.8000E+01
 -21.346  0.0000E+00  0.8000E+01
 -21.341  0.0000E+00  0.8000E+01
 -21.336  0.0000E+00  0.8000E+01
 -21.331  0.0000E+00  0.8000E+01
 -21.326  0.0000E+00  0.8000E+01
 -21.321  0.0000E+00  0.8000E+01
 -21.316  0.0000E+00  0.8000E+01
 -21.311  0.0000E+00  0.8000E+01
 -21.306  0.0000E+00  0.8000E+01
 -21.301  0.0000E+00  0.8000E+01
 -21.296  0.0000E+00  0.8000E+01
 -21.291  0.0000E+00  0.8000E+01
 -21.286  0.0000E+00  0.8000E+01
 -21.281  0.0000E+00  0.8000E+01
 -21.276  0.0000E+00  0.8000E+01
 -21.271  0.0000E+00  0.8000E+01
 -21.266  0.0000E+00  0.8000E+01
 -21.261  0.0000E+00  0.8000E+01
 -21.256  0.0000E+00  0.8000E+01
 -21.251  0.0000E+00  0.8000E+01
 -21.246  0.0000E+00  0.8000E+01
 -21.241  0.0000E+00  0.8000E+01
 -21.236  0.0000E+00  0.8000E+01
 -21.231  0.0000E+00  0.8000E+01
 -21.226  0.0000E+00  0.8000E+01
 -21.221  0.0000E+00  0.8000E+01
 -21.216  0.0000E+00  0.8000E+01
 -21.211  0.0000E+00  0.8000E+01
 -21.206  0.0000E+00  0.8000E+01
 -21.201  0.0000E+00  0.8000E+01
 -21.196  0.0000E+00  0.8000E+01
 -21.191  0.0000E+00  0.8000E+01
 -21.186  0.0000E+00  0.8000E+01
 -21.181  0.0000E+00  0.8000E+01
 -21.176  0.0000E+00  0.8000E+01
 -21.171  0.0000E+00  0.8000E+01
 -21.166  0.0000E+00  0.8000E+01
 -21.161  0.0000E+00  0.8000E+01
 -21.156  0.0000E+00  0.8000E+01
 -21.151  0.0000E+00  0.8000E+01
 -21.146  0.0000E+00  0.8000E+01
 -21.141  0.0000E+00  0.8000E+01
 -21.136  0.0000E+00  0.8000E+01
 -21.131  0.0000E+00  0.8000E+01
 -21.126  0.0000E+00  0.8000E+01
 -21.121  0.0000E+00  0.8000E+01
 -21.116  0.0000E+00  0.8000E+01
 -21.111  0.0000E+00  0.8000E+01
 -21.106  0.0000E+00  0.8000E+01
 -21.101  0.0000E+00  0.8000E+01
 -21.096  0.0000E+00  0.8000E+01
 -21.091  0.0000E+00  0.8000E+01
 -21.086  0.0000E+00  0.8000E+01
 -21.081  0.0000E+00  0.8000E+01
 -21.076  0.0000E+00  0.8000E+01
 -21.071  0.0000E+00  0.8000E+01
 -21.066  0.0000E+00  0.8000E+01
 -21.061  0.0000E+00  0.8000E+01
 -21.056  0.0000E+00  0.8000E+01
 -21.051  0.0000E+00  0.8000E+01
 -21.046  0.0000E+00  0.8000E+01
 -21.041  0.0000E+00  0.8000E+01
 -21.036  0.0000E+00  0.8000E+01
 -21.031  0.0000E+00  0.8000E+01
 -21.026  0.0000E+00  0.8000E+01
 -21.021  0.0000E+00  0.8000E+01
 -21.016  0.0000E+00  0.8000E+01
 -21.011  0.0000E+00  0.8000E+01
 -21.006  0.0000E+00  0.8000E+01
 -21.001  0.0000E+00  0.8000E+01
 -20.996  0.0000E+00  0.8000E+01
 -20.991  0.0000E+00  0.8000E+01
 -20.986  0.0000E+00  0.8000E+01
 -20.981  0.0000E+00  0.8000E+01
 -20.976  0.0000E+00  0.8000E+01
 -20.971  0.0000E+00  0.8000E+01
 -20.966  0.0000E+00  0.8000E+01
 -20.961  0.0000E+00  0.8000E+01
 -20.956  0.0000E+00  0.8000E+01
 -20.951  0.0000E+00  0.8000E+01
 -20.946  0.0000E+00  0.8000E+01
 -20.941  0.0000E+00  0.8000E+01
 -20.936  0.0000E+00  0.8000E+01
 -20.931  0.0000E+00  0.8000E+01
 -20.926  0.0000E+00  0.8000E+01
 -20.921  0.0000E+00  0.8000E+01
 -20.916  0.0000E+00  0.8000E+01
 -20.911  0.0000E+00  0.8000E+01
 -20.906  0.0000E+00  0.8000E+01
 -20.901  0.0000E+00  0.8000E+01
 -20.896  0.0000E+00  0.8000E+01
 -20.891  0.0000E+00  0.8000E+01
 -20.886  0.0000E+00  0.8000E+01
 -20.881  0.0000E+00  0.8000E+01
 -20.876  0.0000E+00  0.8000E+01
 -20.871  0.0000E+00  0.8000E+01
 -20.866  0.0000E+00  0.8000E+01
 -20.861  0.0000E+00  0.8000E+01
 -20.856  0.0000E+00  0.8000E+01
 -20.851  0.0000E+00  0.8000E+01
 -20.846  0.0000E+00  0.8000E+01
 -20.841  0.0000E+00  0.8000E+01
 -20.836  0.0000E+00  0.8000E+01
 -20.831  0.0000E+00  0.8000E+01
 -20.826  0.0000E+00  0.8000E+01
 -20.821  0.0000E+00  0.8000E+01
 -20.816  0.0000E+00  0.8000E+01
 -20.811  0.0000E+00  0.8000E+01
 -20.806  0.0000E+00  0.8000E+01
 -20.801  0.0000E+00  0.8000E+01
 -20.796  0.0000E+00  0.8000E+01
 -20.791  0.0000E+00  0.8000E+01
 -20.786  0.0000E+00  0.8000E+01
 -20.781  0.0000E+00  0.8000E+01
 -20.776  0.0000E+00  0.8000E+01
 -20.771  0.0000E+00  0.8000E+01
 -20.766  0.0000E+00  0.8000E+01
 -20.761  0.0000E+00  0.8000E+01
 -20.756  0.0000E+00  0.8000E+01
 -20.751  0.0000E+00  0.8000E+01
 -20.746  0.0000E+00  0.8000E+01
 -20.741  0.0000E+00  0.8000E+01
 -20.736  0.0000E+00  0.8000E+01
 -20.731  0.0000E+00  0.8000E+01
 -20.726  0.0000E+00  0.8000E+01
 -20.721  0.0000E+00  0.8000E+01
 -20.716  0.0000E+00  0.8000E+01
 -20.711  0.0000E+00  0.8000E+01
 -20.706  0.0000E+00  0.8000E+01
 -20.701  0.0000E+00  0.8000E+01
 -20.696  0.0000E+00  0.8000E+01
 -20.691  0.0000E+00  0.8000E+01
 -20.686  0.0000E+00  0.8000E+01
 -20.681  0.0000E+00  0.8000E+01
 -20.676  0.0000E+00  0.8000E+01
 -20.671  0.0000E+00  0.8000E+01
 -20.666  0.0000E+00  0.8000E+01
 -20.661  0.0000E+00  0.8000E+01
 -20.656  0.0000E+00  0.8000E+01
 -20.651  0.0000E+00  0.8000E+01
 -20.646  0.0000E+00  0.8000E+01
 -20.641  0.0000E+00  0.8000E+01
 -20.636  0.0000E+00  0.8000E+01
 -20.631  0.0000E+00  0.8000E+01
 -20.626  0.0000E+00  0.8000E+01
 -20.621  0.0000E+00  0.8000E+01
 -20.616  0.0000E+00  0.8000E+01
 -20.611  0.0000E+00  0.8000E+01
 -20.606  0.0000E+00  0.8000E+01
 -20.601  0.0000E+00  0.8000E+01
 -20.596  0.0000E+00  0.8000E+01
 -20.591  0.0000E+00  0.8000E+01
 -20.586  0.0000E+00  0.8000E+01
 -20.581  0.0000E+00  0.8000E+01
 -20.576  0.0000E+00  0.8000E+01
 -20.571  0.0000E+00  0.8000E+01
 -20.566  0.0000E+00  0.8000E+01
 -20.561  0.0000E+00  0.8000E+01
 -20.556  0.0000E+00  0.8000E+01
 -20.551  0.0000E+00  0.8000E+01
 -20.546  0.0000E+00  0.8000E+01
 -20.541  0.0000E+00  0.8000E+01
 -20.536  0.0000E+00  0.8000E+01
 -20.531  0.0000E+00  0.8000E+01
 -20.526  0.0000E+00  0.8000E+01
 -20.521  0.0000E+00  0.8000E+01
 -20.516  0.0000E+00  0.8000E+01
 -20.511  0.0000E+00  0.8000E+01
 -20.506  0.0000E+00  0.8000E+01
 -20.501  0.0000E+00  0.8000E+01
 -20.496  0.0000E+00  0.8000E+01
 -20.491  0.0000E+00  0.8000E+01
 -20.486  0.0000E+00  0.8000E+01
 -20.481  0.0000E+00  0.8000E+01
 -20.476  0.0000E+00  0.8000E+01
 -20.471  0.0000E+00  0.8000E+01
 -20.466  0.0000E+00  0.8000E+01
 -20.461  0.0000E+00  0.8000E+01
 -20.456  0.0000E+00  0.8000E+01
 -20.451  0.0000E+00  0.8000E+01
 -20.446  0.0000E+00  0.8000E+01
 -20.441  0.0000E+00  0.8000E+01
 -20.436  0.0000E+00  0.8000E+01
 -20.431  0.0000E+00  0.8000E+01
 -20.426  0.0000E+00  0.8000E+01
 -20.421  0.0000E+00  0.8000E+01
 -20.416  0.0000E+00  0.8000E+01
 -20.411  0.0000E+00  0.8000E+01
 -20.406  0.0000E+00  0.8000E+01
 -20.401  0.0000E+00  0.8000E+01
 -20.396  0.0000E+00  0.8000E+01
 -20.391  0.0000E+00  0.8000E+01
 -20.386  0.0000E+00  0.8000E+01
 -20.381  0.0000E+00  0.8000E+01
 -20.376  0.0000E+00  0.8000E+01
 -20.371  0.0000E+00  0.8000E+01
 -20.366  0.0000E+00  0.8000E+01
 -20.361  0.0000E+00  0.8000E+01
 -20.356  0.0000E+00  0.8000E+01
 -20.351  0.0000E+00  0.8000E+01
 -20.346  0.0000E+00  0.8000E+01
 -20.341  0.0000E+00  0.8000E+01
 -20.336  0.0000E+00  0.8000E+01
 -20.331  0.0000E+00  0.8000E+01
 -20.326  0.0000E+00  0.8000E+01
 -20.321  0.0000E+00  0.8000E+01
 -20.316  0.0000E+00  0.8000E+01
 -20.311  0.0000E+00  0.8000E+01
 -20.306  0.0000E+00  0.8000E+01
 -20.301  0.0000E+00  0.8000E+01
 -20.296  0.0000E+00  0.8000E+01
 -20.291  0.0000E+00  0.8000E+01
 -20.286  0.0000E+00  0.8000E+01
 -20.281  0.0000E+00  0.8000E+01
 -20.276  0.0000E+00  0.8000E+01
 -20.271  0.0000E+00  0.8000E+01
 -20.266  0.0000E+00  0.8000E+01
 -20.261  0.0000E+00  0.8000E+01
 -20.256  0.0000E+00  0.8000E+01
 -20.251  0.0000E+00  0.8000E+01
 -20.246  0.0000E+00  0.8000E+01
 -20.241  0.0000E+00  0.8000E+01
 -20.236  0.0000E+00  0.8000E+01
 -20.231  0.0000E+00  0.8000E+01
 -20.226  0.0000E+00  0.8000E+01
 -20.221  0.0000E+00  0.8000E+01
 -20.216  0.0000E+00  0.8000E+01
 -20.211  0.0000E+00  0.8000E+01
 -20.206  0.0000E+00  0.8000E+01
 -20.201  0.0000E+00  0.8000E+01
 -20.196  0.0000E+00  0.8000E+01
 -20.191  0.0000E+00  0.8000E+01
 -20.186  0.0000E+00  0.8000E+01
 -20.181  0.0000E+00  0.8000E+01
 -20.176  0.0000E+00  0.8000E+01
 -20.171  0.0000E+00  0.8000E+01
 -20.166  0.0000E+00  0.8000E+01
 -20.161  0.0000E+00  0.8000E+01
 -20.156  0.0000E+00  0.8000E+01
 -20.151  0.0000E+00  0.8000E+01
 -20.146  0.0000E+00  0.8000E+01
 -20.141  0.0000E+00  0.8000E+01
 -20.136  0.0000E+00  0.8000E+01
 -20.131  0.0000E+00  0.8000E+01
 -20.126  0.0000E+00  0.8000E+01
 -20.121  0.0000E+00  0.8000E+01
 -20.116  0.0000E+00  0.8000E+01
 -20.111  0.0000E+00  0.8000E+01
 -20.106  0.0000E+00  0.8000E+01
 -20.101  0.0000E+00  0.8000E+01
 -20.096  0.0000E+00  0.8000E+01
 -20.091  0.0000E+00  0.8000E+01
 -20.086  0.0000E+00  0.8000E+01
 -20.081  0.0000E+00  0.8000E+01
 -20.076  0.0000E+00  0.8000E+01
 -20.071  0.0000E+00  0.8000E+01
 -20.066  0.0000E+00  0.8000E+01
 -20.061  0.0000E+00  0.8000E+01
 -20.056  0.0000E+00  0.8000E+01
 -20.051  0.0000E+00  0.8000E+01
 -20.046  0.0000E+00  0.8000E+01
 -20.041  0.0000E+00  0.8000E+01
 -20.036  0.0000E+00  0.8000E+01
 -20.031  0.0000E+00  0.8000E+01
 -20.026  0.0000E+00  0.8000E+01
 -20.021  0.0000E+00  0.8000E+01
 -20.016  0.0000E+00  0.8000E+01
 -20.011  0.0000E+00  0.8000E+01
 -20.006  0.0000E+00  0.8000E+01
 -20.001  0.0000E+00  0.8000E+01
 -19.996  0.0000E+00  0.8000E+01
 -19.991  0.0000E+00  0.8000E+01
 -19.986  0.0000E+00  0.8000E+01
 -19.981  0.0000E+00  0.8000E+01
 -19.976  0.0000E+00  0.8000E+01
 -19.971  0.0000E+00  0.8000E+01
 -19.966  0.0000E+00  0.8000E+01
 -19.961  0.0000E+00  0.8000E+01
 -19.956  0.0000E+00  0.8000E+01
 -19.951  0.0000E+00  0.8000E+01
 -19.946  0.0000E+00  0.8000E+01
 -19.941  0.0000E+00  0.8000E+01
 -19.936  0.0000E+00  0.8000E+01
 -19.931  0.0000E+00  0.8000E+01
 -19.926  0.0000E+00  0.8000E+01
 -19.921  0.0000E+00  0.8000E+01
 -19.916  0.0000E+00  0.8000E+01
 -19.911  0.0000E+00  0.8000E+01
 -19.906  0.0000E+00  0.8000E+01
 -19.901  0.0000E+00  0.8000E+01
 -19.896  0.0000E+00  0.8000E+01
 -19.891  0.0000E+00  0.8000E+01
 -19.886  0.0000E+00  0.8000E+01
 -19.881  0.0000E+00  0.8000E+01
 -19.876  0.0000E+00  0.8000E+01
 -19.871  0.0000E+00  0.8000E+01
 -19.866  0.0000E+00  0.8000E+01
 -19.861  0.0000E+00  0.8000E+01
 -19.856  0.0000E+00  0.8000E+01
 -19.851  0.0000E+00  0.8000E+01
 -19.846  0.0000E+00  0.8000E+01
 -19.841  0.0000E+00  0.8000E+01
 -19.836  0.0000E+00  0.8000E+01
 -19.831  0.0000E+00  0.8000E+01
 -19.826  0.0000E+00  0.8000E+01
 -19.821  0.0000E+00  0.8000E+01
 -19.816  0.0000E+00  0.8000E+01
 -19.811  0.0000E+00  0.8000E+01
 -19.806  0.0000E+00  0.8000E+01
 -19.801  0.0000E+00  0.8000E+01
 -19.796  0.0000E+00  0.8000E+01
 -19.791  0.0000E+00  0.8000E+01
 -19.786  0.0000E+00  0.8000E+01
 -19.781  0.0000E+00  0.8000E+01
 -19.776  0.0000E+00  0.8000E+01
 -19.771  0.0000E+00  0.8000E+01
 -19.766  0.0000E+00  0.8000E+01
 -19.761  0.0000E+00  0.8000E+01
 -19.756  0.0000E+00  0.8000E+01
 -19.751  0.0000E+00  0.8000E+01
 -19.746  0.0000E+00  0.8000E+01
 -19.741  0.0000E+00  0.8000E+01
 -19.736  0.0000E+00  0.8000E+01
 -19.731  0.0000E+00  0.8000E+01
 -19.726  0.0000E+00  0.8000E+01
 -19.721  0.0000E+00  0.8000E+01
 -19.716  0.0000E+00  0.8000E+01
 -19.711  0.0000E+00  0.8000E+01
 -19.706  0.0000E+00  0.8000E+01
 -19.701  0.0000E+00  0.8000E+01
 -19.696  0.0000E+00  0.8000E+01
 -19.691  0.0000E+00  0.8000E+01
 -19.686  0.0000E+00  0.8000E+01
 -19.681  0.0000E+00  0.8000E+01
 -19.676  0.0000E+00  0.8000E+01
 -19.671  0.0000E+00  0.8000E+01
 -19.666  0.0000E+00  0.8000E+01
 -19.661  0.0000E+00  0.8000E+01
 -19.656  0.0000E+00  0.8000E+01
 -19.651  0.0000E+00  0.8000E+01
 -19.646  0.0000E+00  0.8000E+01
 -19.641  0.0000E+00  0.8000E+01
 -19.636  0.0000E+00  0.8000E+01
 -19.631  0.0000E+00  0.8000E+01
 -19.626  0.0000E+00  0.8000E+01
 -19.621  0.0000E+00  0.8000E+01
 -19.616  0.0000E+00  0.8000E+01
 -19.611  0.0000E+00  0.8000E+01
 -19.606  0.0000E+00  0.8000E+01
 -19.601  0.0000E+00  0.8000E+01
 -19.596  0.0000E+00  0.8000E+01
 -19.591  0.0000E+00  0.8000E+01
 -19.586  0.0000E+00  0.8000E+01
 -19.581  0.0000E+00  0.8000E+01
 -19.576  0.0000E+00  0.8000E+01
 -19.571  0.0000E+00  0.8000E+01
 -19.566  0.0000E+00  0.8000E+01
 -19.561  0.0000E+00  0.8000E+01
 -19.556  0.0000E+00  0.8000E+01
 -19.551  0.0000E+00  0.8000E+01
 -19.546  0.0000E+00  0.8000E+01
 -19.541  0.0000E+00  0.8000E+01
 -19.536  0.0000E+00  0.8000E+01
 -19.531  0.0000E+00  0.8000E+01
 -19.526  0.0000E+00  0.8000E+01
 -19.521  0.0000E+00  0.8000E+01
 -19.516  0.0000E+00  0.8000E+01
 -19.511  0.0000E+00  0.8000E+01
 -19.506  0.0000E+00  0.8000E+01
 -19.501  0.0000E+00  0.8000E+01
 -19.496  0.0000E+00  0.8000E+01
 -19.491  0.0000E+00  0.8000E+01
 -19.486  0.0000E+00  0.8000E+01
 -19.481  0.0000E+00  0.8000E+01
 -19.476  0.0000E+00  0.8000E+01
 -19.471  0.0000E+00  0.8000E+01
 -19.466  0.0000E+00  0.8000E+01
 -19.461  0.0000E+00  0.8000E+01
 -19.456  0.0000E+00  0.8000E+01
 -19.451  0.0000E+00  0.8000E+01
 -19.446  0.0000E+00  0.8000E+01
 -19.441  0.0000E+00  0.8000E+01
 -19.436  0.0000E+00  0.8000E+01
 -19.431  0.0000E+00  0.8000E+01
 -19.426  0.0000E+00  0.8000E+01
 -19.421  0.0000E+00  0.8000E+01
 -19.416  0.0000E+00  0.8000E+01
 -19.411  0.0000E+00  0.8000E+01
 -19.406  0.0000E+00  0.8000E+01
 -19.401  0.0000E+00  0.8000E+01
 -19.396  0.0000E+00  0.8000E+01
 -19.391  0.0000E+00  0.8000E+01
 -19.386  0.0000E+00  0.8000E+01
 -19.381  0.0000E+00  0.8000E+01
 -19.376  0.0000E+00  0.8000E+01
 -19.371  0.0000E+00  0.8000E+01
 -19.366  0.0000E+00  0.8000E+01
 -19.361  0.0000E+00  0.8000E+01
 -19.356  0.0000E+00  0.8000E+01
 -19.351  0.0000E+00  0.8000E+01
 -19.346  0.0000E+00  0.8000E+01
 -19.341  0.0000E+00  0.8000E+01
 -19.336  0.0000E+00  0.8000E+01
 -19.331  0.0000E+00  0.8000E+01
 -19.326  0.0000E+00  0.8000E+01
 -19.321  0.0000E+00  0.8000E+01
 -19.316  0.0000E+00  0.8000E+01
 -19.311  0.0000E+00  0.8000E+01
 -19.306  0.0000E+00  0.8000E+01
 -19.301  0.0000E+00  0.8000E+01
 -19.296  0.0000E+00  0.8000E+01
 -19.291  0.0000E+00  0.8000E+01
 -19.286  0.0000E+00  0.8000E+01
 -19.281  0.0000E+00  0.8000E+01
 -19.276  0.0000E+00  0.8000E+01
 -19.271  0.0000E+00  0.8000E+01
 -19.266  0.0000E+00  0.8000E+01
 -19.261  0.0000E+00  0.8000E+01
 -19.256  0.0000E+00  0.8000E+01
 -19.251  0.0000E+00  0.8000E+01
 -19.246  0.0000E+00  0.8000E+01
 -19.241  0.0000E+00  0.8000E+01
 -19.236  0.0000E+00  0.8000E+01
 -19.231  0.0000E+00  0.8000E+01
 -19.226  0.0000E+00  0.8000E+01
 -19.221  0.0000E+00  0.8000E+01
 -19.216  0.0000E+00  0.8000E+01
 -19.211  0.0000E+00  0.8000E+01
 -19.206  0.0000E+00  0.8000E+01
 -19.201  0.0000E+00  0.8000E+01
 -19.196  0.0000E+00  0.8000E+01
 -19.191  0.0000E+00  0.8000E+01
 -19.186  0.0000E+00  0.8000E+01
 -19.181  0.0000E+00  0.8000E+01
 -19.176  0.0000E+00  0.8000E+01
 -19.171  0.0000E+00  0.8000E+01
 -19.166  0.0000E+00  0.8000E+01
 -19.161  0.0000E+00  0.8000E+01
 -19.156  0.0000E+00  0.8000E+01
 -19.151  0.0000E+00  0.8000E+01
 -19.146  0.0000E+00  0.8000E+01
 -19.141  0.0000E+00  0.8000E+01
 -19.136  0.0000E+00  0.8000E+01
 -19.131  0.0000E+00  0.8000E+01
 -19.126  0.0000E+00  0.8000E+01
 -19.121  0.0000E+00  0.8000E+01
 -19.116  0.0000E+00  0.8000E+01
 -19.111  0.0000E+00  0.8000E+01
 -19.106  0.0000E+00  0.8000E+01
 -19.101  0.0000E+00  0.8000E+01
 -19.096  0.0000E+00  0.8000E+01
 -19.091  0.0000E+00  0.8000E+01
 -19.086  0.0000E+00  0.8000E+01
 -19.081  0.0000E+00  0.8000E+01
 -19.076  0.0000E+00  0.8000E+01
 -19.071  0.0000E+00  0.8000E+01
 -19.066  0.0000E+00  0.8000E+01
 -19.061  0.0000E+00  0.8000E+01
 -19.056  0.0000E+00  0.8000E+01
 -19.051  0.0000E+00  0.8000E+01
 -19.046  0.0000E+00  0.8000E+01
 -19.041  0.0000E+00  0.8000E+01
 -19.036  0.0000E+00  0.8000E+01
 -19.031  0.0000E+00  0.8000E+01
 -19.026  0.0000E+00  0.8000E+01
 -19.021  0.0000E+00  0.8000E+01
 -19.016  0.0000E+00  0.8000E+01
 -19.011  0.0000E+00  0.8000E+01
 -19.006  0.0000E+00  0.8000E+01
 -19.001  0.0000E+00  0.8000E+01
 -18.996  0.0000E+00  0.8000E+01
 -18.991  0.0000E+00  0.8000E+01
 -18.986  0.0000E+00  0.8000E+01
 -18.981  0.0000E+00  0.8000E+01
 -18.976  0.0000E+00  0.8000E+01
 -18.971  0.0000E+00  0.8000E+01
 -18.966  0.0000E+00  0.8000E+01
 -18.961  0.0000E+00  0.8000E+01
 -18.956  0.0000E+00  0.8000E+01
 -18.951  0.0000E+00  0.8000E+01
 -18.946  0.0000E+00  0.8000E+01
 -18.941  0.0000E+00  0.8000E+01
 -18.936  0.0000E+00  0.8000E+01
 -18.931  0.0000E+00  0.8000E+01
 -18.926  0.0000E+00  0.8000E+01
 -18.921  0.0000E+00  0.8000E+01
 -18.916  0.0000E+00  0.8000E+01
 -18.911  0.0000E+00  0.8000E+01
 -18.906  0.0000E+00  0.8000E+01
 -18.901  0.0000E+00  0.8000E+01
 -18.896  0.0000E+00  0.8000E+01
 -18.891  0.0000E+00  0.8000E+01
 -18.886  0.0000E+00  0.8000E+01
 -18.881  0.0000E+00  0.8000E+01
 -18.876  0.0000E+00  0.8000E+01
 -18.871  0.0000E+00  0.8000E+01
 -18.866  0.0000E+00  0.8000E+01
 -18.861  0.0000E+00  0.8000E+01
 -18.856  0.0000E+00  0.8000E+01
 -18.851  0.0000E+00  0.8000E+01
 -18.846  0.0000E+00  0.8000E+01
 -18.841  0.0000E+00  0.8000E+01
 -18.836  0.0000E+00  0.8000E+01
 -18.831  0.0000E+00  0.8000E+01
 -18.826  0.0000E+00  0.8000E+01
 -18.821  0.0000E+00  0.8000E+01
 -18.816  0.0000E+00  0.8000E+01
 -18.811  0.0000E+00  0.8000E+01
 -18.806  0.0000E+00  0.8000E+01
 -18.801  0.0000E+00  0.8000E+01
 -18.796  0.0000E+00  0.8000E+01
 -18.791  0.0000E+00  0.8000E+01
 -18.786  0.0000E+00  0.8000E+01
 -18.781  0.0000E+00  0.8000E+01
 -18.776  0.0000E+00  0.8000E+01
 -18.771  0.0000E+00  0.8000E+01
 -18.766  0.0000E+00  0.8000E+01
 -18.761  0.0000E+00  0.8000E+01
 -18.756  0.0000E+00  0.8000E+01
 -18.751  0.0000E+00  0.8000E+01
 -18.746  0.0000E+00  0.8000E+01
 -18.741  0.0000E+00  0.8000E+01
 -18.736  0.0000E+00  0.8000E+01
 -18.731  0.0000E+00  0.8000E+01
 -18.726  0.0000E+00  0.8000E+01
 -18.721  0.0000E+00  0.8000E+01
 -18.716  0.0000E+00  0.8000E+01
 -18.711  0.0000E+00  0.8000E+01
 -18.706  0.0000E+00  0.8000E+01
 -18.701  0.0000E+00  0.8000E+01
 -18.696  0.0000E+00  0.8000E+01
 -18.691  0.0000E+00  0.8000E+01
 -18.686  0.0000E+00  0.8000E+01
 -18.681  0.0000E+00  0.8000E+01
 -18.676  0.0000E+00  0.8000E+01
 -18.671  0.0000E+00  0.8000E+01
 -18.666  0.0000E+00  0.8000E+01
 -18.661  0.0000E+00  0.8000E+01
 -18.656  0.0000E+00  0.8000E+01
 -18.651  0.0000E+00  0.8000E+01
 -18.646  0.0000E+00  0.8000E+01
 -18.641  0.0000E+00  0.8000E+01
 -18.636  0.0000E+00  0.8000E+01
 -18.631  0.0000E+00  0.8000E+01
 -18.626  0.0000E+00  0.8000E+01
 -18.621  0.0000E+00  0.8000E+01
 -18.616  0.0000E+00  0.8000E+01
 -18.611  0.0000E+00  0.8000E+01
 -18.606  0.0000E+00  0.8000E+01
 -18.601  0.0000E+00  0.8000E+01
 -18.596  0.0000E+00  0.8000E+01
 -18.591  0.0000E+00  0.8000E+01
 -18.586  0.0000E+00  0.8000E+01
 -18.581  0.0000E+00  0.8000E+01
 -18.576  0.0000E+00  0.8000E+01
 -18.571  0.0000E+00  0.8000E+01
 -18.566  0.0000E+00  0.8000E+01
 -18.561  0.0000E+00  0.8000E+01
 -18.556  0.0000E+00  0.8000E+01
 -18.551  0.0000E+00  0.8000E+01
 -18.546  0.0000E+00  0.8000E+01
 -18.541  0.0000E+00  0.8000E+01
 -18.536  0.0000E+00  0.8000E+01
 -18.531  0.0000E+00  0.8000E+01
 -18.526  0.0000E+00  0.8000E+01
 -18.521  0.0000E+00  0.8000E+01
 -18.516  0.0000E+00  0.8000E+01
 -18.511  0.0000E+00  0.8000E+01
 -18.506  0.0000E+00  0.8000E+01
 -18.501  0.0000E+00  0.8000E+01
 -18.496  0.0000E+00  0.8000E+01
 -18.491  0.0000E+00  0.8000E+01
 -18.486  0.0000E+00  0.8000E+01
 -18.481  0.0000E+00  0.8000E+01
 -18.476  0.0000E+00  0.8000E+01
 -18.471  0.0000E+00  0.8000E+01
 -18.466  0.0000E+00  0.8000E+01
 -18.461  0.0000E+00  0.8000E+01
 -18.456  0.0000E+00  0.8000E+01
 -18.451  0.0000E+00  0.8000E+01
 -18.446  0.0000E+00  0.8000E+01
 -18.441  0.0000E+00  0.8000E+01
 -18.436  0.0000E+00  0.8000E+01
 -18.431  0.0000E+00  0.8000E+01
 -18.426  0.0000E+00  0.8000E+01
 -18.421  0.0000E+00  0.8000E+01
 -18.416  0.0000E+00  0.8000E+01
 -18.411  0.0000E+00  0.8000E+01
 -18.406  0.0000E+00  0.8000E+01
 -18.401  0.0000E+00  0.8000E+01
 -18.396  0.0000E+00  0.8000E+01
 -18.391  0.0000E+00  0.8000E+01
 -18.386  0.0000E+00  0.8000E+01
 -18.381  0.0000E+00  0.8000E+01
 -18.376  0.0000E+00  0.8000E+01
 -18.371  0.0000E+00  0.8000E+01
 -18.366  0.0000E+00  0.8000E+01
 -18.361  0.0000E+00  0.8000E+01
 -18.356  0.0000E+00  0.8000E+01
 -18.351  0.0000E+00  0.8000E+01
 -18.346  0.0000E+00  0.8000E+01
 -18.341  0.0000E+00  0.8000E+01
 -18.336  0.0000E+00  0.8000E+01
 -18.331  0.0000E+00  0.8000E+01
 -18.326  0.0000E+00  0.8000E+01
 -18.321  0.0000E+00  0.8000E+01
 -18.316  0.0000E+00  0.8000E+01
 -18.311  0.0000E+00  0.8000E+01
 -18.306  0.0000E+00  0.8000E+01
 -18.301  0.0000E+00  0.8000E+01
 -18.296  0.0000E+00  0.8000E+01
 -18.291  0.0000E+00  0.8000E+01
 -18.286  0.0000E+00  0.8000E+01
 -18.281  0.0000E+00  0.8000E+01
 -18.276  0.0000E+00  0.8000E+01
 -18.271  0.0000E+00  0.8000E+01
 -18.266  0.0000E+00  0.8000E+01
 -18.261  0.0000E+00  0.8000E+01
 -18.256  0.0000E+00  0.8000E+01
 -18.251  0.0000E+00  0.8000E+01
 -18.246  0.0000E+00  0.8000E+01
 -18.241  0.0000E+00  0.8000E+01
 -18.236  0.0000E+00  0.8000E+01
 -18.231  0.0000E+00  0.8000E+01
 -18.226  0.0000E+00  0.8000E+01
 -18.221  0.0000E+00  0.8000E+01
 -18.216  0.0000E+00  0.8000E+01
 -18.211  0.0000E+00  0.8000E+01
 -18.206  0.0000E+00  0.8000E+01
 -18.201  0.0000E+00  0.8000E+01
 -18.196  0.0000E+00  0.8000E+01
 -18.191  0.0000E+00  0.8000E+01
 -18.186  0.0000E+00  0.8000E+01
 -18.181  0.0000E+00  0.8000E+01
 -18.176  0.0000E+00  0.8000E+01
 -18.171  0.0000E+00  0.8000E+01
 -18.166  0.0000E+00  0.8000E+01
 -18.161  0.0000E+00  0.8000E+01
 -18.156  0.0000E+00  0.8000E+01
 -18.151  0.0000E+00  0.8000E+01
 -18.146  0.0000E+00  0.8000E+01
 -18.141  0.0000E+00  0.8000E+01
 -18.136  0.0000E+00  0.8000E+01
 -18.131  0.0000E+00  0.8000E+01
 -18.126  0.0000E+00  0.8000E+01
 -18.121  0.0000E+00  0.8000E+01
 -18.116  0.0000E+00  0.8000E+01
 -18.111  0.0000E+00  0.8000E+01
 -18.106  0.0000E+00  0.8000E+01
 -18.101  0.0000E+00  0.8000E+01
 -18.096  0.0000E+00  0.8000E+01
 -18.091  0.0000E+00  0.8000E+01
 -18.086  0.0000E+00  0.8000E+01
 -18.081  0.0000E+00  0.8000E+01
 -18.076  0.0000E+00  0.8000E+01
 -18.071  0.0000E+00  0.8000E+01
 -18.066  0.0000E+00  0.8000E+01
 -18.061  0.0000E+00  0.8000E+01
 -18.056  0.0000E+00  0.8000E+01
 -18.051  0.0000E+00  0.8000E+01
 -18.046  0.0000E+00  0.8000E+01
 -18.041  0.0000E+00  0.8000E+01
 -18.036  0.0000E+00  0.8000E+01
 -18.031  0.0000E+00  0.8000E+01
 -18.026  0.0000E+00  0.8000E+01
 -18.021  0.0000E+00  0.8000E+01
 -18.016  0.0000E+00  0.8000E+01
 -18.011  0.0000E+00  0.8000E+01
 -18.006  0.0000E+00  0.8000E+01
 -18.001  0.0000E+00  0.8000E+01
 -17.996  0.0000E+00  0.8000E+01
 -17.991  0.0000E+00  0.8000E+01
 -17.986  0.0000E+00  0.8000E+01
 -17.981  0.0000E+00  0.8000E+01
 -17.976  0.0000E+00  0.8000E+01
 -17.971  0.0000E+00  0.8000E+01
 -17.966  0.0000E+00  0.8000E+01
 -17.961  0.0000E+00  0.8000E+01
 -17.956  0.0000E+00  0.8000E+01
 -17.951  0.0000E+00  0.8000E+01
 -17.946  0.0000E+00  0.8000E+01
 -17.941  0.0000E+00  0.8000E+01
 -17.936  0.0000E+00  0.8000E+01
 -17.931  0.0000E+00  0.8000E+01
 -17.926  0.0000E+00  0.8000E+01
 -17.921  0.0000E+00  0.8000E+01
 -17.916  0.0000E+00  0.8000E+01
 -17.911  0.0000E+00  0.8000E+01
 -17.906  0.0000E+00  0.8000E+01
 -17.901  0.0000E+00  0.8000E+01
 -17.896  0.0000E+00  0.8000E+01
 -17.891  0.0000E+00  0.8000E+01
 -17.886  0.0000E+00  0.8000E+01
 -17.881  0.0000E+00  0.8000E+01
 -17.876  0.0000E+00  0.8000E+01
 -17.871  0.0000E+00  0.8000E+01
 -17.866  0.0000E+00  0.8000E+01
 -17.861  0.0000E+00  0.8000E+01
 -17.856  0.0000E+00  0.8000E+01
 -17.851  0.0000E+00  0.8000E+01
 -17.846  0.0000E+00  0.8000E+01
 -17.841  0.0000E+00  0.8000E+01
 -17.836  0.0000E+00  0.8000E+01
 -17.831  0.0000E+00  0.8000E+01
 -17.826  0.0000E+00  0.8000E+01
 -17.821  0.0000E+00  0.8000E+01
 -17.816  0.0000E+00  0.8000E+01
 -17.811  0.0000E+00  0.8000E+01
 -17.806  0.0000E+00  0.8000E+01
 -17.801  0.0000E+00  0.8000E+01
 -17.796  0.0000E+00  0.8000E+01
 -17.791  0.0000E+00  0.8000E+01
 -17.786  0.0000E+00  0.8000E+01
 -17.781  0.0000E+00  0.8000E+01
 -17.776  0.0000E+00  0.8000E+01
 -17.771  0.0000E+00  0.8000E+01
 -17.766  0.0000E+00  0.8000E+01
 -17.761  0.0000E+00  0.8000E+01
 -17.756  0.0000E+00  0.8000E+01
 -17.751  0.0000E+00  0.8000E+01
 -17.746  0.0000E+00  0.8000E+01
 -17.741  0.0000E+00  0.8000E+01
 -17.736  0.0000E+00  0.8000E+01
 -17.731  0.0000E+00  0.8000E+01
 -17.726  0.0000E+00  0.8000E+01
 -17.721  0.0000E+00  0.8000E+01
 -17.716  0.0000E+00  0.8000E+01
 -17.711  0.0000E+00  0.8000E+01
 -17.706  0.0000E+00  0.8000E+01
 -17.701  0.0000E+00  0.8000E+01
 -17.696  0.0000E+00  0.8000E+01
 -17.691  0.0000E+00  0.8000E+01
 -17.686  0.0000E+00  0.8000E+01
 -17.681  0.0000E+00  0.8000E+01
 -17.676  0.0000E+00  0.8000E+01
 -17.671  0.0000E+00  0.8000E+01
 -17.666  0.0000E+00  0.8000E+01
 -17.661  0.0000E+00  0.8000E+01
 -17.656  0.0000E+00  0.8000E+01
 -17.651  0.0000E+00  0.8000E+01
 -17.646  0.0000E+00  0.8000E+01
 -17.641  0.0000E+00  0.8000E+01
 -17.636  0.0000E+00  0.8000E+01
 -17.631  0.0000E+00  0.8000E+01
 -17.626  0.0000E+00  0.8000E+01
 -17.621  0.0000E+00  0.8000E+01
 -17.616  0.0000E+00  0.8000E+01
 -17.611  0.0000E+00  0.8000E+01
 -17.606  0.0000E+00  0.8000E+01
 -17.601  0.0000E+00  0.8000E+01
 -17.596  0.0000E+00  0.8000E+01
 -17.591  0.0000E+00  0.8000E+01
 -17.586  0.0000E+00  0.8000E+01
 -17.581  0.0000E+00  0.8000E+01
 -17.576  0.0000E+00  0.8000E+01
 -17.571  0.0000E+00  0.8000E+01
 -17.566  0.0000E+00  0.8000E+01
 -17.561  0.0000E+00  0.8000E+01
 -17.556  0.0000E+00  0.8000E+01
 -17.551  0.0000E+00  0.8000E+01
 -17.546  0.0000E+00  0.8000E+01
 -17.541  0.0000E+00  0.8000E+01
 -17.536  0.0000E+00  0.8000E+01
 -17.531  0.0000E+00  0.8000E+01
 -17.526  0.0000E+00  0.8000E+01
 -17.521  0.0000E+00  0.8000E+01
 -17.516  0.0000E+00  0.8000E+01
 -17.511  0.0000E+00  0.8000E+01
 -17.506  0.0000E+00  0.8000E+01
 -17.501  0.0000E+00  0.8000E+01
 -17.496  0.0000E+00  0.8000E+01
 -17.491  0.0000E+00  0.8000E+01
 -17.486  0.0000E+00  0.8000E+01
 -17.481  0.0000E+00  0.8000E+01
 -17.476  0.0000E+00  0.8000E+01
 -17.471  0.0000E+00  0.8000E+01
 -17.466  0.0000E+00  0.8000E+01
 -17.461  0.0000E+00  0.8000E+01
 -17.456  0.0000E+00  0.8000E+01
 -17.451  0.0000E+00  0.8000E+01
 -17.446  0.0000E+00  0.8000E+01
 -17.441  0.0000E+00  0.8000E+01
 -17.436  0.0000E+00  0.8000E+01
 -17.431  0.0000E+00  0.8000E+01
 -17.426  0.0000E+00  0.8000E+01
 -17.421  0.0000E+00  0.8000E+01
 -17.416  0.0000E+00  0.8000E+01
 -17.411  0.0000E+00  0.8000E+01
 -17.406  0.0000E+00  0.8000E+01
 -17.401  0.0000E+00  0.8000E+01
 -17.396  0.0000E+00  0.8000E+01
 -17.391  0.0000E+00  0.8000E+01
 -17.386  0.0000E+00  0.8000E+01
 -17.381  0.0000E+00  0.8000E+01
 -17.376  0.0000E+00  0.8000E+01
 -17.371  0.0000E+00  0.8000E+01
 -17.366  0.0000E+00  0.8000E+01
 -17.361  0.0000E+00  0.8000E+01
 -17.356  0.0000E+00  0.8000E+01
 -17.351  0.0000E+00  0.8000E+01
 -17.346  0.0000E+00  0.8000E+01
 -17.341  0.0000E+00  0.8000E+01
 -17.336  0.0000E+00  0.8000E+01
 -17.331  0.0000E+00  0.8000E+01
 -17.326  0.0000E+00  0.8000E+01
 -17.321  0.0000E+00  0.8000E+01
 -17.316  0.0000E+00  0.8000E+01
 -17.311  0.0000E+00  0.8000E+01
 -17.306  0.0000E+00  0.8000E+01
 -17.301  0.0000E+00  0.8000E+01
 -17.296  0.0000E+00  0.8000E+01
 -17.291  0.0000E+00  0.8000E+01
 -17.286  0.0000E+00  0.8000E+01
 -17.281  0.0000E+00  0.8000E+01
 -17.276  0.0000E+00  0.8000E+01
 -17.271  0.0000E+00  0.8000E+01
 -17.266  0.0000E+00  0.8000E+01
 -17.261  0.0000E+00  0.8000E+01
 -17.256  0.0000E+00  0.8000E+01
 -17.251  0.0000E+00  0.8000E+01
 -17.246  0.0000E+00  0.8000E+01
 -17.241  0.0000E+00  0.8000E+01
 -17.236  0.0000E+00  0.8000E+01
 -17.231  0.0000E+00  0.8000E+01
 -17.226  0.0000E+00  0.8000E+01
 -17.221  0.0000E+00  0.8000E+01
 -17.216  0.0000E+00  0.8000E+01
 -17.211  0.0000E+00  0.8000E+01
 -17.206  0.0000E+00  0.8000E+01
 -17.201  0.0000E+00  0.8000E+01
 -17.196  0.0000E+00  0.8000E+01
 -17.191  0.0000E+00  0.8000E+01
 -17.186  0.0000E+00  0.8000E+01
 -17.181  0.0000E+00  0.8000E+01
 -17.176  0.0000E+00  0.8000E+01
 -17.171  0.0000E+00  0.8000E+01
 -17.166  0.0000E+00  0.8000E+01
 -17.161  0.0000E+00  0.8000E+01
 -17.156  0.0000E+00  0.8000E+01
 -17.151  0.0000E+00  0.8000E+01
 -17.146  0.0000E+00  0.8000E+01
 -17.141  0.0000E+00  0.8000E+01
 -17.136  0.0000E+00  0.8000E+01
 -17.131  0.0000E+00  0.8000E+01
 -17.126  0.0000E+00  0.8000E+01
 -17.121  0.0000E+00  0.8000E+01
 -17.116  0.0000E+00  0.8000E+01
 -17.111  0.0000E+00  0.8000E+01
 -17.106  0.0000E+00  0.8000E+01
 -17.101  0.0000E+00  0.8000E+01
 -17.096  0.0000E+00  0.8000E+01
 -17.091  0.0000E+00  0.8000E+01
 -17.086  0.0000E+00  0.8000E+01
 -17.081  0.0000E+00  0.8000E+01
 -17.076  0.0000E+00  0.8000E+01
 -17.071  0.0000E+00  0.8000E+01
 -17.066  0.0000E+00  0.8000E+01
 -17.061  0.0000E+00  0.8000E+01
 -17.056  0.0000E+00  0.8000E+01
 -17.051  0.0000E+00  0.8000E+01
 -17.046  0.0000E+00  0.8000E+01
 -17.041  0.0000E+00  0.8000E+01
 -17.036  0.0000E+00  0.8000E+01
 -17.031  0.0000E+00  0.8000E+01
 -17.026  0.0000E+00  0.8000E+01
 -17.021  0.0000E+00  0.8000E+01
 -17.016  0.0000E+00  0.8000E+01
 -17.011  0.0000E+00  0.8000E+01
 -17.006  0.0000E+00  0.8000E+01
 -17.001  0.0000E+00  0.8000E+01
 -16.996  0.0000E+00  0.8000E+01
 -16.991  0.0000E+00  0.8000E+01
 -16.986  0.0000E+00  0.8000E+01
 -16.981  0.0000E+00  0.8000E+01
 -16.976  0.0000E+00  0.8000E+01
 -16.971  0.0000E+00  0.8000E+01
 -16.966  0.0000E+00  0.8000E+01
 -16.961  0.0000E+00  0.8000E+01
 -16.956  0.0000E+00  0.8000E+01
 -16.951  0.0000E+00  0.8000E+01
 -16.946  0.0000E+00  0.8000E+01
 -16.941  0.0000E+00  0.8000E+01
 -16.936  0.0000E+00  0.8000E+01
 -16.931  0.0000E+00  0.8000E+01
 -16.926  0.0000E+00  0.8000E+01
 -16.921  0.0000E+00  0.8000E+01
 -16.916  0.0000E+00  0.8000E+01
 -16.911  0.0000E+00  0.8000E+01
 -16.906  0.0000E+00  0.8000E+01
 -16.901  0.0000E+00  0.8000E+01
 -16.896  0.0000E+00  0.8000E+01
 -16.891  0.0000E+00  0.8000E+01
 -16.886  0.0000E+00  0.8000E+01
 -16.881  0.0000E+00  0.8000E+01
 -16.876  0.0000E+00  0.8000E+01
 -16.871  0.0000E+00  0.8000E+01
 -16.866  0.0000E+00  0.8000E+01
 -16.861  0.0000E+00  0.8000E+01
 -16.856  0.0000E+00  0.8000E+01
 -16.851  0.0000E+00  0.8000E+01
 -16.846  0.0000E+00  0.8000E+01
 -16.841  0.0000E+00  0.8000E+01
 -16.836  0.0000E+00  0.8000E+01
 -16.831  0.0000E+00  0.8000E+01
 -16.826  0.0000E+00  0.8000E+01
 -16.821  0.0000E+00  0.8000E+01
 -16.816  0.0000E+00  0.8000E+01
 -16.811  0.0000E+00  0.8000E+01
 -16.806  0.0000E+00  0.8000E+01
 -16.801  0.0000E+00  0.8000E+01
 -16.796  0.0000E+00  0.8000E+01
 -16.791  0.0000E+00  0.8000E+01
 -16.786  0.0000E+00  0.8000E+01
 -16.781  0.0000E+00  0.8000E+01
 -16.776  0.0000E+00  0.8000E+01
 -16.771  0.0000E+00  0.8000E+01
 -16.766  0.0000E+00  0.8000E+01
 -16.761  0.0000E+00  0.8000E+01
 -16.756  0.0000E+00  0.8000E+01
 -16.751  0.0000E+00  0.8000E+01
 -16.746  0.0000E+00  0.8000E+01
 -16.741  0.0000E+00  0.8000E+01
 -16.736  0.0000E+00  0.8000E+01
 -16.731  0.0000E+00  0.8000E+01
 -16.726  0.0000E+00  0.8000E+01
 -16.721  0.0000E+00  0.8000E+01
 -16.716  0.0000E+00  0.8000E+01
 -16.711  0.0000E+00  0.8000E+01
 -16.706  0.0000E+00  0.8000E+01
 -16.701  0.0000E+00  0.8000E+01
 -16.696  0.0000E+00  0.8000E+01
 -16.691  0.0000E+00  0.8000E+01
 -16.686  0.0000E+00  0.8000E+01
 -16.681  0.0000E+00  0.8000E+01
 -16.676  0.0000E+00  0.8000E+01
 -16.671  0.0000E+00  0.8000E+01
 -16.666  0.0000E+00  0.8000E+01
 -16.661  0.0000E+00  0.8000E+01
 -16.656  0.0000E+00  0.8000E+01
 -16.651  0.0000E+00  0.8000E+01
 -16.646  0.0000E+00  0.8000E+01
 -16.641  0.0000E+00  0.8000E+01
 -16.636  0.0000E+00  0.8000E+01
 -16.631  0.0000E+00  0.8000E+01
 -16.626  0.0000E+00  0.8000E+01
 -16.621  0.0000E+00  0.8000E+01
 -16.616  0.0000E+00  0.8000E+01
 -16.611  0.0000E+00  0.8000E+01
 -16.606  0.0000E+00  0.8000E+01
 -16.601  0.0000E+00  0.8000E+01
 -16.596  0.0000E+00  0.8000E+01
 -16.591  0.0000E+00  0.8000E+01
 -16.586  0.0000E+00  0.8000E+01
 -16.581  0.0000E+00  0.8000E+01
 -16.576  0.0000E+00  0.8000E+01
 -16.571  0.0000E+00  0.8000E+01
 -16.566  0.0000E+00  0.8000E+01
 -16.561  0.0000E+00  0.8000E+01
 -16.556  0.0000E+00  0.8000E+01
 -16.551  0.0000E+00  0.8000E+01
 -16.546  0.0000E+00  0.8000E+01
 -16.541  0.0000E+00  0.8000E+01
 -16.536  0.0000E+00  0.8000E+01
 -16.531  0.0000E+00  0.8000E+01
 -16.526  0.0000E+00  0.8000E+01
 -16.521  0.0000E+00  0.8000E+01
 -16.516  0.0000E+00  0.8000E+01
 -16.511  0.0000E+00  0.8000E+01
 -16.506  0.0000E+00  0.8000E+01
 -16.501  0.0000E+00  0.8000E+01
 -16.496  0.0000E+00  0.8000E+01
 -16.491  0.0000E+00  0.8000E+01
 -16.486  0.0000E+00  0.8000E+01
 -16.481  0.0000E+00  0.8000E+01
 -16.476  0.0000E+00  0.8000E+01
 -16.471  0.0000E+00  0.8000E+01
 -16.466  0.0000E+00  0.8000E+01
 -16.461  0.0000E+00  0.8000E+01
 -16.456  0.0000E+00  0.8000E+01
 -16.451  0.0000E+00  0.8000E+01
 -16.446  0.0000E+00  0.8000E+01
 -16.441  0.0000E+00  0.8000E+01
 -16.436  0.0000E+00  0.8000E+01
 -16.431  0.0000E+00  0.8000E+01
 -16.426  0.0000E+00  0.8000E+01
 -16.421  0.0000E+00  0.8000E+01
 -16.416  0.0000E+00  0.8000E+01
 -16.411  0.0000E+00  0.8000E+01
 -16.406  0.0000E+00  0.8000E+01
 -16.401  0.0000E+00  0.8000E+01
 -16.396  0.0000E+00  0.8000E+01
 -16.391  0.0000E+00  0.8000E+01
 -16.386  0.0000E+00  0.8000E+01
 -16.381  0.0000E+00  0.8000E+01
 -16.376  0.0000E+00  0.8000E+01
 -16.371  0.0000E+00  0.8000E+01
 -16.366  0.0000E+00  0.8000E+01
 -16.361  0.0000E+00  0.8000E+01
 -16.356  0.0000E+00  0.8000E+01
 -16.351  0.0000E+00  0.8000E+01
 -16.346  0.0000E+00  0.8000E+01
 -16.341  0.0000E+00  0.8000E+01
 -16.336  0.0000E+00  0.8000E+01
 -16.331  0.0000E+00  0.8000E+01
 -16.326  0.0000E+00  0.8000E+01
 -16.321  0.0000E+00  0.8000E+01
 -16.316  0.0000E+00  0.8000E+01
 -16.311  0.0000E+00  0.8000E+01
 -16.306  0.0000E+00  0.8000E+01
 -16.301  0.0000E+00  0.8000E+01
 -16.296  0.0000E+00  0.8000E+01
 -16.291  0.0000E+00  0.8000E+01
 -16.286  0.0000E+00  0.8000E+01
 -16.281  0.0000E+00  0.8000E+01
 -16.276  0.0000E+00  0.8000E+01
 -16.271  0.0000E+00  0.8000E+01
 -16.266  0.0000E+00  0.8000E+01
 -16.261  0.0000E+00  0.8000E+01
 -16.256  0.0000E+00  0.8000E+01
 -16.251  0.0000E+00  0.8000E+01
 -16.246  0.0000E+00  0.8000E+01
 -16.241  0.0000E+00  0.8000E+01
 -16.236  0.0000E+00  0.8000E+01
 -16.231  0.0000E+00  0.8000E+01
 -16.226  0.0000E+00  0.8000E+01
 -16.221  0.0000E+00  0.8000E+01
 -16.216  0.0000E+00  0.8000E+01
 -16.211  0.0000E+00  0.8000E+01
 -16.206  0.0000E+00  0.8000E+01
 -16.201  0.0000E+00  0.8000E+01
 -16.196  0.0000E+00  0.8000E+01
 -16.191  0.0000E+00  0.8000E+01
 -16.186  0.0000E+00  0.8000E+01
 -16.181  0.0000E+00  0.8000E+01
 -16.176  0.0000E+00  0.8000E+01
 -16.171  0.0000E+00  0.8000E+01
 -16.166  0.0000E+00  0.8000E+01
 -16.161  0.0000E+00  0.8000E+01
 -16.156  0.0000E+00  0.8000E+01
 -16.151  0.0000E+00  0.8000E+01
 -16.146  0.0000E+00  0.8000E+01
 -16.141  0.0000E+00  0.8000E+01
 -16.136  0.0000E+00  0.8000E+01
 -16.131  0.0000E+00  0.8000E+01
 -16.126  0.0000E+00  0.8000E+01
 -16.121  0.0000E+00  0.8000E+01
 -16.116  0.0000E+00  0.8000E+01
 -16.111  0.0000E+00  0.8000E+01
 -16.106  0.0000E+00  0.8000E+01
 -16.101  0.0000E+00  0.8000E+01
 -16.096  0.0000E+00  0.8000E+01
 -16.091  0.0000E+00  0.8000E+01
 -16.086  0.0000E+00  0.8000E+01
 -16.081  0.0000E+00  0.8000E+01
 -16.076  0.0000E+00  0.8000E+01
 -16.071  0.0000E+00  0.8000E+01
 -16.066  0.0000E+00  0.8000E+01
 -16.061  0.0000E+00  0.8000E+01
 -16.056  0.0000E+00  0.8000E+01
 -16.051  0.0000E+00  0.8000E+01
 -16.046  0.0000E+00  0.8000E+01
 -16.041  0.0000E+00  0.8000E+01
 -16.036  0.0000E+00  0.8000E+01
 -16.031  0.0000E+00  0.8000E+01
 -16.026  0.0000E+00  0.8000E+01
 -16.021  0.0000E+00  0.8000E+01
 -16.016  0.0000E+00  0.8000E+01
 -16.011  0.0000E+00  0.8000E+01
 -16.006  0.0000E+00  0.8000E+01
 -16.001  0.0000E+00  0.8000E+01
 -15.996  0.0000E+00  0.8000E+01
 -15.991  0.0000E+00  0.8000E+01
 -15.986  0.0000E+00  0.8000E+01
 -15.981  0.0000E+00  0.8000E+01
 -15.976  0.0000E+00  0.8000E+01
 -15.971  0.0000E+00  0.8000E+01
 -15.966  0.0000E+00  0.8000E+01
 -15.961  0.0000E+00  0.8000E+01
 -15.956  0.0000E+00  0.8000E+01
 -15.951  0.0000E+00  0.8000E+01
 -15.946  0.0000E+00  0.8000E+01
 -15.941  0.0000E+00  0.8000E+01
 -15.936  0.0000E+00  0.8000E+01
 -15.931  0.0000E+00  0.8000E+01
 -15.926  0.0000E+00  0.8000E+01
 -15.921  0.0000E+00  0.8000E+01
 -15.916  0.0000E+00  0.8000E+01
 -15.911  0.0000E+00  0.8000E+01
 -15.906  0.0000E+00  0.8000E+01
 -15.901  0.0000E+00  0.8000E+01
 -15.896  0.0000E+00  0.8000E+01
 -15.891  0.0000E+00  0.8000E+01
 -15.886  0.0000E+00  0.8000E+01
 -15.881  0.0000E+00  0.8000E+01
 -15.876  0.0000E+00  0.8000E+01
 -15.871  0.0000E+00  0.8000E+01
 -15.866  0.0000E+00  0.8000E+01
 -15.861  0.0000E+00  0.8000E+01
 -15.856  0.0000E+00  0.8000E+01
 -15.851  0.0000E+00  0.8000E+01
 -15.846  0.0000E+00  0.8000E+01
 -15.841  0.0000E+00  0.8000E+01
 -15.836  0.0000E+00  0.8000E+01
 -15.831  0.0000E+00  0.8000E+01
 -15.826  0.0000E+00  0.8000E+01
 -15.821  0.0000E+00  0.8000E+01
 -15.816  0.0000E+00  0.8000E+01
 -15.811  0.0000E+00  0.8000E+01
 -15.806  0.0000E+00  0.8000E+01
 -15.801  0.0000E+00  0.8000E+01
 -15.796  0.0000E+00  0.8000E+01
 -15.791  0.0000E+00  0.8000E+01
 -15.786  0.0000E+00  0.8000E+01
 -15.781  0.0000E+00  0.8000E+01
 -15.776  0.0000E+00  0.8000E+01
 -15.771  0.0000E+00  0.8000E+01
 -15.766  0.0000E+00  0.8000E+01
 -15.761  0.0000E+00  0.8000E+01
 -15.756  0.0000E+00  0.8000E+01
 -15.751  0.0000E+00  0.8000E+01
 -15.746  0.0000E+00  0.8000E+01
 -15.741  0.0000E+00  0.8000E+01
 -15.736  0.0000E+00  0.8000E+01
 -15.731  0.0000E+00  0.8000E+01
 -15.726  0.0000E+00  0.8000E+01
 -15.721  0.0000E+00  0.8000E+01
 -15.716  0.0000E+00  0.8000E+01
 -15.711  0.0000E+00  0.8000E+01
 -15.706  0.0000E+00  0.8000E+01
 -15.701  0.0000E+00  0.8000E+01
 -15.696  0.0000E+00  0.8000E+01
 -15.691  0.0000E+00  0.8000E+01
 -15.686  0.0000E+00  0.8000E+01
 -15.681  0.0000E+00  0.8000E+01
 -15.676  0.0000E+00  0.8000E+01
 -15.671  0.0000E+00  0.8000E+01
 -15.666  0.0000E+00  0.8000E+01
 -15.661  0.0000E+00  0.8000E+01
 -15.656  0.0000E+00  0.8000E+01
 -15.651  0.0000E+00  0.8000E+01
 -15.646  0.0000E+00  0.8000E+01
 -15.641  0.0000E+00  0.8000E+01
 -15.636  0.0000E+00  0.8000E+01
 -15.631  0.0000E+00  0.8000E+01
 -15.626  0.0000E+00  0.8000E+01
 -15.621  0.0000E+00  0.8000E+01
 -15.616  0.0000E+00  0.8000E+01
 -15.611  0.0000E+00  0.8000E+01
 -15.606  0.0000E+00  0.8000E+01
 -15.601  0.0000E+00  0.8000E+01
 -15.596  0.0000E+00  0.8000E+01
 -15.591  0.0000E+00  0.8000E+01
 -15.586  0.0000E+00  0.8000E+01
 -15.581  0.0000E+00  0.8000E+01
 -15.576  0.0000E+00  0.8000E+01
 -15.571  0.0000E+00  0.8000E+01
 -15.566  0.0000E+00  0.8000E+01
 -15.561  0.0000E+00  0.8000E+01
 -15.556  0.0000E+00  0.8000E+01
 -15.551  0.0000E+00  0.8000E+01
 -15.546  0.0000E+00  0.8000E+01
 -15.541  0.0000E+00  0.8000E+01
 -15.536  0.0000E+00  0.8000E+01
 -15.531  0.0000E+00  0.8000E+01
 -15.526  0.0000E+00  0.8000E+01
 -15.521  0.0000E+00  0.8000E+01
 -15.516  0.0000E+00  0.8000E+01
 -15.511  0.0000E+00  0.8000E+01
 -15.506  0.0000E+00  0.8000E+01
 -15.501  0.0000E+00  0.8000E+01
 -15.496  0.0000E+00  0.8000E+01
 -15.491  0.0000E+00  0.8000E+01
 -15.486  0.0000E+00  0.8000E+01
 -15.481  0.0000E+00  0.8000E+01
 -15.476  0.0000E+00  0.8000E+01
 -15.471  0.0000E+00  0.8000E+01
 -15.466  0.0000E+00  0.8000E+01
 -15.461  0.0000E+00  0.8000E+01
 -15.456  0.0000E+00  0.8000E+01
 -15.451  0.0000E+00  0.8000E+01
 -15.446  0.0000E+00  0.8000E+01
 -15.441  0.0000E+00  0.8000E+01
 -15.436  0.0000E+00  0.8000E+01
 -15.431  0.0000E+00  0.8000E+01
 -15.426  0.0000E+00  0.8000E+01
 -15.421  0.0000E+00  0.8000E+01
 -15.416  0.0000E+00  0.8000E+01
 -15.411  0.0000E+00  0.8000E+01
 -15.406  0.0000E+00  0.8000E+01
 -15.401  0.0000E+00  0.8000E+01
 -15.396  0.0000E+00  0.8000E+01
 -15.391  0.0000E+00  0.8000E+01
 -15.386  0.0000E+00  0.8000E+01
 -15.381  0.0000E+00  0.8000E+01
 -15.376  0.0000E+00  0.8000E+01
 -15.371  0.0000E+00  0.8000E+01
 -15.366  0.0000E+00  0.8000E+01
 -15.361  0.0000E+00  0.8000E+01
 -15.356  0.0000E+00  0.8000E+01
 -15.351  0.0000E+00  0.8000E+01
 -15.346  0.0000E+00  0.8000E+01
 -15.341  0.0000E+00  0.8000E+01
 -15.336  0.0000E+00  0.8000E+01
 -15.331  0.0000E+00  0.8000E+01
 -15.326  0.0000E+00  0.8000E+01
 -15.321  0.0000E+00  0.8000E+01
 -15.316  0.0000E+00  0.8000E+01
 -15.311  0.0000E+00  0.8000E+01
 -15.306  0.0000E+00  0.8000E+01
 -15.301  0.0000E+00  0.8000E+01
 -15.296  0.0000E+00  0.8000E+01
 -15.291  0.0000E+00  0.8000E+01
 -15.286  0.0000E+00  0.8000E+01
 -15.281  0.0000E+00  0.8000E+01
 -15.276  0.0000E+00  0.8000E+01
 -15.271  0.0000E+00  0.8000E+01
 -15.266  0.0000E+00  0.8000E+01
 -15.261  0.0000E+00  0.8000E+01
 -15.256  0.0000E+00  0.8000E+01
 -15.251  0.0000E+00  0.8000E+01
 -15.246  0.0000E+00  0.8000E+01
 -15.241  0.0000E+00  0.8000E+01
 -15.236  0.0000E+00  0.8000E+01
 -15.231  0.0000E+00  0.8000E+01
 -15.226  0.0000E+00  0.8000E+01
 -15.221  0.0000E+00  0.8000E+01
 -15.216  0.0000E+00  0.8000E+01
 -15.211  0.0000E+00  0.8000E+01
 -15.206  0.0000E+00  0.8000E+01
 -15.201  0.0000E+00  0.8000E+01
 -15.196  0.0000E+00  0.8000E+01
 -15.191  0.0000E+00  0.8000E+01
 -15.186  0.0000E+00  0.8000E+01
 -15.181  0.0000E+00  0.8000E+01
 -15.176  0.0000E+00  0.8000E+01
 -15.171  0.0000E+00  0.8000E+01
 -15.166  0.0000E+00  0.8000E+01
 -15.161  0.0000E+00  0.8000E+01
 -15.156  0.0000E+00  0.8000E+01
 -15.151  0.0000E+00  0.8000E+01
 -15.146  0.0000E+00  0.8000E+01
 -15.141  0.0000E+00  0.8000E+01
 -15.136  0.0000E+00  0.8000E+01
 -15.131  0.0000E+00  0.8000E+01
 -15.126  0.0000E+00  0.8000E+01
 -15.121  0.0000E+00  0.8000E+01
 -15.116  0.0000E+00  0.8000E+01
 -15.111  0.0000E+00  0.8000E+01
 -15.106  0.0000E+00  0.8000E+01
 -15.101  0.0000E+00  0.8000E+01
 -15.096  0.0000E+00  0.8000E+01
 -15.091  0.0000E+00  0.8000E+01
 -15.086  0.0000E+00  0.8000E+01
 -15.081  0.0000E+00  0.8000E+01
 -15.076  0.0000E+00  0.8000E+01
 -15.071  0.0000E+00  0.8000E+01
 -15.066  0.0000E+00  0.8000E+01
 -15.061  0.0000E+00  0.8000E+01
 -15.056  0.0000E+00  0.8000E+01
 -15.051  0.0000E+00  0.8000E+01
 -15.046  0.0000E+00  0.8000E+01
 -15.041  0.0000E+00  0.8000E+01
 -15.036  0.0000E+00  0.8000E+01
 -15.031  0.0000E+00  0.8000E+01
 -15.026  0.0000E+00  0.8000E+01
 -15.021  0.0000E+00  0.8000E+01
 -15.016  0.0000E+00  0.8000E+01
 -15.011  0.0000E+00  0.8000E+01
 -15.006  0.0000E+00  0.8000E+01
 -15.001  0.0000E+00  0.8000E+01
 -14.996  0.0000E+00  0.8000E+01
 -14.991  0.0000E+00  0.8000E+01
 -14.986  0.0000E+00  0.8000E+01
 -14.981  0.0000E+00  0.8000E+01
 -14.976  0.0000E+00  0.8000E+01
 -14.971  0.0000E+00  0.8000E+01
 -14.966  0.0000E+00  0.8000E+01
 -14.961  0.0000E+00  0.8000E+01
 -14.956  0.0000E+00  0.8000E+01
 -14.951  0.0000E+00  0.8000E+01
 -14.946  0.0000E+00  0.8000E+01
 -14.941  0.0000E+00  0.8000E+01
 -14.936  0.0000E+00  0.8000E+01
 -14.931  0.0000E+00  0.8000E+01
 -14.926  0.0000E+00  0.8000E+01
 -14.921  0.0000E+00  0.8000E+01
 -14.916  0.0000E+00  0.8000E+01
 -14.911  0.0000E+00  0.8000E+01
 -14.906  0.0000E+00  0.8000E+01
 -14.901  0.0000E+00  0.8000E+01
 -14.896  0.0000E+00  0.8000E+01
 -14.891  0.0000E+00  0.8000E+01
 -14.886  0.0000E+00  0.8000E+01
 -14.881  0.0000E+00  0.8000E+01
 -14.876  0.0000E+00  0.8000E+01
 -14.871  0.0000E+00  0.8000E+01
 -14.866  0.0000E+00  0.8000E+01
 -14.861  0.0000E+00  0.8000E+01
 -14.856  0.0000E+00  0.8000E+01
 -14.851  0.0000E+00  0.8000E+01
 -14.846  0.0000E+00  0.8000E+01
 -14.841  0.0000E+00  0.8000E+01
 -14.836  0.0000E+00  0.8000E+01
 -14.831  0.0000E+00  0.8000E+01
 -14.826  0.0000E+00  0.8000E+01
 -14.821  0.0000E+00  0.8000E+01
 -14.816  0.0000E+00  0.8000E+01
 -14.811  0.0000E+00  0.8000E+01
 -14.806  0.0000E+00  0.8000E+01
 -14.801  0.0000E+00  0.8000E+01
 -14.796  0.0000E+00  0.8000E+01
 -14.791  0.0000E+00  0.8000E+01
 -14.786  0.0000E+00  0.8000E+01
 -14.781  0.0000E+00  0.8000E+01
 -14.776  0.0000E+00  0.8000E+01
 -14.771  0.0000E+00  0.8000E+01
 -14.766  0.0000E+00  0.8000E+01
 -14.761  0.0000E+00  0.8000E+01
 -14.756  0.0000E+00  0.8000E+01
 -14.751  0.0000E+00  0.8000E+01
 -14.746  0.0000E+00  0.8000E+01
 -14.741  0.0000E+00  0.8000E+01
 -14.736  0.0000E+00  0.8000E+01
 -14.731  0.0000E+00  0.8000E+01
 -14.726  0.0000E+00  0.8000E+01
 -14.721  0.0000E+00  0.8000E+01
 -14.716  0.0000E+00  0.8000E+01
 -14.711  0.0000E+00  0.8000E+01
 -14.706  0.0000E+00  0.8000E+01
 -14.701  0.0000E+00  0.8000E+01
 -14.696  0.0000E+00  0.8000E+01
 -14.691  0.0000E+00  0.8000E+01
 -14.686  0.0000E+00  0.8000E+01
 -14.681  0.0000E+00  0.8000E+01
 -14.676  0.0000E+00  0.8000E+01
 -14.671  0.0000E+00  0.8000E+01
 -14.666  0.0000E+00  0.8000E+01
 -14.661  0.0000E+00  0.8000E+01
 -14.656  0.0000E+00  0.8000E+01
 -14.651  0.0000E+00  0.8000E+01
 -14.646  0.0000E+00  0.8000E+01
 -14.641  0.0000E+00  0.8000E+01
 -14.636  0.0000E+00  0.8000E+01
 -14.631  0.0000E+00  0.8000E+01
 -14.626  0.0000E+00  0.8000E+01
 -14.621  0.0000E+00  0.8000E+01
 -14.616  0.0000E+00  0.8000E+01
 -14.611  0.0000E+00  0.8000E+01
 -14.606  0.0000E+00  0.8000E+01
 -14.601  0.0000E+00  0.8000E+01
 -14.596  0.0000E+00  0.8000E+01
 -14.591  0.0000E+00  0.8000E+01
 -14.586  0.0000E+00  0.8000E+01
 -14.581  0.0000E+00  0.8000E+01
 -14.576  0.0000E+00  0.8000E+01
 -14.571  0.0000E+00  0.8000E+01
 -14.566  0.0000E+00  0.8000E+01
 -14.561  0.0000E+00  0.8000E+01
 -14.556  0.0000E+00  0.8000E+01
 -14.551  0.0000E+00  0.8000E+01
 -14.546  0.0000E+00  0.8000E+01
 -14.541  0.0000E+00  0.8000E+01
 -14.536  0.0000E+00  0.8000E+01
 -14.531  0.0000E+00  0.8000E+01
 -14.526  0.0000E+00  0.8000E+01
 -14.521  0.0000E+00  0.8000E+01
 -14.516  0.0000E+00  0.8000E+01
 -14.511  0.0000E+00  0.8000E+01
 -14.506  0.0000E+00  0.8000E+01
 -14.501  0.0000E+00  0.8000E+01
 -14.496  0.0000E+00  0.8000E+01
 -14.491  0.0000E+00  0.8000E+01
 -14.486  0.0000E+00  0.8000E+01
 -14.481  0.0000E+00  0.8000E+01
 -14.476  0.0000E+00  0.8000E+01
 -14.471  0.0000E+00  0.8000E+01
 -14.466  0.0000E+00  0.8000E+01
 -14.461  0.0000E+00  0.8000E+01
 -14.456  0.0000E+00  0.8000E+01
 -14.451  0.0000E+00  0.8000E+01
 -14.446  0.0000E+00  0.8000E+01
 -14.441  0.0000E+00  0.8000E+01
 -14.436  0.0000E+00  0.8000E+01
 -14.431  0.0000E+00  0.8000E+01
 -14.426  0.0000E+00  0.8000E+01
 -14.421  0.0000E+00  0.8000E+01
 -14.416  0.0000E+00  0.8000E+01
 -14.411  0.0000E+00  0.8000E+01
 -14.406  0.0000E+00  0.8000E+01
 -14.401  0.0000E+00  0.8000E+01
 -14.396  0.0000E+00  0.8000E+01
 -14.391  0.0000E+00  0.8000E+01
 -14.386  0.0000E+00  0.8000E+01
 -14.381  0.0000E+00  0.8000E+01
 -14.376  0.0000E+00  0.8000E+01
 -14.371  0.0000E+00  0.8000E+01
 -14.366  0.0000E+00  0.8000E+01
 -14.361  0.0000E+00  0.8000E+01
 -14.356  0.0000E+00  0.8000E+01
 -14.351  0.0000E+00  0.8000E+01
 -14.346  0.0000E+00  0.8000E+01
 -14.341  0.0000E+00  0.8000E+01
 -14.336  0.0000E+00  0.8000E+01
 -14.331  0.0000E+00  0.8000E+01
 -14.326  0.0000E+00  0.8000E+01
 -14.321  0.0000E+00  0.8000E+01
 -14.316  0.0000E+00  0.8000E+01
 -14.311  0.0000E+00  0.8000E+01
 -14.306  0.0000E+00  0.8000E+01
 -14.301  0.0000E+00  0.8000E+01
 -14.296  0.0000E+00  0.8000E+01
 -14.291  0.0000E+00  0.8000E+01
 -14.286  0.0000E+00  0.8000E+01
 -14.281  0.0000E+00  0.8000E+01
 -14.276  0.0000E+00  0.8000E+01
 -14.271  0.0000E+00  0.8000E+01
 -14.266  0.0000E+00  0.8000E+01
 -14.261  0.0000E+00  0.8000E+01
 -14.256  0.0000E+00  0.8000E+01
 -14.251  0.0000E+00  0.8000E+01
 -14.246  0.0000E+00  0.8000E+01
 -14.241  0.0000E+00  0.8000E+01
 -14.236  0.0000E+00  0.8000E+01
 -14.231  0.0000E+00  0.8000E+01
 -14.226  0.0000E+00  0.8000E+01
 -14.221  0.0000E+00  0.8000E+01
 -14.216  0.0000E+00  0.8000E+01
 -14.211  0.0000E+00  0.8000E+01
 -14.206  0.0000E+00  0.8000E+01
 -14.201  0.0000E+00  0.8000E+01
 -14.196  0.0000E+00  0.8000E+01
 -14.191  0.0000E+00  0.8000E+01
 -14.186  0.0000E+00  0.8000E+01
 -14.181  0.0000E+00  0.8000E+01
 -14.176  0.0000E+00  0.8000E+01
 -14.171  0.0000E+00  0.8000E+01
 -14.166  0.0000E+00  0.8000E+01
 -14.161  0.0000E+00  0.8000E+01
 -14.156  0.0000E+00  0.8000E+01
 -14.151  0.0000E+00  0.8000E+01
 -14.146  0.0000E+00  0.8000E+01
 -14.141  0.0000E+00  0.8000E+01
 -14.136  0.0000E+00  0.8000E+01
 -14.131  0.0000E+00  0.8000E+01
 -14.126  0.0000E+00  0.8000E+01
 -14.121  0.0000E+00  0.8000E+01
 -14.116  0.0000E+00  0.8000E+01
 -14.111  0.0000E+00  0.8000E+01
 -14.106  0.0000E+00  0.8000E+01
 -14.101  0.0000E+00  0.8000E+01
 -14.096  0.0000E+00  0.8000E+01
 -14.091  0.0000E+00  0.8000E+01
 -14.086  0.0000E+00  0.8000E+01
 -14.081  0.0000E+00  0.8000E+01
 -14.076  0.0000E+00  0.8000E+01
 -14.071  0.0000E+00  0.8000E+01
 -14.066  0.0000E+00  0.8000E+01
 -14.061  0.0000E+00  0.8000E+01
 -14.056  0.0000E+00  0.8000E+01
 -14.051  0.0000E+00  0.8000E+01
 -14.046  0.0000E+00  0.8000E+01
 -14.041  0.0000E+00  0.8000E+01
 -14.036  0.0000E+00  0.8000E+01
 -14.031  0.0000E+00  0.8000E+01
 -14.026  0.0000E+00  0.8000E+01
 -14.021  0.0000E+00  0.8000E+01
 -14.016  0.0000E+00  0.8000E+01
 -14.011  0.0000E+00  0.8000E+01
 -14.006  0.0000E+00  0.8000E+01
 -14.001  0.0000E+00  0.8000E+01
 -13.996  0.0000E+00  0.8000E+01
 -13.991  0.0000E+00  0.8000E+01
 -13.986  0.0000E+00  0.8000E+01
 -13.981  0.0000E+00  0.8000E+01
 -13.976  0.0000E+00  0.8000E+01
 -13.971  0.0000E+00  0.8000E+01
 -13.966  0.0000E+00  0.8000E+01
 -13.961  0.0000E+00  0.8000E+01
 -13.956  0.0000E+00  0.8000E+01
 -13.951  0.0000E+00  0.8000E+01
 -13.946  0.0000E+00  0.8000E+01
 -13.941  0.0000E+00  0.8000E+01
 -13.936  0.0000E+00  0.8000E+01
 -13.931  0.0000E+00  0.8000E+01
 -13.926  0.0000E+00  0.8000E+01
 -13.921  0.0000E+00  0.8000E+01
 -13.916  0.0000E+00  0.8000E+01
 -13.911  0.0000E+00  0.8000E+01
 -13.906  0.0000E+00  0.8000E+01
 -13.901  0.0000E+00  0.8000E+01
 -13.896  0.0000E+00  0.8000E+01
 -13.891  0.0000E+00  0.8000E+01
 -13.886  0.0000E+00  0.8000E+01
 -13.881  0.0000E+00  0.8000E+01
 -13.876  0.0000E+00  0.8000E+01
 -13.871  0.0000E+00  0.8000E+01
 -13.866  0.0000E+00  0.8000E+01
 -13.861  0.0000E+00  0.8000E+01
 -13.856  0.0000E+00  0.8000E+01
 -13.851  0.0000E+00  0.8000E+01
 -13.846  0.0000E+00  0.8000E+01
 -13.841  0.0000E+00  0.8000E+01
 -13.836  0.0000E+00  0.8000E+01
 -13.831  0.0000E+00  0.8000E+01
 -13.826  0.0000E+00  0.8000E+01
 -13.821  0.0000E+00  0.8000E+01
 -13.816  0.0000E+00  0.8000E+01
 -13.811  0.0000E+00  0.8000E+01
 -13.806  0.0000E+00  0.8000E+01
 -13.801  0.0000E+00  0.8000E+01
 -13.796  0.0000E+00  0.8000E+01
 -13.791  0.0000E+00  0.8000E+01
 -13.786  0.0000E+00  0.8000E+01
 -13.781  0.0000E+00  0.8000E+01
 -13.776  0.0000E+00  0.8000E+01
 -13.771  0.0000E+00  0.8000E+01
 -13.766  0.0000E+00  0.8000E+01
 -13.761  0.0000E+00  0.8000E+01
 -13.756  0.0000E+00  0.8000E+01
 -13.751  0.0000E+00  0.8000E+01
 -13.746  0.0000E+00  0.8000E+01
 -13.741  0.0000E+00  0.8000E+01
 -13.736  0.0000E+00  0.8000E+01
 -13.731  0.0000E+00  0.8000E+01
 -13.726  0.0000E+00  0.8000E+01
 -13.721  0.0000E+00  0.8000E+01
 -13.716  0.0000E+00  0.8000E+01
 -13.711  0.0000E+00  0.8000E+01
 -13.706  0.0000E+00  0.8000E+01
 -13.701  0.0000E+00  0.8000E+01
 -13.696  0.0000E+00  0.8000E+01
 -13.691  0.0000E+00  0.8000E+01
 -13.686  0.0000E+00  0.8000E+01
 -13.681  0.0000E+00  0.8000E+01
 -13.676  0.0000E+00  0.8000E+01
 -13.671  0.0000E+00  0.8000E+01
 -13.666  0.0000E+00  0.8000E+01
 -13.661  0.0000E+00  0.8000E+01
 -13.656  0.0000E+00  0.8000E+01
 -13.651  0.0000E+00  0.8000E+01
 -13.646  0.0000E+00  0.8000E+01
 -13.641  0.0000E+00  0.8000E+01
 -13.636  0.0000E+00  0.8000E+01
 -13.631  0.0000E+00  0.8000E+01
 -13.626  0.0000E+00  0.8000E+01
 -13.621  0.0000E+00  0.8000E+01
 -13.616  0.0000E+00  0.8000E+01
 -13.611  0.0000E+00  0.8000E+01
 -13.606  0.0000E+00  0.8000E+01
 -13.601  0.0000E+00  0.8000E+01
 -13.596  0.0000E+00  0.8000E+01
 -13.591  0.0000E+00  0.8000E+01
 -13.586  0.0000E+00  0.8000E+01
 -13.581  0.0000E+00  0.8000E+01
 -13.576  0.0000E+00  0.8000E+01
 -13.571  0.0000E+00  0.8000E+01
 -13.566  0.0000E+00  0.8000E+01
 -13.561  0.0000E+00  0.8000E+01
 -13.556  0.0000E+00  0.8000E+01
 -13.551  0.0000E+00  0.8000E+01
 -13.546  0.0000E+00  0.8000E+01
 -13.541  0.0000E+00  0.8000E+01
 -13.536  0.0000E+00  0.8000E+01
 -13.531  0.0000E+00  0.8000E+01
 -13.526  0.0000E+00  0.8000E+01
 -13.521  0.0000E+00  0.8000E+01
 -13.516  0.0000E+00  0.8000E+01
 -13.511  0.0000E+00  0.8000E+01
 -13.506  0.0000E+00  0.8000E+01
 -13.501  0.0000E+00  0.8000E+01
 -13.496  0.0000E+00  0.8000E+01
 -13.491  0.0000E+00  0.8000E+01
 -13.486  0.0000E+00  0.8000E+01
 -13.481  0.0000E+00  0.8000E+01
 -13.476  0.0000E+00  0.8000E+01
 -13.471  0.0000E+00  0.8000E+01
 -13.466  0.0000E+00  0.8000E+01
 -13.461  0.0000E+00  0.8000E+01
 -13.456  0.0000E+00  0.8000E+01
 -13.451  0.0000E+00  0.8000E+01
 -13.446  0.0000E+00  0.8000E+01
 -13.441  0.0000E+00  0.8000E+01
 -13.436  0.0000E+00  0.8000E+01
 -13.431  0.0000E+00  0.8000E+01
 -13.426  0.0000E+00  0.8000E+01
 -13.421  0.0000E+00  0.8000E+01
 -13.416  0.0000E+00  0.8000E+01
 -13.411  0.0000E+00  0.8000E+01
 -13.406  0.0000E+00  0.8000E+01
 -13.401  0.0000E+00  0.8000E+01
 -13.396  0.0000E+00  0.8000E+01
 -13.391  0.0000E+00  0.8000E+01
 -13.386  0.0000E+00  0.8000E+01
 -13.381  0.0000E+00  0.8000E+01
 -13.376  0.0000E+00  0.8000E+01
 -13.371  0.0000E+00  0.8000E+01
 -13.366  0.0000E+00  0.8000E+01
 -13.361  0.0000E+00  0.8000E+01
 -13.356  0.0000E+00  0.8000E+01
 -13.351  0.0000E+00  0.8000E+01
 -13.346  0.0000E+00  0.8000E+01
 -13.341  0.0000E+00  0.8000E+01
 -13.336  0.0000E+00  0.8000E+01
 -13.331  0.0000E+00  0.8000E+01
 -13.326  0.0000E+00  0.8000E+01
 -13.321  0.0000E+00  0.8000E+01
 -13.316  0.0000E+00  0.8000E+01
 -13.311  0.0000E+00  0.8000E+01
 -13.306  0.0000E+00  0.8000E+01
 -13.301  0.0000E+00  0.8000E+01
 -13.296  0.0000E+00  0.8000E+01
 -13.291  0.0000E+00  0.8000E+01
 -13.286  0.0000E+00  0.8000E+01
 -13.281  0.0000E+00  0.8000E+01
 -13.276  0.0000E+00  0.8000E+01
 -13.271  0.0000E+00  0.8000E+01
 -13.266  0.0000E+00  0.8000E+01
 -13.261  0.0000E+00  0.8000E+01
 -13.256  0.0000E+00  0.8000E+01
 -13.251  0.0000E+00  0.8000E+01
 -13.246  0.0000E+00  0.8000E+01
 -13.241  0.0000E+00  0.8000E+01
 -13.236  0.0000E+00  0.8000E+01
 -13.231  0.0000E+00  0.8000E+01
 -13.226  0.0000E+00  0.8000E+01
 -13.221  0.0000E+00  0.8000E+01
 -13.216  0.0000E+00  0.8000E+01
 -13.211  0.0000E+00  0.8000E+01
 -13.206  0.0000E+00  0.8000E+01
 -13.201  0.0000E+00  0.8000E+01
 -13.196  0.0000E+00  0.8000E+01
 -13.191  0.0000E+00  0.8000E+01
 -13.186  0.0000E+00  0.8000E+01
 -13.181  0.0000E+00  0.8000E+01
 -13.176  0.0000E+00  0.8000E+01
 -13.171  0.0000E+00  0.8000E+01
 -13.166  0.0000E+00  0.8000E+01
 -13.161  0.0000E+00  0.8000E+01
 -13.156  0.0000E+00  0.8000E+01
 -13.151  0.0000E+00  0.8000E+01
 -13.146  0.0000E+00  0.8000E+01
 -13.141  0.0000E+00  0.8000E+01
 -13.136  0.0000E+00  0.8000E+01
 -13.131  0.0000E+00  0.8000E+01
 -13.126  0.0000E+00  0.8000E+01
 -13.121  0.0000E+00  0.8000E+01
 -13.116  0.0000E+00  0.8000E+01
 -13.111  0.0000E+00  0.8000E+01
 -13.106  0.0000E+00  0.8000E+01
 -13.101  0.0000E+00  0.8000E+01
 -13.096  0.0000E+00  0.8000E+01
 -13.091  0.0000E+00  0.8000E+01
 -13.086  0.0000E+00  0.8000E+01
 -13.081  0.0000E+00  0.8000E+01
 -13.076  0.0000E+00  0.8000E+01
 -13.071  0.0000E+00  0.8000E+01
 -13.066  0.0000E+00  0.8000E+01
 -13.061  0.0000E+00  0.8000E+01
 -13.056  0.0000E+00  0.8000E+01
 -13.051  0.0000E+00  0.8000E+01
 -13.046  0.0000E+00  0.8000E+01
 -13.041  0.0000E+00  0.8000E+01
 -13.036  0.0000E+00  0.8000E+01
 -13.031  0.0000E+00  0.8000E+01
 -13.026  0.0000E+00  0.8000E+01
 -13.021  0.0000E+00  0.8000E+01
 -13.016  0.0000E+00  0.8000E+01
 -13.011  0.0000E+00  0.8000E+01
 -13.006  0.0000E+00  0.8000E+01
 -13.001  0.0000E+00  0.8000E+01
 -12.996  0.0000E+00  0.8000E+01
 -12.991  0.0000E+00  0.8000E+01
 -12.986  0.0000E+00  0.8000E+01
 -12.981  0.0000E+00  0.8000E+01
 -12.976  0.0000E+00  0.8000E+01
 -12.971  0.0000E+00  0.8000E+01
 -12.966  0.0000E+00  0.8000E+01
 -12.961  0.0000E+00  0.8000E+01
 -12.956  0.0000E+00  0.8000E+01
 -12.951  0.0000E+00  0.8000E+01
 -12.946  0.0000E+00  0.8000E+01
 -12.941  0.0000E+00  0.8000E+01
 -12.936  0.0000E+00  0.8000E+01
 -12.931  0.0000E+00  0.8000E+01
 -12.926  0.0000E+00  0.8000E+01
 -12.921  0.0000E+00  0.8000E+01
 -12.916  0.0000E+00  0.8000E+01
 -12.911  0.0000E+00  0.8000E+01
 -12.906  0.0000E+00  0.8000E+01
 -12.901  0.0000E+00  0.8000E+01
 -12.896  0.0000E+00  0.8000E+01
 -12.891  0.0000E+00  0.8000E+01
 -12.886  0.0000E+00  0.8000E+01
 -12.881  0.0000E+00  0.8000E+01
 -12.876  0.0000E+00  0.8000E+01
 -12.871  0.0000E+00  0.8000E+01
 -12.866  0.0000E+00  0.8000E+01
 -12.861  0.0000E+00  0.8000E+01
 -12.856  0.0000E+00  0.8000E+01
 -12.851  0.0000E+00  0.8000E+01
 -12.846  0.0000E+00  0.8000E+01
 -12.841  0.0000E+00  0.8000E+01
 -12.836  0.0000E+00  0.8000E+01
 -12.831  0.0000E+00  0.8000E+01
 -12.826  0.0000E+00  0.8000E+01
 -12.821  0.0000E+00  0.8000E+01
 -12.816  0.0000E+00  0.8000E+01
 -12.811  0.0000E+00  0.8000E+01
 -12.806  0.0000E+00  0.8000E+01
 -12.801  0.0000E+00  0.8000E+01
 -12.796  0.0000E+00  0.8000E+01
 -12.791  0.0000E+00  0.8000E+01
 -12.786  0.0000E+00  0.8000E+01
 -12.781  0.0000E+00  0.8000E+01
 -12.776  0.0000E+00  0.8000E+01
 -12.771  0.0000E+00  0.8000E+01
 -12.766  0.0000E+00  0.8000E+01
 -12.761  0.0000E+00  0.8000E+01
 -12.756  0.0000E+00  0.8000E+01
 -12.751  0.0000E+00  0.8000E+01
 -12.746  0.0000E+00  0.8000E+01
 -12.741  0.0000E+00  0.8000E+01
 -12.736  0.0000E+00  0.8000E+01
 -12.731  0.0000E+00  0.8000E+01
 -12.726  0.0000E+00  0.8000E+01
 -12.721  0.0000E+00  0.8000E+01
 -12.716  0.0000E+00  0.8000E+01
 -12.711  0.0000E+00  0.8000E+01
 -12.706  0.0000E+00  0.8000E+01
 -12.701  0.0000E+00  0.8000E+01
 -12.696  0.0000E+00  0.8000E+01
 -12.691  0.0000E+00  0.8000E+01
 -12.686  0.0000E+00  0.8000E+01
 -12.681  0.0000E+00  0.8000E+01
 -12.676  0.0000E+00  0.8000E+01
 -12.671  0.0000E+00  0.8000E+01
 -12.666  0.0000E+00  0.8000E+01
 -12.661  0.0000E+00  0.8000E+01
 -12.656  0.0000E+00  0.8000E+01
 -12.651  0.0000E+00  0.8000E+01
 -12.646  0.0000E+00  0.8000E+01
 -12.641  0.0000E+00  0.8000E+01
 -12.636  0.0000E+00  0.8000E+01
 -12.631  0.0000E+00  0.8000E+01
 -12.626  0.0000E+00  0.8000E+01
 -12.621  0.0000E+00  0.8000E+01
 -12.616  0.0000E+00  0.8000E+01
 -12.611  0.0000E+00  0.8000E+01
 -12.606  0.0000E+00  0.8000E+01
 -12.601  0.0000E+00  0.8000E+01
 -12.596  0.0000E+00  0.8000E+01
 -12.591  0.0000E+00  0.8000E+01
 -12.586  0.0000E+00  0.8000E+01
 -12.581  0.0000E+00  0.8000E+01
 -12.576  0.0000E+00  0.8000E+01
 -12.571  0.0000E+00  0.8000E+01
 -12.566  0.0000E+00  0.8000E+01
 -12.561  0.0000E+00  0.8000E+01
 -12.556  0.0000E+00  0.8000E+01
 -12.551  0.0000E+00  0.8000E+01
 -12.546  0.0000E+00  0.8000E+01
 -12.541  0.0000E+00  0.8000E+01
 -12.536  0.0000E+00  0.8000E+01
 -12.531  0.0000E+00  0.8000E+01
 -12.526  0.0000E+00  0.8000E+01
 -12.521  0.0000E+00  0.8000E+01
 -12.516  0.0000E+00  0.8000E+01
 -12.511  0.0000E+00  0.8000E+01
 -12.506  0.0000E+00  0.8000E+01
 -12.501  0.0000E+00  0.8000E+01
 -12.496  0.0000E+00  0.8000E+01
 -12.491  0.0000E+00  0.8000E+01
 -12.486  0.0000E+00  0.8000E+01
 -12.481  0.0000E+00  0.8000E+01
 -12.476  0.0000E+00  0.8000E+01
 -12.471  0.0000E+00  0.8000E+01
 -12.466  0.0000E+00  0.8000E+01
 -12.461  0.0000E+00  0.8000E+01
 -12.456  0.0000E+00  0.8000E+01
 -12.451  0.0000E+00  0.8000E+01
 -12.446  0.0000E+00  0.8000E+01
 -12.441  0.0000E+00  0.8000E+01
 -12.436  0.0000E+00  0.8000E+01
 -12.431  0.0000E+00  0.8000E+01
 -12.426  0.0000E+00  0.8000E+01
 -12.421  0.0000E+00  0.8000E+01
 -12.416  0.0000E+00  0.8000E+01
 -12.411  0.0000E+00  0.8000E+01
 -12.406  0.0000E+00  0.8000E+01
 -12.401  0.0000E+00  0.8000E+01
 -12.396  0.0000E+00  0.8000E+01
 -12.391  0.0000E+00  0.8000E+01
 -12.386  0.0000E+00  0.8000E+01
 -12.381  0.0000E+00  0.8000E+01
 -12.376  0.0000E+00  0.8000E+01
 -12.371  0.0000E+00  0.8000E+01
 -12.366  0.0000E+00  0.8000E+01
 -12.361  0.0000E+00  0.8000E+01
 -12.356  0.0000E+00  0.8000E+01
 -12.351  0.0000E+00  0.8000E+01
 -12.346  0.0000E+00  0.8000E+01
 -12.341  0.0000E+00  0.8000E+01
 -12.336  0.0000E+00  0.8000E+01
 -12.331  0.0000E+00  0.8000E+01
 -12.326  0.0000E+00  0.8000E+01
 -12.321  0.0000E+00  0.8000E+01
 -12.316  0.0000E+00  0.8000E+01
 -12.311  0.0000E+00  0.8000E+01
 -12.306  0.0000E+00  0.8000E+01
 -12.301  0.0000E+00  0.8000E+01
 -12.296  0.0000E+00  0.8000E+01
 -12.291  0.0000E+00  0.8000E+01
 -12.286  0.0000E+00  0.8000E+01
 -12.281  0.0000E+00  0.8000E+01
 -12.276  0.0000E+00  0.8000E+01
 -12.271  0.0000E+00  0.8000E+01
 -12.266  0.0000E+00  0.8000E+01
 -12.261  0.0000E+00  0.8000E+01
 -12.256  0.0000E+00  0.8000E+01
 -12.251  0.0000E+00  0.8000E+01
 -12.246  0.0000E+00  0.8000E+01
 -12.241  0.0000E+00  0.8000E+01
 -12.236  0.0000E+00  0.8000E+01
 -12.231  0.0000E+00  0.8000E+01
 -12.226  0.0000E+00  0.8000E+01
 -12.221  0.0000E+00  0.8000E+01
 -12.216  0.0000E+00  0.8000E+01
 -12.211  0.0000E+00  0.8000E+01
 -12.206  0.0000E+00  0.8000E+01
 -12.201  0.0000E+00  0.8000E+01
 -12.196  0.0000E+00  0.8000E+01
 -12.191  0.0000E+00  0.8000E+01
 -12.186  0.0000E+00  0.8000E+01
 -12.181  0.0000E+00  0.8000E+01
 -12.176  0.0000E+00  0.8000E+01
 -12.171  0.0000E+00  0.8000E+01
 -12.166  0.0000E+00  0.8000E+01
 -12.161  0.0000E+00  0.8000E+01
 -12.156  0.0000E+00  0.8000E+01
 -12.151  0.0000E+00  0.8000E+01
 -12.146  0.0000E+00  0.8000E+01
 -12.141  0.0000E+00  0.8000E+01
 -12.136  0.0000E+00  0.8000E+01
 -12.131  0.0000E+00  0.8000E+01
 -12.126  0.0000E+00  0.8000E+01
 -12.121  0.0000E+00  0.8000E+01
 -12.116  0.0000E+00  0.8000E+01
 -12.111  0.0000E+00  0.8000E+01
 -12.106  0.0000E+00  0.8000E+01
 -12.101  0.0000E+00  0.8000E+01
 -12.096  0.0000E+00  0.8000E+01
 -12.091  0.0000E+00  0.8000E+01
 -12.086  0.0000E+00  0.8000E+01
 -12.081  0.0000E+00  0.8000E+01
 -12.076  0.0000E+00  0.8000E+01
 -12.071  0.0000E+00  0.8000E+01
 -12.066  0.0000E+00  0.8000E+01
 -12.061  0.0000E+00  0.8000E+01
 -12.056  0.0000E+00  0.8000E+01
 -12.051  0.0000E+00  0.8000E+01
 -12.046  0.0000E+00  0.8000E+01
 -12.041  0.0000E+00  0.8000E+01
 -12.036  0.0000E+00  0.8000E+01
 -12.031  0.0000E+00  0.8000E+01
 -12.026  0.0000E+00  0.8000E+01
 -12.021  0.0000E+00  0.8000E+01
 -12.016  0.0000E+00  0.8000E+01
 -12.011  0.0000E+00  0.8000E+01
 -12.006  0.0000E+00  0.8000E+01
 -12.001  0.0000E+00  0.8000E+01
 -11.996  0.0000E+00  0.8000E+01
 -11.991  0.0000E+00  0.8000E+01
 -11.986  0.0000E+00  0.8000E+01
 -11.981  0.0000E+00  0.8000E+01
 -11.976  0.0000E+00  0.8000E+01
 -11.971  0.0000E+00  0.8000E+01
 -11.966  0.0000E+00  0.8000E+01
 -11.961  0.0000E+00  0.8000E+01
 -11.956  0.0000E+00  0.8000E+01
 -11.951  0.0000E+00  0.8000E+01
 -11.946  0.0000E+00  0.8000E+01
 -11.941  0.0000E+00  0.8000E+01
 -11.936  0.0000E+00  0.8000E+01
 -11.931  0.0000E+00  0.8000E+01
 -11.926  0.0000E+00  0.8000E+01
 -11.921  0.0000E+00  0.8000E+01
 -11.916  0.0000E+00  0.8000E+01
 -11.911  0.0000E+00  0.8000E+01
 -11.906  0.0000E+00  0.8000E+01
 -11.901  0.0000E+00  0.8000E+01
 -11.896  0.0000E+00  0.8000E+01
 -11.891  0.0000E+00  0.8000E+01
 -11.886  0.0000E+00  0.8000E+01
 -11.881  0.0000E+00  0.8000E+01
 -11.876  0.0000E+00  0.8000E+01
 -11.871  0.0000E+00  0.8000E+01
 -11.866  0.0000E+00  0.8000E+01
 -11.861  0.0000E+00  0.8000E+01
 -11.856  0.0000E+00  0.8000E+01
 -11.851  0.0000E+00  0.8000E+01
 -11.846  0.0000E+00  0.8000E+01
 -11.841  0.0000E+00  0.8000E+01
 -11.836  0.0000E+00  0.8000E+01
 -11.831  0.0000E+00  0.8000E+01
 -11.826  0.0000E+00  0.8000E+01
 -11.821  0.0000E+00  0.8000E+01
 -11.816  0.0000E+00  0.8000E+01
 -11.811  0.0000E+00  0.8000E+01
 -11.806  0.0000E+00  0.8000E+01
 -11.801  0.0000E+00  0.8000E+01
 -11.796  0.0000E+00  0.8000E+01
 -11.791  0.0000E+00  0.8000E+01
 -11.786  0.0000E+00  0.8000E+01
 -11.781  0.0000E+00  0.8000E+01
 -11.776  0.0000E+00  0.8000E+01
 -11.771  0.0000E+00  0.8000E+01
 -11.766  0.0000E+00  0.8000E+01
 -11.761  0.0000E+00  0.8000E+01
 -11.756  0.0000E+00  0.8000E+01
 -11.751  0.0000E+00  0.8000E+01
 -11.746  0.0000E+00  0.8000E+01
 -11.741  0.0000E+00  0.8000E+01
 -11.736  0.0000E+00  0.8000E+01
 -11.731  0.0000E+00  0.8000E+01
 -11.726  0.0000E+00  0.8000E+01
 -11.721  0.0000E+00  0.8000E+01
 -11.716  0.0000E+00  0.8000E+01
 -11.711  0.0000E+00  0.8000E+01
 -11.706  0.0000E+00  0.8000E+01
 -11.701  0.0000E+00  0.8000E+01
 -11.696  0.0000E+00  0.8000E+01
 -11.691  0.0000E+00  0.8000E+01
 -11.686  0.0000E+00  0.8000E+01
 -11.681  0.0000E+00  0.8000E+01
 -11.676  0.0000E+00  0.8000E+01
 -11.671  0.0000E+00  0.8000E+01
 -11.666  0.0000E+00  0.8000E+01
 -11.661  0.0000E+00  0.8000E+01
 -11.656  0.0000E+00  0.8000E+01
 -11.651  0.0000E+00  0.8000E+01
 -11.646  0.0000E+00  0.8000E+01
 -11.641  0.0000E+00  0.8000E+01
 -11.636  0.0000E+00  0.8000E+01
 -11.631  0.0000E+00  0.8000E+01
 -11.626  0.0000E+00  0.8000E+01
 -11.621  0.0000E+00  0.8000E+01
 -11.616  0.0000E+00  0.8000E+01
 -11.611  0.0000E+00  0.8000E+01
 -11.606  0.0000E+00  0.8000E+01
 -11.601  0.0000E+00  0.8000E+01
 -11.596  0.0000E+00  0.8000E+01
 -11.591  0.0000E+00  0.8000E+01
 -11.586  0.0000E+00  0.8000E+01
 -11.581  0.0000E+00  0.8000E+01
 -11.576  0.0000E+00  0.8000E+01
 -11.571  0.0000E+00  0.8000E+01
 -11.566  0.0000E+00  0.8000E+01
 -11.561  0.0000E+00  0.8000E+01
 -11.556  0.0000E+00  0.8000E+01
 -11.551  0.0000E+00  0.8000E+01
 -11.546  0.0000E+00  0.8000E+01
 -11.541  0.0000E+00  0.8000E+01
 -11.536  0.0000E+00  0.8000E+01
 -11.531  0.0000E+00  0.8000E+01
 -11.526  0.0000E+00  0.8000E+01
 -11.521  0.0000E+00  0.8000E+01
 -11.516  0.0000E+00  0.8000E+01
 -11.511  0.0000E+00  0.8000E+01
 -11.506  0.0000E+00  0.8000E+01
 -11.501  0.0000E+00  0.8000E+01
 -11.496  0.0000E+00  0.8000E+01
 -11.491  0.0000E+00  0.8000E+01
 -11.486  0.0000E+00  0.8000E+01
 -11.481  0.0000E+00  0.8000E+01
 -11.476  0.0000E+00  0.8000E+01
 -11.471  0.0000E+00  0.8000E+01
 -11.466  0.0000E+00  0.8000E+01
 -11.461  0.0000E+00  0.8000E+01
 -11.456  0.0000E+00  0.8000E+01
 -11.451  0.0000E+00  0.8000E+01
 -11.446  0.0000E+00  0.8000E+01
 -11.441  0.0000E+00  0.8000E+01
 -11.436  0.0000E+00  0.8000E+01
 -11.431  0.0000E+00  0.8000E+01
 -11.426  0.0000E+00  0.8000E+01
 -11.421  0.0000E+00  0.8000E+01
 -11.416  0.0000E+00  0.8000E+01
 -11.411  0.0000E+00  0.8000E+01
 -11.406  0.0000E+00  0.8000E+01
 -11.401  0.0000E+00  0.8000E+01
 -11.396  0.0000E+00  0.8000E+01
 -11.391  0.0000E+00  0.8000E+01
 -11.386  0.0000E+00  0.8000E+01
 -11.381  0.0000E+00  0.8000E+01
 -11.376  0.0000E+00  0.8000E+01
 -11.371  0.0000E+00  0.8000E+01
 -11.366  0.0000E+00  0.8000E+01
 -11.361  0.0000E+00  0.8000E+01
 -11.356  0.0000E+00  0.8000E+01
 -11.351  0.0000E+00  0.8000E+01
 -11.346  0.0000E+00  0.8000E+01
 -11.341  0.0000E+00  0.8000E+01
 -11.336  0.0000E+00  0.8000E+01
 -11.331  0.0000E+00  0.8000E+01
 -11.326  0.0000E+00  0.8000E+01
 -11.321  0.0000E+00  0.8000E+01
 -11.316  0.0000E+00  0.8000E+01
 -11.311  0.0000E+00  0.8000E+01
 -11.306  0.0000E+00  0.8000E+01
 -11.301  0.0000E+00  0.8000E+01
 -11.296  0.0000E+00  0.8000E+01
 -11.291  0.0000E+00  0.8000E+01
 -11.286  0.0000E+00  0.8000E+01
 -11.281  0.0000E+00  0.8000E+01
 -11.276  0.0000E+00  0.8000E+01
 -11.271  0.0000E+00  0.8000E+01
 -11.266  0.0000E+00  0.8000E+01
 -11.261  0.0000E+00  0.8000E+01
 -11.256  0.0000E+00  0.8000E+01
 -11.251  0.0000E+00  0.8000E+01
 -11.246  0.0000E+00  0.8000E+01
 -11.241  0.0000E+00  0.8000E+01
 -11.236  0.0000E+00  0.8000E+01
 -11.231  0.0000E+00  0.8000E+01
 -11.226  0.0000E+00  0.8000E+01
 -11.221  0.0000E+00  0.8000E+01
 -11.216  0.0000E+00  0.8000E+01
 -11.211  0.0000E+00  0.8000E+01
 -11.206  0.0000E+00  0.8000E+01
 -11.201  0.0000E+00  0.8000E+01
 -11.196  0.0000E+00  0.8000E+01
 -11.191  0.0000E+00  0.8000E+01
 -11.186  0.0000E+00  0.8000E+01
 -11.181  0.0000E+00  0.8000E+01
 -11.176  0.0000E+00  0.8000E+01
 -11.171  0.0000E+00  0.8000E+01
 -11.166  0.0000E+00  0.8000E+01
 -11.161  0.0000E+00  0.8000E+01
 -11.156  0.0000E+00  0.8000E+01
 -11.151  0.0000E+00  0.8000E+01
 -11.146  0.0000E+00  0.8000E+01
 -11.141  0.0000E+00  0.8000E+01
 -11.136  0.0000E+00  0.8000E+01
 -11.131  0.0000E+00  0.8000E+01
 -11.126  0.0000E+00  0.8000E+01
 -11.121  0.0000E+00  0.8000E+01
 -11.116  0.0000E+00  0.8000E+01
 -11.111  0.0000E+00  0.8000E+01
 -11.106  0.0000E+00  0.8000E+01
 -11.101  0.0000E+00  0.8000E+01
 -11.096  0.0000E+00  0.8000E+01
 -11.091  0.0000E+00  0.8000E+01
 -11.086  0.0000E+00  0.8000E+01
 -11.081  0.0000E+00  0.8000E+01
 -11.076  0.0000E+00  0.8000E+01
 -11.071  0.0000E+00  0.8000E+01
 -11.066  0.0000E+00  0.8000E+01
 -11.061  0.0000E+00  0.8000E+01
 -11.056  0.0000E+00  0.8000E+01
 -11.051  0.0000E+00  0.8000E+01
 -11.046  0.0000E+00  0.8000E+01
 -11.041  0.0000E+00  0.8000E+01
 -11.036  0.0000E+00  0.8000E+01
 -11.031  0.0000E+00  0.8000E+01
 -11.026  0.0000E+00  0.8000E+01
 -11.021  0.0000E+00  0.8000E+01
 -11.016  0.0000E+00  0.8000E+01
 -11.011  0.0000E+00  0.8000E+01
 -11.006  0.0000E+00  0.8000E+01
 -11.001  0.0000E+00  0.8000E+01
 -10.996  0.0000E+00  0.8000E+01
 -10.991  0.0000E+00  0.8000E+01
 -10.986  0.0000E+00  0.8000E+01
 -10.981  0.0000E+00  0.8000E+01
 -10.976  0.0000E+00  0.8000E+01
 -10.971  0.0000E+00  0.8000E+01
 -10.966  0.0000E+00  0.8000E+01
 -10.961  0.0000E+00  0.8000E+01
 -10.956  0.0000E+00  0.8000E+01
 -10.951  0.0000E+00  0.8000E+01
 -10.946  0.0000E+00  0.8000E+01
 -10.941  0.0000E+00  0.8000E+01
 -10.936  0.0000E+00  0.8000E+01
 -10.931  0.0000E+00  0.8000E+01
 -10.926  0.0000E+00  0.8000E+01
 -10.921  0.0000E+00  0.8000E+01
 -10.916  0.0000E+00  0.8000E+01
 -10.911  0.0000E+00  0.8000E+01
 -10.906  0.0000E+00  0.8000E+01
 -10.901  0.0000E+00  0.8000E+01
 -10.896  0.0000E+00  0.8000E+01
 -10.891  0.0000E+00  0.8000E+01
 -10.886  0.0000E+00  0.8000E+01
 -10.881  0.0000E+00  0.8000E+01
 -10.876  0.0000E+00  0.8000E+01
 -10.871  0.0000E+00  0.8000E+01
 -10.866  0.0000E+00  0.8000E+01
 -10.861  0.0000E+00  0.8000E+01
 -10.856  0.0000E+00  0.8000E+01
 -10.851  0.0000E+00  0.8000E+01
 -10.846  0.0000E+00  0.8000E+01
 -10.841  0.0000E+00  0.8000E+01
 -10.836  0.0000E+00  0.8000E+01
 -10.831  0.0000E+00  0.8000E+01
 -10.826  0.0000E+00  0.8000E+01
 -10.821  0.0000E+00  0.8000E+01
 -10.816  0.0000E+00  0.8000E+01
 -10.811  0.0000E+00  0.8000E+01
 -10.806  0.0000E+00  0.8000E+01
 -10.801  0.0000E+00  0.8000E+01
 -10.796  0.0000E+00  0.8000E+01
 -10.791  0.0000E+00  0.8000E+01
 -10.786  0.0000E+00  0.8000E+01
 -10.781  0.0000E+00  0.8000E+01
 -10.776  0.0000E+00  0.8000E+01
 -10.771  0.0000E+00  0.8000E+01
 -10.766  0.0000E+00  0.8000E+01
 -10.761  0.0000E+00  0.8000E+01
 -10.756  0.0000E+00  0.8000E+01
 -10.751  0.0000E+00  0.8000E+01
 -10.746  0.0000E+00  0.8000E+01
 -10.741  0.0000E+00  0.8000E+01
 -10.736  0.0000E+00  0.8000E+01
 -10.731  0.0000E+00  0.8000E+01
 -10.726  0.0000E+00  0.8000E+01
 -10.721  0.0000E+00  0.8000E+01
 -10.716  0.0000E+00  0.8000E+01
 -10.711  0.0000E+00  0.8000E+01
 -10.706  0.0000E+00  0.8000E+01
 -10.701  0.0000E+00  0.8000E+01
 -10.696  0.0000E+00  0.8000E+01
 -10.691  0.0000E+00  0.8000E+01
 -10.686  0.0000E+00  0.8000E+01
 -10.681  0.0000E+00  0.8000E+01
 -10.676  0.0000E+00  0.8000E+01
 -10.671  0.0000E+00  0.8000E+01
 -10.666  0.0000E+00  0.8000E+01
 -10.661  0.0000E+00  0.8000E+01
 -10.656  0.0000E+00  0.8000E+01
 -10.651  0.0000E+00  0.8000E+01
 -10.646  0.0000E+00  0.8000E+01
 -10.641  0.0000E+00  0.8000E+01
 -10.636  0.0000E+00  0.8000E+01
 -10.631  0.0000E+00  0.8000E+01
 -10.626  0.0000E+00  0.8000E+01
 -10.621  0.0000E+00  0.8000E+01
 -10.616  0.0000E+00  0.8000E+01
 -10.611  0.0000E+00  0.8000E+01
 -10.606  0.0000E+00  0.8000E+01
 -10.601  0.0000E+00  0.8000E+01
 -10.596  0.0000E+00  0.8000E+01
 -10.591  0.0000E+00  0.8000E+01
 -10.586  0.0000E+00  0.8000E+01
 -10.581  0.0000E+00  0.8000E+01
 -10.576  0.0000E+00  0.8000E+01
 -10.571  0.0000E+00  0.8000E+01
 -10.566  0.0000E+00  0.8000E+01
 -10.561  0.0000E+00  0.8000E+01
 -10.556  0.0000E+00  0.8000E+01
 -10.551  0.0000E+00  0.8000E+01
 -10.546  0.0000E+00  0.8000E+01
 -10.541  0.0000E+00  0.8000E+01
 -10.536  0.0000E+00  0.8000E+01
 -10.531  0.0000E+00  0.8000E+01
 -10.526  0.0000E+00  0.8000E+01
 -10.521  0.0000E+00  0.8000E+01
 -10.516  0.0000E+00  0.8000E+01
 -10.511  0.0000E+00  0.8000E+01
 -10.506  0.0000E+00  0.8000E+01
 -10.501  0.0000E+00  0.8000E+01
 -10.496  0.0000E+00  0.8000E+01
 -10.491  0.0000E+00  0.8000E+01
 -10.486  0.0000E+00  0.8000E+01
 -10.481  0.0000E+00  0.8000E+01
 -10.476  0.0000E+00  0.8000E+01
 -10.471  0.0000E+00  0.8000E+01
 -10.466  0.0000E+00  0.8000E+01
 -10.461  0.0000E+00  0.8000E+01
 -10.456  0.0000E+00  0.8000E+01
 -10.451  0.0000E+00  0.8000E+01
 -10.446  0.0000E+00  0.8000E+01
 -10.441  0.0000E+00  0.8000E+01
 -10.436  0.0000E+00  0.8000E+01
 -10.431  0.0000E+00  0.8000E+01
 -10.426  0.0000E+00  0.8000E+01
 -10.421  0.0000E+00  0.8000E+01
 -10.416  0.0000E+00  0.8000E+01
 -10.411  0.0000E+00  0.8000E+01
 -10.406  0.0000E+00  0.8000E+01
 -10.401  0.0000E+00  0.8000E+01
 -10.396  0.0000E+00  0.8000E+01
 -10.391  0.0000E+00  0.8000E+01
 -10.386  0.0000E+00  0.8000E+01
 -10.381  0.0000E+00  0.8000E+01
 -10.376  0.0000E+00  0.8000E+01
 -10.371  0.0000E+00  0.8000E+01
 -10.366  0.0000E+00  0.8000E+01
 -10.361  0.0000E+00  0.8000E+01
 -10.356  0.0000E+00  0.8000E+01
 -10.351  0.0000E+00  0.8000E+01
 -10.346  0.0000E+00  0.8000E+01
 -10.341  0.0000E+00  0.8000E+01
 -10.336  0.0000E+00  0.8000E+01
 -10.331  0.0000E+00  0.8000E+01
 -10.326  0.0000E+00  0.8000E+01
 -10.321  0.0000E+00  0.8000E+01
 -10.316  0.0000E+00  0.8000E+01
 -10.311  0.0000E+00  0.8000E+01
 -10.306  0.0000E+00  0.8000E+01
 -10.301  0.0000E+00  0.8000E+01
 -10.296  0.0000E+00  0.8000E+01
 -10.291  0.0000E+00  0.8000E+01
 -10.286  0.0000E+00  0.8000E+01
 -10.281  0.0000E+00  0.8000E+01
 -10.276  0.0000E+00  0.8000E+01
 -10.271  0.0000E+00  0.8000E+01
 -10.266  0.0000E+00  0.8000E+01
 -10.261  0.0000E+00  0.8000E+01
 -10.256  0.0000E+00  0.8000E+01
 -10.251  0.0000E+00  0.8000E+01
 -10.246  0.0000E+00  0.8000E+01
 -10.241  0.0000E+00  0.8000E+01
 -10.236  0.0000E+00  0.8000E+01
 -10.231  0.0000E+00  0.8000E+01
 -10.226  0.0000E+00  0.8000E+01
 -10.221  0.0000E+00  0.8000E+01
 -10.216  0.0000E+00  0.8000E+01
 -10.211  0.0000E+00  0.8000E+01
 -10.206  0.0000E+00  0.8000E+01
 -10.201  0.0000E+00  0.8000E+01
 -10.196  0.0000E+00  0.8000E+01
 -10.191  0.0000E+00  0.8000E+01
 -10.186  0.0000E+00  0.8000E+01
 -10.181  0.0000E+00  0.8000E+01
 -10.176  0.0000E+00  0.8000E+01
 -10.171  0.0000E+00  0.8000E+01
 -10.166  0.0000E+00  0.8000E+01
 -10.161  0.0000E+00  0.8000E+01
 -10.156  0.0000E+00  0.8000E+01
 -10.151  0.0000E+00  0.8000E+01
 -10.146  0.0000E+00  0.8000E+01
 -10.141  0.0000E+00  0.8000E+01
 -10.136  0.0000E+00  0.8000E+01
 -10.131  0.0000E+00  0.8000E+01
 -10.126  0.0000E+00  0.8000E+01
 -10.121  0.0000E+00  0.8000E+01
 -10.116  0.0000E+00  0.8000E+01
 -10.111  0.0000E+00  0.8000E+01
 -10.106  0.0000E+00  0.8000E+01
 -10.101  0.0000E+00  0.8000E+01
 -10.096  0.0000E+00  0.8000E+01
 -10.091  0.0000E+00  0.8000E+01
 -10.086  0.0000E+00  0.8000E+01
 -10.081  0.0000E+00  0.8000E+01
 -10.076  0.0000E+00  0.8000E+01
 -10.071  0.0000E+00  0.8000E+01
 -10.066  0.0000E+00  0.8000E+01
 -10.061  0.0000E+00  0.8000E+01
 -10.056  0.0000E+00  0.8000E+01
 -10.051  0.0000E+00  0.8000E+01
 -10.046  0.0000E+00  0.8000E+01
 -10.041  0.0000E+00  0.8000E+01
 -10.036  0.0000E+00  0.8000E+01
 -10.031  0.0000E+00  0.8000E+01
 -10.026  0.0000E+00  0.8000E+01
 -10.021  0.0000E+00  0.8000E+01
 -10.016  0.0000E+00  0.8000E+01
 -10.011  0.0000E+00  0.8000E+01
 -10.006  0.0000E+00  0.8000E+01
 -10.001  0.0000E+00  0.8000E+01
  -9.996  0.0000E+00  0.8000E+01
  -9.991  0.0000E+00  0.8000E+01
  -9.986  0.0000E+00  0.8000E+01
  -9.981  0.0000E+00  0.8000E+01
  -9.976  0.0000E+00  0.8000E+01
  -9.971  0.0000E+00  0.8000E+01
  -9.966  0.0000E+00  0.8000E+01
  -9.961  0.0000E+00  0.8000E+01
  -9.956  0.0000E+00  0.8000E+01
  -9.951  0.0000E+00  0.8000E+01
  -9.946  0.0000E+00  0.8000E+01
  -9.941  0.0000E+00  0.8000E+01
  -9.936  0.0000E+00  0.8000E+01
  -9.931  0.0000E+00  0.8000E+01
  -9.926  0.0000E+00  0.8000E+01
  -9.921  0.0000E+00  0.8000E+01
  -9.916  0.0000E+00  0.8000E+01
  -9.911  0.0000E+00  0.8000E+01
  -9.906  0.0000E+00  0.8000E+01
  -9.901  0.0000E+00  0.8000E+01
  -9.896  0.0000E+00  0.8000E+01
  -9.891  0.0000E+00  0.8000E+01
  -9.886  0.0000E+00  0.8000E+01
  -9.881  0.0000E+00  0.8000E+01
  -9.876  0.0000E+00  0.8000E+01
  -9.871  0.0000E+00  0.8000E+01
  -9.866  0.0000E+00  0.8000E+01
  -9.861  0.0000E+00  0.8000E+01
  -9.856  0.0000E+00  0.8000E+01
  -9.851  0.0000E+00  0.8000E+01
  -9.846  0.0000E+00  0.8000E+01
  -9.841  0.0000E+00  0.8000E+01
  -9.836  0.0000E+00  0.8000E+01
  -9.831  0.0000E+00  0.8000E+01
  -9.826  0.0000E+00  0.8000E+01
  -9.821  0.0000E+00  0.8000E+01
  -9.816  0.0000E+00  0.8000E+01
  -9.811  0.0000E+00  0.8000E+01
  -9.806  0.0000E+00  0.8000E+01
  -9.801  0.0000E+00  0.8000E+01
  -9.796  0.0000E+00  0.8000E+01
  -9.791  0.0000E+00  0.8000E+01
  -9.786  0.0000E+00  0.8000E+01
  -9.781  0.0000E+00  0.8000E+01
  -9.776  0.0000E+00  0.8000E+01
  -9.771  0.0000E+00  0.8000E+01
  -9.766  0.0000E+00  0.8000E+01
  -9.761  0.0000E+00  0.8000E+01
  -9.756  0.0000E+00  0.8000E+01
  -9.751  0.0000E+00  0.8000E+01
  -9.746  0.0000E+00  0.8000E+01
  -9.741  0.0000E+00  0.8000E+01
  -9.736  0.0000E+00  0.8000E+01
  -9.731  0.0000E+00  0.8000E+01
  -9.726  0.0000E+00  0.8000E+01
  -9.721  0.0000E+00  0.8000E+01
  -9.716  0.0000E+00  0.8000E+01
  -9.711  0.0000E+00  0.8000E+01
  -9.706  0.0000E+00  0.8000E+01
  -9.701  0.0000E+00  0.8000E+01
  -9.696  0.0000E+00  0.8000E+01
  -9.691  0.0000E+00  0.8000E+01
  -9.686  0.0000E+00  0.8000E+01
  -9.681  0.0000E+00  0.8000E+01
  -9.676  0.0000E+00  0.8000E+01
  -9.671  0.0000E+00  0.8000E+01
  -9.666  0.0000E+00  0.8000E+01
  -9.661  0.0000E+00  0.8000E+01
  -9.656  0.0000E+00  0.8000E+01
  -9.651  0.0000E+00  0.8000E+01
  -9.646  0.0000E+00  0.8000E+01
  -9.641  0.0000E+00  0.8000E+01
  -9.636  0.0000E+00  0.8000E+01
  -9.631  0.0000E+00  0.8000E+01
  -9.626  0.0000E+00  0.8000E+01
  -9.621  0.0000E+00  0.8000E+01
  -9.616  0.0000E+00  0.8000E+01
  -9.611  0.0000E+00  0.8000E+01
  -9.606  0.0000E+00  0.8000E+01
  -9.601  0.0000E+00  0.8000E+01
  -9.596  0.0000E+00  0.8000E+01
  -9.591  0.0000E+00  0.8000E+01
  -9.586  0.0000E+00  0.8000E+01
  -9.581  0.0000E+00  0.8000E+01
  -9.576  0.0000E+00  0.8000E+01
  -9.571  0.0000E+00  0.8000E+01
  -9.566  0.0000E+00  0.8000E+01
  -9.561  0.0000E+00  0.8000E+01
  -9.556  0.0000E+00  0.8000E+01
  -9.551  0.0000E+00  0.8000E+01
  -9.546  0.0000E+00  0.8000E+01
  -9.541  0.0000E+00  0.8000E+01
  -9.536  0.0000E+00  0.8000E+01
  -9.531  0.0000E+00  0.8000E+01
  -9.526  0.0000E+00  0.8000E+01
  -9.521  0.0000E+00  0.8000E+01
  -9.516  0.0000E+00  0.8000E+01
  -9.511  0.0000E+00  0.8000E+01
  -9.506  0.0000E+00  0.8000E+01
  -9.501  0.0000E+00  0.8000E+01
  -9.496  0.0000E+00  0.8000E+01
  -9.491  0.0000E+00  0.8000E+01
  -9.486  0.0000E+00  0.8000E+01
  -9.481  0.0000E+00  0.8000E+01
  -9.476  0.0000E+00  0.8000E+01
  -9.471  0.0000E+00  0.8000E+01
  -9.466  0.0000E+00  0.8000E+01
  -9.461  0.0000E+00  0.8000E+01
  -9.456  0.0000E+00  0.8000E+01
  -9.451  0.0000E+00  0.8000E+01
  -9.446  0.0000E+00  0.8000E+01
  -9.441  0.0000E+00  0.8000E+01
  -9.436  0.0000E+00  0.8000E+01
  -9.431  0.0000E+00  0.8000E+01
  -9.426  0.0000E+00  0.8000E+01
  -9.421  0.0000E+00  0.8000E+01
  -9.416  0.0000E+00  0.8000E+01
  -9.411  0.0000E+00  0.8000E+01
  -9.406  0.0000E+00  0.8000E+01
  -9.401  0.0000E+00  0.8000E+01
  -9.396  0.0000E+00  0.8000E+01
  -9.391  0.0000E+00  0.8000E+01
  -9.386  0.0000E+00  0.8000E+01
  -9.381  0.0000E+00  0.8000E+01
  -9.376  0.0000E+00  0.8000E+01
  -9.371  0.0000E+00  0.8000E+01
  -9.366  0.0000E+00  0.8000E+01
  -9.361  0.0000E+00  0.8000E+01
  -9.356  0.0000E+00  0.8000E+01
  -9.351  0.0000E+00  0.8000E+01
  -9.346  0.0000E+00  0.8000E+01
  -9.341  0.0000E+00  0.8000E+01
  -9.336  0.0000E+00  0.8000E+01
  -9.331  0.0000E+00  0.8000E+01
  -9.326  0.0000E+00  0.8000E+01
  -9.321  0.0000E+00  0.8000E+01
  -9.316  0.0000E+00  0.8000E+01
  -9.311  0.0000E+00  0.8000E+01
  -9.306  0.0000E+00  0.8000E+01
  -9.301  0.0000E+00  0.8000E+01
  -9.296  0.0000E+00  0.8000E+01
  -9.291  0.0000E+00  0.8000E+01
  -9.286  0.0000E+00  0.8000E+01
  -9.281  0.0000E+00  0.8000E+01
  -9.276  0.0000E+00  0.8000E+01
  -9.271  0.0000E+00  0.8000E+01
  -9.266  0.0000E+00  0.8000E+01
  -9.261  0.0000E+00  0.8000E+01
  -9.256  0.0000E+00  0.8000E+01
  -9.251  0.0000E+00  0.8000E+01
  -9.246  0.0000E+00  0.8000E+01
  -9.241  0.0000E+00  0.8000E+01
  -9.236  0.0000E+00  0.8000E+01
  -9.231  0.0000E+00  0.8000E+01
  -9.226  0.0000E+00  0.8000E+01
  -9.221  0.0000E+00  0.8000E+01
  -9.216  0.0000E+00  0.8000E+01
  -9.211  0.0000E+00  0.8000E+01
  -9.206  0.0000E+00  0.8000E+01
  -9.201  0.0000E+00  0.8000E+01
  -9.196  0.0000E+00  0.8000E+01
  -9.191  0.0000E+00  0.8000E+01
  -9.186  0.0000E+00  0.8000E+01
  -9.181  0.0000E+00  0.8000E+01
  -9.176  0.0000E+00  0.8000E+01
  -9.171  0.0000E+00  0.8000E+01
  -9.166  0.0000E+00  0.8000E+01
  -9.161  0.0000E+00  0.8000E+01
  -9.156  0.0000E+00  0.8000E+01
  -9.151  0.0000E+00  0.8000E+01
  -9.146  0.0000E+00  0.8000E+01
  -9.141  0.0000E+00  0.8000E+01
  -9.136  0.0000E+00  0.8000E+01
  -9.131  0.0000E+00  0.8000E+01
  -9.126  0.0000E+00  0.8000E+01
  -9.121  0.0000E+00  0.8000E+01
  -9.116  0.0000E+00  0.8000E+01
  -9.111  0.0000E+00  0.8000E+01
  -9.106  0.0000E+00  0.8000E+01
  -9.101  0.0000E+00  0.8000E+01
  -9.096  0.0000E+00  0.8000E+01
  -9.091  0.0000E+00  0.8000E+01
  -9.086  0.0000E+00  0.8000E+01
  -9.081  0.0000E+00  0.8000E+01
  -9.076  0.0000E+00  0.8000E+01
  -9.071  0.0000E+00  0.8000E+01
  -9.066  0.0000E+00  0.8000E+01
  -9.061  0.0000E+00  0.8000E+01
  -9.056  0.0000E+00  0.8000E+01
  -9.051  0.0000E+00  0.8000E+01
  -9.046  0.0000E+00  0.8000E+01
  -9.041  0.0000E+00  0.8000E+01
  -9.036  0.0000E+00  0.8000E+01
  -9.031  0.0000E+00  0.8000E+01
  -9.026  0.0000E+00  0.8000E+01
  -9.021  0.0000E+00  0.8000E+01
  -9.016  0.0000E+00  0.8000E+01
  -9.011  0.0000E+00  0.8000E+01
  -9.006  0.0000E+00  0.8000E+01
  -9.001  0.0000E+00  0.8000E+01
  -8.996  0.0000E+00  0.8000E+01
  -8.991  0.0000E+00  0.8000E+01
  -8.986  0.0000E+00  0.8000E+01
  -8.981  0.0000E+00  0.8000E+01
  -8.976  0.0000E+00  0.8000E+01
  -8.971  0.0000E+00  0.8000E+01
  -8.966  0.0000E+00  0.8000E+01
  -8.961  0.0000E+00  0.8000E+01
  -8.956  0.0000E+00  0.8000E+01
  -8.951  0.0000E+00  0.8000E+01
  -8.946  0.0000E+00  0.8000E+01
  -8.941  0.0000E+00  0.8000E+01
  -8.936  0.0000E+00  0.8000E+01
  -8.931  0.0000E+00  0.8000E+01
  -8.926  0.0000E+00  0.8000E+01
  -8.921  0.0000E+00  0.8000E+01
  -8.916  0.0000E+00  0.8000E+01
  -8.911  0.0000E+00  0.8000E+01
  -8.906  0.0000E+00  0.8000E+01
  -8.901  0.0000E+00  0.8000E+01
  -8.896  0.0000E+00  0.8000E+01
  -8.891  0.0000E+00  0.8000E+01
  -8.886  0.0000E+00  0.8000E+01
  -8.881  0.0000E+00  0.8000E+01
  -8.876  0.0000E+00  0.8000E+01
  -8.871  0.0000E+00  0.8000E+01
  -8.866  0.0000E+00  0.8000E+01
  -8.861  0.0000E+00  0.8000E+01
  -8.856  0.0000E+00  0.8000E+01
  -8.851  0.0000E+00  0.8000E+01
  -8.846  0.0000E+00  0.8000E+01
  -8.841  0.0000E+00  0.8000E+01
  -8.836  0.0000E+00  0.8000E+01
  -8.831  0.0000E+00  0.8000E+01
  -8.826  0.0000E+00  0.8000E+01
  -8.821  0.0000E+00  0.8000E+01
  -8.816  0.0000E+00  0.8000E+01
  -8.811  0.0000E+00  0.8000E+01
  -8.806  0.0000E+00  0.8000E+01
  -8.801  0.0000E+00  0.8000E+01
  -8.796  0.0000E+00  0.8000E+01
  -8.791  0.0000E+00  0.8000E+01
  -8.786  0.0000E+00  0.8000E+01
  -8.781  0.0000E+00  0.8000E+01
  -8.776  0.0000E+00  0.8000E+01
  -8.771  0.0000E+00  0.8000E+01
  -8.766  0.0000E+00  0.8000E+01
  -8.761  0.0000E+00  0.8000E+01
  -8.756  0.0000E+00  0.8000E+01
  -8.751  0.0000E+00  0.8000E+01
  -8.746  0.0000E+00  0.8000E+01
  -8.741  0.0000E+00  0.8000E+01
  -8.736  0.0000E+00  0.8000E+01
  -8.731  0.0000E+00  0.8000E+01
  -8.726  0.0000E+00  0.8000E+01
  -8.721  0.0000E+00  0.8000E+01
  -8.716  0.0000E+00  0.8000E+01
  -8.711  0.0000E+00  0.8000E+01
  -8.706  0.0000E+00  0.8000E+01
  -8.701  0.0000E+00  0.8000E+01
  -8.696  0.0000E+00  0.8000E+01
  -8.691  0.0000E+00  0.8000E+01
  -8.686  0.0000E+00  0.8000E+01
  -8.681  0.0000E+00  0.8000E+01
  -8.676  0.0000E+00  0.8000E+01
  -8.671  0.0000E+00  0.8000E+01
  -8.666  0.0000E+00  0.8000E+01
  -8.661  0.0000E+00  0.8000E+01
  -8.656  0.0000E+00  0.8000E+01
  -8.651  0.0000E+00  0.8000E+01
  -8.646  0.0000E+00  0.8000E+01
  -8.641  0.0000E+00  0.8000E+01
  -8.636  0.0000E+00  0.8000E+01
  -8.631  0.0000E+00  0.8000E+01
  -8.626  0.0000E+00  0.8000E+01
  -8.621  0.0000E+00  0.8000E+01
  -8.616  0.0000E+00  0.8000E+01
  -8.611  0.0000E+00  0.8000E+01
  -8.606  0.0000E+00  0.8000E+01
  -8.601  0.0000E+00  0.8000E+01
  -8.596  0.0000E+00  0.8000E+01
  -8.591  0.0000E+00  0.8000E+01
  -8.586  0.0000E+00  0.8000E+01
  -8.581  0.0000E+00  0.8000E+01
  -8.576  0.0000E+00  0.8000E+01
  -8.571  0.0000E+00  0.8000E+01
  -8.566  0.0000E+00  0.8000E+01
  -8.561  0.0000E+00  0.8000E+01
  -8.556  0.0000E+00  0.8000E+01
  -8.551  0.0000E+00  0.8000E+01
  -8.546  0.0000E+00  0.8000E+01
  -8.541  0.0000E+00  0.8000E+01
  -8.536  0.0000E+00  0.8000E+01
  -8.531  0.0000E+00  0.8000E+01
  -8.526  0.0000E+00  0.8000E+01
  -8.521  0.0000E+00  0.8000E+01
  -8.516  0.0000E+00  0.8000E+01
  -8.511  0.0000E+00  0.8000E+01
  -8.506  0.0000E+00  0.8000E+01
  -8.501  0.0000E+00  0.8000E+01
  -8.496  0.0000E+00  0.8000E+01
  -8.491  0.0000E+00  0.8000E+01
  -8.486  0.0000E+00  0.8000E+01
  -8.481  0.0000E+00  0.8000E+01
  -8.476  0.0000E+00  0.8000E+01
  -8.471  0.0000E+00  0.8000E+01
  -8.466  0.0000E+00  0.8000E+01
  -8.461  0.0000E+00  0.8000E+01
  -8.456  0.0000E+00  0.8000E+01
  -8.451  0.0000E+00  0.8000E+01
  -8.446  0.0000E+00  0.8000E+01
  -8.441  0.0000E+00  0.8000E+01
  -8.436  0.0000E+00  0.8000E+01
  -8.431  0.0000E+00  0.8000E+01
  -8.426  0.0000E+00  0.8000E+01
  -8.421  0.0000E+00  0.8000E+01
  -8.416  0.0000E+00  0.8000E+01
  -8.411  0.0000E+00  0.8000E+01
  -8.406  0.0000E+00  0.8000E+01
  -8.401  0.0000E+00  0.8000E+01
  -8.396  0.0000E+00  0.8000E+01
  -8.391  0.0000E+00  0.8000E+01
  -8.386  0.0000E+00  0.8000E+01
  -8.381  0.0000E+00  0.8000E+01
  -8.376  0.0000E+00  0.8000E+01
  -8.371  0.0000E+00  0.8000E+01
  -8.366  0.0000E+00  0.8000E+01
  -8.361  0.0000E+00  0.8000E+01
  -8.356  0.0000E+00  0.8000E+01
  -8.351  0.0000E+00  0.8000E+01
  -8.346  0.0000E+00  0.8000E+01
  -8.341  0.0000E+00  0.8000E+01
  -8.336  0.0000E+00  0.8000E+01
  -8.331  0.0000E+00  0.8000E+01
  -8.326  0.0000E+00  0.8000E+01
  -8.321  0.0000E+00  0.8000E+01
  -8.316  0.0000E+00  0.8000E+01
  -8.311  0.0000E+00  0.8000E+01
  -8.306  0.0000E+00  0.8000E+01
  -8.301  0.0000E+00  0.8000E+01
  -8.296  0.0000E+00  0.8000E+01
  -8.291  0.0000E+00  0.8000E+01
  -8.286  0.0000E+00  0.8000E+01
  -8.281  0.0000E+00  0.8000E+01
  -8.276  0.0000E+00  0.8000E+01
  -8.271  0.0000E+00  0.8000E+01
  -8.266  0.0000E+00  0.8000E+01
  -8.261  0.0000E+00  0.8000E+01
  -8.256  0.0000E+00  0.8000E+01
  -8.251  0.0000E+00  0.8000E+01
  -8.246  0.0000E+00  0.8000E+01
  -8.241  0.0000E+00  0.8000E+01
  -8.236  0.0000E+00  0.8000E+01
  -8.231  0.0000E+00  0.8000E+01
  -8.226  0.0000E+00  0.8000E+01
  -8.221  0.0000E+00  0.8000E+01
  -8.216  0.0000E+00  0.8000E+01
  -8.211  0.0000E+00  0.8000E+01
  -8.206  0.0000E+00  0.8000E+01
  -8.201  0.0000E+00  0.8000E+01
  -8.196  0.0000E+00  0.8000E+01
  -8.191  0.0000E+00  0.8000E+01
  -8.186  0.0000E+00  0.8000E+01
  -8.181  0.0000E+00  0.8000E+01
  -8.176  0.0000E+00  0.8000E+01
  -8.171  0.0000E+00  0.8000E+01
  -8.166  0.0000E+00  0.8000E+01
  -8.161  0.0000E+00  0.8000E+01
  -8.156  0.0000E+00  0.8000E+01
  -8.151  0.0000E+00  0.8000E+01
  -8.146  0.0000E+00  0.8000E+01
  -8.141  0.0000E+00  0.8000E+01
  -8.136  0.0000E+00  0.8000E+01
  -8.131  0.0000E+00  0.8000E+01
  -8.126  0.0000E+00  0.8000E+01
  -8.121  0.0000E+00  0.8000E+01
  -8.116  0.0000E+00  0.8000E+01
  -8.111  0.0000E+00  0.8000E+01
  -8.106  0.0000E+00  0.8000E+01
  -8.101  0.0000E+00  0.8000E+01
  -8.096  0.0000E+00  0.8000E+01
  -8.091  0.0000E+00  0.8000E+01
  -8.086  0.0000E+00  0.8000E+01
  -8.081  0.0000E+00  0.8000E+01
  -8.076  0.0000E+00  0.8000E+01
  -8.071  0.0000E+00  0.8000E+01
  -8.066  0.0000E+00  0.8000E+01
  -8.061  0.0000E+00  0.8000E+01
  -8.056  0.0000E+00  0.8000E+01
  -8.051  0.0000E+00  0.8000E+01
  -8.046  0.0000E+00  0.8000E+01
  -8.041  0.0000E+00  0.8000E+01
  -8.036  0.0000E+00  0.8000E+01
  -8.031  0.0000E+00  0.8000E+01
  -8.026  0.0000E+00  0.8000E+01
  -8.021  0.0000E+00  0.8000E+01
  -8.016  0.0000E+00  0.8000E+01
  -8.011  0.0000E+00  0.8000E+01
  -8.006  0.0000E+00  0.8000E+01
  -8.001  0.0000E+00  0.8000E+01
  -7.996  0.0000E+00  0.8000E+01
  -7.991  0.0000E+00  0.8000E+01
  -7.986  0.0000E+00  0.8000E+01
  -7.981  0.0000E+00  0.8000E+01
  -7.976  0.0000E+00  0.8000E+01
  -7.971  0.0000E+00  0.8000E+01
  -7.966  0.0000E+00  0.8000E+01
  -7.961  0.0000E+00  0.8000E+01
  -7.956  0.0000E+00  0.8000E+01
  -7.951  0.0000E+00  0.8000E+01
  -7.946  0.0000E+00  0.8000E+01
  -7.941  0.0000E+00  0.8000E+01
  -7.936  0.0000E+00  0.8000E+01
  -7.931  0.0000E+00  0.8000E+01
  -7.926  0.0000E+00  0.8000E+01
  -7.921  0.0000E+00  0.8000E+01
  -7.916  0.0000E+00  0.8000E+01
  -7.911  0.0000E+00  0.8000E+01
  -7.906  0.0000E+00  0.8000E+01
  -7.901  0.0000E+00  0.8000E+01
  -7.896  0.0000E+00  0.8000E+01
  -7.891  0.0000E+00  0.8000E+01
  -7.886  0.0000E+00  0.8000E+01
  -7.881  0.0000E+00  0.8000E+01
  -7.876  0.0000E+00  0.8000E+01
  -7.871  0.0000E+00  0.8000E+01
  -7.866  0.0000E+00  0.8000E+01
  -7.861  0.0000E+00  0.8000E+01
  -7.856  0.0000E+00  0.8000E+01
  -7.851  0.0000E+00  0.8000E+01
  -7.846  0.0000E+00  0.8000E+01
  -7.841  0.0000E+00  0.8000E+01
  -7.836  0.0000E+00  0.8000E+01
  -7.831  0.0000E+00  0.8000E+01
  -7.826  0.0000E+00  0.8000E+01
  -7.821  0.0000E+00  0.8000E+01
  -7.816  0.0000E+00  0.8000E+01
  -7.811  0.0000E+00  0.8000E+01
  -7.806  0.0000E+00  0.8000E+01
  -7.801  0.0000E+00  0.8000E+01
  -7.796  0.0000E+00  0.8000E+01
  -7.791  0.0000E+00  0.8000E+01
  -7.786  0.0000E+00  0.8000E+01
  -7.781  0.0000E+00  0.8000E+01
  -7.776  0.0000E+00  0.8000E+01
  -7.771  0.0000E+00  0.8000E+01
  -7.766  0.0000E+00  0.8000E+01
  -7.761  0.0000E+00  0.8000E+01
  -7.756  0.0000E+00  0.8000E+01
  -7.751  0.0000E+00  0.8000E+01
  -7.746  0.0000E+00  0.8000E+01
  -7.741  0.0000E+00  0.8000E+01
  -7.736  0.0000E+00  0.8000E+01
  -7.731  0.0000E+00  0.8000E+01
  -7.726  0.0000E+00  0.8000E+01
  -7.721  0.0000E+00  0.8000E+01
  -7.716  0.0000E+00  0.8000E+01
  -7.711  0.0000E+00  0.8000E+01
  -7.706  0.0000E+00  0.8000E+01
  -7.701  0.0000E+00  0.8000E+01
  -7.696  0.0000E+00  0.8000E+01
  -7.691  0.0000E+00  0.8000E+01
  -7.686  0.0000E+00  0.8000E+01
  -7.681  0.0000E+00  0.8000E+01
  -7.676  0.0000E+00  0.8000E+01
  -7.671  0.0000E+00  0.8000E+01
  -7.666  0.0000E+00  0.8000E+01
  -7.661  0.0000E+00  0.8000E+01
  -7.656  0.0000E+00  0.8000E+01
  -7.651  0.0000E+00  0.8000E+01
  -7.646  0.0000E+00  0.8000E+01
  -7.641  0.0000E+00  0.8000E+01
  -7.636  0.0000E+00  0.8000E+01
  -7.631  0.0000E+00  0.8000E+01
  -7.626  0.0000E+00  0.8000E+01
  -7.621  0.0000E+00  0.8000E+01
  -7.616  0.0000E+00  0.8000E+01
  -7.611  0.0000E+00  0.8000E+01
  -7.606  0.0000E+00  0.8000E+01
  -7.601  0.0000E+00  0.8000E+01
  -7.596  0.0000E+00  0.8000E+01
  -7.591  0.0000E+00  0.8000E+01
  -7.586  0.0000E+00  0.8000E+01
  -7.581  0.0000E+00  0.8000E+01
  -7.576  0.0000E+00  0.8000E+01
  -7.571  0.0000E+00  0.8000E+01
  -7.566  0.0000E+00  0.8000E+01
  -7.561  0.0000E+00  0.8000E+01
  -7.556  0.0000E+00  0.8000E+01
  -7.551  0.0000E+00  0.8000E+01
  -7.546  0.0000E+00  0.8000E+01
  -7.541  0.0000E+00  0.8000E+01
  -7.536  0.0000E+00  0.8000E+01
  -7.531  0.0000E+00  0.8000E+01
  -7.526  0.0000E+00  0.8000E+01
  -7.521  0.0000E+00  0.8000E+01
  -7.516  0.0000E+00  0.8000E+01
  -7.511  0.0000E+00  0.8000E+01
  -7.506  0.0000E+00  0.8000E+01
  -7.501  0.0000E+00  0.8000E+01
  -7.496  0.0000E+00  0.8000E+01
  -7.491  0.0000E+00  0.8000E+01
  -7.486  0.0000E+00  0.8000E+01
  -7.481  0.0000E+00  0.8000E+01
  -7.476  0.0000E+00  0.8000E+01
  -7.471  0.0000E+00  0.8000E+01
  -7.466  0.0000E+00  0.8000E+01
  -7.461  0.0000E+00  0.8000E+01
  -7.456  0.0000E+00  0.8000E+01
  -7.451  0.0000E+00  0.8000E+01
  -7.446  0.0000E+00  0.8000E+01
  -7.441  0.0000E+00  0.8000E+01
  -7.436  0.0000E+00  0.8000E+01
  -7.431  0.0000E+00  0.8000E+01
  -7.426  0.0000E+00  0.8000E+01
  -7.421  0.0000E+00  0.8000E+01
  -7.416  0.0000E+00  0.8000E+01
  -7.411  0.0000E+00  0.8000E+01
  -7.406  0.0000E+00  0.8000E+01
  -7.401  0.0000E+00  0.8000E+01
  -7.396  0.0000E+00  0.8000E+01
  -7.391  0.0000E+00  0.8000E+01
  -7.386  0.0000E+00  0.8000E+01
  -7.381  0.0000E+00  0.8000E+01
  -7.376  0.0000E+00  0.8000E+01
  -7.371  0.0000E+00  0.8000E+01
  -7.366  0.0000E+00  0.8000E+01
  -7.361  0.0000E+00  0.8000E+01
  -7.356  0.0000E+00  0.8000E+01
  -7.351  0.0000E+00  0.8000E+01
  -7.346  0.0000E+00  0.8000E+01
  -7.341  0.0000E+00  0.8000E+01
  -7.336  0.0000E+00  0.8000E+01
  -7.331  0.0000E+00  0.8000E+01
  -7.326  0.0000E+00  0.8000E+01
  -7.321  0.0000E+00  0.8000E+01
  -7.316  0.0000E+00  0.8000E+01
  -7.311  0.0000E+00  0.8000E+01
  -7.306  0.0000E+00  0.8000E+01
  -7.301  0.0000E+00  0.8000E+01
  -7.296  0.0000E+00  0.8000E+01
  -7.291  0.0000E+00  0.8000E+01
  -7.286  0.0000E+00  0.8000E+01
  -7.281  0.0000E+00  0.8000E+01
  -7.276  0.0000E+00  0.8000E+01
  -7.271  0.0000E+00  0.8000E+01
  -7.266  0.0000E+00  0.8000E+01
  -7.261  0.0000E+00  0.8000E+01
  -7.256  0.0000E+00  0.8000E+01
  -7.251  0.0000E+00  0.8000E+01
  -7.246  0.0000E+00  0.8000E+01
  -7.241  0.0000E+00  0.8000E+01
  -7.236  0.0000E+00  0.8000E+01
  -7.231  0.0000E+00  0.8000E+01
  -7.226  0.0000E+00  0.8000E+01
  -7.221  0.0000E+00  0.8000E+01
  -7.216  0.0000E+00  0.8000E+01
  -7.211  0.0000E+00  0.8000E+01
  -7.206  0.0000E+00  0.8000E+01
  -7.201  0.0000E+00  0.8000E+01
  -7.196  0.0000E+00  0.8000E+01
  -7.191  0.0000E+00  0.8000E+01
  -7.186  0.0000E+00  0.8000E+01
  -7.181  0.0000E+00  0.8000E+01
  -7.176  0.0000E+00  0.8000E+01
  -7.171  0.0000E+00  0.8000E+01
  -7.166  0.0000E+00  0.8000E+01
  -7.161  0.0000E+00  0.8000E+01
  -7.156  0.0000E+00  0.8000E+01
  -7.151  0.0000E+00  0.8000E+01
  -7.146  0.0000E+00  0.8000E+01
  -7.141  0.0000E+00  0.8000E+01
  -7.136  0.0000E+00  0.8000E+01
  -7.131  0.0000E+00  0.8000E+01
  -7.126  0.0000E+00  0.8000E+01
  -7.121  0.0000E+00  0.8000E+01
  -7.116  0.0000E+00  0.8000E+01
  -7.111  0.0000E+00  0.8000E+01
  -7.106  0.0000E+00  0.8000E+01
  -7.101  0.0000E+00  0.8000E+01
  -7.096  0.0000E+00  0.8000E+01
  -7.091  0.0000E+00  0.8000E+01
  -7.086  0.0000E+00  0.8000E+01
  -7.081  0.0000E+00  0.8000E+01
  -7.076  0.0000E+00  0.8000E+01
  -7.071  0.0000E+00  0.8000E+01
  -7.066  0.0000E+00  0.8000E+01
  -7.061  0.0000E+00  0.8000E+01
  -7.056  0.0000E+00  0.8000E+01
  -7.051  0.0000E+00  0.8000E+01
  -7.046  0.0000E+00  0.8000E+01
  -7.041  0.0000E+00  0.8000E+01
  -7.036  0.0000E+00  0.8000E+01
  -7.031  0.0000E+00  0.8000E+01
  -7.026  0.0000E+00  0.8000E+01
  -7.021  0.0000E+00  0.8000E+01
  -7.016  0.0000E+00  0.8000E+01
  -7.011  0.0000E+00  0.8000E+01
  -7.006  0.0000E+00  0.8000E+01
  -7.001  0.0000E+00  0.8000E+01
  -6.996  0.0000E+00  0.8000E+01
  -6.991  0.0000E+00  0.8000E+01
  -6.986  0.0000E+00  0.8000E+01
  -6.981  0.0000E+00  0.8000E+01
  -6.976  0.0000E+00  0.8000E+01
  -6.971  0.0000E+00  0.8000E+01
  -6.966  0.0000E+00  0.8000E+01
  -6.961  0.0000E+00  0.8000E+01
  -6.956  0.0000E+00  0.8000E+01
  -6.951  0.0000E+00  0.8000E+01
  -6.946  0.0000E+00  0.8000E+01
  -6.941  0.0000E+00  0.8000E+01
  -6.936  0.0000E+00  0.8000E+01
  -6.931  0.0000E+00  0.8000E+01
  -6.926  0.0000E+00  0.8000E+01
  -6.921  0.0000E+00  0.8000E+01
  -6.916  0.0000E+00  0.8000E+01
  -6.911  0.0000E+00  0.8000E+01
  -6.906  0.0000E+00  0.8000E+01
  -6.901  0.0000E+00  0.8000E+01
  -6.896  0.0000E+00  0.8000E+01
  -6.891  0.0000E+00  0.8000E+01
  -6.886  0.0000E+00  0.8000E+01
  -6.881  0.0000E+00  0.8000E+01
  -6.876  0.0000E+00  0.8000E+01
  -6.871  0.0000E+00  0.8000E+01
  -6.866  0.0000E+00  0.8000E+01
  -6.861  0.0000E+00  0.8000E+01
  -6.856  0.0000E+00  0.8000E+01
  -6.851  0.0000E+00  0.8000E+01
  -6.846  0.0000E+00  0.8000E+01
  -6.841  0.0000E+00  0.8000E+01
  -6.836  0.0000E+00  0.8000E+01
  -6.831  0.0000E+00  0.8000E+01
  -6.826  0.0000E+00  0.8000E+01
  -6.821  0.0000E+00  0.8000E+01
  -6.816  0.0000E+00  0.8000E+01
  -6.811  0.0000E+00  0.8000E+01
  -6.806  0.0000E+00  0.8000E+01
  -6.801  0.0000E+00  0.8000E+01
  -6.796  0.0000E+00  0.8000E+01
  -6.791  0.0000E+00  0.8000E+01
  -6.786  0.0000E+00  0.8000E+01
  -6.781  0.0000E+00  0.8000E+01
  -6.776  0.0000E+00  0.8000E+01
  -6.771  0.0000E+00  0.8000E+01
  -6.766  0.0000E+00  0.8000E+01
  -6.761  0.0000E+00  0.8000E+01
  -6.756  0.0000E+00  0.8000E+01
  -6.751  0.0000E+00  0.8000E+01
  -6.746  0.0000E+00  0.8000E+01
  -6.741  0.0000E+00  0.8000E+01
  -6.736  0.0000E+00  0.8000E+01
  -6.731  0.0000E+00  0.8000E+01
  -6.726  0.0000E+00  0.8000E+01
  -6.721  0.0000E+00  0.8000E+01
  -6.716  0.0000E+00  0.8000E+01
  -6.711  0.0000E+00  0.8000E+01
  -6.706  0.0000E+00  0.8000E+01
  -6.701  0.0000E+00  0.8000E+01
  -6.696  0.0000E+00  0.8000E+01
  -6.691  0.0000E+00  0.8000E+01
  -6.686  0.0000E+00  0.8000E+01
  -6.681  0.0000E+00  0.8000E+01
  -6.676  0.0000E+00  0.8000E+01
  -6.671  0.0000E+00  0.8000E+01
  -6.666  0.0000E+00  0.8000E+01
  -6.661  0.0000E+00  0.8000E+01
  -6.656  0.0000E+00  0.8000E+01
  -6.651  0.0000E+00  0.8000E+01
  -6.646  0.0000E+00  0.8000E+01
  -6.641  0.0000E+00  0.8000E+01
  -6.636  0.0000E+00  0.8000E+01
  -6.631  0.0000E+00  0.8000E+01
  -6.626  0.0000E+00  0.8000E+01
  -6.621  0.0000E+00  0.8000E+01
  -6.616  0.0000E+00  0.8000E+01
  -6.611  0.0000E+00  0.8000E+01
  -6.606  0.0000E+00  0.8000E+01
  -6.601  0.0000E+00  0.8000E+01
  -6.596  0.0000E+00  0.8000E+01
  -6.591  0.0000E+00  0.8000E+01
  -6.586  0.0000E+00  0.8000E+01
  -6.581  0.0000E+00  0.8000E+01
  -6.576  0.0000E+00  0.8000E+01
  -6.571  0.0000E+00  0.8000E+01
  -6.566  0.0000E+00  0.8000E+01
  -6.561  0.0000E+00  0.8000E+01
  -6.556  0.0000E+00  0.8000E+01
  -6.551  0.0000E+00  0.8000E+01
  -6.546  0.0000E+00  0.8000E+01
  -6.541  0.0000E+00  0.8000E+01
  -6.536  0.0000E+00  0.8000E+01
  -6.531  0.0000E+00  0.8000E+01
  -6.526  0.0000E+00  0.8000E+01
  -6.521  0.0000E+00  0.8000E+01
  -6.516  0.0000E+00  0.8000E+01
  -6.511  0.0000E+00  0.8000E+01
  -6.506  0.0000E+00  0.8000E+01
  -6.501  0.0000E+00  0.8000E+01
  -6.496  0.0000E+00  0.8000E+01
  -6.491  0.0000E+00  0.8000E+01
  -6.486  0.0000E+00  0.8000E+01
  -6.481  0.0000E+00  0.8000E+01
  -6.476  0.0000E+00  0.8000E+01
  -6.471  0.0000E+00  0.8000E+01
  -6.466  0.0000E+00  0.8000E+01
  -6.461  0.0000E+00  0.8000E+01
  -6.456  0.0000E+00  0.8000E+01
  -6.451  0.0000E+00  0.8000E+01
  -6.446  0.0000E+00  0.8000E+01
  -6.441  0.0000E+00  0.8000E+01
  -6.436  0.0000E+00  0.8000E+01
  -6.431  0.0000E+00  0.8000E+01
  -6.426  0.0000E+00  0.8000E+01
  -6.421  0.0000E+00  0.8000E+01
  -6.416  0.0000E+00  0.8000E+01
  -6.411  0.0000E+00  0.8000E+01
  -6.406  0.0000E+00  0.8000E+01
  -6.401  0.0000E+00  0.8000E+01
  -6.396  0.0000E+00  0.8000E+01
  -6.391  0.0000E+00  0.8000E+01
  -6.386  0.0000E+00  0.8000E+01
  -6.381  0.0000E+00  0.8000E+01
  -6.376  0.0000E+00  0.8000E+01
  -6.371  0.0000E+00  0.8000E+01
  -6.366  0.0000E+00  0.8000E+01
  -6.361  0.0000E+00  0.8000E+01
  -6.356  0.0000E+00  0.8000E+01
  -6.351  0.0000E+00  0.8000E+01
  -6.346  0.0000E+00  0.8000E+01
  -6.341  0.0000E+00  0.8000E+01
  -6.336  0.0000E+00  0.8000E+01
  -6.331  0.0000E+00  0.8000E+01
  -6.326  0.0000E+00  0.8000E+01
  -6.321  0.0000E+00  0.8000E+01
  -6.316  0.0000E+00  0.8000E+01
  -6.311  0.0000E+00  0.8000E+01
  -6.306  0.0000E+00  0.8000E+01
  -6.301  0.0000E+00  0.8000E+01
  -6.296  0.0000E+00  0.8000E+01
  -6.291  0.0000E+00  0.8000E+01
  -6.286  0.0000E+00  0.8000E+01
  -6.281  0.0000E+00  0.8000E+01
  -6.276  0.0000E+00  0.8000E+01
  -6.271  0.0000E+00  0.8000E+01
  -6.266  0.0000E+00  0.8000E+01
  -6.261  0.0000E+00  0.8000E+01
  -6.256  0.0000E+00  0.8000E+01
  -6.251  0.0000E+00  0.8000E+01
  -6.246  0.0000E+00  0.8000E+01
  -6.241  0.0000E+00  0.8000E+01
  -6.236  0.0000E+00  0.8000E+01
  -6.231  0.0000E+00  0.8000E+01
  -6.226  0.0000E+00  0.8000E+01
  -6.221  0.0000E+00  0.8000E+01
  -6.216  0.0000E+00  0.8000E+01
  -6.211  0.0000E+00  0.8000E+01
  -6.206  0.0000E+00  0.8000E+01
  -6.201  0.0000E+00  0.8000E+01
  -6.196  0.0000E+00  0.8000E+01
  -6.191  0.0000E+00  0.8000E+01
  -6.186  0.0000E+00  0.8000E+01
  -6.181  0.0000E+00  0.8000E+01
  -6.176  0.0000E+00  0.8000E+01
  -6.171  0.0000E+00  0.8000E+01
  -6.166  0.0000E+00  0.8000E+01
  -6.161  0.0000E+00  0.8000E+01
  -6.156  0.0000E+00  0.8000E+01
  -6.151  0.0000E+00  0.8000E+01
  -6.146  0.0000E+00  0.8000E+01
  -6.141  0.0000E+00  0.8000E+01
  -6.136  0.0000E+00  0.8000E+01
  -6.131  0.0000E+00  0.8000E+01
  -6.126  0.0000E+00  0.8000E+01
  -6.121  0.0000E+00  0.8000E+01
  -6.116  0.0000E+00  0.8000E+01
  -6.111  0.0000E+00  0.8000E+01
  -6.106  0.0000E+00  0.8000E+01
  -6.101  0.0000E+00  0.8000E+01
  -6.096  0.0000E+00  0.8000E+01
  -6.091  0.0000E+00  0.8000E+01
  -6.086  0.0000E+00  0.8000E+01
  -6.081  0.0000E+00  0.8000E+01
  -6.076  0.0000E+00  0.8000E+01
  -6.071  0.0000E+00  0.8000E+01
  -6.066  0.0000E+00  0.8000E+01
  -6.061  0.0000E+00  0.8000E+01
  -6.056  0.0000E+00  0.8000E+01
  -6.051  0.0000E+00  0.8000E+01
  -6.046  0.0000E+00  0.8000E+01
  -6.041  0.0000E+00  0.8000E+01
  -6.036  0.0000E+00  0.8000E+01
  -6.031  0.0000E+00  0.8000E+01
  -6.026  0.0000E+00  0.8000E+01
  -6.021  0.0000E+00  0.8000E+01
  -6.016  0.0000E+00  0.8000E+01
  -6.011  0.0000E+00  0.8000E+01
  -6.006  0.0000E+00  0.8000E+01
  -6.001  0.0000E+00  0.8000E+01
  -5.996  0.0000E+00  0.8000E+01
  -5.991  0.0000E+00  0.8000E+01
  -5.986  0.0000E+00  0.8000E+01
  -5.981  0.0000E+00  0.8000E+01
  -5.976  0.0000E+00  0.8000E+01
  -5.971  0.0000E+00  0.8000E+01
  -5.966  0.0000E+00  0.8000E+01
  -5.961  0.0000E+00  0.8000E+01
  -5.956  0.0000E+00  0.8000E+01
  -5.951  0.0000E+00  0.8000E+01
  -5.946  0.0000E+00  0.8000E+01
  -5.941  0.0000E+00  0.8000E+01
  -5.936  0.0000E+00  0.8000E+01
  -5.931  0.0000E+00  0.8000E+01
  -5.926  0.0000E+00  0.8000E+01
  -5.921  0.0000E+00  0.8000E+01
  -5.916  0.0000E+00  0.8000E+01
  -5.911  0.0000E+00  0.8000E+01
  -5.906  0.0000E+00  0.8000E+01
  -5.901  0.0000E+00  0.8000E+01
  -5.896  0.0000E+00  0.8000E+01
  -5.891  0.0000E+00  0.8000E+01
  -5.886  0.0000E+00  0.8000E+01
  -5.881  0.0000E+00  0.8000E+01
  -5.876  0.0000E+00  0.8000E+01
  -5.871  0.0000E+00  0.8000E+01
  -5.866  0.0000E+00  0.8000E+01
  -5.861  0.0000E+00  0.8000E+01
  -5.856  0.0000E+00  0.8000E+01
  -5.851  0.0000E+00  0.8000E+01
  -5.846  0.0000E+00  0.8000E+01
  -5.841  0.0000E+00  0.8000E+01
  -5.836  0.0000E+00  0.8000E+01
  -5.831  0.0000E+00  0.8000E+01
  -5.826  0.0000E+00  0.8000E+01
  -5.821  0.0000E+00  0.8000E+01
  -5.816  0.0000E+00  0.8000E+01
  -5.811  0.0000E+00  0.8000E+01
  -5.806  0.0000E+00  0.8000E+01
  -5.801  0.0000E+00  0.8000E+01
  -5.796  0.0000E+00  0.8000E+01
  -5.791  0.0000E+00  0.8000E+01
  -5.786  0.0000E+00  0.8000E+01
  -5.781  0.0000E+00  0.8000E+01
  -5.776  0.0000E+00  0.8000E+01
  -5.771  0.0000E+00  0.8000E+01
  -5.766  0.0000E+00  0.8000E+01
  -5.761  0.0000E+00  0.8000E+01
  -5.756  0.0000E+00  0.8000E+01
  -5.751  0.0000E+00  0.8000E+01
  -5.746  0.0000E+00  0.8000E+01
  -5.741  0.0000E+00  0.8000E+01
  -5.736  0.0000E+00  0.8000E+01
  -5.731  0.0000E+00  0.8000E+01
  -5.726  0.0000E+00  0.8000E+01
  -5.721  0.0000E+00  0.8000E+01
  -5.716  0.0000E+00  0.8000E+01
  -5.711  0.0000E+00  0.8000E+01
  -5.706  0.0000E+00  0.8000E+01
  -5.701  0.0000E+00  0.8000E+01
  -5.696  0.0000E+00  0.8000E+01
  -5.691  0.0000E+00  0.8000E+01
  -5.686  0.0000E+00  0.8000E+01
  -5.681  0.0000E+00  0.8000E+01
  -5.676  0.0000E+00  0.8000E+01
  -5.671  0.0000E+00  0.8000E+01
  -5.666  0.0000E+00  0.8000E+01
  -5.661  0.0000E+00  0.8000E+01
  -5.656  0.0000E+00  0.8000E+01
  -5.651  0.0000E+00  0.8000E+01
  -5.646  0.0000E+00  0.8000E+01
  -5.641  0.0000E+00  0.8000E+01
  -5.636  0.0000E+00  0.8000E+01
  -5.631  0.0000E+00  0.8000E+01
  -5.626  0.0000E+00  0.8000E+01
  -5.621  0.0000E+00  0.8000E+01
  -5.616  0.0000E+00  0.8000E+01
  -5.611  0.0000E+00  0.8000E+01
  -5.606  0.0000E+00  0.8000E+01
  -5.601  0.0000E+00  0.8000E+01
  -5.596  0.0000E+00  0.8000E+01
  -5.591  0.0000E+00  0.8000E+01
  -5.586  0.0000E+00  0.8000E+01
  -5.581  0.0000E+00  0.8000E+01
  -5.576  0.0000E+00  0.8000E+01
  -5.571  0.0000E+00  0.8000E+01
  -5.566  0.0000E+00  0.8000E+01
  -5.561  0.0000E+00  0.8000E+01
  -5.556  0.0000E+00  0.8000E+01
  -5.551  0.0000E+00  0.8000E+01
  -5.546  0.0000E+00  0.8000E+01
  -5.541  0.0000E+00  0.8000E+01
  -5.536  0.0000E+00  0.8000E+01
  -5.531  0.0000E+00  0.8000E+01
  -5.526  0.0000E+00  0.8000E+01
  -5.521  0.0000E+00  0.8000E+01
  -5.516  0.0000E+00  0.8000E+01
  -5.511  0.0000E+00  0.8000E+01
  -5.506  0.0000E+00  0.8000E+01
  -5.501  0.0000E+00  0.8000E+01
  -5.496  0.0000E+00  0.8000E+01
  -5.491  0.0000E+00  0.8000E+01
  -5.486  0.0000E+00  0.8000E+01
  -5.481  0.0000E+00  0.8000E+01
  -5.476  0.0000E+00  0.8000E+01
  -5.471  0.0000E+00  0.8000E+01
  -5.466  0.0000E+00  0.8000E+01
  -5.461  0.0000E+00  0.8000E+01
  -5.456  0.0000E+00  0.8000E+01
  -5.451  0.0000E+00  0.8000E+01
  -5.446  0.0000E+00  0.8000E+01
  -5.441  0.0000E+00  0.8000E+01
  -5.436  0.0000E+00  0.8000E+01
  -5.431  0.0000E+00  0.8000E+01
  -5.426  0.0000E+00  0.8000E+01
  -5.421  0.0000E+00  0.8000E+01
  -5.416  0.0000E+00  0.8000E+01
  -5.411  0.0000E+00  0.8000E+01
  -5.406  0.0000E+00  0.8000E+01
  -5.401  0.0000E+00  0.8000E+01
  -5.396  0.0000E+00  0.8000E+01
  -5.391  0.0000E+00  0.8000E+01
  -5.386  0.0000E+00  0.8000E+01
  -5.381  0.0000E+00  0.8000E+01
  -5.376  0.0000E+00  0.8000E+01
  -5.371  0.0000E+00  0.8000E+01
  -5.366  0.0000E+00  0.8000E+01
  -5.361  0.0000E+00  0.8000E+01
  -5.356  0.0000E+00  0.8000E+01
  -5.351  0.0000E+00  0.8000E+01
  -5.346  0.0000E+00  0.8000E+01
  -5.341  0.0000E+00  0.8000E+01
  -5.336  0.0000E+00  0.8000E+01
  -5.331  0.0000E+00  0.8000E+01
  -5.326  0.0000E+00  0.8000E+01
  -5.321  0.0000E+00  0.8000E+01
  -5.316  0.0000E+00  0.8000E+01
  -5.311  0.0000E+00  0.8000E+01
  -5.306  0.0000E+00  0.8000E+01
  -5.301  0.0000E+00  0.8000E+01
  -5.296  0.0000E+00  0.8000E+01
  -5.291  0.0000E+00  0.8000E+01
  -5.286  0.0000E+00  0.8000E+01
  -5.281  0.0000E+00  0.8000E+01
  -5.276  0.0000E+00  0.8000E+01
  -5.271  0.0000E+00  0.8000E+01
  -5.266  0.0000E+00  0.8000E+01
  -5.261  0.0000E+00  0.8000E+01
  -5.256  0.0000E+00  0.8000E+01
  -5.251  0.0000E+00  0.8000E+01
  -5.246  0.0000E+00  0.8000E+01
  -5.241  0.0000E+00  0.8000E+01
  -5.236  0.3364E-02  0.8000E+01
  -5.231  0.2008E-01  0.8000E+01
  -5.226  0.5082E-01  0.8000E+01
  -5.221  0.9558E-01  0.8001E+01
  -5.216  0.3011E+00  0.8001E+01
  -5.211  0.2643E+00  0.8003E+01
  -5.206  0.2621E+00  0.8004E+01
  -5.201  0.2931E+00  0.8006E+01
  -5.196  0.3255E+00  0.8007E+01
  -5.191  0.3593E+00  0.8009E+01
  -5.186  0.3946E+00  0.8011E+01
  -5.181  0.4396E+00  0.8013E+01
  -5.176  0.4895E+00  0.8015E+01
  -5.171  0.5270E+00  0.8018E+01
  -5.166  0.5521E+00  0.8020E+01
  -5.161  0.5477E+00  0.8023E+01
  -5.156  0.5403E+00  0.8026E+01
  -5.151  0.5633E+00  0.8029E+01
  -5.146  0.5877E+00  0.8032E+01
  -5.141  0.6136E+00  0.8035E+01
  -5.136  0.6409E+00  0.8038E+01
  -5.131  0.6697E+00  0.8041E+01
  -5.126  0.6998E+00  0.8044E+01
  -5.121  0.7303E+00  0.8048E+01
  -5.116  0.7612E+00  0.8052E+01
  -5.111  0.7925E+00  0.8056E+01
  -5.106  0.8158E+00  0.8060E+01
  -5.101  0.8332E+00  0.8064E+01
  -5.096  0.8537E+00  0.8068E+01
  -5.091  0.8738E+00  0.8072E+01
  -5.086  0.8934E+00  0.8077E+01
  -5.081  0.9125E+00  0.8081E+01
  -5.076  0.9256E+00  0.8086E+01
  -5.071  0.9438E+00  0.8091E+01
  -5.066  0.9674E+00  0.8095E+01
  -5.061  0.9954E+00  0.8100E+01
  -5.056  0.1026E+01  0.8105E+01
  -5.051  0.1057E+01  0.8110E+01
  -5.046  0.1089E+01  0.8116E+01
  -5.041  0.1121E+01  0.8121E+01
  -5.036  0.1154E+01  0.8127E+01
  -5.031  0.1186E+01  0.8133E+01
  -5.026  0.1212E+01  0.8139E+01
  -5.021  0.1232E+01  0.8145E+01
  -5.016  0.1253E+01  0.8151E+01
  -5.011  0.1287E+01  0.8158E+01
  -5.006  0.1316E+01  0.8164E+01
  -5.001  0.1344E+01  0.8171E+01
  -4.996  0.1374E+01  0.8178E+01
  -4.991  0.1403E+01  0.8184E+01
  -4.986  0.1433E+01  0.8192E+01
  -4.981  0.1463E+01  0.8199E+01
  -4.976  0.1491E+01  0.8206E+01
  -4.971  0.1523E+01  0.8214E+01
  -4.966  0.1559E+01  0.8221E+01
  -4.961  0.1599E+01  0.8229E+01
  -4.956  0.1640E+01  0.8237E+01
  -4.951  0.1683E+01  0.8246E+01
  -4.946  0.1727E+01  0.8254E+01
  -4.941  0.1772E+01  0.8263E+01
  -4.936  0.1814E+01  0.8272E+01
  -4.931  0.1852E+01  0.8281E+01
  -4.926  0.1892E+01  0.8290E+01
  -4.921  0.1930E+01  0.8300E+01
  -4.916  0.1975E+01  0.8310E+01
  -4.911  0.2034E+01  0.8320E+01
  -4.906  0.2085E+01  0.8330E+01
  -4.901  0.2137E+01  0.8341E+01
  -4.896  0.2189E+01  0.8351E+01
  -4.891  0.2242E+01  0.8363E+01
  -4.886  0.2296E+01  0.8374E+01
  -4.881  0.2352E+01  0.8385E+01
  -4.876  0.2408E+01  0.8397E+01
  -4.871  0.2470E+01  0.8410E+01
  -4.866  0.2538E+01  0.8422E+01
  -4.861  0.2610E+01  0.8435E+01
  -4.856  0.2687E+01  0.8448E+01
  -4.851  0.2767E+01  0.8462E+01
  -4.846  0.2853E+01  0.8476E+01
  -4.841  0.2947E+01  0.8490E+01
  -4.836  0.3037E+01  0.8505E+01
  -4.831  0.3129E+01  0.8521E+01
  -4.826  0.3222E+01  0.8537E+01
  -4.821  0.3369E+01  0.8553E+01
  -4.816  0.3494E+01  0.8570E+01
  -4.811  0.3625E+01  0.8588E+01
  -4.806  0.3761E+01  0.8607E+01
  -4.801  0.3903E+01  0.8626E+01
  -4.796  0.4054E+01  0.8646E+01
  -4.791  0.4236E+01  0.8666E+01
  -4.786  0.4448E+01  0.8688E+01
  -4.781  0.4684E+01  0.8711E+01
  -4.776  0.4942E+01  0.8735E+01
  -4.771  0.5222E+01  0.8760E+01
  -4.766  0.5989E+01  0.8788E+01
  -4.761  0.6635E+01  0.8820E+01
  -4.756  0.6304E+01  0.8852E+01
  -4.751  0.6381E+01  0.8884E+01
  -4.746  0.6451E+01  0.8916E+01
  -4.741  0.6512E+01  0.8948E+01
  -4.736  0.6512E+01  0.8981E+01
  -4.731  0.6432E+01  0.9013E+01
  -4.726  0.6516E+01  0.9045E+01
  -4.721  0.6590E+01  0.9078E+01
  -4.716  0.6650E+01  0.9111E+01
  -4.711  0.6800E+01  0.9145E+01
  -4.706  0.6821E+01  0.9179E+01
  -4.701  0.6933E+01  0.9213E+01
  -4.696  0.7002E+01  0.9248E+01
  -4.691  0.7054E+01  0.9283E+01
  -4.686  0.7122E+01  0.9319E+01
  -4.681  0.7211E+01  0.9354E+01
  -4.676  0.7277E+01  0.9391E+01
  -4.671  0.7333E+01  0.9427E+01
  -4.666  0.7590E+01  0.9464E+01
  -4.661  0.7641E+01  0.9502E+01
  -4.656  0.7833E+01  0.9541E+01
  -4.651  0.8028E+01  0.9580E+01
  -4.646  0.8149E+01  0.9621E+01
  -4.641  0.8326E+01  0.9662E+01
  -4.636  0.8504E+01  0.9704E+01
  -4.631  0.9018E+01  0.9748E+01
  -4.626  0.9442E+01  0.9794E+01
  -4.621  0.9807E+01  0.9843E+01
  -4.616  0.1029E+02  0.9893E+01
  -4.611  0.1101E+02  0.9946E+01
  -4.606  0.5200E+01  0.9992E+01
  -4.601  0.0000E+00  0.1000E+02
  -4.596  0.0000E+00  0.1000E+02
  -4.591  0.0000E+00  0.1000E+02
  -4.586  0.0000E+00  0.1000E+02
  -4.581  0.0000E+00  0.1000E+02
  -4.576  0.0000E+00  0.1000E+02
  -4.571  0.0000E+00  0.1000E+02
  -4.566  0.0000E+00  0.1000E+02
  -4.561  0.0000E+00  0.1000E+02
  -4.556  0.0000E+00  0.1000E+02
  -4.551  0.0000E+00  0.1000E+02
  -4.546  0.0000E+00  0.1000E+02
  -4.541  0.0000E+00  0.1000E+02
  -4.536  0.0000E+00  0.1000E+02
  -4.531  0.0000E+00  0.1000E+02
  -4.526  0.0000E+00  0.1000E+02
  -4.521  0.0000E+00  0.1000E+02
  -4.516  0.0000E+00  0.1000E+02
  -4.511  0.0000E+00  0.1000E+02
  -4.506  0.0000E+00  0.1000E+02
  -4.501  0.0000E+00  0.1000E+02
  -4.496  0.0000E+00  0.1000E+02
  -4.491  0.0000E+00  0.1000E+02
  -4.486  0.0000E+00  0.1000E+02
  -4.481  0.0000E+00  0.1000E+02
  -4.476  0.0000E+00  0.1000E+02
  -4.471  0.0000E+00  0.1000E+02
  -4.466  0.0000E+00  0.1000E+02
  -4.461  0.0000E+00  0.1000E+02
  -4.456  0.0000E+00  0.1000E+02
  -4.451  0.0000E+00  0.1000E+02
  -4.446  0.0000E+00  0.1000E+02
  -4.441  0.0000E+00  0.1000E+02
  -4.436  0.0000E+00  0.1000E+02
  -4.431  0.0000E+00  0.1000E+02
  -4.426  0.0000E+00  0.1000E+02
  -4.421  0.0000E+00  0.1000E+02
  -4.416  0.0000E+00  0.1000E+02
  -4.411  0.0000E+00  0.1000E+02
  -4.406  0.0000E+00  0.1000E+02
  -4.401  0.0000E+00  0.1000E+02
  -4.396  0.0000E+00  0.1000E+02
  -4.391  0.0000E+00  0.1000E+02
  -4.386  0.0000E+00  0.1000E+02
  -4.381  0.0000E+00  0.1000E+02
  -4.376  0.0000E+00  0.1000E+02
  -4.371  0.0000E+00  0.1000E+02
  -4.366  0.0000E+00  0.1000E+02
  -4.361  0.0000E+00  0.1000E+02
  -4.356  0.0000E+00  0.1000E+02
  -4.351  0.0000E+00  0.1000E+02
  -4.346  0.0000E+00  0.1000E+02
  -4.341  0.0000E+00  0.1000E+02
  -4.336  0.0000E+00  0.1000E+02
  -4.331  0.0000E+00  0.1000E+02
  -4.326  0.0000E+00  0.1000E+02
  -4.321  0.0000E+00  0.1000E+02
  -4.316  0.0000E+00  0.1000E+02
  -4.311  0.0000E+00  0.1000E+02
  -4.306  0.0000E+00  0.1000E+02
  -4.301  0.0000E+00  0.1000E+02
  -4.296  0.0000E+00  0.1000E+02
  -4.291  0.0000E+00  0.1000E+02
  -4.286  0.0000E+00  0.1000E+02
  -4.281  0.0000E+00  0.1000E+02
  -4.276  0.0000E+00  0.1000E+02
  -4.271  0.0000E+00  0.1000E+02
  -4.266  0.0000E+00  0.1000E+02
  -4.261  0.0000E+00  0.1000E+02
  -4.256  0.0000E+00  0.1000E+02
  -4.251  0.0000E+00  0.1000E+02
  -4.246  0.0000E+00  0.1000E+02
  -4.241  0.0000E+00  0.1000E+02
  -4.236  0.0000E+00  0.1000E+02
  -4.231  0.0000E+00  0.1000E+02
  -4.226  0.0000E+00  0.1000E+02
  -4.221  0.0000E+00  0.1000E+02
  -4.216  0.0000E+00  0.1000E+02
  -4.211  0.0000E+00  0.1000E+02
  -4.206  0.0000E+00  0.1000E+02
  -4.201  0.0000E+00  0.1000E+02
  -4.196  0.0000E+00  0.1000E+02
  -4.191  0.0000E+00  0.1000E+02
  -4.186  0.0000E+00  0.1000E+02
  -4.181  0.0000E+00  0.1000E+02
  -4.176  0.0000E+00  0.1000E+02
  -4.171  0.0000E+00  0.1000E+02
  -4.166  0.0000E+00  0.1000E+02
  -4.161  0.0000E+00  0.1000E+02
  -4.156  0.0000E+00  0.1000E+02
  -4.151  0.0000E+00  0.1000E+02
  -4.146  0.0000E+00  0.1000E+02
  -4.141  0.0000E+00  0.1000E+02
  -4.136  0.0000E+00  0.1000E+02
  -4.131  0.0000E+00  0.1000E+02
  -4.126  0.0000E+00  0.1000E+02
  -4.121  0.0000E+00  0.1000E+02
  -4.116  0.0000E+00  0.1000E+02
  -4.111  0.0000E+00  0.1000E+02
  -4.106  0.0000E+00  0.1000E+02
  -4.101  0.0000E+00  0.1000E+02
  -4.096  0.0000E+00  0.1000E+02
  -4.091  0.0000E+00  0.1000E+02
  -4.086  0.0000E+00  0.1000E+02
  -4.081  0.0000E+00  0.1000E+02
  -4.076  0.0000E+00  0.1000E+02
  -4.071  0.0000E+00  0.1000E+02
  -4.066  0.0000E+00  0.1000E+02
  -4.061  0.0000E+00  0.1000E+02
  -4.056  0.0000E+00  0.1000E+02
  -4.051  0.0000E+00  0.1000E+02
  -4.046  0.0000E+00  0.1000E+02
  -4.041  0.0000E+00  0.1000E+02
  -4.036  0.0000E+00  0.1000E+02
  -4.031  0.0000E+00  0.1000E+02
  -4.026  0.0000E+00  0.1000E+02
  -4.021  0.0000E+00  0.1000E+02
  -4.016  0.0000E+00  0.1000E+02
  -4.011  0.0000E+00  0.1000E+02
  -4.006  0.0000E+00  0.1000E+02
  -4.001  0.0000E+00  0.1000E+02
  -3.996  0.0000E+00  0.1000E+02
  -3.991  0.0000E+00  0.1000E+02
  -3.986  0.0000E+00  0.1000E+02
  -3.981  0.0000E+00  0.1000E+02
  -3.976  0.0000E+00  0.1000E+02
  -3.971  0.0000E+00  0.1000E+02
  -3.966  0.0000E+00  0.1000E+02
  -3.961  0.0000E+00  0.1000E+02
  -3.956  0.0000E+00  0.1000E+02
  -3.951  0.0000E+00  0.1000E+02
  -3.946  0.0000E+00  0.1000E+02
  -3.941  0.0000E+00  0.1000E+02
  -3.936  0.0000E+00  0.1000E+02
  -3.931  0.0000E+00  0.1000E+02
  -3.926  0.0000E+00  0.1000E+02
  -3.921  0.0000E+00  0.1000E+02
  -3.916  0.0000E+00  0.1000E+02
  -3.911  0.0000E+00  0.1000E+02
  -3.906  0.0000E+00  0.1000E+02
  -3.901  0.0000E+00  0.1000E+02
  -3.896  0.0000E+00  0.1000E+02
  -3.891  0.0000E+00  0.1000E+02
  -3.886  0.0000E+00  0.1000E+02
  -3.881  0.0000E+00  0.1000E+02
  -3.876  0.0000E+00  0.1000E+02
  -3.871  0.0000E+00  0.1000E+02
  -3.866  0.0000E+00  0.1000E+02
  -3.861  0.0000E+00  0.1000E+02
  -3.856  0.0000E+00  0.1000E+02
  -3.851  0.0000E+00  0.1000E+02
  -3.846  0.0000E+00  0.1000E+02
  -3.841  0.0000E+00  0.1000E+02
  -3.836  0.0000E+00  0.1000E+02
  -3.831  0.0000E+00  0.1000E+02
  -3.826  0.0000E+00  0.1000E+02
  -3.821  0.0000E+00  0.1000E+02
  -3.816  0.0000E+00  0.1000E+02
  -3.811  0.0000E+00  0.1000E+02
  -3.806  0.0000E+00  0.1000E+02
  -3.801  0.0000E+00  0.1000E+02
  -3.796  0.0000E+00  0.1000E+02
  -3.791  0.0000E+00  0.1000E+02
  -3.786  0.0000E+00  0.1000E+02
  -3.781  0.0000E+00  0.1000E+02
  -3.776  0.0000E+00  0.1000E+02
  -3.771  0.0000E+00  0.1000E+02
  -3.766  0.0000E+00  0.1000E+02
  -3.761  0.0000E+00  0.1000E+02
  -3.756  0.0000E+00  0.1000E+02
  -3.751  0.0000E+00  0.1000E+02
  -3.746  0.0000E+00  0.1000E+02
  -3.741  0.0000E+00  0.1000E+02
  -3.736  0.0000E+00  0.1000E+02
  -3.731  0.0000E+00  0.1000E+02
  -3.726  0.0000E+00  0.1000E+02
  -3.721  0.0000E+00  0.1000E+02
  -3.716  0.0000E+00  0.1000E+02
  -3.711  0.0000E+00  0.1000E+02
  -3.706  0.0000E+00  0.1000E+02
  -3.701  0.0000E+00  0.1000E+02
  -3.696  0.0000E+00  0.1000E+02
  -3.691  0.0000E+00  0.1000E+02
  -3.686  0.0000E+00  0.1000E+02
  -3.681  0.0000E+00  0.1000E+02
  -3.676  0.0000E+00  0.1000E+02
  -3.671  0.0000E+00  0.1000E+02
  -3.666  0.0000E+00  0.1000E+02
  -3.661  0.0000E+00  0.1000E+02
  -3.656  0.0000E+00  0.1000E+02
  -3.651  0.0000E+00  0.1000E+02
  -3.646  0.0000E+00  0.1000E+02
  -3.641  0.0000E+00  0.1000E+02
  -3.636  0.0000E+00  0.1000E+02
  -3.631  0.0000E+00  0.1000E+02
  -3.626  0.0000E+00  0.1000E+02
  -3.621  0.0000E+00  0.1000E+02
  -3.616  0.0000E+00  0.1000E+02
  -3.611  0.0000E+00  0.1000E+02
  -3.606  0.0000E+00  0.1000E+02
  -3.601  0.0000E+00  0.1000E+02
  -3.596  0.0000E+00  0.1000E+02
  -3.591  0.0000E+00  0.1000E+02
  -3.586  0.0000E+00  0.1000E+02
  -3.581  0.0000E+00  0.1000E+02
  -3.576  0.0000E+00  0.1000E+02
  -3.571  0.0000E+00  0.1000E+02
  -3.566  0.0000E+00  0.1000E+02
  -3.561  0.0000E+00  0.1000E+02
  -3.556  0.0000E+00  0.1000E+02
  -3.551  0.0000E+00  0.1000E+02
  -3.546  0.0000E+00  0.1000E+02
  -3.541  0.0000E+00  0.1000E+02
  -3.536  0.0000E+00  0.1000E+02
  -3.531  0.0000E+00  0.1000E+02
  -3.526  0.0000E+00  0.1000E+02
  -3.521  0.0000E+00  0.1000E+02
  -3.516  0.0000E+00  0.1000E+02
  -3.511  0.0000E+00  0.1000E+02
  -3.506  0.0000E+00  0.1000E+02
  -3.501  0.0000E+00  0.1000E+02
  -3.496  0.0000E+00  0.1000E+02
  -3.491  0.0000E+00  0.1000E+02
  -3.486  0.0000E+00  0.1000E+02
  -3.481  0.0000E+00  0.1000E+02
  -3.476  0.0000E+00  0.1000E+02
  -3.471  0.0000E+00  0.1000E+02
  -3.466  0.0000E+00  0.1000E+02
  -3.461  0.0000E+00  0.1000E+02
  -3.456  0.0000E+00  0.1000E+02
  -3.451  0.0000E+00  0.1000E+02
  -3.446  0.0000E+00  0.1000E+02
  -3.441  0.0000E+00  0.1000E+02
  -3.436  0.0000E+00  0.1000E+02
  -3.431  0.0000E+00  0.1000E+02
  -3.426  0.0000E+00  0.1000E+02
  -3.421  0.0000E+00  0.1000E+02
  -3.416  0.0000E+00  0.1000E+02
  -3.411  0.0000E+00  0.1000E+02
  -3.406  0.0000E+00  0.1000E+02
  -3.401  0.0000E+00  0.1000E+02
  -3.396  0.0000E+00  0.1000E+02
  -3.391  0.0000E+00  0.1000E+02
  -3.386  0.0000E+00  0.1000E+02
  -3.381  0.0000E+00  0.1000E+02
  -3.376  0.0000E+00  0.1000E+02
  -3.371  0.0000E+00  0.1000E+02
  -3.366  0.0000E+00  0.1000E+02
  -3.361  0.0000E+00  0.1000E+02
  -3.356  0.0000E+00  0.1000E+02
  -3.351  0.0000E+00  0.1000E+02
  -3.346  0.0000E+00  0.1000E+02
  -3.341  0.0000E+00  0.1000E+02
  -3.336  0.0000E+00  0.1000E+02
  -3.331  0.0000E+00  0.1000E+02
  -3.326  0.0000E+00  0.1000E+02
  -3.321  0.0000E+00  0.1000E+02
  -3.316  0.0000E+00  0.1000E+02
  -3.311  0.0000E+00  0.1000E+02
  -3.306  0.0000E+00  0.1000E+02
  -3.301  0.0000E+00  0.1000E+02
  -3.296  0.0000E+00  0.1000E+02
  -3.291  0.0000E+00  0.1000E+02
  -3.286  0.0000E+00  0.1000E+02
  -3.281  0.0000E+00  0.1000E+02
  -3.276  0.0000E+00  0.1000E+02
  -3.271  0.0000E+00  0.1000E+02
  -3.266  0.0000E+00  0.1000E+02
  -3.261  0.0000E+00  0.1000E+02
  -3.256  0.0000E+00  0.1000E+02
  -3.251  0.0000E+00  0.1000E+02
  -3.246  0.0000E+00  0.1000E+02
  -3.241  0.0000E+00  0.1000E+02
  -3.236  0.0000E+00  0.1000E+02
  -3.231  0.0000E+00  0.1000E+02
  -3.226  0.0000E+00  0.1000E+02
  -3.221  0.0000E+00  0.1000E+02
  -3.216  0.0000E+00  0.1000E+02
  -3.211  0.0000E+00  0.1000E+02
  -3.206  0.0000E+00  0.1000E+02
  -3.201  0.0000E+00  0.1000E+02
  -3.196  0.0000E+00  0.1000E+02
  -3.191  0.0000E+00  0.1000E+02
  -3.186  0.0000E+00  0.1000E+02
  -3.181  0.0000E+00  0.1000E+02
  -3.176  0.0000E+00  0.1000E+02
  -3.171  0.0000E+00  0.1000E+02
  -3.166  0.0000E+00  0.1000E+02
  -3.161  0.0000E+00  0.1000E+02
  -3.156  0.0000E+00  0.1000E+02
  -3.151  0.0000E+00  0.1000E+02
  -3.146  0.0000E+00  0.1000E+02
  -3.141  0.0000E+00  0.1000E+02
  -3.136  0.0000E+00  0.1000E+02
  -3.131  0.0000E+00  0.1000E+02
  -3.126  0.0000E+00  0.1000E+02
  -3.121  0.0000E+00  0.1000E+02
  -3.116  0.0000E+00  0.1000E+02
  -3.111  0.0000E+00  0.1000E+02
  -3.106  0.0000E+00  0.1000E+02
  -3.101  0.0000E+00  0.1000E+02
  -3.096  0.0000E+00  0.1000E+02
  -3.091  0.0000E+00  0.1000E+02
  -3.086  0.0000E+00  0.1000E+02
  -3.081  0.0000E+00  0.1000E+02
  -3.076  0.0000E+00  0.1000E+02
  -3.071  0.0000E+00  0.1000E+02
  -3.066  0.0000E+00  0.1000E+02
  -3.061  0.0000E+00  0.1000E+02
  -3.056  0.0000E+00  0.1000E+02
  -3.051  0.0000E+00  0.1000E+02
  -3.046  0.0000E+00  0.1000E+02
  -3.041  0.0000E+00  0.1000E+02
  -3.036  0.0000E+00  0.1000E+02
  -3.031  0.0000E+00  0.1000E+02
  -3.026  0.0000E+00  0.1000E+02
  -3.021  0.0000E+00  0.1000E+02
  -3.016  0.0000E+00  0.1000E+02
  -3.011  0.0000E+00  0.1000E+02
  -3.006  0.0000E+00  0.1000E+02
  -3.001  0.0000E+00  0.1000E+02
  -2.996  0.0000E+00  0.1000E+02
  -2.991  0.0000E+00  0.1000E+02
  -2.986  0.0000E+00  0.1000E+02
  -2.981  0.0000E+00  0.1000E+02
  -2.976  0.0000E+00  0.1000E+02
  -2.971  0.0000E+00  0.1000E+02
  -2.966  0.0000E+00  0.1000E+02
  -2.961  0.0000E+00  0.1000E+02
  -2.956  0.0000E+00  0.1000E+02
  -2.951  0.0000E+00  0.1000E+02
  -2.946  0.0000E+00  0.1000E+02
  -2.941  0.0000E+00  0.1000E+02
  -2.936  0.0000E+00  0.1000E+02
  -2.931  0.0000E+00  0.1000E+02
  -2.926  0.0000E+00  0.1000E+02
  -2.921  0.0000E+00  0.1000E+02
  -2.916  0.0000E+00  0.1000E+02
  -2.911  0.0000E+00  0.1000E+02
  -2.906  0.0000E+00  0.1000E+02
  -2.901  0.0000E+00  0.1000E+02
  -2.896  0.0000E+00  0.1000E+02
  -2.891  0.0000E+00  0.1000E+02
  -2.886  0.0000E+00  0.1000E+02
  -2.881  0.0000E+00  0.1000E+02
  -2.876  0.0000E+00  0.1000E+02
  -2.871  0.0000E+00  0.1000E+02
  -2.866  0.0000E+00  0.1000E+02
  -2.861  0.0000E+00  0.1000E+02
  -2.856  0.0000E+00  0.1000E+02
  -2.851  0.0000E+00  0.1000E+02
  -2.846  0.0000E+00  0.1000E+02
  -2.841  0.0000E+00  0.1000E+02
  -2.836  0.0000E+00  0.1000E+02
  -2.831  0.0000E+00  0.1000E+02
  -2.826  0.0000E+00  0.1000E+02
  -2.821  0.0000E+00  0.1000E+02
  -2.816  0.0000E+00  0.1000E+02
  -2.811  0.0000E+00  0.1000E+02
  -2.806  0.0000E+00  0.1000E+02
  -2.801  0.0000E+00  0.1000E+02
  -2.796  0.0000E+00  0.1000E+02
  -2.791  0.0000E+00  0.1000E+02
  -2.786  0.0000E+00  0.1000E+02
  -2.781  0.0000E+00  0.1000E+02
  -2.776  0.0000E+00  0.1000E+02
  -2.771  0.0000E+00  0.1000E+02
  -2.766  0.0000E+00  0.1000E+02
  -2.761  0.0000E+00  0.1000E+02
  -2.756  0.0000E+00  0.1000E+02
  -2.751  0.0000E+00  0.1000E+02
  -2.746  0.0000E+00  0.1000E+02
  -2.741  0.0000E+00  0.1000E+02
  -2.736  0.0000E+00  0.1000E+02
  -2.731  0.0000E+00  0.1000E+02
  -2.726  0.0000E+00  0.1000E+02
  -2.721  0.0000E+00  0.1000E+02
  -2.716  0.0000E+00  0.1000E+02
  -2.711  0.0000E+00  0.1000E+02
  -2.706  0.0000E+00  0.1000E+02
  -2.701  0.0000E+00  0.1000E+02
  -2.696  0.0000E+00  0.1000E+02
  -2.691  0.0000E+00  0.1000E+02
  -2.686  0.0000E+00  0.1000E+02
  -2.681  0.0000E+00  0.1000E+02
  -2.676  0.0000E+00  0.1000E+02
  -2.671  0.0000E+00  0.1000E+02
  -2.666  0.0000E+00  0.1000E+02
  -2.661  0.0000E+00  0.1000E+02
  -2.656  0.0000E+00  0.1000E+02
  -2.651  0.0000E+00  0.1000E+02
  -2.646  0.0000E+00  0.1000E+02
  -2.641  0.0000E+00  0.1000E+02
  -2.636  0.0000E+00  0.1000E+02
  -2.631  0.0000E+00  0.1000E+02
  -2.626  0.0000E+00  0.1000E+02
  -2.621  0.0000E+00  0.1000E+02
  -2.616  0.0000E+00  0.1000E+02
  -2.611  0.0000E+00  0.1000E+02
  -2.606  0.0000E+00  0.1000E+02
  -2.601  0.0000E+00  0.1000E+02
  -2.596  0.0000E+00  0.1000E+02
  -2.591  0.0000E+00  0.1000E+02
  -2.586  0.0000E+00  0.1000E+02
  -2.581  0.0000E+00  0.1000E+02
  -2.576  0.0000E+00  0.1000E+02
  -2.571  0.0000E+00  0.1000E+02
  -2.566  0.0000E+00  0.1000E+02
  -2.561  0.0000E+00  0.1000E+02
  -2.556  0.0000E+00  0.1000E+02
  -2.551  0.0000E+00  0.1000E+02
  -2.546  0.0000E+00  0.1000E+02
  -2.541  0.0000E+00  0.1000E+02
  -2.536  0.0000E+00  0.1000E+02
  -2.531  0.0000E+00  0.1000E+02
  -2.526  0.0000E+00  0.1000E+02
  -2.521  0.0000E+00  0.1000E+02
  -2.516  0.0000E+00  0.1000E+02
  -2.511  0.0000E+00  0.1000E+02
  -2.506  0.0000E+00  0.1000E+02
  -2.501  0.0000E+00  0.1000E+02
  -2.496  0.0000E+00  0.1000E+02
  -2.491  0.0000E+00  0.1000E+02
  -2.486  0.0000E+00  0.1000E+02
  -2.481  0.0000E+00  0.1000E+02
  -2.476  0.0000E+00  0.1000E+02
  -2.471  0.0000E+00  0.1000E+02
  -2.466  0.0000E+00  0.1000E+02
  -2.461  0.0000E+00  0.1000E+02
  -2.456  0.0000E+00  0.1000E+02
  -2.451  0.0000E+00  0.1000E+02
  -2.446  0.0000E+00  0.1000E+02
  -2.441  0.0000E+00  0.1000E+02
  -2.436  0.0000E+00  0.1000E+02
  -2.431  0.0000E+00  0.1000E+02
  -2.426  0.0000E+00  0.1000E+02
  -2.421  0.0000E+00  0.1000E+02
  -2.416  0.0000E+00  0.1000E+02
  -2.411  0.0000E+00  0.1000E+02
  -2.406  0.0000E+00  0.1000E+02
  -2.401  0.0000E+00  0.1000E+02
  -2.396  0.0000E+00  0.1000E+02
  -2.391  0.0000E+00  0.1000E+02
  -2.386  0.0000E+00  0.1000E+02
  -2.381  0.0000E+00  0.1000E+02
  -2.376  0.0000E+00  0.1000E+02
  -2.371  0.0000E+00  0.1000E+02
  -2.366  0.0000E+00  0.1000E+02
  -2.361  0.0000E+00  0.1000E+02
  -2.356  0.0000E+00  0.1000E+02
  -2.351  0.0000E+00  0.1000E+02
  -2.346  0.0000E+00  0.1000E+02
  -2.341  0.0000E+00  0.1000E+02
  -2.336  0.0000E+00  0.1000E+02
  -2.331  0.0000E+00  0.1000E+02
  -2.326  0.0000E+00  0.1000E+02
  -2.321  0.0000E+00  0.1000E+02
  -2.316  0.0000E+00  0.1000E+02
  -2.311  0.0000E+00  0.1000E+02
  -2.306  0.0000E+00  0.1000E+02
  -2.301  0.0000E+00  0.1000E+02
  -2.296  0.0000E+00  0.1000E+02
  -2.291  0.0000E+00  0.1000E+02
  -2.286  0.0000E+00  0.1000E+02
  -2.281  0.0000E+00  0.1000E+02
  -2.276  0.0000E+00  0.1000E+02
  -2.271  0.0000E+00  0.1000E+02
  -2.266  0.0000E+00  0.1000E+02
  -2.261  0.0000E+00  0.1000E+02
  -2.256  0.0000E+00  0.1000E+02
  -2.251  0.0000E+00  0.1000E+02
  -2.246  0.0000E+00  0.1000E+02
  -2.241  0.0000E+00  0.1000E+02
  -2.236  0.0000E+00  0.1000E+02
  -2.231  0.0000E+00  0.1000E+02
  -2.226  0.0000E+00  0.1000E+02
  -2.221  0.0000E+00  0.1000E+02
  -2.216  0.0000E+00  0.1000E+02
  -2.211  0.0000E+00  0.1000E+02
  -2.206  0.0000E+00  0.1000E+02
  -2.201  0.0000E+00  0.1000E+02
  -2.196  0.0000E+00  0.1000E+02
  -2.191  0.0000E+00  0.1000E+02
  -2.186  0.0000E+00  0.1000E+02
  -2.181  0.0000E+00  0.1000E+02
  -2.176  0.0000E+00  0.1000E+02
  -2.171  0.0000E+00  0.1000E+02
  -2.166  0.0000E+00  0.1000E+02
  -2.161  0.0000E+00  0.1000E+02
  -2.156  0.0000E+00  0.1000E+02
  -2.151  0.0000E+00  0.1000E+02
  -2.146  0.0000E+00  0.1000E+02
  -2.141  0.0000E+00  0.1000E+02
  -2.136  0.0000E+00  0.1000E+02
  -2.131  0.0000E+00  0.1000E+02
  -2.126  0.0000E+00  0.1000E+02
  -2.121  0.0000E+00  0.1000E+02
  -2.116  0.0000E+00  0.1000E+02
  -2.111  0.0000E+00  0.1000E+02
  -2.106  0.0000E+00  0.1000E+02
  -2.101  0.0000E+00  0.1000E+02
  -2.096  0.0000E+00  0.1000E+02
  -2.091  0.0000E+00  0.1000E+02
  -2.086  0.0000E+00  0.1000E+02
  -2.081  0.0000E+00  0.1000E+02
  -2.076  0.0000E+00  0.1000E+02
  -2.071  0.0000E+00  0.1000E+02
  -2.066  0.0000E+00  0.1000E+02
  -2.061  0.0000E+00  0.1000E+02
  -2.056  0.0000E+00  0.1000E+02
  -2.051  0.0000E+00  0.1000E+02
  -2.046  0.0000E+00  0.1000E+02
  -2.041  0.0000E+00  0.1000E+02
  -2.036  0.0000E+00  0.1000E+02
  -2.031  0.0000E+00  0.1000E+02
  -2.026  0.0000E+00  0.1000E+02
  -2.021  0.0000E+00  0.1000E+02
  -2.016  0.0000E+00  0.1000E+02
  -2.011  0.0000E+00  0.1000E+02
  -2.006  0.0000E+00  0.1000E+02
  -2.001  0.0000E+00  0.1000E+02
  -1.996  0.0000E+00  0.1000E+02
  -1.991  0.0000E+00  0.1000E+02
  -1.986  0.0000E+00  0.1000E+02
  -1.981  0.0000E+00  0.1000E+02
  -1.976  0.0000E+00  0.1000E+02
  -1.971  0.0000E+00  0.1000E+02
  -1.966  0.0000E+00  0.1000E+02
  -1.961  0.0000E+00  0.1000E+02
  -1.956  0.0000E+00  0.1000E+02
  -1.951  0.0000E+00  0.1000E+02
  -1.946  0.0000E+00  0.1000E+02
  -1.941  0.0000E+00  0.1000E+02
  -1.936  0.0000E+00  0.1000E+02
  -1.931  0.0000E+00  0.1000E+02
  -1.926  0.0000E+00  0.1000E+02
  -1.921  0.0000E+00  0.1000E+02
  -1.916  0.0000E+00  0.1000E+02
  -1.911  0.0000E+00  0.1000E+02
  -1.906  0.0000E+00  0.1000E+02
  -1.901  0.0000E+00  0.1000E+02
  -1.896  0.0000E+00  0.1000E+02
  -1.891  0.0000E+00  0.1000E+02
  -1.886  0.0000E+00  0.1000E+02
  -1.881  0.0000E+00  0.1000E+02
  -1.876  0.0000E+00  0.1000E+02
  -1.871  0.0000E+00  0.1000E+02
  -1.866  0.0000E+00  0.1000E+02
  -1.861  0.0000E+00  0.1000E+02
  -1.856  0.0000E+00  0.1000E+02
  -1.851  0.0000E+00  0.1000E+02
  -1.846  0.0000E+00  0.1000E+02
  -1.841  0.0000E+00  0.1000E+02
  -1.836  0.0000E+00  0.1000E+02
  -1.831  0.0000E+00  0.1000E+02
  -1.826  0.0000E+00  0.1000E+02
  -1.821  0.0000E+00  0.1000E+02
  -1.816  0.0000E+00  0.1000E+02
  -1.811  0.0000E+00  0.1000E+02
  -1.806  0.0000E+00  0.1000E+02
  -1.801  0.0000E+00  0.1000E+02
  -1.796  0.0000E+00  0.1000E+02
  -1.791  0.0000E+00  0.1000E+02
  -1.786  0.0000E+00  0.1000E+02
  -1.781  0.0000E+00  0.1000E+02
  -1.776  0.0000E+00  0.1000E+02
  -1.771  0.0000E+00  0.1000E+02
  -1.766  0.0000E+00  0.1000E+02
  -1.761  0.0000E+00  0.1000E+02
  -1.756  0.0000E+00  0.1000E+02
  -1.751  0.0000E+00  0.1000E+02
  -1.746  0.0000E+00  0.1000E+02
  -1.741  0.0000E+00  0.1000E+02
  -1.736  0.0000E+00  0.1000E+02
  -1.731  0.0000E+00  0.1000E+02
  -1.726  0.0000E+00  0.1000E+02
  -1.721  0.0000E+00  0.1000E+02
  -1.716  0.0000E+00  0.1000E+02
  -1.711  0.0000E+00  0.1000E+02
  -1.706  0.0000E+00  0.1000E+02
  -1.701  0.0000E+00  0.1000E+02
  -1.696  0.0000E+00  0.1000E+02
  -1.691  0.0000E+00  0.1000E+02
  -1.686  0.0000E+00  0.1000E+02
  -1.681  0.0000E+00  0.1000E+02
  -1.676  0.0000E+00  0.1000E+02
  -1.671  0.0000E+00  0.1000E+02
  -1.666  0.0000E+00  0.1000E+02
  -1.661  0.0000E+00  0.1000E+02
  -1.656  0.0000E+00  0.1000E+02
  -1.651  0.0000E+00  0.1000E+02
  -1.646  0.0000E+00  0.1000E+02
  -1.641  0.0000E+00  0.1000E+02
  -1.636  0.0000E+00  0.1000E+02
  -1.631  0.0000E+00  0.1000E+02
  -1.626  0.0000E+00  0.1000E+02
  -1.621  0.0000E+00  0.1000E+02
  -1.616  0.0000E+00  0.1000E+02
  -1.611  0.0000E+00  0.1000E+02
  -1.606  0.0000E+00  0.1000E+02
  -1.601  0.0000E+00  0.1000E+02
  -1.596  0.0000E+00  0.1000E+02
  -1.591  0.0000E+00  0.1000E+02
  -1.586  0.0000E+00  0.1000E+02
  -1.581  0.0000E+00  0.1000E+02
  -1.576  0.0000E+00  0.1000E+02
  -1.571  0.0000E+00  0.1000E+02
  -1.566  0.0000E+00  0.1000E+02
  -1.561  0.0000E+00  0.1000E+02
  -1.556  0.0000E+00  0.1000E+02
  -1.551  0.0000E+00  0.1000E+02
  -1.546  0.0000E+00  0.1000E+02
  -1.541  0.0000E+00  0.1000E+02
  -1.536  0.0000E+00  0.1000E+02
  -1.531  0.0000E+00  0.1000E+02
  -1.526  0.0000E+00  0.1000E+02
  -1.521  0.0000E+00  0.1000E+02
  -1.516  0.0000E+00  0.1000E+02
  -1.511  0.0000E+00  0.1000E+02
  -1.506  0.0000E+00  0.1000E+02
  -1.501  0.0000E+00  0.1000E+02
  -1.496  0.0000E+00  0.1000E+02
  -1.491  0.0000E+00  0.1000E+02
  -1.486  0.0000E+00  0.1000E+02
  -1.481  0.0000E+00  0.1000E+02
  -1.476  0.0000E+00  0.1000E+02
  -1.471  0.0000E+00  0.1000E+02
  -1.466  0.0000E+00  0.1000E+02
  -1.461  0.0000E+00  0.1000E+02
  -1.456  0.0000E+00  0.1000E+02
  -1.451  0.0000E+00  0.1000E+02
  -1.446  0.0000E+00  0.1000E+02
  -1.441  0.0000E+00  0.1000E+02
  -1.436  0.0000E+00  0.1000E+02
  -1.431  0.0000E+00  0.1000E+02
  -1.426  0.0000E+00  0.1000E+02
  -1.421  0.0000E+00  0.1000E+02
  -1.416  0.0000E+00  0.1000E+02
  -1.411  0.0000E+00  0.1000E+02
  -1.406  0.0000E+00  0.1000E+02
  -1.401  0.0000E+00  0.1000E+02
  -1.396  0.0000E+00  0.1000E+02
  -1.391  0.0000E+00  0.1000E+02
  -1.386  0.0000E+00  0.1000E+02
  -1.381  0.0000E+00  0.1000E+02
  -1.376  0.0000E+00  0.1000E+02
  -1.371  0.0000E+00  0.1000E+02
  -1.366  0.0000E+00  0.1000E+02
  -1.361  0.0000E+00  0.1000E+02
  -1.356  0.0000E+00  0.1000E+02
  -1.351  0.0000E+00  0.1000E+02
  -1.346  0.0000E+00  0.1000E+02
  -1.341  0.0000E+00  0.1000E+02
  -1.336  0.0000E+00  0.1000E+02
  -1.331  0.0000E+00  0.1000E+02
  -1.326  0.0000E+00  0.1000E+02
  -1.321  0.0000E+00  0.1000E+02
  -1.316  0.0000E+00  0.1000E+02
  -1.311  0.0000E+00  0.1000E+02
  -1.306  0.0000E+00  0.1000E+02
  -1.301  0.0000E+00  0.1000E+02
  -1.296  0.0000E+00  0.1000E+02
  -1.291  0.0000E+00  0.1000E+02
  -1.286  0.0000E+00  0.1000E+02
  -1.281  0.0000E+00  0.1000E+02
  -1.276  0.0000E+00  0.1000E+02
  -1.271  0.0000E+00  0.1000E+02
  -1.266  0.0000E+00  0.1000E+02
  -1.261  0.0000E+00  0.1000E+02
  -1.256  0.0000E+00  0.1000E+02
  -1.251  0.0000E+00  0.1000E+02
  -1.246  0.0000E+00  0.1000E+02
  -1.241  0.0000E+00  0.1000E+02
  -1.236  0.0000E+00  0.1000E+02
  -1.231  0.0000E+00  0.1000E+02
  -1.226  0.0000E+00  0.1000E+02
  -1.221  0.0000E+00  0.1000E+02
  -1.216  0.0000E+00  0.1000E+02
  -1.211  0.0000E+00  0.1000E+02
  -1.206  0.0000E+00  0.1000E+02
  -1.201  0.0000E+00  0.1000E+02
  -1.196  0.0000E+00  0.1000E+02
  -1.191  0.0000E+00  0.1000E+02
  -1.186  0.0000E+00  0.1000E+02
  -1.181  0.0000E+00  0.1000E+02
  -1.176  0.0000E+00  0.1000E+02
  -1.171  0.0000E+00  0.1000E+02
  -1.166  0.0000E+00  0.1000E+02
  -1.161  0.0000E+00  0.1000E+02
  -1.156  0.0000E+00  0.1000E+02
  -1.151  0.0000E+00  0.1000E+02
  -1.146  0.0000E+00  0.1000E+02
  -1.141  0.0000E+00  0.1000E+02
  -1.136  0.0000E+00  0.1000E+02
  -1.131  0.0000E+00  0.1000E+02
  -1.126  0.0000E+00  0.1000E+02
  -1.121  0.0000E+00  0.1000E+02
  -1.116  0.0000E+00  0.1000E+02
  -1.111  0.0000E+00  0.1000E+02
  -1.106  0.0000E+00  0.1000E+02
  -1.101  0.0000E+00  0.1000E+02
  -1.096  0.0000E+00  0.1000E+02
  -1.091  0.0000E+00  0.1000E+02
  -1.086  0.0000E+00  0.1000E+02
  -1.081  0.0000E+00  0.1000E+02
  -1.076  0.0000E+00  0.1000E+02
  -1.071  0.0000E+00  0.1000E+02
  -1.066  0.0000E+00  0.1000E+02
  -1.061  0.0000E+00  0.1000E+02
  -1.056  0.0000E+00  0.1000E+02
  -1.051  0.0000E+00  0.1000E+02
  -1.046  0.0000E+00  0.1000E+02
  -1.041  0.0000E+00  0.1000E+02
  -1.036  0.0000E+00  0.1000E+02
  -1.031  0.0000E+00  0.1000E+02
  -1.026  0.0000E+00  0.1000E+02
  -1.021  0.0000E+00  0.1000E+02
  -1.016  0.0000E+00  0.1000E+02
  -1.011  0.0000E+00  0.1000E+02
  -1.006  0.0000E+00  0.1000E+02
  -1.001  0.0000E+00  0.1000E+02
  -0.996  0.0000E+00  0.1000E+02
  -0.991  0.0000E+00  0.1000E+02
  -0.986  0.0000E+00  0.1000E+02
  -0.981  0.0000E+00  0.1000E+02
  -0.976  0.0000E+00  0.1000E+02
  -0.971  0.0000E+00  0.1000E+02
  -0.966  0.0000E+00  0.1000E+02
  -0.961  0.0000E+00  0.1000E+02
  -0.956  0.0000E+00  0.1000E+02
  -0.951  0.0000E+00  0.1000E+02
  -0.946  0.0000E+00  0.1000E+02
  -0.941  0.0000E+00  0.1000E+02
  -0.936  0.0000E+00  0.1000E+02
  -0.931  0.0000E+00  0.1000E+02
  -0.926  0.0000E+00  0.1000E+02
  -0.921  0.0000E+00  0.1000E+02
  -0.916  0.0000E+00  0.1000E+02
  -0.911  0.0000E+00  0.1000E+02
  -0.906  0.0000E+00  0.1000E+02
  -0.901  0.0000E+00  0.1000E+02
  -0.896  0.0000E+00  0.1000E+02
  -0.891  0.0000E+00  0.1000E+02
  -0.886  0.0000E+00  0.1000E+02
  -0.881  0.0000E+00  0.1000E+02
  -0.876  0.0000E+00  0.1000E+02
  -0.871  0.0000E+00  0.1000E+02
  -0.866  0.0000E+00  0.1000E+02
  -0.861  0.0000E+00  0.1000E+02
  -0.856  0.0000E+00  0.1000E+02
  -0.851  0.0000E+00  0.1000E+02
  -0.846  0.0000E+00  0.1000E+02
  -0.841  0.0000E+00  0.1000E+02
  -0.836  0.0000E+00  0.1000E+02
  -0.831  0.0000E+00  0.1000E+02
  -0.826  0.0000E+00  0.1000E+02
  -0.821  0.0000E+00  0.1000E+02
  -0.816  0.0000E+00  0.1000E+02
  -0.811  0.0000E+00  0.1000E+02
  -0.806  0.0000E+00  0.1000E+02
  -0.801  0.0000E+00  0.1000E+02
  -0.796  0.0000E+00  0.1000E+02
  -0.791  0.0000E+00  0.1000E+02
  -0.786  0.0000E+00  0.1000E+02
  -0.781  0.0000E+00  0.1000E+02
  -0.776  0.0000E+00  0.1000E+02
  -0.771  0.0000E+00  0.1000E+02
  -0.766  0.0000E+00  0.1000E+02
  -0.761  0.0000E+00  0.1000E+02
  -0.756  0.0000E+00  0.1000E+02
  -0.751  0.0000E+00  0.1000E+02
  -0.746  0.0000E+00  0.1000E+02
  -0.741  0.0000E+00  0.1000E+02
  -0.736  0.0000E+00  0.1000E+02
  -0.731  0.0000E+00  0.1000E+02
  -0.726  0.0000E+00  0.1000E+02
  -0.721  0.0000E+00  0.1000E+02
  -0.716  0.0000E+00  0.1000E+02
  -0.711  0.0000E+00  0.1000E+02
  -0.706  0.0000E+00  0.1000E+02
  -0.701  0.3487E+00  0.1000E+02
  -0.696  0.2234E+01  0.1001E+02
  -0.691  0.3456E+01  0.1002E+02
  -0.686  0.4101E+01  0.1004E+02
  -0.681  0.5009E+01  0.1006E+02
  -0.676  0.5855E+01  0.1009E+02
  -0.671  0.6390E+01  0.1012E+02
  -0.666  0.6779E+01  0.1016E+02
  -0.661  0.7491E+01  0.1019E+02
  -0.656  0.8481E+01  0.1023E+02
  -0.651  0.9097E+01  0.1028E+02
  -0.646  0.9820E+01  0.1032E+02
  -0.641  0.1054E+02  0.1037E+02
  -0.636  0.1153E+02  0.1043E+02
  -0.631  0.1278E+02  0.1049E+02
  -0.626  0.1388E+02  0.1056E+02
  -0.621  0.1489E+02  0.1063E+02
  -0.616  0.1645E+02  0.1071E+02
  -0.611  0.1868E+02  0.1079E+02
  -0.606  0.2204E+02  0.1090E+02
  -0.601  0.2714E+02  0.1102E+02
  -0.596  0.3057E+02  0.1117E+02
  -0.591  0.2987E+02  0.1132E+02
  -0.586  0.3000E+02  0.1146E+02
  -0.581  0.3038E+02  0.1162E+02
  -0.576  0.3037E+02  0.1177E+02
  -0.571  0.3023E+02  0.1192E+02
  -0.566  0.3038E+02  0.1207E+02
  -0.561  0.3059E+02  0.1222E+02
  -0.556  0.3114E+02  0.1238E+02
  -0.551  0.3092E+02  0.1253E+02
  -0.546  0.3104E+02  0.1269E+02
  -0.541  0.3130E+02  0.1285E+02
  -0.536  0.3204E+02  0.1300E+02
  -0.531  0.3343E+02  0.1317E+02
  -0.526  0.3372E+02  0.1334E+02
  -0.521  0.3636E+02  0.1352E+02
  -0.516  0.2024E+02  0.1365E+02
  -0.511  0.1455E+02  0.1373E+02
  -0.506  0.1445E+02  0.1381E+02
  -0.501  0.1432E+02  0.1388E+02
  -0.496  0.1435E+02  0.1395E+02
  -0.491  0.1451E+02  0.1402E+02
  -0.486  0.1333E+02  0.1409E+02
  -0.481  0.1104E+02  0.1416E+02
  -0.476  0.1002E+02  0.1421E+02
  -0.471  0.9154E+01  0.1426E+02
  -0.466  0.8672E+01  0.1430E+02
  -0.461  0.8203E+01  0.1434E+02
  -0.456  0.7774E+01  0.1438E+02
  -0.451  0.7129E+01  0.1442E+02
  -0.446  0.6629E+01  0.1445E+02
  -0.441  0.6415E+01  0.1449E+02
  -0.436  0.5883E+01  0.1452E+02
  -0.431  0.5310E+01  0.1455E+02
  -0.426  0.6128E+01  0.1458E+02
  -0.421  0.6460E+01  0.1461E+02
  -0.416  0.6671E+01  0.1464E+02
  -0.411  0.6668E+01  0.1467E+02
  -0.406  0.6738E+01  0.1471E+02
  -0.401  0.6800E+01  0.1474E+02
  -0.396  0.6916E+01  0.1478E+02
  -0.391  0.7078E+01  0.1481E+02
  -0.386  0.7259E+01  0.1485E+02
  -0.381  0.7465E+01  0.1488E+02
  -0.376  0.7652E+01  0.1492E+02
  -0.371  0.7822E+01  0.1496E+02
  -0.366  0.8039E+01  0.1500E+02
  -0.361  0.8305E+01  0.1504E+02
  -0.356  0.8611E+01  0.1508E+02
  -0.351  0.8960E+01  0.1513E+02
  -0.346  0.9399E+01  0.1517E+02
  -0.341  0.9957E+01  0.1522E+02
  -0.336  0.1074E+02  0.1527E+02
  -0.331  0.1226E+02  0.1533E+02
  -0.326  0.1427E+02  0.1540E+02
  -0.321  0.1602E+02  0.1547E+02
  -0.316  0.1628E+02  0.1555E+02
  -0.311  0.1490E+02  0.1563E+02
  -0.306  0.1503E+02  0.1570E+02
  -0.301  0.1091E+02  0.1577E+02
  -0.296  0.8466E+01  0.1582E+02
  -0.291  0.8670E+01  0.1586E+02
  -0.286  0.2571E+02  0.1593E+02
  -0.281  0.4132E+02  0.1613E+02
  -0.276  0.3349E+02  0.1632E+02
  -0.271  0.4053E+02  0.1649E+02
  -0.266  0.5941E+02  0.1675E+02
  -0.261  0.6565E+02  0.1706E+02
  -0.256  0.7258E+02  0.1740E+02
  -0.251  0.5139E+02  0.1773E+02
  -0.246  0.3802E+02  0.1795E+02
  -0.241  0.3182E+02  0.1812E+02
  -0.236  0.2489E+02  0.1826E+02
  -0.231  0.2145E+02  0.1838E+02
  -0.226  0.1498E+02  0.1847E+02
  -0.221  0.7743E+01  0.1853E+02
  -0.216  0.4272E+01  0.1855E+02
  -0.211  0.4057E+01  0.1857E+02
  -0.206  0.3884E+01  0.1859E+02
  -0.201  0.3754E+01  0.1861E+02
  -0.196  0.3667E+01  0.1863E+02
  -0.191  0.3587E+01  0.1865E+02
  -0.186  0.3514E+01  0.1866E+02
  -0.181  0.3448E+01  0.1868E+02
  -0.176  0.3390E+01  0.1870E+02
  -0.171  0.3334E+01  0.1872E+02
  -0.166  0.3257E+01  0.1873E+02
  -0.161  0.3209E+01  0.1875E+02
  -0.156  0.3164E+01  0.1876E+02
  -0.151  0.3121E+01  0.1878E+02
  -0.146  0.3082E+01  0.1880E+02
  -0.141  0.3058E+01  0.1881E+02
  -0.136  0.3052E+01  0.1883E+02
  -0.131  0.3055E+01  0.1884E+02
  -0.126  0.3061E+01  0.1886E+02
  -0.121  0.3069E+01  0.1887E+02
  -0.116  0.3080E+01  0.1889E+02
  -0.111  0.3093E+01  0.1890E+02
  -0.106  0.3109E+01  0.1892E+02
  -0.101  0.3127E+01  0.1893E+02
  -0.096  0.3150E+01  0.1895E+02
  -0.091  0.3190E+01  0.1896E+02
  -0.086  0.3238E+01  0.1898E+02
  -0.081  0.3296E+01  0.1900E+02
  -0.076  0.3364E+01  0.1901E+02
  -0.071  0.3442E+01  0.1903E+02
  -0.066  0.3528E+01  0.1905E+02
  -0.061  0.3623E+01  0.1907E+02
  -0.056  0.3715E+01  0.1908E+02
  -0.051  0.3799E+01  0.1910E+02
  -0.046  0.3877E+01  0.1912E+02
  -0.041  0.3948E+01  0.1914E+02
  -0.036  0.4017E+01  0.1916E+02
  -0.031  0.4096E+01  0.1918E+02
  -0.026  0.4173E+01  0.1920E+02
  -0.021  0.4272E+01  0.1922E+02
  -0.016  0.4366E+01  0.1925E+02
  -0.011  0.4405E+01  0.1927E+02
  -0.006  0.4453E+01  0.1929E+02
  -0.001  0.4504E+01  0.1931E+02
   0.004  0.4367E+01  0.1933E+02
   0.009  0.4235E+01  0.1936E+02
   0.014  0.4139E+01  0.1938E+02
   0.019  0.4075E+01  0.1940E+02
   0.024  0.4042E+01  0.1942E+02
   0.029  0.4011E+01  0.1944E+02
   0.034  0.3971E+01  0.1946E+02
   0.039  0.3940E+01  0.1948E+02
   0.044  0.3921E+01  0.1950E+02
   0.049  0.3912E+01  0.1952E+02
   0.054  0.3928E+01  0.1954E+02
   0.059  0.3972E+01  0.1956E+02
   0.064  0.4023E+01  0.1958E+02
   0.069  0.4081E+01  0.1960E+02
   0.074  0.4072E+01  0.1962E+02
   0.079  0.4074E+01  0.1964E+02
   0.084  0.4077E+01  0.1966E+02
   0.089  0.4083E+01  0.1968E+02
   0.094  0.4086E+01  0.1970E+02
   0.099  0.4083E+01  0.1972E+02
   0.104  0.4083E+01  0.1974E+02
   0.109  0.4091E+01  0.1976E+02
   0.114  0.4096E+01  0.1978E+02
   0.119  0.4092E+01  0.1980E+02
   0.124  0.3990E+01  0.1982E+02
   0.129  0.3901E+01  0.1984E+02
   0.134  0.3803E+01  0.1986E+02
   0.139  0.3731E+01  0.1988E+02
   0.144  0.3600E+01  0.1990E+02
   0.149  0.3133E+01  0.1991E+02
   0.154  0.2893E+01  0.1993E+02
   0.159  0.2640E+01  0.1994E+02
   0.164  0.2372E+01  0.1996E+02
   0.169  0.2170E+01  0.1997E+02
   0.174  0.1569E+01  0.1998E+02
   0.179  0.1225E+01  0.1998E+02
   0.184  0.9862E+00  0.1999E+02
   0.189  0.7889E+00  0.1999E+02
   0.194  0.5511E+00  0.2000E+02
   0.199  0.3019E+00  0.2000E+02
   0.204  0.1257E+00  0.2000E+02
   0.209  0.2234E-01  0.2000E+02
   0.214  0.0000E+00  0.2000E+02
   0.219  0.0000E+00  0.2000E+02
   0.224  0.0000E+00  0.2000E+02
   0.229  0.0000E+00  0.2000E+02
   0.234  0.0000E+00  0.2000E+02
   0.239  0.0000E+00  0.2000E+02
   0.244  0.0000E+00  0.2000E+02
   0.249  0.0000E+00  0.2000E+02
   0.254  0.0000E+00  0.2000E+02
   0.259  0.0000E+00  0.2000E+02
   0.264  0.0000E+00  0.2000E+02
   0.269  0.0000E+00  0.2000E+02
   0.274  0.0000E+00  0.2000E+02
   0.279  0.0000E+00  0.2000E+02
   0.284  0.0000E+00  0.2000E+02
   0.289  0.0000E+00  0.2000E+02
   0.294  0.0000E+00  0.2000E+02
   0.299  0.0000E+00  0.2000E+02
   0.304  0.0000E+00  0.2000E+02
   0.309  0.0000E+00  0.2000E+02
   0.314  0.0000E+00  0.2000E+02
   0.319  0.0000E+00  0.2000E+02
   0.324  0.0000E+00  0.2000E+02
   0.329  0.0000E+00  0.2000E+02
   0.334  0.0000E+00  0.2000E+02
   0.339  0.0000E+00  0.2000E+02
   0.344  0.0000E+00  0.2000E+02
   0.349  0.0000E+00  0.2000E+02
   0.354  0.0000E+00  0.2000E+02
   0.359  0.0000E+00  0.2000E+02
   0.364  0.0000E+00  0.2000E+02
   0.369  0.0000E+00  0.2000E+02
   0.374  0.0000E+00  0.2000E+02
   0.379  0.0000E+00  0.2000E+02
   0.384  0.0000E+00  0.2000E+02
   0.389  0.0000E+00  0.2000E+02
   0.394  0.0000E+00  0.2000E+02
   0.399  0.0000E+00  0.2000E+02
   0.404  0.0000E+00  0.2000E+02
   0.409  0.0000E+00  0.2000E+02
   0.414  0.0000E+00  0.2000E+02
   0.419  0.0000E+00  0.2000E+02
   0.424  0.0000E+00  0.2000E+02
   0.429  0.0000E+00  0.2000E+02
   0.434  0.0000E+00  0.2000E+02
   0.439  0.0000E+00  0.2000E+02
   0.444  0.0000E+00  0.2000E+02
   0.449  0.0000E+00  0.2000E+02
   0.454  0.0000E+00  0.2000E+02
   0.459  0.0000E+00  0.2000E+02
   0.464  0.0000E+00  0.2000E+02
   0.469  0.0000E+00  0.2000E+02
   0.474  0.0000E+00  0.2000E+02
   0.479  0.0000E+00  0.2000E+02
   0.484  0.0000E+00  0.2000E+02
   0.489  0.0000E+00  0.2000E+02
   0.494  0.0000E+00  0.2000E+02
   0.499  0.0000E+00  0.2000E+02
   0.504  0.0000E+00  0.2000E+02
   0.509  0.0000E+00  0.2000E+02
   0.514  0.0000E+00  0.2000E+02
   0.519  0.0000E+00  0.2000E+02
   0.524  0.0000E+00  0.2000E+02
   0.529  0.0000E+00  0.2000E+02
   0.534  0.0000E+00  0.2000E+02
   0.539  0.0000E+00  0.2000E+02
   0.544  0.0000E+00  0.2000E+02
   0.549  0.0000E+00  0.2000E+02
   0.554  0.0000E+00  0.2000E+02
   0.559  0.0000E+00  0.2000E+02
   0.564  0.0000E+00  0.2000E+02
   0.569  0.0000E+00  0.2000E+02
   0.574  0.0000E+00  0.2000E+02
   0.579  0.0000E+00  0.2000E+02
   0.584  0.0000E+00  0.2000E+02
   0.589  0.0000E+00  0.2000E+02
   0.594  0.0000E+00  0.2000E+02
   0.599  0.0000E+00  0.2000E+02
   0.604  0.0000E+00  0.2000E+02
   0.609  0.0000E+00  0.2000E+02
   0.614  0.0000E+00  0.2000E+02
   0.619  0.0000E+00  0.2000E+02
   0.624  0.0000E+00  0.2000E+02
   0.629  0.0000E+00  0.2000E+02
   0.634  0.0000E+00  0.2000E+02
   0.639  0.0000E+00  0.2000E+02
   0.644  0.0000E+00  0.2000E+02
   0.649  0.0000E+00  0.2000E+02
   0.654  0.0000E+00  0.2000E+02
   0.659  0.0000E+00  0.2000E+02
   0.664  0.0000E+00  0.2000E+02
   0.669  0.0000E+00  0.2000E+02
   0.674  0.0000E+00  0.2000E+02
   0.679  0.0000E+00  0.2000E+02
   0.684  0.0000E+00  0.2000E+02
   0.689  0.0000E+00  0.2000E+02
   0.694  0.0000E+00  0.2000E+02
   0.699  0.0000E+00  0.2000E+02
   0.704  0.0000E+00  0.2000E+02
   0.709  0.0000E+00  0.2000E+02
   0.714  0.0000E+00  0.2000E+02
   0.719  0.0000E+00  0.2000E+02
   0.724  0.0000E+00  0.2000E+02
   0.729  0.0000E+00  0.2000E+02
   0.734  0.0000E+00  0.2000E+02
   0.739  0.0000E+00  0.2000E+02
   0.744  0.0000E+00  0.2000E+02
   0.749  0.0000E+00  0.2000E+02
   0.754  0.0000E+00  0.2000E+02
   0.759  0.0000E+00  0.2000E+02
   0.764  0.0000E+00  0.2000E+02
   0.769  0.0000E+00  0.2000E+02
   0.774  0.0000E+00  0.2000E+02
   0.779  0.0000E+00  0.2000E+02
   0.784  0.0000E+00  0.2000E+02
   0.789  0.0000E+00  0.2000E+02
   0.794  0.0000E+00  0.2000E+02
   0.799  0.0000E+00  0.2000E+02
   0.804  0.0000E+00  0.2000E+02
   0.809  0.0000E+00  0.2000E+02
   0.814  0.0000E+00  0.2000E+02
   0.819  0.0000E+00  0.2000E+02
   0.824  0.0000E+00  0.2000E+02
   0.829  0.0000E+00  0.2000E+02
   0.834  0.0000E+00  0.2000E+02
   0.839  0.0000E+00  0.2000E+02
   0.844  0.0000E+00  0.2000E+02
   0.849  0.0000E+00  0.2000E+02
   0.854  0.0000E+00  0.2000E+02
   0.859  0.0000E+00  0.2000E+02
   0.864  0.0000E+00  0.2000E+02
   0.869  0.0000E+00  0.2000E+02
   0.874  0.0000E+00  0.2000E+02
   0.879  0.0000E+00  0.2000E+02
   0.884  0.0000E+00  0.2000E+02
   0.889  0.0000E+00  0.2000E+02
   0.894  0.0000E+00  0.2000E+02
   0.899  0.0000E+00  0.2000E+02
   0.904  0.0000E+00  0.2000E+02
   0.909  0.0000E+00  0.2000E+02
   0.914  0.0000E+00  0.2000E+02
   0.919  0.0000E+00  0.2000E+02
   0.924  0.0000E+00  0.2000E+02
   0.929  0.0000E+00  0.2000E+02
   0.934  0.0000E+00  0.2000E+02
   0.939  0.0000E+00  0.2000E+02
   0.944  0.0000E+00  0.2000E+02
   0.949  0.0000E+00  0.2000E+02
   0.954  0.0000E+00  0.2000E+02
   0.959  0.0000E+00  0.2000E+02
   0.964  0.0000E+00  0.2000E+02
   0.969  0.0000E+00  0.2000E+02
   0.974  0.0000E+00  0.2000E+02
   0.979  0.0000E+00  0.2000E+02
   0.984  0.0000E+00  0.2000E+02
   0.989  0.0000E+00  0.2000E+02
   0.994  0.0000E+00  0.2000E+02
   0.999  0.0000E+00  0.2000E+02
   1.004  0.0000E+00  0.2000E+02
   1.009  0.0000E+00  0.2000E+02
   1.014  0.0000E+00  0.2000E+02
   1.019  0.0000E+00  0.2000E+02
   1.024  0.0000E+00  0.2000E+02
   1.029  0.0000E+00  0.2000E+02
   1.034  0.0000E+00  0.2000E+02
   1.039  0.0000E+00  0.2000E+02
   1.044  0.0000E+00  0.2000E+02
   1.049  0.0000E+00  0.2000E+02
   1.054  0.0000E+00  0.2000E+02
   1.059  0.0000E+00  0.2000E+02
   1.064  0.0000E+00  0.2000E+02
   1.069  0.0000E+00  0.2000E+02
   1.074  0.0000E+00  0.2000E+02
   1.079  0.0000E+00  0.2000E+02
   1.084  0.0000E+00  0.2000E+02
   1.089  0.0000E+00  0.2000E+02
   1.094  0.0000E+00  0.2000E+02
   1.099  0.0000E+00  0.2000E+02
   1.104  0.0000E+00  0.2000E+02
   1.109  0.0000E+00  0.2000E+02
   1.114  0.0000E+00  0.2000E+02
   1.119  0.0000E+00  0.2000E+02
   1.124  0.0000E+00  0.2000E+02
   1.129  0.0000E+00  0.2000E+02
   1.134  0.0000E+00  0.2000E+02
   1.139  0.0000E+00  0.2000E+02
   1.144  0.0000E+00  0.2000E+02
   1.149  0.0000E+00  0.2000E+02
   1.154  0.3332E-01  0.2000E+02
   1.159  0.1113E+00  0.2000E+02
   1.164  0.2313E+00  0.2000E+02
   1.169  0.4034E+00  0.2000E+02
   1.174  0.6886E+00  0.2001E+02
   1.179  0.1126E+01  0.2001E+02
   1.184  0.1591E+01  0.2002E+02
   1.189  0.2022E+01  0.2003E+02
   1.194  0.2353E+01  0.2004E+02
   1.199  0.2521E+01  0.2005E+02
   1.204  0.2707E+01  0.2006E+02
   1.209  0.2855E+01  0.2008E+02
   1.214  0.2965E+01  0.2009E+02
   1.219  0.2948E+01  0.2011E+02
   1.224  0.2879E+01  0.2012E+02
   1.229  0.2838E+01  0.2013E+02
   1.234  0.2796E+01  0.2015E+02
   1.239  0.2771E+01  0.2016E+02
   1.244  0.2765E+01  0.2018E+02
   1.249  0.2775E+01  0.2019E+02
   1.254  0.2808E+01  0.2020E+02
   1.259  0.2849E+01  0.2022E+02
   1.264  0.2899E+01  0.2023E+02
   1.269  0.3021E+01  0.2025E+02
   1.274  0.3125E+01  0.2026E+02
   1.279  0.3254E+01  0.2028E+02
   1.284  0.3420E+01  0.2030E+02
   1.289  0.3621E+01  0.2031E+02
   1.294  0.3896E+01  0.2033E+02
   1.299  0.4138E+01  0.2035E+02
   1.304  0.4103E+01  0.2037E+02
   1.309  0.4050E+01  0.2039E+02
   1.314  0.4014E+01  0.2041E+02
   1.319  0.3995E+01  0.2043E+02
   1.324  0.3939E+01  0.2045E+02
   1.329  0.3846E+01  0.2047E+02
   1.334  0.3689E+01  0.2049E+02
   1.339  0.3521E+01  0.2051E+02
   1.344  0.3389E+01  0.2053E+02
   1.349  0.3294E+01  0.2054E+02
   1.354  0.3203E+01  0.2056E+02
   1.359  0.3111E+01  0.2058E+02
   1.364  0.3018E+01  0.2059E+02
   1.369  0.2926E+01  0.2061E+02
   1.374  0.2837E+01  0.2062E+02
   1.379  0.2750E+01  0.2063E+02
   1.384  0.2667E+01  0.2065E+02
   1.389  0.2587E+01  0.2066E+02
   1.394  0.2510E+01  0.2067E+02
   1.399  0.2437E+01  0.2069E+02
   1.404  0.2367E+01  0.2070E+02
   1.409  0.2301E+01  0.2071E+02
   1.414  0.2238E+01  0.2072E+02
   1.419  0.2178E+01  0.2073E+02
   1.424  0.2122E+01  0.2074E+02
   1.429  0.2068E+01  0.2075E+02
   1.434  0.2017E+01  0.2076E+02
   1.439  0.1970E+01  0.2077E+02
   1.444  0.1927E+01  0.2078E+02
   1.449  0.1887E+01  0.2079E+02
   1.454  0.1849E+01  0.2080E+02
   1.459  0.1814E+01  0.2081E+02
   1.464  0.1783E+01  0.2082E+02
   1.469  0.1754E+01  0.2083E+02
   1.474  0.1728E+01  0.2084E+02
   1.479  0.1702E+01  0.2085E+02
   1.484  0.1676E+01  0.2085E+02
   1.489  0.1651E+01  0.2086E+02
   1.494  0.1626E+01  0.2087E+02
   1.499  0.1602E+01  0.2088E+02
   1.504  0.1579E+01  0.2089E+02
   1.509  0.1556E+01  0.2090E+02
   1.514  0.1533E+01  0.2090E+02
   1.519  0.1511E+01  0.2091E+02
   1.524  0.1490E+01  0.2092E+02
   1.529  0.1469E+01  0.2093E+02
   1.534  0.1450E+01  0.2093E+02
   1.539  0.1431E+01  0.2094E+02
   1.544  0.1412E+01  0.2095E+02
   1.549  0.1394E+01  0.2095E+02
   1.554  0.1377E+01  0.2096E+02
   1.559  0.1360E+01  0.2097E+02
   1.564  0.1343E+01  0.2097E+02
   1.569  0.1327E+01  0.2098E+02
   1.574  0.1312E+01  0.2099E+02
   1.579  0.1297E+01  0.2099E+02
   1.584  0.1283E+01  0.2100E+02
   1.589  0.1269E+01  0.2101E+02
   1.594  0.1255E+01  0.2101E+02
   1.599  0.1241E+01  0.2102E+02
   1.604  0.1228E+01  0.2103E+02
   1.609  0.1216E+01  0.2103E+02
   1.614  0.1204E+01  0.2104E+02
   1.619  0.1192E+01  0.2104E+02
   1.624  0.1180E+01  0.2105E+02
   1.629  0.1169E+01  0.2106E+02
   1.634  0.1158E+01  0.2106E+02
   1.639  0.1147E+01  0.2107E+02
   1.644  0.1137E+01  0.2107E+02
   1.649  0.1128E+01  0.2108E+02
   1.654  0.1118E+01  0.2108E+02
   1.659  0.1108E+01  0.2109E+02
   1.664  0.1099E+01  0.2110E+02
   1.669  0.1090E+01  0.2110E+02
   1.674  0.1081E+01  0.2111E+02
   1.679  0.1071E+01  0.2111E+02
   1.684  0.1062E+01  0.2112E+02
   1.689  0.1054E+01  0.2112E+02
   1.694  0.1045E+01  0.2113E+02
   1.699  0.1036E+01  0.2113E+02
   1.704  0.1028E+01  0.2114E+02
   1.709  0.1019E+01  0.2114E+02
   1.714  0.1011E+01  0.2115E+02
   1.719  0.1003E+01  0.2115E+02
   1.724  0.9945E+00  0.2116E+02
   1.729  0.9865E+00  0.2116E+02
   1.734  0.9786E+00  0.2117E+02
   1.739  0.9708E+00  0.2117E+02
   1.744  0.9631E+00  0.2118E+02
   1.749  0.9554E+00  0.2118E+02
   1.754  0.9477E+00  0.2119E+02
   1.759  0.9400E+00  0.2119E+02
   1.764  0.9323E+00  0.2120E+02
   1.769  0.9246E+00  0.2120E+02
   1.774  0.9171E+00  0.2121E+02
   1.779  0.9096E+00  0.2121E+02
   1.784  0.9023E+00  0.2122E+02
   1.789  0.8951E+00  0.2122E+02
   1.794  0.8882E+00  0.2122E+02
   1.799  0.8816E+00  0.2123E+02
   1.804  0.8750E+00  0.2123E+02
   1.809  0.8685E+00  0.2124E+02
   1.814  0.8620E+00  0.2124E+02
   1.819  0.8557E+00  0.2125E+02
   1.824  0.8495E+00  0.2125E+02
   1.829  0.8434E+00  0.2125E+02
   1.834  0.8374E+00  0.2126E+02
   1.839  0.8316E+00  0.2126E+02
   1.844  0.8258E+00  0.2127E+02
   1.849  0.8202E+00  0.2127E+02
   1.854  0.8146E+00  0.2128E+02
   1.859  0.8098E+00  0.2128E+02
   1.864  0.8050E+00  0.2128E+02
   1.869  0.8001E+00  0.2129E+02
   1.874  0.7950E+00  0.2129E+02
   1.879  0.7898E+00  0.2130E+02
   1.884  0.7846E+00  0.2130E+02
   1.889  0.7795E+00  0.2130E+02
   1.894  0.7745E+00  0.2131E+02
   1.899  0.7694E+00  0.2131E+02
   1.904  0.7645E+00  0.2131E+02
   1.909  0.7596E+00  0.2132E+02
   1.914  0.7547E+00  0.2132E+02
   1.919  0.7499E+00  0.2133E+02
   1.924  0.7452E+00  0.2133E+02
   1.929  0.7405E+00  0.2133E+02
   1.934  0.7358E+00  0.2134E+02
   1.939  0.7312E+00  0.2134E+02
   1.944  0.7267E+00  0.2134E+02
   1.949  0.7222E+00  0.2135E+02
   1.954  0.7177E+00  0.2135E+02
   1.959  0.7133E+00  0.2136E+02
   1.964  0.7089E+00  0.2136E+02
   1.969  0.7045E+00  0.2136E+02
   1.974  0.7002E+00  0.2137E+02
   1.979  0.6959E+00  0.2137E+02
   1.984  0.6917E+00  0.2137E+02
   1.989  0.6875E+00  0.2138E+02
   1.994  0.6833E+00  0.2138E+02
   1.999  0.6792E+00  0.2138E+02
   2.004  0.6751E+00  0.2139E+02
   2.009  0.6710E+00  0.2139E+02
   2.014  0.6670E+00  0.2139E+02
   2.019  0.6630E+00  0.2140E+02
   2.024  0.6591E+00  0.2140E+02
   2.029  0.6552E+00  0.2140E+02
   2.034  0.6513E+00  0.2141E+02
   2.039  0.6475E+00  0.2141E+02
   2.044  0.6436E+00  0.2141E+02
   2.049  0.6388E+00  0.2142E+02
   2.054  0.6343E+00  0.2142E+02
   2.059  0.6300E+00  0.2142E+02
   2.064  0.6259E+00  0.2143E+02
   2.069  0.6226E+00  0.2143E+02
   2.074  0.6195E+00  0.2143E+02
   2.079  0.6163E+00  0.2143E+02
   2.084  0.6132E+00  0.2144E+02
   2.089  0.6101E+00  0.2144E+02
   2.094  0.6070E+00  0.2144E+02
   2.099  0.6039E+00  0.2145E+02
   2.104  0.6008E+00  0.2145E+02
   2.109  0.5977E+00  0.2145E+02
   2.114  0.5946E+00  0.2146E+02
   2.119  0.5916E+00  0.2146E+02
   2.124  0.5885E+00  0.2146E+02
   2.129  0.5855E+00  0.2146E+02
   2.134  0.5825E+00  0.2147E+02
   2.139  0.5794E+00  0.2147E+02
   2.144  0.5764E+00  0.2147E+02
   2.149  0.5734E+00  0.2148E+02
   2.154  0.5703E+00  0.2148E+02
   2.159  0.5673E+00  0.2148E+02
   2.164  0.5643E+00  0.2148E+02
   2.169  0.5612E+00  0.2149E+02
   2.174  0.5582E+00  0.2149E+02
   2.179  0.5552E+00  0.2149E+02
   2.184  0.5522E+00  0.2150E+02
   2.189  0.5492E+00  0.2150E+02
   2.194  0.5462E+00  0.2150E+02
   2.199  0.5432E+00  0.2150E+02
   2.204  0.5403E+00  0.2151E+02
   2.209  0.5373E+00  0.2151E+02
   2.214  0.5344E+00  0.2151E+02
   2.219  0.5316E+00  0.2152E+02
   2.224  0.5289E+00  0.2152E+02
   2.229  0.5262E+00  0.2152E+02
   2.234  0.5236E+00  0.2152E+02
   2.239  0.5210E+00  0.2153E+02
   2.244  0.5183E+00  0.2153E+02
   2.249  0.5156E+00  0.2153E+02
   2.254  0.5129E+00  0.2153E+02
   2.259  0.5103E+00  0.2154E+02
   2.264  0.5076E+00  0.2154E+02
   2.269  0.5048E+00  0.2154E+02
   2.274  0.5021E+00  0.2154E+02
   2.279  0.4994E+00  0.2155E+02
   2.284  0.4967E+00  0.2155E+02
   2.289  0.4939E+00  0.2155E+02
   2.294  0.4912E+00  0.2155E+02
   2.299  0.4884E+00  0.2156E+02
   2.304  0.4857E+00  0.2156E+02
   2.309  0.4830E+00  0.2156E+02
   2.314  0.4803E+00  0.2156E+02
   2.319  0.4777E+00  0.2157E+02
   2.324  0.4750E+00  0.2157E+02
   2.329  0.4725E+00  0.2157E+02
   2.334  0.4700E+00  0.2157E+02
   2.339  0.4675E+00  0.2157E+02
   2.344  0.4652E+00  0.2158E+02
   2.349  0.4629E+00  0.2158E+02
   2.354  0.4606E+00  0.2158E+02
   2.359  0.4584E+00  0.2158E+02
   2.364  0.4562E+00  0.2159E+02
   2.369  0.4540E+00  0.2159E+02
   2.374  0.4518E+00  0.2159E+02
   2.379  0.4497E+00  0.2159E+02
   2.384  0.4475E+00  0.2160E+02
   2.389  0.4454E+00  0.2160E+02
   2.394  0.4432E+00  0.2160E+02
   2.399  0.4411E+00  0.2160E+02
   2.404  0.4390E+00  0.2160E+02
   2.409  0.4368E+00  0.2161E+02
   2.414  0.4347E+00  0.2161E+02
   2.419  0.4326E+00  0.2161E+02
   2.424  0.4305E+00  0.2161E+02
   2.429  0.4285E+00  0.2162E+02
   2.434  0.4264E+00  0.2162E+02
   2.439  0.4243E+00  0.2162E+02
   2.444  0.4223E+00  0.2162E+02
   2.449  0.4202E+00  0.2162E+02
   2.454  0.4182E+00  0.2163E+02
   2.459  0.4162E+00  0.2163E+02
   2.464  0.4142E+00  0.2163E+02
   2.469  0.4122E+00  0.2163E+02
   2.474  0.4102E+00  0.2163E+02
   2.479  0.4081E+00  0.2164E+02
   2.484  0.4061E+00  0.2164E+02
   2.489  0.4040E+00  0.2164E+02
   2.494  0.4020E+00  0.2164E+02
   2.499  0.4000E+00  0.2164E+02
   2.504  0.3980E+00  0.2165E+02
   2.509  0.3960E+00  0.2165E+02
   2.514  0.3941E+00  0.2165E+02
   2.519  0.3921E+00  0.2165E+02
   2.524  0.3902E+00  0.2165E+02
   2.529  0.3883E+00  0.2166E+02
   2.534  0.3863E+00  0.2166E+02
   2.539  0.3844E+00  0.2166E+02
   2.544  0.3825E+00  0.2166E+02
   2.549  0.3807E+00  0.2166E+02
   2.554  0.3788E+00  0.2167E+02
   2.559  0.3769E+00  0.2167E+02
   2.564  0.3748E+00  0.2167E+02
   2.569  0.3728E+00  0.2167E+02
   2.574  0.3708E+00  0.2167E+02
   2.579  0.3687E+00  0.2167E+02
   2.584  0.3667E+00  0.2168E+02
   2.589  0.3646E+00  0.2168E+02
   2.594  0.3626E+00  0.2168E+02
   2.599  0.3605E+00  0.2168E+02
   2.604  0.3585E+00  0.2168E+02
   2.609  0.3572E+00  0.2169E+02
   2.614  0.3558E+00  0.2169E+02
   2.619  0.3544E+00  0.2169E+02
   2.624  0.3530E+00  0.2169E+02
   2.629  0.3516E+00  0.2169E+02
   2.634  0.3502E+00  0.2169E+02
   2.639  0.3488E+00  0.2170E+02
   2.644  0.3474E+00  0.2170E+02
   2.649  0.3460E+00  0.2170E+02
   2.654  0.3445E+00  0.2170E+02
   2.659  0.3431E+00  0.2170E+02
   2.664  0.3417E+00  0.2171E+02
   2.669  0.3402E+00  0.2171E+02
   2.674  0.3388E+00  0.2171E+02
   2.679  0.3373E+00  0.2171E+02
   2.684  0.3359E+00  0.2171E+02
   2.689  0.3344E+00  0.2171E+02
   2.694  0.3329E+00  0.2172E+02
   2.699  0.3315E+00  0.2172E+02
   2.704  0.3300E+00  0.2172E+02
   2.709  0.3285E+00  0.2172E+02
   2.714  0.3270E+00  0.2172E+02
   2.719  0.3255E+00  0.2172E+02
   2.724  0.3247E+00  0.2173E+02
   2.729  0.3236E+00  0.2173E+02
   2.734  0.3225E+00  0.2173E+02
   2.739  0.3211E+00  0.2173E+02
   2.744  0.3196E+00  0.2173E+02
   2.749  0.3178E+00  0.2173E+02
   2.754  0.3161E+00  0.2173E+02
   2.759  0.3143E+00  0.2174E+02
   2.764  0.3126E+00  0.2174E+02
   2.769  0.3109E+00  0.2174E+02
   2.774  0.3092E+00  0.2174E+02
   2.779  0.3075E+00  0.2174E+02
   2.784  0.3058E+00  0.2174E+02
   2.789  0.3041E+00  0.2175E+02
   2.794  0.3025E+00  0.2175E+02
   2.799  0.3008E+00  0.2175E+02
   2.804  0.2992E+00  0.2175E+02
   2.809  0.2976E+00  0.2175E+02
   2.814  0.2960E+00  0.2175E+02
   2.819  0.2944E+00  0.2175E+02
   2.824  0.2928E+00  0.2176E+02
   2.829  0.2912E+00  0.2176E+02
   2.834  0.2896E+00  0.2176E+02
   2.839  0.2881E+00  0.2176E+02
   2.844  0.2865E+00  0.2176E+02
   2.849  0.2850E+00  0.2176E+02
   2.854  0.2835E+00  0.2176E+02
   2.859  0.2820E+00  0.2177E+02
   2.864  0.2805E+00  0.2177E+02
   2.869  0.2789E+00  0.2177E+02
   2.874  0.2774E+00  0.2177E+02
   2.879  0.2760E+00  0.2177E+02
   2.884  0.2745E+00  0.2177E+02
   2.889  0.2731E+00  0.2177E+02
   2.894  0.2717E+00  0.2178E+02
   2.899  0.2703E+00  0.2178E+02
   2.904  0.2690E+00  0.2178E+02
   2.909  0.2677E+00  0.2178E+02
   2.914  0.2664E+00  0.2178E+02
   2.919  0.2651E+00  0.2178E+02
   2.924  0.2639E+00  0.2178E+02
   2.929  0.2627E+00  0.2179E+02
   2.934  0.2615E+00  0.2179E+02
   2.939  0.2604E+00  0.2179E+02
   2.944  0.2592E+00  0.2179E+02
   2.949  0.2581E+00  0.2179E+02
   2.954  0.2570E+00  0.2179E+02
   2.959  0.2560E+00  0.2179E+02
   2.964  0.2549E+00  0.2179E+02
   2.969  0.2538E+00  0.2180E+02
   2.974  0.2527E+00  0.2180E+02
   2.979  0.2516E+00  0.2180E+02
   2.984  0.2505E+00  0.2180E+02
   2.989  0.2495E+00  0.2180E+02
   2.994  0.2484E+00  0.2180E+02
   2.999  0.2473E+00  0.2180E+02
   3.004  0.2462E+00  0.2180E+02
   3.009  0.2452E+00  0.2181E+02
   3.014  0.2441E+00  0.2181E+02
   3.019  0.2430E+00  0.2181E+02
   3.024  0.2419E+00  0.2181E+02
   3.029  0.2409E+00  0.2181E+02
   3.034  0.2398E+00  0.2181E+02
   3.039  0.2387E+00  0.2181E+02
   3.044  0.2377E+00  0.2181E+02
   3.049  0.2366E+00  0.2182E+02
   3.054  0.2355E+00  0.2182E+02
   3.059  0.2345E+00  0.2182E+02
   3.064  0.2334E+00  0.2182E+02
   3.069  0.2324E+00  0.2182E+02
   3.074  0.2313E+00  0.2182E+02
   3.079  0.2302E+00  0.2182E+02
   3.084  0.2292E+00  0.2182E+02
   3.089  0.2281E+00  0.2182E+02
   3.094  0.2270E+00  0.2183E+02
   3.099  0.2259E+00  0.2183E+02
   3.104  0.2248E+00  0.2183E+02
   3.109  0.2237E+00  0.2183E+02
   3.114  0.2226E+00  0.2183E+02
   3.119  0.2215E+00  0.2183E+02
   3.124  0.2204E+00  0.2183E+02
   3.129  0.2192E+00  0.2183E+02
   3.134  0.2179E+00  0.2183E+02
   3.139  0.2167E+00  0.2184E+02
   3.144  0.2154E+00  0.2184E+02
   3.149  0.2142E+00  0.2184E+02
   3.154  0.2130E+00  0.2184E+02
   3.159  0.2118E+00  0.2184E+02
   3.164  0.2106E+00  0.2184E+02
   3.169  0.2095E+00  0.2184E+02
   3.174  0.2084E+00  0.2184E+02
   3.179  0.2073E+00  0.2184E+02
   3.184  0.2062E+00  0.2184E+02
   3.189  0.2051E+00  0.2185E+02
   3.194  0.2041E+00  0.2185E+02
   3.199  0.2031E+00  0.2185E+02
   3.204  0.2023E+00  0.2185E+02
   3.209  0.2018E+00  0.2185E+02
   3.214  0.2012E+00  0.2185E+02
   3.219  0.2005E+00  0.2185E+02
   3.224  0.1999E+00  0.2185E+02
   3.229  0.1992E+00  0.2185E+02
   3.234  0.1985E+00  0.2186E+02
   3.239  0.1977E+00  0.2186E+02
   3.244  0.1970E+00  0.2186E+02
   3.249  0.1962E+00  0.2186E+02
   3.254  0.1953E+00  0.2186E+02
   3.259  0.1945E+00  0.2186E+02
   3.264  0.1936E+00  0.2186E+02
   3.269  0.1927E+00  0.2186E+02
   3.274  0.1918E+00  0.2186E+02
   3.279  0.1908E+00  0.2186E+02
   3.284  0.1898E+00  0.2186E+02
   3.289  0.1888E+00  0.2187E+02
   3.294  0.1878E+00  0.2187E+02
   3.299  0.1867E+00  0.2187E+02
   3.304  0.1856E+00  0.2187E+02
   3.309  0.1845E+00  0.2187E+02
   3.314  0.1835E+00  0.2187E+02
   3.319  0.1824E+00  0.2187E+02
   3.324  0.1814E+00  0.2187E+02
   3.329  0.1803E+00  0.2187E+02
   3.334  0.1793E+00  0.2187E+02
   3.339  0.1782E+00  0.2187E+02
   3.344  0.1772E+00  0.2188E+02
   3.349  0.1762E+00  0.2188E+02
   3.354  0.1751E+00  0.2188E+02
   3.359  0.1741E+00  0.2188E+02
   3.364  0.1731E+00  0.2188E+02
   3.369  0.1721E+00  0.2188E+02
   3.374  0.1711E+00  0.2188E+02
   3.379  0.1701E+00  0.2188E+02
   3.384  0.1692E+00  0.2188E+02
   3.389  0.1682E+00  0.2188E+02
   3.394  0.1672E+00  0.2188E+02
   3.399  0.1663E+00  0.2189E+02
   3.404  0.1653E+00  0.2189E+02
   3.409  0.1644E+00  0.2189E+02
   3.414  0.1634E+00  0.2189E+02
   3.419  0.1625E+00  0.2189E+02
   3.424  0.1616E+00  0.2189E+02
   3.429  0.1607E+00  0.2189E+02
   3.434  0.1598E+00  0.2189E+02
   3.439  0.1589E+00  0.2189E+02
   3.444  0.1580E+00  0.2189E+02
   3.449  0.1571E+00  0.2189E+02
   3.454  0.1562E+00  0.2189E+02
   3.459  0.1553E+00  0.2189E+02
   3.464  0.1545E+00  0.2190E+02
   3.469  0.1536E+00  0.2190E+02
   3.474  0.1528E+00  0.2190E+02
   3.479  0.1519E+00  0.2190E+02
   3.484  0.1511E+00  0.2190E+02
   3.489  0.1503E+00  0.2190E+02
   3.494  0.1494E+00  0.2190E+02
   3.499  0.1486E+00  0.2190E+02
   3.504  0.1478E+00  0.2190E+02
   3.509  0.1470E+00  0.2190E+02
   3.514  0.1462E+00  0.2190E+02
   3.519  0.1454E+00  0.2190E+02
   3.524  0.1447E+00  0.2190E+02
   3.529  0.1439E+00  0.2191E+02
   3.534  0.1431E+00  0.2191E+02
   3.539  0.1424E+00  0.2191E+02
   3.544  0.1416E+00  0.2191E+02
   3.549  0.1409E+00  0.2191E+02
   3.554  0.1402E+00  0.2191E+02
   3.559  0.1393E+00  0.2191E+02
   3.564  0.1384E+00  0.2191E+02
   3.569  0.1378E+00  0.2191E+02
   3.574  0.1373E+00  0.2191E+02
   3.579  0.1367E+00  0.2191E+02
   3.584  0.1362E+00  0.2191E+02
   3.589  0.1357E+00  0.2191E+02
   3.594  0.1351E+00  0.2191E+02
   3.599  0.1345E+00  0.2192E+02
   3.604  0.1340E+00  0.2192E+02
   3.609  0.1334E+00  0.2192E+02
   3.614  0.1329E+00  0.2192E+02
   3.619  0.1323E+00  0.2192E+02
   3.624  0.1317E+00  0.2192E+02
   3.629  0.1312E+00  0.2192E+02
   3.634  0.1306E+00  0.2192E+02
   3.639  0.1300E+00  0.2192E+02
   3.644  0.1294E+00  0.2192E+02
   3.649  0.1289E+00  0.2192E+02
   3.654  0.1296E+00  0.2192E+02
   3.659  0.1364E+00  0.2192E+02
   3.664  0.1500E+00  0.2192E+02
   3.669  0.1703E+00  0.2192E+02
   3.674  0.1972E+00  0.2193E+02
   3.679  0.2308E+00  0.2193E+02
   3.684  0.2711E+00  0.2193E+02
   3.689  0.3575E+00  0.2193E+02
   3.694  0.4559E+00  0.2193E+02
   3.699  0.5565E+00  0.2193E+02
   3.704  0.6590E+00  0.2194E+02
   3.709  0.7608E+00  0.2194E+02
   3.714  0.8291E+00  0.2194E+02
   3.719  0.8788E+00  0.2195E+02
   3.724  0.9331E+00  0.2195E+02
   3.729  0.9918E+00  0.2196E+02
   3.734  0.1055E+01  0.2196E+02
   3.739  0.1123E+01  0.2197E+02
   3.744  0.1197E+01  0.2197E+02
   3.749  0.1280E+01  0.2198E+02
   3.754  0.1370E+01  0.2199E+02
   3.759  0.1468E+01  0.2199E+02
   3.764  0.1574E+01  0.2200E+02
   3.769  0.1681E+01  0.2201E+02
   3.774  0.1782E+01  0.2202E+02
   3.779  0.1882E+01  0.2203E+02
   3.784  0.1982E+01  0.2204E+02
   3.789  0.2078E+01  0.2205E+02
   3.794  0.2234E+01  0.2206E+02
   3.799  0.2258E+01  0.2207E+02
   3.804  0.2322E+01  0.2208E+02
   3.809  0.2409E+01  0.2209E+02
   3.814  0.2437E+01  0.2211E+02
   3.819  0.2426E+01  0.2212E+02
   3.824  0.2415E+01  0.2213E+02
   3.829  0.2403E+01  0.2214E+02
   3.834  0.2392E+01  0.2215E+02
   3.839  0.2381E+01  0.2217E+02
   3.844  0.2371E+01  0.2218E+02
   3.849  0.2362E+01  0.2219E+02
   3.854  0.2355E+01  0.2220E+02
   3.859  0.2352E+01  0.2221E+02
   3.864  0.2354E+01  0.2222E+02
   3.869  0.2333E+01  0.2224E+02
   3.874  0.2248E+01  0.2225E+02
   3.879  0.2221E+01  0.2226E+02
   3.884  0.2197E+01  0.2227E+02
   3.889  0.2174E+01  0.2228E+02
   3.894  0.2153E+01  0.2229E+02
   3.899  0.2132E+01  0.2230E+02
   3.904  0.2112E+01  0.2231E+02
   3.909  0.2092E+01  0.2232E+02
   3.914  0.2073E+01  0.2233E+02
   3.919  0.2054E+01  0.2234E+02
   3.924  0.2037E+01  0.2235E+02
   3.929  0.2019E+01  0.2236E+02
   3.934  0.2003E+01  0.2237E+02
   3.939  0.1987E+01  0.2238E+02
   3.944  0.1965E+01  0.2239E+02
   3.949  0.1939E+01  0.2240E+02
   3.954  0.1915E+01  0.2241E+02
   3.959  0.1893E+01  0.2242E+02
   3.964  0.1873E+01  0.2243E+02
   3.969  0.1855E+01  0.2244E+02
   3.974  0.1841E+01  0.2245E+02
   3.979  0.1830E+01  0.2246E+02
   3.984  0.1823E+01  0.2247E+02
   3.989  0.1819E+01  0.2248E+02
   3.994  0.1817E+01  0.2249E+02
   3.999  0.1816E+01  0.2250E+02
   4.004  0.1816E+01  0.2251E+02
   4.009  0.1818E+01  0.2251E+02
   4.014  0.1832E+01  0.2252E+02
   4.019  0.1835E+01  0.2253E+02
   4.024  0.1827E+01  0.2254E+02
   4.029  0.1808E+01  0.2255E+02
   4.034  0.1783E+01  0.2256E+02
   4.039  0.1764E+01  0.2257E+02
   4.044  0.1751E+01  0.2258E+02
   4.049  0.1744E+01  0.2259E+02
   4.054  0.1743E+01  0.2260E+02
   4.059  0.1747E+01  0.2260E+02
   4.064  0.1751E+01  0.2261E+02
   4.069  0.1756E+01  0.2262E+02
   4.074  0.1759E+01  0.2263E+02
   4.079  0.1762E+01  0.2264E+02
   4.084  0.1763E+01  0.2265E+02
   4.089  0.1765E+01  0.2266E+02
   4.094  0.1766E+01  0.2267E+02
   4.099  0.1767E+01  0.2267E+02
   4.104  0.1767E+01  0.2268E+02
   4.109  0.1768E+01  0.2269E+02
   4.114  0.1768E+01  0.2270E+02
   4.119  0.1768E+01  0.2271E+02
   4.124  0.1771E+01  0.2272E+02
   4.129  0.1774E+01  0.2273E+02
   4.134  0.1777E+01  0.2274E+02
   4.139  0.1781E+01  0.2275E+02
   4.144  0.1780E+01  0.2275E+02
   4.149  0.1779E+01  0.2276E+02
   4.154  0.1779E+01  0.2277E+02
   4.159  0.1782E+01  0.2278E+02
   4.164  0.1777E+01  0.2279E+02
   4.169  0.1780E+01  0.2280E+02
   4.174  0.1792E+01  0.2281E+02
   4.179  0.1805E+01  0.2282E+02
   4.184  0.1819E+01  0.2283E+02
   4.189  0.1909E+01  0.2284E+02
   4.194  0.1919E+01  0.2285E+02
   4.199  0.1930E+01  0.2286E+02
   4.204  0.1943E+01  0.2287E+02
   4.209  0.1957E+01  0.2287E+02
   4.214  0.1967E+01  0.2288E+02
   4.219  0.1978E+01  0.2289E+02
   4.224  0.1989E+01  0.2290E+02
   4.229  0.2001E+01  0.2291E+02
   4.234  0.2013E+01  0.2292E+02
   4.239  0.2030E+01  0.2293E+02
   4.244  0.2051E+01  0.2294E+02
   4.249  0.2078E+01  0.2296E+02
   4.254  0.2111E+01  0.2297E+02
   4.259  0.2149E+01  0.2298E+02
   4.264  0.2191E+01  0.2299E+02
   4.269  0.2238E+01  0.2300E+02
   4.274  0.2290E+01  0.2301E+02
   4.279  0.2346E+01  0.2302E+02
   4.284  0.2407E+01  0.2303E+02
   4.289  0.2470E+01  0.2305E+02
   4.294  0.2537E+01  0.2306E+02
   4.299  0.2649E+01  0.2307E+02
   4.304  0.2782E+01  0.2308E+02
   4.309  0.2613E+01  0.2310E+02
   4.314  0.2549E+01  0.2311E+02
   4.319  0.2498E+01  0.2312E+02
   4.324  0.2460E+01  0.2314E+02
   4.329  0.2433E+01  0.2315E+02
   4.334  0.2414E+01  0.2316E+02
   4.339  0.2400E+01  0.2317E+02
   4.344  0.2388E+01  0.2318E+02
   4.349  0.2378E+01  0.2320E+02
   4.354  0.2371E+01  0.2321E+02
   4.359  0.2367E+01  0.2322E+02
   4.364  0.2366E+01  0.2323E+02
   4.369  0.2367E+01  0.2324E+02
   4.374  0.2368E+01  0.2326E+02
   4.379  0.2369E+01  0.2327E+02
   4.384  0.2370E+01  0.2328E+02
   4.389  0.2371E+01  0.2329E+02
   4.394  0.2373E+01  0.2330E+02
   4.399  0.2374E+01  0.2331E+02
   4.404  0.2374E+01  0.2333E+02
   4.409  0.2374E+01  0.2334E+02
   4.414  0.2373E+01  0.2335E+02
   4.419  0.2371E+01  0.2336E+02
   4.424  0.2367E+01  0.2337E+02
   4.429  0.2356E+01  0.2339E+02
   4.434  0.2344E+01  0.2340E+02
   4.439  0.2335E+01  0.2341E+02
   4.444  0.2333E+01  0.2342E+02
   4.449  0.2333E+01  0.2343E+02
   4.454  0.2334E+01  0.2344E+02
   4.459  0.2338E+01  0.2346E+02
   4.464  0.2343E+01  0.2347E+02
   4.469  0.2349E+01  0.2348E+02
   4.474  0.2355E+01  0.2349E+02
   4.479  0.2351E+01  0.2350E+02
   4.484  0.2359E+01  0.2351E+02
   4.489  0.2360E+01  0.2353E+02
   4.494  0.2342E+01  0.2354E+02
   4.499  0.2327E+01  0.2355E+02
   4.504  0.2316E+01  0.2356E+02
   4.509  0.2308E+01  0.2357E+02
   4.514  0.2303E+01  0.2358E+02
   4.519  0.2301E+01  0.2360E+02
   4.524  0.2299E+01  0.2361E+02
   4.529  0.2298E+01  0.2362E+02
   4.534  0.2296E+01  0.2363E+02
   4.539  0.2294E+01  0.2364E+02
   4.544  0.2292E+01  0.2365E+02
   4.549  0.2290E+01  0.2366E+02
   4.554  0.2288E+01  0.2368E+02
   4.559  0.2287E+01  0.2369E+02
   4.564  0.2286E+01  0.2370E+02
   4.569  0.2286E+01  0.2371E+02
   4.574  0.2285E+01  0.2372E+02
   4.579  0.2284E+01  0.2373E+02
   4.584  0.2284E+01  0.2374E+02
   4.589  0.2283E+01  0.2376E+02
   4.594  0.2282E+01  0.2377E+02
   4.599  0.2279E+01  0.2378E+02
   4.604  0.2276E+01  0.2379E+02
   4.609  0.2274E+01  0.2380E+02
   4.614  0.2271E+01  0.2381E+02
   4.619  0.2269E+01  0.2382E+02
   4.624  0.2266E+01  0.2384E+02
   4.629  0.2264E+01  0.2385E+02
   4.634  0.2261E+01  0.2386E+02
   4.639  0.2260E+01  0.2387E+02
   4.644  0.2258E+01  0.2388E+02
   4.649  0.2257E+01  0.2389E+02
   4.654  0.2257E+01  0.2390E+02
   4.659  0.2256E+01  0.2391E+02
   4.664  0.2256E+01  0.2393E+02
   4.669  0.2255E+01  0.2394E+02
   4.674  0.2255E+01  0.2395E+02
   4.679  0.2255E+01  0.2396E+02
   4.684  0.2252E+01  0.2397E+02
   4.689  0.2249E+01  0.2398E+02
   4.694  0.2246E+01  0.2399E+02
   4.699  0.2243E+01  0.2400E+02
   4.704  0.2240E+01  0.2402E+02
   4.709  0.2237E+01  0.2403E+02
   4.714  0.2236E+01  0.2404E+02
   4.719  0.2236E+01  0.2405E+02
   4.724  0.2237E+01  0.2406E+02
   4.729  0.2310E+01  0.2407E+02
   4.734  0.2226E+01  0.2408E+02
   4.739  0.2226E+01  0.2409E+02
   4.744  0.2225E+01  0.2411E+02
   4.749  0.2226E+01  0.2412E+02
   4.754  0.2226E+01  0.2413E+02
   4.759  0.2227E+01  0.2414E+02
   4.764  0.2228E+01  0.2415E+02
   4.769  0.2229E+01  0.2416E+02
   4.774  0.2230E+01  0.2417E+02
   4.779  0.2231E+01  0.2418E+02
   4.784  0.2233E+01  0.2420E+02
   4.789  0.2236E+01  0.2421E+02
   4.794  0.2238E+01  0.2422E+02
   4.799  0.2238E+01  0.2423E+02
   4.804  0.2238E+01  0.2424E+02
   4.809  0.2236E+01  0.2425E+02
   4.814  0.2234E+01  0.2426E+02
   4.819  0.2231E+01  0.2427E+02
   4.824  0.2227E+01  0.2428E+02
   4.829  0.2222E+01  0.2430E+02
   4.834  0.2214E+01  0.2431E+02
   4.839  0.2206E+01  0.2432E+02
   4.844  0.2197E+01  0.2433E+02
   4.849  0.2188E+01  0.2434E+02
   4.854  0.2178E+01  0.2435E+02
   4.859  0.2173E+01  0.2436E+02
   4.864  0.2168E+01  0.2437E+02
   4.869  0.2164E+01  0.2438E+02
   4.874  0.2160E+01  0.2439E+02
   4.879  0.2156E+01  0.2440E+02
   4.884  0.2153E+01  0.2442E+02
   4.889  0.2149E+01  0.2443E+02
   4.894  0.2146E+01  0.2444E+02
   4.899  0.2143E+01  0.2445E+02
   4.904  0.2140E+01  0.2446E+02
   4.909  0.2138E+01  0.2447E+02
   4.914  0.2135E+01  0.2448E+02
   4.919  0.2133E+01  0.2449E+02
   4.924  0.2131E+01  0.2450E+02
   4.929  0.2129E+01  0.2451E+02
   4.934  0.2127E+01  0.2452E+02
   4.939  0.2126E+01  0.2453E+02
   4.944  0.2124E+01  0.2454E+02
   4.949  0.2123E+01  0.2455E+02
   4.954  0.2122E+01  0.2456E+02
   4.959  0.2121E+01  0.2458E+02
   4.964  0.2120E+01  0.2459E+02
   4.969  0.2120E+01  0.2460E+02
   4.974  0.2127E+01  0.2461E+02
   4.979  0.2145E+01  0.2462E+02
   4.984  0.2173E+01  0.2463E+02
   4.989  0.2147E+01  0.2464E+02
   4.994  0.2131E+01  0.2465E+02
   4.999  0.2131E+01  0.2466E+02
   5.004  0.2132E+01  0.2467E+02
   5.009  0.2134E+01  0.2468E+02
   5.014  0.2135E+01  0.2469E+02
   5.019  0.2136E+01  0.2470E+02
   5.024  0.2137E+01  0.2471E+02
   5.029  0.2139E+01  0.2472E+02
   5.034  0.2140E+01  0.2474E+02
   5.039  0.2141E+01  0.2475E+02
   5.044  0.2142E+01  0.2476E+02
   5.049  0.2199E+01  0.2477E+02
   5.054  0.2239E+01  0.2478E+02
   5.059  0.2260E+01  0.2479E+02
   5.064  0.2262E+01  0.2480E+02
   5.069  0.2241E+01  0.2481E+02
   5.074  0.2201E+01  0.2482E+02
   5.079  0.2173E+01  0.2483E+02
   5.084  0.2167E+01  0.2485E+02
   5.089  0.2163E+01  0.2486E+02
   5.094  0.2157E+01  0.2487E+02
   5.099  0.2152E+01  0.2488E+02
   5.104  0.2145E+01  0.2489E+02
   5.109  0.2138E+01  0.2490E+02
   5.114  0.2132E+01  0.2491E+02
   5.119  0.2126E+01  0.2492E+02
   5.124  0.2120E+01  0.2493E+02
   5.129  0.2114E+01  0.2494E+02
   5.134  0.2108E+01  0.2495E+02
   5.139  0.2103E+01  0.2496E+02
   5.144  0.2097E+01  0.2497E+02
   5.149  0.2092E+01  0.2498E+02
   5.154  0.2086E+01  0.2499E+02
   5.159  0.2081E+01  0.2501E+02
   5.164  0.2076E+01  0.2502E+02
   5.169  0.2071E+01  0.2503E+02
   5.174  0.2066E+01  0.2504E+02
   5.179  0.2062E+01  0.2505E+02
   5.184  0.2058E+01  0.2506E+02
   5.189  0.2056E+01  0.2507E+02
   5.194  0.2125E+01  0.2508E+02
   5.199  0.2118E+01  0.2509E+02
   5.204  0.2113E+01  0.2510E+02
   5.209  0.2108E+01  0.2511E+02
   5.214  0.2104E+01  0.2512E+02
   5.219  0.2101E+01  0.2513E+02
   5.224  0.2098E+01  0.2514E+02
   5.229  0.2096E+01  0.2515E+02
   5.234  0.2094E+01  0.2516E+02
   5.239  0.2090E+01  0.2517E+02
   5.244  0.2085E+01  0.2518E+02
   5.249  0.2080E+01  0.2519E+02
   5.254  0.2075E+01  0.2520E+02
   5.259  0.2070E+01  0.2521E+02
   5.264  0.2064E+01  0.2522E+02
   5.269  0.2057E+01  0.2523E+02
   5.274  0.2050E+01  0.2524E+02
   5.279  0.2043E+01  0.2525E+02
   5.284  0.2035E+01  0.2527E+02
   5.289  0.2077E+01  0.2528E+02
   5.294  0.2104E+01  0.2529E+02
   5.299  0.2095E+01  0.2530E+02
   5.304  0.2080E+01  0.2531E+02
   5.309  0.2061E+01  0.2532E+02
   5.314  0.2040E+01  0.2533E+02
   5.319  0.2015E+01  0.2534E+02
   5.324  0.1988E+01  0.2535E+02
   5.329  0.1957E+01  0.2536E+02
   5.334  0.1924E+01  0.2537E+02
   5.339  0.1887E+01  0.2538E+02
   5.344  0.1847E+01  0.2539E+02
   5.349  0.1800E+01  0.2540E+02
   5.354  0.1751E+01  0.2540E+02
   5.359  0.1705E+01  0.2541E+02
   5.364  0.1677E+01  0.2542E+02
   5.369  0.1651E+01  0.2543E+02
   5.374  0.1629E+01  0.2544E+02
   5.379  0.1600E+01  0.2545E+02
   5.384  0.1575E+01  0.2545E+02
   5.389  0.1553E+01  0.2546E+02
   5.394  0.1532E+01  0.2547E+02
   5.399  0.1511E+01  0.2548E+02
   5.404  0.1490E+01  0.2548E+02
   5.409  0.1470E+01  0.2549E+02
   5.414  0.1451E+01  0.2550E+02
   5.419  0.1433E+01  0.2551E+02
   5.424  0.1415E+01  0.2551E+02
   5.429  0.1397E+01  0.2552E+02
   5.434  0.1380E+01  0.2553E+02
   5.439  0.1362E+01  0.2553E+02
   5.444  0.1346E+01  0.2554E+02
   5.449  0.1329E+01  0.2555E+02
   5.454  0.1313E+01  0.2555E+02
   5.459  0.1297E+01  0.2556E+02
   5.464  0.1282E+01  0.2557E+02
   5.469  0.1266E+01  0.2557E+02
   5.474  0.1243E+01  0.2558E+02
   5.479  0.1219E+01  0.2559E+02
   5.484  0.1202E+01  0.2559E+02
   5.489  0.1190E+01  0.2560E+02
   5.494  0.1177E+01  0.2560E+02
   5.499  0.1166E+01  0.2561E+02
   5.504  0.1156E+01  0.2562E+02
   5.509  0.1147E+01  0.2562E+02
   5.514  0.1138E+01  0.2563E+02
   5.519  0.1128E+01  0.2563E+02
   5.524  0.1118E+01  0.2564E+02
   5.529  0.1108E+01  0.2564E+02
   5.534  0.1106E+01  0.2565E+02
   5.539  0.1114E+01  0.2566E+02
   5.544  0.1116E+01  0.2566E+02
   5.549  0.1101E+01  0.2567E+02
   5.554  0.1086E+01  0.2567E+02
   5.559  0.1073E+01  0.2568E+02
   5.564  0.1059E+01  0.2568E+02
   5.569  0.1046E+01  0.2569E+02
   5.574  0.1032E+01  0.2569E+02
   5.579  0.1019E+01  0.2570E+02
   5.584  0.1006E+01  0.2570E+02
   5.589  0.9938E+00  0.2571E+02
   5.594  0.9816E+00  0.2571E+02
   5.599  0.9700E+00  0.2572E+02
   5.604  0.9585E+00  0.2572E+02
   5.609  0.9472E+00  0.2573E+02
   5.614  0.9362E+00  0.2573E+02
   5.619  0.9254E+00  0.2574E+02
   5.624  0.9148E+00  0.2574E+02
   5.629  0.9044E+00  0.2575E+02
   5.634  0.8943E+00  0.2575E+02
   5.639  0.8809E+00  0.2575E+02
   5.644  0.8584E+00  0.2576E+02
   5.649  0.8511E+00  0.2576E+02
   5.654  0.8434E+00  0.2577E+02
   5.659  0.8353E+00  0.2577E+02
   5.664  0.8268E+00  0.2578E+02
   5.669  0.8179E+00  0.2578E+02
   5.674  0.8087E+00  0.2578E+02
   5.679  0.7990E+00  0.2579E+02
   5.684  0.7890E+00  0.2579E+02
   5.689  0.7786E+00  0.2580E+02
   5.694  0.7678E+00  0.2580E+02
   5.699  0.7588E+00  0.2580E+02
   5.704  0.7503E+00  0.2581E+02
   5.709  0.7421E+00  0.2581E+02
   5.714  0.7381E+00  0.2581E+02
   5.719  0.7371E+00  0.2582E+02
   5.724  0.7358E+00  0.2582E+02
   5.729  0.7342E+00  0.2583E+02
   5.734  0.7320E+00  0.2583E+02
   5.739  0.7295E+00  0.2583E+02
   5.744  0.7267E+00  0.2584E+02
   5.749  0.7232E+00  0.2584E+02
   5.754  0.7142E+00  0.2584E+02
   5.759  0.7052E+00  0.2585E+02
   5.764  0.6962E+00  0.2585E+02
   5.769  0.6872E+00  0.2585E+02
   5.774  0.6781E+00  0.2586E+02
   5.779  0.6691E+00  0.2586E+02
   5.784  0.6600E+00  0.2586E+02
   5.789  0.6509E+00  0.2587E+02
   5.794  0.6417E+00  0.2587E+02
   5.799  0.6325E+00  0.2587E+02
   5.804  0.6234E+00  0.2588E+02
   5.809  0.6141E+00  0.2588E+02
   5.814  0.6049E+00  0.2588E+02
   5.819  0.5954E+00  0.2589E+02
   5.824  0.5821E+00  0.2589E+02
   5.829  0.5640E+00  0.2589E+02
   5.834  0.5521E+00  0.2590E+02
   5.839  0.5440E+00  0.2590E+02
   5.844  0.5364E+00  0.2590E+02
   5.849  0.5305E+00  0.2590E+02
   5.854  0.5264E+00  0.2591E+02
   5.859  0.5221E+00  0.2591E+02
   5.864  0.5179E+00  0.2591E+02
   5.869  0.5136E+00  0.2591E+02
   5.874  0.5093E+00  0.2592E+02
   5.879  0.5049E+00  0.2592E+02
   5.884  0.5040E+00  0.2592E+02
   5.889  0.5693E+00  0.2592E+02
   5.894  0.5751E+00  0.2593E+02
   5.899  0.5216E+00  0.2593E+02
   5.904  0.4873E+00  0.2593E+02
   5.909  0.4804E+00  0.2593E+02
   5.914  0.4736E+00  0.2594E+02
   5.919  0.4661E+00  0.2594E+02
   5.924  0.4571E+00  0.2594E+02
   5.929  0.4481E+00  0.2594E+02
   5.934  0.4391E+00  0.2595E+02
   5.939  0.4302E+00  0.2595E+02
   5.944  0.4212E+00  0.2595E+02
   5.949  0.4122E+00  0.2595E+02
   5.954  0.4033E+00  0.2595E+02
   5.959  0.3943E+00  0.2596E+02
   5.964  0.3854E+00  0.2596E+02
   5.969  0.3764E+00  0.2596E+02
   5.974  0.3675E+00  0.2596E+02
   5.979  0.3586E+00  0.2596E+02
   5.984  0.3497E+00  0.2597E+02
   5.989  0.3407E+00  0.2597E+02
   5.994  0.3318E+00  0.2597E+02
   5.999  0.3130E+00  0.2597E+02
   6.004  0.2947E+00  0.2597E+02
   6.009  0.2871E+00  0.2597E+02
   6.014  0.2796E+00  0.2598E+02
   6.019  0.2722E+00  0.2598E+02
   6.024  0.2651E+00  0.2598E+02
   6.029  0.2581E+00  0.2598E+02
   6.034  0.2513E+00  0.2598E+02
   6.039  0.2446E+00  0.2598E+02
   6.044  0.2393E+00  0.2598E+02
   6.049  0.2354E+00  0.2598E+02
   6.054  0.2309E+00  0.2599E+02
   6.059  0.2257E+00  0.2599E+02
   6.064  0.2200E+00  0.2599E+02
   6.069  0.2136E+00  0.2599E+02
   6.074  0.2065E+00  0.2599E+02
   6.079  0.1988E+00  0.2599E+02
   6.084  0.1905E+00  0.2599E+02
   6.089  0.1816E+00  0.2599E+02
   6.094  0.1720E+00  0.2599E+02
   6.099  0.1618E+00  0.2599E+02
   6.104  0.1510E+00  0.2600E+02
   6.109  0.1395E+00  0.2600E+02
   6.114  0.1448E+00  0.2600E+02
   6.119  0.1438E+00  0.2600E+02
   6.124  0.1175E+00  0.2600E+02
   6.129  0.8337E-01  0.2600E+02
   6.134  0.6680E-01  0.2600E+02
   6.139  0.5207E-01  0.2600E+02
   6.144  0.3917E-01  0.2600E+02
   6.149  0.2810E-01  0.2600E+02
   6.154  0.1887E-01  0.2600E+02
   6.159  0.1147E-01  0.2600E+02
   6.164  0.5898E-02  0.2600E+02
   6.169  0.2164E-02  0.2600E+02
   6.174  0.2640E-03  0.2600E+02
   6.179  0.7139E-06  0.2600E+02
   6.184  0.7121E-05  0.2600E+02
   6.189  0.2018E-04  0.2600E+02
   6.194  0.3989E-04  0.2600E+02
   6.199  0.6624E-04  0.2600E+02
   6.204  0.9925E-04  0.2600E+02
   6.209  0.1389E-03  0.2600E+02
   6.214  0.1852E-03  0.2600E+02
   6.219  0.2382E-03  0.2600E+02
   6.224  0.2978E-03  0.2600E+02
   6.229  0.3641E-03  0.2600E+02
   6.234  0.4370E-03  0.2600E+02
   6.239  0.5165E-03  0.2600E+02
   6.244  0.6028E-03  0.2600E+02
   6.249  0.6956E-03  0.2600E+02
   6.254  0.7951E-03  0.2600E+02
   6.259  0.9013E-03  0.2600E+02
   6.264  0.1014E-02  0.2600E+02
   6.269  0.1134E-02  0.2600E+02
   6.274  0.1260E-02  0.2600E+02
   6.279  0.1392E-02  0.2600E+02
   6.284  0.1532E-02  0.2600E+02
   6.289  0.1678E-02  0.2600E+02
   6.294  0.1831E-02  0.2600E+02
   6.299  0.1990E-02  0.2600E+02
   6.304  0.2156E-02  0.2600E+02
   6.309  0.2329E-02  0.2600E+02
   6.314  0.2508E-02  0.2600E+02
   6.319  0.2694E-02  0.2600E+02
   6.324  0.2887E-02  0.2600E+02
   6.329  0.3086E-02  0.2600E+02
   6.334  0.3292E-02  0.2600E+02
   6.339  0.3504E-02  0.2600E+02
   6.344  0.3724E-02  0.2600E+02
   6.349  0.3950E-02  0.2600E+02
   6.354  0.4182E-02  0.2600E+02
   6.359  0.4421E-02  0.2600E+02
   6.364  0.4667E-02  0.2600E+02
   6.369  0.4920E-02  0.2600E+02
   6.374  0.5179E-02  0.2600E+02
   6.379  0.5444E-02  0.2600E+02
   6.384  0.5717E-02  0.2600E+02
   6.389  0.5996E-02  0.2600E+02
   6.394  0.6282E-02  0.2600E+02
   6.399  0.6574E-02  0.2600E+02
   6.404  0.6873E-02  0.2600E+02
   6.409  0.7179E-02  0.2600E+02
   6.414  0.7491E-02  0.2600E+02
   6.419  0.7810E-02  0.2600E+02
   6.424  0.8136E-02  0.2600E+02
   6.429  0.8468E-02  0.2600E+02
   6.434  0.8807E-02  0.2600E+02
   6.439  0.9153E-02  0.2600E+02
   6.444  0.9505E-02  0.2600E+02
   6.449  0.9864E-02  0.2600E+02
   6.454  0.1023E-01  0.2600E+02
   6.459  0.1060E-01  0.2600E+02
   6.464  0.1146E-01  0.2600E+02
   6.469  0.1272E-01  0.2600E+02
   6.474  0.1394E-01  0.2600E+02
   6.479  0.1514E-01  0.2600E+02
   6.484  0.1631E-01  0.2600E+02
   6.489  0.1745E-01  0.2600E+02
   6.494  0.1856E-01  0.2600E+02
   6.499  0.1965E-01  0.2600E+02
   6.504  0.2070E-01  0.2600E+02
   6.509  0.2173E-01  0.2600E+02
   6.514  0.2273E-01  0.2600E+02
   6.519  0.2370E-01  0.2600E+02
   6.524  0.2464E-01  0.2600E+02
   6.529  0.2555E-01  0.2600E+02
   6.534  0.2643E-01  0.2600E+02
   6.539  0.2729E-01  0.2600E+02
   6.544  0.2811E-01  0.2600E+02
   6.549  0.2891E-01  0.2600E+02
   6.554  0.2968E-01  0.2600E+02
   6.559  0.3042E-01  0.2600E+02
   6.564  0.3113E-01  0.2600E+02
   6.569  0.3181E-01  0.2600E+02
   6.574  0.3246E-01  0.2600E+02
   6.579  0.3309E-01  0.2600E+02
   6.584  0.3369E-01  0.2600E+02
   6.589  0.3425E-01  0.2600E+02
   6.594  0.3479E-01  0.2600E+02
   6.599  0.3530E-01  0.2600E+02
   6.604  0.3578E-01  0.2600E+02
   6.609  0.3624E-01  0.2600E+02
   6.614  0.3666E-01  0.2600E+02
   6.619  0.3706E-01  0.2601E+02
   6.624  0.3743E-01  0.2601E+02
   6.629  0.3776E-01  0.2601E+02
   6.634  0.3807E-01  0.2601E+02
   6.639  0.3835E-01  0.2601E+02
   6.644  0.3870E-01  0.2601E+02
   6.649  0.3936E-01  0.2601E+02
   6.654  0.4003E-01  0.2601E+02
   6.659  0.4070E-01  0.2601E+02
   6.664  0.4137E-01  0.2601E+02
   6.669  0.4205E-01  0.2601E+02
   6.674  0.4273E-01  0.2601E+02
   6.679  0.4342E-01  0.2601E+02
   6.684  0.4411E-01  0.2601E+02
   6.689  0.4481E-01  0.2601E+02
   6.694  0.4551E-01  0.2601E+02
   6.699  0.4621E-01  0.2601E+02
   6.704  0.4692E-01  0.2601E+02
   6.709  0.4763E-01  0.2601E+02
   6.714  0.4835E-01  0.2601E+02
   6.719  0.4907E-01  0.2601E+02
   6.724  0.4980E-01  0.2601E+02
   6.729  0.5053E-01  0.2601E+02
   6.734  0.5127E-01  0.2601E+02
   6.739  0.5201E-01  0.2601E+02
   6.744  0.5275E-01  0.2601E+02
   6.749  0.5350E-01  0.2601E+02
   6.754  0.5425E-01  0.2601E+02
   6.759  0.5501E-01  0.2601E+02
   6.764  0.5577E-01  0.2601E+02
   6.769  0.5653E-01  0.2601E+02
   6.774  0.5730E-01  0.2601E+02
   6.779  0.5808E-01  0.2601E+02
   6.784  0.5916E-01  0.2601E+02
   6.789  0.6037E-01  0.2601E+02
   6.794  0.6170E-01  0.2601E+02
   6.799  0.6315E-01  0.2601E+02
   6.804  0.6473E-01  0.2601E+02
   6.809  0.6643E-01  0.2601E+02
   6.814  0.6822E-01  0.2601E+02
   6.819  0.7003E-01  0.2602E+02
   6.824  0.7183E-01  0.2602E+02
   6.829  0.7363E-01  0.2602E+02
   6.834  0.7543E-01  0.2602E+02
   6.839  0.7723E-01  0.2602E+02
   6.844  0.7903E-01  0.2602E+02
   6.849  0.8082E-01  0.2602E+02
   6.854  0.8262E-01  0.2602E+02
   6.859  0.8441E-01  0.2602E+02
   6.864  0.8620E-01  0.2602E+02
   6.869  0.8799E-01  0.2602E+02
   6.874  0.8978E-01  0.2602E+02
   6.879  0.9170E-01  0.2602E+02
   6.884  0.9390E-01  0.2602E+02
   6.889  0.9640E-01  0.2602E+02
   6.894  0.9917E-01  0.2602E+02
   6.899  0.1021E+00  0.2602E+02
   6.904  0.1052E+00  0.2602E+02
   6.909  0.1084E+00  0.2602E+02
   6.914  0.1117E+00  0.2602E+02
   6.919  0.1152E+00  0.2602E+02
   6.924  0.1188E+00  0.2602E+02
   6.929  0.1225E+00  0.2603E+02
   6.934  0.1264E+00  0.2603E+02
   6.939  0.1304E+00  0.2603E+02
   6.944  0.1346E+00  0.2603E+02
   6.949  0.1389E+00  0.2603E+02
   6.954  0.1434E+00  0.2603E+02
   6.959  0.1480E+00  0.2603E+02
   6.964  0.1528E+00  0.2603E+02
   6.969  0.1578E+00  0.2603E+02
   6.974  0.1629E+00  0.2603E+02
   6.979  0.1683E+00  0.2603E+02
   6.984  0.1745E+00  0.2603E+02
   6.989  0.1816E+00  0.2603E+02
   6.994  0.1890E+00  0.2604E+02
   6.999  0.1964E+00  0.2604E+02
   7.004  0.2039E+00  0.2604E+02
   7.009  0.2114E+00  0.2604E+02
   7.014  0.2190E+00  0.2604E+02
   7.019  0.2266E+00  0.2604E+02
   7.024  0.2343E+00  0.2604E+02
   7.029  0.2420E+00  0.2604E+02
   7.034  0.2497E+00  0.2604E+02
   7.039  0.2575E+00  0.2605E+02
   7.044  0.2654E+00  0.2605E+02
   7.049  0.2733E+00  0.2605E+02
   7.054  0.2812E+00  0.2605E+02
   7.059  0.2892E+00  0.2605E+02
   7.064  0.2972E+00  0.2605E+02
   7.069  0.3053E+00  0.2605E+02
   7.074  0.3134E+00  0.2606E+02
   7.079  0.3216E+00  0.2606E+02
   7.084  0.3298E+00  0.2606E+02
   7.089  0.3380E+00  0.2606E+02
   7.094  0.3475E+00  0.2606E+02
   7.099  0.3570E+00  0.2606E+02
   7.104  0.3664E+00  0.2607E+02
   7.109  0.3759E+00  0.2607E+02
   7.114  0.3853E+00  0.2607E+02
   7.119  0.3947E+00  0.2607E+02
   7.124  0.4041E+00  0.2607E+02
   7.129  0.4135E+00  0.2608E+02
   7.134  0.4228E+00  0.2608E+02
   7.139  0.4321E+00  0.2608E+02
   7.144  0.4414E+00  0.2608E+02
   7.149  0.4507E+00  0.2608E+02
   7.154  0.4599E+00  0.2609E+02
   7.159  0.4691E+00  0.2609E+02
   7.164  0.4783E+00  0.2609E+02
   7.169  0.4875E+00  0.2609E+02
   7.174  0.4966E+00  0.2610E+02
   7.179  0.5058E+00  0.2610E+02
   7.184  0.6093E+00  0.2610E+02
   7.189  0.6158E+00  0.2611E+02
   7.194  0.6223E+00  0.2611E+02
   7.199  0.6288E+00  0.2611E+02
   7.204  0.6352E+00  0.2612E+02
   7.209  0.6415E+00  0.2612E+02
   7.214  0.6192E+00  0.2612E+02
   7.219  0.6233E+00  0.2613E+02
   7.224  0.6278E+00  0.2613E+02
   7.229  0.6327E+00  0.2613E+02
   7.234  0.6453E+00  0.2613E+02
   7.239  0.6822E+00  0.2614E+02
   7.244  0.7326E+00  0.2614E+02
   7.249  0.7609E+00  0.2615E+02
   7.254  0.7486E+00  0.2615E+02
   7.259  0.7033E+00  0.2615E+02
   7.264  0.6658E+00  0.2616E+02
   7.269  0.6408E+00  0.2616E+02
   7.274  0.6168E+00  0.2616E+02
   7.279  0.5940E+00  0.2617E+02
   7.284  0.5722E+00  0.2617E+02
   7.289  0.5718E+00  0.2617E+02
   7.294  0.5744E+00  0.2617E+02
   7.299  0.5771E+00  0.2618E+02
   7.304  0.5799E+00  0.2618E+02
   7.309  0.5827E+00  0.2618E+02
   7.314  0.5854E+00  0.2619E+02
   7.319  0.5881E+00  0.2619E+02
   7.324  0.5908E+00  0.2619E+02
   7.329  0.5935E+00  0.2619E+02
   7.334  0.5962E+00  0.2620E+02
   7.339  0.5989E+00  0.2620E+02
   7.344  0.6016E+00  0.2620E+02
   7.349  0.6043E+00  0.2621E+02
   7.354  0.6070E+00  0.2621E+02
   7.359  0.6098E+00  0.2621E+02
   7.364  0.6125E+00  0.2622E+02
   7.369  0.6152E+00  0.2622E+02
   7.374  0.6179E+00  0.2622E+02
   7.379  0.6206E+00  0.2622E+02
   7.384  0.6233E+00  0.2623E+02
   7.389  0.6259E+00  0.2623E+02
   7.394  0.6286E+00  0.2623E+02
   7.399  0.6313E+00  0.2624E+02
   7.404  0.6340E+00  0.2624E+02
   7.409  0.6367E+00  0.2624E+02
   7.414  0.6394E+00  0.2625E+02
   7.419  0.6421E+00  0.2625E+02
   7.424  0.6448E+00  0.2625E+02
   7.429  0.6475E+00  0.2626E+02
   7.434  0.6502E+00  0.2626E+02
   7.439  0.6529E+00  0.2626E+02
   7.444  0.6557E+00  0.2627E+02
   7.449  0.6586E+00  0.2627E+02
   7.454  0.6615E+00  0.2627E+02
   7.459  0.6645E+00  0.2628E+02
   7.464  0.6675E+00  0.2628E+02
   7.469  0.6706E+00  0.2628E+02
   7.474  0.6737E+00  0.2629E+02
   7.479  0.6769E+00  0.2629E+02
   7.484  0.6802E+00  0.2629E+02
   7.489  0.6835E+00  0.2630E+02
   7.494  0.6869E+00  0.2630E+02
   7.499  0.6904E+00  0.2630E+02
   7.504  0.6939E+00  0.2631E+02
   7.509  0.6974E+00  0.2631E+02
   7.514  0.7011E+00  0.2631E+02
   7.519  0.7047E+00  0.2632E+02
   7.524  0.7085E+00  0.2632E+02
   7.529  0.7123E+00  0.2632E+02
   7.534  0.7161E+00  0.2633E+02
   7.539  0.7186E+00  0.2633E+02
   7.544  0.7205E+00  0.2634E+02
   7.549  0.7226E+00  0.2634E+02
   7.554  0.7248E+00  0.2634E+02
   7.559  0.7271E+00  0.2635E+02
   7.564  0.7295E+00  0.2635E+02
   7.569  0.7320E+00  0.2635E+02
   7.574  0.7346E+00  0.2636E+02
   7.579  0.7373E+00  0.2636E+02
   7.584  0.7401E+00  0.2636E+02
   7.589  0.7467E+00  0.2637E+02
   7.594  0.7623E+00  0.2637E+02
   7.599  0.7777E+00  0.2638E+02
   7.604  0.7864E+00  0.2638E+02
   7.609  0.7954E+00  0.2638E+02
   7.614  0.8045E+00  0.2639E+02
   7.619  0.8138E+00  0.2639E+02
   7.624  0.9119E+00  0.2640E+02
   7.629  0.8768E+00  0.2640E+02
   7.634  0.8534E+00  0.2640E+02
   7.639  0.8418E+00  0.2641E+02
   7.644  0.8402E+00  0.2641E+02
   7.649  0.8396E+00  0.2642E+02
   7.654  0.8391E+00  0.2642E+02
   7.659  0.8386E+00  0.2643E+02
   7.664  0.8383E+00  0.2643E+02
   7.669  0.8381E+00  0.2643E+02
   7.674  0.8379E+00  0.2644E+02
   7.679  0.8378E+00  0.2644E+02
   7.684  0.8378E+00  0.2645E+02
   7.689  0.8380E+00  0.2645E+02
   7.694  0.8382E+00  0.2645E+02
   7.699  0.8385E+00  0.2646E+02
   7.704  0.8388E+00  0.2646E+02
   7.709  0.8393E+00  0.2647E+02
   7.714  0.8399E+00  0.2647E+02
   7.719  0.8409E+00  0.2648E+02
   7.724  0.8427E+00  0.2648E+02
   7.729  0.8450E+00  0.2648E+02
   7.734  0.8475E+00  0.2649E+02
   7.739  0.8502E+00  0.2649E+02
   7.744  0.8529E+00  0.2650E+02
   7.749  0.8557E+00  0.2650E+02
   7.754  0.8586E+00  0.2651E+02
   7.759  0.8615E+00  0.2651E+02
   7.764  0.8646E+00  0.2651E+02
   7.769  0.8679E+00  0.2652E+02
   7.774  0.8712E+00  0.2652E+02
   7.779  0.8747E+00  0.2653E+02
   7.784  0.8784E+00  0.2653E+02
   7.789  0.8822E+00  0.2654E+02
   7.794  0.8861E+00  0.2654E+02
   7.799  0.8900E+00  0.2654E+02
   7.804  0.8939E+00  0.2655E+02
   7.809  0.8977E+00  0.2655E+02
   7.814  0.9016E+00  0.2656E+02
   7.819  0.9054E+00  0.2656E+02
   7.824  0.9092E+00  0.2657E+02
   7.829  0.9130E+00  0.2657E+02
   7.834  0.9165E+00  0.2658E+02
   7.839  0.9200E+00  0.2658E+02
   7.844  0.9234E+00  0.2659E+02
   7.849  0.9270E+00  0.2659E+02
   7.854  0.9307E+00  0.2659E+02
   7.859  0.9345E+00  0.2660E+02
   7.864  0.9384E+00  0.2660E+02
   7.869  0.9424E+00  0.2661E+02
   7.874  0.9464E+00  0.2661E+02
   7.879  0.9504E+00  0.2662E+02
   7.884  0.9546E+00  0.2662E+02
   7.889  0.9587E+00  0.2663E+02
   7.894  0.9629E+00  0.2663E+02
   7.899  0.9672E+00  0.2664E+02
   7.904  0.9715E+00  0.2664E+02
   7.909  0.9758E+00  0.2665E+02
   7.914  0.9803E+00  0.2665E+02
   7.919  0.9847E+00  0.2666E+02
   7.924  0.9892E+00  0.2666E+02
   7.929  0.9938E+00  0.2667E+02
   7.934  0.9984E+00  0.2667E+02
   7.939  0.1003E+01  0.2668E+02
   7.944  0.1008E+01  0.2668E+02
   7.949  0.1013E+01  0.2669E+02
   7.954  0.1018E+01  0.2669E+02
   7.959  0.1023E+01  0.2670E+02
   7.964  0.1029E+01  0.2670E+02
   7.969  0.1035E+01  0.2671E+02
   7.974  0.1043E+01  0.2671E+02
   7.979  0.1050E+01  0.2672E+02
   7.984  0.1058E+01  0.2672E+02
   7.989  0.1067E+01  0.2673E+02
   7.994  0.1076E+01  0.2673E+02
   7.999  0.1086E+01  0.2674E+02
   8.004  0.1093E+01  0.2674E+02
   8.009  0.1096E+01  0.2675E+02
   8.014  0.1100E+01  0.2676E+02
   8.019  0.1105E+01  0.2676E+02
   8.024  0.1112E+01  0.2677E+02
   8.029  0.1120E+01  0.2677E+02
   8.034  0.1128E+01  0.2678E+02
   8.039  0.1137E+01  0.2678E+02
   8.044  0.1147E+01  0.2679E+02
   8.049  0.1157E+01  0.2680E+02
   8.054  0.1168E+01  0.2680E+02
   8.059  0.1179E+01  0.2681E+02
   8.064  0.1199E+01  0.2681E+02
   8.069  0.1225E+01  0.2682E+02
   8.074  0.1247E+01  0.2683E+02
   8.079  0.1284E+01  0.2683E+02
   8.084  0.1326E+01  0.2684E+02
   8.089  0.1352E+01  0.2684E+02
   8.094  0.1365E+01  0.2685E+02
   8.099  0.1383E+01  0.2686E+02
   8.104  0.1404E+01  0.2687E+02
   8.109  0.1430E+01  0.2687E+02
   8.114  0.1460E+01  0.2688E+02
   8.119  0.1494E+01  0.2689E+02
   8.124  0.1533E+01  0.2689E+02
   8.129  0.1577E+01  0.2690E+02
   8.134  0.1626E+01  0.2691E+02
   8.139  0.1680E+01  0.2692E+02
   8.144  0.1741E+01  0.2693E+02
   8.149  0.1807E+01  0.2694E+02
   8.154  0.1878E+01  0.2695E+02
   8.159  0.1956E+01  0.2695E+02
   8.164  0.2110E+01  0.2696E+02
   8.169  0.1970E+01  0.2698E+02
   8.174  0.1991E+01  0.2699E+02
   8.179  0.2004E+01  0.2700E+02
   8.184  0.2017E+01  0.2701E+02
   8.189  0.2028E+01  0.2702E+02
   8.194  0.2039E+01  0.2703E+02
   8.199  0.2048E+01  0.2704E+02
   8.204  0.2057E+01  0.2705E+02
   8.209  0.2065E+01  0.2706E+02
   8.214  0.2071E+01  0.2707E+02
   8.219  0.2077E+01  0.2708E+02
   8.224  0.2082E+01  0.2709E+02
   8.229  0.2085E+01  0.2710E+02
   8.234  0.2088E+01  0.2711E+02
   8.239  0.2090E+01  0.2712E+02
   8.244  0.2090E+01  0.2713E+02
   8.249  0.2090E+01  0.2714E+02
   8.254  0.2092E+01  0.2715E+02
   8.259  0.2094E+01  0.2716E+02
   8.264  0.2099E+01  0.2717E+02
   8.269  0.2104E+01  0.2718E+02
   8.274  0.2108E+01  0.2719E+02
   8.279  0.2110E+01  0.2720E+02
   8.284  0.2108E+01  0.2721E+02
   8.289  0.2105E+01  0.2722E+02
   8.294  0.2100E+01  0.2723E+02
   8.299  0.2096E+01  0.2724E+02
   8.304  0.2099E+01  0.2726E+02
   8.309  0.2102E+01  0.2727E+02
   8.314  0.2107E+01  0.2728E+02
   8.319  0.2112E+01  0.2729E+02
   8.324  0.2120E+01  0.2730E+02
   8.329  0.2130E+01  0.2731E+02
   8.334  0.2142E+01  0.2732E+02
   8.339  0.2156E+01  0.2733E+02
   8.344  0.2172E+01  0.2734E+02
   8.349  0.2191E+01  0.2735E+02
   8.354  0.2211E+01  0.2736E+02
   8.359  0.2235E+01  0.2737E+02
   8.364  0.2260E+01  0.2738E+02
   8.369  0.2287E+01  0.2740E+02
   8.374  0.2353E+01  0.2741E+02
   8.379  0.2423E+01  0.2742E+02
   8.384  0.2445E+01  0.2743E+02
   8.389  0.2454E+01  0.2744E+02
   8.394  0.2451E+01  0.2746E+02
   8.399  0.2442E+01  0.2747E+02
   8.404  0.2420E+01  0.2748E+02
   8.409  0.2371E+01  0.2749E+02
   8.414  0.2276E+01  0.2750E+02
   8.419  0.2181E+01  0.2752E+02
   8.424  0.2150E+01  0.2753E+02
   8.429  0.2119E+01  0.2754E+02
   8.434  0.2087E+01  0.2755E+02
   8.439  0.2054E+01  0.2756E+02
   8.444  0.2020E+01  0.2757E+02
   8.449  0.1986E+01  0.2758E+02
   8.454  0.1950E+01  0.2759E+02
   8.459  0.1914E+01  0.2760E+02
   8.464  0.1877E+01  0.2761E+02
   8.469  0.1839E+01  0.2762E+02
   8.474  0.1797E+01  0.2762E+02
   8.479  0.1751E+01  0.2763E+02
   8.484  0.1701E+01  0.2764E+02
   8.489  0.1655E+01  0.2765E+02
   8.494  0.1614E+01  0.2766E+02
   8.499  0.1573E+01  0.2767E+02
   8.504  0.1534E+01  0.2767E+02
   8.509  0.1496E+01  0.2768E+02
   8.514  0.1457E+01  0.2769E+02
   8.519  0.1414E+01  0.2770E+02
   8.524  0.1370E+01  0.2770E+02
   8.529  0.1325E+01  0.2771E+02
   8.534  0.1265E+01  0.2772E+02
   8.539  0.1208E+01  0.2772E+02
   8.544  0.1186E+01  0.2773E+02
   8.549  0.1168E+01  0.2774E+02
   8.554  0.1151E+01  0.2774E+02
   8.559  0.1133E+01  0.2775E+02
   8.564  0.1116E+01  0.2775E+02
   8.569  0.1100E+01  0.2776E+02
   8.574  0.1083E+01  0.2776E+02
   8.579  0.1066E+01  0.2777E+02
   8.584  0.1050E+01  0.2777E+02
   8.589  0.1034E+01  0.2778E+02
   8.594  0.1018E+01  0.2778E+02
   8.599  0.1002E+01  0.2779E+02
   8.604  0.9862E+00  0.2779E+02
   8.609  0.9706E+00  0.2780E+02
   8.614  0.9552E+00  0.2780E+02
   8.619  0.9400E+00  0.2781E+02
   8.624  0.9254E+00  0.2781E+02
   8.629  0.9120E+00  0.2782E+02
   8.634  0.8997E+00  0.2782E+02
   8.639  0.8886E+00  0.2783E+02
   8.644  0.8785E+00  0.2783E+02
   8.649  0.8690E+00  0.2784E+02
   8.654  0.8597E+00  0.2784E+02
   8.659  0.8508E+00  0.2784E+02
   8.664  0.8422E+00  0.2785E+02
   8.669  0.8339E+00  0.2785E+02
   8.674  0.8260E+00  0.2786E+02
   8.679  0.8129E+00  0.2786E+02
   8.684  0.7982E+00  0.2787E+02
   8.689  0.7836E+00  0.2787E+02
   8.694  0.7691E+00  0.2787E+02
   8.699  0.7546E+00  0.2788E+02
   8.704  0.7403E+00  0.2788E+02
   8.709  0.7261E+00  0.2788E+02
   8.714  0.7120E+00  0.2789E+02
   8.719  0.6979E+00  0.2789E+02
   8.724  0.6840E+00  0.2789E+02
   8.729  0.6702E+00  0.2790E+02
   8.734  0.6564E+00  0.2790E+02
   8.739  0.6428E+00  0.2790E+02
   8.744  0.6292E+00  0.2791E+02
   8.749  0.7044E+00  0.2791E+02
   8.754  0.6799E+00  0.2791E+02
   8.759  0.6566E+00  0.2792E+02
   8.764  0.6347E+00  0.2792E+02
   8.769  0.6141E+00  0.2792E+02
   8.774  0.5947E+00  0.2793E+02
   8.779  0.5767E+00  0.2793E+02
   8.784  0.5600E+00  0.2793E+02
   8.789  0.5448E+00  0.2794E+02
   8.794  0.5305E+00  0.2794E+02
   8.799  0.5165E+00  0.2794E+02
   8.804  0.5028E+00  0.2794E+02
   8.809  0.4895E+00  0.2795E+02
   8.814  0.4765E+00  0.2795E+02
   8.819  0.4638E+00  0.2795E+02
   8.824  0.4515E+00  0.2795E+02
   8.829  0.4395E+00  0.2796E+02
   8.834  0.4279E+00  0.2796E+02
   8.839  0.4166E+00  0.2796E+02
   8.844  0.4054E+00  0.2796E+02
   8.849  0.3944E+00  0.2796E+02
   8.854  0.3834E+00  0.2797E+02
   8.859  0.3725E+00  0.2797E+02
   8.864  0.3616E+00  0.2797E+02
   8.869  0.3509E+00  0.2797E+02
   8.874  0.3402E+00  0.2797E+02
   8.879  0.3295E+00  0.2797E+02
   8.884  0.3190E+00  0.2798E+02
   8.889  0.3086E+00  0.2798E+02
   8.894  0.2984E+00  0.2798E+02
   8.899  0.2887E+00  0.2798E+02
   8.904  0.2792E+00  0.2798E+02
   8.909  0.2701E+00  0.2798E+02
   8.914  0.2613E+00  0.2799E+02
   8.919  0.2528E+00  0.2799E+02
   8.924  0.2447E+00  0.2799E+02
   8.929  0.2371E+00  0.2799E+02
   8.934  0.2297E+00  0.2799E+02
   8.939  0.2228E+00  0.2799E+02
   8.944  0.2163E+00  0.2799E+02
   8.949  0.2101E+00  0.2799E+02
   8.954  0.2046E+00  0.2799E+02
   8.959  0.1999E+00  0.2800E+02
   8.964  0.1961E+00  0.2800E+02
   8.969  0.1932E+00  0.2800E+02
   8.974  0.1912E+00  0.2800E+02
   8.979  0.1901E+00  0.2800E+02
   8.984  0.1899E+00  0.2800E+02
   8.989  0.1905E+00  0.2800E+02
   8.994  0.1872E+00  0.2800E+02
   8.999  0.1305E+00  0.2800E+02
   9.004  0.1057E+00  0.2800E+02
   9.009  0.1130E+00  0.2800E+02
   9.014  0.1257E+00  0.2800E+02
   9.019  0.1380E+00  0.2801E+02
   9.024  0.1428E+00  0.2801E+02
   9.029  0.1475E+00  0.2801E+02
   9.034  0.1519E+00  0.2801E+02
   9.039  0.1561E+00  0.2801E+02
   9.044  0.1602E+00  0.2801E+02
   9.049  0.1640E+00  0.2801E+02
   9.054  0.1676E+00  0.2801E+02
   9.059  0.1710E+00  0.2801E+02
   9.064  0.1742E+00  0.2801E+02
   9.069  0.1772E+00  0.2801E+02
   9.074  0.1800E+00  0.2801E+02
   9.079  0.1826E+00  0.2801E+02
   9.084  0.1849E+00  0.2802E+02
   9.089  0.1871E+00  0.2802E+02
   9.094  0.1891E+00  0.2802E+02
   9.099  0.1920E+00  0.2802E+02
   9.104  0.1976E+00  0.2802E+02
   9.109  0.2084E+00  0.2802E+02
   9.114  0.2225E+00  0.2802E+02
   9.119  0.2394E+00  0.2802E+02
   9.124  0.2592E+00  0.2802E+02
   9.129  0.2693E+00  0.2803E+02
   9.134  0.2696E+00  0.2803E+02
   9.139  0.2680E+00  0.2803E+02
   9.144  0.2646E+00  0.2803E+02
   9.149  0.2594E+00  0.2803E+02
   9.154  0.2523E+00  0.2803E+02
   9.159  0.2433E+00  0.2803E+02
   9.164  0.2394E+00  0.2803E+02
   9.169  0.2434E+00  0.2804E+02
   9.174  0.2474E+00  0.2804E+02
   9.179  0.2515E+00  0.2804E+02
   9.184  0.2555E+00  0.2804E+02
   9.189  0.2596E+00  0.2804E+02
   9.194  0.2638E+00  0.2804E+02
   9.199  0.2679E+00  0.2804E+02
   9.204  0.2721E+00  0.2804E+02
   9.209  0.2763E+00  0.2805E+02
   9.214  0.2805E+00  0.2805E+02
   9.219  0.2847E+00  0.2805E+02
   9.224  0.2890E+00  0.2805E+02
   9.229  0.2933E+00  0.2805E+02
   9.234  0.2976E+00  0.2805E+02
   9.239  0.3019E+00  0.2805E+02
   9.244  0.3063E+00  0.2806E+02
   9.249  0.3129E+00  0.2806E+02
   9.254  0.3229E+00  0.2806E+02
   9.259  0.3363E+00  0.2806E+02
   9.264  0.3532E+00  0.2806E+02
   9.269  0.3736E+00  0.2806E+02
   9.274  0.3973E+00  0.2807E+02
   9.279  0.4105E+00  0.2807E+02
   9.284  0.4092E+00  0.2807E+02
   9.289  0.3982E+00  0.2807E+02
   9.294  0.3775E+00  0.2807E+02
   9.299  0.3623E+00  0.2808E+02
   9.304  0.3665E+00  0.2808E+02
   9.309  0.3707E+00  0.2808E+02
   9.314  0.3750E+00  0.2808E+02
   9.319  0.3792E+00  0.2808E+02
   9.324  0.3835E+00  0.2809E+02
   9.329  0.3878E+00  0.2809E+02
   9.334  0.3921E+00  0.2809E+02
   9.339  0.3965E+00  0.2809E+02
   9.344  0.4008E+00  0.2809E+02
   9.349  0.4052E+00  0.2810E+02
   9.354  0.4096E+00  0.2810E+02
   9.359  0.4140E+00  0.2810E+02
   9.364  0.4184E+00  0.2810E+02
   9.369  0.4228E+00  0.2810E+02
   9.374  0.4273E+00  0.2811E+02
   9.379  0.4317E+00  0.2811E+02
   9.384  0.4360E+00  0.2811E+02
   9.389  0.4402E+00  0.2811E+02
   9.394  0.4444E+00  0.2811E+02
   9.399  0.4485E+00  0.2812E+02
   9.404  0.4524E+00  0.2812E+02
   9.409  0.4563E+00  0.2812E+02
   9.414  0.4601E+00  0.2812E+02
   9.419  0.4638E+00  0.2813E+02
   9.424  0.4674E+00  0.2813E+02
   9.429  0.4708E+00  0.2813E+02
   9.434  0.4741E+00  0.2813E+02
   9.439  0.4805E+00  0.2814E+02
   9.444  0.6356E+00  0.2814E+02
   9.449  0.5512E+00  0.2814E+02
   9.454  0.4819E+00  0.2814E+02
   9.459  0.4834E+00  0.2815E+02
   9.464  0.4861E+00  0.2815E+02
   9.469  0.4887E+00  0.2815E+02
   9.474  0.4914E+00  0.2815E+02
   9.479  0.4940E+00  0.2816E+02
   9.484  0.4966E+00  0.2816E+02
   9.489  0.4991E+00  0.2816E+02
   9.494  0.5017E+00  0.2816E+02
   9.499  0.5042E+00  0.2817E+02
   9.504  0.5067E+00  0.2817E+02
   9.509  0.5091E+00  0.2817E+02
   9.514  0.5116E+00  0.2817E+02
   9.519  0.5140E+00  0.2818E+02
   9.524  0.5164E+00  0.2818E+02
   9.529  0.5188E+00  0.2818E+02
   9.534  0.5211E+00  0.2818E+02
   9.539  0.5235E+00  0.2819E+02
   9.544  0.5251E+00  0.2819E+02
   9.549  0.5253E+00  0.2819E+02
   9.554  0.5275E+00  0.2819E+02
   9.559  0.5301E+00  0.2820E+02
   9.564  0.5327E+00  0.2820E+02
   9.569  0.5353E+00  0.2820E+02
   9.574  0.5379E+00  0.2821E+02
   9.579  0.5405E+00  0.2821E+02
   9.584  0.5431E+00  0.2821E+02
   9.589  0.5457E+00  0.2821E+02
   9.594  0.5483E+00  0.2822E+02
   9.599  0.5509E+00  0.2822E+02
   9.604  0.5535E+00  0.2822E+02
   9.609  0.5560E+00  0.2822E+02
   9.614  0.5586E+00  0.2823E+02
   9.619  0.5612E+00  0.2823E+02
   9.624  0.5638E+00  0.2823E+02
   9.629  0.5663E+00  0.2824E+02
   9.634  0.5689E+00  0.2824E+02
   9.639  0.5715E+00  0.2824E+02
   9.644  0.5740E+00  0.2824E+02
   9.649  0.5766E+00  0.2825E+02
   9.654  0.5791E+00  0.2825E+02
   9.659  0.5817E+00  0.2825E+02
   9.664  0.5842E+00  0.2826E+02
   9.669  0.5868E+00  0.2826E+02
   9.674  0.5922E+00  0.2826E+02
   9.679  0.5995E+00  0.2826E+02
   9.684  0.6062E+00  0.2827E+02
   9.689  0.6123E+00  0.2827E+02
   9.694  0.6142E+00  0.2827E+02
   9.699  0.6188E+00  0.2828E+02
   9.704  0.6225E+00  0.2828E+02
   9.709  0.6254E+00  0.2828E+02
   9.714  0.6275E+00  0.2829E+02
   9.719  0.6287E+00  0.2829E+02
   9.724  0.6296E+00  0.2829E+02
   9.729  0.6306E+00  0.2830E+02
   9.734  0.6318E+00  0.2830E+02
   9.739  0.6330E+00  0.2830E+02
   9.744  0.6344E+00  0.2831E+02
   9.749  0.6359E+00  0.2831E+02
   9.754  0.6375E+00  0.2831E+02
   9.759  0.6392E+00  0.2831E+02
   9.764  0.6411E+00  0.2832E+02
   9.769  0.6431E+00  0.2832E+02
   9.774  0.6451E+00  0.2832E+02
   9.779  0.6473E+00  0.2833E+02
   9.784  0.6496E+00  0.2833E+02
   9.789  0.6520E+00  0.2833E+02
   9.794  0.6546E+00  0.2834E+02
   9.799  0.6572E+00  0.2834E+02
   9.804  0.6599E+00  0.2834E+02
   9.809  0.6627E+00  0.2835E+02
   9.814  0.6655E+00  0.2835E+02
   9.819  0.6683E+00  0.2835E+02
   9.824  0.6711E+00  0.2836E+02
   9.829  0.6739E+00  0.2836E+02
   9.834  0.6768E+00  0.2836E+02
   9.839  0.6796E+00  0.2837E+02
   9.844  0.6824E+00  0.2837E+02
   9.849  0.6852E+00  0.2837E+02
   9.854  0.6881E+00  0.2838E+02
   9.859  0.6909E+00  0.2838E+02
   9.864  0.6938E+00  0.2838E+02
   9.869  0.6966E+00  0.2839E+02
   9.874  0.6995E+00  0.2839E+02
   9.879  0.7023E+00  0.2840E+02
   9.884  0.7052E+00  0.2840E+02
   9.889  0.7074E+00  0.2840E+02
   9.894  0.7096E+00  0.2841E+02
   9.899  0.7120E+00  0.2841E+02
   9.904  0.7147E+00  0.2841E+02
   9.909  0.7175E+00  0.2842E+02
   9.914  0.7206E+00  0.2842E+02
   9.919  0.7238E+00  0.2842E+02
   9.924  0.7272E+00  0.2843E+02
   9.929  0.7308E+00  0.2843E+02
   9.934  0.7343E+00  0.2843E+02
   9.939  0.7379E+00  0.2844E+02
   9.944  0.7416E+00  0.2844E+02
   9.949  0.7453E+00  0.2845E+02
   9.954  0.7490E+00  0.2845E+02
   9.959  0.7528E+00  0.2845E+02
   9.964  0.7566E+00  0.2846E+02
   9.969  0.7604E+00  0.2846E+02
   9.974  0.7643E+00  0.2846E+02
   9.979  0.7682E+00  0.2847E+02
   9.984  0.7722E+00  0.2847E+02
   9.989  0.7761E+00  0.2848E+02
   9.994  0.7802E+00  0.2848E+02
   9.999  0.7842E+00  0.2848E+02
  10.004  0.7884E+00  0.2849E+02
  10.009  0.7926E+00  0.2849E+02
  10.014  0.7968E+00  0.2850E+02
  10.019  0.8018E+00  0.2850E+02
  10.024  0.8083E+00  0.2850E+02
  10.029  0.8147E+00  0.2851E+02
  10.034  0.8211E+00  0.2851E+02
  10.039  0.8274E+00  0.2852E+02
  10.044  0.8338E+00  0.2852E+02
  10.049  0.8401E+00  0.2852E+02
  10.054  0.8464E+00  0.2853E+02
  10.059  0.8527E+00  0.2853E+02
  10.064  0.8589E+00  0.2854E+02
  10.069  0.8651E+00  0.2854E+02
  10.074  0.8713E+00  0.2855E+02
  10.079  0.8775E+00  0.2855E+02
  10.084  0.8836E+00  0.2855E+02
  10.089  0.8898E+00  0.2856E+02
  10.094  0.8959E+00  0.2856E+02
  10.099  0.9020E+00  0.2857E+02
  10.104  0.9081E+00  0.2857E+02
  10.109  0.9147E+00  0.2858E+02
  10.114  0.9206E+00  0.2858E+02
  10.119  0.9266E+00  0.2859E+02
  10.124  0.9325E+00  0.2859E+02
  10.129  0.9384E+00  0.2860E+02
  10.134  0.9442E+00  0.2860E+02
  10.139  0.9509E+00  0.2860E+02
  10.144  0.9583E+00  0.2861E+02
  10.149  0.9658E+00  0.2861E+02
  10.154  0.9731E+00  0.2862E+02
  10.159  0.9803E+00  0.2862E+02
  10.164  0.9879E+00  0.2863E+02
  10.169  0.9962E+00  0.2863E+02
  10.174  0.1004E+01  0.2864E+02
  10.179  0.1013E+01  0.2864E+02
  10.184  0.1021E+01  0.2865E+02
  10.189  0.1029E+01  0.2865E+02
  10.194  0.1037E+01  0.2866E+02
  10.199  0.1045E+01  0.2866E+02
  10.204  0.1053E+01  0.2867E+02
  10.209  0.1061E+01  0.2868E+02
  10.214  0.1069E+01  0.2868E+02
  10.219  0.1077E+01  0.2869E+02
  10.224  0.1085E+01  0.2869E+02
  10.229  0.1093E+01  0.2870E+02
  10.234  0.1101E+01  0.2870E+02
  10.239  0.1109E+01  0.2871E+02
  10.244  0.1117E+01  0.2871E+02
  10.249  0.1125E+01  0.2872E+02
  10.254  0.1132E+01  0.2872E+02
  10.259  0.1139E+01  0.2873E+02
  10.264  0.1145E+01  0.2874E+02
  10.269  0.1151E+01  0.2874E+02
  10.274  0.1158E+01  0.2875E+02
  10.279  0.1164E+01  0.2875E+02
  10.284  0.1170E+01  0.2876E+02
  10.289  0.1176E+01  0.2877E+02
  10.294  0.1182E+01  0.2877E+02
  10.299  0.1188E+01  0.2878E+02
  10.304  0.1193E+01  0.2878E+02
  10.309  0.1198E+01  0.2879E+02
  10.314  0.1203E+01  0.2879E+02
  10.319  0.1208E+01  0.2880E+02
  10.324  0.1213E+01  0.2881E+02
  10.329  0.1218E+01  0.2881E+02
  10.334  0.1223E+01  0.2882E+02
  10.339  0.1227E+01  0.2883E+02
  10.344  0.1232E+01  0.2883E+02
  10.349  0.1236E+01  0.2884E+02
  10.354  0.1237E+01  0.2884E+02
  10.359  0.1237E+01  0.2885E+02
  10.364  0.1236E+01  0.2886E+02
  10.369  0.1233E+01  0.2886E+02
  10.374  0.1228E+01  0.2887E+02
  10.379  0.1222E+01  0.2887E+02
  10.384  0.1216E+01  0.2888E+02
  10.389  0.1211E+01  0.2889E+02
  10.394  0.1207E+01  0.2889E+02
  10.399  0.1203E+01  0.2890E+02
  10.404  0.1199E+01  0.2890E+02
  10.409  0.1196E+01  0.2891E+02
  10.414  0.1194E+01  0.2892E+02
  10.419  0.1192E+01  0.2892E+02
  10.424  0.1191E+01  0.2893E+02
  10.429  0.1189E+01  0.2893E+02
  10.434  0.1188E+01  0.2894E+02
  10.439  0.1187E+01  0.2895E+02
  10.444  0.1186E+01  0.2895E+02
  10.449  0.1185E+01  0.2896E+02
  10.454  0.1185E+01  0.2896E+02
  10.459  0.1187E+01  0.2897E+02
  10.464  0.1190E+01  0.2898E+02
  10.469  0.1194E+01  0.2898E+02
  10.474  0.1198E+01  0.2899E+02
  10.479  0.1206E+01  0.2899E+02
  10.484  0.1216E+01  0.2900E+02
  10.489  0.1228E+01  0.2901E+02
  10.494  0.1242E+01  0.2901E+02
  10.499  0.1254E+01  0.2902E+02
  10.504  0.1265E+01  0.2903E+02
  10.509  0.1273E+01  0.2903E+02
  10.514  0.1283E+01  0.2904E+02
  10.519  0.1293E+01  0.2904E+02
  10.524  0.1303E+01  0.2905E+02
  10.529  0.1315E+01  0.2906E+02
  10.534  0.1329E+01  0.2906E+02
  10.539  0.1343E+01  0.2907E+02
  10.544  0.1357E+01  0.2908E+02
  10.549  0.1372E+01  0.2908E+02
  10.554  0.1388E+01  0.2909E+02
  10.559  0.1404E+01  0.2910E+02
  10.564  0.1420E+01  0.2911E+02
  10.569  0.1438E+01  0.2911E+02
  10.574  0.1456E+01  0.2912E+02
  10.579  0.1476E+01  0.2913E+02
  10.584  0.1496E+01  0.2913E+02
  10.589  0.1517E+01  0.2914E+02
  10.594  0.1539E+01  0.2915E+02
  10.599  0.1562E+01  0.2916E+02
  10.604  0.1587E+01  0.2916E+02
  10.609  0.1613E+01  0.2917E+02
  10.614  0.1640E+01  0.2918E+02
  10.619  0.1669E+01  0.2919E+02
  10.624  0.1698E+01  0.2920E+02
  10.629  0.1728E+01  0.2921E+02
  10.634  0.1761E+01  0.2922E+02
  10.639  0.1796E+01  0.2922E+02
  10.644  0.1829E+01  0.2923E+02
  10.649  0.1860E+01  0.2924E+02
  10.654  0.1888E+01  0.2925E+02
  10.659  0.1913E+01  0.2926E+02
  10.664  0.1937E+01  0.2927E+02
  10.669  0.1959E+01  0.2928E+02
  10.674  0.1985E+01  0.2929E+02
  10.679  0.2010E+01  0.2930E+02
  10.684  0.2035E+01  0.2931E+02
  10.689  0.2059E+01  0.2932E+02
  10.694  0.2083E+01  0.2933E+02
  10.699  0.2107E+01  0.2934E+02
  10.704  0.2137E+01  0.2935E+02
  10.709  0.2171E+01  0.2936E+02
  10.714  0.2211E+01  0.2937E+02
  10.719  0.2256E+01  0.2939E+02
  10.724  0.2300E+01  0.2940E+02
  10.729  0.2338E+01  0.2941E+02
  10.734  0.2372E+01  0.2942E+02
  10.739  0.2400E+01  0.2943E+02
  10.744  0.2414E+01  0.2944E+02
  10.749  0.2364E+01  0.2946E+02
  10.754  0.2394E+01  0.2947E+02
  10.759  0.2420E+01  0.2948E+02
  10.764  0.2441E+01  0.2949E+02
  10.769  0.2457E+01  0.2950E+02
  10.774  0.2471E+01  0.2952E+02
  10.779  0.2482E+01  0.2953E+02
  10.784  0.2490E+01  0.2954E+02
  10.789  0.2496E+01  0.2955E+02
  10.794  0.2498E+01  0.2957E+02
  10.799  0.2494E+01  0.2958E+02
  10.804  0.2484E+01  0.2959E+02
  10.809  0.2469E+01  0.2960E+02
  10.814  0.2446E+01  0.2962E+02
  10.819  0.2418E+01  0.2963E+02
  10.824  0.2392E+01  0.2964E+02
  10.829  0.2362E+01  0.2965E+02
  10.834  0.2329E+01  0.2966E+02
  10.839  0.2295E+01  0.2968E+02
  10.844  0.2260E+01  0.2969E+02
  10.849  0.2228E+01  0.2970E+02
  10.854  0.2197E+01  0.2971E+02
  10.859  0.2160E+01  0.2972E+02
  10.864  0.2118E+01  0.2973E+02
  10.869  0.2078E+01  0.2974E+02
  10.874  0.2052E+01  0.2975E+02
  10.879  0.2031E+01  0.2976E+02
  10.884  0.2012E+01  0.2977E+02
  10.889  0.1994E+01  0.2978E+02
  10.894  0.1976E+01  0.2979E+02
  10.899  0.1957E+01  0.2980E+02
  10.904  0.1941E+01  0.2981E+02
  10.909  0.1926E+01  0.2982E+02
  10.914  0.1910E+01  0.2983E+02
  10.919  0.1892E+01  0.2984E+02
  10.924  0.1869E+01  0.2985E+02
  10.929  0.1832E+01  0.2986E+02
  10.934  0.1803E+01  0.2987E+02
  10.939  0.1780E+01  0.2988E+02
  10.944  0.1764E+01  0.2989E+02
  10.949  0.1752E+01  0.2989E+02
  10.954  0.1698E+01  0.2990E+02
  10.959  0.1634E+01  0.2991E+02
  10.964  0.1593E+01  0.2992E+02
  10.969  0.1548E+01  0.2993E+02
  10.974  0.1497E+01  0.2993E+02
  10.979  0.1446E+01  0.2994E+02
  10.984  0.1399E+01  0.2995E+02
  10.989  0.1355E+01  0.2996E+02
  10.994  0.1313E+01  0.2996E+02
  10.999  0.1275E+01  0.2997E+02
  11.004  0.1240E+01  0.2998E+02
  11.009  0.1209E+01  0.2998E+02
  11.014  0.1180E+01  0.2999E+02
  11.019  0.1154E+01  0.2999E+02
  11.024  0.1132E+01  0.3000E+02
  11.029  0.1106E+01  0.3000E+02
  11.034  0.1085E+01  0.3001E+02
  11.039  0.1068E+01  0.3002E+02
  11.044  0.1049E+01  0.3002E+02
  11.049  0.1034E+01  0.3003E+02
  11.054  0.1022E+01  0.3003E+02
  11.059  0.1013E+01  0.3004E+02
  11.064  0.1006E+01  0.3004E+02
  11.069  0.1001E+01  0.3005E+02
  11.074  0.9952E+00  0.3005E+02
  11.079  0.9917E+00  0.3006E+02
  11.084  0.9887E+00  0.3006E+02
  11.089  0.9861E+00  0.3007E+02
  11.094  0.9837E+00  0.3007E+02
  11.099  0.9818E+00  0.3008E+02
  11.104  0.9802E+00  0.3008E+02
  11.109  0.9792E+00  0.3009E+02
  11.114  0.9786E+00  0.3009E+02
  11.119  0.9783E+00  0.3010E+02
  11.124  0.9783E+00  0.3010E+02
  11.129  0.9787E+00  0.3011E+02
  11.134  0.9853E+00  0.3011E+02
  11.139  0.9972E+00  0.3012E+02
  11.144  0.1006E+01  0.3012E+02
  11.149  0.1011E+01  0.3013E+02
  11.154  0.1013E+01  0.3013E+02
  11.159  0.1013E+01  0.3014E+02
  11.164  0.1009E+01  0.3014E+02
  11.169  0.1003E+01  0.3015E+02
  11.174  0.9931E+00  0.3015E+02
  11.179  0.9803E+00  0.3016E+02
  11.184  0.9738E+00  0.3016E+02
  11.189  0.9778E+00  0.3017E+02
  11.194  0.9805E+00  0.3017E+02
  11.199  0.9811E+00  0.3017E+02
  11.204  0.9938E+00  0.3018E+02
  11.209  0.1000E+01  0.3018E+02
  11.214  0.9978E+00  0.3019E+02
  11.219  0.9950E+00  0.3019E+02
  11.224  0.1001E+01  0.3020E+02
  11.229  0.1005E+01  0.3020E+02
  11.234  0.1006E+01  0.3021E+02
  11.239  0.1009E+01  0.3021E+02
  11.244  0.1014E+01  0.3022E+02
  11.249  0.1021E+01  0.3022E+02
  11.254  0.1030E+01  0.3023E+02
  11.259  0.1040E+01  0.3024E+02
  11.264  0.1053E+01  0.3024E+02
  11.269  0.1067E+01  0.3025E+02
  11.274  0.1083E+01  0.3025E+02
  11.279  0.1100E+01  0.3026E+02
  11.284  0.1121E+01  0.3026E+02
  11.289  0.1146E+01  0.3027E+02
  11.294  0.1177E+01  0.3027E+02
  11.299  0.1213E+01  0.3028E+02
  11.304  0.1263E+01  0.3029E+02
  11.309  0.1318E+01  0.3029E+02
  11.314  0.1364E+01  0.3030E+02
  11.319  0.1409E+01  0.3031E+02
  11.324  0.1454E+01  0.3031E+02
  11.329  0.1500E+01  0.3032E+02
  11.334  0.1548E+01  0.3033E+02
  11.339  0.1598E+01  0.3034E+02
  11.344  0.1650E+01  0.3034E+02
  11.349  0.1703E+01  0.3035E+02
  11.354  0.1774E+01  0.3036E+02
  11.359  0.1852E+01  0.3037E+02
  11.364  0.1925E+01  0.3038E+02
  11.369  0.1991E+01  0.3039E+02
  11.374  0.2051E+01  0.3040E+02
  11.379  0.2109E+01  0.3041E+02
  11.384  0.2162E+01  0.3042E+02
  11.389  0.2213E+01  0.3043E+02
  11.394  0.2266E+01  0.3044E+02
  11.399  0.2320E+01  0.3045E+02
  11.404  0.2362E+01  0.3047E+02
  11.409  0.2393E+01  0.3048E+02
  11.414  0.2418E+01  0.3049E+02
  11.419  0.2438E+01  0.3050E+02
  11.424  0.2462E+01  0.3051E+02
  11.429  0.2485E+01  0.3053E+02
  11.434  0.2511E+01  0.3054E+02
  11.439  0.2539E+01  0.3055E+02
  11.444  0.2567E+01  0.3056E+02
  11.449  0.2594E+01  0.3058E+02
  11.454  0.2620E+01  0.3059E+02
  11.459  0.2647E+01  0.3060E+02
  11.464  0.2674E+01  0.3062E+02
  11.469  0.2709E+01  0.3063E+02
  11.474  0.2723E+01  0.3064E+02
  11.479  0.2736E+01  0.3066E+02
  11.484  0.2745E+01  0.3067E+02
  11.489  0.2759E+01  0.3069E+02
  11.494  0.2781E+01  0.3070E+02
  11.499  0.2801E+01  0.3071E+02
  11.504  0.2821E+01  0.3073E+02
  11.509  0.2837E+01  0.3074E+02
  11.514  0.2852E+01  0.3076E+02
  11.519  0.2865E+01  0.3077E+02
  11.524  0.2876E+01  0.3078E+02
  11.529  0.2885E+01  0.3080E+02
  11.534  0.2892E+01  0.3081E+02
  11.539  0.2898E+01  0.3083E+02
  11.544  0.2902E+01  0.3084E+02
  11.549  0.2904E+01  0.3086E+02
  11.554  0.2905E+01  0.3087E+02
  11.559  0.2904E+01  0.3089E+02
  11.564  0.2902E+01  0.3090E+02
  11.569  0.2911E+01  0.3091E+02
  11.574  0.2915E+01  0.3093E+02
  11.579  0.2915E+01  0.3094E+02
  11.584  0.2911E+01  0.3096E+02
  11.589  0.2902E+01  0.3097E+02
  11.594  0.2889E+01  0.3099E+02
  11.599  0.2837E+01  0.3100E+02
  11.604  0.2828E+01  0.3102E+02
  11.609  0.2816E+01  0.3103E+02
  11.614  0.2803E+01  0.3104E+02
  11.619  0.2791E+01  0.3106E+02
  11.624  0.2801E+01  0.3107E+02
  11.629  0.2788E+01  0.3109E+02
  11.634  0.2771E+01  0.3110E+02
  11.639  0.2755E+01  0.3111E+02
  11.644  0.2740E+01  0.3113E+02
  11.649  0.2726E+01  0.3114E+02
  11.654  0.2708E+01  0.3115E+02
  11.659  0.2689E+01  0.3117E+02
  11.664  0.2667E+01  0.3118E+02
  11.669  0.2643E+01  0.3119E+02
  11.674  0.2617E+01  0.3121E+02
  11.679  0.2593E+01  0.3122E+02
  11.684  0.2570E+01  0.3123E+02
  11.689  0.2549E+01  0.3125E+02
  11.694  0.2529E+01  0.3126E+02
  11.699  0.2511E+01  0.3127E+02
  11.704  0.2494E+01  0.3128E+02
  11.709  0.2480E+01  0.3130E+02
  11.714  0.2467E+01  0.3131E+02
  11.719  0.2454E+01  0.3132E+02
  11.724  0.2442E+01  0.3133E+02
  11.729  0.2431E+01  0.3135E+02
  11.734  0.2420E+01  0.3136E+02
  11.739  0.2409E+01  0.3137E+02
  11.744  0.2399E+01  0.3138E+02
  11.749  0.2381E+01  0.3139E+02
  11.754  0.2364E+01  0.3141E+02
  11.759  0.2347E+01  0.3142E+02
  11.764  0.2330E+01  0.3143E+02
  11.769  0.2313E+01  0.3144E+02
  11.774  0.2297E+01  0.3145E+02
  11.779  0.2281E+01  0.3146E+02
  11.784  0.2265E+01  0.3148E+02
  11.789  0.2250E+01  0.3149E+02
  11.794  0.2235E+01  0.3150E+02
  11.799  0.2219E+01  0.3151E+02
  11.804  0.2202E+01  0.3152E+02
  11.809  0.2183E+01  0.3153E+02
  11.814  0.2163E+01  0.3154E+02
  11.819  0.2140E+01  0.3155E+02
  11.824  0.2116E+01  0.3156E+02
  11.829  0.2090E+01  0.3157E+02
  11.834  0.2063E+01  0.3158E+02
  11.839  0.2033E+01  0.3159E+02
  11.844  0.2008E+01  0.3160E+02
  11.849  0.1987E+01  0.3161E+02
  11.854  0.1966E+01  0.3162E+02
  11.859  0.1947E+01  0.3163E+02
  11.864  0.1929E+01  0.3164E+02
  11.869  0.1910E+01  0.3165E+02
  11.874  0.1891E+01  0.3166E+02
  11.879  0.1872E+01  0.3167E+02
  11.884  0.1853E+01  0.3168E+02
  11.889  0.1835E+01  0.3169E+02
  11.894  0.1816E+01  0.3170E+02
  11.899  0.1797E+01  0.3171E+02
  11.904  0.1778E+01  0.3172E+02
  11.909  0.1759E+01  0.3173E+02
  11.914  0.1740E+01  0.3174E+02
  11.919  0.1720E+01  0.3174E+02
  11.924  0.1698E+01  0.3175E+02
  11.929  0.1678E+01  0.3176E+02
  11.934  0.1660E+01  0.3177E+02
  11.939  0.1642E+01  0.3178E+02
  11.944  0.1625E+01  0.3179E+02
  11.949  0.1609E+01  0.3179E+02
  11.954  0.1591E+01  0.3180E+02
  11.959  0.1572E+01  0.3181E+02
  11.964  0.1554E+01  0.3182E+02
  11.969  0.1537E+01  0.3183E+02
  11.974  0.1524E+01  0.3183E+02
  11.979  0.1514E+01  0.3184E+02
  11.984  0.1506E+01  0.3185E+02
  11.989  0.1497E+01  0.3186E+02
  11.994  0.1489E+01  0.3186E+02
  11.999  0.1482E+01  0.3187E+02
  12.004  0.1475E+01  0.3188E+02
  12.009  0.1467E+01  0.3189E+02
  12.014  0.1460E+01  0.3189E+02
  12.019  0.1453E+01  0.3190E+02
  12.024  0.1446E+01  0.3191E+02
  12.029  0.1439E+01  0.3191E+02
  12.034  0.1432E+01  0.3192E+02
  12.039  0.1425E+01  0.3193E+02
  12.044  0.1418E+01  0.3194E+02
  12.049  0.1411E+01  0.3194E+02
  12.054  0.1404E+01  0.3195E+02
  12.059  0.1397E+01  0.3196E+02
  12.064  0.1390E+01  0.3196E+02
  12.069  0.1384E+01  0.3197E+02
  12.074  0.1377E+01  0.3198E+02
  12.079  0.1371E+01  0.3198E+02
  12.084  0.1528E+01  0.3199E+02
  12.089  0.1335E+01  0.3200E+02
  12.094  0.1330E+01  0.3201E+02
  12.099  0.1325E+01  0.3201E+02
  12.104  0.1320E+01  0.3202E+02
  12.109  0.1316E+01  0.3203E+02
  12.114  0.1311E+01  0.3203E+02
  12.119  0.1307E+01  0.3204E+02
  12.124  0.1302E+01  0.3204E+02
  12.129  0.1298E+01  0.3205E+02
  12.134  0.1294E+01  0.3206E+02
  12.139  0.1290E+01  0.3206E+02
  12.144  0.1286E+01  0.3207E+02
  12.149  0.1282E+01  0.3208E+02
  12.154  0.1279E+01  0.3208E+02
  12.159  0.1275E+01  0.3209E+02
  12.164  0.1271E+01  0.3210E+02
  12.169  0.1267E+01  0.3210E+02
  12.174  0.1264E+01  0.3211E+02
  12.179  0.1260E+01  0.3212E+02
  12.184  0.1257E+01  0.3212E+02
  12.189  0.1254E+01  0.3213E+02
  12.194  0.1251E+01  0.3213E+02
  12.199  0.1248E+01  0.3214E+02
  12.204  0.1245E+01  0.3215E+02
  12.209  0.1242E+01  0.3215E+02
  12.214  0.1240E+01  0.3216E+02
  12.219  0.1237E+01  0.3217E+02
  12.224  0.1235E+01  0.3217E+02
  12.229  0.1233E+01  0.3218E+02
  12.234  0.1231E+01  0.3218E+02
  12.239  0.1229E+01  0.3219E+02
  12.244  0.1227E+01  0.3220E+02
  12.249  0.1225E+01  0.3220E+02
  12.254  0.1223E+01  0.3221E+02
  12.259  0.1222E+01  0.3221E+02
  12.264  0.1221E+01  0.3222E+02
  12.269  0.1219E+01  0.3223E+02
  12.274  0.1219E+01  0.3223E+02
  12.279  0.1218E+01  0.3224E+02
  12.284  0.1217E+01  0.3224E+02
  12.289  0.1217E+01  0.3225E+02
  12.294  0.1217E+01  0.3226E+02
  12.299  0.1216E+01  0.3226E+02
  12.304  0.1216E+01  0.3227E+02
  12.309  0.1216E+01  0.3228E+02
  12.314  0.1216E+01  0.3228E+02
  12.319  0.1217E+01  0.3229E+02
  12.324  0.1217E+01  0.3229E+02
  12.329  0.1218E+01  0.3230E+02
  12.334  0.1221E+01  0.3231E+02
  12.339  0.1225E+01  0.3231E+02
  12.344  0.1230E+01  0.3232E+02
  12.349  0.1237E+01  0.3232E+02
  12.354  0.1245E+01  0.3233E+02
  12.359  0.1251E+01  0.3234E+02
  12.364  0.1252E+01  0.3234E+02
  12.369  0.1254E+01  0.3235E+02
  12.374  0.1256E+01  0.3236E+02
  12.379  0.1258E+01  0.3236E+02
  12.384  0.1261E+01  0.3237E+02
  12.389  0.1264E+01  0.3237E+02
  12.394  0.1261E+01  0.3238E+02
  12.399  0.1250E+01  0.3239E+02
  12.404  0.1236E+01  0.3239E+02
  12.409  0.1222E+01  0.3240E+02
  12.414  0.1221E+01  0.3241E+02
  12.419  0.1223E+01  0.3241E+02
  12.424  0.1225E+01  0.3242E+02
  12.429  0.1227E+01  0.3242E+02
  12.434  0.1229E+01  0.3243E+02
  12.439  0.1232E+01  0.3244E+02
  12.444  0.1234E+01  0.3244E+02
  12.449  0.1237E+01  0.3245E+02
  12.454  0.1240E+01  0.3245E+02
  12.459  0.1242E+01  0.3246E+02
  12.464  0.1245E+01  0.3247E+02
  12.469  0.1247E+01  0.3247E+02
  12.474  0.1249E+01  0.3248E+02
  12.479  0.1250E+01  0.3249E+02
  12.484  0.1251E+01  0.3249E+02
  12.489  0.1251E+01  0.3250E+02
  12.494  0.1250E+01  0.3250E+02
  12.499  0.1249E+01  0.3251E+02
  12.504  0.1248E+01  0.3252E+02
  12.509  0.1248E+01  0.3252E+02
  12.514  0.1248E+01  0.3253E+02
  12.519  0.1248E+01  0.3254E+02
  12.524  0.1248E+01  0.3254E+02
  12.529  0.1249E+01  0.3255E+02
  12.534  0.1250E+01  0.3255E+02
  12.539  0.1252E+01  0.3256E+02
  12.544  0.1254E+01  0.3257E+02
  12.549  0.1253E+01  0.3257E+02
  12.554  0.1267E+01  0.3258E+02
  12.559  0.1282E+01  0.3259E+02
  12.564  0.1290E+01  0.3259E+02
  12.569  0.1292E+01  0.3260E+02
  12.574  0.1286E+01  0.3260E+02
  12.579  0.1292E+01  0.3261E+02
  12.584  0.1298E+01  0.3262E+02
  12.589  0.1305E+01  0.3262E+02
  12.594  0.1313E+01  0.3263E+02
  12.599  0.1320E+01  0.3264E+02
  12.604  0.1328E+01  0.3264E+02
  12.609  0.1335E+01  0.3265E+02
  12.614  0.1343E+01  0.3266E+02
  12.619  0.1351E+01  0.3266E+02
  12.624  0.1360E+01  0.3267E+02
  12.629  0.1368E+01  0.3268E+02
  12.634  0.1376E+01  0.3268E+02
  12.639  0.1385E+01  0.3269E+02
  12.644  0.1394E+01  0.3270E+02
  12.649  0.1402E+01  0.3271E+02
  12.654  0.1411E+01  0.3271E+02
  12.659  0.1420E+01  0.3272E+02
  12.664  0.1430E+01  0.3273E+02
  12.669  0.1439E+01  0.3273E+02
  12.674  0.1449E+01  0.3274E+02
  12.679  0.1458E+01  0.3275E+02
  12.684  0.1467E+01  0.3276E+02
  12.689  0.1475E+01  0.3276E+02
  12.694  0.1482E+01  0.3277E+02
  12.699  0.1489E+01  0.3278E+02
  12.704  0.1496E+01  0.3279E+02
  12.709  0.1503E+01  0.3279E+02
  12.714  0.1510E+01  0.3280E+02
  12.719  0.1517E+01  0.3281E+02
  12.724  0.1524E+01  0.3282E+02
  12.729  0.1530E+01  0.3282E+02
  12.734  0.1555E+01  0.3283E+02
  12.739  0.1576E+01  0.3284E+02
  12.744  0.1589E+01  0.3285E+02
  12.749  0.1596E+01  0.3285E+02
  12.754  0.1595E+01  0.3286E+02
  12.759  0.1588E+01  0.3287E+02
  12.764  0.1575E+01  0.3288E+02
  12.769  0.1559E+01  0.3289E+02
  12.774  0.1547E+01  0.3289E+02
  12.779  0.1538E+01  0.3290E+02
  12.784  0.1531E+01  0.3291E+02
  12.789  0.1525E+01  0.3292E+02
  12.794  0.1520E+01  0.3292E+02
  12.799  0.1516E+01  0.3293E+02
  12.804  0.1513E+01  0.3294E+02
  12.809  0.1511E+01  0.3295E+02
  12.814  0.1510E+01  0.3295E+02
  12.819  0.1511E+01  0.3296E+02
  12.824  0.1511E+01  0.3297E+02
  12.829  0.1505E+01  0.3298E+02
  12.834  0.1499E+01  0.3299E+02
  12.839  0.1491E+01  0.3299E+02
  12.844  0.1483E+01  0.3300E+02
  12.849  0.1474E+01  0.3301E+02
  12.854  0.1463E+01  0.3301E+02
  12.859  0.1453E+01  0.3302E+02
  12.864  0.1441E+01  0.3303E+02
  12.869  0.1429E+01  0.3304E+02
  12.874  0.1417E+01  0.3304E+02
  12.879  0.1404E+01  0.3305E+02
  12.884  0.1392E+01  0.3306E+02
  12.889  0.1379E+01  0.3306E+02
  12.894  0.1367E+01  0.3307E+02
  12.899  0.1353E+01  0.3308E+02
  12.904  0.1340E+01  0.3308E+02
  12.909  0.1326E+01  0.3309E+02
  12.914  0.1313E+01  0.3310E+02
  12.919  0.1302E+01  0.3310E+02
  12.924  0.1293E+01  0.3311E+02
  12.929  0.1285E+01  0.3312E+02
  12.934  0.1278E+01  0.3312E+02
  12.939  0.1273E+01  0.3313E+02
  12.944  0.1270E+01  0.3314E+02
  12.949  0.1268E+01  0.3314E+02
  12.954  0.1268E+01  0.3315E+02
  12.959  0.1270E+01  0.3316E+02
  12.964  0.1273E+01  0.3316E+02
  12.969  0.1279E+01  0.3317E+02
  12.974  0.1286E+01  0.3318E+02
  12.979  0.1294E+01  0.3318E+02
  12.984  0.1302E+01  0.3319E+02
  12.989  0.1312E+01  0.3319E+02
  12.994  0.1322E+01  0.3320E+02
  12.999  0.1343E+01  0.3321E+02
  13.004  0.1368E+01  0.3321E+02
  13.009  0.1396E+01  0.3322E+02
  13.014  0.1428E+01  0.3323E+02
  13.019  0.1425E+01  0.3324E+02
  13.024  0.1454E+01  0.3324E+02
  13.029  0.1448E+01  0.3325E+02
  13.034  0.1455E+01  0.3326E+02
  13.039  0.1456E+01  0.3327E+02
  13.044  0.1451E+01  0.3327E+02
  13.049  0.1441E+01  0.3328E+02
  13.054  0.1433E+01  0.3329E+02
  13.059  0.1427E+01  0.3329E+02
  13.064  0.1423E+01  0.3330E+02
  13.069  0.1421E+01  0.3331E+02
  13.074  0.1421E+01  0.3332E+02
  13.079  0.1423E+01  0.3332E+02
  13.084  0.1425E+01  0.3333E+02
  13.089  0.1428E+01  0.3334E+02
  13.094  0.1433E+01  0.3334E+02
  13.099  0.1438E+01  0.3335E+02
  13.104  0.1443E+01  0.3336E+02
  13.109  0.1448E+01  0.3337E+02
  13.114  0.1453E+01  0.3337E+02
  13.119  0.1457E+01  0.3338E+02
  13.124  0.1461E+01  0.3339E+02
  13.129  0.1464E+01  0.3339E+02
  13.134  0.1467E+01  0.3340E+02
  13.139  0.1469E+01  0.3341E+02
  13.144  0.1471E+01  0.3342E+02
  13.149  0.1473E+01  0.3342E+02
  13.154  0.1474E+01  0.3343E+02
  13.159  0.1476E+01  0.3344E+02
  13.164  0.1478E+01  0.3345E+02
  13.169  0.1494E+01  0.3345E+02
  13.174  0.1507E+01  0.3346E+02
  13.179  0.1515E+01  0.3347E+02
  13.184  0.1518E+01  0.3348E+02
  13.189  0.1514E+01  0.3348E+02
  13.194  0.1497E+01  0.3349E+02
  13.199  0.1475E+01  0.3350E+02
  13.204  0.1464E+01  0.3351E+02
  13.209  0.1452E+01  0.3351E+02
  13.214  0.1438E+01  0.3352E+02
  13.219  0.1424E+01  0.3353E+02
  13.224  0.1404E+01  0.3353E+02
  13.229  0.1383E+01  0.3354E+02
  13.234  0.1363E+01  0.3355E+02
  13.239  0.1343E+01  0.3356E+02
  13.244  0.1322E+01  0.3356E+02
  13.249  0.1301E+01  0.3357E+02
  13.254  0.1281E+01  0.3358E+02
  13.259  0.1260E+01  0.3358E+02
  13.264  0.1238E+01  0.3359E+02
  13.269  0.1217E+01  0.3359E+02
  13.274  0.1195E+01  0.3360E+02
  13.279  0.1174E+01  0.3361E+02
  13.284  0.1152E+01  0.3361E+02
  13.289  0.1129E+01  0.3362E+02
  13.294  0.1107E+01  0.3362E+02
  13.299  0.1084E+01  0.3363E+02
  13.304  0.1061E+01  0.3363E+02
  13.309  0.1038E+01  0.3364E+02
  13.314  0.1014E+01  0.3364E+02
  13.319  0.9901E+00  0.3365E+02
  13.324  0.9658E+00  0.3365E+02
  13.329  0.9362E+00  0.3366E+02
  13.334  0.9060E+00  0.3366E+02
  13.339  0.8795E+00  0.3367E+02
  13.344  0.8583E+00  0.3367E+02
  13.349  0.8474E+00  0.3368E+02
  13.354  0.8369E+00  0.3368E+02
  13.359  0.8267E+00  0.3368E+02
  13.364  0.8165E+00  0.3369E+02
  13.369  0.8064E+00  0.3369E+02
  13.374  0.7965E+00  0.3370E+02
  13.379  0.7866E+00  0.3370E+02
  13.384  0.7769E+00  0.3370E+02
  13.389  0.7673E+00  0.3371E+02
  13.394  0.7578E+00  0.3371E+02
  13.399  0.7484E+00  0.3372E+02
  13.404  0.7392E+00  0.3372E+02
  13.409  0.7300E+00  0.3372E+02
  13.414  0.7210E+00  0.3373E+02
  13.419  0.7121E+00  0.3373E+02
  13.424  0.7033E+00  0.3373E+02
  13.429  0.6946E+00  0.3374E+02
  13.434  0.6860E+00  0.3374E+02
  13.439  0.6776E+00  0.3374E+02
  13.444  0.6692E+00  0.3375E+02
  13.449  0.6610E+00  0.3375E+02
  13.454  0.6513E+00  0.3375E+02
  13.459  0.6442E+00  0.3376E+02
  13.464  0.6373E+00  0.3376E+02
  13.469  0.6306E+00  0.3376E+02
  13.474  0.6240E+00  0.3377E+02
  13.479  0.6176E+00  0.3377E+02
  13.484  0.6113E+00  0.3377E+02
  13.489  0.6051E+00  0.3378E+02
  13.494  0.5992E+00  0.3378E+02
  13.499  0.5933E+00  0.3378E+02
  13.504  0.5875E+00  0.3379E+02
  13.509  0.5819E+00  0.3379E+02
  13.514  0.5764E+00  0.3379E+02
  13.519  0.5710E+00  0.3379E+02
  13.524  0.5658E+00  0.3380E+02
  13.529  0.5607E+00  0.3380E+02
  13.534  0.5557E+00  0.3380E+02
  13.539  0.5508E+00  0.3381E+02
  13.544  0.5460E+00  0.3381E+02
  13.549  0.5414E+00  0.3381E+02
  13.554  0.5375E+00  0.3381E+02
  13.559  0.5347E+00  0.3382E+02
  13.564  0.5310E+00  0.3382E+02
  13.569  0.5264E+00  0.3382E+02
  13.574  0.5210E+00  0.3382E+02
  13.579  0.5146E+00  0.3383E+02
  13.584  0.5074E+00  0.3383E+02
  13.589  0.5009E+00  0.3383E+02
  13.594  0.4968E+00  0.3383E+02
  13.599  0.4927E+00  0.3384E+02
  13.604  0.4885E+00  0.3384E+02
  13.609  0.4844E+00  0.3384E+02
  13.614  0.4802E+00  0.3384E+02
  13.619  0.4760E+00  0.3385E+02
  13.624  0.4718E+00  0.3385E+02
  13.629  0.4675E+00  0.3385E+02
  13.634  0.4633E+00  0.3385E+02
  13.639  0.4590E+00  0.3386E+02
  13.644  0.4547E+00  0.3386E+02
  13.649  0.4504E+00  0.3386E+02
  13.654  0.4460E+00  0.3386E+02
  13.659  0.4416E+00  0.3386E+02
  13.664  0.4372E+00  0.3387E+02
  13.669  0.4328E+00  0.3387E+02
  13.674  0.4284E+00  0.3387E+02
  13.679  0.4239E+00  0.3387E+02
  13.684  0.4195E+00  0.3388E+02
  13.689  0.4353E+00  0.3388E+02
  13.694  0.4270E+00  0.3388E+02
  13.699  0.4199E+00  0.3388E+02
  13.704  0.4199E+00  0.3388E+02
  13.709  0.4189E+00  0.3389E+02
  13.714  0.4170E+00  0.3389E+02
  13.719  0.4142E+00  0.3389E+02
  13.724  0.4104E+00  0.3389E+02
  13.729  0.4057E+00  0.3389E+02
  13.734  0.4001E+00  0.3390E+02
  13.739  0.3936E+00  0.3390E+02
  13.744  0.3862E+00  0.3390E+02
  13.749  0.3766E+00  0.3390E+02
  13.754  0.3591E+00  0.3390E+02
  13.759  0.3373E+00  0.3391E+02
  13.764  0.3215E+00  0.3391E+02
  13.769  0.3072E+00  0.3391E+02
  13.774  0.2943E+00  0.3391E+02
  13.779  0.2828E+00  0.3391E+02
  13.784  0.2727E+00  0.3391E+02
  13.789  0.2640E+00  0.3391E+02
  13.794  0.2567E+00  0.3392E+02
  13.799  0.2508E+00  0.3392E+02
  13.804  0.2463E+00  0.3392E+02
  13.809  0.2425E+00  0.3392E+02
  13.814  0.2391E+00  0.3392E+02
  13.819  0.2362E+00  0.3392E+02
  13.824  0.2333E+00  0.3392E+02
  13.829  0.2304E+00  0.3392E+02
  13.834  0.2275E+00  0.3393E+02
  13.839  0.2247E+00  0.3393E+02
  13.844  0.2219E+00  0.3393E+02
  13.849  0.2191E+00  0.3393E+02
  13.854  0.2164E+00  0.3393E+02
  13.859  0.2137E+00  0.3393E+02
  13.864  0.2111E+00  0.3393E+02
  13.869  0.2084E+00  0.3393E+02
  13.874  0.2059E+00  0.3393E+02
  13.879  0.2033E+00  0.3394E+02
  13.884  0.2008E+00  0.3394E+02
  13.889  0.1983E+00  0.3394E+02
  13.894  0.1958E+00  0.3394E+02
  13.899  0.1934E+00  0.3394E+02
  13.904  0.1910E+00  0.3394E+02
  13.909  0.1886E+00  0.3394E+02
  13.914  0.1863E+00  0.3394E+02
  13.919  0.1840E+00  0.3394E+02
  13.924  0.1817E+00  0.3394E+02
  13.929  0.1795E+00  0.3395E+02
  13.934  0.1773E+00  0.3395E+02
  13.939  0.1751E+00  0.3395E+02
  13.944  0.1729E+00  0.3395E+02
  13.949  0.1708E+00  0.3395E+02
  13.954  0.1688E+00  0.3395E+02
  13.959  0.1667E+00  0.3395E+02
  13.964  0.1647E+00  0.3395E+02
  13.969  0.1627E+00  0.3395E+02
  13.974  0.1608E+00  0.3395E+02
  13.979  0.1589E+00  0.3395E+02
  13.984  0.1570E+00  0.3395E+02
  13.989  0.1552E+00  0.3396E+02
  13.994  0.1534E+00  0.3396E+02
  13.999  0.1516E+00  0.3396E+02
  14.004  0.1498E+00  0.3396E+02
  14.009  0.1481E+00  0.3396E+02
  14.014  0.1464E+00  0.3396E+02
  14.019  0.1448E+00  0.3396E+02
  14.024  0.1432E+00  0.3396E+02
  14.029  0.1416E+00  0.3396E+02
  14.034  0.1400E+00  0.3396E+02
  14.039  0.1385E+00  0.3396E+02
  14.044  0.1370E+00  0.3396E+02
  14.049  0.1356E+00  0.3396E+02
  14.054  0.1341E+00  0.3396E+02
  14.059  0.1327E+00  0.3397E+02
  14.064  0.1314E+00  0.3397E+02
  14.069  0.1300E+00  0.3397E+02
  14.074  0.1287E+00  0.3397E+02
  14.079  0.1274E+00  0.3397E+02
  14.084  0.1261E+00  0.3397E+02
  14.089  0.1249E+00  0.3397E+02
  14.094  0.1236E+00  0.3397E+02
  14.099  0.1224E+00  0.3397E+02
  14.104  0.1212E+00  0.3397E+02
  14.109  0.1200E+00  0.3397E+02
  14.114  0.1189E+00  0.3397E+02
  14.119  0.1177E+00  0.3397E+02
  14.124  0.1165E+00  0.3397E+02
  14.129  0.1154E+00  0.3397E+02
  14.134  0.1142E+00  0.3397E+02
  14.139  0.1130E+00  0.3397E+02
  14.144  0.1119E+00  0.3398E+02
  14.149  0.1107E+00  0.3398E+02
  14.154  0.1096E+00  0.3398E+02
  14.159  0.1084E+00  0.3398E+02
  14.164  0.1073E+00  0.3398E+02
  14.169  0.1061E+00  0.3398E+02
  14.174  0.1050E+00  0.3398E+02
  14.179  0.1039E+00  0.3398E+02
  14.184  0.1027E+00  0.3398E+02
  14.189  0.1015E+00  0.3398E+02
  14.194  0.1003E+00  0.3398E+02
  14.199  0.9914E-01  0.3398E+02
  14.204  0.9796E-01  0.3398E+02
  14.209  0.9679E-01  0.3398E+02
  14.214  0.9562E-01  0.3398E+02
  14.219  0.9446E-01  0.3398E+02
  14.224  0.9331E-01  0.3398E+02
  14.229  0.9217E-01  0.3398E+02
  14.234  0.9103E-01  0.3398E+02
  14.239  0.8990E-01  0.3399E+02
  14.244  0.8878E-01  0.3399E+02
  14.249  0.8767E-01  0.3399E+02
  14.254  0.8656E-01  0.3399E+02
  14.259  0.8546E-01  0.3399E+02
  14.264  0.8436E-01  0.3399E+02
  14.269  0.8328E-01  0.3399E+02
  14.274  0.8220E-01  0.3399E+02
  14.279  0.8113E-01  0.3399E+02
  14.284  0.8006E-01  0.3399E+02
  14.289  0.7900E-01  0.3399E+02
  14.294  0.7795E-01  0.3399E+02
  14.299  0.7691E-01  0.3399E+02
  14.304  0.7587E-01  0.3399E+02
  14.309  0.7484E-01  0.3399E+02
  14.314  0.7382E-01  0.3399E+02
  14.319  0.7280E-01  0.3399E+02
  14.324  0.7179E-01  0.3399E+02
  14.329  0.7079E-01  0.3399E+02
  14.334  0.6979E-01  0.3399E+02
  14.339  0.6872E-01  0.3399E+02
  14.344  0.6743E-01  0.3399E+02
  14.349  0.6594E-01  0.3399E+02
  14.354  0.6422E-01  0.3399E+02
  14.359  0.6230E-01  0.3399E+02
  14.364  0.6017E-01  0.3399E+02
  14.369  0.5782E-01  0.3399E+02
  14.374  0.5526E-01  0.3400E+02
  14.379  0.5249E-01  0.3400E+02
  14.384  0.4950E-01  0.3400E+02
  14.389  0.4631E-01  0.3400E+02
  14.394  0.4290E-01  0.3400E+02
  14.399  0.3928E-01  0.3400E+02
  14.404  0.3544E-01  0.3400E+02
  14.409  0.3140E-01  0.3400E+02
  14.414  0.3033E-01  0.3400E+02
  14.419  0.2936E-01  0.3400E+02
  14.424  0.2841E-01  0.3400E+02
  14.429  0.2747E-01  0.3400E+02
  14.434  0.2655E-01  0.3400E+02
  14.439  0.2565E-01  0.3400E+02
  14.444  0.2476E-01  0.3400E+02
  14.449  0.2388E-01  0.3400E+02
  14.454  0.2303E-01  0.3400E+02
  14.459  0.2218E-01  0.3400E+02
  14.464  0.2136E-01  0.3400E+02
  14.469  0.2055E-01  0.3400E+02
  14.474  0.1975E-01  0.3400E+02
  14.479  0.1897E-01  0.3400E+02
  14.484  0.1821E-01  0.3400E+02
  14.489  0.1746E-01  0.3400E+02
  14.494  0.1673E-01  0.3400E+02
  14.499  0.1601E-01  0.3400E+02
  14.504  0.1531E-01  0.3400E+02
  14.509  0.1463E-01  0.3400E+02
  14.514  0.1396E-01  0.3400E+02
  14.519  0.1330E-01  0.3400E+02
  14.524  0.1267E-01  0.3400E+02
  14.529  0.1204E-01  0.3400E+02
  14.534  0.1144E-01  0.3400E+02
  14.539  0.1085E-01  0.3400E+02
  14.544  0.1027E-01  0.3400E+02
  14.549  0.9710E-02  0.3400E+02
  14.554  0.9166E-02  0.3400E+02
  14.559  0.8638E-02  0.3400E+02
  14.564  0.8125E-02  0.3400E+02
  14.569  0.7628E-02  0.3400E+02
  14.574  0.7147E-02  0.3400E+02
  14.579  0.6682E-02  0.3400E+02
  14.584  0.6232E-02  0.3400E+02
  14.589  0.5797E-02  0.3400E+02
  14.594  0.5379E-02  0.3400E+02
  14.599  0.4976E-02  0.3400E+02
  14.604  0.4589E-02  0.3400E+02
  14.609  0.4217E-02  0.3400E+02
  14.614  0.3861E-02  0.3400E+02
  14.619  0.3521E-02  0.3400E+02
  14.624  0.3197E-02  0.3400E+02
  14.629  0.2888E-02  0.3400E+02
  14.634  0.2595E-02  0.3400E+02
  14.639  0.2317E-02  0.3400E+02
  14.644  0.2056E-02  0.3400E+02
  14.649  0.1809E-02  0.3400E+02
  14.654  0.1579E-02  0.3400E+02
  14.659  0.1364E-02  0.3400E+02
  14.664  0.1165E-02  0.3400E+02
  14.669  0.9820E-03  0.3400E+02
  14.674  0.8143E-03  0.3400E+02
  14.679  0.6624E-03  0.3400E+02
  14.684  0.5261E-03  0.3400E+02
  14.689  0.4055E-03  0.3400E+02
  14.694  0.3005E-03  0.3400E+02
  14.699  0.2113E-03  0.3400E+02
  14.704  0.1377E-03  0.3400E+02
  14.709  0.7983E-04  0.3400E+02
  14.714  0.3764E-04  0.3400E+02
  14.719  0.1112E-04  0.3400E+02
  14.724  0.2855E-06  0.3400E+02
