#  E (eV)   dos(E)     Int dos(E) EFermi =    4.864 eV
  -6.432  0.0000E+00  0.0000E+00
  -6.427  0.1510E-01  0.2516E-04
  -6.422  0.6039E-01  0.2013E-03
  -6.417  0.1359E+00  0.6794E-03
  -6.412  0.4850E+00  0.2186E-02
  -6.407  0.3334E+00  0.4027E-02
  -6.402  0.3865E+00  0.5826E-02
  -6.397  0.4429E+00  0.7898E-02
  -6.392  0.5025E+00  0.1026E-01
  -6.387  0.5761E+00  0.1294E-01
  -6.382  0.6607E+00  0.1604E-01
  -6.377  0.7179E+00  0.1950E-01
  -6.372  0.7312E+00  0.2317E-01
  -6.367  0.7271E+00  0.2676E-01
  -6.362  0.7704E+00  0.3050E-01
  -6.357  0.8172E+00  0.3446E-01
  -6.352  0.8675E+00  0.3867E-01
  -6.347  0.9214E+00  0.4315E-01
  -6.342  0.9774E+00  0.4789E-01
  -6.337  0.1034E+01  0.5292E-01
  -6.332  0.1090E+01  0.5824E-01
  -6.327  0.1128E+01  0.6378E-01
  -6.322  0.1169E+01  0.6953E-01
  -6.317  0.1210E+01  0.7548E-01
  -6.312  0.1248E+01  0.8162E-01
  -6.307  0.1280E+01  0.8794E-01
  -6.302  0.1323E+01  0.9444E-01
  -6.297  0.1379E+01  0.1012E+00
  -6.292  0.1440E+01  0.1082E+00
  -6.287  0.1504E+01  0.1156E+00
  -6.282  0.1569E+01  0.1233E+00
  -6.277  0.1635E+01  0.1313E+00
  -6.272  0.1691E+01  0.1396E+00
  -6.267  0.1737E+01  0.1482E+00
  -6.262  0.1807E+01  0.1570E+00
  -6.257  0.1869E+01  0.1662E+00
  -6.252  0.1933E+01  0.1757E+00
  -6.247  0.1999E+01  0.1856E+00
  -6.242  0.2065E+01  0.1957E+00
  -6.237  0.2131E+01  0.2062E+00
  -6.232  0.2204E+01  0.2170E+00
  -6.227  0.2288E+01  0.2283E+00
  -6.222  0.2380E+01  0.2399E+00
  -6.217  0.2476E+01  0.2521E+00
  -6.212  0.2574E+01  0.2647E+00
  -6.207  0.2672E+01  0.2778E+00
  -6.202  0.2767E+01  0.2914E+00
  -6.197  0.2870E+01  0.3055E+00
  -6.192  0.2990E+01  0.3201E+00
  -6.187  0.3121E+01  0.3354E+00
  -6.182  0.3247E+01  0.3514E+00
  -6.177  0.3377E+01  0.3679E+00
  -6.172  0.3511E+01  0.3851E+00
  -6.167  0.3655E+01  0.4030E+00
  -6.162  0.3814E+01  0.4217E+00
  -6.157  0.3993E+01  0.4412E+00
  -6.152  0.4194E+01  0.4617E+00
  -6.147  0.4412E+01  0.4832E+00
  -6.142  0.4638E+01  0.5058E+00
  -6.137  0.4909E+01  0.5296E+00
  -6.132  0.5193E+01  0.5549E+00
  -6.127  0.5544E+01  0.5818E+00
  -6.122  0.5895E+01  0.6103E+00
  -6.117  0.6293E+01  0.6408E+00
  -6.112  0.6773E+01  0.6734E+00
  -6.107  0.7381E+01  0.7087E+00
  -6.102  0.8239E+01  0.7476E+00
  -6.097  0.9559E+01  0.7932E+00
  -6.092  0.1020E+02  0.8416E+00
  -6.087  0.1017E+02  0.8924E+00
  -6.082  0.1020E+02  0.9435E+00
  -6.077  0.1043E+02  0.9951E+00
  -6.072  0.1058E+02  0.1048E+01
  -6.067  0.1075E+02  0.1101E+01
  -6.062  0.1098E+02  0.1155E+01
  -6.057  0.1116E+02  0.1211E+01
  -6.052  0.1143E+02  0.1267E+01
  -6.047  0.1166E+02  0.1325E+01
  -6.042  0.1203E+02  0.1384E+01
  -6.037  0.1243E+02  0.1446E+01
  -6.032  0.1276E+02  0.1509E+01
  -6.027  0.1310E+02  0.1573E+01
  -6.022  0.1382E+02  0.1641E+01
  -6.017  0.1456E+02  0.1712E+01
  -6.012  0.1398E+02  0.1786E+01
  -6.007  0.1017E+02  0.1845E+01
  -6.002  0.8785E+01  0.1892E+01
  -5.997  0.9113E+01  0.1936E+01
  -5.992  0.8540E+01  0.1982E+01
  -5.987  0.3863E+00  0.2000E+01
  -5.982  0.0000E+00  0.2000E+01
  -5.977  0.0000E+00  0.2000E+01
  -5.972  0.0000E+00  0.2000E+01
  -5.967  0.0000E+00  0.2000E+01
  -5.962  0.0000E+00  0.2000E+01
  -5.957  0.0000E+00  0.2000E+01
  -5.952  0.0000E+00  0.2000E+01
  -5.947  0.0000E+00  0.2000E+01
  -5.942  0.0000E+00  0.2000E+01
  -5.937  0.0000E+00  0.2000E+01
  -5.932  0.0000E+00  0.2000E+01
  -5.927  0.0000E+00  0.2000E+01
  -5.922  0.0000E+00  0.2000E+01
  -5.917  0.0000E+00  0.2000E+01
  -5.912  0.0000E+00  0.2000E+01
  -5.907  0.0000E+00  0.2000E+01
  -5.902  0.0000E+00  0.2000E+01
  -5.897  0.0000E+00  0.2000E+01
  -5.892  0.0000E+00  0.2000E+01
  -5.887  0.0000E+00  0.2000E+01
  -5.882  0.0000E+00  0.2000E+01
  -5.877  0.0000E+00  0.2000E+01
  -5.872  0.0000E+00  0.2000E+01
  -5.867  0.0000E+00  0.2000E+01
  -5.862  0.0000E+00  0.2000E+01
  -5.857  0.0000E+00  0.2000E+01
  -5.852  0.0000E+00  0.2000E+01
  -5.847  0.0000E+00  0.2000E+01
  -5.842  0.0000E+00  0.2000E+01
  -5.837  0.0000E+00  0.2000E+01
  -5.832  0.0000E+00  0.2000E+01
  -5.827  0.0000E+00  0.2000E+01
  -5.822  0.0000E+00  0.2000E+01
  -5.817  0.0000E+00  0.2000E+01
  -5.812  0.0000E+00  0.2000E+01
  -5.807  0.0000E+00  0.2000E+01
  -5.802  0.0000E+00  0.2000E+01
  -5.797  0.0000E+00  0.2000E+01
  -5.792  0.0000E+00  0.2000E+01
  -5.787  0.0000E+00  0.2000E+01
  -5.782  0.0000E+00  0.2000E+01
  -5.777  0.0000E+00  0.2000E+01
  -5.772  0.0000E+00  0.2000E+01
  -5.767  0.0000E+00  0.2000E+01
  -5.762  0.0000E+00  0.2000E+01
  -5.757  0.0000E+00  0.2000E+01
  -5.752  0.0000E+00  0.2000E+01
  -5.747  0.0000E+00  0.2000E+01
  -5.742  0.0000E+00  0.2000E+01
  -5.737  0.0000E+00  0.2000E+01
  -5.732  0.0000E+00  0.2000E+01
  -5.727  0.0000E+00  0.2000E+01
  -5.722  0.0000E+00  0.2000E+01
  -5.717  0.0000E+00  0.2000E+01
  -5.712  0.0000E+00  0.2000E+01
  -5.707  0.0000E+00  0.2000E+01
  -5.702  0.0000E+00  0.2000E+01
  -5.697  0.0000E+00  0.2000E+01
  -5.692  0.0000E+00  0.2000E+01
  -5.687  0.0000E+00  0.2000E+01
  -5.682  0.0000E+00  0.2000E+01
  -5.677  0.0000E+00  0.2000E+01
  -5.672  0.0000E+00  0.2000E+01
  -5.667  0.0000E+00  0.2000E+01
  -5.662  0.0000E+00  0.2000E+01
  -5.657  0.0000E+00  0.2000E+01
  -5.652  0.0000E+00  0.2000E+01
  -5.647  0.0000E+00  0.2000E+01
  -5.642  0.0000E+00  0.2000E+01
  -5.637  0.0000E+00  0.2000E+01
  -5.632  0.0000E+00  0.2000E+01
  -5.627  0.0000E+00  0.2000E+01
  -5.622  0.0000E+00  0.2000E+01
  -5.617  0.0000E+00  0.2000E+01
  -5.612  0.0000E+00  0.2000E+01
  -5.607  0.0000E+00  0.2000E+01
  -5.602  0.0000E+00  0.2000E+01
  -5.597  0.0000E+00  0.2000E+01
  -5.592  0.0000E+00  0.2000E+01
  -5.587  0.0000E+00  0.2000E+01
  -5.582  0.0000E+00  0.2000E+01
  -5.577  0.0000E+00  0.2000E+01
  -5.572  0.0000E+00  0.2000E+01
  -5.567  0.0000E+00  0.2000E+01
  -5.562  0.0000E+00  0.2000E+01
  -5.557  0.0000E+00  0.2000E+01
  -5.552  0.0000E+00  0.2000E+01
  -5.547  0.0000E+00  0.2000E+01
  -5.542  0.0000E+00  0.2000E+01
  -5.537  0.0000E+00  0.2000E+01
  -5.532  0.0000E+00  0.2000E+01
  -5.527  0.0000E+00  0.2000E+01
  -5.522  0.0000E+00  0.2000E+01
  -5.517  0.0000E+00  0.2000E+01
  -5.512  0.0000E+00  0.2000E+01
  -5.507  0.0000E+00  0.2000E+01
  -5.502  0.0000E+00  0.2000E+01
  -5.497  0.0000E+00  0.2000E+01
  -5.492  0.0000E+00  0.2000E+01
  -5.487  0.0000E+00  0.2000E+01
  -5.482  0.0000E+00  0.2000E+01
  -5.477  0.0000E+00  0.2000E+01
  -5.472  0.0000E+00  0.2000E+01
  -5.467  0.0000E+00  0.2000E+01
  -5.462  0.0000E+00  0.2000E+01
  -5.457  0.0000E+00  0.2000E+01
  -5.452  0.0000E+00  0.2000E+01
  -5.447  0.0000E+00  0.2000E+01
  -5.442  0.0000E+00  0.2000E+01
  -5.437  0.0000E+00  0.2000E+01
  -5.432  0.0000E+00  0.2000E+01
  -5.427  0.0000E+00  0.2000E+01
  -5.422  0.0000E+00  0.2000E+01
  -5.417  0.0000E+00  0.2000E+01
  -5.412  0.0000E+00  0.2000E+01
  -5.407  0.0000E+00  0.2000E+01
  -5.402  0.0000E+00  0.2000E+01
  -5.397  0.0000E+00  0.2000E+01
  -5.392  0.0000E+00  0.2000E+01
  -5.387  0.0000E+00  0.2000E+01
  -5.382  0.0000E+00  0.2000E+01
  -5.377  0.0000E+00  0.2000E+01
  -5.372  0.0000E+00  0.2000E+01
  -5.367  0.0000E+00  0.2000E+01
  -5.362  0.0000E+00  0.2000E+01
  -5.357  0.0000E+00  0.2000E+01
  -5.352  0.0000E+00  0.2000E+01
  -5.347  0.0000E+00  0.2000E+01
  -5.342  0.0000E+00  0.2000E+01
  -5.337  0.0000E+00  0.2000E+01
  -5.332  0.0000E+00  0.2000E+01
  -5.327  0.0000E+00  0.2000E+01
  -5.322  0.0000E+00  0.2000E+01
  -5.317  0.0000E+00  0.2000E+01
  -5.312  0.0000E+00  0.2000E+01
  -5.307  0.0000E+00  0.2000E+01
  -5.302  0.0000E+00  0.2000E+01
  -5.297  0.0000E+00  0.2000E+01
  -5.292  0.0000E+00  0.2000E+01
  -5.287  0.0000E+00  0.2000E+01
  -5.282  0.0000E+00  0.2000E+01
  -5.277  0.0000E+00  0.2000E+01
  -5.272  0.0000E+00  0.2000E+01
  -5.267  0.0000E+00  0.2000E+01
  -5.262  0.0000E+00  0.2000E+01
  -5.257  0.0000E+00  0.2000E+01
  -5.252  0.0000E+00  0.2000E+01
  -5.247  0.0000E+00  0.2000E+01
  -5.242  0.0000E+00  0.2000E+01
  -5.237  0.0000E+00  0.2000E+01
  -5.232  0.0000E+00  0.2000E+01
  -5.227  0.0000E+00  0.2000E+01
  -5.222  0.0000E+00  0.2000E+01
  -5.217  0.0000E+00  0.2000E+01
  -5.212  0.0000E+00  0.2000E+01
  -5.207  0.0000E+00  0.2000E+01
  -5.202  0.0000E+00  0.2000E+01
  -5.197  0.0000E+00  0.2000E+01
  -5.192  0.0000E+00  0.2000E+01
  -5.187  0.0000E+00  0.2000E+01
  -5.182  0.0000E+00  0.2000E+01
  -5.177  0.0000E+00  0.2000E+01
  -5.172  0.0000E+00  0.2000E+01
  -5.167  0.0000E+00  0.2000E+01
  -5.162  0.0000E+00  0.2000E+01
  -5.157  0.0000E+00  0.2000E+01
  -5.152  0.0000E+00  0.2000E+01
  -5.147  0.0000E+00  0.2000E+01
  -5.142  0.0000E+00  0.2000E+01
  -5.137  0.0000E+00  0.2000E+01
  -5.132  0.0000E+00  0.2000E+01
  -5.127  0.0000E+00  0.2000E+01
  -5.122  0.0000E+00  0.2000E+01
  -5.117  0.0000E+00  0.2000E+01
  -5.112  0.0000E+00  0.2000E+01
  -5.107  0.0000E+00  0.2000E+01
  -5.102  0.0000E+00  0.2000E+01
  -5.097  0.0000E+00  0.2000E+01
  -5.092  0.0000E+00  0.2000E+01
  -5.087  0.0000E+00  0.2000E+01
  -5.082  0.0000E+00  0.2000E+01
  -5.077  0.0000E+00  0.2000E+01
  -5.072  0.0000E+00  0.2000E+01
  -5.067  0.0000E+00  0.2000E+01
  -5.062  0.0000E+00  0.2000E+01
  -5.057  0.0000E+00  0.2000E+01
  -5.052  0.0000E+00  0.2000E+01
  -5.047  0.0000E+00  0.2000E+01
  -5.042  0.0000E+00  0.2000E+01
  -5.037  0.0000E+00  0.2000E+01
  -5.032  0.0000E+00  0.2000E+01
  -5.027  0.0000E+00  0.2000E+01
  -5.022  0.0000E+00  0.2000E+01
  -5.017  0.0000E+00  0.2000E+01
  -5.012  0.0000E+00  0.2000E+01
  -5.007  0.0000E+00  0.2000E+01
  -5.002  0.0000E+00  0.2000E+01
  -4.997  0.0000E+00  0.2000E+01
  -4.992  0.0000E+00  0.2000E+01
  -4.987  0.0000E+00  0.2000E+01
  -4.982  0.0000E+00  0.2000E+01
  -4.977  0.0000E+00  0.2000E+01
  -4.972  0.0000E+00  0.2000E+01
  -4.967  0.0000E+00  0.2000E+01
  -4.962  0.0000E+00  0.2000E+01
  -4.957  0.0000E+00  0.2000E+01
  -4.952  0.0000E+00  0.2000E+01
  -4.947  0.0000E+00  0.2000E+01
  -4.942  0.0000E+00  0.2000E+01
  -4.937  0.0000E+00  0.2000E+01
  -4.932  0.0000E+00  0.2000E+01
  -4.927  0.0000E+00  0.2000E+01
  -4.922  0.0000E+00  0.2000E+01
  -4.917  0.0000E+00  0.2000E+01
  -4.912  0.0000E+00  0.2000E+01
  -4.907  0.0000E+00  0.2000E+01
  -4.902  0.0000E+00  0.2000E+01
  -4.897  0.0000E+00  0.2000E+01
  -4.892  0.0000E+00  0.2000E+01
  -4.887  0.0000E+00  0.2000E+01
  -4.882  0.0000E+00  0.2000E+01
  -4.877  0.0000E+00  0.2000E+01
  -4.872  0.0000E+00  0.2000E+01
  -4.867  0.0000E+00  0.2000E+01
  -4.862  0.0000E+00  0.2000E+01
  -4.857  0.0000E+00  0.2000E+01
  -4.852  0.0000E+00  0.2000E+01
  -4.847  0.0000E+00  0.2000E+01
  -4.842  0.0000E+00  0.2000E+01
  -4.837  0.0000E+00  0.2000E+01
  -4.832  0.0000E+00  0.2000E+01
  -4.827  0.0000E+00  0.2000E+01
  -4.822  0.0000E+00  0.2000E+01
  -4.817  0.0000E+00  0.2000E+01
  -4.812  0.0000E+00  0.2000E+01
  -4.807  0.0000E+00  0.2000E+01
  -4.802  0.0000E+00  0.2000E+01
  -4.797  0.0000E+00  0.2000E+01
  -4.792  0.0000E+00  0.2000E+01
  -4.787  0.0000E+00  0.2000E+01
  -4.782  0.0000E+00  0.2000E+01
  -4.777  0.0000E+00  0.2000E+01
  -4.772  0.0000E+00  0.2000E+01
  -4.767  0.0000E+00  0.2000E+01
  -4.762  0.0000E+00  0.2000E+01
  -4.757  0.0000E+00  0.2000E+01
  -4.752  0.0000E+00  0.2000E+01
  -4.747  0.0000E+00  0.2000E+01
  -4.742  0.0000E+00  0.2000E+01
  -4.737  0.0000E+00  0.2000E+01
  -4.732  0.0000E+00  0.2000E+01
  -4.727  0.0000E+00  0.2000E+01
  -4.722  0.0000E+00  0.2000E+01
  -4.717  0.0000E+00  0.2000E+01
  -4.712  0.0000E+00  0.2000E+01
  -4.707  0.0000E+00  0.2000E+01
  -4.702  0.0000E+00  0.2000E+01
  -4.697  0.0000E+00  0.2000E+01
  -4.692  0.0000E+00  0.2000E+01
  -4.687  0.0000E+00  0.2000E+01
  -4.682  0.0000E+00  0.2000E+01
  -4.677  0.0000E+00  0.2000E+01
  -4.672  0.0000E+00  0.2000E+01
  -4.667  0.0000E+00  0.2000E+01
  -4.662  0.0000E+00  0.2000E+01
  -4.657  0.0000E+00  0.2000E+01
  -4.652  0.0000E+00  0.2000E+01
  -4.647  0.0000E+00  0.2000E+01
  -4.642  0.0000E+00  0.2000E+01
  -4.637  0.0000E+00  0.2000E+01
  -4.632  0.0000E+00  0.2000E+01
  -4.627  0.0000E+00  0.2000E+01
  -4.622  0.0000E+00  0.2000E+01
  -4.617  0.0000E+00  0.2000E+01
  -4.612  0.0000E+00  0.2000E+01
  -4.607  0.0000E+00  0.2000E+01
  -4.602  0.0000E+00  0.2000E+01
  -4.597  0.0000E+00  0.2000E+01
  -4.592  0.0000E+00  0.2000E+01
  -4.587  0.0000E+00  0.2000E+01
  -4.582  0.0000E+00  0.2000E+01
  -4.577  0.0000E+00  0.2000E+01
  -4.572  0.0000E+00  0.2000E+01
  -4.567  0.0000E+00  0.2000E+01
  -4.562  0.0000E+00  0.2000E+01
  -4.557  0.0000E+00  0.2000E+01
  -4.552  0.0000E+00  0.2000E+01
  -4.547  0.0000E+00  0.2000E+01
  -4.542  0.0000E+00  0.2000E+01
  -4.537  0.0000E+00  0.2000E+01
  -4.532  0.0000E+00  0.2000E+01
  -4.527  0.0000E+00  0.2000E+01
  -4.522  0.0000E+00  0.2000E+01
  -4.517  0.0000E+00  0.2000E+01
  -4.512  0.0000E+00  0.2000E+01
  -4.507  0.0000E+00  0.2000E+01
  -4.502  0.0000E+00  0.2000E+01
  -4.497  0.0000E+00  0.2000E+01
  -4.492  0.0000E+00  0.2000E+01
  -4.487  0.0000E+00  0.2000E+01
  -4.482  0.0000E+00  0.2000E+01
  -4.477  0.0000E+00  0.2000E+01
  -4.472  0.0000E+00  0.2000E+01
  -4.467  0.0000E+00  0.2000E+01
  -4.462  0.0000E+00  0.2000E+01
  -4.457  0.0000E+00  0.2000E+01
  -4.452  0.0000E+00  0.2000E+01
  -4.447  0.0000E+00  0.2000E+01
  -4.442  0.0000E+00  0.2000E+01
  -4.437  0.0000E+00  0.2000E+01
  -4.432  0.0000E+00  0.2000E+01
  -4.427  0.0000E+00  0.2000E+01
  -4.422  0.0000E+00  0.2000E+01
  -4.417  0.0000E+00  0.2000E+01
  -4.412  0.0000E+00  0.2000E+01
  -4.407  0.0000E+00  0.2000E+01
  -4.402  0.0000E+00  0.2000E+01
  -4.397  0.0000E+00  0.2000E+01
  -4.392  0.0000E+00  0.2000E+01
  -4.387  0.0000E+00  0.2000E+01
  -4.382  0.0000E+00  0.2000E+01
  -4.377  0.0000E+00  0.2000E+01
  -4.372  0.0000E+00  0.2000E+01
  -4.367  0.0000E+00  0.2000E+01
  -4.362  0.0000E+00  0.2000E+01
  -4.357  0.0000E+00  0.2000E+01
  -4.352  0.0000E+00  0.2000E+01
  -4.347  0.0000E+00  0.2000E+01
  -4.342  0.0000E+00  0.2000E+01
  -4.337  0.0000E+00  0.2000E+01
  -4.332  0.0000E+00  0.2000E+01
  -4.327  0.0000E+00  0.2000E+01
  -4.322  0.0000E+00  0.2000E+01
  -4.317  0.0000E+00  0.2000E+01
  -4.312  0.0000E+00  0.2000E+01
  -4.307  0.0000E+00  0.2000E+01
  -4.302  0.0000E+00  0.2000E+01
  -4.297  0.0000E+00  0.2000E+01
  -4.292  0.0000E+00  0.2000E+01
  -4.287  0.0000E+00  0.2000E+01
  -4.282  0.0000E+00  0.2000E+01
  -4.277  0.0000E+00  0.2000E+01
  -4.272  0.0000E+00  0.2000E+01
  -4.267  0.0000E+00  0.2000E+01
  -4.262  0.0000E+00  0.2000E+01
  -4.257  0.0000E+00  0.2000E+01
  -4.252  0.0000E+00  0.2000E+01
  -4.247  0.0000E+00  0.2000E+01
  -4.242  0.0000E+00  0.2000E+01
  -4.237  0.0000E+00  0.2000E+01
  -4.232  0.0000E+00  0.2000E+01
  -4.227  0.0000E+00  0.2000E+01
  -4.222  0.0000E+00  0.2000E+01
  -4.217  0.0000E+00  0.2000E+01
  -4.212  0.0000E+00  0.2000E+01
  -4.207  0.0000E+00  0.2000E+01
  -4.202  0.0000E+00  0.2000E+01
  -4.197  0.0000E+00  0.2000E+01
  -4.192  0.0000E+00  0.2000E+01
  -4.187  0.0000E+00  0.2000E+01
  -4.182  0.0000E+00  0.2000E+01
  -4.177  0.0000E+00  0.2000E+01
  -4.172  0.0000E+00  0.2000E+01
  -4.167  0.0000E+00  0.2000E+01
  -4.162  0.0000E+00  0.2000E+01
  -4.157  0.0000E+00  0.2000E+01
  -4.152  0.0000E+00  0.2000E+01
  -4.147  0.0000E+00  0.2000E+01
  -4.142  0.0000E+00  0.2000E+01
  -4.137  0.0000E+00  0.2000E+01
  -4.132  0.0000E+00  0.2000E+01
  -4.127  0.0000E+00  0.2000E+01
  -4.122  0.0000E+00  0.2000E+01
  -4.117  0.0000E+00  0.2000E+01
  -4.112  0.0000E+00  0.2000E+01
  -4.107  0.0000E+00  0.2000E+01
  -4.102  0.0000E+00  0.2000E+01
  -4.097  0.0000E+00  0.2000E+01
  -4.092  0.0000E+00  0.2000E+01
  -4.087  0.0000E+00  0.2000E+01
  -4.082  0.0000E+00  0.2000E+01
  -4.077  0.0000E+00  0.2000E+01
  -4.072  0.0000E+00  0.2000E+01
  -4.067  0.0000E+00  0.2000E+01
  -4.062  0.0000E+00  0.2000E+01
  -4.057  0.0000E+00  0.2000E+01
  -4.052  0.0000E+00  0.2000E+01
  -4.047  0.0000E+00  0.2000E+01
  -4.042  0.0000E+00  0.2000E+01
  -4.037  0.0000E+00  0.2000E+01
  -4.032  0.0000E+00  0.2000E+01
  -4.027  0.6472E+01  0.2004E+01
  -4.022  0.9712E+01  0.2053E+01
  -4.017  0.1300E+02  0.2110E+01
  -4.012  0.1742E+02  0.2188E+01
  -4.007  0.2236E+02  0.2288E+01
  -4.002  0.3457E+02  0.2427E+01
  -3.997  0.3750E+02  0.2610E+01
  -3.992  0.3832E+02  0.2800E+01
  -3.987  0.4048E+02  0.2999E+01
  -3.982  0.4209E+02  0.3207E+01
  -3.977  0.4232E+02  0.3420E+01
  -3.972  0.2636E+02  0.3602E+01
  -3.967  0.1975E+02  0.3714E+01
  -3.962  0.1886E+02  0.3806E+01
  -3.957  0.1901E+02  0.3901E+01
  -3.952  0.1972E+02  0.4000E+01
  -3.947  0.1805E+02  0.4094E+01
  -3.942  0.3517E+01  0.4149E+01
  -3.937  0.3801E+01  0.4167E+01
  -3.932  0.4185E+01  0.4187E+01
  -3.927  0.4604E+01  0.4209E+01
  -3.922  0.5246E+01  0.4234E+01
  -3.917  0.5917E+01  0.4262E+01
  -3.912  0.7152E+01  0.4294E+01
  -3.907  0.1631E+02  0.4346E+01
  -3.902  0.2402E+02  0.4459E+01
  -3.897  0.2203E+02  0.4575E+01
  -3.892  0.2105E+02  0.4681E+01
  -3.887  0.1766E+02  0.4778E+01
  -3.882  0.1328E+02  0.4856E+01
  -3.877  0.1020E+02  0.4914E+01
  -3.872  0.8652E+01  0.4961E+01
  -3.867  0.7429E+01  0.5001E+01
  -3.862  0.6541E+01  0.5036E+01
  -3.857  0.5741E+01  0.5067E+01
  -3.852  0.4992E+01  0.5093E+01
  -3.847  0.4543E+01  0.5117E+01
  -3.842  0.4148E+01  0.5139E+01
  -3.837  0.3927E+01  0.5159E+01
  -3.832  0.3398E+01  0.5178E+01
  -3.827  0.3141E+01  0.5194E+01
  -3.822  0.3002E+01  0.5210E+01
  -3.817  0.2844E+01  0.5224E+01
  -3.812  0.2749E+01  0.5238E+01
  -3.807  0.2724E+01  0.5252E+01
  -3.802  0.2772E+01  0.5265E+01
  -3.797  0.2941E+01  0.5280E+01
  -3.792  0.3114E+01  0.5295E+01
  -3.787  0.3241E+01  0.5311E+01
  -3.782  0.3405E+01  0.5327E+01
  -3.777  0.3672E+01  0.5345E+01
  -3.772  0.3914E+01  0.5364E+01
  -3.767  0.4375E+01  0.5385E+01
  -3.762  0.4257E+01  0.5406E+01
  -3.757  0.4446E+01  0.5428E+01
  -3.752  0.4677E+01  0.5450E+01
  -3.747  0.4954E+01  0.5474E+01
  -3.742  0.5327E+01  0.5500E+01
  -3.737  0.5705E+01  0.5528E+01
  -3.732  0.5841E+01  0.5556E+01
  -3.727  0.6149E+01  0.5586E+01
  -3.722  0.6273E+01  0.5617E+01
  -3.717  0.6392E+01  0.5649E+01
  -3.712  0.6774E+01  0.5682E+01
  -3.707  0.7026E+01  0.5716E+01
  -3.702  0.7454E+01  0.5753E+01
  -3.697  0.7885E+01  0.5791E+01
  -3.692  0.8430E+01  0.5832E+01
  -3.687  0.8519E+01  0.5874E+01
  -3.682  0.8365E+01  0.5917E+01
  -3.677  0.6830E+01  0.5957E+01
  -3.672  0.3949E+01  0.5983E+01
  -3.667  0.1838E+01  0.5997E+01
  -3.662  0.0000E+00  0.6000E+01
  -3.657  0.0000E+00  0.6000E+01
  -3.652  0.0000E+00  0.6000E+01
  -3.647  0.0000E+00  0.6000E+01
  -3.642  0.0000E+00  0.6000E+01
  -3.637  0.0000E+00  0.6000E+01
  -3.632  0.0000E+00  0.6000E+01
  -3.627  0.0000E+00  0.6000E+01
  -3.622  0.0000E+00  0.6000E+01
  -3.617  0.0000E+00  0.6000E+01
  -3.612  0.0000E+00  0.6000E+01
  -3.607  0.0000E+00  0.6000E+01
  -3.602  0.0000E+00  0.6000E+01
  -3.597  0.0000E+00  0.6000E+01
  -3.592  0.0000E+00  0.6000E+01
  -3.587  0.0000E+00  0.6000E+01
  -3.582  0.0000E+00  0.6000E+01
  -3.577  0.0000E+00  0.6000E+01
  -3.572  0.0000E+00  0.6000E+01
  -3.567  0.0000E+00  0.6000E+01
  -3.562  0.0000E+00  0.6000E+01
  -3.557  0.0000E+00  0.6000E+01
  -3.552  0.0000E+00  0.6000E+01
  -3.547  0.0000E+00  0.6000E+01
  -3.542  0.0000E+00  0.6000E+01
  -3.537  0.0000E+00  0.6000E+01
  -3.532  0.0000E+00  0.6000E+01
  -3.527  0.0000E+00  0.6000E+01
  -3.522  0.0000E+00  0.6000E+01
  -3.517  0.0000E+00  0.6000E+01
  -3.512  0.0000E+00  0.6000E+01
  -3.507  0.0000E+00  0.6000E+01
  -3.502  0.0000E+00  0.6000E+01
  -3.497  0.0000E+00  0.6000E+01
  -3.492  0.0000E+00  0.6000E+01
  -3.487  0.0000E+00  0.6000E+01
  -3.482  0.0000E+00  0.6000E+01
  -3.477  0.0000E+00  0.6000E+01
  -3.472  0.0000E+00  0.6000E+01
  -3.467  0.0000E+00  0.6000E+01
  -3.462  0.0000E+00  0.6000E+01
  -3.457  0.0000E+00  0.6000E+01
  -3.452  0.5263E-01  0.6000E+01
  -3.447  0.9373E+00  0.6001E+01
  -3.442  0.9520E+00  0.6006E+01
  -3.437  0.1312E+01  0.6012E+01
  -3.432  0.1685E+01  0.6019E+01
  -3.427  0.1829E+01  0.6028E+01
  -3.422  0.2141E+01  0.6038E+01
  -3.417  0.2441E+01  0.6049E+01
  -3.412  0.2754E+01  0.6062E+01
  -3.407  0.3160E+01  0.6077E+01
  -3.402  0.3660E+01  0.6094E+01
  -3.397  0.4227E+01  0.6114E+01
  -3.392  0.4876E+01  0.6136E+01
  -3.387  0.5725E+01  0.6163E+01
  -3.382  0.7244E+01  0.6195E+01
  -3.377  0.1070E+02  0.6240E+01
  -3.372  0.2161E+02  0.6329E+01
  -3.367  0.1759E+02  0.6423E+01
  -3.362  0.1976E+02  0.6516E+01
  -3.357  0.2019E+02  0.6619E+01
  -3.352  0.2140E+02  0.6723E+01
  -3.347  0.2269E+02  0.6834E+01
  -3.342  0.2419E+02  0.6951E+01
  -3.337  0.2730E+02  0.7078E+01
  -3.332  0.2986E+02  0.7220E+01
  -3.327  0.3421E+02  0.7379E+01
  -3.322  0.3138E+02  0.7551E+01
  -3.317  0.2699E+02  0.7696E+01
  -3.312  0.1828E+02  0.7809E+01
  -3.307  0.1069E+02  0.7882E+01
  -3.302  0.5852E+01  0.7922E+01
  -3.297  0.4975E+01  0.7949E+01
  -3.292  0.5044E+01  0.7973E+01
  -3.287  0.1942E+01  0.7998E+01
  -3.282  0.1869E+02  0.8066E+01
  -3.277  0.2127E+02  0.8162E+01
  -3.272  0.2785E+02  0.8284E+01
  -3.267  0.2719E+02  0.8421E+01
  -3.262  0.2820E+02  0.8558E+01
  -3.257  0.3270E+02  0.8707E+01
  -3.252  0.4024E+02  0.8889E+01
  -3.247  0.5076E+02  0.9115E+01
  -3.242  0.5622E+02  0.9398E+01
  -3.237  0.5192E+02  0.9661E+01
  -3.232  0.6640E+02  0.1003E+02
  -3.227  0.3512E+01  0.1016E+02
  -3.222  0.3562E+01  0.1018E+02
  -3.217  0.3483E+01  0.1020E+02
  -3.212  0.3393E+01  0.1021E+02
  -3.207  0.3315E+01  0.1023E+02
  -3.202  0.3321E+01  0.1025E+02
  -3.197  0.3301E+01  0.1026E+02
  -3.192  0.3298E+01  0.1028E+02
  -3.187  0.3334E+01  0.1030E+02
  -3.182  0.3382E+01  0.1031E+02
  -3.177  0.3424E+01  0.1033E+02
  -3.172  0.3456E+01  0.1035E+02
  -3.167  0.3421E+01  0.1036E+02
  -3.162  0.3389E+01  0.1038E+02
  -3.157  0.3420E+01  0.1040E+02
  -3.152  0.3449E+01  0.1042E+02
  -3.147  0.3482E+01  0.1043E+02
  -3.142  0.3518E+01  0.1045E+02
  -3.137  0.3554E+01  0.1047E+02
  -3.132  0.3585E+01  0.1049E+02
  -3.127  0.3633E+01  0.1050E+02
  -3.122  0.3701E+01  0.1052E+02
  -3.117  0.3777E+01  0.1054E+02
  -3.112  0.3852E+01  0.1056E+02
  -3.107  0.3924E+01  0.1058E+02
  -3.102  0.4003E+01  0.1060E+02
  -3.097  0.4083E+01  0.1062E+02
  -3.092  0.4161E+01  0.1064E+02
  -3.087  0.4246E+01  0.1066E+02
  -3.082  0.4347E+01  0.1068E+02
  -3.077  0.4455E+01  0.1070E+02
  -3.072  0.4593E+01  0.1073E+02
  -3.067  0.4752E+01  0.1075E+02
  -3.062  0.4918E+01  0.1077E+02
  -3.057  0.5118E+01  0.1080E+02
  -3.052  0.5369E+01  0.1083E+02
  -3.047  0.5695E+01  0.1085E+02
  -3.042  0.6105E+01  0.1088E+02
  -3.037  0.6750E+01  0.1091E+02
  -3.032  0.7461E+01  0.1095E+02
  -3.027  0.7960E+01  0.1099E+02
  -3.022  0.7317E+01  0.1103E+02
  -3.017  0.6768E+01  0.1106E+02
  -3.012  0.6534E+01  0.1110E+02
  -3.007  0.6447E+01  0.1113E+02
  -3.002  0.6447E+01  0.1116E+02
  -2.997  0.6685E+01  0.1119E+02
  -2.992  0.6756E+01  0.1123E+02
  -2.987  0.6915E+01  0.1126E+02
  -2.982  0.6803E+01  0.1130E+02
  -2.977  0.6814E+01  0.1133E+02
  -2.972  0.6886E+01  0.1136E+02
  -2.967  0.7075E+01  0.1140E+02
  -2.962  0.7227E+01  0.1143E+02
  -2.957  0.7343E+01  0.1147E+02
  -2.952  0.7420E+01  0.1151E+02
  -2.947  0.7651E+01  0.1155E+02
  -2.942  0.6514E+01  0.1158E+02
  -2.937  0.3894E+01  0.1161E+02
  -2.932  0.3192E+01  0.1162E+02
  -2.927  0.3243E+01  0.1164E+02
  -2.922  0.3309E+01  0.1166E+02
  -2.917  0.3389E+01  0.1167E+02
  -2.912  0.3454E+01  0.1169E+02
  -2.907  0.3473E+01  0.1171E+02
  -2.902  0.3528E+01  0.1173E+02
  -2.897  0.3564E+01  0.1174E+02
  -2.892  0.3597E+01  0.1176E+02
  -2.887  0.3628E+01  0.1178E+02
  -2.882  0.3661E+01  0.1180E+02
  -2.877  0.3704E+01  0.1182E+02
  -2.872  0.3730E+01  0.1183E+02
  -2.867  0.4058E+01  0.1185E+02
  -2.862  0.3959E+01  0.1187E+02
  -2.857  0.3908E+01  0.1189E+02
  -2.852  0.3892E+01  0.1191E+02
  -2.847  0.3815E+01  0.1193E+02
  -2.842  0.3495E+01  0.1195E+02
  -2.837  0.2947E+01  0.1197E+02
  -2.832  0.2156E+01  0.1198E+02
  -2.827  0.1533E+01  0.1199E+02
  -2.822  0.1024E+01  0.1199E+02
  -2.817  0.5560E+00  0.1200E+02
  -2.812  0.0000E+00  0.1200E+02
  -2.807  0.0000E+00  0.1200E+02
  -2.802  0.0000E+00  0.1200E+02
  -2.797  0.0000E+00  0.1200E+02
  -2.792  0.0000E+00  0.1200E+02
  -2.787  0.0000E+00  0.1200E+02
  -2.782  0.0000E+00  0.1200E+02
  -2.777  0.0000E+00  0.1200E+02
  -2.772  0.0000E+00  0.1200E+02
  -2.767  0.0000E+00  0.1200E+02
  -2.762  0.0000E+00  0.1200E+02
  -2.757  0.0000E+00  0.1200E+02
  -2.752  0.0000E+00  0.1200E+02
  -2.747  0.0000E+00  0.1200E+02
  -2.742  0.0000E+00  0.1200E+02
  -2.737  0.0000E+00  0.1200E+02
  -2.732  0.0000E+00  0.1200E+02
  -2.727  0.0000E+00  0.1200E+02
  -2.722  0.0000E+00  0.1200E+02
  -2.717  0.0000E+00  0.1200E+02
  -2.712  0.0000E+00  0.1200E+02
  -2.707  0.0000E+00  0.1200E+02
  -2.702  0.0000E+00  0.1200E+02
  -2.697  0.0000E+00  0.1200E+02
  -2.692  0.0000E+00  0.1200E+02
  -2.687  0.0000E+00  0.1200E+02
  -2.682  0.0000E+00  0.1200E+02
  -2.677  0.0000E+00  0.1200E+02
  -2.672  0.0000E+00  0.1200E+02
  -2.667  0.0000E+00  0.1200E+02
  -2.662  0.0000E+00  0.1200E+02
  -2.657  0.0000E+00  0.1200E+02
  -2.652  0.0000E+00  0.1200E+02
  -2.647  0.0000E+00  0.1200E+02
  -2.642  0.0000E+00  0.1200E+02
  -2.637  0.0000E+00  0.1200E+02
  -2.632  0.0000E+00  0.1200E+02
  -2.627  0.0000E+00  0.1200E+02
  -2.622  0.0000E+00  0.1200E+02
  -2.617  0.0000E+00  0.1200E+02
  -2.612  0.0000E+00  0.1200E+02
  -2.607  0.0000E+00  0.1200E+02
  -2.602  0.0000E+00  0.1200E+02
  -2.597  0.0000E+00  0.1200E+02
  -2.592  0.0000E+00  0.1200E+02
  -2.587  0.0000E+00  0.1200E+02
  -2.582  0.0000E+00  0.1200E+02
  -2.577  0.0000E+00  0.1200E+02
  -2.572  0.0000E+00  0.1200E+02
  -2.567  0.0000E+00  0.1200E+02
  -2.562  0.0000E+00  0.1200E+02
  -2.557  0.0000E+00  0.1200E+02
  -2.552  0.0000E+00  0.1200E+02
  -2.547  0.0000E+00  0.1200E+02
  -2.542  0.0000E+00  0.1200E+02
  -2.537  0.0000E+00  0.1200E+02
  -2.532  0.0000E+00  0.1200E+02
  -2.527  0.0000E+00  0.1200E+02
  -2.522  0.0000E+00  0.1200E+02
  -2.517  0.0000E+00  0.1200E+02
  -2.512  0.0000E+00  0.1200E+02
  -2.507  0.0000E+00  0.1200E+02
  -2.502  0.0000E+00  0.1200E+02
  -2.497  0.0000E+00  0.1200E+02
  -2.492  0.0000E+00  0.1200E+02
  -2.487  0.0000E+00  0.1200E+02
  -2.482  0.0000E+00  0.1200E+02
  -2.477  0.0000E+00  0.1200E+02
  -2.472  0.0000E+00  0.1200E+02
  -2.467  0.0000E+00  0.1200E+02
  -2.462  0.0000E+00  0.1200E+02
  -2.457  0.0000E+00  0.1200E+02
  -2.452  0.0000E+00  0.1200E+02
  -2.447  0.0000E+00  0.1200E+02
  -2.442  0.0000E+00  0.1200E+02
  -2.437  0.0000E+00  0.1200E+02
  -2.432  0.0000E+00  0.1200E+02
  -2.427  0.0000E+00  0.1200E+02
  -2.422  0.0000E+00  0.1200E+02
  -2.417  0.0000E+00  0.1200E+02
  -2.412  0.0000E+00  0.1200E+02
  -2.407  0.0000E+00  0.1200E+02
  -2.402  0.0000E+00  0.1200E+02
  -2.397  0.0000E+00  0.1200E+02
  -2.392  0.0000E+00  0.1200E+02
  -2.387  0.0000E+00  0.1200E+02
  -2.382  0.0000E+00  0.1200E+02
  -2.377  0.0000E+00  0.1200E+02
  -2.372  0.0000E+00  0.1200E+02
  -2.367  0.0000E+00  0.1200E+02
  -2.362  0.0000E+00  0.1200E+02
  -2.357  0.0000E+00  0.1200E+02
  -2.352  0.0000E+00  0.1200E+02
  -2.347  0.0000E+00  0.1200E+02
  -2.342  0.0000E+00  0.1200E+02
  -2.337  0.0000E+00  0.1200E+02
  -2.332  0.0000E+00  0.1200E+02
  -2.327  0.0000E+00  0.1200E+02
  -2.322  0.0000E+00  0.1200E+02
  -2.317  0.0000E+00  0.1200E+02
  -2.312  0.0000E+00  0.1200E+02
  -2.307  0.0000E+00  0.1200E+02
  -2.302  0.0000E+00  0.1200E+02
  -2.297  0.0000E+00  0.1200E+02
  -2.292  0.0000E+00  0.1200E+02
  -2.287  0.0000E+00  0.1200E+02
  -2.282  0.0000E+00  0.1200E+02
  -2.277  0.0000E+00  0.1200E+02
  -2.272  0.0000E+00  0.1200E+02
  -2.267  0.0000E+00  0.1200E+02
  -2.262  0.0000E+00  0.1200E+02
  -2.257  0.0000E+00  0.1200E+02
  -2.252  0.0000E+00  0.1200E+02
  -2.247  0.0000E+00  0.1200E+02
  -2.242  0.0000E+00  0.1200E+02
  -2.237  0.0000E+00  0.1200E+02
  -2.232  0.0000E+00  0.1200E+02
  -2.227  0.0000E+00  0.1200E+02
  -2.222  0.0000E+00  0.1200E+02
  -2.217  0.0000E+00  0.1200E+02
  -2.212  0.0000E+00  0.1200E+02
  -2.207  0.0000E+00  0.1200E+02
  -2.202  0.0000E+00  0.1200E+02
  -2.197  0.0000E+00  0.1200E+02
  -2.192  0.0000E+00  0.1200E+02
  -2.187  0.0000E+00  0.1200E+02
  -2.182  0.0000E+00  0.1200E+02
  -2.177  0.0000E+00  0.1200E+02
  -2.172  0.0000E+00  0.1200E+02
  -2.167  0.0000E+00  0.1200E+02
  -2.162  0.0000E+00  0.1200E+02
  -2.157  0.0000E+00  0.1200E+02
  -2.152  0.0000E+00  0.1200E+02
  -2.147  0.0000E+00  0.1200E+02
  -2.142  0.0000E+00  0.1200E+02
  -2.137  0.0000E+00  0.1200E+02
  -2.132  0.0000E+00  0.1200E+02
  -2.127  0.0000E+00  0.1200E+02
  -2.122  0.0000E+00  0.1200E+02
  -2.117  0.0000E+00  0.1200E+02
  -2.112  0.0000E+00  0.1200E+02
  -2.107  0.0000E+00  0.1200E+02
  -2.102  0.0000E+00  0.1200E+02
  -2.097  0.0000E+00  0.1200E+02
  -2.092  0.0000E+00  0.1200E+02
  -2.087  0.0000E+00  0.1200E+02
  -2.082  0.0000E+00  0.1200E+02
  -2.077  0.0000E+00  0.1200E+02
  -2.072  0.0000E+00  0.1200E+02
  -2.067  0.0000E+00  0.1200E+02
  -2.062  0.0000E+00  0.1200E+02
  -2.057  0.0000E+00  0.1200E+02
  -2.052  0.0000E+00  0.1200E+02
  -2.047  0.0000E+00  0.1200E+02
  -2.042  0.0000E+00  0.1200E+02
  -2.037  0.0000E+00  0.1200E+02
  -2.032  0.0000E+00  0.1200E+02
  -2.027  0.0000E+00  0.1200E+02
  -2.022  0.0000E+00  0.1200E+02
  -2.017  0.0000E+00  0.1200E+02
  -2.012  0.0000E+00  0.1200E+02
  -2.007  0.0000E+00  0.1200E+02
  -2.002  0.0000E+00  0.1200E+02
  -1.997  0.0000E+00  0.1200E+02
  -1.992  0.0000E+00  0.1200E+02
  -1.987  0.0000E+00  0.1200E+02
  -1.982  0.0000E+00  0.1200E+02
  -1.977  0.0000E+00  0.1200E+02
  -1.972  0.0000E+00  0.1200E+02
  -1.967  0.0000E+00  0.1200E+02
  -1.962  0.0000E+00  0.1200E+02
  -1.957  0.0000E+00  0.1200E+02
  -1.952  0.0000E+00  0.1200E+02
  -1.947  0.0000E+00  0.1200E+02
  -1.942  0.0000E+00  0.1200E+02
  -1.937  0.0000E+00  0.1200E+02
  -1.932  0.0000E+00  0.1200E+02
  -1.927  0.0000E+00  0.1200E+02
  -1.922  0.0000E+00  0.1200E+02
  -1.917  0.0000E+00  0.1200E+02
  -1.912  0.0000E+00  0.1200E+02
  -1.907  0.0000E+00  0.1200E+02
  -1.902  0.0000E+00  0.1200E+02
  -1.897  0.0000E+00  0.1200E+02
  -1.892  0.0000E+00  0.1200E+02
  -1.887  0.0000E+00  0.1200E+02
  -1.882  0.0000E+00  0.1200E+02
  -1.877  0.0000E+00  0.1200E+02
  -1.872  0.0000E+00  0.1200E+02
  -1.867  0.0000E+00  0.1200E+02
  -1.862  0.0000E+00  0.1200E+02
  -1.857  0.0000E+00  0.1200E+02
  -1.852  0.0000E+00  0.1200E+02
  -1.847  0.0000E+00  0.1200E+02
  -1.842  0.0000E+00  0.1200E+02
  -1.837  0.0000E+00  0.1200E+02
  -1.832  0.0000E+00  0.1200E+02
  -1.827  0.0000E+00  0.1200E+02
  -1.822  0.0000E+00  0.1200E+02
  -1.817  0.0000E+00  0.1200E+02
  -1.812  0.0000E+00  0.1200E+02
  -1.807  0.0000E+00  0.1200E+02
  -1.802  0.0000E+00  0.1200E+02
  -1.797  0.0000E+00  0.1200E+02
  -1.792  0.0000E+00  0.1200E+02
  -1.787  0.0000E+00  0.1200E+02
  -1.782  0.0000E+00  0.1200E+02
  -1.777  0.0000E+00  0.1200E+02
  -1.772  0.0000E+00  0.1200E+02
  -1.767  0.0000E+00  0.1200E+02
  -1.762  0.0000E+00  0.1200E+02
  -1.757  0.0000E+00  0.1200E+02
  -1.752  0.0000E+00  0.1200E+02
  -1.747  0.0000E+00  0.1200E+02
  -1.742  0.0000E+00  0.1200E+02
  -1.737  0.0000E+00  0.1200E+02
  -1.732  0.0000E+00  0.1200E+02
  -1.727  0.0000E+00  0.1200E+02
  -1.722  0.0000E+00  0.1200E+02
  -1.717  0.0000E+00  0.1200E+02
  -1.712  0.0000E+00  0.1200E+02
  -1.707  0.0000E+00  0.1200E+02
  -1.702  0.0000E+00  0.1200E+02
  -1.697  0.0000E+00  0.1200E+02
  -1.692  0.0000E+00  0.1200E+02
  -1.687  0.0000E+00  0.1200E+02
  -1.682  0.0000E+00  0.1200E+02
  -1.677  0.0000E+00  0.1200E+02
  -1.672  0.0000E+00  0.1200E+02
  -1.667  0.0000E+00  0.1200E+02
  -1.662  0.0000E+00  0.1200E+02
  -1.657  0.0000E+00  0.1200E+02
  -1.652  0.0000E+00  0.1200E+02
  -1.647  0.0000E+00  0.1200E+02
  -1.642  0.0000E+00  0.1200E+02
  -1.637  0.0000E+00  0.1200E+02
  -1.632  0.0000E+00  0.1200E+02
  -1.627  0.0000E+00  0.1200E+02
  -1.622  0.0000E+00  0.1200E+02
  -1.617  0.0000E+00  0.1200E+02
  -1.612  0.0000E+00  0.1200E+02
  -1.607  0.0000E+00  0.1200E+02
  -1.602  0.0000E+00  0.1200E+02
  -1.597  0.0000E+00  0.1200E+02
  -1.592  0.0000E+00  0.1200E+02
  -1.587  0.0000E+00  0.1200E+02
  -1.582  0.0000E+00  0.1200E+02
  -1.577  0.0000E+00  0.1200E+02
  -1.572  0.0000E+00  0.1200E+02
  -1.567  0.0000E+00  0.1200E+02
  -1.562  0.0000E+00  0.1200E+02
  -1.557  0.0000E+00  0.1200E+02
  -1.552  0.0000E+00  0.1200E+02
  -1.547  0.0000E+00  0.1200E+02
  -1.542  0.0000E+00  0.1200E+02
  -1.537  0.0000E+00  0.1200E+02
  -1.532  0.0000E+00  0.1200E+02
  -1.527  0.0000E+00  0.1200E+02
  -1.522  0.0000E+00  0.1200E+02
  -1.517  0.0000E+00  0.1200E+02
  -1.512  0.0000E+00  0.1200E+02
  -1.507  0.0000E+00  0.1200E+02
  -1.502  0.0000E+00  0.1200E+02
  -1.497  0.0000E+00  0.1200E+02
  -1.492  0.0000E+00  0.1200E+02
  -1.487  0.0000E+00  0.1200E+02
  -1.482  0.0000E+00  0.1200E+02
  -1.477  0.0000E+00  0.1200E+02
  -1.472  0.0000E+00  0.1200E+02
  -1.467  0.0000E+00  0.1200E+02
  -1.462  0.0000E+00  0.1200E+02
  -1.457  0.0000E+00  0.1200E+02
  -1.452  0.0000E+00  0.1200E+02
  -1.447  0.0000E+00  0.1200E+02
  -1.442  0.0000E+00  0.1200E+02
  -1.437  0.0000E+00  0.1200E+02
  -1.432  0.0000E+00  0.1200E+02
  -1.427  0.0000E+00  0.1200E+02
  -1.422  0.0000E+00  0.1200E+02
  -1.417  0.0000E+00  0.1200E+02
  -1.412  0.0000E+00  0.1200E+02
  -1.407  0.0000E+00  0.1200E+02
  -1.402  0.0000E+00  0.1200E+02
  -1.397  0.0000E+00  0.1200E+02
  -1.392  0.0000E+00  0.1200E+02
  -1.387  0.0000E+00  0.1200E+02
  -1.382  0.0000E+00  0.1200E+02
  -1.377  0.0000E+00  0.1200E+02
  -1.372  0.0000E+00  0.1200E+02
  -1.367  0.0000E+00  0.1200E+02
  -1.362  0.0000E+00  0.1200E+02
  -1.357  0.0000E+00  0.1200E+02
  -1.352  0.0000E+00  0.1200E+02
  -1.347  0.0000E+00  0.1200E+02
  -1.342  0.0000E+00  0.1200E+02
  -1.337  0.0000E+00  0.1200E+02
  -1.332  0.0000E+00  0.1200E+02
  -1.327  0.0000E+00  0.1200E+02
  -1.322  0.0000E+00  0.1200E+02
  -1.317  0.0000E+00  0.1200E+02
  -1.312  0.0000E+00  0.1200E+02
  -1.307  0.0000E+00  0.1200E+02
  -1.302  0.0000E+00  0.1200E+02
  -1.297  0.0000E+00  0.1200E+02
  -1.292  0.0000E+00  0.1200E+02
  -1.287  0.0000E+00  0.1200E+02
  -1.282  0.0000E+00  0.1200E+02
  -1.277  0.0000E+00  0.1200E+02
  -1.272  0.0000E+00  0.1200E+02
  -1.267  0.0000E+00  0.1200E+02
  -1.262  0.0000E+00  0.1200E+02
  -1.257  0.0000E+00  0.1200E+02
  -1.252  0.0000E+00  0.1200E+02
  -1.247  0.0000E+00  0.1200E+02
  -1.242  0.0000E+00  0.1200E+02
  -1.237  0.0000E+00  0.1200E+02
  -1.232  0.0000E+00  0.1200E+02
  -1.227  0.0000E+00  0.1200E+02
  -1.222  0.0000E+00  0.1200E+02
  -1.217  0.0000E+00  0.1200E+02
  -1.212  0.0000E+00  0.1200E+02
  -1.207  0.0000E+00  0.1200E+02
  -1.202  0.0000E+00  0.1200E+02
  -1.197  0.0000E+00  0.1200E+02
  -1.192  0.0000E+00  0.1200E+02
  -1.187  0.0000E+00  0.1200E+02
  -1.182  0.0000E+00  0.1200E+02
  -1.177  0.0000E+00  0.1200E+02
  -1.172  0.0000E+00  0.1200E+02
  -1.167  0.0000E+00  0.1200E+02
  -1.162  0.0000E+00  0.1200E+02
  -1.157  0.0000E+00  0.1200E+02
  -1.152  0.0000E+00  0.1200E+02
  -1.147  0.0000E+00  0.1200E+02
  -1.142  0.0000E+00  0.1200E+02
  -1.137  0.0000E+00  0.1200E+02
  -1.132  0.0000E+00  0.1200E+02
  -1.127  0.0000E+00  0.1200E+02
  -1.122  0.0000E+00  0.1200E+02
  -1.117  0.0000E+00  0.1200E+02
  -1.112  0.0000E+00  0.1200E+02
  -1.107  0.0000E+00  0.1200E+02
  -1.102  0.0000E+00  0.1200E+02
  -1.097  0.0000E+00  0.1200E+02
  -1.092  0.0000E+00  0.1200E+02
  -1.087  0.0000E+00  0.1200E+02
  -1.082  0.0000E+00  0.1200E+02
  -1.077  0.0000E+00  0.1200E+02
  -1.072  0.0000E+00  0.1200E+02
  -1.067  0.0000E+00  0.1200E+02
  -1.062  0.0000E+00  0.1200E+02
  -1.057  0.0000E+00  0.1200E+02
  -1.052  0.0000E+00  0.1200E+02
  -1.047  0.0000E+00  0.1200E+02
  -1.042  0.0000E+00  0.1200E+02
  -1.037  0.0000E+00  0.1200E+02
  -1.032  0.0000E+00  0.1200E+02
  -1.027  0.0000E+00  0.1200E+02
  -1.022  0.0000E+00  0.1200E+02
  -1.017  0.0000E+00  0.1200E+02
  -1.012  0.0000E+00  0.1200E+02
  -1.007  0.0000E+00  0.1200E+02
  -1.002  0.0000E+00  0.1200E+02
  -0.997  0.0000E+00  0.1200E+02
  -0.992  0.0000E+00  0.1200E+02
  -0.987  0.0000E+00  0.1200E+02
  -0.982  0.0000E+00  0.1200E+02
  -0.977  0.0000E+00  0.1200E+02
  -0.972  0.0000E+00  0.1200E+02
  -0.967  0.0000E+00  0.1200E+02
  -0.962  0.0000E+00  0.1200E+02
  -0.957  0.0000E+00  0.1200E+02
  -0.952  0.0000E+00  0.1200E+02
  -0.947  0.0000E+00  0.1200E+02
  -0.942  0.0000E+00  0.1200E+02
  -0.937  0.0000E+00  0.1200E+02
  -0.932  0.0000E+00  0.1200E+02
  -0.927  0.0000E+00  0.1200E+02
  -0.922  0.0000E+00  0.1200E+02
  -0.917  0.0000E+00  0.1200E+02
  -0.912  0.0000E+00  0.1200E+02
  -0.907  0.0000E+00  0.1200E+02
  -0.902  0.0000E+00  0.1200E+02
  -0.897  0.0000E+00  0.1200E+02
  -0.892  0.0000E+00  0.1200E+02
  -0.887  0.0000E+00  0.1200E+02
  -0.882  0.0000E+00  0.1200E+02
  -0.877  0.0000E+00  0.1200E+02
  -0.872  0.0000E+00  0.1200E+02
  -0.867  0.0000E+00  0.1200E+02
  -0.862  0.0000E+00  0.1200E+02
  -0.857  0.0000E+00  0.1200E+02
  -0.852  0.0000E+00  0.1200E+02
  -0.847  0.0000E+00  0.1200E+02
  -0.842  0.0000E+00  0.1200E+02
  -0.837  0.0000E+00  0.1200E+02
  -0.832  0.0000E+00  0.1200E+02
  -0.827  0.0000E+00  0.1200E+02
  -0.822  0.0000E+00  0.1200E+02
  -0.817  0.0000E+00  0.1200E+02
  -0.812  0.0000E+00  0.1200E+02
  -0.807  0.0000E+00  0.1200E+02
  -0.802  0.0000E+00  0.1200E+02
  -0.797  0.0000E+00  0.1200E+02
  -0.792  0.0000E+00  0.1200E+02
  -0.787  0.0000E+00  0.1200E+02
  -0.782  0.0000E+00  0.1200E+02
  -0.777  0.0000E+00  0.1200E+02
  -0.772  0.0000E+00  0.1200E+02
  -0.767  0.0000E+00  0.1200E+02
  -0.762  0.0000E+00  0.1200E+02
  -0.757  0.0000E+00  0.1200E+02
  -0.752  0.0000E+00  0.1200E+02
  -0.747  0.0000E+00  0.1200E+02
  -0.742  0.0000E+00  0.1200E+02
  -0.737  0.0000E+00  0.1200E+02
  -0.732  0.0000E+00  0.1200E+02
  -0.727  0.0000E+00  0.1200E+02
  -0.722  0.0000E+00  0.1200E+02
  -0.717  0.0000E+00  0.1200E+02
  -0.712  0.0000E+00  0.1200E+02
  -0.707  0.0000E+00  0.1200E+02
  -0.702  0.0000E+00  0.1200E+02
  -0.697  0.0000E+00  0.1200E+02
  -0.692  0.0000E+00  0.1200E+02
  -0.687  0.0000E+00  0.1200E+02
  -0.682  0.0000E+00  0.1200E+02
  -0.677  0.0000E+00  0.1200E+02
  -0.672  0.0000E+00  0.1200E+02
  -0.667  0.0000E+00  0.1200E+02
  -0.662  0.0000E+00  0.1200E+02
  -0.657  0.0000E+00  0.1200E+02
  -0.652  0.0000E+00  0.1200E+02
  -0.647  0.0000E+00  0.1200E+02
  -0.642  0.0000E+00  0.1200E+02
  -0.637  0.0000E+00  0.1200E+02
  -0.632  0.0000E+00  0.1200E+02
  -0.627  0.0000E+00  0.1200E+02
  -0.622  0.0000E+00  0.1200E+02
  -0.617  0.0000E+00  0.1200E+02
  -0.612  0.0000E+00  0.1200E+02
  -0.607  0.0000E+00  0.1200E+02
  -0.602  0.0000E+00  0.1200E+02
  -0.597  0.0000E+00  0.1200E+02
  -0.592  0.0000E+00  0.1200E+02
  -0.587  0.0000E+00  0.1200E+02
  -0.582  0.0000E+00  0.1200E+02
  -0.577  0.0000E+00  0.1200E+02
  -0.572  0.0000E+00  0.1200E+02
  -0.567  0.0000E+00  0.1200E+02
  -0.562  0.0000E+00  0.1200E+02
  -0.557  0.0000E+00  0.1200E+02
  -0.552  0.0000E+00  0.1200E+02
  -0.547  0.0000E+00  0.1200E+02
  -0.542  0.0000E+00  0.1200E+02
  -0.537  0.0000E+00  0.1200E+02
  -0.532  0.0000E+00  0.1200E+02
  -0.527  0.0000E+00  0.1200E+02
  -0.522  0.0000E+00  0.1200E+02
  -0.517  0.0000E+00  0.1200E+02
  -0.512  0.0000E+00  0.1200E+02
  -0.507  0.0000E+00  0.1200E+02
  -0.502  0.0000E+00  0.1200E+02
  -0.497  0.0000E+00  0.1200E+02
  -0.492  0.0000E+00  0.1200E+02
  -0.487  0.0000E+00  0.1200E+02
  -0.482  0.0000E+00  0.1200E+02
  -0.477  0.0000E+00  0.1200E+02
  -0.472  0.0000E+00  0.1200E+02
  -0.467  0.0000E+00  0.1200E+02
  -0.462  0.0000E+00  0.1200E+02
  -0.457  0.0000E+00  0.1200E+02
  -0.452  0.0000E+00  0.1200E+02
  -0.447  0.0000E+00  0.1200E+02
  -0.442  0.0000E+00  0.1200E+02
  -0.437  0.0000E+00  0.1200E+02
  -0.432  0.0000E+00  0.1200E+02
  -0.427  0.0000E+00  0.1200E+02
  -0.422  0.0000E+00  0.1200E+02
  -0.417  0.0000E+00  0.1200E+02
  -0.412  0.0000E+00  0.1200E+02
  -0.407  0.0000E+00  0.1200E+02
  -0.402  0.0000E+00  0.1200E+02
  -0.397  0.0000E+00  0.1200E+02
  -0.392  0.0000E+00  0.1200E+02
  -0.387  0.0000E+00  0.1200E+02
  -0.382  0.0000E+00  0.1200E+02
  -0.377  0.0000E+00  0.1200E+02
  -0.372  0.0000E+00  0.1200E+02
  -0.367  0.0000E+00  0.1200E+02
  -0.362  0.0000E+00  0.1200E+02
  -0.357  0.0000E+00  0.1200E+02
  -0.352  0.0000E+00  0.1200E+02
  -0.347  0.0000E+00  0.1200E+02
  -0.342  0.0000E+00  0.1200E+02
  -0.337  0.0000E+00  0.1200E+02
  -0.332  0.0000E+00  0.1200E+02
  -0.327  0.0000E+00  0.1200E+02
  -0.322  0.0000E+00  0.1200E+02
  -0.317  0.0000E+00  0.1200E+02
  -0.312  0.0000E+00  0.1200E+02
  -0.307  0.0000E+00  0.1200E+02
  -0.302  0.0000E+00  0.1200E+02
  -0.297  0.0000E+00  0.1200E+02
  -0.292  0.0000E+00  0.1200E+02
  -0.287  0.0000E+00  0.1200E+02
  -0.282  0.0000E+00  0.1200E+02
  -0.277  0.0000E+00  0.1200E+02
  -0.272  0.0000E+00  0.1200E+02
  -0.267  0.0000E+00  0.1200E+02
  -0.262  0.0000E+00  0.1200E+02
  -0.257  0.0000E+00  0.1200E+02
  -0.252  0.0000E+00  0.1200E+02
  -0.247  0.0000E+00  0.1200E+02
  -0.242  0.0000E+00  0.1200E+02
  -0.237  0.0000E+00  0.1200E+02
  -0.232  0.0000E+00  0.1200E+02
  -0.227  0.0000E+00  0.1200E+02
  -0.222  0.0000E+00  0.1200E+02
  -0.217  0.0000E+00  0.1200E+02
  -0.212  0.0000E+00  0.1200E+02
  -0.207  0.0000E+00  0.1200E+02
  -0.202  0.0000E+00  0.1200E+02
  -0.197  0.0000E+00  0.1200E+02
  -0.192  0.0000E+00  0.1200E+02
  -0.187  0.0000E+00  0.1200E+02
  -0.182  0.0000E+00  0.1200E+02
  -0.177  0.0000E+00  0.1200E+02
  -0.172  0.0000E+00  0.1200E+02
  -0.167  0.0000E+00  0.1200E+02
  -0.162  0.0000E+00  0.1200E+02
  -0.157  0.0000E+00  0.1200E+02
  -0.152  0.0000E+00  0.1200E+02
  -0.147  0.0000E+00  0.1200E+02
  -0.142  0.0000E+00  0.1200E+02
  -0.137  0.0000E+00  0.1200E+02
  -0.132  0.0000E+00  0.1200E+02
  -0.127  0.0000E+00  0.1200E+02
  -0.122  0.0000E+00  0.1200E+02
  -0.117  0.0000E+00  0.1200E+02
  -0.112  0.0000E+00  0.1200E+02
  -0.107  0.0000E+00  0.1200E+02
  -0.102  0.0000E+00  0.1200E+02
  -0.097  0.0000E+00  0.1200E+02
  -0.092  0.0000E+00  0.1200E+02
  -0.087  0.0000E+00  0.1200E+02
  -0.082  0.0000E+00  0.1200E+02
  -0.077  0.0000E+00  0.1200E+02
  -0.072  0.0000E+00  0.1200E+02
  -0.067  0.0000E+00  0.1200E+02
  -0.062  0.0000E+00  0.1200E+02
  -0.057  0.0000E+00  0.1200E+02
  -0.052  0.0000E+00  0.1200E+02
  -0.047  0.0000E+00  0.1200E+02
  -0.042  0.0000E+00  0.1200E+02
  -0.037  0.0000E+00  0.1200E+02
  -0.032  0.0000E+00  0.1200E+02
  -0.027  0.0000E+00  0.1200E+02
  -0.022  0.0000E+00  0.1200E+02
  -0.017  0.0000E+00  0.1200E+02
  -0.012  0.0000E+00  0.1200E+02
  -0.007  0.0000E+00  0.1200E+02
  -0.002  0.0000E+00  0.1200E+02
   0.003  0.0000E+00  0.1200E+02
   0.008  0.0000E+00  0.1200E+02
   0.013  0.0000E+00  0.1200E+02
   0.018  0.0000E+00  0.1200E+02
   0.023  0.0000E+00  0.1200E+02
   0.028  0.0000E+00  0.1200E+02
   0.033  0.0000E+00  0.1200E+02
   0.038  0.0000E+00  0.1200E+02
   0.043  0.0000E+00  0.1200E+02
   0.048  0.0000E+00  0.1200E+02
   0.053  0.0000E+00  0.1200E+02
   0.058  0.0000E+00  0.1200E+02
   0.063  0.0000E+00  0.1200E+02
   0.068  0.0000E+00  0.1200E+02
   0.073  0.0000E+00  0.1200E+02
   0.078  0.0000E+00  0.1200E+02
   0.083  0.0000E+00  0.1200E+02
   0.088  0.0000E+00  0.1200E+02
   0.093  0.0000E+00  0.1200E+02
   0.098  0.0000E+00  0.1200E+02
   0.103  0.0000E+00  0.1200E+02
   0.108  0.0000E+00  0.1200E+02
   0.113  0.0000E+00  0.1200E+02
   0.118  0.0000E+00  0.1200E+02
   0.123  0.0000E+00  0.1200E+02
   0.128  0.0000E+00  0.1200E+02
   0.133  0.0000E+00  0.1200E+02
   0.138  0.0000E+00  0.1200E+02
   0.143  0.0000E+00  0.1200E+02
   0.148  0.0000E+00  0.1200E+02
   0.153  0.0000E+00  0.1200E+02
   0.158  0.0000E+00  0.1200E+02
   0.163  0.0000E+00  0.1200E+02
   0.168  0.0000E+00  0.1200E+02
   0.173  0.0000E+00  0.1200E+02
   0.178  0.0000E+00  0.1200E+02
   0.183  0.0000E+00  0.1200E+02
   0.188  0.0000E+00  0.1200E+02
   0.193  0.0000E+00  0.1200E+02
   0.198  0.0000E+00  0.1200E+02
   0.203  0.0000E+00  0.1200E+02
   0.208  0.0000E+00  0.1200E+02
   0.213  0.0000E+00  0.1200E+02
   0.218  0.0000E+00  0.1200E+02
   0.223  0.0000E+00  0.1200E+02
   0.228  0.0000E+00  0.1200E+02
   0.233  0.0000E+00  0.1200E+02
   0.238  0.0000E+00  0.1200E+02
   0.243  0.0000E+00  0.1200E+02
   0.248  0.0000E+00  0.1200E+02
   0.253  0.0000E+00  0.1200E+02
   0.258  0.0000E+00  0.1200E+02
   0.263  0.0000E+00  0.1200E+02
   0.268  0.0000E+00  0.1200E+02
   0.273  0.0000E+00  0.1200E+02
   0.278  0.0000E+00  0.1200E+02
   0.283  0.0000E+00  0.1200E+02
   0.288  0.5494E-02  0.1200E+02
   0.293  0.3634E-01  0.1200E+02
   0.298  0.9434E-01  0.1200E+02
   0.303  0.1924E+00  0.1200E+02
   0.308  0.2094E+00  0.1200E+02
   0.313  0.2627E+00  0.1200E+02
   0.318  0.3183E+00  0.1200E+02
   0.323  0.3760E+00  0.1201E+02
   0.328  0.5309E+00  0.1201E+02
   0.333  0.8424E+00  0.1201E+02
   0.338  0.1372E+01  0.1202E+02
   0.343  0.1963E+01  0.1203E+02
   0.348  0.2605E+01  0.1204E+02
   0.353  0.3251E+01  0.1205E+02
   0.358  0.3850E+01  0.1207E+02
   0.363  0.4235E+01  0.1209E+02
   0.368  0.4474E+01  0.1211E+02
   0.373  0.4622E+01  0.1213E+02
   0.378  0.4586E+01  0.1216E+02
   0.383  0.4465E+01  0.1218E+02
   0.388  0.4414E+01  0.1220E+02
   0.393  0.4303E+01  0.1222E+02
   0.398  0.4065E+01  0.1225E+02
   0.403  0.3723E+01  0.1226E+02
   0.408  0.3300E+01  0.1228E+02
   0.413  0.2993E+01  0.1230E+02
   0.418  0.2853E+01  0.1231E+02
   0.423  0.2759E+01  0.1233E+02
   0.428  0.2649E+01  0.1234E+02
   0.433  0.2561E+01  0.1235E+02
   0.438  0.2485E+01  0.1237E+02
   0.443  0.2418E+01  0.1238E+02
   0.448  0.2362E+01  0.1239E+02
   0.453  0.2313E+01  0.1240E+02
   0.458  0.2274E+01  0.1241E+02
   0.463  0.2244E+01  0.1242E+02
   0.468  0.2220E+01  0.1244E+02
   0.473  0.2203E+01  0.1245E+02
   0.478  0.2196E+01  0.1246E+02
   0.483  0.2202E+01  0.1247E+02
   0.488  0.2216E+01  0.1248E+02
   0.493  0.2235E+01  0.1249E+02
   0.498  0.2261E+01  0.1250E+02
   0.503  0.2289E+01  0.1251E+02
   0.508  0.2312E+01  0.1252E+02
   0.513  0.2336E+01  0.1254E+02
   0.518  0.2363E+01  0.1255E+02
   0.523  0.2394E+01  0.1256E+02
   0.528  0.2425E+01  0.1257E+02
   0.533  0.2459E+01  0.1258E+02
   0.538  0.2500E+01  0.1260E+02
   0.543  0.2582E+01  0.1261E+02
   0.548  0.2648E+01  0.1262E+02
   0.553  0.2727E+01  0.1264E+02
   0.558  0.2818E+01  0.1265E+02
   0.563  0.2923E+01  0.1266E+02
   0.568  0.3050E+01  0.1268E+02
   0.573  0.3214E+01  0.1269E+02
   0.578  0.3494E+01  0.1271E+02
   0.583  0.3865E+01  0.1273E+02
   0.588  0.4306E+01  0.1275E+02
   0.593  0.4827E+01  0.1277E+02
   0.598  0.4671E+01  0.1280E+02
   0.603  0.4614E+01  0.1282E+02
   0.608  0.4383E+01  0.1284E+02
   0.613  0.4065E+01  0.1287E+02
   0.618  0.3778E+01  0.1288E+02
   0.623  0.3524E+01  0.1290E+02
   0.628  0.3299E+01  0.1292E+02
   0.633  0.3091E+01  0.1294E+02
   0.638  0.2897E+01  0.1295E+02
   0.643  0.2721E+01  0.1296E+02
   0.648  0.2593E+01  0.1298E+02
   0.653  0.2451E+01  0.1299E+02
   0.658  0.2325E+01  0.1300E+02
   0.663  0.2216E+01  0.1301E+02
   0.668  0.2123E+01  0.1302E+02
   0.673  0.2046E+01  0.1304E+02
   0.678  0.1985E+01  0.1305E+02
   0.683  0.1937E+01  0.1306E+02
   0.688  0.1891E+01  0.1306E+02
   0.693  0.1846E+01  0.1307E+02
   0.698  0.1803E+01  0.1308E+02
   0.703  0.1761E+01  0.1309E+02
   0.708  0.1721E+01  0.1310E+02
   0.713  0.1681E+01  0.1311E+02
   0.718  0.1643E+01  0.1312E+02
   0.723  0.1606E+01  0.1313E+02
   0.728  0.1571E+01  0.1313E+02
   0.733  0.1536E+01  0.1314E+02
   0.738  0.1503E+01  0.1315E+02
   0.743  0.1474E+01  0.1316E+02
   0.748  0.1450E+01  0.1316E+02
   0.753  0.1423E+01  0.1317E+02
   0.758  0.1398E+01  0.1318E+02
   0.763  0.1376E+01  0.1318E+02
   0.768  0.1355E+01  0.1319E+02
   0.773  0.1334E+01  0.1320E+02
   0.778  0.1313E+01  0.1321E+02
   0.783  0.1292E+01  0.1321E+02
   0.788  0.1273E+01  0.1322E+02
   0.793  0.1253E+01  0.1322E+02
   0.798  0.1235E+01  0.1323E+02
   0.803  0.1218E+01  0.1324E+02
   0.808  0.1202E+01  0.1324E+02
   0.813  0.1186E+01  0.1325E+02
   0.818  0.1171E+01  0.1325E+02
   0.823  0.1155E+01  0.1326E+02
   0.828  0.1140E+01  0.1327E+02
   0.833  0.1125E+01  0.1327E+02
   0.838  0.1111E+01  0.1328E+02
   0.843  0.1097E+01  0.1328E+02
   0.848  0.1083E+01  0.1329E+02
   0.853  0.1069E+01  0.1329E+02
   0.858  0.1055E+01  0.1330E+02
   0.863  0.1042E+01  0.1330E+02
   0.868  0.1029E+01  0.1331E+02
   0.873  0.1016E+01  0.1331E+02
   0.878  0.1004E+01  0.1332E+02
   0.883  0.9913E+00  0.1332E+02
   0.888  0.9794E+00  0.1333E+02
   0.893  0.9686E+00  0.1333E+02
   0.898  0.9587E+00  0.1334E+02
   0.903  0.9489E+00  0.1334E+02
   0.908  0.9392E+00  0.1335E+02
   0.913  0.9296E+00  0.1335E+02
   0.918  0.9200E+00  0.1336E+02
   0.923  0.9106E+00  0.1336E+02
   0.928  0.9012E+00  0.1337E+02
   0.933  0.8889E+00  0.1337E+02
   0.938  0.8809E+00  0.1338E+02
   0.943  0.8730E+00  0.1338E+02
   0.948  0.8651E+00  0.1338E+02
   0.953  0.8573E+00  0.1339E+02
   0.958  0.8494E+00  0.1339E+02
   0.963  0.8416E+00  0.1340E+02
   0.968  0.8338E+00  0.1340E+02
   0.973  0.8260E+00  0.1341E+02
   0.978  0.8182E+00  0.1341E+02
   0.983  0.8106E+00  0.1341E+02
   0.988  0.8030E+00  0.1342E+02
   0.993  0.7955E+00  0.1342E+02
   0.998  0.7881E+00  0.1343E+02
   1.003  0.7808E+00  0.1343E+02
   1.008  0.7736E+00  0.1343E+02
   1.013  0.7665E+00  0.1344E+02
   1.018  0.7595E+00  0.1344E+02
   1.023  0.7525E+00  0.1345E+02
   1.028  0.7457E+00  0.1345E+02
   1.033  0.7390E+00  0.1345E+02
   1.038  0.7323E+00  0.1346E+02
   1.043  0.7258E+00  0.1346E+02
   1.048  0.7193E+00  0.1346E+02
   1.053  0.7116E+00  0.1347E+02
   1.058  0.7051E+00  0.1347E+02
   1.063  0.6998E+00  0.1347E+02
   1.068  0.6946E+00  0.1348E+02
   1.073  0.6892E+00  0.1348E+02
   1.078  0.6839E+00  0.1348E+02
   1.083  0.6786E+00  0.1349E+02
   1.088  0.6733E+00  0.1349E+02
   1.093  0.6681E+00  0.1349E+02
   1.098  0.6628E+00  0.1350E+02
   1.103  0.6576E+00  0.1350E+02
   1.108  0.6524E+00  0.1350E+02
   1.113  0.6473E+00  0.1351E+02
   1.118  0.6422E+00  0.1351E+02
   1.123  0.6372E+00  0.1351E+02
   1.128  0.6322E+00  0.1352E+02
   1.133  0.6272E+00  0.1352E+02
   1.138  0.6223E+00  0.1352E+02
   1.143  0.6175E+00  0.1353E+02
   1.148  0.6127E+00  0.1353E+02
   1.153  0.6080E+00  0.1353E+02
   1.158  0.6034E+00  0.1354E+02
   1.163  0.5987E+00  0.1354E+02
   1.168  0.5942E+00  0.1354E+02
   1.173  0.5897E+00  0.1355E+02
   1.178  0.5853E+00  0.1355E+02
   1.183  0.5810E+00  0.1355E+02
   1.188  0.5767E+00  0.1355E+02
   1.193  0.5725E+00  0.1356E+02
   1.198  0.5683E+00  0.1356E+02
   1.203  0.5641E+00  0.1356E+02
   1.208  0.5605E+00  0.1357E+02
   1.213  0.5572E+00  0.1357E+02
   1.218  0.5532E+00  0.1357E+02
   1.223  0.5494E+00  0.1357E+02
   1.228  0.5455E+00  0.1358E+02
   1.233  0.5418E+00  0.1358E+02
   1.238  0.5381E+00  0.1358E+02
   1.243  0.5343E+00  0.1358E+02
   1.248  0.5307E+00  0.1359E+02
   1.253  0.5270E+00  0.1359E+02
   1.258  0.5234E+00  0.1359E+02
   1.263  0.5199E+00  0.1359E+02
   1.268  0.5164E+00  0.1360E+02
   1.273  0.5129E+00  0.1360E+02
   1.278  0.5095E+00  0.1360E+02
   1.283  0.5061E+00  0.1361E+02
   1.288  0.5027E+00  0.1361E+02
   1.293  0.4994E+00  0.1361E+02
   1.298  0.4962E+00  0.1361E+02
   1.303  0.4929E+00  0.1362E+02
   1.308  0.4897E+00  0.1362E+02
   1.313  0.4865E+00  0.1362E+02
   1.318  0.4833E+00  0.1362E+02
   1.323  0.4801E+00  0.1362E+02
   1.328  0.4769E+00  0.1363E+02
   1.333  0.4737E+00  0.1363E+02
   1.338  0.4706E+00  0.1363E+02
   1.343  0.4675E+00  0.1363E+02
   1.348  0.4644E+00  0.1364E+02
   1.353  0.4612E+00  0.1364E+02
   1.358  0.4581E+00  0.1364E+02
   1.363  0.4550E+00  0.1364E+02
   1.368  0.4519E+00  0.1365E+02
   1.373  0.4488E+00  0.1365E+02
   1.378  0.4458E+00  0.1365E+02
   1.383  0.4428E+00  0.1365E+02
   1.388  0.4398E+00  0.1365E+02
   1.393  0.4368E+00  0.1366E+02
   1.398  0.4338E+00  0.1366E+02
   1.403  0.4309E+00  0.1366E+02
   1.408  0.4279E+00  0.1366E+02
   1.413  0.4251E+00  0.1367E+02
   1.418  0.4225E+00  0.1367E+02
   1.423  0.4200E+00  0.1367E+02
   1.428  0.4176E+00  0.1367E+02
   1.433  0.4151E+00  0.1367E+02
   1.438  0.4126E+00  0.1368E+02
   1.443  0.4101E+00  0.1368E+02
   1.448  0.4077E+00  0.1368E+02
   1.453  0.4052E+00  0.1368E+02
   1.458  0.4027E+00  0.1368E+02
   1.463  0.4003E+00  0.1369E+02
   1.468  0.3978E+00  0.1369E+02
   1.473  0.3954E+00  0.1369E+02
   1.478  0.3930E+00  0.1369E+02
   1.483  0.3906E+00  0.1369E+02
   1.488  0.3882E+00  0.1370E+02
   1.493  0.3858E+00  0.1370E+02
   1.498  0.3836E+00  0.1370E+02
   1.503  0.3815E+00  0.1370E+02
   1.508  0.3794E+00  0.1370E+02
   1.513  0.3772E+00  0.1371E+02
   1.518  0.3749E+00  0.1371E+02
   1.523  0.3729E+00  0.1371E+02
   1.528  0.3708E+00  0.1371E+02
   1.533  0.3687E+00  0.1371E+02
   1.538  0.3666E+00  0.1371E+02
   1.543  0.3644E+00  0.1372E+02
   1.548  0.3624E+00  0.1372E+02
   1.553  0.3603E+00  0.1372E+02
   1.558  0.3582E+00  0.1372E+02
   1.563  0.3561E+00  0.1372E+02
   1.568  0.3540E+00  0.1373E+02
   1.573  0.3520E+00  0.1373E+02
   1.578  0.3499E+00  0.1373E+02
   1.583  0.3479E+00  0.1373E+02
   1.588  0.3458E+00  0.1373E+02
   1.593  0.3438E+00  0.1373E+02
   1.598  0.3418E+00  0.1374E+02
   1.603  0.3398E+00  0.1374E+02
   1.608  0.3378E+00  0.1374E+02
   1.613  0.3357E+00  0.1374E+02
   1.618  0.3340E+00  0.1374E+02
   1.623  0.3323E+00  0.1374E+02
   1.628  0.3305E+00  0.1375E+02
   1.633  0.3287E+00  0.1375E+02
   1.638  0.3269E+00  0.1375E+02
   1.643  0.3250E+00  0.1375E+02
   1.648  0.3231E+00  0.1375E+02
   1.653  0.3211E+00  0.1375E+02
   1.658  0.3190E+00  0.1376E+02
   1.663  0.3170E+00  0.1376E+02
   1.668  0.3150E+00  0.1376E+02
   1.673  0.3130E+00  0.1376E+02
   1.678  0.3110E+00  0.1376E+02
   1.683  0.3091E+00  0.1376E+02
   1.688  0.3071E+00  0.1377E+02
   1.693  0.3051E+00  0.1377E+02
   1.698  0.3032E+00  0.1377E+02
   1.703  0.3013E+00  0.1377E+02
   1.708  0.2994E+00  0.1377E+02
   1.713  0.2976E+00  0.1377E+02
   1.718  0.2958E+00  0.1377E+02
   1.723  0.2941E+00  0.1378E+02
   1.728  0.2923E+00  0.1378E+02
   1.733  0.2907E+00  0.1378E+02
   1.738  0.2890E+00  0.1378E+02
   1.743  0.2874E+00  0.1378E+02
   1.748  0.2857E+00  0.1378E+02
   1.753  0.2841E+00  0.1378E+02
   1.758  0.2824E+00  0.1379E+02
   1.763  0.2809E+00  0.1379E+02
   1.768  0.2793E+00  0.1379E+02
   1.773  0.2777E+00  0.1379E+02
   1.778  0.2762E+00  0.1379E+02
   1.783  0.2747E+00  0.1379E+02
   1.788  0.2733E+00  0.1379E+02
   1.793  0.2718E+00  0.1380E+02
   1.798  0.2704E+00  0.1380E+02
   1.803  0.2690E+00  0.1380E+02
   1.808  0.2676E+00  0.1380E+02
   1.813  0.2662E+00  0.1380E+02
   1.818  0.2649E+00  0.1380E+02
   1.823  0.2635E+00  0.1380E+02
   1.828  0.2622E+00  0.1381E+02
   1.833  0.2608E+00  0.1381E+02
   1.838  0.2595E+00  0.1381E+02
   1.843  0.2581E+00  0.1381E+02
   1.848  0.2567E+00  0.1381E+02
   1.853  0.2562E+00  0.1381E+02
   1.858  0.2589E+00  0.1381E+02
   1.863  0.2650E+00  0.1381E+02
   1.868  0.2744E+00  0.1382E+02
   1.873  0.2872E+00  0.1382E+02
   1.878  0.3083E+00  0.1382E+02
   1.883  0.3398E+00  0.1382E+02
   1.888  0.3752E+00  0.1382E+02
   1.893  0.4143E+00  0.1382E+02
   1.898  0.4574E+00  0.1383E+02
   1.903  0.5042E+00  0.1383E+02
   1.908  0.5565E+00  0.1383E+02
   1.913  0.5952E+00  0.1383E+02
   1.918  0.6326E+00  0.1384E+02
   1.923  0.6777E+00  0.1384E+02
   1.928  0.7258E+00  0.1384E+02
   1.933  0.7769E+00  0.1385E+02
   1.938  0.8310E+00  0.1385E+02
   1.943  0.8881E+00  0.1386E+02
   1.948  0.9482E+00  0.1386E+02
   1.953  0.1011E+01  0.1387E+02
   1.958  0.1075E+01  0.1387E+02
   1.963  0.1139E+01  0.1388E+02
   1.968  0.1193E+01  0.1388E+02
   1.973  0.1236E+01  0.1389E+02
   1.978  0.1269E+01  0.1389E+02
   1.983  0.1292E+01  0.1390E+02
   1.988  0.1304E+01  0.1391E+02
   1.993  0.1306E+01  0.1391E+02
   1.998  0.1299E+01  0.1392E+02
   2.003  0.1288E+01  0.1393E+02
   2.008  0.1274E+01  0.1393E+02
   2.013  0.1258E+01  0.1394E+02
   2.018  0.1238E+01  0.1395E+02
   2.023  0.1221E+01  0.1395E+02
   2.028  0.1165E+01  0.1396E+02
   2.033  0.1121E+01  0.1396E+02
   2.038  0.1084E+01  0.1397E+02
   2.043  0.1081E+01  0.1397E+02
   2.048  0.1080E+01  0.1398E+02
   2.053  0.1079E+01  0.1399E+02
   2.058  0.1078E+01  0.1399E+02
   2.063  0.1076E+01  0.1400E+02
   2.068  0.1075E+01  0.1400E+02
   2.073  0.1073E+01  0.1401E+02
   2.078  0.1078E+01  0.1401E+02
   2.083  0.1087E+01  0.1402E+02
   2.088  0.1078E+01  0.1402E+02
   2.093  0.1049E+01  0.1403E+02
   2.098  0.1046E+01  0.1403E+02
   2.103  0.1043E+01  0.1404E+02
   2.108  0.1040E+01  0.1404E+02
   2.113  0.1037E+01  0.1405E+02
   2.118  0.1034E+01  0.1405E+02
   2.123  0.1030E+01  0.1406E+02
   2.128  0.1027E+01  0.1406E+02
   2.133  0.1023E+01  0.1407E+02
   2.138  0.1019E+01  0.1407E+02
   2.143  0.1016E+01  0.1408E+02
   2.148  0.1012E+01  0.1408E+02
   2.153  0.1008E+01  0.1409E+02
   2.158  0.1003E+01  0.1410E+02
   2.163  0.9987E+00  0.1410E+02
   2.168  0.9937E+00  0.1411E+02
   2.173  0.9883E+00  0.1411E+02
   2.178  0.9826E+00  0.1411E+02
   2.183  0.9791E+00  0.1412E+02
   2.188  0.9787E+00  0.1412E+02
   2.193  0.9814E+00  0.1413E+02
   2.198  0.9875E+00  0.1413E+02
   2.203  0.9977E+00  0.1414E+02
   2.208  0.1012E+01  0.1414E+02
   2.213  0.1031E+01  0.1415E+02
   2.218  0.1060E+01  0.1415E+02
   2.223  0.1119E+01  0.1416E+02
   2.228  0.1178E+01  0.1417E+02
   2.233  0.1233E+01  0.1417E+02
   2.238  0.1278E+01  0.1418E+02
   2.243  0.1309E+01  0.1418E+02
   2.248  0.1336E+01  0.1419E+02
   2.253  0.1365E+01  0.1420E+02
   2.258  0.1394E+01  0.1421E+02
   2.263  0.1425E+01  0.1421E+02
   2.268  0.1458E+01  0.1422E+02
   2.273  0.1494E+01  0.1423E+02
   2.278  0.1532E+01  0.1423E+02
   2.283  0.1572E+01  0.1424E+02
   2.288  0.1615E+01  0.1425E+02
   2.293  0.1660E+01  0.1426E+02
   2.298  0.1707E+01  0.1427E+02
   2.303  0.1752E+01  0.1428E+02
   2.308  0.1819E+01  0.1428E+02
   2.313  0.1851E+01  0.1429E+02
   2.318  0.1890E+01  0.1430E+02
   2.323  0.1934E+01  0.1431E+02
   2.328  0.1983E+01  0.1432E+02
   2.333  0.2034E+01  0.1433E+02
   2.338  0.2085E+01  0.1434E+02
   2.343  0.2139E+01  0.1435E+02
   2.348  0.2167E+01  0.1436E+02
   2.353  0.2173E+01  0.1437E+02
   2.358  0.2175E+01  0.1439E+02
   2.363  0.2167E+01  0.1440E+02
   2.368  0.2157E+01  0.1441E+02
   2.373  0.2143E+01  0.1442E+02
   2.378  0.2137E+01  0.1443E+02
   2.383  0.2144E+01  0.1444E+02
   2.388  0.2118E+01  0.1445E+02
   2.393  0.2095E+01  0.1446E+02
   2.398  0.2079E+01  0.1447E+02
   2.403  0.2051E+01  0.1448E+02
   2.408  0.2025E+01  0.1449E+02
   2.413  0.2012E+01  0.1450E+02
   2.418  0.2000E+01  0.1451E+02
   2.423  0.1988E+01  0.1452E+02
   2.428  0.1977E+01  0.1453E+02
   2.433  0.1966E+01  0.1454E+02
   2.438  0.1956E+01  0.1455E+02
   2.443  0.1947E+01  0.1456E+02
   2.448  0.1939E+01  0.1457E+02
   2.453  0.1948E+01  0.1458E+02
   2.458  0.1939E+01  0.1459E+02
   2.463  0.1930E+01  0.1460E+02
   2.468  0.1923E+01  0.1461E+02
   2.473  0.1918E+01  0.1462E+02
   2.478  0.1912E+01  0.1463E+02
   2.483  0.1901E+01  0.1464E+02
   2.488  0.1854E+01  0.1465E+02
   2.493  0.1845E+01  0.1466E+02
   2.498  0.1838E+01  0.1467E+02
   2.503  0.1831E+01  0.1468E+02
   2.508  0.1826E+01  0.1468E+02
   2.513  0.1823E+01  0.1469E+02
   2.518  0.1822E+01  0.1470E+02
   2.523  0.1823E+01  0.1471E+02
   2.528  0.1826E+01  0.1472E+02
   2.533  0.1829E+01  0.1473E+02
   2.538  0.1832E+01  0.1474E+02
   2.543  0.1840E+01  0.1475E+02
   2.548  0.1851E+01  0.1476E+02
   2.553  0.1873E+01  0.1477E+02
   2.558  0.1889E+01  0.1478E+02
   2.563  0.1892E+01  0.1479E+02
   2.568  0.1884E+01  0.1480E+02
   2.573  0.1861E+01  0.1480E+02
   2.578  0.1836E+01  0.1481E+02
   2.583  0.1828E+01  0.1482E+02
   2.588  0.1822E+01  0.1483E+02
   2.593  0.1813E+01  0.1484E+02
   2.598  0.1804E+01  0.1485E+02
   2.603  0.1796E+01  0.1486E+02
   2.608  0.1789E+01  0.1487E+02
   2.613  0.1783E+01  0.1488E+02
   2.618  0.1779E+01  0.1489E+02
   2.623  0.1774E+01  0.1489E+02
   2.628  0.1771E+01  0.1490E+02
   2.633  0.1764E+01  0.1491E+02
   2.638  0.1770E+01  0.1492E+02
   2.643  0.1820E+01  0.1493E+02
   2.648  0.1853E+01  0.1494E+02
   2.653  0.1827E+01  0.1495E+02
   2.658  0.1811E+01  0.1496E+02
   2.663  0.1803E+01  0.1497E+02
   2.668  0.1799E+01  0.1498E+02
   2.673  0.1796E+01  0.1498E+02
   2.678  0.1798E+01  0.1499E+02
   2.683  0.1803E+01  0.1500E+02
   2.688  0.1809E+01  0.1501E+02
   2.693  0.1816E+01  0.1502E+02
   2.698  0.1825E+01  0.1503E+02
   2.703  0.1835E+01  0.1504E+02
   2.708  0.1846E+01  0.1505E+02
   2.713  0.1857E+01  0.1506E+02
   2.718  0.1869E+01  0.1507E+02
   2.723  0.1881E+01  0.1508E+02
   2.728  0.1894E+01  0.1509E+02
   2.733  0.1907E+01  0.1510E+02
   2.738  0.1922E+01  0.1510E+02
   2.743  0.1938E+01  0.1511E+02
   2.748  0.1954E+01  0.1512E+02
   2.753  0.1968E+01  0.1513E+02
   2.758  0.1981E+01  0.1514E+02
   2.763  0.1996E+01  0.1515E+02
   2.768  0.2014E+01  0.1516E+02
   2.773  0.2052E+01  0.1517E+02
   2.778  0.2089E+01  0.1518E+02
   2.783  0.2126E+01  0.1520E+02
   2.788  0.2161E+01  0.1521E+02
   2.793  0.2195E+01  0.1522E+02
   2.798  0.2225E+01  0.1523E+02
   2.803  0.2254E+01  0.1524E+02
   2.808  0.2282E+01  0.1525E+02
   2.813  0.2310E+01  0.1526E+02
   2.818  0.2339E+01  0.1527E+02
   2.823  0.2368E+01  0.1529E+02
   2.828  0.2438E+01  0.1530E+02
   2.833  0.2561E+01  0.1531E+02
   2.838  0.2608E+01  0.1532E+02
   2.843  0.2660E+01  0.1534E+02
   2.848  0.2723E+01  0.1535E+02
   2.853  0.2837E+01  0.1536E+02
   2.858  0.2814E+01  0.1538E+02
   2.863  0.2809E+01  0.1539E+02
   2.868  0.2810E+01  0.1541E+02
   2.873  0.2818E+01  0.1542E+02
   2.878  0.2832E+01  0.1543E+02
   2.883  0.2851E+01  0.1545E+02
   2.888  0.2953E+01  0.1546E+02
   2.893  0.2978E+01  0.1548E+02
   2.898  0.2901E+01  0.1549E+02
   2.903  0.2829E+01  0.1551E+02
   2.908  0.2777E+01  0.1552E+02
   2.913  0.2747E+01  0.1553E+02
   2.918  0.2732E+01  0.1555E+02
   2.923  0.2718E+01  0.1556E+02
   2.928  0.2706E+01  0.1558E+02
   2.933  0.2694E+01  0.1559E+02
   2.938  0.2684E+01  0.1560E+02
   2.943  0.2676E+01  0.1562E+02
   2.948  0.2670E+01  0.1563E+02
   2.953  0.2665E+01  0.1564E+02
   2.958  0.2662E+01  0.1566E+02
   2.963  0.2659E+01  0.1567E+02
   2.968  0.2656E+01  0.1568E+02
   2.973  0.2654E+01  0.1570E+02
   2.978  0.2652E+01  0.1571E+02
   2.983  0.2658E+01  0.1572E+02
   2.988  0.2666E+01  0.1574E+02
   2.993  0.2658E+01  0.1575E+02
   2.998  0.2639E+01  0.1576E+02
   3.003  0.2622E+01  0.1578E+02
   3.008  0.2609E+01  0.1579E+02
   3.013  0.2600E+01  0.1580E+02
   3.018  0.2595E+01  0.1581E+02
   3.023  0.2591E+01  0.1583E+02
   3.028  0.2587E+01  0.1584E+02
   3.033  0.2584E+01  0.1585E+02
   3.038  0.2581E+01  0.1587E+02
   3.043  0.2580E+01  0.1588E+02
   3.048  0.2579E+01  0.1589E+02
   3.053  0.2577E+01  0.1590E+02
   3.058  0.2576E+01  0.1592E+02
   3.063  0.2573E+01  0.1593E+02
   3.068  0.2570E+01  0.1594E+02
   3.073  0.2568E+01  0.1596E+02
   3.078  0.2567E+01  0.1597E+02
   3.083  0.2567E+01  0.1598E+02
   3.088  0.2567E+01  0.1599E+02
   3.093  0.2568E+01  0.1601E+02
   3.098  0.2570E+01  0.1602E+02
   3.103  0.2566E+01  0.1603E+02
   3.108  0.2571E+01  0.1605E+02
   3.113  0.2557E+01  0.1606E+02
   3.118  0.2546E+01  0.1607E+02
   3.123  0.2536E+01  0.1608E+02
   3.128  0.2528E+01  0.1610E+02
   3.133  0.2523E+01  0.1611E+02
   3.138  0.2519E+01  0.1612E+02
   3.143  0.2516E+01  0.1613E+02
   3.148  0.2514E+01  0.1615E+02
   3.153  0.2512E+01  0.1616E+02
   3.158  0.2509E+01  0.1617E+02
   3.163  0.2507E+01  0.1619E+02
   3.168  0.2505E+01  0.1620E+02
   3.173  0.2504E+01  0.1621E+02
   3.178  0.2503E+01  0.1622E+02
   3.183  0.2504E+01  0.1624E+02
   3.188  0.2507E+01  0.1625E+02
   3.193  0.2512E+01  0.1626E+02
   3.198  0.2509E+01  0.1627E+02
   3.203  0.2499E+01  0.1629E+02
   3.208  0.2492E+01  0.1630E+02
   3.213  0.2488E+01  0.1631E+02
   3.218  0.2485E+01  0.1632E+02
   3.223  0.2481E+01  0.1634E+02
   3.228  0.2646E+01  0.1635E+02
   3.233  0.2541E+01  0.1636E+02
   3.238  0.2502E+01  0.1637E+02
   3.243  0.2498E+01  0.1639E+02
   3.248  0.2495E+01  0.1640E+02
   3.253  0.2491E+01  0.1641E+02
   3.258  0.2487E+01  0.1642E+02
   3.263  0.2482E+01  0.1644E+02
   3.268  0.2479E+01  0.1645E+02
   3.273  0.2473E+01  0.1646E+02
   3.278  0.2476E+01  0.1647E+02
   3.283  0.2471E+01  0.1649E+02
   3.288  0.2456E+01  0.1650E+02
   3.293  0.2434E+01  0.1651E+02
   3.298  0.2427E+01  0.1652E+02
   3.303  0.2420E+01  0.1653E+02
   3.308  0.2414E+01  0.1655E+02
   3.313  0.2407E+01  0.1656E+02
   3.318  0.2401E+01  0.1657E+02
   3.323  0.2394E+01  0.1658E+02
   3.328  0.2388E+01  0.1659E+02
   3.333  0.2381E+01  0.1661E+02
   3.338  0.2885E+01  0.1662E+02
   3.343  0.2417E+01  0.1663E+02
   3.348  0.2410E+01  0.1664E+02
   3.353  0.2468E+01  0.1666E+02
   3.358  0.2407E+01  0.1667E+02
   3.363  0.2383E+01  0.1668E+02
   3.368  0.2374E+01  0.1669E+02
   3.373  0.2364E+01  0.1670E+02
   3.378  0.2361E+01  0.1671E+02
   3.383  0.2357E+01  0.1673E+02
   3.388  0.2347E+01  0.1674E+02
   3.393  0.2417E+01  0.1675E+02
   3.398  0.2305E+01  0.1676E+02
   3.403  0.2288E+01  0.1677E+02
   3.408  0.2271E+01  0.1678E+02
   3.413  0.2253E+01  0.1680E+02
   3.418  0.2235E+01  0.1681E+02
   3.423  0.2218E+01  0.1682E+02
   3.428  0.2201E+01  0.1683E+02
   3.433  0.2187E+01  0.1684E+02
   3.438  0.2173E+01  0.1685E+02
   3.443  0.2159E+01  0.1686E+02
   3.448  0.2147E+01  0.1687E+02
   3.453  0.2137E+01  0.1688E+02
   3.458  0.2127E+01  0.1689E+02
   3.463  0.2119E+01  0.1691E+02
   3.468  0.2110E+01  0.1692E+02
   3.473  0.2102E+01  0.1693E+02
   3.478  0.2094E+01  0.1694E+02
   3.483  0.2087E+01  0.1695E+02
   3.488  0.2079E+01  0.1696E+02
   3.493  0.2072E+01  0.1697E+02
   3.498  0.2142E+01  0.1698E+02
   3.503  0.2057E+01  0.1699E+02
   3.508  0.2038E+01  0.1700E+02
   3.513  0.2022E+01  0.1701E+02
   3.518  0.2009E+01  0.1702E+02
   3.523  0.2008E+01  0.1703E+02
   3.528  0.2021E+01  0.1704E+02
   3.533  0.2031E+01  0.1705E+02
   3.538  0.2014E+01  0.1706E+02
   3.543  0.1993E+01  0.1707E+02
   3.548  0.1981E+01  0.1708E+02
   3.553  0.1966E+01  0.1709E+02
   3.558  0.1948E+01  0.1710E+02
   3.563  0.1926E+01  0.1711E+02
   3.568  0.1914E+01  0.1712E+02
   3.573  0.1905E+01  0.1713E+02
   3.578  0.1896E+01  0.1714E+02
   3.583  0.1888E+01  0.1715E+02
   3.588  0.1890E+01  0.1716E+02
   3.593  0.1900E+01  0.1717E+02
   3.598  0.1884E+01  0.1718E+02
   3.603  0.1870E+01  0.1718E+02
   3.608  0.1858E+01  0.1719E+02
   3.613  0.1846E+01  0.1720E+02
   3.618  0.1836E+01  0.1721E+02
   3.623  0.1827E+01  0.1722E+02
   3.628  0.1820E+01  0.1723E+02
   3.633  0.1814E+01  0.1724E+02
   3.638  0.1825E+01  0.1725E+02
   3.643  0.1826E+01  0.1726E+02
   3.648  0.1818E+01  0.1727E+02
   3.653  0.1799E+01  0.1728E+02
   3.658  0.1772E+01  0.1729E+02
   3.663  0.1758E+01  0.1729E+02
   3.668  0.1748E+01  0.1730E+02
   3.673  0.1738E+01  0.1731E+02
   3.678  0.1729E+01  0.1732E+02
   3.683  0.1720E+01  0.1733E+02
   3.688  0.1712E+01  0.1734E+02
   3.693  0.1703E+01  0.1735E+02
   3.698  0.1693E+01  0.1735E+02
   3.703  0.1683E+01  0.1736E+02
   3.708  0.1673E+01  0.1737E+02
   3.713  0.1704E+01  0.1738E+02
   3.718  0.1651E+01  0.1739E+02
   3.723  0.1641E+01  0.1740E+02
   3.728  0.1630E+01  0.1740E+02
   3.733  0.1620E+01  0.1741E+02
   3.738  0.1610E+01  0.1742E+02
   3.743  0.1600E+01  0.1743E+02
   3.748  0.1590E+01  0.1744E+02
   3.753  0.1580E+01  0.1744E+02
   3.758  0.1570E+01  0.1745E+02
   3.763  0.1560E+01  0.1746E+02
   3.768  0.1550E+01  0.1747E+02
   3.773  0.1541E+01  0.1748E+02
   3.778  0.1531E+01  0.1748E+02
   3.783  0.1521E+01  0.1749E+02
   3.788  0.1522E+01  0.1750E+02
   3.793  0.1547E+01  0.1751E+02
   3.798  0.1560E+01  0.1751E+02
   3.803  0.1563E+01  0.1752E+02
   3.808  0.1580E+01  0.1753E+02
   3.813  0.1576E+01  0.1754E+02
   3.818  0.1561E+01  0.1755E+02
   3.823  0.1540E+01  0.1755E+02
   3.828  0.1500E+01  0.1756E+02
   3.833  0.1467E+01  0.1757E+02
   3.838  0.1450E+01  0.1758E+02
   3.843  0.1434E+01  0.1758E+02
   3.848  0.1416E+01  0.1759E+02
   3.853  0.1398E+01  0.1760E+02
   3.858  0.1380E+01  0.1760E+02
   3.863  0.1363E+01  0.1761E+02
   3.868  0.1345E+01  0.1762E+02
   3.873  0.1327E+01  0.1762E+02
   3.878  0.1308E+01  0.1763E+02
   3.883  0.1289E+01  0.1764E+02
   3.888  0.1270E+01  0.1764E+02
   3.893  0.1250E+01  0.1765E+02
   3.898  0.1230E+01  0.1766E+02
   3.903  0.1212E+01  0.1766E+02
   3.908  0.1194E+01  0.1767E+02
   3.913  0.1176E+01  0.1767E+02
   3.918  0.1157E+01  0.1768E+02
   3.923  0.1139E+01  0.1769E+02
   3.928  0.1119E+01  0.1769E+02
   3.933  0.1100E+01  0.1770E+02
   3.938  0.1079E+01  0.1770E+02
   3.943  0.1058E+01  0.1771E+02
   3.948  0.1037E+01  0.1771E+02
   3.953  0.1017E+01  0.1772E+02
   3.958  0.9975E+00  0.1772E+02
   3.963  0.9807E+00  0.1773E+02
   3.968  0.9662E+00  0.1773E+02
   3.973  0.9538E+00  0.1774E+02
   3.978  0.9429E+00  0.1774E+02
   3.983  0.9307E+00  0.1775E+02
   3.988  0.9181E+00  0.1775E+02
   3.993  0.9056E+00  0.1776E+02
   3.998  0.8930E+00  0.1776E+02
   4.003  0.8804E+00  0.1777E+02
   4.008  0.8678E+00  0.1777E+02
   4.013  0.8551E+00  0.1777E+02
   4.018  0.8424E+00  0.1778E+02
   4.023  0.8297E+00  0.1778E+02
   4.028  0.8170E+00  0.1779E+02
   4.033  0.8042E+00  0.1779E+02
   4.038  0.7914E+00  0.1779E+02
   4.043  0.7787E+00  0.1780E+02
   4.048  0.7670E+00  0.1780E+02
   4.053  0.7556E+00  0.1781E+02
   4.058  0.7452E+00  0.1781E+02
   4.063  0.7352E+00  0.1781E+02
   4.068  0.7251E+00  0.1782E+02
   4.073  0.7155E+00  0.1782E+02
   4.078  0.7061E+00  0.1782E+02
   4.083  0.6969E+00  0.1783E+02
   4.088  0.6878E+00  0.1783E+02
   4.093  0.6787E+00  0.1783E+02
   4.098  0.6697E+00  0.1784E+02
   4.103  0.6607E+00  0.1784E+02
   4.108  0.6517E+00  0.1784E+02
   4.113  0.6428E+00  0.1785E+02
   4.118  0.6339E+00  0.1785E+02
   4.123  0.6254E+00  0.1785E+02
   4.128  0.6169E+00  0.1786E+02
   4.133  0.6084E+00  0.1786E+02
   4.138  0.5998E+00  0.1786E+02
   4.143  0.5913E+00  0.1787E+02
   4.148  0.5827E+00  0.1787E+02
   4.153  0.5741E+00  0.1787E+02
   4.158  0.5655E+00  0.1788E+02
   4.163  0.5595E+00  0.1788E+02
   4.168  0.5542E+00  0.1788E+02
   4.173  0.5481E+00  0.1788E+02
   4.178  0.5412E+00  0.1789E+02
   4.183  0.5337E+00  0.1789E+02
   4.188  0.5256E+00  0.1789E+02
   4.193  0.5169E+00  0.1789E+02
   4.198  0.5077E+00  0.1790E+02
   4.203  0.4980E+00  0.1790E+02
   4.208  0.4876E+00  0.1790E+02
   4.213  0.4766E+00  0.1790E+02
   4.218  0.4648E+00  0.1791E+02
   4.223  0.4522E+00  0.1791E+02
   4.228  0.4387E+00  0.1791E+02
   4.233  0.4323E+00  0.1791E+02
   4.238  0.4261E+00  0.1792E+02
   4.243  0.4200E+00  0.1792E+02
   4.248  0.4144E+00  0.1792E+02
   4.253  0.4087E+00  0.1792E+02
   4.258  0.4033E+00  0.1792E+02
   4.263  0.3978E+00  0.1793E+02
   4.268  0.3925E+00  0.1793E+02
   4.273  0.3871E+00  0.1793E+02
   4.278  0.3817E+00  0.1793E+02
   4.283  0.3762E+00  0.1793E+02
   4.288  0.3706E+00  0.1794E+02
   4.293  0.3650E+00  0.1794E+02
   4.298  0.3592E+00  0.1794E+02
   4.303  0.3534E+00  0.1794E+02
   4.308  0.3475E+00  0.1794E+02
   4.313  0.3416E+00  0.1794E+02
   4.318  0.3355E+00  0.1795E+02
   4.323  0.3294E+00  0.1795E+02
   4.328  0.3232E+00  0.1795E+02
   4.333  0.3171E+00  0.1795E+02
   4.338  0.3110E+00  0.1795E+02
   4.343  0.3050E+00  0.1795E+02
   4.348  0.2992E+00  0.1796E+02
   4.353  0.2936E+00  0.1796E+02
   4.358  0.2883E+00  0.1796E+02
   4.363  0.2832E+00  0.1796E+02
   4.368  0.2781E+00  0.1796E+02
   4.373  0.2730E+00  0.1796E+02
   4.378  0.2678E+00  0.1796E+02
   4.383  0.2627E+00  0.1797E+02
   4.388  0.2575E+00  0.1797E+02
   4.393  0.2527E+00  0.1797E+02
   4.398  0.2483E+00  0.1797E+02
   4.403  0.2443E+00  0.1797E+02
   4.408  0.2404E+00  0.1797E+02
   4.413  0.2364E+00  0.1797E+02
   4.418  0.2323E+00  0.1797E+02
   4.423  0.2280E+00  0.1798E+02
   4.428  0.2236E+00  0.1798E+02
   4.433  0.2190E+00  0.1798E+02
   4.438  0.2143E+00  0.1798E+02
   4.443  0.2095E+00  0.1798E+02
   4.448  0.2046E+00  0.1798E+02
   4.453  0.1995E+00  0.1798E+02
   4.458  0.1943E+00  0.1798E+02
   4.463  0.1890E+00  0.1798E+02
   4.468  0.1835E+00  0.1798E+02
   4.473  0.1779E+00  0.1799E+02
   4.478  0.1721E+00  0.1799E+02
   4.483  0.1663E+00  0.1799E+02
   4.488  0.1605E+00  0.1799E+02
   4.493  0.1547E+00  0.1799E+02
   4.498  0.1491E+00  0.1799E+02
   4.503  0.1439E+00  0.1799E+02
   4.508  0.1387E+00  0.1799E+02
   4.513  0.1334E+00  0.1799E+02
   4.518  0.1287E+00  0.1799E+02
   4.523  0.1243E+00  0.1799E+02
   4.528  0.1197E+00  0.1799E+02
   4.533  0.1150E+00  0.1799E+02
   4.538  0.1101E+00  0.1799E+02
   4.543  0.1052E+00  0.1800E+02
   4.548  0.1001E+00  0.1800E+02
   4.553  0.9488E-01  0.1800E+02
   4.558  0.8954E-01  0.1800E+02
   4.563  0.8407E-01  0.1800E+02
   4.568  0.7847E-01  0.1800E+02
   4.573  0.7275E-01  0.1800E+02
   4.578  0.6690E-01  0.1800E+02
   4.583  0.6093E-01  0.1800E+02
   4.588  0.5483E-01  0.1800E+02
   4.593  0.4860E-01  0.1800E+02
   4.598  0.4224E-01  0.1800E+02
   4.603  0.3551E-01  0.1800E+02
   4.608  0.2848E-01  0.1800E+02
   4.613  0.2138E-01  0.1800E+02
   4.618  0.1529E-01  0.1800E+02
   4.623  0.1022E-01  0.1800E+02
   4.628  0.6174E-02  0.1800E+02
   4.633  0.3139E-02  0.1800E+02
   4.638  0.1121E-02  0.1800E+02
   4.643  0.1197E-03  0.1800E+02
   4.648  0.0000E+00  0.1800E+02
   4.653  0.0000E+00  0.1800E+02
   4.658  0.0000E+00  0.1800E+02
   4.663  0.0000E+00  0.1800E+02
   4.668  0.0000E+00  0.1800E+02
   4.673  0.0000E+00  0.1800E+02
   4.678  0.0000E+00  0.1800E+02
   4.683  0.0000E+00  0.1800E+02
   4.688  0.0000E+00  0.1800E+02
   4.693  0.0000E+00  0.1800E+02
   4.698  0.0000E+00  0.1800E+02
   4.703  0.0000E+00  0.1800E+02
   4.708  0.0000E+00  0.1800E+02
   4.713  0.0000E+00  0.1800E+02
   4.718  0.0000E+00  0.1800E+02
   4.723  0.0000E+00  0.1800E+02
   4.728  0.0000E+00  0.1800E+02
   4.733  0.0000E+00  0.1800E+02
   4.738  0.0000E+00  0.1800E+02
   4.743  0.0000E+00  0.1800E+02
   4.748  0.0000E+00  0.1800E+02
   4.753  0.0000E+00  0.1800E+02
   4.758  0.0000E+00  0.1800E+02
   4.763  0.0000E+00  0.1800E+02
   4.768  0.0000E+00  0.1800E+02
   4.773  0.0000E+00  0.1800E+02
   4.778  0.0000E+00  0.1800E+02
   4.783  0.0000E+00  0.1800E+02
   4.788  0.0000E+00  0.1800E+02
   4.793  0.0000E+00  0.1800E+02
   4.798  0.0000E+00  0.1800E+02
   4.803  0.0000E+00  0.1800E+02
   4.808  0.0000E+00  0.1800E+02
   4.813  0.0000E+00  0.1800E+02
   4.818  0.0000E+00  0.1800E+02
   4.823  0.0000E+00  0.1800E+02
   4.828  0.0000E+00  0.1800E+02
   4.833  0.0000E+00  0.1800E+02
   4.838  0.0000E+00  0.1800E+02
   4.843  0.0000E+00  0.1800E+02
   4.848  0.0000E+00  0.1800E+02
   4.853  0.0000E+00  0.1800E+02
   4.858  0.0000E+00  0.1800E+02
   4.863  0.0000E+00  0.1800E+02
   4.868  0.0000E+00  0.1800E+02
   4.873  0.0000E+00  0.1800E+02
   4.878  0.0000E+00  0.1800E+02
   4.883  0.0000E+00  0.1800E+02
   4.888  0.0000E+00  0.1800E+02
   4.893  0.0000E+00  0.1800E+02
   4.898  0.0000E+00  0.1800E+02
   4.903  0.0000E+00  0.1800E+02
   4.908  0.0000E+00  0.1800E+02
   4.913  0.0000E+00  0.1800E+02
   4.918  0.0000E+00  0.1800E+02
   4.923  0.0000E+00  0.1800E+02
   4.928  0.0000E+00  0.1800E+02
   4.933  0.0000E+00  0.1800E+02
   4.938  0.0000E+00  0.1800E+02
   4.943  0.0000E+00  0.1800E+02
   4.948  0.0000E+00  0.1800E+02
   4.953  0.3324E-06  0.1800E+02
   4.958  0.2029E-05  0.1800E+02
   4.963  0.5164E-05  0.1800E+02
   4.968  0.9737E-05  0.1800E+02
   4.973  0.1575E-04  0.1800E+02
   4.978  0.2320E-04  0.1800E+02
   4.983  0.3208E-04  0.1800E+02
   4.988  0.4241E-04  0.1800E+02
   4.993  0.5417E-04  0.1800E+02
   4.998  0.6738E-04  0.1800E+02
   5.003  0.8202E-04  0.1800E+02
   5.008  0.9809E-04  0.1800E+02
   5.013  0.1156E-03  0.1800E+02
   5.018  0.1346E-03  0.1800E+02
   5.023  0.1550E-03  0.1800E+02
   5.028  0.1768E-03  0.1800E+02
   5.033  0.2001E-03  0.1800E+02
   5.038  0.2248E-03  0.1800E+02
   5.043  0.2509E-03  0.1800E+02
   5.048  0.2785E-03  0.1800E+02
   5.053  0.3075E-03  0.1800E+02
   5.058  0.3380E-03  0.1800E+02
   5.063  0.3699E-03  0.1800E+02
   5.068  0.4032E-03  0.1800E+02
   5.073  0.4380E-03  0.1800E+02
   5.078  0.4742E-03  0.1800E+02
   5.083  0.5118E-03  0.1800E+02
   5.088  0.5509E-03  0.1800E+02
   5.093  0.5914E-03  0.1800E+02
   5.098  0.6334E-03  0.1800E+02
   5.103  0.6768E-03  0.1800E+02
   5.108  0.7217E-03  0.1800E+02
   5.113  0.7679E-03  0.1800E+02
   5.118  0.8156E-03  0.1800E+02
   5.123  0.8648E-03  0.1800E+02
   5.128  0.9154E-03  0.1800E+02
   5.133  0.9674E-03  0.1800E+02
   5.138  0.1021E-02  0.1800E+02
   5.143  0.1076E-02  0.1800E+02
   5.148  0.1132E-02  0.1800E+02
   5.153  0.1190E-02  0.1800E+02
   5.158  0.1249E-02  0.1800E+02
   5.163  0.1310E-02  0.1800E+02
   5.168  0.1372E-02  0.1800E+02
   5.173  0.1435E-02  0.1800E+02
   5.178  0.1500E-02  0.1800E+02
   5.183  0.1567E-02  0.1800E+02
   5.188  0.1635E-02  0.1800E+02
   5.193  0.1704E-02  0.1800E+02
   5.198  0.1775E-02  0.1800E+02
   5.203  0.1847E-02  0.1800E+02
   5.208  0.1920E-02  0.1800E+02
   5.213  0.1995E-02  0.1800E+02
   5.218  0.2072E-02  0.1800E+02
   5.223  0.2150E-02  0.1800E+02
   5.228  0.2229E-02  0.1800E+02
   5.233  0.2310E-02  0.1800E+02
   5.238  0.2392E-02  0.1800E+02
   5.243  0.2476E-02  0.1800E+02
   5.248  0.2561E-02  0.1800E+02
   5.253  0.2648E-02  0.1800E+02
   5.258  0.2736E-02  0.1800E+02
   5.263  0.2825E-02  0.1800E+02
   5.268  0.2916E-02  0.1800E+02
   5.273  0.3008E-02  0.1800E+02
   5.278  0.3102E-02  0.1800E+02
   5.283  0.3197E-02  0.1800E+02
   5.288  0.3294E-02  0.1800E+02
   5.293  0.3392E-02  0.1800E+02
   5.298  0.3491E-02  0.1800E+02
   5.303  0.3592E-02  0.1800E+02
   5.308  0.3694E-02  0.1800E+02
   5.313  0.3798E-02  0.1800E+02
   5.318  0.3904E-02  0.1800E+02
   5.323  0.4010E-02  0.1800E+02
   5.328  0.4118E-02  0.1800E+02
   5.333  0.4228E-02  0.1800E+02
   5.338  0.4339E-02  0.1800E+02
   5.343  0.4451E-02  0.1800E+02
   5.348  0.4565E-02  0.1800E+02
   5.353  0.4680E-02  0.1800E+02
   5.358  0.4797E-02  0.1800E+02
   5.363  0.4915E-02  0.1800E+02
   5.368  0.5035E-02  0.1800E+02
   5.373  0.5156E-02  0.1800E+02
   5.378  0.5279E-02  0.1800E+02
   5.383  0.5403E-02  0.1800E+02
   5.388  0.5528E-02  0.1800E+02
   5.393  0.5655E-02  0.1800E+02
   5.398  0.5783E-02  0.1800E+02
   5.403  0.5913E-02  0.1800E+02
   5.408  0.6044E-02  0.1800E+02
   5.413  0.6176E-02  0.1800E+02
   5.418  0.6310E-02  0.1800E+02
   5.423  0.6446E-02  0.1800E+02
   5.428  0.6583E-02  0.1800E+02
   5.433  0.6721E-02  0.1800E+02
   5.438  0.6861E-02  0.1800E+02
   5.443  0.7002E-02  0.1800E+02
   5.448  0.7145E-02  0.1800E+02
   5.453  0.7289E-02  0.1800E+02
   5.458  0.7434E-02  0.1800E+02
   5.463  0.7581E-02  0.1800E+02
   5.468  0.7729E-02  0.1800E+02
   5.473  0.8344E-02  0.1800E+02
   5.478  0.9877E-02  0.1800E+02
   5.483  0.1135E-01  0.1800E+02
   5.488  0.1275E-01  0.1800E+02
   5.493  0.1409E-01  0.1800E+02
   5.498  0.1536E-01  0.1800E+02
   5.503  0.1657E-01  0.1800E+02
   5.508  0.1771E-01  0.1800E+02
   5.513  0.1879E-01  0.1800E+02
   5.518  0.1980E-01  0.1800E+02
   5.523  0.2075E-01  0.1800E+02
   5.528  0.2164E-01  0.1800E+02
   5.533  0.2245E-01  0.1800E+02
   5.538  0.2321E-01  0.1800E+02
   5.543  0.2389E-01  0.1800E+02
   5.548  0.2452E-01  0.1800E+02
   5.553  0.2508E-01  0.1800E+02
   5.558  0.2557E-01  0.1800E+02
   5.563  0.2600E-01  0.1800E+02
   5.568  0.2636E-01  0.1800E+02
   5.573  0.2666E-01  0.1800E+02
   5.578  0.2689E-01  0.1800E+02
   5.583  0.2706E-01  0.1800E+02
   5.588  0.2716E-01  0.1800E+02
   5.593  0.2720E-01  0.1800E+02
   5.598  0.2717E-01  0.1800E+02
   5.603  0.2708E-01  0.1800E+02
   5.608  0.2692E-01  0.1800E+02
   5.613  0.2670E-01  0.1800E+02
   5.618  0.2641E-01  0.1800E+02
   5.623  0.2606E-01  0.1800E+02
   5.628  0.2613E-01  0.1800E+02
   5.633  0.2653E-01  0.1800E+02
   5.638  0.2693E-01  0.1801E+02
   5.643  0.2734E-01  0.1801E+02
   5.648  0.2775E-01  0.1801E+02
   5.653  0.2816E-01  0.1801E+02
   5.658  0.2857E-01  0.1801E+02
   5.663  0.2898E-01  0.1801E+02
   5.668  0.2940E-01  0.1801E+02
   5.673  0.2982E-01  0.1801E+02
   5.678  0.3024E-01  0.1801E+02
   5.683  0.3066E-01  0.1801E+02
   5.688  0.3109E-01  0.1801E+02
   5.693  0.3152E-01  0.1801E+02
   5.698  0.3195E-01  0.1801E+02
   5.703  0.3238E-01  0.1801E+02
   5.708  0.3282E-01  0.1801E+02
   5.713  0.3325E-01  0.1801E+02
   5.718  0.3369E-01  0.1801E+02
   5.723  0.3414E-01  0.1801E+02
   5.728  0.3458E-01  0.1801E+02
   5.733  0.3503E-01  0.1801E+02
   5.738  0.3548E-01  0.1801E+02
   5.743  0.3593E-01  0.1801E+02
   5.748  0.3639E-01  0.1801E+02
   5.753  0.3684E-01  0.1801E+02
   5.758  0.3730E-01  0.1801E+02
   5.763  0.3776E-01  0.1801E+02
   5.768  0.3823E-01  0.1801E+02
   5.773  0.3869E-01  0.1801E+02
   5.778  0.3916E-01  0.1801E+02
   5.783  0.3963E-01  0.1801E+02
   5.788  0.4011E-01  0.1801E+02
   5.793  0.4058E-01  0.1801E+02
   5.798  0.4106E-01  0.1801E+02
   5.803  0.4154E-01  0.1801E+02
   5.808  0.4203E-01  0.1801E+02
   5.813  0.4251E-01  0.1801E+02
   5.818  0.4300E-01  0.1801E+02
   5.823  0.4349E-01  0.1801E+02
   5.828  0.4398E-01  0.1801E+02
   5.833  0.4448E-01  0.1801E+02
   5.838  0.4497E-01  0.1801E+02
   5.843  0.4553E-01  0.1801E+02
   5.848  0.4618E-01  0.1801E+02
   5.853  0.4684E-01  0.1801E+02
   5.858  0.4752E-01  0.1801E+02
   5.863  0.4820E-01  0.1801E+02
   5.868  0.4890E-01  0.1801E+02
   5.873  0.4960E-01  0.1801E+02
   5.878  0.5032E-01  0.1801E+02
   5.883  0.5105E-01  0.1801E+02
   5.888  0.5178E-01  0.1801E+02
   5.893  0.5265E-01  0.1801E+02
   5.898  0.5360E-01  0.1802E+02
   5.903  0.5458E-01  0.1802E+02
   5.908  0.5558E-01  0.1802E+02
   5.913  0.5661E-01  0.1802E+02
   5.918  0.5766E-01  0.1802E+02
   5.923  0.5874E-01  0.1802E+02
   5.928  0.5985E-01  0.1802E+02
   5.933  0.6097E-01  0.1802E+02
   5.938  0.6213E-01  0.1802E+02
   5.943  0.6330E-01  0.1802E+02
   5.948  0.6451E-01  0.1802E+02
   5.953  0.6574E-01  0.1802E+02
   5.958  0.6699E-01  0.1802E+02
   5.963  0.6827E-01  0.1802E+02
   5.968  0.6957E-01  0.1802E+02
   5.973  0.7089E-01  0.1802E+02
   5.978  0.7220E-01  0.1802E+02
   5.983  0.7350E-01  0.1802E+02
   5.988  0.7477E-01  0.1802E+02
   5.993  0.7603E-01  0.1802E+02
   5.998  0.7728E-01  0.1802E+02
   6.003  0.7850E-01  0.1802E+02
   6.008  0.7971E-01  0.1802E+02
   6.013  0.8090E-01  0.1802E+02
   6.018  0.8207E-01  0.1802E+02
   6.023  0.8322E-01  0.1802E+02
   6.028  0.8436E-01  0.1802E+02
   6.033  0.8548E-01  0.1802E+02
   6.038  0.8658E-01  0.1802E+02
   6.043  0.8766E-01  0.1803E+02
   6.048  0.8873E-01  0.1803E+02
   6.053  0.8986E-01  0.1803E+02
   6.058  0.9103E-01  0.1803E+02
   6.063  0.9219E-01  0.1803E+02
   6.068  0.9335E-01  0.1803E+02
   6.073  0.9449E-01  0.1803E+02
   6.078  0.9563E-01  0.1803E+02
   6.083  0.9677E-01  0.1803E+02
   6.088  0.9790E-01  0.1803E+02
   6.093  0.9902E-01  0.1803E+02
   6.098  0.1003E+00  0.1803E+02
   6.103  0.1015E+00  0.1803E+02
   6.108  0.1028E+00  0.1803E+02
   6.113  0.1041E+00  0.1803E+02
   6.118  0.1054E+00  0.1803E+02
   6.123  0.1068E+00  0.1803E+02
   6.128  0.1085E+00  0.1803E+02
   6.133  0.1107E+00  0.1803E+02
   6.138  0.1133E+00  0.1803E+02
   6.143  0.1162E+00  0.1804E+02
   6.148  0.1194E+00  0.1804E+02
   6.153  0.1227E+00  0.1804E+02
   6.158  0.1263E+00  0.1804E+02
   6.163  0.1301E+00  0.1804E+02
   6.168  0.1341E+00  0.1804E+02
   6.173  0.1382E+00  0.1804E+02
   6.178  0.1426E+00  0.1804E+02
   6.183  0.1472E+00  0.1804E+02
   6.188  0.1520E+00  0.1804E+02
   6.193  0.1571E+00  0.1804E+02
   6.198  0.1623E+00  0.1804E+02
   6.203  0.1678E+00  0.1804E+02
   6.208  0.1736E+00  0.1804E+02
   6.213  0.1797E+00  0.1805E+02
   6.218  0.1865E+00  0.1805E+02
   6.223  0.1948E+00  0.1805E+02
   6.228  0.2046E+00  0.1805E+02
   6.233  0.2155E+00  0.1805E+02
   6.238  0.2266E+00  0.1805E+02
   6.243  0.2377E+00  0.1805E+02
   6.248  0.2490E+00  0.1805E+02
   6.253  0.2603E+00  0.1805E+02
   6.258  0.2716E+00  0.1806E+02
   6.263  0.2829E+00  0.1806E+02
   6.268  0.2943E+00  0.1806E+02
   6.273  0.3056E+00  0.1806E+02
   6.278  0.3170E+00  0.1806E+02
   6.283  0.3285E+00  0.1806E+02
   6.288  0.3399E+00  0.1806E+02
   6.293  0.3514E+00  0.1807E+02
   6.298  0.3629E+00  0.1807E+02
   6.303  0.3744E+00  0.1807E+02
   6.308  0.3859E+00  0.1807E+02
   6.313  0.3982E+00  0.1807E+02
   6.318  0.4105E+00  0.1808E+02
   6.323  0.4227E+00  0.1808E+02
   6.328  0.4349E+00  0.1808E+02
   6.333  0.4472E+00  0.1808E+02
   6.338  0.4929E+00  0.1809E+02
   6.343  0.5017E+00  0.1809E+02
   6.348  0.5104E+00  0.1809E+02
   6.353  0.5189E+00  0.1809E+02
   6.358  0.5273E+00  0.1810E+02
   6.363  0.5355E+00  0.1810E+02
   6.368  0.5688E+00  0.1810E+02
   6.373  0.5571E+00  0.1810E+02
   6.378  0.5437E+00  0.1811E+02
   6.383  0.5512E+00  0.1811E+02
   6.388  0.5585E+00  0.1811E+02
   6.393  0.5656E+00  0.1812E+02
   6.398  0.5727E+00  0.1812E+02
   6.403  0.5796E+00  0.1812E+02
   6.408  0.5948E+00  0.1812E+02
   6.413  0.6462E+00  0.1813E+02
   6.418  0.1071E+01  0.1813E+02
   6.423  0.6676E+00  0.1813E+02
   6.428  0.6488E+00  0.1814E+02
   6.433  0.6317E+00  0.1814E+02
   6.438  0.6165E+00  0.1814E+02
   6.443  0.6044E+00  0.1815E+02
   6.448  0.6138E+00  0.1815E+02
   6.453  0.6343E+00  0.1815E+02
   6.458  0.6210E+00  0.1816E+02
   6.463  0.6080E+00  0.1816E+02
   6.468  0.6120E+00  0.1816E+02
   6.473  0.6160E+00  0.1817E+02
   6.478  0.6200E+00  0.1817E+02
   6.483  0.6239E+00  0.1817E+02
   6.488  0.6278E+00  0.1818E+02
   6.493  0.6316E+00  0.1818E+02
   6.498  0.6354E+00  0.1818E+02
   6.503  0.7468E+00  0.1819E+02
   6.508  0.7506E+00  0.1819E+02
   6.513  0.6802E+00  0.1819E+02
   6.518  0.6587E+00  0.1820E+02
   6.523  0.6390E+00  0.1820E+02
   6.528  0.6212E+00  0.1820E+02
   6.533  0.6158E+00  0.1821E+02
   6.538  0.6187E+00  0.1821E+02
   6.543  0.6216E+00  0.1821E+02
   6.548  0.6245E+00  0.1821E+02
   6.553  0.6273E+00  0.1822E+02
   6.558  0.6302E+00  0.1822E+02
   6.563  0.6330E+00  0.1822E+02
   6.568  0.6359E+00  0.1823E+02
   6.573  0.6387E+00  0.1823E+02
   6.578  0.6415E+00  0.1823E+02
   6.583  0.6444E+00  0.1824E+02
   6.588  0.6472E+00  0.1824E+02
   6.593  0.6501E+00  0.1824E+02
   6.598  0.6530E+00  0.1825E+02
   6.603  0.6560E+00  0.1825E+02
   6.608  0.6591E+00  0.1825E+02
   6.613  0.6622E+00  0.1826E+02
   6.618  0.6653E+00  0.1826E+02
   6.623  0.6685E+00  0.1826E+02
   6.628  0.6717E+00  0.1827E+02
   6.633  0.6750E+00  0.1827E+02
   6.638  0.6784E+00  0.1827E+02
   6.643  0.6818E+00  0.1828E+02
   6.648  0.6852E+00  0.1828E+02
   6.653  0.6887E+00  0.1828E+02
   6.658  0.6922E+00  0.1829E+02
   6.663  0.6958E+00  0.1829E+02
   6.668  0.6994E+00  0.1829E+02
   6.673  0.7017E+00  0.1830E+02
   6.678  0.7041E+00  0.1830E+02
   6.683  0.7065E+00  0.1830E+02
   6.688  0.7090E+00  0.1831E+02
   6.693  0.7166E+00  0.1831E+02
   6.698  0.7240E+00  0.1832E+02
   6.703  0.7312E+00  0.1832E+02
   6.708  0.7356E+00  0.1832E+02
   6.713  0.7399E+00  0.1833E+02
   6.718  0.7444E+00  0.1833E+02
   6.723  0.7488E+00  0.1833E+02
   6.728  0.7534E+00  0.1834E+02
   6.733  0.7580E+00  0.1834E+02
   6.738  0.7637E+00  0.1834E+02
   6.743  0.7727E+00  0.1835E+02
   6.748  0.7831E+00  0.1835E+02
   6.753  0.7916E+00  0.1836E+02
   6.758  0.7905E+00  0.1836E+02
   6.763  0.7897E+00  0.1836E+02
   6.768  0.7892E+00  0.1837E+02
   6.773  0.7891E+00  0.1837E+02
   6.778  0.7893E+00  0.1838E+02
   6.783  0.7899E+00  0.1838E+02
   6.788  0.7908E+00  0.1838E+02
   6.793  0.7920E+00  0.1839E+02
   6.798  0.7940E+00  0.1839E+02
   6.803  0.7952E+00  0.1840E+02
   6.808  0.7965E+00  0.1840E+02
   6.813  0.8005E+00  0.1840E+02
   6.818  0.8062E+00  0.1841E+02
   6.823  0.8123E+00  0.1841E+02
   6.828  0.8177E+00  0.1842E+02
   6.833  0.8214E+00  0.1842E+02
   6.838  0.8254E+00  0.1842E+02
   6.843  0.8295E+00  0.1843E+02
   6.848  0.8338E+00  0.1843E+02
   6.853  0.8384E+00  0.1844E+02
   6.858  0.8429E+00  0.1844E+02
   6.863  0.8476E+00  0.1845E+02
   6.868  0.8528E+00  0.1845E+02
   6.873  0.8594E+00  0.1845E+02
   6.878  0.8665E+00  0.1846E+02
   6.883  0.8741E+00  0.1846E+02
   6.888  0.8821E+00  0.1847E+02
   6.893  0.8852E+00  0.1847E+02
   6.898  0.8864E+00  0.1848E+02
   6.903  0.8876E+00  0.1848E+02
   6.908  0.8889E+00  0.1848E+02
   6.913  0.8903E+00  0.1849E+02
   6.918  0.8917E+00  0.1849E+02
   6.923  0.8933E+00  0.1850E+02
   6.928  0.8949E+00  0.1850E+02
   6.933  0.8967E+00  0.1851E+02
   6.938  0.8985E+00  0.1851E+02
   6.943  0.9004E+00  0.1852E+02
   6.948  0.9027E+00  0.1852E+02
   6.953  0.9053E+00  0.1852E+02
   6.958  0.9087E+00  0.1853E+02
   6.963  0.9123E+00  0.1853E+02
   6.968  0.9161E+00  0.1854E+02
   6.973  0.9199E+00  0.1854E+02
   6.978  0.9237E+00  0.1855E+02
   6.983  0.9276E+00  0.1855E+02
   6.988  0.9316E+00  0.1856E+02
   6.993  0.9358E+00  0.1856E+02
   6.998  0.9401E+00  0.1857E+02
   7.003  0.9446E+00  0.1857E+02
   7.008  0.9493E+00  0.1858E+02
   7.013  0.9541E+00  0.1858E+02
   7.018  0.9591E+00  0.1859E+02
   7.023  0.9659E+00  0.1859E+02
   7.028  0.9768E+00  0.1860E+02
   7.033  0.9918E+00  0.1860E+02
   7.038  0.1011E+01  0.1860E+02
   7.043  0.1034E+01  0.1861E+02
   7.048  0.1061E+01  0.1862E+02
   7.053  0.1092E+01  0.1862E+02
   7.058  0.1127E+01  0.1863E+02
   7.063  0.1166E+01  0.1863E+02
   7.068  0.1189E+01  0.1864E+02
   7.073  0.1211E+01  0.1864E+02
   7.078  0.1234E+01  0.1865E+02
   7.083  0.1258E+01  0.1866E+02
   7.088  0.1283E+01  0.1866E+02
   7.093  0.1311E+01  0.1867E+02
   7.098  0.1356E+01  0.1868E+02
   7.103  0.1391E+01  0.1868E+02
   7.108  0.1416E+01  0.1869E+02
   7.113  0.1443E+01  0.1870E+02
   7.118  0.1472E+01  0.1870E+02
   7.123  0.1503E+01  0.1871E+02
   7.128  0.1538E+01  0.1872E+02
   7.133  0.1576E+01  0.1873E+02
   7.138  0.1607E+01  0.1873E+02
   7.143  0.1643E+01  0.1874E+02
   7.148  0.1716E+01  0.1875E+02
   7.153  0.1798E+01  0.1876E+02
   7.158  0.1877E+01  0.1877E+02
   7.163  0.1942E+01  0.1878E+02
   7.168  0.1986E+01  0.1879E+02
   7.173  0.2030E+01  0.1880E+02
   7.178  0.2076E+01  0.1881E+02
   7.183  0.2125E+01  0.1882E+02
   7.188  0.2178E+01  0.1883E+02
   7.193  0.2288E+01  0.1884E+02
   7.198  0.2294E+01  0.1885E+02
   7.203  0.2296E+01  0.1886E+02
   7.208  0.2297E+01  0.1888E+02
   7.213  0.2298E+01  0.1889E+02
   7.218  0.2301E+01  0.1890E+02
   7.223  0.2307E+01  0.1891E+02
   7.228  0.2311E+01  0.1892E+02
   7.233  0.2319E+01  0.1893E+02
   7.238  0.2329E+01  0.1895E+02
   7.243  0.2339E+01  0.1896E+02
   7.248  0.2349E+01  0.1897E+02
   7.253  0.2364E+01  0.1898E+02
   7.258  0.2382E+01  0.1899E+02
   7.263  0.2400E+01  0.1900E+02
   7.268  0.2418E+01  0.1902E+02
   7.273  0.2434E+01  0.1903E+02
   7.278  0.2454E+01  0.1904E+02
   7.283  0.2477E+01  0.1905E+02
   7.288  0.2504E+01  0.1907E+02
   7.293  0.2534E+01  0.1908E+02
   7.298  0.2567E+01  0.1909E+02
   7.303  0.2844E+01  0.1910E+02
   7.308  0.2978E+01  0.1912E+02
   7.313  0.2972E+01  0.1913E+02
   7.318  0.2910E+01  0.1915E+02
   7.323  0.2811E+01  0.1916E+02
   7.328  0.2774E+01  0.1918E+02
   7.333  0.2753E+01  0.1919E+02
   7.338  0.2735E+01  0.1920E+02
   7.343  0.2716E+01  0.1922E+02
   7.348  0.2686E+01  0.1923E+02
   7.353  0.2657E+01  0.1924E+02
   7.358  0.2630E+01  0.1926E+02
   7.363  0.2599E+01  0.1927E+02
   7.368  0.2565E+01  0.1928E+02
   7.373  0.2538E+01  0.1930E+02
   7.378  0.2514E+01  0.1931E+02
   7.383  0.2489E+01  0.1932E+02
   7.388  0.2455E+01  0.1933E+02
   7.393  0.2422E+01  0.1935E+02
   7.398  0.2398E+01  0.1936E+02
   7.403  0.2373E+01  0.1937E+02
   7.408  0.2349E+01  0.1938E+02
   7.413  0.2324E+01  0.1939E+02
   7.418  0.2301E+01  0.1941E+02
   7.423  0.2277E+01  0.1942E+02
   7.428  0.2253E+01  0.1943E+02
   7.433  0.2222E+01  0.1944E+02
   7.438  0.2188E+01  0.1945E+02
   7.443  0.2152E+01  0.1946E+02
   7.448  0.2127E+01  0.1947E+02
   7.453  0.2122E+01  0.1948E+02
   7.458  0.2127E+01  0.1949E+02
   7.463  0.2097E+01  0.1950E+02
   7.468  0.2052E+01  0.1951E+02
   7.473  0.2010E+01  0.1952E+02
   7.478  0.1951E+01  0.1953E+02
   7.483  0.1924E+01  0.1954E+02
   7.488  0.1896E+01  0.1955E+02
   7.493  0.1869E+01  0.1956E+02
   7.498  0.1840E+01  0.1957E+02
   7.503  0.1810E+01  0.1958E+02
   7.508  0.1777E+01  0.1959E+02
   7.513  0.1746E+01  0.1960E+02
   7.518  0.1720E+01  0.1961E+02
   7.523  0.1695E+01  0.1962E+02
   7.528  0.1671E+01  0.1962E+02
   7.533  0.1646E+01  0.1963E+02
   7.538  0.1624E+01  0.1964E+02
   7.543  0.1604E+01  0.1965E+02
   7.548  0.1587E+01  0.1966E+02
   7.553  0.1570E+01  0.1966E+02
   7.558  0.1553E+01  0.1967E+02
   7.563  0.1537E+01  0.1968E+02
   7.568  0.1521E+01  0.1969E+02
   7.573  0.1503E+01  0.1970E+02
   7.578  0.1484E+01  0.1970E+02
   7.583  0.1466E+01  0.1971E+02
   7.588  0.1449E+01  0.1972E+02
   7.593  0.1435E+01  0.1973E+02
   7.598  0.1420E+01  0.1973E+02
   7.603  0.1406E+01  0.1974E+02
   7.608  0.1391E+01  0.1975E+02
   7.613  0.1376E+01  0.1975E+02
   7.618  0.1361E+01  0.1976E+02
   7.623  0.1347E+01  0.1977E+02
   7.628  0.1332E+01  0.1977E+02
   7.633  0.1318E+01  0.1978E+02
   7.638  0.1306E+01  0.1979E+02
   7.643  0.1301E+01  0.1979E+02
   7.648  0.1297E+01  0.1980E+02
   7.653  0.1294E+01  0.1981E+02
   7.658  0.1306E+01  0.1981E+02
   7.663  0.1316E+01  0.1982E+02
   7.668  0.1289E+01  0.1983E+02
   7.673  0.1267E+01  0.1983E+02
   7.678  0.1224E+01  0.1984E+02
   7.683  0.1215E+01  0.1984E+02
   7.688  0.1208E+01  0.1985E+02
   7.693  0.1200E+01  0.1986E+02
   7.698  0.1193E+01  0.1986E+02
   7.703  0.1186E+01  0.1987E+02
   7.708  0.1179E+01  0.1987E+02
   7.713  0.1172E+01  0.1988E+02
   7.718  0.1168E+01  0.1989E+02
   7.723  0.1164E+01  0.1989E+02
   7.728  0.1158E+01  0.1990E+02
   7.733  0.1152E+01  0.1990E+02
   7.738  0.1144E+01  0.1991E+02
   7.743  0.1136E+01  0.1991E+02
   7.748  0.1129E+01  0.1992E+02
   7.753  0.1122E+01  0.1993E+02
   7.758  0.1114E+01  0.1993E+02
   7.763  0.1106E+01  0.1994E+02
   7.768  0.1098E+01  0.1994E+02
   7.773  0.1120E+01  0.1995E+02
   7.778  0.1124E+01  0.1995E+02
   7.783  0.1107E+01  0.1996E+02
   7.788  0.1094E+01  0.1997E+02
   7.793  0.1087E+01  0.1997E+02
   7.798  0.1082E+01  0.1998E+02
   7.803  0.1061E+01  0.1998E+02
   7.808  0.1042E+01  0.1999E+02
   7.813  0.1028E+01  0.1999E+02
   7.818  0.1018E+01  0.2000E+02
   7.823  0.1009E+01  0.2000E+02
   7.828  0.1002E+01  0.2001E+02
   7.833  0.9968E+00  0.2001E+02
   7.838  0.9921E+00  0.2002E+02
   7.843  0.9868E+00  0.2002E+02
   7.848  0.9806E+00  0.2003E+02
   7.853  0.9737E+00  0.2003E+02
   7.858  0.9674E+00  0.2004E+02
   7.863  0.9607E+00  0.2004E+02
   7.868  0.9542E+00  0.2005E+02
   7.873  0.9482E+00  0.2005E+02
   7.878  0.9484E+00  0.2006E+02
   7.883  0.9729E+00  0.2006E+02
   7.888  0.9920E+00  0.2007E+02
   7.893  0.9580E+00  0.2007E+02
   7.898  0.9227E+00  0.2007E+02
   7.903  0.9184E+00  0.2008E+02
   7.908  0.9141E+00  0.2008E+02
   7.913  0.9097E+00  0.2009E+02
   7.918  0.9054E+00  0.2009E+02
   7.923  0.9012E+00  0.2010E+02
   7.928  0.8972E+00  0.2010E+02
   7.933  0.8932E+00  0.2011E+02
   7.938  0.8893E+00  0.2011E+02
   7.943  0.8857E+00  0.2012E+02
   7.948  0.8822E+00  0.2012E+02
   7.953  0.8789E+00  0.2012E+02
   7.958  0.8763E+00  0.2013E+02
   7.963  0.8735E+00  0.2013E+02
   7.968  0.8701E+00  0.2014E+02
   7.973  0.8663E+00  0.2014E+02
   7.978  0.8614E+00  0.2015E+02
   7.983  0.8568E+00  0.2015E+02
   7.988  0.8541E+00  0.2015E+02
   7.993  0.8531E+00  0.2016E+02
   7.998  0.8541E+00  0.2016E+02
   8.003  0.8568E+00  0.2017E+02
   8.008  0.8572E+00  0.2017E+02
   8.013  0.8498E+00  0.2018E+02
   8.018  0.8421E+00  0.2018E+02
   8.023  0.8343E+00  0.2018E+02
   8.028  0.8265E+00  0.2019E+02
   8.033  0.8186E+00  0.2019E+02
   8.038  0.8108E+00  0.2020E+02
   8.043  0.8029E+00  0.2020E+02
   8.048  0.7949E+00  0.2020E+02
   8.053  0.7388E+00  0.2021E+02
   8.058  0.7368E+00  0.2021E+02
   8.063  0.7348E+00  0.2022E+02
   8.068  0.7329E+00  0.2022E+02
   8.073  0.7310E+00  0.2022E+02
   8.078  0.7291E+00  0.2023E+02
   8.083  0.7220E+00  0.2023E+02
   8.088  0.6860E+00  0.2023E+02
   8.093  0.6818E+00  0.2024E+02
   8.098  0.6824E+00  0.2024E+02
   8.103  0.6829E+00  0.2024E+02
   8.108  0.6835E+00  0.2025E+02
   8.113  0.6840E+00  0.2025E+02
   8.118  0.6842E+00  0.2025E+02
   8.123  0.6844E+00  0.2026E+02
   8.128  0.6848E+00  0.2026E+02
   8.133  0.6853E+00  0.2027E+02
   8.138  0.6860E+00  0.2027E+02
   8.143  0.6869E+00  0.2027E+02
   8.148  0.6879E+00  0.2028E+02
   8.153  0.6891E+00  0.2028E+02
   8.158  0.6907E+00  0.2028E+02
   8.163  0.6930E+00  0.2029E+02
   8.168  0.6952E+00  0.2029E+02
   8.173  0.6972E+00  0.2029E+02
   8.178  0.6990E+00  0.2030E+02
   8.183  0.7007E+00  0.2030E+02
   8.188  0.7022E+00  0.2030E+02
   8.193  0.7035E+00  0.2031E+02
   8.198  0.7046E+00  0.2031E+02
   8.203  0.7056E+00  0.2031E+02
   8.208  0.7065E+00  0.2032E+02
   8.213  0.7073E+00  0.2032E+02
   8.218  0.7080E+00  0.2032E+02
   8.223  0.7086E+00  0.2033E+02
   8.228  0.7089E+00  0.2033E+02
   8.233  0.7089E+00  0.2033E+02
   8.238  0.7091E+00  0.2034E+02
   8.243  0.7092E+00  0.2034E+02
   8.248  0.7095E+00  0.2035E+02
   8.253  0.7097E+00  0.2035E+02
   8.258  0.7101E+00  0.2035E+02
   8.263  0.7105E+00  0.2036E+02
   8.268  0.7109E+00  0.2036E+02
   8.273  0.7114E+00  0.2036E+02
   8.278  0.7120E+00  0.2037E+02
   8.283  0.7125E+00  0.2037E+02
   8.288  0.7132E+00  0.2037E+02
   8.293  0.7138E+00  0.2038E+02
   8.298  0.7144E+00  0.2038E+02
   8.303  0.7151E+00  0.2038E+02
   8.308  0.7159E+00  0.2039E+02
   8.313  0.7168E+00  0.2039E+02
   8.318  0.7178E+00  0.2040E+02
   8.323  0.7188E+00  0.2040E+02
   8.328  0.7199E+00  0.2040E+02
   8.333  0.7210E+00  0.2041E+02
   8.338  0.7222E+00  0.2041E+02
   8.343  0.7234E+00  0.2041E+02
   8.348  0.7247E+00  0.2042E+02
   8.353  0.7261E+00  0.2042E+02
   8.358  0.7274E+00  0.2042E+02
   8.363  0.7289E+00  0.2043E+02
   8.368  0.7305E+00  0.2043E+02
   8.373  0.7323E+00  0.2044E+02
   8.378  0.7343E+00  0.2044E+02
   8.383  0.7364E+00  0.2044E+02
   8.388  0.7387E+00  0.2045E+02
   8.393  0.7411E+00  0.2045E+02
   8.398  0.7438E+00  0.2045E+02
   8.403  0.7468E+00  0.2046E+02
   8.408  0.7501E+00  0.2046E+02
   8.413  0.7534E+00  0.2046E+02
   8.418  0.7568E+00  0.2047E+02
   8.423  0.7605E+00  0.2047E+02
   8.428  0.7642E+00  0.2048E+02
   8.433  0.7604E+00  0.2048E+02
   8.438  0.7540E+00  0.2048E+02
   8.443  0.7501E+00  0.2049E+02
   8.448  0.7486E+00  0.2049E+02
   8.453  0.7494E+00  0.2050E+02
   8.458  0.7528E+00  0.2050E+02
   8.463  0.7574E+00  0.2050E+02
   8.468  0.7620E+00  0.2051E+02
   8.473  0.7667E+00  0.2051E+02
   8.478  0.7715E+00  0.2051E+02
   8.483  0.7764E+00  0.2052E+02
   8.488  0.7813E+00  0.2052E+02
   8.493  0.7868E+00  0.2053E+02
   8.498  0.7931E+00  0.2053E+02
   8.503  0.7993E+00  0.2053E+02
   8.508  0.8057E+00  0.2054E+02
   8.513  0.8118E+00  0.2054E+02
   8.518  0.8179E+00  0.2055E+02
   8.523  0.8240E+00  0.2055E+02
   8.528  0.8301E+00  0.2055E+02
   8.533  0.8363E+00  0.2056E+02
   8.538  0.8425E+00  0.2056E+02
   8.543  0.8497E+00  0.2057E+02
   8.548  0.8577E+00  0.2057E+02
   8.553  0.8656E+00  0.2058E+02
   8.558  0.8736E+00  0.2058E+02
   8.563  0.8816E+00  0.2058E+02
   8.568  0.8898E+00  0.2059E+02
   8.573  0.8980E+00  0.2059E+02
   8.578  0.9066E+00  0.2060E+02
   8.583  0.9153E+00  0.2060E+02
   8.588  0.9241E+00  0.2061E+02
   8.593  0.9332E+00  0.2061E+02
   8.598  0.9424E+00  0.2062E+02
   8.603  0.9519E+00  0.2062E+02
   8.608  0.9614E+00  0.2063E+02
   8.613  0.9703E+00  0.2063E+02
   8.618  0.9795E+00  0.2064E+02
   8.623  0.9900E+00  0.2064E+02
   8.628  0.1001E+01  0.2065E+02
   8.633  0.1012E+01  0.2065E+02
   8.638  0.1022E+01  0.2066E+02
   8.643  0.1033E+01  0.2066E+02
   8.648  0.1044E+01  0.2067E+02
   8.653  0.1055E+01  0.2067E+02
   8.658  0.1067E+01  0.2068E+02
   8.663  0.1078E+01  0.2068E+02
   8.668  0.1090E+01  0.2069E+02
   8.673  0.1101E+01  0.2069E+02
   8.678  0.1113E+01  0.2070E+02
   8.683  0.1125E+01  0.2070E+02
   8.688  0.1137E+01  0.2071E+02
   8.693  0.1149E+01  0.2071E+02
   8.698  0.1161E+01  0.2072E+02
   8.703  0.1174E+01  0.2073E+02
   8.708  0.1186E+01  0.2073E+02
   8.713  0.1199E+01  0.2074E+02
   8.718  0.1211E+01  0.2074E+02
   8.723  0.1224E+01  0.2075E+02
   8.728  0.1236E+01  0.2076E+02
   8.733  0.1248E+01  0.2076E+02
   8.738  0.1260E+01  0.2077E+02
   8.743  0.1271E+01  0.2078E+02
   8.748  0.1282E+01  0.2078E+02
   8.753  0.1293E+01  0.2079E+02
   8.758  0.1304E+01  0.2079E+02
   8.763  0.1315E+01  0.2080E+02
   8.768  0.1325E+01  0.2081E+02
   8.773  0.1336E+01  0.2081E+02
   8.778  0.1346E+01  0.2082E+02
   8.783  0.1355E+01  0.2083E+02
   8.788  0.1370E+01  0.2083E+02
   8.793  0.1385E+01  0.2084E+02
   8.798  0.1396E+01  0.2085E+02
   8.803  0.1403E+01  0.2086E+02
   8.808  0.1407E+01  0.2086E+02
   8.813  0.1406E+01  0.2087E+02
   8.818  0.1402E+01  0.2088E+02
   8.823  0.1394E+01  0.2088E+02
   8.828  0.1341E+01  0.2089E+02
   8.833  0.1339E+01  0.2090E+02
   8.838  0.1337E+01  0.2090E+02
   8.843  0.1336E+01  0.2091E+02
   8.848  0.1334E+01  0.2092E+02
   8.853  0.1330E+01  0.2092E+02
   8.858  0.1330E+01  0.2093E+02
   8.863  0.1332E+01  0.2094E+02
   8.868  0.1334E+01  0.2094E+02
   8.873  0.1336E+01  0.2095E+02
   8.878  0.1339E+01  0.2096E+02
   8.883  0.1341E+01  0.2096E+02
   8.888  0.1344E+01  0.2097E+02
   8.893  0.1348E+01  0.2098E+02
   8.898  0.1351E+01  0.2098E+02
   8.903  0.1355E+01  0.2099E+02
   8.908  0.1359E+01  0.2100E+02
   8.913  0.1364E+01  0.2100E+02
   8.918  0.1376E+01  0.2101E+02
   8.923  0.1386E+01  0.2102E+02
   8.928  0.1398E+01  0.2103E+02
   8.933  0.1414E+01  0.2103E+02
   8.938  0.1434E+01  0.2104E+02
   8.943  0.1457E+01  0.2105E+02
   8.948  0.1483E+01  0.2105E+02
   8.953  0.1513E+01  0.2106E+02
   8.958  0.1546E+01  0.2107E+02
   8.963  0.1587E+01  0.2108E+02
   8.968  0.1672E+01  0.2109E+02
   8.973  0.1730E+01  0.2109E+02
   8.978  0.1752E+01  0.2110E+02
   8.983  0.1771E+01  0.2111E+02
   8.988  0.1789E+01  0.2112E+02
   8.993  0.1807E+01  0.2113E+02
   8.998  0.1825E+01  0.2114E+02
   9.003  0.1842E+01  0.2115E+02
   9.008  0.1855E+01  0.2116E+02
   9.013  0.1867E+01  0.2117E+02
   9.018  0.1878E+01  0.2118E+02
   9.023  0.1896E+01  0.2118E+02
   9.028  0.1956E+01  0.2119E+02
   9.033  0.2005E+01  0.2120E+02
   9.038  0.2031E+01  0.2121E+02
   9.043  0.2059E+01  0.2122E+02
   9.048  0.2087E+01  0.2124E+02
   9.053  0.2114E+01  0.2125E+02
   9.058  0.2139E+01  0.2126E+02
   9.063  0.2164E+01  0.2127E+02
   9.068  0.2191E+01  0.2128E+02
   9.073  0.2219E+01  0.2129E+02
   9.078  0.2244E+01  0.2130E+02
   9.083  0.2273E+01  0.2131E+02
   9.088  0.2307E+01  0.2132E+02
   9.093  0.2345E+01  0.2133E+02
   9.098  0.2374E+01  0.2135E+02
   9.103  0.2374E+01  0.2136E+02
   9.108  0.2568E+01  0.2137E+02
   9.113  0.2555E+01  0.2138E+02
   9.118  0.2564E+01  0.2140E+02
   9.123  0.2561E+01  0.2141E+02
   9.128  0.2566E+01  0.2142E+02
   9.133  0.2510E+01  0.2143E+02
   9.138  0.2508E+01  0.2145E+02
   9.143  0.2505E+01  0.2146E+02
   9.148  0.2495E+01  0.2147E+02
   9.153  0.2491E+01  0.2148E+02
   9.158  0.2483E+01  0.2150E+02
   9.163  0.2475E+01  0.2151E+02
   9.168  0.2467E+01  0.2152E+02
   9.173  0.2459E+01  0.2153E+02
   9.178  0.2451E+01  0.2155E+02
   9.183  0.2444E+01  0.2156E+02
   9.188  0.2439E+01  0.2157E+02
   9.193  0.2452E+01  0.2158E+02
   9.198  0.2454E+01  0.2160E+02
   9.203  0.2439E+01  0.2161E+02
   9.208  0.2408E+01  0.2162E+02
   9.213  0.2379E+01  0.2163E+02
   9.218  0.2353E+01  0.2164E+02
   9.223  0.2328E+01  0.2166E+02
   9.228  0.2306E+01  0.2167E+02
   9.233  0.2330E+01  0.2168E+02
   9.238  0.2294E+01  0.2169E+02
   9.243  0.2258E+01  0.2170E+02
   9.248  0.2245E+01  0.2171E+02
   9.253  0.2299E+01  0.2172E+02
   9.258  0.2268E+01  0.2174E+02
   9.263  0.2242E+01  0.2175E+02
   9.268  0.2206E+01  0.2176E+02
   9.273  0.2154E+01  0.2177E+02
   9.278  0.2101E+01  0.2178E+02
   9.283  0.2047E+01  0.2179E+02
   9.288  0.1998E+01  0.2180E+02
   9.293  0.1960E+01  0.2181E+02
   9.298  0.1931E+01  0.2182E+02
   9.303  0.1902E+01  0.2183E+02
   9.308  0.1873E+01  0.2184E+02
   9.313  0.1844E+01  0.2185E+02
   9.318  0.1816E+01  0.2186E+02
   9.323  0.1789E+01  0.2187E+02
   9.328  0.1763E+01  0.2187E+02
   9.333  0.1738E+01  0.2188E+02
   9.338  0.1712E+01  0.2189E+02
   9.343  0.1688E+01  0.2190E+02
   9.348  0.1663E+01  0.2191E+02
   9.353  0.1638E+01  0.2192E+02
   9.358  0.1615E+01  0.2193E+02
   9.363  0.1595E+01  0.2193E+02
   9.368  0.1577E+01  0.2194E+02
   9.373  0.1562E+01  0.2195E+02
   9.378  0.1535E+01  0.2196E+02
   9.383  0.1512E+01  0.2196E+02
   9.388  0.1493E+01  0.2197E+02
   9.393  0.1473E+01  0.2198E+02
   9.398  0.1453E+01  0.2199E+02
   9.403  0.1436E+01  0.2199E+02
   9.408  0.1424E+01  0.2200E+02
   9.413  0.1415E+01  0.2201E+02
   9.418  0.1407E+01  0.2202E+02
   9.423  0.1393E+01  0.2202E+02
   9.428  0.1376E+01  0.2203E+02
   9.433  0.1354E+01  0.2204E+02
   9.438  0.1324E+01  0.2204E+02
   9.443  0.1287E+01  0.2205E+02
   9.448  0.1243E+01  0.2206E+02
   9.453  0.1193E+01  0.2206E+02
   9.458  0.1147E+01  0.2207E+02
   9.463  0.1106E+01  0.2207E+02
   9.468  0.1061E+01  0.2208E+02
   9.473  0.1013E+01  0.2208E+02
   9.478  0.9701E+00  0.2209E+02
   9.483  0.9225E+00  0.2209E+02
   9.488  0.8651E+00  0.2210E+02
   9.493  0.8117E+00  0.2210E+02
   9.498  0.7656E+00  0.2211E+02
   9.503  0.6990E+00  0.2211E+02
   9.508  0.6057E+00  0.2211E+02
   9.513  0.5487E+00  0.2212E+02
   9.518  0.5451E+00  0.2212E+02
   9.523  0.5484E+00  0.2212E+02
   9.528  0.5524E+00  0.2212E+02
   9.533  0.5569E+00  0.2213E+02
   9.538  0.5619E+00  0.2213E+02
   9.543  0.5674E+00  0.2213E+02
   9.548  0.5736E+00  0.2214E+02
   9.553  0.5803E+00  0.2214E+02
   9.558  0.5876E+00  0.2214E+02
   9.563  0.5956E+00  0.2214E+02
   9.568  0.6042E+00  0.2215E+02
   9.573  0.6135E+00  0.2215E+02
   9.578  0.6235E+00  0.2215E+02
   9.583  0.6342E+00  0.2216E+02
   9.588  0.6456E+00  0.2216E+02
   9.593  0.6576E+00  0.2216E+02
   9.598  0.6703E+00  0.2217E+02
   9.603  0.6838E+00  0.2217E+02
   9.608  0.6982E+00  0.2217E+02
   9.613  0.7136E+00  0.2218E+02
   9.618  0.7303E+00  0.2218E+02
   9.623  0.7485E+00  0.2218E+02
   9.628  0.7684E+00  0.2219E+02
   9.633  0.7915E+00  0.2219E+02
   9.638  0.8166E+00  0.2220E+02
   9.643  0.8471E+00  0.2220E+02
   9.648  0.8826E+00  0.2220E+02
   9.653  0.9199E+00  0.2221E+02
   9.658  0.9723E+00  0.2221E+02
   9.663  0.1037E+01  0.2222E+02
   9.668  0.1116E+01  0.2222E+02
   9.673  0.1220E+01  0.2223E+02
   9.678  0.1402E+01  0.2224E+02
   9.683  0.1576E+01  0.2224E+02
   9.688  0.1672E+01  0.2225E+02
   9.693  0.1722E+01  0.2226E+02
   9.698  0.1778E+01  0.2227E+02
   9.703  0.1828E+01  0.2228E+02
   9.708  0.1869E+01  0.2229E+02
   9.713  0.1903E+01  0.2230E+02
   9.718  0.1929E+01  0.2231E+02
   9.723  0.1943E+01  0.2232E+02
   9.728  0.1946E+01  0.2233E+02
   9.733  0.1963E+01  0.2234E+02
   9.738  0.1989E+01  0.2235E+02
   9.743  0.2017E+01  0.2236E+02
   9.748  0.2050E+01  0.2237E+02
   9.753  0.2089E+01  0.2238E+02
   9.758  0.2121E+01  0.2239E+02
   9.763  0.2152E+01  0.2240E+02
   9.768  0.2181E+01  0.2241E+02
   9.773  0.2211E+01  0.2242E+02
   9.778  0.2239E+01  0.2243E+02
   9.783  0.2267E+01  0.2244E+02
   9.788  0.2299E+01  0.2245E+02
   9.793  0.2336E+01  0.2246E+02
   9.798  0.2381E+01  0.2248E+02
   9.803  0.2417E+01  0.2249E+02
   9.808  0.2438E+01  0.2250E+02
   9.813  0.2457E+01  0.2251E+02
   9.818  0.2477E+01  0.2252E+02
   9.823  0.2498E+01  0.2254E+02
   9.828  0.2519E+01  0.2255E+02
   9.833  0.2541E+01  0.2256E+02
   9.838  0.2566E+01  0.2257E+02
   9.843  0.2591E+01  0.2259E+02
   9.848  0.2617E+01  0.2260E+02
   9.853  0.2642E+01  0.2261E+02
   9.858  0.2663E+01  0.2263E+02
   9.863  0.2682E+01  0.2264E+02
   9.868  0.2698E+01  0.2265E+02
   9.873  0.2718E+01  0.2267E+02
   9.878  0.2749E+01  0.2268E+02
   9.883  0.2780E+01  0.2270E+02
   9.888  0.2848E+01  0.2271E+02
   9.893  0.2924E+01  0.2272E+02
   9.898  0.3046E+01  0.2274E+02
   9.903  0.2917E+01  0.2275E+02
   9.908  0.2923E+01  0.2277E+02
   9.913  0.2927E+01  0.2278E+02
   9.918  0.2928E+01  0.2280E+02
   9.923  0.2927E+01  0.2281E+02
   9.928  0.2927E+01  0.2283E+02
   9.933  0.2928E+01  0.2284E+02
   9.938  0.2930E+01  0.2286E+02
   9.943  0.2932E+01  0.2287E+02
   9.948  0.2932E+01  0.2289E+02
   9.953  0.2937E+01  0.2290E+02
   9.958  0.2943E+01  0.2291E+02
   9.963  0.2926E+01  0.2293E+02
   9.968  0.2905E+01  0.2294E+02
   9.973  0.2885E+01  0.2296E+02
   9.978  0.2872E+01  0.2297E+02
   9.983  0.2859E+01  0.2299E+02
   9.988  0.2848E+01  0.2300E+02
   9.993  0.2838E+01  0.2302E+02
   9.998  0.2837E+01  0.2303E+02
  10.003  0.2853E+01  0.2304E+02
  10.008  0.2813E+01  0.2306E+02
  10.013  0.2790E+01  0.2307E+02
  10.018  0.2769E+01  0.2309E+02
  10.023  0.2748E+01  0.2310E+02
  10.028  0.2727E+01  0.2311E+02
  10.033  0.2702E+01  0.2313E+02
  10.038  0.2674E+01  0.2314E+02
  10.043  0.2647E+01  0.2315E+02
  10.048  0.2628E+01  0.2317E+02
  10.053  0.2609E+01  0.2318E+02
  10.058  0.2591E+01  0.2319E+02
  10.063  0.2577E+01  0.2321E+02
  10.068  0.2564E+01  0.2322E+02
  10.073  0.2553E+01  0.2323E+02
  10.078  0.2544E+01  0.2324E+02
  10.083  0.2536E+01  0.2326E+02
  10.088  0.2529E+01  0.2327E+02
  10.093  0.2524E+01  0.2328E+02
  10.098  0.2517E+01  0.2330E+02
  10.103  0.2509E+01  0.2331E+02
  10.108  0.2500E+01  0.2332E+02
  10.113  0.2490E+01  0.2333E+02
  10.118  0.2480E+01  0.2335E+02
  10.123  0.2467E+01  0.2336E+02
  10.128  0.2453E+01  0.2337E+02
  10.133  0.2438E+01  0.2338E+02
  10.138  0.2422E+01  0.2339E+02
  10.143  0.2407E+01  0.2341E+02
  10.148  0.2391E+01  0.2342E+02
  10.153  0.2374E+01  0.2343E+02
  10.158  0.2356E+01  0.2344E+02
  10.163  0.2338E+01  0.2345E+02
  10.168  0.2319E+01  0.2347E+02
  10.173  0.2299E+01  0.2348E+02
  10.178  0.2279E+01  0.2349E+02
  10.183  0.2257E+01  0.2350E+02
  10.188  0.2230E+01  0.2351E+02
  10.193  0.2196E+01  0.2352E+02
  10.198  0.2167E+01  0.2353E+02
  10.203  0.2145E+01  0.2354E+02
  10.208  0.2131E+01  0.2355E+02
  10.213  0.2107E+01  0.2357E+02
  10.218  0.2086E+01  0.2358E+02
  10.223  0.2069E+01  0.2359E+02
  10.228  0.2052E+01  0.2360E+02
  10.233  0.2035E+01  0.2361E+02
  10.238  0.2019E+01  0.2362E+02
  10.243  0.2002E+01  0.2363E+02
  10.248  0.1985E+01  0.2364E+02
  10.253  0.1967E+01  0.2365E+02
  10.258  0.1948E+01  0.2366E+02
  10.263  0.1928E+01  0.2367E+02
  10.268  0.1908E+01  0.2368E+02
  10.273  0.1884E+01  0.2369E+02
  10.278  0.1860E+01  0.2369E+02
  10.283  0.1835E+01  0.2370E+02
  10.288  0.1811E+01  0.2371E+02
  10.293  0.1787E+01  0.2372E+02
  10.298  0.1764E+01  0.2373E+02
  10.303  0.1745E+01  0.2374E+02
  10.308  0.1729E+01  0.2375E+02
  10.313  0.1713E+01  0.2376E+02
  10.318  0.1697E+01  0.2377E+02
  10.323  0.1681E+01  0.2377E+02
  10.328  0.1666E+01  0.2378E+02
  10.333  0.1649E+01  0.2379E+02
  10.338  0.1632E+01  0.2380E+02
  10.343  0.1616E+01  0.2381E+02
  10.348  0.1600E+01  0.2381E+02
  10.353  0.1585E+01  0.2382E+02
  10.358  0.1570E+01  0.2383E+02
  10.363  0.1556E+01  0.2384E+02
  10.368  0.1542E+01  0.2385E+02
  10.373  0.1528E+01  0.2385E+02
  10.378  0.1515E+01  0.2386E+02
  10.383  0.1504E+01  0.2387E+02
  10.388  0.1494E+01  0.2388E+02
  10.393  0.1483E+01  0.2388E+02
  10.398  0.1471E+01  0.2389E+02
  10.403  0.1460E+01  0.2390E+02
  10.408  0.1449E+01  0.2391E+02
  10.413  0.1437E+01  0.2391E+02
  10.418  0.1425E+01  0.2392E+02
  10.423  0.1413E+01  0.2393E+02
  10.428  0.1403E+01  0.2393E+02
  10.433  0.1397E+01  0.2394E+02
  10.438  0.1397E+01  0.2395E+02
  10.443  0.1395E+01  0.2396E+02
  10.448  0.1383E+01  0.2396E+02
  10.453  0.1360E+01  0.2397E+02
  10.458  0.1345E+01  0.2398E+02
  10.463  0.1338E+01  0.2398E+02
  10.468  0.1332E+01  0.2399E+02
  10.473  0.1326E+01  0.2400E+02
  10.478  0.1320E+01  0.2400E+02
  10.483  0.1315E+01  0.2401E+02
  10.488  0.1310E+01  0.2402E+02
  10.493  0.1305E+01  0.2402E+02
  10.498  0.1300E+01  0.2403E+02
  10.503  0.1296E+01  0.2404E+02
  10.508  0.1291E+01  0.2404E+02
  10.513  0.1286E+01  0.2405E+02
  10.518  0.1282E+01  0.2405E+02
  10.523  0.1278E+01  0.2406E+02
  10.528  0.1274E+01  0.2407E+02
  10.533  0.1270E+01  0.2407E+02
  10.538  0.1266E+01  0.2408E+02
  10.543  0.1262E+01  0.2409E+02
  10.548  0.1259E+01  0.2409E+02
  10.553  0.1255E+01  0.2410E+02
  10.558  0.1252E+01  0.2411E+02
  10.563  0.1249E+01  0.2411E+02
  10.568  0.1246E+01  0.2412E+02
  10.573  0.1243E+01  0.2412E+02
  10.578  0.1240E+01  0.2413E+02
  10.583  0.1237E+01  0.2414E+02
  10.588  0.1234E+01  0.2414E+02
  10.593  0.1231E+01  0.2415E+02
  10.598  0.1228E+01  0.2415E+02
  10.603  0.1225E+01  0.2416E+02
  10.608  0.1222E+01  0.2417E+02
  10.613  0.1219E+01  0.2417E+02
  10.618  0.1217E+01  0.2418E+02
  10.623  0.1216E+01  0.2419E+02
  10.628  0.1215E+01  0.2419E+02
  10.633  0.1214E+01  0.2420E+02
  10.638  0.1213E+01  0.2420E+02
  10.643  0.1213E+01  0.2421E+02
  10.648  0.1213E+01  0.2422E+02
  10.653  0.1213E+01  0.2422E+02
  10.658  0.1209E+01  0.2423E+02
  10.663  0.1201E+01  0.2423E+02
  10.668  0.1198E+01  0.2424E+02
  10.673  0.1196E+01  0.2425E+02
  10.678  0.1193E+01  0.2425E+02
  10.683  0.1190E+01  0.2426E+02
  10.688  0.1188E+01  0.2426E+02
  10.693  0.1186E+01  0.2427E+02
  10.698  0.1183E+01  0.2428E+02
  10.703  0.1181E+01  0.2428E+02
  10.708  0.1180E+01  0.2429E+02
  10.713  0.1178E+01  0.2429E+02
  10.718  0.1175E+01  0.2430E+02
  10.723  0.1172E+01  0.2431E+02
  10.728  0.1170E+01  0.2431E+02
  10.733  0.1169E+01  0.2432E+02
  10.738  0.1168E+01  0.2432E+02
  10.743  0.1167E+01  0.2433E+02
  10.748  0.1166E+01  0.2433E+02
  10.753  0.1166E+01  0.2434E+02
  10.758  0.1172E+01  0.2435E+02
  10.763  0.1239E+01  0.2435E+02
  10.768  0.1180E+01  0.2436E+02
  10.773  0.1180E+01  0.2436E+02
  10.778  0.1179E+01  0.2437E+02
  10.783  0.1177E+01  0.2438E+02
  10.788  0.1175E+01  0.2438E+02
  10.793  0.1173E+01  0.2439E+02
  10.798  0.1171E+01  0.2439E+02
  10.803  0.1170E+01  0.2440E+02
  10.808  0.1169E+01  0.2440E+02
  10.813  0.1168E+01  0.2441E+02
  10.818  0.1167E+01  0.2442E+02
  10.823  0.1167E+01  0.2442E+02
  10.828  0.1167E+01  0.2443E+02
  10.833  0.1168E+01  0.2443E+02
  10.838  0.1170E+01  0.2444E+02
  10.843  0.1172E+01  0.2445E+02
  10.848  0.1174E+01  0.2445E+02
  10.853  0.1177E+01  0.2446E+02
  10.858  0.1181E+01  0.2446E+02
  10.863  0.1185E+01  0.2447E+02
  10.868  0.1189E+01  0.2448E+02
  10.873  0.1193E+01  0.2448E+02
  10.878  0.1198E+01  0.2449E+02
  10.883  0.1204E+01  0.2449E+02
  10.888  0.1209E+01  0.2450E+02
  10.893  0.1215E+01  0.2451E+02
  10.898  0.1222E+01  0.2451E+02
  10.903  0.1225E+01  0.2452E+02
  10.908  0.1249E+01  0.2452E+02
  10.913  0.1274E+01  0.2453E+02
  10.918  0.1242E+01  0.2454E+02
  10.923  0.1246E+01  0.2454E+02
  10.928  0.1249E+01  0.2455E+02
  10.933  0.1253E+01  0.2456E+02
  10.938  0.1262E+01  0.2456E+02
  10.943  0.1280E+01  0.2457E+02
  10.948  0.1290E+01  0.2457E+02
  10.953  0.1291E+01  0.2458E+02
  10.958  0.1283E+01  0.2459E+02
  10.963  0.1284E+01  0.2459E+02
  10.968  0.1288E+01  0.2460E+02
  10.973  0.1292E+01  0.2461E+02
  10.978  0.1296E+01  0.2461E+02
  10.983  0.1301E+01  0.2462E+02
  10.988  0.1306E+01  0.2463E+02
  10.993  0.1310E+01  0.2463E+02
  10.998  0.1314E+01  0.2464E+02
  11.003  0.1319E+01  0.2465E+02
  11.008  0.1324E+01  0.2465E+02
  11.013  0.1330E+01  0.2466E+02
  11.018  0.1338E+01  0.2467E+02
  11.023  0.1354E+01  0.2467E+02
  11.028  0.1371E+01  0.2468E+02
  11.033  0.1388E+01  0.2469E+02
  11.038  0.1406E+01  0.2469E+02
  11.043  0.1422E+01  0.2470E+02
  11.048  0.1439E+01  0.2471E+02
  11.053  0.1455E+01  0.2471E+02
  11.058  0.1473E+01  0.2472E+02
  11.063  0.1490E+01  0.2473E+02
  11.068  0.1494E+01  0.2474E+02
  11.073  0.1490E+01  0.2474E+02
  11.078  0.1479E+01  0.2475E+02
  11.083  0.1485E+01  0.2476E+02
  11.088  0.1491E+01  0.2477E+02
  11.093  0.1497E+01  0.2477E+02
  11.098  0.1503E+01  0.2478E+02
  11.103  0.1509E+01  0.2479E+02
  11.108  0.1515E+01  0.2480E+02
  11.113  0.1521E+01  0.2480E+02
  11.118  0.1527E+01  0.2481E+02
  11.123  0.1532E+01  0.2482E+02
  11.128  0.1538E+01  0.2483E+02
  11.133  0.1544E+01  0.2483E+02
  11.138  0.1549E+01  0.2484E+02
  11.143  0.1555E+01  0.2485E+02
  11.148  0.1560E+01  0.2486E+02
  11.153  0.1565E+01  0.2487E+02
  11.158  0.1570E+01  0.2487E+02
  11.163  0.1575E+01  0.2488E+02
  11.168  0.1580E+01  0.2489E+02
  11.173  0.1585E+01  0.2490E+02
  11.178  0.1589E+01  0.2490E+02
  11.183  0.1594E+01  0.2491E+02
  11.188  0.1598E+01  0.2492E+02
  11.193  0.1602E+01  0.2493E+02
  11.198  0.1612E+01  0.2494E+02
  11.203  0.1618E+01  0.2495E+02
  11.208  0.1621E+01  0.2495E+02
  11.213  0.1620E+01  0.2496E+02
  11.218  0.1617E+01  0.2497E+02
  11.223  0.1614E+01  0.2498E+02
  11.228  0.1611E+01  0.2499E+02
  11.233  0.1609E+01  0.2499E+02
  11.238  0.1607E+01  0.2500E+02
  11.243  0.1605E+01  0.2501E+02
  11.248  0.1603E+01  0.2502E+02
  11.253  0.1602E+01  0.2503E+02
  11.258  0.1601E+01  0.2503E+02
  11.263  0.1600E+01  0.2504E+02
  11.268  0.1600E+01  0.2505E+02
  11.273  0.1599E+01  0.2506E+02
  11.278  0.1598E+01  0.2507E+02
  11.283  0.1596E+01  0.2507E+02
  11.288  0.1596E+01  0.2508E+02
  11.293  0.1597E+01  0.2509E+02
  11.298  0.1599E+01  0.2510E+02
  11.303  0.1604E+01  0.2511E+02
  11.308  0.1610E+01  0.2511E+02
  11.313  0.1618E+01  0.2512E+02
  11.318  0.1626E+01  0.2513E+02
  11.323  0.1634E+01  0.2514E+02
  11.328  0.1642E+01  0.2515E+02
  11.333  0.1641E+01  0.2515E+02
  11.338  0.1637E+01  0.2516E+02
  11.343  0.1632E+01  0.2517E+02
  11.348  0.1625E+01  0.2518E+02
  11.353  0.1616E+01  0.2519E+02
  11.358  0.1610E+01  0.2520E+02
  11.363  0.1601E+01  0.2520E+02
  11.368  0.1589E+01  0.2521E+02
  11.373  0.1577E+01  0.2522E+02
  11.378  0.1579E+01  0.2523E+02
  11.383  0.1498E+01  0.2523E+02
  11.388  0.1446E+01  0.2524E+02
  11.393  0.1383E+01  0.2525E+02
  11.398  0.1385E+01  0.2526E+02
  11.403  0.1392E+01  0.2526E+02
  11.408  0.1406E+01  0.2527E+02
  11.413  0.1444E+01  0.2528E+02
  11.418  0.1401E+01  0.2528E+02
  11.423  0.1405E+01  0.2529E+02
  11.428  0.1409E+01  0.2530E+02
  11.433  0.1413E+01  0.2531E+02
  11.438  0.1418E+01  0.2531E+02
  11.443  0.1422E+01  0.2532E+02
  11.448  0.1427E+01  0.2533E+02
  11.453  0.1435E+01  0.2533E+02
  11.458  0.1435E+01  0.2534E+02
  11.463  0.1436E+01  0.2535E+02
  11.468  0.1437E+01  0.2536E+02
  11.473  0.1437E+01  0.2536E+02
  11.478  0.1438E+01  0.2537E+02
  11.483  0.1440E+01  0.2538E+02
  11.488  0.1455E+01  0.2538E+02
  11.493  0.1482E+01  0.2539E+02
  11.498  0.1440E+01  0.2540E+02
  11.503  0.1402E+01  0.2541E+02
  11.508  0.1381E+01  0.2541E+02
  11.513  0.1366E+01  0.2542E+02
  11.518  0.1350E+01  0.2543E+02
  11.523  0.1335E+01  0.2543E+02
  11.528  0.1319E+01  0.2544E+02
  11.533  0.1302E+01  0.2545E+02
  11.538  0.1286E+01  0.2545E+02
  11.543  0.1269E+01  0.2546E+02
  11.548  0.1256E+01  0.2547E+02
  11.553  0.1243E+01  0.2547E+02
  11.558  0.1232E+01  0.2548E+02
  11.563  0.1223E+01  0.2548E+02
  11.568  0.1215E+01  0.2549E+02
  11.573  0.1208E+01  0.2550E+02
  11.578  0.1202E+01  0.2550E+02
  11.583  0.1198E+01  0.2551E+02
  11.588  0.1213E+01  0.2551E+02
  11.593  0.1196E+01  0.2552E+02
  11.598  0.1177E+01  0.2553E+02
  11.603  0.1157E+01  0.2553E+02
  11.608  0.1136E+01  0.2554E+02
  11.613  0.1116E+01  0.2554E+02
  11.618  0.1096E+01  0.2555E+02
  11.623  0.1081E+01  0.2555E+02
  11.628  0.1071E+01  0.2556E+02
  11.633  0.1060E+01  0.2557E+02
  11.638  0.1052E+01  0.2557E+02
  11.643  0.1038E+01  0.2558E+02
  11.648  0.1018E+01  0.2558E+02
  11.653  0.9926E+00  0.2559E+02
  11.658  0.9615E+00  0.2559E+02
  11.663  0.9276E+00  0.2560E+02
  11.668  0.9000E+00  0.2560E+02
  11.673  0.8784E+00  0.2560E+02
  11.678  0.8585E+00  0.2561E+02
  11.683  0.8402E+00  0.2561E+02
  11.688  0.8237E+00  0.2562E+02
  11.693  0.8088E+00  0.2562E+02
  11.698  0.7957E+00  0.2563E+02
  11.703  0.7858E+00  0.2563E+02
  11.708  0.7766E+00  0.2563E+02
  11.713  0.7680E+00  0.2564E+02
  11.718  0.7601E+00  0.2564E+02
  11.723  0.7528E+00  0.2564E+02
  11.728  0.7460E+00  0.2565E+02
  11.733  0.7394E+00  0.2565E+02
  11.738  0.7328E+00  0.2566E+02
  11.743  0.7263E+00  0.2566E+02
  11.748  0.7198E+00  0.2566E+02
  11.753  0.7133E+00  0.2567E+02
  11.758  0.7070E+00  0.2567E+02
  11.763  0.7006E+00  0.2567E+02
  11.768  0.6944E+00  0.2568E+02
  11.773  0.6881E+00  0.2568E+02
  11.778  0.6820E+00  0.2568E+02
  11.783  0.6758E+00  0.2569E+02
  11.788  0.6698E+00  0.2569E+02
  11.793  0.6637E+00  0.2569E+02
  11.798  0.6578E+00  0.2570E+02
  11.803  0.6518E+00  0.2570E+02
  11.808  0.6459E+00  0.2570E+02
  11.813  0.6401E+00  0.2571E+02
  11.818  0.6343E+00  0.2571E+02
  11.823  0.6285E+00  0.2571E+02
  11.828  0.6228E+00  0.2572E+02
  11.833  0.6171E+00  0.2572E+02
  11.838  0.6115E+00  0.2572E+02
  11.843  0.6059E+00  0.2573E+02
  11.848  0.6003E+00  0.2573E+02
  11.853  0.5948E+00  0.2573E+02
  11.858  0.5894E+00  0.2573E+02
  11.863  0.5842E+00  0.2574E+02
  11.868  0.5796E+00  0.2574E+02
  11.873  0.5750E+00  0.2574E+02
  11.878  0.5705E+00  0.2575E+02
  11.883  0.5662E+00  0.2575E+02
  11.888  0.5619E+00  0.2575E+02
  11.893  0.5580E+00  0.2575E+02
  11.898  0.5540E+00  0.2576E+02
  11.903  0.5498E+00  0.2576E+02
  11.908  0.5450E+00  0.2576E+02
  11.913  0.5405E+00  0.2577E+02
  11.918  0.5364E+00  0.2577E+02
  11.923  0.5319E+00  0.2577E+02
  11.928  0.5269E+00  0.2577E+02
  11.933  0.5218E+00  0.2578E+02
  11.938  0.5165E+00  0.2578E+02
  11.943  0.5111E+00  0.2578E+02
  11.948  0.5058E+00  0.2578E+02
  11.953  0.5021E+00  0.2579E+02
  11.958  0.4984E+00  0.2579E+02
  11.963  0.4949E+00  0.2579E+02
  11.968  0.4915E+00  0.2579E+02
  11.973  0.4882E+00  0.2580E+02
  11.978  0.4850E+00  0.2580E+02
  11.983  0.4819E+00  0.2580E+02
  11.988  0.4789E+00  0.2580E+02
  11.993  0.4761E+00  0.2581E+02
  11.998  0.4734E+00  0.2581E+02
  12.003  0.4708E+00  0.2581E+02
  12.008  0.4682E+00  0.2581E+02
  12.013  0.4646E+00  0.2582E+02
  12.018  0.4599E+00  0.2582E+02
  12.023  0.4541E+00  0.2582E+02
  12.028  0.4498E+00  0.2582E+02
  12.033  0.4465E+00  0.2582E+02
  12.038  0.4433E+00  0.2583E+02
  12.043  0.4400E+00  0.2583E+02
  12.048  0.4369E+00  0.2583E+02
  12.053  0.4338E+00  0.2583E+02
  12.058  0.4307E+00  0.2584E+02
  12.063  0.4277E+00  0.2584E+02
  12.068  0.4247E+00  0.2584E+02
  12.073  0.4218E+00  0.2584E+02
  12.078  0.4190E+00  0.2584E+02
  12.083  0.4162E+00  0.2585E+02
  12.088  0.4134E+00  0.2585E+02
  12.093  0.4111E+00  0.2585E+02
  12.098  0.4087E+00  0.2585E+02
  12.103  0.4062E+00  0.2585E+02
  12.108  0.4035E+00  0.2586E+02
  12.113  0.4006E+00  0.2586E+02
  12.118  0.3975E+00  0.2586E+02
  12.123  0.3942E+00  0.2586E+02
  12.128  0.3908E+00  0.2586E+02
  12.133  0.3872E+00  0.2587E+02
  12.138  0.3833E+00  0.2587E+02
  12.143  0.3790E+00  0.2587E+02
  12.148  0.3746E+00  0.2587E+02
  12.153  0.3701E+00  0.2587E+02
  12.158  0.3656E+00  0.2588E+02
  12.163  0.3611E+00  0.2588E+02
  12.168  0.3565E+00  0.2588E+02
  12.173  0.3518E+00  0.2588E+02
  12.178  0.3470E+00  0.2588E+02
  12.183  0.3422E+00  0.2588E+02
  12.188  0.3373E+00  0.2589E+02
  12.193  0.3323E+00  0.2589E+02
  12.198  0.3273E+00  0.2589E+02
  12.203  0.3238E+00  0.2589E+02
  12.208  0.3210E+00  0.2589E+02
  12.213  0.3178E+00  0.2589E+02
  12.218  0.3144E+00  0.2590E+02
  12.223  0.3109E+00  0.2590E+02
  12.228  0.3071E+00  0.2590E+02
  12.233  0.3033E+00  0.2590E+02
  12.238  0.2998E+00  0.2590E+02
  12.243  0.2966E+00  0.2590E+02
  12.248  0.2933E+00  0.2591E+02
  12.253  0.2899E+00  0.2591E+02
  12.258  0.2864E+00  0.2591E+02
  12.263  0.2827E+00  0.2591E+02
  12.268  0.2790E+00  0.2591E+02
  12.273  0.2745E+00  0.2591E+02
  12.278  0.2684E+00  0.2591E+02
  12.283  0.2626E+00  0.2591E+02
  12.288  0.2571E+00  0.2592E+02
  12.293  0.2519E+00  0.2592E+02
  12.298  0.2471E+00  0.2592E+02
  12.303  0.2425E+00  0.2592E+02
  12.308  0.2383E+00  0.2592E+02
  12.313  0.2346E+00  0.2592E+02
  12.318  0.2312E+00  0.2592E+02
  12.323  0.2281E+00  0.2592E+02
  12.328  0.2252E+00  0.2593E+02
  12.333  0.2225E+00  0.2593E+02
  12.338  0.2201E+00  0.2593E+02
  12.343  0.2179E+00  0.2593E+02
  12.348  0.2164E+00  0.2593E+02
  12.353  0.2166E+00  0.2593E+02
  12.358  0.2186E+00  0.2593E+02
  12.363  0.2223E+00  0.2593E+02
  12.368  0.2276E+00  0.2593E+02
  12.373  0.2428E+00  0.2594E+02
  12.378  0.2537E+00  0.2594E+02
  12.383  0.2550E+00  0.2594E+02
  12.388  0.2465E+00  0.2594E+02
  12.393  0.2284E+00  0.2594E+02
  12.398  0.2005E+00  0.2594E+02
  12.403  0.1882E+00  0.2594E+02
  12.408  0.1860E+00  0.2594E+02
  12.413  0.1838E+00  0.2594E+02
  12.418  0.1816E+00  0.2595E+02
  12.423  0.1795E+00  0.2595E+02
  12.428  0.1774E+00  0.2595E+02
  12.433  0.1753E+00  0.2595E+02
  12.438  0.1732E+00  0.2595E+02
  12.443  0.1712E+00  0.2595E+02
  12.448  0.1691E+00  0.2595E+02
  12.453  0.1671E+00  0.2595E+02
  12.458  0.1652E+00  0.2595E+02
  12.463  0.1632E+00  0.2595E+02
  12.468  0.1613E+00  0.2595E+02
  12.473  0.1593E+00  0.2595E+02
  12.478  0.1575E+00  0.2596E+02
  12.483  0.1556E+00  0.2596E+02
  12.488  0.1537E+00  0.2596E+02
  12.493  0.1519E+00  0.2596E+02
  12.498  0.1501E+00  0.2596E+02
  12.503  0.1483E+00  0.2596E+02
  12.508  0.1466E+00  0.2596E+02
  12.513  0.1449E+00  0.2596E+02
  12.518  0.1432E+00  0.2596E+02
  12.523  0.1415E+00  0.2596E+02
  12.528  0.1399E+00  0.2596E+02
  12.533  0.1382E+00  0.2596E+02
  12.538  0.1366E+00  0.2596E+02
  12.543  0.1350E+00  0.2597E+02
  12.548  0.1334E+00  0.2597E+02
  12.553  0.1319E+00  0.2597E+02
  12.558  0.1303E+00  0.2597E+02
  12.563  0.1288E+00  0.2597E+02
  12.568  0.1273E+00  0.2597E+02
  12.573  0.1258E+00  0.2597E+02
  12.578  0.1244E+00  0.2597E+02
  12.583  0.1229E+00  0.2597E+02
  12.588  0.1215E+00  0.2597E+02
  12.593  0.1201E+00  0.2597E+02
  12.598  0.1187E+00  0.2597E+02
  12.603  0.1173E+00  0.2597E+02
  12.608  0.1159E+00  0.2597E+02
  12.613  0.1146E+00  0.2597E+02
  12.618  0.1132E+00  0.2597E+02
  12.623  0.1119E+00  0.2598E+02
  12.628  0.1107E+00  0.2598E+02
  12.633  0.1094E+00  0.2598E+02
  12.638  0.1081E+00  0.2598E+02
  12.643  0.1068E+00  0.2598E+02
  12.648  0.1056E+00  0.2598E+02
  12.653  0.1044E+00  0.2598E+02
  12.658  0.1032E+00  0.2598E+02
  12.663  0.1020E+00  0.2598E+02
  12.668  0.1009E+00  0.2598E+02
  12.673  0.9987E-01  0.2598E+02
  12.678  0.9884E-01  0.2598E+02
  12.683  0.9784E-01  0.2598E+02
  12.688  0.9684E-01  0.2598E+02
  12.693  0.9587E-01  0.2598E+02
  12.698  0.9490E-01  0.2598E+02
  12.703  0.9395E-01  0.2598E+02
  12.708  0.9299E-01  0.2598E+02
  12.713  0.9204E-01  0.2598E+02
  12.718  0.9109E-01  0.2598E+02
  12.723  0.9015E-01  0.2599E+02
  12.728  0.8921E-01  0.2599E+02
  12.733  0.8828E-01  0.2599E+02
  12.738  0.8735E-01  0.2599E+02
  12.743  0.8644E-01  0.2599E+02
  12.748  0.8552E-01  0.2599E+02
  12.753  0.8461E-01  0.2599E+02
  12.758  0.8371E-01  0.2599E+02
  12.763  0.8281E-01  0.2599E+02
  12.768  0.8191E-01  0.2599E+02
  12.773  0.8102E-01  0.2599E+02
  12.778  0.8013E-01  0.2599E+02
  12.783  0.7925E-01  0.2599E+02
  12.788  0.7837E-01  0.2599E+02
  12.793  0.7749E-01  0.2599E+02
  12.798  0.7662E-01  0.2599E+02
  12.803  0.7576E-01  0.2599E+02
  12.808  0.7489E-01  0.2599E+02
  12.813  0.7404E-01  0.2599E+02
  12.818  0.7304E-01  0.2599E+02
  12.823  0.7172E-01  0.2599E+02
  12.828  0.7009E-01  0.2599E+02
  12.833  0.6814E-01  0.2599E+02
  12.838  0.6587E-01  0.2599E+02
  12.843  0.6328E-01  0.2599E+02
  12.848  0.6037E-01  0.2599E+02
  12.853  0.5715E-01  0.2600E+02
  12.858  0.5361E-01  0.2600E+02
  12.863  0.4975E-01  0.2600E+02
  12.868  0.4557E-01  0.2600E+02
  12.873  0.4108E-01  0.2600E+02
  12.878  0.3627E-01  0.2600E+02
  12.883  0.3226E-01  0.2600E+02
  12.888  0.3078E-01  0.2600E+02
  12.893  0.2984E-01  0.2600E+02
  12.898  0.2892E-01  0.2600E+02
  12.903  0.2801E-01  0.2600E+02
  12.908  0.2711E-01  0.2600E+02
  12.913  0.2623E-01  0.2600E+02
  12.918  0.2536E-01  0.2600E+02
  12.923  0.2451E-01  0.2600E+02
  12.928  0.2367E-01  0.2600E+02
  12.933  0.2285E-01  0.2600E+02
  12.938  0.2204E-01  0.2600E+02
  12.943  0.2125E-01  0.2600E+02
  12.948  0.2047E-01  0.2600E+02
  12.953  0.1970E-01  0.2600E+02
  12.958  0.1895E-01  0.2600E+02
  12.963  0.1822E-01  0.2600E+02
  12.968  0.1750E-01  0.2600E+02
  12.973  0.1679E-01  0.2600E+02
  12.978  0.1610E-01  0.2600E+02
  12.983  0.1542E-01  0.2600E+02
  12.988  0.1476E-01  0.2600E+02
  12.993  0.1411E-01  0.2600E+02
  12.998  0.1348E-01  0.2600E+02
  13.003  0.1286E-01  0.2600E+02
  13.008  0.1225E-01  0.2600E+02
  13.013  0.1166E-01  0.2600E+02
  13.018  0.1109E-01  0.2600E+02
  13.023  0.1053E-01  0.2600E+02
  13.028  0.9982E-02  0.2600E+02
  13.033  0.9450E-02  0.2600E+02
  13.038  0.8933E-02  0.2600E+02
  13.043  0.8430E-02  0.2600E+02
  13.048  0.7942E-02  0.2600E+02
  13.053  0.7469E-02  0.2600E+02
  13.058  0.7010E-02  0.2600E+02
  13.063  0.6565E-02  0.2600E+02
  13.068  0.6135E-02  0.2600E+02
  13.073  0.5720E-02  0.2600E+02
  13.078  0.5319E-02  0.2600E+02
  13.083  0.4933E-02  0.2600E+02
  13.088  0.4561E-02  0.2600E+02
  13.093  0.4204E-02  0.2600E+02
  13.098  0.3862E-02  0.2600E+02
  13.103  0.3534E-02  0.2600E+02
  13.108  0.3220E-02  0.2600E+02
  13.113  0.2921E-02  0.2600E+02
  13.118  0.2637E-02  0.2600E+02
  13.123  0.2367E-02  0.2600E+02
  13.128  0.2112E-02  0.2600E+02
  13.133  0.1871E-02  0.2600E+02
  13.138  0.1645E-02  0.2600E+02
  13.143  0.1434E-02  0.2600E+02
  13.148  0.1237E-02  0.2600E+02
  13.153  0.1054E-02  0.2600E+02
  13.158  0.8863E-03  0.2600E+02
  13.163  0.7329E-03  0.2600E+02
  13.168  0.5942E-03  0.2600E+02
  13.173  0.4699E-03  0.2600E+02
  13.178  0.3602E-03  0.2600E+02
  13.183  0.2651E-03  0.2600E+02
  13.188  0.1845E-03  0.2600E+02
  13.193  0.1185E-03  0.2600E+02
  13.198  0.6707E-04  0.2600E+02
  13.203  0.3016E-04  0.2600E+02
  13.208  0.7809E-05  0.2600E+02
  13.213  0.9360E-08  0.2600E+02
