 &plot nbnd=  38, nks=  1401 /
            0.000000  0.000000  0.000000
 -108.152 -108.152  -70.141  -70.141  -51.869  -51.869  -51.869  -51.869   -5.167   -5.167
   -1.476   -1.476   -1.476   -1.476   -0.048   -0.048    0.369    0.369    0.369    0.369
    5.417    5.417    5.786    5.786    6.558    6.558    6.558    6.558    9.803    9.803
   10.998   10.998   10.998   10.998   12.856   12.856   15.881   15.881
            0.000000  0.002210  0.000000
 -108.152 -108.152  -70.141  -70.141  -51.869  -51.869  -51.869  -51.869   -5.167   -5.167
   -1.476   -1.476   -1.476   -1.476   -0.048   -0.048    0.368    0.368    0.369    0.369
    5.417    5.417    5.786    5.786    6.557    6.557    6.558    6.558    9.803    9.803
   10.998   10.998   10.998   10.998   12.856   12.856   15.877   15.877
            0.000000  0.004419  0.000000
 -108.152 -108.152  -70.141  -70.141  -51.869  -51.869  -51.869  -51.869   -5.167   -5.167
   -1.476   -1.476   -1.475   -1.475   -0.048   -0.048    0.368    0.368    0.369    0.369
    5.416    5.416    5.787    5.787    6.557    6.557    6.559    6.559    9.804    9.804
   10.998   10.998   10.999   10.999   12.857   12.857   15.872   15.872
            0.000000  0.006629  0.000000
 -108.152 -108.152  -70.141  -70.141  -51.869  -51.869  -51.869  -51.869   -5.167   -5.167
   -1.476   -1.476   -1.475   -1.475   -0.047   -0.047    0.368    0.368    0.370    0.370
    5.413    5.413    5.788    5.788    6.556    6.556    6.560    6.560    9.804    9.804
   10.997   10.997   10.999   10.999   12.858   12.858   15.865   15.865
            0.000000  0.008839  0.000000
 -108.152 -108.152  -70.141  -70.141  -51.869  -51.869  -51.869  -51.869   -5.167   -5.167
   -1.476   -1.476   -1.475   -1.475   -0.047   -0.047    0.367    0.367    0.370    0.370
    5.410    5.410    5.789    5.789    6.556    6.556    6.561    6.561    9.804    9.804
   10.997   10.997   11.000   11.000   12.860   12.860   15.856   15.856
            0.000000  0.011049  0.000000
 -108.152 -108.152  -70.141  -70.141  -51.869  -51.869  -51.869  -51.869   -5.167   -5.167
   -1.476   -1.476   -1.475   -1.475   -0.047   -0.047    0.367    0.367    0.370    0.370
    5.406    5.406    5.791    5.791    6.555    6.555    6.563    6.563    9.805    9.805
   10.996   10.996   11.000   11.000   12.862   12.862   15.845   15.845
            0.000000  0.013258  0.000000
 -108.152 -108.152  -70.141  -70.141  -51.869  -51.869  -51.869  -51.869   -5.166   -5.166
   -1.477   -1.477   -1.475   -1.475   -0.047   -0.047    0.367    0.367    0.371    0.371
    5.402    5.402    5.793    5.793    6.554    6.554    6.564    6.564    9.805    9.805
   10.994   10.994   11.001   11.001   12.865   12.865   15.832   15.832
            0.000000  0.015468  0.000000
 -108.152 -108.152  -70.141  -70.141  -51.869  -51.869  -51.869  -51.869   -5.166   -5.166
   -1.477   -1.477   -1.474   -1.474   -0.047   -0.047    0.366    0.366    0.371    0.371
    5.396    5.396    5.796    5.796    6.553    6.553    6.567    6.567    9.806    9.806
   10.993   10.993   11.002   11.002   12.868   12.868   15.818   15.818
            0.000000  0.017678  0.000000
 -108.152 -108.152  -70.141  -70.141  -51.869  -51.869  -51.869  -51.869   -5.166   -5.166
   -1.477   -1.477   -1.474   -1.474   -0.047   -0.047    0.366    0.366    0.371    0.371
    5.390    5.390    5.798    5.798    6.552    6.552    6.569    6.569    9.806    9.806
   10.991   10.991   11.004   11.004   12.872   12.872   15.802   15.802
            0.000000  0.019887  0.000000
 -108.152 -108.152  -70.141  -70.141  -51.869  -51.869  -51.869  -51.869   -5.166   -5.166
   -1.477   -1.477   -1.474   -1.474   -0.047   -0.047    0.366    0.366    0.372    0.372
    5.383    5.383    5.801    5.801    6.550    6.550    6.572    6.572    9.807    9.807
   10.990   10.990   11.005   11.005   12.876   12.876   15.786   15.786
            0.000000  0.022097  0.000000
 -108.152 -108.152  -70.141  -70.141  -51.869  -51.869  -51.869  -51.869   -5.166   -5.166
   -1.477   -1.477   -1.474   -1.474   -0.047   -0.047    0.365    0.365    0.372    0.372
    5.376    5.376    5.804    5.804    6.548    6.548    6.576    6.576    9.808    9.808
   10.988   10.988   11.006   11.006   12.881   12.881   15.768   15.768
            0.000000  0.024307  0.000000
 -108.152 -108.152  -70.141  -70.141  -51.869  -51.869  -51.869  -51.869   -5.165   -5.165
   -1.477   -1.477   -1.473   -1.473   -0.047   -0.047    0.365    0.365    0.372    0.372
    5.368    5.368    5.808    5.808    6.547    6.547    6.579    6.579    9.809    9.809
   10.986   10.986   11.008   11.008   12.886   12.886   15.749   15.749
            0.000000  0.026517  0.000000
 -108.152 -108.152  -70.141  -70.141  -51.869  -51.869  -51.869  -51.869   -5.165   -5.165
   -1.477   -1.477   -1.473   -1.473   -0.047   -0.047    0.365    0.365    0.373    0.373
    5.359    5.359    5.811    5.811    6.545    6.545    6.583    6.583    9.810    9.810
   10.983   10.983   11.010   11.010   12.892   12.892   15.730   15.730
            0.000000  0.028726  0.000000
 -108.152 -108.152  -70.141  -70.141  -51.869  -51.869  -51.869  -51.869   -5.165   -5.165
   -1.477   -1.477   -1.473   -1.473   -0.047   -0.047    0.364    0.364    0.373    0.373
    5.350    5.350    5.814    5.814    6.542    6.542    6.587    6.587    9.811    9.811
   10.981   10.981   11.012   11.012   12.898   12.898   15.710   15.710
            0.000000  0.030936  0.000000
 -108.152 -108.152  -70.141  -70.141  -51.869  -51.869  -51.869  -51.869   -5.164   -5.164
   -1.477   -1.477   -1.473   -1.473   -0.047   -0.047    0.364    0.364    0.373    0.373
    5.340    5.340    5.817    5.817    6.540    6.540    6.592    6.592    9.813    9.813
   10.978   10.978   11.014   11.014   12.904   12.904   15.690   15.690
            0.000000  0.033146  0.000000
 -108.152 -108.152  -70.141  -70.141  -51.869  -51.869  -51.869  -51.869   -5.164   -5.164
   -1.478   -1.478   -1.472   -1.472   -0.047   -0.047    0.364    0.364    0.374    0.374
    5.330    5.330    5.821    5.821    6.537    6.537    6.597    6.597    9.814    9.814
   10.975   10.975   11.017   11.017   12.911   12.911   15.669   15.669
            0.000000  0.035355  0.000000
 -108.152 -108.152  -70.141  -70.141  -51.869  -51.869  -51.869  -51.869   -5.163   -5.163
   -1.478   -1.478   -1.472   -1.472   -0.046   -0.046    0.364    0.364    0.374    0.374
    5.320    5.320    5.824    5.824    6.535    6.535    6.603    6.603    9.815    9.815
   10.972   10.972   11.019   11.019   12.919   12.919   15.647   15.647
            0.000000  0.037565  0.000000
 -108.152 -108.152  -70.141  -70.141  -51.869  -51.869  -51.869  -51.869   -5.163   -5.163
   -1.478   -1.478   -1.472   -1.472   -0.046   -0.046    0.363    0.363    0.374    0.374
    5.309    5.309    5.827    5.827    6.532    6.532    6.608    6.608    9.817    9.817
   10.969   10.969   11.022   11.022   12.927   12.927   15.625   15.625
            0.000000  0.039775  0.000000
 -108.152 -108.152  -70.141  -70.141  -51.869  -51.869  -51.869  -51.869   -5.162   -5.162
   -1.478   -1.478   -1.472   -1.472   -0.046   -0.046    0.363    0.363    0.375    0.375
    5.298    5.298    5.830    5.830    6.529    6.529    6.614    6.614    9.818    9.818
   10.966   10.966   11.025   11.025   12.935   12.935   15.603   15.603
            0.000000  0.041984  0.000000
 -108.152 -108.152  -70.141  -70.141  -51.869  -51.869  -51.869  -51.869   -5.162   -5.162
   -1.478   -1.478   -1.471   -1.471   -0.046   -0.046    0.363    0.363    0.375    0.375
    5.286    5.286    5.833    5.833    6.526    6.526    6.621    6.621    9.820    9.820
   10.963   10.963   11.028   11.028   12.944   12.944   15.581   15.581
            0.000000  0.044194  0.000000
 -108.152 -108.152  -70.141  -70.141  -51.869  -51.869  -51.869  -51.869   -5.161   -5.161
   -1.478   -1.478   -1.471   -1.471   -0.046   -0.046    0.362    0.362    0.375    0.375
    5.274    5.274    5.836    5.836    6.522    6.522    6.627    6.627    9.821    9.821
   10.959   10.959   11.031   11.031   12.953   12.953   15.558   15.558
            0.000000  0.046404  0.000000
 -108.152 -108.152  -70.141  -70.141  -51.869  -51.869  -51.869  -51.869   -5.161   -5.161
   -1.478   -1.478   -1.471   -1.471   -0.046   -0.046    0.362    0.362    0.376    0.376
    5.262    5.262    5.839    5.839    6.519    6.519    6.634    6.634    9.823    9.823
   10.956   10.956   11.034   11.034   12.963   12.963   15.536   15.536
            0.000000  0.048614  0.000000
 -108.152 -108.152  -70.141  -70.141  -51.869  -51.869  -51.869  -51.869   -5.160   -5.160
   -1.478   -1.478   -1.470   -1.470   -0.045   -0.045    0.362    0.362    0.376    0.376
    5.250    5.250    5.841    5.841    6.515    6.515    6.641    6.641    9.825    9.825
   10.952   10.952   11.038   11.038   12.973   12.973   15.513   15.513
            0.000000  0.050823  0.000000
 -108.152 -108.152  -70.141  -70.141  -51.869  -51.869  -51.869  -51.869   -5.160   -5.160
   -1.478   -1.478   -1.470   -1.470   -0.045   -0.045    0.362    0.362    0.376    0.376
    5.237    5.237    5.844    5.844    6.511    6.511    6.649    6.649    9.826    9.826
   10.949   10.949   11.041   11.041   12.983   12.983   15.489   15.489
            0.000000  0.053033  0.000000
 -108.152 -108.152  -70.141  -70.141  -51.869  -51.869  -51.869  -51.869   -5.159   -5.159
   -1.478   -1.478   -1.470   -1.470   -0.045   -0.045    0.361    0.361    0.377    0.377
    5.225    5.225    5.846    5.846    6.507    6.507    6.657    6.657    9.828    9.828
   10.945   10.945   11.045   11.045   12.994   12.994   15.466   15.466
            0.000000  0.055243  0.000000
 -108.152 -108.152  -70.141  -70.141  -51.869  -51.869  -51.869  -51.869   -5.158   -5.158
   -1.478   -1.478   -1.469   -1.469   -0.045   -0.045    0.361    0.361    0.377    0.377
    5.211    5.211    5.848    5.848    6.503    6.503    6.665    6.665    9.830    9.830
   10.941   10.941   11.049   11.049   13.006   13.006   15.443   15.443
            0.000000  0.057452  0.000000
 -108.152 -108.152  -70.141  -70.141  -51.869  -51.869  -51.869  -51.869   -5.157   -5.157
   -1.478   -1.478   -1.469   -1.469   -0.044   -0.044    0.361    0.361    0.377    0.377
    5.198    5.198    5.849    5.849    6.499    6.499    6.674    6.674    9.832    9.832
   10.938   10.938   11.053   11.053   13.017   13.017   15.419   15.419
            0.000000  0.059662  0.000000
 -108.152 -108.152  -70.141  -70.141  -51.869  -51.869  -51.869  -51.869   -5.157   -5.157
   -1.478   -1.478   -1.469   -1.469   -0.044   -0.044    0.360    0.360    0.378    0.378
    5.185    5.185    5.851    5.851    6.495    6.495    6.682    6.682    9.834    9.834
   10.934   10.934   11.057   11.057   13.029   13.029   15.396   15.396
            0.000000  0.061872  0.000000
 -108.152 -108.152  -70.141  -70.141  -51.869  -51.869  -51.869  -51.869   -5.156   -5.156
   -1.478   -1.478   -1.468   -1.468   -0.044   -0.044    0.360    0.360    0.378    0.378
    5.171    5.171    5.852    5.852    6.490    6.490    6.691    6.691    9.835    9.835
   10.930   10.930   11.062   11.062   13.041   13.041   15.372   15.372
            0.000000  0.064082  0.000000
 -108.152 -108.152  -70.141  -70.141  -51.869  -51.869  -51.869  -51.869   -5.155   -5.155
   -1.478   -1.478   -1.468   -1.468   -0.044   -0.044    0.360    0.360    0.379    0.379
    5.158    5.158    5.853    5.853    6.485    6.485    6.701    6.701    9.837    9.837
   10.926   10.926   11.066   11.066   13.054   13.054   15.348   15.348
            0.000000  0.066291  0.000000
 -108.152 -108.152  -70.141  -70.141  -51.869  -51.869  -51.869  -51.869   -5.154   -5.154
   -1.478   -1.478   -1.468   -1.468   -0.043   -0.043    0.359    0.359    0.379    0.379
    5.144    5.144    5.854    5.854    6.480    6.480    6.710    6.710    9.839    9.839
   10.922   10.922   11.071   11.071   13.067   13.067   15.324   15.324
            0.000000  0.068501  0.000000
 -108.152 -108.152  -70.141  -70.141  -51.869  -51.869  -51.869  -51.869   -5.153   -5.153
   -1.478   -1.478   -1.467   -1.467   -0.043   -0.043    0.359    0.359    0.379    0.379
    5.130    5.130    5.855    5.855    6.475    6.475    6.720    6.720    9.841    9.841
   10.919   10.919   11.076   11.076   13.080   13.080   15.301   15.301
            0.000000  0.070711  0.000000
 -108.152 -108.152  -70.141  -70.141  -51.869  -51.869  -51.869  -51.869   -5.153   -5.153
   -1.478   -1.478   -1.467   -1.467   -0.043   -0.043    0.359    0.359    0.380    0.380
    5.115    5.115    5.855    5.855    6.470    6.470    6.730    6.730    9.843    9.843
   10.915   10.915   11.081   11.081   13.094   13.094   15.277   15.277
            0.000000  0.072920  0.000000
 -108.152 -108.152  -70.141  -70.141  -51.869  -51.869  -51.869  -51.869   -5.152   -5.152
   -1.478   -1.478   -1.467   -1.467   -0.043   -0.043    0.359    0.359    0.380    0.380
    5.101    5.101    5.855    5.855    6.465    6.465    6.740    6.740    9.845    9.845
   10.911   10.911   11.086   11.086   13.108   13.108   15.253   15.253
            0.000000  0.075130  0.000000
 -108.152 -108.152  -70.141  -70.141  -51.869  -51.869  -51.869  -51.869   -5.151   -5.151
   -1.478   -1.478   -1.466   -1.466   -0.042   -0.042    0.358    0.358    0.380    0.380
    5.087    5.087    5.855    5.855    6.459    6.459    6.751    6.751    9.846    9.846
   10.908   10.908   11.091   11.091   13.122   13.122   15.229   15.229
            0.000000  0.077340  0.000000
 -108.152 -108.152  -70.141  -70.141  -51.869  -51.869  -51.869  -51.869   -5.150   -5.150
   -1.478   -1.478   -1.466   -1.466   -0.042   -0.042    0.358    0.358    0.381    0.381
    5.072    5.072    5.855    5.855    6.454    6.454    6.761    6.761    9.848    9.848
   10.904   10.904   11.097   11.097   13.137   13.137   15.205   15.205
            0.000000  0.079550  0.000000
 -108.152 -108.152  -70.141  -70.141  -51.869  -51.869  -51.869  -51.869   -5.149   -5.149
   -1.478   -1.478   -1.465   -1.465   -0.042   -0.042    0.358    0.358    0.381    0.381
    5.058    5.058    5.854    5.854    6.448    6.448    6.772    6.772    9.850    9.850
   10.901   10.901   11.102   11.102   13.152   13.152   15.181   15.181
            0.000000  0.081759  0.000000
 -108.152 -108.152  -70.141  -70.141  -51.869  -51.869  -51.869  -51.869   -5.148   -5.148
   -1.478   -1.478   -1.465   -1.465   -0.041   -0.041    0.358    0.358    0.382    0.382
    5.043    5.043    5.854    5.854    6.442    6.442    6.783    6.783    9.851    9.851
   10.898   10.898   11.108   11.108   13.167   13.167   15.157   15.157
            0.000000  0.083969  0.000000
 -108.152 -108.152  -70.141  -70.141  -51.869  -51.869  -51.869  -51.869   -5.147   -5.147
   -1.478   -1.478   -1.464   -1.464   -0.041   -0.041    0.357    0.357    0.382    0.382
    5.028    5.028    5.853    5.853    6.436    6.436    6.795    6.795    9.853    9.853
   10.895   10.895   11.114   11.114   13.182   13.182   15.133   15.133
            0.000000  0.086179  0.000000
 -108.152 -108.152  -70.141  -70.141  -51.869  -51.869  -51.869  -51.869   -5.146   -5.146
   -1.478   -1.478   -1.464   -1.464   -0.041   -0.041    0.357    0.357    0.382    0.382
    5.013    5.013    5.852    5.852    6.430    6.430    6.806    6.806    9.854    9.854
   10.892   10.892   11.120   11.120   13.198   13.198   15.110   15.110
            0.000000  0.088388  0.000000
 -108.152 -108.152  -70.141  -70.141  -51.869  -51.869  -51.869  -51.869   -5.145   -5.145
   -1.478   -1.478   -1.464   -1.464   -0.040   -0.040    0.357    0.357    0.383    0.383
    4.998    4.998    5.850    5.850    6.424    6.424    6.818    6.818    9.855    9.855
   10.889   10.889   11.126   11.126   13.214   13.214   15.086   15.086
            0.000000  0.090598  0.000000
 -108.152 -108.152  -70.141  -70.141  -51.869  -51.869  -51.869  -51.869   -5.144   -5.144
   -1.477   -1.477   -1.463   -1.463   -0.040   -0.040    0.356    0.356    0.383    0.383
    4.983    4.983    5.849    5.849    6.417    6.417    6.830    6.830    9.857    9.857
   10.886   10.886   11.132   11.132   13.230   13.230   15.062   15.062
            0.000000  0.092808  0.000000
 -108.152 -108.152  -70.141  -70.141  -51.869  -51.869  -51.869  -51.869   -5.142   -5.142
   -1.477   -1.477   -1.463   -1.463   -0.040   -0.040    0.356    0.356    0.384    0.384
    4.968    4.968    5.847    5.847    6.411    6.411    6.842    6.842    9.858    9.858
   10.884   10.884   11.139   11.139   13.247   13.247   15.038   15.038
            0.000000  0.095017  0.000000
 -108.152 -108.152  -70.141  -70.141  -51.869  -51.869  -51.869  -51.869   -5.141   -5.141
   -1.477   -1.477   -1.462   -1.462   -0.039   -0.039    0.356    0.356    0.384    0.384
    4.953    4.953    5.845    5.845    6.404    6.404    6.854    6.854    9.859    9.859
   10.881   10.881   11.146   11.146   13.264   13.264   15.015   15.015
            0.000000  0.097227  0.000000
 -108.152 -108.152  -70.141  -70.141  -51.869  -51.869  -51.869  -51.869   -5.140   -5.140
   -1.477   -1.477   -1.462   -1.462   -0.039   -0.039    0.356    0.356    0.384    0.384
    4.938    4.938    5.843    5.843    6.398    6.398    6.866    6.866    9.860    9.860
   10.879   10.879   11.152   11.152   13.281   13.281   14.991   14.991
            0.000000  0.099437  0.000000
 -108.152 -108.152  -70.141  -70.141  -51.869  -51.869  -51.869  -51.869   -5.139   -5.139
   -1.477   -1.477   -1.461   -1.461   -0.038   -0.038    0.355    0.355    0.385    0.385
    4.922    4.922    5.841    5.841    6.391    6.391    6.879    6.879    9.861    9.861
   10.877   10.877   11.159   11.159   13.298   13.298   14.968   14.968
            0.000000  0.101647  0.000000
 -108.152 -108.152  -70.141  -70.141  -51.869  -51.869  -51.869  -51.869   -5.138   -5.138
   -1.477   -1.477   -1.461   -1.461   -0.038   -0.038    0.355    0.355    0.385    0.385
    4.907    4.907    5.838    5.838    6.384    6.384    6.891    6.891    9.861    9.861
   10.875   10.875   11.166   11.166   13.315   13.315   14.944   14.944
            0.000000  0.103856  0.000000
 -108.152 -108.152  -70.141  -70.141  -51.869  -51.869  -51.869  -51.869   -5.136   -5.136
   -1.477   -1.477   -1.460   -1.460   -0.038   -0.038    0.355    0.355    0.386    0.386
    4.892    4.892    5.835    5.835    6.377    6.377    6.904    6.904    9.862    9.862
   10.874   10.874   11.173   11.173   13.333   13.333   14.921   14.921
            0.000000  0.106066  0.000000
 -108.152 -108.152  -70.141  -70.141  -51.869  -51.869  -51.869  -51.869   -5.135   -5.135
   -1.477   -1.477   -1.460   -1.460   -0.037   -0.037    0.355    0.355    0.386    0.386
    4.876    4.876    5.833    5.833    6.369    6.369    6.917    6.917    9.862    9.862
   10.873   10.873   11.181   11.181   13.351   13.351   14.898   14.898
            0.000000  0.108276  0.000000
 -108.152 -108.152  -70.141  -70.141  -51.869  -51.869  -51.869  -51.869   -5.134   -5.134
   -1.477   -1.477   -1.459   -1.459   -0.037   -0.037    0.354    0.354    0.386    0.386
    4.861    4.861    5.829    5.829    6.362    6.362    6.930    6.930    9.862    9.862
   10.872   10.872   11.188   11.188   13.369   13.369   14.874   14.874
            0.000000  0.110485  0.000000
 -108.152 -108.152  -70.141  -70.141  -51.869  -51.869  -51.869  -51.869   -5.132   -5.132
   -1.477   -1.477   -1.459   -1.459   -0.036   -0.036    0.354    0.354    0.387    0.387
    4.845    4.845    5.826    5.826    6.355    6.355    6.943    6.943    9.862    9.862
   10.871   10.871   11.196   11.196   13.387   13.387   14.851   14.851
            0.000000  0.112695  0.000000
 -108.152 -108.152  -70.141  -70.141  -51.869  -51.869  -51.869  -51.869   -5.131   -5.131
   -1.476   -1.476   -1.458   -1.458   -0.036   -0.036    0.354    0.354    0.387    0.387
    4.829    4.829    5.823    5.823    6.347    6.347    6.956    6.956    9.862    9.862
   10.870   10.870   11.203   11.203   13.405   13.405   14.828   14.828
            0.000000  0.114905  0.000000
 -108.152 -108.152  -70.141  -70.141  -51.869  -51.869  -51.869  -51.869   -5.130   -5.130
   -1.476   -1.476   -1.458   -1.458   -0.035   -0.035    0.353    0.353    0.388    0.388
    4.814    4.814    5.819    5.819    6.339    6.339    6.969    6.969    9.862    9.862
   10.870   10.870   11.211   11.211   13.424   13.424   14.805   14.805
            0.000000  0.117115  0.000000
 -108.152 -108.152  -70.141  -70.141  -51.869  -51.869  -51.869  -51.869   -5.128   -5.128
   -1.476   -1.476   -1.457   -1.457   -0.035   -0.035    0.353    0.353    0.388    0.388
    4.798    4.798    5.816    5.816    6.332    6.332    6.983    6.983    9.862    9.862
   10.870   10.870   11.219   11.219   13.443   13.443   14.783   14.783
            0.000000  0.119324  0.000000
 -108.152 -108.152  -70.141  -70.141  -51.869  -51.869  -51.869  -51.869   -5.127   -5.127
   -1.476   -1.476   -1.457   -1.457   -0.034   -0.034    0.353    0.353    0.389    0.389
    4.782    4.782    5.812    5.812    6.324    6.324    6.996    6.996    9.861    9.861
   10.871   10.871   11.227   11.227   13.462   13.462   14.760   14.760
            0.000000  0.121534  0.000000
 -108.152 -108.152  -70.141  -70.141  -51.869  -51.869  -51.869  -51.869   -5.125   -5.125
   -1.476   -1.476   -1.456   -1.456   -0.034   -0.034    0.353    0.353    0.389    0.389
    4.767    4.767    5.808    5.808    6.316    6.316    7.009    7.009    9.860    9.860
   10.871   10.871   11.236   11.236   13.481   13.481   14.737   14.737
            0.000000  0.123744  0.000000
 -108.152 -108.152  -70.141  -70.141  -51.869  -51.869  -51.869  -51.869   -5.124   -5.124
   -1.476   -1.476   -1.456   -1.456   -0.033   -0.033    0.352    0.352    0.390    0.390
    4.751    4.751    5.804    5.804    6.308    6.308    7.023    7.023    9.859    9.859
   10.872   10.872   11.244   11.244   13.500   13.500   14.715   14.715
            0.000000  0.125953  0.000000
 -108.152 -108.152  -70.141  -70.141  -51.869  -51.869  -51.869  -51.869   -5.122   -5.122
   -1.476   -1.476   -1.455   -1.455   -0.033   -0.033    0.352    0.352    0.390    0.390
    4.735    4.735    5.800    5.800    6.300    6.300    7.037    7.037    9.858    9.858
   10.873   10.873   11.253   11.253   13.519   13.519   14.693   14.693
            0.000000  0.128163  0.000000
 -108.152 -108.152  -70.141  -70.141  -51.869  -51.869  -51.869  -51.869   -5.121   -5.121
   -1.475   -1.475   -1.454   -1.454   -0.032   -0.032    0.352    0.352    0.390    0.390
    4.719    4.719    5.795    5.795    6.292    6.292    7.050    7.050    9.857    9.857
   10.875   10.875   11.261   11.261   13.539   13.539   14.671   14.671
            0.000000  0.130373  0.000000
 -108.152 -108.152  -70.141  -70.141  -51.869  -51.869  -51.869  -51.869   -5.119   -5.119
   -1.475   -1.475   -1.454   -1.454   -0.032   -0.032    0.352    0.352    0.391    0.391
    4.703    4.703    5.791    5.791    6.283    6.283    7.064    7.064    9.855    9.855
   10.877   10.877   11.270   11.270   13.558   13.558   14.649   14.649
            0.000000  0.132583  0.000000
 -108.152 -108.152  -70.141  -70.141  -51.869  -51.869  -51.869  -51.869   -5.117   -5.117
   -1.475   -1.475   -1.453   -1.453   -0.031   -0.031    0.351    0.351    0.391    0.391
    4.687    4.687    5.786    5.786    6.275    6.275    7.078    7.078    9.854    9.854
   10.879   10.879   11.279   11.279   13.578   13.578   14.627   14.627
            0.000000  0.134792  0.000000
 -108.152 -108.152  -70.141  -70.141  -51.869  -51.869  -51.869  -51.869   -5.116   -5.116
   -1.475   -1.475   -1.453   -1.453   -0.031   -0.031    0.351    0.351    0.392    0.392
    4.671    4.671    5.781    5.781    6.266    6.266    7.092    7.092    9.852    9.852
   10.882   10.882   11.288   11.288   13.598   13.598   14.605   14.605
            0.000000  0.137002  0.000000
 -108.152 -108.152  -70.141  -70.141  -51.869  -51.869  -51.869  -51.869   -5.114   -5.114
   -1.475   -1.475   -1.452   -1.452   -0.030   -0.030    0.351    0.351    0.392    0.392
    4.655    4.655    5.776    5.776    6.258    6.258    7.105    7.105    9.850    9.850
   10.884   10.884   11.297   11.297   13.618   13.618   14.584   14.584
            0.000000  0.139212  0.000000
 -108.152 -108.152  -70.141  -70.141  -51.869  -51.869  -51.869  -51.869   -5.113   -5.113
   -1.474   -1.474   -1.451   -1.451   -0.030   -0.030    0.351    0.351    0.393    0.393
    4.639    4.639    5.771    5.771    6.249    6.249    7.119    7.119    9.847    9.847
   10.888   10.888   11.306   11.306   13.638   13.638   14.563   14.563
            0.000000  0.141421  0.000000
 -108.152 -108.152  -70.141  -70.141  -51.869  -51.869  -51.869  -51.869   -5.111   -5.111
   -1.474   -1.474   -1.451   -1.451   -0.029   -0.029    0.351    0.351    0.393    0.393
    4.623    4.623    5.766    5.766    6.241    6.241    7.133    7.133    9.845    9.845
   10.891   10.891   11.316   11.316   13.658   13.658   14.542   14.542
            0.000000  0.143631  0.000000
 -108.152 -108.152  -70.141  -70.141  -51.869  -51.869  -51.869  -51.869   -5.109   -5.109
   -1.474   -1.474   -1.450   -1.450   -0.029   -0.029    0.350    0.350    0.394    0.394
    4.607    4.607    5.761    5.761    6.232    6.232    7.147    7.147    9.842    9.842
   10.895   10.895   11.325   11.325   13.678   13.678   14.521   14.521
            0.000000  0.145841  0.000000
 -108.152 -108.152  -70.141  -70.141  -51.869  -51.869  -51.869  -51.869   -5.107   -5.107
   -1.474   -1.474   -1.449   -1.449   -0.028   -0.028    0.350    0.350    0.394    0.394
    4.591    4.591    5.755    5.755    6.223    6.223    7.161    7.161    9.839    9.839
   10.899   10.899   11.335   11.335   13.697   13.697   14.501   14.501
            0.000000  0.148050  0.000000
 -108.152 -108.152  -70.141  -70.141  -51.869  -51.869  -51.869  -51.869   -5.106   -5.106
   -1.474   -1.474   -1.449   -1.449   -0.027   -0.027    0.350    0.350    0.395    0.395
    4.575    4.575    5.750    5.750    6.214    6.214    7.175    7.175    9.836    9.836
   10.903   10.903   11.344   11.344   13.717   13.717   14.481   14.481
            0.000000  0.150260  0.000000
 -108.152 -108.152  -70.141  -70.141  -51.869  -51.869  -51.869  -51.869   -5.104   -5.104
   -1.473   -1.473   -1.448   -1.448   -0.027   -0.027    0.350    0.350    0.395    0.395
    4.559    4.559    5.744    5.744    6.205    6.205    7.189    7.189    9.833    9.833
   10.908   10.908   11.354   11.354   13.737   13.737   14.461   14.461
            0.000000  0.152470  0.000000
 -108.152 -108.152  -70.141  -70.141  -51.869  -51.869  -51.869  -51.869   -5.102   -5.102
   -1.473   -1.473   -1.447   -1.447   -0.026   -0.026    0.349    0.349    0.396    0.396
    4.543    4.543    5.739    5.739    6.196    6.196    7.203    7.203    9.830    9.830
   10.913   10.913   11.364   11.364   13.757   13.757   14.442   14.442
            0.000000  0.154680  0.000000
 -108.152 -108.152  -70.141  -70.141  -51.869  -51.869  -51.869  -51.869   -5.100   -5.100
   -1.473   -1.473   -1.447   -1.447   -0.026   -0.026    0.349    0.349    0.396    0.396
    4.527    4.527    5.733    5.733    6.187    6.187    7.217    7.217    9.826    9.826
   10.919   10.919   11.374   11.374   13.776   13.776   14.423   14.423
            0.000000  0.156889  0.000000
 -108.152 -108.152  -70.141  -70.141  -51.869  -51.869  -51.869  -51.869   -5.098   -5.098
   -1.473   -1.473   -1.446   -1.446   -0.025   -0.025    0.349    0.349    0.397    0.397
    4.511    4.511    5.727    5.727    6.178    6.178    7.231    7.231    9.822    9.822
   10.924   10.924   11.384   11.384   13.795   13.795   14.405   14.405
            0.000000  0.159099  0.000000
 -108.152 -108.152  -70.141  -70.141  -51.869  -51.869  -51.869  -51.869   -5.096   -5.096
   -1.473   -1.473   -1.445   -1.445   -0.024   -0.024    0.349    0.349    0.397    0.397
    4.495    4.495    5.721    5.721    6.168    6.168    7.245    7.245    9.818    9.818
   10.930   10.930   11.395   11.395   13.814   13.814   14.387   14.387
            0.000000  0.161309  0.000000
 -108.152 -108.152  -70.141  -70.141  -51.869  -51.869  -51.869  -51.869   -5.094   -5.094
   -1.472   -1.472   -1.445   -1.445   -0.024   -0.024    0.348    0.348    0.398    0.398
    4.478    4.478    5.715    5.715    6.159    6.159    7.259    7.259    9.814    9.814
   10.936   10.936   11.405   11.405   13.833   13.833   14.370   14.370
            0.000000  0.163518  0.000000
 -108.152 -108.152  -70.141  -70.141  -51.869  -51.869  -51.869  -51.869   -5.093   -5.093
   -1.472   -1.472   -1.444   -1.444   -0.023   -0.023    0.348    0.348    0.398    0.398
    4.462    4.462    5.709    5.709    6.150    6.150    7.273    7.273    9.810    9.810
   10.943   10.943   11.416   11.416   13.851   13.851   14.354   14.354
            0.000000  0.165728  0.000000
 -108.152 -108.152  -70.141  -70.141  -51.869  -51.869  -51.869  -51.869   -5.091   -5.091
   -1.472   -1.472   -1.443   -1.443   -0.022   -0.022    0.348    0.348    0.399    0.399
    4.446    4.446    5.703    5.703    6.140    6.140    7.287    7.287    9.805    9.805
   10.950   10.950   11.426   11.426   13.868   13.868   14.339   14.339
            0.000000  0.167938  0.000000
 -108.152 -108.152  -70.141  -70.141  -51.869  -51.869  -51.869  -51.869   -5.089   -5.089
   -1.472   -1.472   -1.443   -1.443   -0.022   -0.022    0.348    0.348    0.399    0.399
    4.430    4.430    5.696    5.696    6.131    6.131    7.301    7.301    9.801    9.801
   10.957   10.957   11.437   11.437   13.884   13.884   14.325   14.325
            0.000000  0.170148  0.000000
 -108.152 -108.152  -70.141  -70.141  -51.869  -51.869  -51.869  -51.869   -5.087   -5.087
   -1.471   -1.471   -1.442   -1.442   -0.021   -0.021    0.348    0.348    0.400    0.400
    4.414    4.414    5.690    5.690    6.121    6.121    7.315    7.315    9.796    9.796
   10.964   10.964   11.448   11.448   13.899   13.899   14.312   14.312
            0.000000  0.172357  0.000000
 -108.152 -108.152  -70.141  -70.141  -51.869  -51.869  -51.869  -51.869   -5.085   -5.085
   -1.471   -1.471   -1.441   -1.441   -0.020   -0.020    0.347    0.347    0.400    0.400
    4.397    4.397    5.683    5.683    6.111    6.111    7.329    7.329    9.791    9.791
   10.972   10.972   11.459   11.459   13.913   13.913   14.301   14.301
            0.000000  0.174567  0.000000
 -108.152 -108.152  -70.141  -70.141  -51.869  -51.869  -51.869  -51.869   -5.083   -5.083
   -1.471   -1.471   -1.440   -1.440   -0.020   -0.020    0.347    0.347    0.401    0.401
    4.381    4.381    5.677    5.677    6.102    6.102    7.343    7.343    9.786    9.786
   10.980   10.980   11.470   11.470   13.925   13.925   14.292   14.292
            0.000000  0.176777  0.000000
 -108.152 -108.152  -70.141  -70.141  -51.869  -51.869  -51.869  -51.869   -5.080   -5.080
   -1.471   -1.471   -1.440   -1.440   -0.019   -0.019    0.347    0.347    0.401    0.401
    4.365    4.365    5.670    5.670    6.092    6.092    7.357    7.357    9.781    9.781
   10.988   10.988   11.481   11.481   13.935   13.935   14.285   14.285
            0.000000  0.178986  0.000000
 -108.152 -108.152  -70.141  -70.141  -51.869  -51.869  -51.869  -51.869   -5.078   -5.078
   -1.470   -1.470   -1.439   -1.439   -0.018   -0.018    0.347    0.347    0.402    0.402
    4.349    4.349    5.663    5.663    6.082    6.082    7.371    7.371    9.776    9.776
   10.997   10.997   11.492   11.492   13.943   13.943   14.281   14.281
            0.000000  0.181196  0.000000
 -108.152 -108.152  -70.141  -70.141  -51.869  -51.869  -51.869  -51.869   -5.076   -5.076
   -1.470   -1.470   -1.438   -1.438   -0.018   -0.018    0.347    0.347    0.402    0.402
    4.333    4.333    5.656    5.656    6.072    6.072    7.385    7.385    9.771    9.771
   11.006   11.006   11.504   11.504   13.948   13.948   14.280   14.280
            0.000000  0.183406  0.000000
 -108.152 -108.152  -70.141  -70.141  -51.869  -51.869  -51.869  -51.869   -5.074   -5.074
   -1.470   -1.470   -1.437   -1.437   -0.017   -0.017    0.346    0.346    0.403    0.403
    4.316    4.316    5.650    5.650    6.063    6.063    7.399    7.399    9.765    9.765
   11.015   11.015   11.515   11.515   13.950   13.950   14.281   14.281
            0.000000  0.185616  0.000000
 -108.152 -108.152  -70.141  -70.141  -51.869  -51.869  -51.869  -51.869   -5.072   -5.072
   -1.469   -1.469   -1.436   -1.436   -0.016   -0.016    0.346    0.346    0.403    0.403
    4.300    4.300    5.643    5.643    6.053    6.053    7.413    7.413    9.760    9.760
   11.024   11.024   11.527   11.527   13.950   13.950   14.286   14.286
            0.000000  0.187825  0.000000
 -108.152 -108.152  -70.141  -70.141  -51.869  -51.869  -51.869  -51.869   -5.070   -5.070
   -1.469   -1.469   -1.436   -1.436   -0.016   -0.016    0.346    0.346    0.404    0.404
    4.284    4.284    5.636    5.636    6.043    6.043    7.426    7.426    9.754    9.754
   11.033   11.033   11.539   11.539   13.946   13.946   14.294   14.294
            0.000000  0.190035  0.000000
 -108.152 -108.152  -70.141  -70.141  -51.869  -51.869  -51.869  -51.869   -5.068   -5.068
   -1.469   -1.469   -1.435   -1.435   -0.015   -0.015    0.346    0.346    0.404    0.404
    4.268    4.268    5.628    5.628    6.033    6.033    7.440    7.440    9.749    9.749
   11.043   11.043   11.550   11.550   13.941   13.941   14.304   14.304
            0.000000  0.192245  0.000000
 -108.152 -108.152  -70.141  -70.141  -51.869  -51.869  -51.869  -51.869   -5.065   -5.065
   -1.469   -1.469   -1.434   -1.434   -0.014   -0.014    0.346    0.346    0.405    0.405
    4.251    4.251    5.621    5.621    6.023    6.023    7.454    7.454    9.743    9.743
   11.053   11.053   11.562   11.562   13.933   13.933   14.317   14.317
            0.000000  0.194454  0.000000
 -108.152 -108.152  -70.141  -70.141  -51.869  -51.869  -51.869  -51.869   -5.063   -5.063
   -1.468   -1.468   -1.433   -1.433   -0.013   -0.013    0.345    0.345    0.406    0.406
    4.235    4.235    5.614    5.614    6.013    6.013    7.467    7.467    9.737    9.737
   11.063   11.063   11.574   11.574   13.924   13.924   14.332   14.332
            0.000000  0.196664  0.000000
 -108.152 -108.152  -70.141  -70.141  -51.869  -51.869  -51.869  -51.869   -5.061   -5.061
   -1.468   -1.468   -1.432   -1.432   -0.013   -0.013    0.345    0.345    0.406    0.406
    4.219    4.219    5.607    5.607    6.003    6.003    7.481    7.481    9.731    9.731
   11.074   11.074   11.586   11.586   13.913   13.913   14.348   14.348
            0.000000  0.198874  0.000000
 -108.152 -108.152  -70.141  -70.141  -51.869  -51.869  -51.869  -51.869   -5.059   -5.059
   -1.468   -1.468   -1.431   -1.431   -0.012   -0.012    0.345    0.345    0.407    0.407
    4.203    4.203    5.599    5.599    5.992    5.992    7.494    7.494    9.725    9.725
   11.084   11.084   11.599   11.599   13.901   13.901   14.366   14.366
            0.000000  0.201083  0.000000
 -108.152 -108.152  -70.141  -70.141  -51.869  -51.869  -51.869  -51.869   -5.056   -5.056
   -1.467   -1.467   -1.431   -1.431   -0.011   -0.011    0.345    0.345    0.407    0.407
    4.186    4.186    5.592    5.592    5.982    5.982    7.508    7.508    9.719    9.719
   11.095   11.095   11.611   11.611   13.889   13.889   14.385   14.385
            0.000000  0.203293  0.000000
 -108.152 -108.152  -70.141  -70.141  -51.869  -51.869  -51.869  -51.869   -5.054   -5.054
   -1.467   -1.467   -1.430   -1.430   -0.010   -0.010    0.345    0.345    0.408    0.408
    4.170    4.170    5.585    5.585    5.972    5.972    7.521    7.521    9.713    9.713
   11.106   11.106   11.623   11.623   13.875   13.875   14.405   14.405
            0.000000  0.205503  0.000000
 -108.152 -108.152  -70.141  -70.141  -51.869  -51.869  -51.869  -51.869   -5.052   -5.052
   -1.467   -1.467   -1.429   -1.429   -0.009   -0.009    0.345    0.345    0.408    0.408
    4.154    4.154    5.577    5.577    5.962    5.962    7.535    7.535    9.707    9.707
   11.117   11.117   11.636   11.636   13.861   13.861   14.425   14.425
            0.000000  0.207713  0.000000
 -108.152 -108.152  -70.141  -70.141  -51.869  -51.869  -51.869  -51.869   -5.049   -5.049
   -1.466   -1.466   -1.428   -1.428   -0.009   -0.009    0.344    0.344    0.409    0.409
    4.138    4.138    5.570    5.570    5.952    5.952    7.548    7.548    9.701    9.701
   11.129   11.129   11.648   11.648   13.847   13.847   14.447   14.447
            0.000000  0.209922  0.000000
 -108.152 -108.152  -70.141  -70.141  -51.869  -51.869  -51.869  -51.869   -5.047   -5.047
   -1.466   -1.466   -1.427   -1.427   -0.008   -0.008    0.344    0.344    0.410    0.410
    4.122    4.122    5.562    5.562    5.941    5.941    7.561    7.561    9.694    9.694
   11.140   11.140   11.661   11.661   13.832   13.832   14.469   14.469
            0.000000  0.212132  0.000000
 -108.152 -108.152  -70.141  -70.141  -51.869  -51.869  -51.869  -51.869   -5.045   -5.045
   -1.466   -1.466   -1.426   -1.426   -0.007   -0.007    0.344    0.344    0.410    0.410
    4.105    4.105    5.554    5.554    5.931    5.931    7.574    7.574    9.688    9.688
   11.152   11.152   11.674   11.674   13.817   13.817   14.491   14.491
            0.000000  0.214342  0.000000
 -108.152 -108.152  -70.141  -70.141  -51.869  -51.869  -51.869  -51.869   -5.042   -5.042
   -1.465   -1.465   -1.425   -1.425   -0.006   -0.006    0.344    0.344    0.411    0.411
    4.089    4.089    5.547    5.547    5.921    5.921    7.587    7.587    9.682    9.682
   11.164   11.164   11.686   11.686   13.802   13.802   14.514   14.514
            0.000000  0.216551  0.000000
 -108.152 -108.152  -70.141  -70.141  -51.869  -51.869  -51.869  -51.869   -5.040   -5.040
   -1.465   -1.465   -1.424   -1.424   -0.005   -0.005    0.344    0.344    0.411    0.411
    4.073    4.073    5.539    5.539    5.910    5.910    7.600    7.600    9.676    9.676
   11.176   11.176   11.699   11.699   13.786   13.786   14.537   14.537
            0.000000  0.218761  0.000000
 -108.152 -108.152  -70.141  -70.141  -51.869  -51.869  -51.869  -51.869   -5.037   -5.037
   -1.465   -1.465   -1.423   -1.423   -0.005   -0.005    0.344    0.344    0.412    0.412
    4.057    4.057    5.531    5.531    5.900    5.900    7.613    7.613    9.669    9.669
   11.188   11.188   11.712   11.712   13.771   13.771   14.561   14.561
            0.000000  0.220971  0.000000
 -108.152 -108.152  -70.141  -70.141  -51.869  -51.869  -51.869  -51.869   -5.035   -5.035
   -1.464   -1.464   -1.422   -1.422   -0.004   -0.004    0.344    0.344    0.413    0.413
    4.040    4.040    5.523    5.523    5.889    5.889    7.626    7.626    9.663    9.663
   11.201   11.201   11.725   11.725   13.755   13.755   14.585   14.585
            0.000000  0.223181  0.000000
 -108.152 -108.152  -70.141  -70.141  -51.869  -51.869  -51.869  -51.869   -5.032   -5.032
   -1.464   -1.464   -1.421   -1.421   -0.003   -0.003    0.343    0.343    0.413    0.413
    4.024    4.024    5.515    5.515    5.879    5.879    7.639    7.639    9.657    9.657
   11.213   11.213   11.739   11.739   13.740   13.740   14.609   14.609
            0.000000  0.225390  0.000000
 -108.152 -108.152  -70.141  -70.141  -51.869  -51.869  -51.869  -51.869   -5.030   -5.030
   -1.464   -1.464   -1.420   -1.420   -0.002   -0.002    0.343    0.343    0.414    0.414
    4.008    4.008    5.507    5.507    5.869    5.869    7.652    7.652    9.650    9.650
   11.226   11.226   11.752   11.752   13.725   13.725   14.633   14.633
            0.000000  0.227600  0.000000
 -108.152 -108.152  -70.141  -70.141  -51.869  -51.869  -51.869  -51.869   -5.027   -5.027
   -1.463   -1.463   -1.419   -1.419   -0.001   -0.001    0.343    0.343    0.415    0.415
    3.992    3.992    5.499    5.499    5.858    5.858    7.664    7.664    9.644    9.644
   11.239   11.239   11.765   11.765   13.709   13.709   14.658   14.658
            0.000000  0.229810  0.000000
 -108.152 -108.152  -70.141  -70.141  -51.869  -51.869  -51.869  -51.869   -5.025   -5.025
   -1.463   -1.463   -1.418   -1.418   -0.000   -0.000    0.343    0.343    0.415    0.415
    3.976    3.976    5.491    5.491    5.848    5.848    7.677    7.677    9.637    9.637
   11.252   11.252   11.778   11.778   13.694   13.694   14.683   14.683
            0.000000  0.232019  0.000000
 -108.152 -108.152  -70.141  -70.141  -51.869  -51.869  -51.869  -51.869   -5.022   -5.022
   -1.463   -1.463   -1.417   -1.417    0.001    0.001    0.343    0.343    0.416    0.416
    3.959    3.959    5.483    5.483    5.837    5.837    7.689    7.689    9.631    9.631
   11.265   11.265   11.792   11.792   13.679   13.679   14.708   14.708
            0.000000  0.234229  0.000000
 -108.152 -108.152  -70.141  -70.141  -51.869  -51.869  -51.869  -51.869   -5.020   -5.020
   -1.462   -1.462   -1.416   -1.416    0.001    0.001    0.343    0.343    0.417    0.417
    3.943    3.943    5.475    5.475    5.827    5.827    7.702    7.702    9.625    9.625
   11.278   11.278   11.806   11.806   13.664   13.664   14.733   14.733
            0.000000  0.236439  0.000000
 -108.152 -108.152  -70.141  -70.141  -51.869  -51.869  -51.869  -51.869   -5.017   -5.017
   -1.462   -1.462   -1.415   -1.415    0.002    0.002    0.343    0.343    0.417    0.417
    3.927    3.927    5.467    5.467    5.816    5.816    7.714    7.714    9.618    9.618
   11.292   11.292   11.819   11.819   13.649   13.649   14.759   14.759
            0.000000  0.238649  0.000000
 -108.152 -108.152  -70.141  -70.141  -51.869  -51.869  -51.869  -51.869   -5.015   -5.015
   -1.461   -1.461   -1.414   -1.414    0.003    0.003    0.343    0.343    0.418    0.418
    3.911    3.911    5.459    5.459    5.806    5.806    7.726    7.726    9.612    9.612
   11.305   11.305   11.833   11.833   13.634   13.634   14.784   14.784
            0.000000  0.240858  0.000000
 -108.152 -108.152  -70.141  -70.141  -51.869  -51.869  -51.869  -51.869   -5.012   -5.012
   -1.461   -1.461   -1.413   -1.413    0.004    0.004    0.342    0.342    0.419    0.419
    3.895    3.895    5.451    5.451    5.795    5.795    7.738    7.738    9.606    9.606
   11.319   11.319   11.847   11.847   13.619   13.619   14.810   14.810
            0.000000  0.243068  0.000000
 -108.152 -108.152  -70.141  -70.141  -51.869  -51.869  -51.869  -51.869   -5.009   -5.009
   -1.461   -1.461   -1.412   -1.412    0.005    0.005    0.342    0.342    0.419    0.419
    3.879    3.879    5.442    5.442    5.785    5.785    7.750    7.750    9.600    9.600
   11.333   11.333   11.861   11.861   13.604   13.604   14.835   14.835
            0.000000  0.245278  0.000000
 -108.152 -108.152  -70.141  -70.141  -51.869  -51.869  -51.869  -51.869   -5.007   -5.007
   -1.460   -1.460   -1.411   -1.411    0.006    0.006    0.342    0.342    0.420    0.420
    3.862    3.862    5.434    5.434    5.774    5.774    7.762    7.762    9.593    9.593
   11.347   11.347   11.875   11.875   13.590   13.590   14.861   14.861
            0.000000  0.247487  0.000000
 -108.152 -108.152  -70.141  -70.141  -51.869  -51.869  -51.869  -51.869   -5.004   -5.004
   -1.460   -1.460   -1.410   -1.410    0.007    0.007    0.342    0.342    0.421    0.421
    3.846    3.846    5.426    5.426    5.763    5.763    7.773    7.773    9.587    9.587
   11.361   11.361   11.889   11.889   13.576   13.576   14.887   14.887
            0.000000  0.249697  0.000000
 -108.152 -108.152  -70.141  -70.141  -51.869  -51.869  -51.869  -51.869   -5.001   -5.001
   -1.459   -1.459   -1.409   -1.409    0.008    0.008    0.342    0.342    0.421    0.421
    3.830    3.830    5.418    5.418    5.753    5.753    7.785    7.785    9.581    9.581
   11.375   11.375   11.903   11.903   13.561   13.561   14.914   14.914
            0.000000  0.251907  0.000000
 -108.152 -108.152  -70.141  -70.141  -51.869  -51.869  -51.869  -51.869   -4.999   -4.999
   -1.459   -1.459   -1.408   -1.408    0.009    0.009    0.342    0.342    0.422    0.422
    3.814    3.814    5.409    5.409    5.742    5.742    7.796    7.796    9.575    9.575
   11.389   11.389   11.917   11.917   13.547   13.547   14.940   14.940
            0.000000  0.254116  0.000000
 -108.152 -108.152  -70.141  -70.141  -51.869  -51.869  -51.869  -51.869   -4.996   -4.996
   -1.459   -1.459   -1.407   -1.407    0.010    0.010    0.342    0.342    0.423    0.423
    3.798    3.798    5.401    5.401    5.732    5.732    7.808    7.808    9.569    9.569
   11.404   11.404   11.931   11.931   13.534   13.534   14.966   14.966
            0.000000  0.256326  0.000000
 -108.152 -108.152  -70.141  -70.141  -51.869  -51.869  -51.869  -51.869   -4.993   -4.993
   -1.458   -1.458   -1.406   -1.406    0.011    0.011    0.342    0.342    0.423    0.423
    3.782    3.782    5.392    5.392    5.721    5.721    7.819    7.819    9.563    9.563
   11.418   11.418   11.946   11.946   13.520   13.520   14.993   14.993
            0.000000  0.258536  0.000000
 -108.152 -108.152  -70.141  -70.141  -51.869  -51.869  -51.869  -51.869   -4.990   -4.990
   -1.458   -1.458   -1.405   -1.405    0.012    0.012    0.342    0.342    0.424    0.424
    3.766    3.766    5.384    5.384    5.711    5.711    7.830    7.830    9.557    9.557
   11.433   11.433   11.960   11.960   13.506   13.506   15.019   15.019
            0.000000  0.260746  0.000000
 -108.152 -108.152  -70.141  -70.141  -51.869  -51.869  -51.869  -51.869   -4.988   -4.988
   -1.457   -1.457   -1.403   -1.403    0.012    0.012    0.342    0.342    0.425    0.425
    3.750    3.750    5.376    5.376    5.700    5.700    7.841    7.841    9.551    9.551
   11.448   11.448   11.974   11.974   13.493   13.493   15.046   15.046
            0.000000  0.262955  0.000000
 -108.152 -108.152  -70.141  -70.141  -51.869  -51.869  -51.869  -51.869   -4.985   -4.985
   -1.457   -1.457   -1.402   -1.402    0.013    0.013    0.342    0.342    0.426    0.426
    3.734    3.734    5.367    5.367    5.689    5.689    7.852    7.852    9.545    9.545
   11.463   11.463   11.989   11.989   13.480   13.480   15.073   15.073
            0.000000  0.265165  0.000000
 -108.152 -108.152  -70.141  -70.141  -51.869  -51.869  -51.869  -51.869   -4.982   -4.982
   -1.457   -1.457   -1.401   -1.401    0.014    0.014    0.342    0.342    0.426    0.426
    3.718    3.718    5.359    5.359    5.679    5.679    7.863    7.863    9.539    9.539
   11.477   11.477   12.004   12.004   13.467   13.467   15.099   15.099
            0.000000  0.267375  0.000000
 -108.152 -108.152  -70.141  -70.141  -51.869  -51.869  -51.869  -51.869   -4.979   -4.979
   -1.456   -1.456   -1.400   -1.400    0.015    0.015    0.342    0.342    0.427    0.427
    3.702    3.702    5.350    5.350    5.668    5.668    7.873    7.873    9.533    9.533
   11.493   11.493   12.018   12.018   13.454   13.454   15.126   15.126
            0.000000  0.269584  0.000000
 -108.152 -108.152  -70.141  -70.141  -51.869  -51.869  -51.869  -51.869   -4.977   -4.977
   -1.456   -1.456   -1.399   -1.399    0.016    0.016    0.342    0.342    0.428    0.428
    3.686    3.686    5.342    5.342    5.658    5.658    7.884    7.884    9.527    9.527
   11.508   11.508   12.033   12.033   13.442   13.442   15.153   15.153
            0.000000  0.271794  0.000000
 -108.152 -108.152  -70.141  -70.141  -51.869  -51.869  -51.869  -51.869   -4.974   -4.974
   -1.455   -1.455   -1.398   -1.398    0.017    0.017    0.342    0.342    0.429    0.429
    3.670    3.670    5.333    5.333    5.647    5.647    7.894    7.894    9.522    9.522
   11.523   11.523   12.048   12.048   13.429   13.429   15.180   15.180
            0.000000  0.274004  0.000000
 -108.152 -108.152  -70.141  -70.141  -51.869  -51.869  -51.869  -51.869   -4.971   -4.971
   -1.455   -1.455   -1.397   -1.397    0.018    0.018    0.342    0.342    0.429    0.429
    3.654    3.654    5.325    5.325    5.637    5.637    7.905    7.905    9.516    9.516
   11.538   11.538   12.063   12.063   13.417   13.417   15.207   15.207
            0.000000  0.276214  0.000000
 -108.152 -108.152  -70.141  -70.141  -51.869  -51.869  -51.869  -51.869   -4.968   -4.968
   -1.455   -1.455   -1.395   -1.395    0.019    0.019    0.342    0.342    0.430    0.430
    3.638    3.638    5.316    5.316    5.626    5.626    7.915    7.915    9.510    9.510
   11.553   11.553   12.078   12.078   13.405   13.405   15.235   15.235
            0.000000  0.278423  0.000000
 -108.152 -108.152  -70.141  -70.141  -51.869  -51.869  -51.869  -51.869   -4.965   -4.965
   -1.454   -1.454   -1.394   -1.394    0.020    0.020    0.342    0.342    0.431    0.431
    3.622    3.622    5.307    5.307    5.616    5.616    7.925    7.925    9.505    9.505
   11.569   11.569   12.093   12.093   13.394   13.394   15.262   15.262
            0.000000  0.280633  0.000000
 -108.152 -108.152  -70.141  -70.141  -51.869  -51.869  -51.869  -51.869   -4.962   -4.962
   -1.454   -1.454   -1.393   -1.393    0.021    0.021    0.342    0.342    0.432    0.432
    3.606    3.606    5.299    5.299    5.605    5.605    7.934    7.934    9.499    9.499
   11.584   11.584   12.108   12.108   13.382   13.382   15.289   15.289
            0.000000  0.282843  0.000000
 -108.152 -108.152  -70.141  -70.141  -51.869  -51.869  -51.869  -51.869   -4.959   -4.959
   -1.453   -1.453   -1.392   -1.392    0.022    0.022    0.341    0.341    0.433    0.433
    3.590    3.590    5.290    5.290    5.594    5.594    7.944    7.944    9.494    9.494
   11.600   11.600   12.123   12.123   13.371   13.371   15.317   15.317
            0.000000  0.285052  0.000000
 -108.152 -108.152  -70.141  -70.141  -51.869  -51.869  -51.869  -51.869   -4.956   -4.956
   -1.453   -1.453   -1.390   -1.390    0.023    0.023    0.342    0.342    0.433    0.433
    3.574    3.574    5.282    5.282    5.584    5.584    7.954    7.954    9.489    9.489
   11.616   11.616   12.138   12.138   13.360   13.360   15.344   15.344
            0.000000  0.287262  0.000000
 -108.152 -108.152  -70.141  -70.141  -51.869  -51.869  -51.869  -51.869   -4.954   -4.954
   -1.452   -1.452   -1.389   -1.389    0.024    0.024    0.342    0.342    0.434    0.434
    3.558    3.558    5.273    5.273    5.573    5.573    7.963    7.963    9.483    9.483
   11.631   11.631   12.153   12.153   13.349   13.349   15.372   15.372
            0.000000  0.289472  0.000000
 -108.152 -108.152  -70.141  -70.141  -51.869  -51.869  -51.869  -51.869   -4.951   -4.951
   -1.452   -1.452   -1.388   -1.388    0.025    0.025    0.342    0.342    0.435    0.435
    3.542    3.542    5.264    5.264    5.563    5.563    7.972    7.972    9.478    9.478
   11.647   11.647   12.169   12.169   13.338   13.338   15.399   15.399
            0.000000  0.291682  0.000000
 -108.152 -108.152  -70.141  -70.141  -51.869  -51.869  -51.869  -51.869   -4.948   -4.948
   -1.452   -1.452   -1.387   -1.387    0.026    0.026    0.342    0.342    0.436    0.436
    3.526    3.526    5.256    5.256    5.553    5.553    7.981    7.981    9.473    9.473
   11.663   11.663   12.184   12.184   13.328   13.328   15.427   15.427
            0.000000  0.293891  0.000000
 -108.152 -108.152  -70.141  -70.141  -51.869  -51.869  -51.869  -51.869   -4.945   -4.945
   -1.451   -1.451   -1.385   -1.385    0.027    0.027    0.342    0.342    0.437    0.437
    3.510    3.510    5.247    5.247    5.542    5.542    7.990    7.990    9.468    9.468
   11.679   11.679   12.199   12.199   13.318   13.318   15.454   15.454
            0.000000  0.296101  0.000000
 -108.152 -108.152  -70.141  -70.141  -51.869  -51.869  -51.869  -51.869   -4.942   -4.942
   -1.451   -1.451   -1.384   -1.384    0.028    0.028    0.342    0.342    0.437    0.437
    3.494    3.494    5.238    5.238    5.532    5.532    7.999    7.999    9.463    9.463
   11.695   11.695   12.215   12.215   13.308   13.308   15.482   15.482
            0.000000  0.298311  0.000000
 -108.152 -108.152  -70.141  -70.141  -51.869  -51.869  -51.869  -51.869   -4.939   -4.939
   -1.450   -1.450   -1.383   -1.383    0.029    0.029    0.342    0.342    0.438    0.438
    3.479    3.479    5.230    5.230    5.521    5.521    8.008    8.008    9.458    9.458
   11.711   11.711   12.230   12.230   13.298   13.298   15.510   15.510
            0.000000  0.300520  0.000000
 -108.152 -108.152  -70.141  -70.141  -51.869  -51.869  -51.869  -51.869   -4.936   -4.936
   -1.450   -1.450   -1.381   -1.381    0.030    0.030    0.342    0.342    0.439    0.439
    3.463    3.463    5.221    5.221    5.511    5.511    8.016    8.016    9.453    9.453
   11.727   11.727   12.246   12.246   13.289   13.289   15.538   15.538
            0.000000  0.302730  0.000000
 -108.152 -108.152  -70.141  -70.141  -51.869  -51.869  -51.869  -51.869   -4.933   -4.933
   -1.449   -1.449   -1.380   -1.380    0.031    0.031    0.342    0.342    0.440    0.440
    3.447    3.447    5.212    5.212    5.500    5.500    8.024    8.024    9.448    9.448
   11.744   11.744   12.261   12.261   13.279   13.279   15.565   15.565
            0.000000  0.304940  0.000000
 -108.152 -108.152  -70.141  -70.141  -51.869  -51.869  -51.869  -51.869   -4.930   -4.930
   -1.449   -1.449   -1.379   -1.379    0.033    0.033    0.342    0.342    0.441    0.441
    3.431    3.431    5.204    5.204    5.490    5.490    8.033    8.033    9.444    9.444
   11.760   11.760   12.277   12.277   13.270   13.270   15.593   15.593
            0.000000  0.307150  0.000000
 -108.152 -108.152  -70.141  -70.141  -51.869  -51.869  -51.869  -51.869   -4.927   -4.927
   -1.448   -1.448   -1.377   -1.377    0.034    0.034    0.342    0.342    0.442    0.442
    3.415    3.415    5.195    5.195    5.480    5.480    8.041    8.041    9.439    9.439
   11.776   11.776   12.293   12.293   13.262   13.262   15.621   15.621
            0.000000  0.309359  0.000000
 -108.152 -108.152  -70.141  -70.141  -51.869  -51.869  -51.869  -51.869   -4.924   -4.924
   -1.448   -1.448   -1.376   -1.376    0.035    0.035    0.342    0.342    0.443    0.443
    3.400    3.400    5.186    5.186    5.469    5.469    8.048    8.048    9.434    9.434
   11.793   11.793   12.309   12.309   13.253   13.253   15.649   15.649
            0.000000  0.311569  0.000000
 -108.152 -108.152  -70.141  -70.141  -51.869  -51.869  -51.869  -51.869   -4.921   -4.921
   -1.448   -1.448   -1.375   -1.375    0.036    0.036    0.342    0.342    0.443    0.443
    3.384    3.384    5.178    5.178    5.459    5.459    8.056    8.056    9.430    9.430
   11.809   11.809   12.324   12.324   13.245   13.245   15.677   15.677
            0.000000  0.313779  0.000000
 -108.152 -108.152  -70.141  -70.141  -51.869  -51.869  -51.869  -51.869   -4.918   -4.918
   -1.447   -1.447   -1.373   -1.373    0.037    0.037    0.342    0.342    0.444    0.444
    3.368    3.368    5.169    5.169    5.449    5.449    8.064    8.064    9.425    9.425
   11.826   11.826   12.340   12.340   13.237   13.237   15.705   15.705
            0.000000  0.315988  0.000000
 -108.152 -108.152  -70.141  -70.141  -51.869  -51.869  -51.869  -51.869   -4.915   -4.915
   -1.447   -1.447   -1.372   -1.372    0.038    0.038    0.342    0.342    0.445    0.445
    3.352    3.352    5.160    5.160    5.438    5.438    8.071    8.071    9.421    9.421
   11.842   11.842   12.356   12.356   13.229   13.229   15.733   15.733
            0.000000  0.318198  0.000000
 -108.152 -108.152  -70.141  -70.141  -51.869  -51.869  -51.869  -51.869   -4.912   -4.912
   -1.446   -1.446   -1.370   -1.370    0.039    0.039    0.342    0.342    0.446    0.446
    3.337    3.337    5.152    5.152    5.428    5.428    8.078    8.078    9.417    9.417
   11.859   11.859   12.372   12.372   13.222   13.222   15.761   15.761
            0.000000  0.320408  0.000000
 -108.152 -108.152  -70.141  -70.141  -51.869  -51.869  -51.869  -51.869   -4.909   -4.909
   -1.446   -1.446   -1.369   -1.369    0.040    0.040    0.343    0.343    0.447    0.447
    3.321    3.321    5.143    5.143    5.418    5.418    8.085    8.085    9.413    9.413
   11.875   11.875   12.388   12.388   13.214   13.214   15.789   15.789
            0.000000  0.322617  0.000000
 -108.152 -108.152  -70.141  -70.141  -51.869  -51.869  -51.869  -51.869   -4.906   -4.906
   -1.445   -1.445   -1.368   -1.368    0.041    0.041    0.343    0.343    0.448    0.448
    3.305    3.305    5.134    5.134    5.408    5.408    8.092    8.092    9.408    9.408
   11.892   11.892   12.404   12.404   13.208   13.208   15.817   15.817
            0.000000  0.324827  0.000000
 -108.152 -108.152  -70.141  -70.141  -51.869  -51.869  -51.869  -51.869   -4.903   -4.903
   -1.445   -1.445   -1.366   -1.366    0.042    0.042    0.343    0.343    0.449    0.449
    3.290    3.290    5.126    5.126    5.397    5.397    8.099    8.099    9.404    9.404
   11.909   11.909   12.420   12.420   13.201   13.201   15.846   15.846
            0.000000  0.327037  0.000000
 -108.152 -108.152  -70.141  -70.141  -51.869  -51.869  -51.869  -51.869   -4.900   -4.900
   -1.444   -1.444   -1.365   -1.365    0.043    0.043    0.343    0.343    0.450    0.450
    3.274    3.274    5.117    5.117    5.387    5.387    8.106    8.106    9.400    9.400
   11.926   11.926   12.436   12.436   13.194   13.194   15.874   15.874
            0.000000  0.329247  0.000000
 -108.152 -108.152  -70.141  -70.141  -51.869  -51.869  -51.869  -51.869   -4.897   -4.897
   -1.444   -1.444   -1.363   -1.363    0.044    0.044    0.343    0.343    0.451    0.451
    3.259    3.259    5.108    5.108    5.377    5.377    8.112    8.112    9.396    9.396
   11.943   11.943   12.452   12.452   13.188   13.188   15.902   15.902
            0.000000  0.331456  0.000000
 -108.152 -108.152  -70.141  -70.141  -51.869  -51.869  -51.869  -51.869   -4.893   -4.893
   -1.443   -1.443   -1.362   -1.362    0.045    0.045    0.343    0.343    0.452    0.452
    3.243    3.243    5.100    5.100    5.367    5.367    8.118    8.118    9.392    9.392
   11.959   11.959   12.469   12.469   13.182   13.182   15.930   15.930
            0.000000  0.333666  0.000000
 -108.152 -108.152  -70.141  -70.141  -51.869  -51.869  -51.869  -51.869   -4.890   -4.890
   -1.443   -1.443   -1.360   -1.360    0.046    0.046    0.343    0.343    0.453    0.453
    3.227    3.227    5.091    5.091    5.357    5.357    8.124    8.124    9.389    9.389
   11.976   11.976   12.485   12.485   13.177   13.177   15.958   15.958
            0.000000  0.335876  0.000000
 -108.152 -108.152  -70.141  -70.141  -51.869  -51.869  -51.869  -51.869   -4.887   -4.887
   -1.443   -1.443   -1.359   -1.359    0.048    0.048    0.344    0.344    0.454    0.454
    3.212    3.212    5.082    5.082    5.347    5.347    8.130    8.130    9.385    9.385
   11.993   11.993   12.501   12.501   13.172   13.172   15.986   15.986
            0.000000  0.338085  0.000000
 -108.152 -108.152  -70.141  -70.141  -51.869  -51.869  -51.869  -51.869   -4.884   -4.884
   -1.442   -1.442   -1.357   -1.357    0.049    0.049    0.344    0.344    0.455    0.455
    3.196    3.196    5.074    5.074    5.337    5.337    8.136    8.136    9.381    9.381
   12.010   12.010   12.517   12.517   13.167   13.167   16.015   16.015
            0.000000  0.340295  0.000000
 -108.152 -108.152  -70.141  -70.141  -51.869  -51.869  -51.869  -51.869   -4.881   -4.881
   -1.442   -1.442   -1.356   -1.356    0.050    0.050    0.344    0.344    0.456    0.456
    3.181    3.181    5.065    5.065    5.327    5.327    8.142    8.142    9.378    9.378
   12.027   12.027   12.533   12.533   13.162   13.162   16.043   16.043
            0.000000  0.342505  0.000000
 -108.152 -108.152  -70.141  -70.141  -51.869  -51.869  -51.869  -51.869   -4.878   -4.878
   -1.441   -1.441   -1.354   -1.354    0.051    0.051    0.344    0.344    0.457    0.457
    3.166    3.166    5.056    5.056    5.317    5.317    8.147    8.147    9.374    9.374
   12.044   12.044   12.550   12.550   13.157   13.157   16.071   16.071
            0.000000  0.344715  0.000000
 -108.152 -108.152  -70.141  -70.141  -51.869  -51.869  -51.869  -51.869   -4.875   -4.875
   -1.441   -1.441   -1.353   -1.353    0.052    0.052    0.344    0.344    0.458    0.458
    3.150    3.150    5.048    5.048    5.307    5.307    8.152    8.152    9.371    9.371
   12.062   12.062   12.566   12.566   13.153   13.153   16.099   16.099
            0.000000  0.346924  0.000000
 -108.152 -108.152  -70.141  -70.141  -51.869  -51.869  -51.869  -51.869   -4.872   -4.872
   -1.440   -1.440   -1.351   -1.351    0.053    0.053    0.345    0.345    0.459    0.459
    3.135    3.135    5.039    5.039    5.297    5.297    8.158    8.158    9.367    9.367
   12.079   12.079   12.582   12.582   13.149   13.149   16.127   16.127
            0.000000  0.349134  0.000000
 -108.152 -108.152  -70.141  -70.141  -51.869  -51.869  -51.869  -51.869   -4.869   -4.869
   -1.440   -1.440   -1.350   -1.350    0.054    0.054    0.345    0.345    0.460    0.460
    3.119    3.119    5.031    5.031    5.287    5.287    8.163    8.163    9.364    9.364
   12.096   12.096   12.599   12.599   13.146   13.146   16.155   16.155
            0.000000  0.351344  0.000000
 -108.152 -108.152  -70.141  -70.141  -51.869  -51.869  -51.869  -51.869   -4.866   -4.866
   -1.439   -1.439   -1.348   -1.348    0.055    0.055    0.345    0.345    0.461    0.461
    3.104    3.104    5.022    5.022    5.277    5.277    8.167    8.167    9.360    9.360
   12.113   12.113   12.615   12.615   13.143   13.143   16.169   16.169
            0.000000  0.353553  0.000000
 -108.152 -108.152  -70.141  -70.141  -51.869  -51.869  -51.869  -51.869   -4.862   -4.862
   -1.439   -1.439   -1.347   -1.347    0.056    0.056    0.345    0.345    0.462    0.462
    3.089    3.089    5.014    5.014    5.267    5.267    8.172    8.172    9.357    9.357
   12.130   12.130   12.631   12.631   13.140   13.140   16.173   16.173
            0.000000  0.355763  0.000000
 -108.152 -108.152  -70.141  -70.141  -51.869  -51.869  -51.869  -51.869   -4.859   -4.859
   -1.438   -1.438   -1.345   -1.345    0.057    0.057    0.346    0.346    0.463    0.463
    3.073    3.073    5.005    5.005    5.258    5.258    8.177    8.177    9.354    9.354
   12.147   12.147   12.647   12.647   13.137   13.137   16.176   16.176
            0.000000  0.357973  0.000000
 -108.152 -108.152  -70.141  -70.141  -51.869  -51.869  -51.869  -51.869   -4.856   -4.856
   -1.438   -1.438   -1.343   -1.343    0.059    0.059    0.346    0.346    0.464    0.464
    3.058    3.058    4.997    4.997    5.248    5.248    8.181    8.181    9.351    9.351
   12.165   12.165   12.664   12.664   13.135   13.135   16.179   16.179
            0.000000  0.360183  0.000000
 -108.152 -108.152  -70.141  -70.141  -51.869  -51.869  -51.869  -51.869   -4.853   -4.853
   -1.437   -1.437   -1.342   -1.342    0.060    0.060    0.346    0.346    0.465    0.465
    3.043    3.043    4.988    4.988    5.238    5.238    8.185    8.185    9.348    9.348
   12.182   12.182   12.680   12.680   13.133   13.133   16.183   16.183
            0.000000  0.362392  0.000000
 -108.152 -108.152  -70.141  -70.141  -51.869  -51.869  -51.869  -51.869   -4.850   -4.850
   -1.437   -1.437   -1.340   -1.340    0.061    0.061    0.346    0.346    0.466    0.466
    3.027    3.027    4.980    4.980    5.228    5.228    8.189    8.189    9.345    9.345
   12.199   12.199   12.696   12.696   13.131   13.131   16.186   16.186
            0.000000  0.364602  0.000000
 -108.152 -108.152  -70.141  -70.141  -51.869  -51.869  -51.869  -51.869   -4.847   -4.847
   -1.436   -1.436   -1.339   -1.339    0.062    0.062    0.347    0.347    0.467    0.467
    3.012    3.012    4.971    4.971    5.219    5.219    8.193    8.193    9.342    9.342
   12.217   12.217   12.712   12.712   13.130   13.130   16.189   16.189
            0.000000  0.366812  0.000000
 -108.152 -108.152  -70.141  -70.141  -51.869  -51.869  -51.869  -51.869   -4.844   -4.844
   -1.436   -1.436   -1.337   -1.337    0.063    0.063    0.347    0.347    0.468    0.468
    2.997    2.997    4.963    4.963    5.209    5.209    8.197    8.197    9.339    9.339
   12.234   12.234   12.728   12.728   13.129   13.129   16.192   16.192
            0.000000  0.369021  0.000000
 -108.152 -108.152  -70.141  -70.141  -51.869  -51.869  -51.869  -51.869   -4.841   -4.841
   -1.435   -1.435   -1.335   -1.335    0.064    0.064    0.347    0.347    0.469    0.469
    2.982    2.982    4.954    4.954    5.200    5.200    8.201    8.201    9.336    9.336
   12.251   12.251   12.745   12.745   13.129   13.129   16.196   16.196
            0.000000  0.371231  0.000000
 -108.152 -108.152  -70.141  -70.141  -51.869  -51.869  -51.869  -51.869   -4.837   -4.837
   -1.435   -1.435   -1.334   -1.334    0.065    0.065    0.348    0.348    0.470    0.470
    2.967    2.967    4.946    4.946    5.190    5.190    8.204    8.204    9.333    9.333
   12.269   12.269   12.761   12.761   13.129   13.129   16.199   16.199
            0.000000  0.373441  0.000000
 -108.152 -108.152  -70.141  -70.141  -51.869  -51.869  -51.869  -51.869   -4.834   -4.834
   -1.435   -1.435   -1.332   -1.332    0.066    0.066    0.348    0.348    0.472    0.472
    2.952    2.952    4.937    4.937    5.181    5.181    8.208    8.208    9.330    9.330
   12.286   12.286   12.776   12.776   13.129   13.129   16.202   16.202
            0.000000  0.375650  0.000000
 -108.152 -108.152  -70.141  -70.141  -51.869  -51.869  -51.869  -51.869   -4.831   -4.831
   -1.434   -1.434   -1.330   -1.330    0.067    0.067    0.348    0.348    0.473    0.473
    2.936    2.936    4.929    4.929    5.171    5.171    8.211    8.211    9.327    9.327
   12.304   12.304   12.792   12.792   13.129   13.129   16.206   16.206
            0.000000  0.377860  0.000000
 -108.152 -108.152  -70.141  -70.141  -51.869  -51.869  -51.869  -51.869   -4.828   -4.828
   -1.434   -1.434   -1.329   -1.329    0.069    0.069    0.349    0.349    0.474    0.474
    2.921    2.921    4.921    4.921    5.162    5.162    8.214    8.214    9.324    9.324
   12.321   12.321   12.808   12.808   13.131   13.131   16.209   16.209
            0.000000  0.380070  0.000000
 -108.152 -108.152  -70.141  -70.141  -51.869  -51.869  -51.869  -51.869   -4.825   -4.825
   -1.433   -1.433   -1.327   -1.327    0.070    0.070    0.349    0.349    0.475    0.475
    2.906    2.906    4.912    4.912    5.152    5.152    8.217    8.217    9.322    9.322
   12.338   12.338   12.824   12.824   13.132   13.132   16.213   16.213
            0.000000  0.382280  0.000000
 -108.152 -108.152  -70.141  -70.141  -51.869  -51.869  -51.869  -51.869   -4.822   -4.822
   -1.433   -1.433   -1.325   -1.325    0.071    0.071    0.350    0.350    0.476    0.476
    2.891    2.891    4.904    4.904    5.143    5.143    8.220    8.220    9.319    9.319
   12.356   12.356   12.839   12.839   13.134   13.134   16.216   16.216
            0.000000  0.384489  0.000000
 -108.152 -108.152  -70.141  -70.141  -51.869  -51.869  -51.869  -51.869   -4.819   -4.819
   -1.432   -1.432   -1.324   -1.324    0.072    0.072    0.350    0.350    0.477    0.477
    2.876    2.876    4.896    4.896    5.134    5.134    8.222    8.222    9.316    9.316
   12.373   12.373   12.854   12.854   13.137   13.137   16.219   16.219
            0.000000  0.386699  0.000000
 -108.152 -108.152  -70.141  -70.141  -51.869  -51.869  -51.869  -51.869   -4.816   -4.816
   -1.432   -1.432   -1.322   -1.322    0.073    0.073    0.350    0.350    0.479    0.479
    2.861    2.861    4.887    4.887    5.124    5.124    8.225    8.225    9.313    9.313
   12.391   12.391   12.869   12.869   13.140   13.140   16.223   16.223
            0.000000  0.388909  0.000000
 -108.152 -108.152  -70.141  -70.141  -51.869  -51.869  -51.869  -51.869   -4.812   -4.812
   -1.431   -1.431   -1.320   -1.320    0.074    0.074    0.351    0.351    0.480    0.480
    2.846    2.846    4.879    4.879    5.115    5.115    8.228    8.228    9.311    9.311
   12.408   12.408   12.884   12.884   13.143   13.143   16.226   16.226
            0.000000  0.391118  0.000000
 -108.152 -108.152  -70.141  -70.141  -51.869  -51.869  -51.869  -51.869   -4.809   -4.809
   -1.431   -1.431   -1.318   -1.318    0.075    0.075    0.351    0.351    0.481    0.481
    2.832    2.832    4.871    4.871    5.106    5.106    8.230    8.230    9.308    9.308
   12.426   12.426   12.899   12.899   13.147   13.147   16.230   16.230
            0.000000  0.393328  0.000000
 -108.152 -108.152  -70.141  -70.141  -51.869  -51.869  -51.869  -51.869   -4.806   -4.806
   -1.430   -1.430   -1.317   -1.317    0.076    0.076    0.352    0.352    0.482    0.482
    2.817    2.817    4.863    4.863    5.097    5.097    8.232    8.232    9.305    9.305
   12.443   12.443   12.913   12.913   13.152   13.152   16.233   16.233
            0.000000  0.395538  0.000000
 -108.152 -108.152  -70.141  -70.141  -51.869  -51.869  -51.869  -51.869   -4.803   -4.803
   -1.430   -1.430   -1.315   -1.315    0.077    0.077    0.352    0.352    0.483    0.483
    2.802    2.802    4.854    4.854    5.088    5.088    8.234    8.234    9.303    9.303
   12.461   12.461   12.927   12.927   13.157   13.157   16.236   16.236
            0.000000  0.397748  0.000000
 -108.152 -108.152  -70.141  -70.141  -51.869  -51.869  -51.869  -51.869   -4.800   -4.800
   -1.429   -1.429   -1.313   -1.313    0.079    0.079    0.352    0.352    0.485    0.485
    2.787    2.787    4.846    4.846    5.079    5.079    8.236    8.236    9.300    9.300
   12.478   12.478   12.941   12.941   13.163   13.163   16.240   16.240
            0.000000  0.399957  0.000000
 -108.152 -108.152  -70.141  -70.141  -51.869  -51.869  -51.869  -51.869   -4.797   -4.797
   -1.429   -1.429   -1.311   -1.311    0.080    0.080    0.353    0.353    0.486    0.486
    2.772    2.772    4.838    4.838    5.070    5.070    8.238    8.238    9.298    9.298
   12.495   12.495   12.954   12.954   13.170   13.170   16.243   16.243
            0.000000  0.402167  0.000000
 -108.152 -108.152  -70.141  -70.141  -51.869  -51.869  -51.869  -51.869   -4.794   -4.794
   -1.428   -1.428   -1.310   -1.310    0.081    0.081    0.353    0.353    0.487    0.487
    2.758    2.758    4.830    4.830    5.061    5.061    8.240    8.240    9.295    9.295
   12.513   12.513   12.967   12.967   13.177   13.177   16.247   16.247
            0.000000  0.404377  0.000000
 -108.152 -108.152  -70.141  -70.141  -51.869  -51.869  -51.869  -51.869   -4.791   -4.791
   -1.428   -1.428   -1.308   -1.308    0.082    0.082    0.354    0.354    0.489    0.489
    2.743    2.743    4.822    4.822    5.052    5.052    8.242    8.242    9.293    9.293
   12.530   12.530   12.980   12.980   13.185   13.185   16.250   16.250
            0.000000  0.406586  0.000000
 -108.152 -108.152  -70.141  -70.141  -51.869  -51.869  -51.869  -51.869   -4.787   -4.787
   -1.428   -1.428   -1.306   -1.306    0.083    0.083    0.354    0.354    0.490    0.490
    2.728    2.728    4.814    4.814    5.043    5.043    8.243    8.243    9.290    9.290
   12.547   12.547   12.992   12.992   13.194   13.194   16.254   16.254
            0.000000  0.408796  0.000000
 -108.152 -108.152  -70.141  -70.141  -51.869  -51.869  -51.869  -51.869   -4.784   -4.784
   -1.427   -1.427   -1.304   -1.304    0.084    0.084    0.355    0.355    0.491    0.491
    2.714    2.714    4.806    4.806    5.034    5.034    8.245    8.245    9.287    9.287
   12.565   12.565   13.003   13.003   13.203   13.203   16.257   16.257
            0.000000  0.411006  0.000000
 -108.152 -108.152  -70.141  -70.141  -51.869  -51.869  -51.869  -51.869   -4.781   -4.781
   -1.427   -1.427   -1.302   -1.302    0.085    0.085    0.355    0.355    0.492    0.492
    2.699    2.699    4.798    4.798    5.025    5.025    8.246    8.246    9.285    9.285
   12.582   12.582   13.015   13.015   13.214   13.214   16.261   16.261
            0.000000  0.413216  0.000000
 -108.152 -108.152  -70.141  -70.141  -51.869  -51.869  -51.869  -51.869   -4.778   -4.778
   -1.426   -1.426   -1.301   -1.301    0.086    0.086    0.356    0.356    0.494    0.494
    2.684    2.684    4.790    4.790    5.017    5.017    8.248    8.248    9.282    9.282
   12.599   12.599   13.025   13.025   13.224   13.224   16.264   16.264
            0.000000  0.415425  0.000000
 -108.152 -108.152  -70.141  -70.141  -51.869  -51.869  -51.869  -51.869   -4.775   -4.775
   -1.426   -1.426   -1.299   -1.299    0.087    0.087    0.357    0.357    0.495    0.495
    2.670    2.670    4.782    4.782    5.008    5.008    8.249    8.249    9.280    9.280
   12.617   12.617   13.036   13.036   13.236   13.236   16.268   16.268
            0.000000  0.417635  0.000000
 -108.152 -108.152  -70.141  -70.141  -51.869  -51.869  -51.869  -51.869   -4.772   -4.772
   -1.425   -1.425   -1.297   -1.297    0.088    0.088    0.357    0.357    0.496    0.496
    2.655    2.655    4.774    4.774    4.999    4.999    8.250    8.250    9.277    9.277
   12.634   12.634   13.046   13.046   13.248   13.248   16.271   16.271
            0.000000  0.419845  0.000000
 -108.152 -108.152  -70.141  -70.141  -51.869  -51.869  -51.869  -51.869   -4.769   -4.769
   -1.425   -1.425   -1.295   -1.295    0.089    0.089    0.358    0.358    0.498    0.498
    2.641    2.641    4.766    4.766    4.991    4.991    8.251    8.251    9.275    9.275
   12.651   12.651   13.056   13.056   13.261   13.261   16.274   16.274
            0.000000  0.422054  0.000000
 -108.152 -108.152  -70.141  -70.141  -51.869  -51.869  -51.869  -51.869   -4.766   -4.766
   -1.424   -1.424   -1.293   -1.293    0.091    0.091    0.358    0.358    0.499    0.499
    2.626    2.626    4.759    4.759    4.982    4.982    8.252    8.252    9.272    9.272
   12.668   12.668   13.066   13.066   13.274   13.274   16.278   16.278
            0.000000  0.424264  0.000000
 -108.152 -108.152  -70.141  -70.141  -51.869  -51.869  -51.869  -51.869   -4.763   -4.763
   -1.424   -1.424   -1.291   -1.291    0.092    0.092    0.359    0.359    0.501    0.501
    2.612    2.612    4.751    4.751    4.974    4.974    8.253    8.253    9.269    9.269
   12.685   12.685   13.075   13.075   13.288   13.288   16.281   16.281
            0.000000  0.426474  0.000000
 -108.152 -108.152  -70.141  -70.141  -51.869  -51.869  -51.869  -51.869   -4.760   -4.760
   -1.423   -1.423   -1.289   -1.289    0.093    0.093    0.359    0.359    0.502    0.502
    2.598    2.598    4.743    4.743    4.965    4.965    8.254    8.254    9.267    9.267
   12.702   12.702   13.085   13.085   13.302   13.302   16.285   16.285
            0.000000  0.428683  0.000000
 -108.152 -108.152  -70.141  -70.141  -51.869  -51.869  -51.869  -51.869   -4.757   -4.757
   -1.423   -1.423   -1.288   -1.288    0.094    0.094    0.360    0.360    0.503    0.503
    2.583    2.583    4.735    4.735    4.957    4.957    8.255    8.255    9.264    9.264
   12.719   12.719   13.094   13.094   13.317   13.317   16.288   16.288
            0.000000  0.430893  0.000000
 -108.152 -108.152  -70.141  -70.141  -51.869  -51.869  -51.869  -51.869   -4.754   -4.754
   -1.422   -1.422   -1.286   -1.286    0.095    0.095    0.361    0.361    0.505    0.505
    2.569    2.569    4.728    4.728    4.948    4.948    8.255    8.255    9.262    9.262
   12.736   12.736   13.103   13.103   13.332   13.332   16.292   16.292
            0.000000  0.433103  0.000000
 -108.152 -108.152  -70.141  -70.141  -51.869  -51.869  -51.869  -51.869   -4.751   -4.751
   -1.422   -1.422   -1.284   -1.284    0.096    0.096    0.361    0.361    0.506    0.506
    2.555    2.555    4.720    4.720    4.940    4.940    8.256    8.256    9.259    9.259
   12.753   12.753   13.112   13.112   13.347   13.347   16.295   16.295
            0.000000  0.435313  0.000000
 -108.152 -108.152  -70.141  -70.141  -51.869  -51.869  -51.869  -51.869   -4.748   -4.748
   -1.422   -1.422   -1.282   -1.282    0.097    0.097    0.362    0.362    0.508    0.508
    2.540    2.540    4.712    4.712    4.932    4.932    8.256    8.256    9.256    9.256
   12.770   12.770   13.121   13.121   13.363   13.363   16.299   16.299
            0.000000  0.437522  0.000000
 -108.152 -108.152  -70.141  -70.141  -51.869  -51.869  -51.869  -51.869   -4.745   -4.745
   -1.421   -1.421   -1.280   -1.280    0.098    0.098    0.363    0.363    0.509    0.509
    2.526    2.526    4.705    4.705    4.924    4.924    8.257    8.257    9.254    9.254
   12.787   12.787   13.131   13.131   13.379   13.379   16.302   16.302
            0.000000  0.439732  0.000000
 -108.152 -108.152  -70.141  -70.141  -51.869  -51.869  -51.869  -51.869   -4.742   -4.742
   -1.421   -1.421   -1.278   -1.278    0.099    0.099    0.363    0.363    0.511    0.511
    2.512    2.512    4.697    4.697    4.916    4.916    8.257    8.257    9.251    9.251
   12.804   12.804   13.140   13.140   13.395   13.395   16.306   16.306
            0.000000  0.441942  0.000000
 -108.152 -108.152  -70.141  -70.141  -51.869  -51.869  -51.869  -51.869   -4.739   -4.739
   -1.420   -1.420   -1.276   -1.276    0.100    0.100    0.364    0.364    0.512    0.512
    2.498    2.498    4.690    4.690    4.907    4.907    8.258    8.258    9.249    9.249
   12.820   12.820   13.149   13.149   13.412   13.412   16.309   16.309
            0.000000  0.444151  0.000000
 -108.152 -108.152  -70.141  -70.141  -51.869  -51.869  -51.869  -51.869   -4.736   -4.736
   -1.420   -1.420   -1.274   -1.274    0.101    0.101    0.365    0.365    0.514    0.514
    2.484    2.484    4.682    4.682    4.899    4.899    8.258    8.258    9.246    9.246
   12.837   12.837   13.159   13.159   13.429   13.429   16.313   16.313
            0.000000  0.446361  0.000000
 -108.152 -108.152  -70.141  -70.141  -51.869  -51.869  -51.869  -51.869   -4.733   -4.733
   -1.419   -1.419   -1.272   -1.272    0.102    0.102    0.365    0.365    0.515    0.515
    2.470    2.470    4.675    4.675    4.891    4.891    8.258    8.258    9.243    9.243
   12.853   12.853   13.168   13.168   13.445   13.445   16.316   16.316
            0.000000  0.448571  0.000000
 -108.152 -108.152  -70.141  -70.141  -51.869  -51.869  -51.869  -51.869   -4.730   -4.730
   -1.419   -1.419   -1.271   -1.271    0.103    0.103    0.366    0.366    0.517    0.517
    2.456    2.456    4.667    4.667    4.884    4.884    8.258    8.258    9.240    9.240
   12.869   12.869   13.178   13.178   13.462   13.462   16.320   16.320
            0.000000  0.450781  0.000000
 -108.152 -108.152  -70.141  -70.141  -51.869  -51.869  -51.869  -51.869   -4.727   -4.727
   -1.418   -1.418   -1.269   -1.269    0.104    0.104    0.367    0.367    0.519    0.519
    2.442    2.442    4.660    4.660    4.876    4.876    8.259    8.259    9.238    9.238
   12.886   12.886   13.188   13.188   13.480   13.480   16.323   16.323
            0.000000  0.452990  0.000000
 -108.152 -108.152  -70.141  -70.141  -51.869  -51.869  -51.869  -51.869   -4.724   -4.724
   -1.418   -1.418   -1.267   -1.267    0.105    0.105    0.367    0.367    0.520    0.520
    2.428    2.428    4.653    4.653    4.868    4.868    8.259    8.259    9.235    9.235
   12.902   12.902   13.198   13.198   13.497   13.497   16.327   16.327
            0.000000  0.455200  0.000000
 -108.152 -108.152  -70.141  -70.141  -51.869  -51.869  -51.869  -51.869   -4.721   -4.721
   -1.418   -1.418   -1.265   -1.265    0.106    0.106    0.368    0.368    0.522    0.522
    2.414    2.414    4.645    4.645    4.860    4.860    8.259    8.259    9.232    9.232
   12.918   12.918   13.208   13.208   13.514   13.514   16.330   16.330
            0.000000  0.457410  0.000000
 -108.152 -108.152  -70.141  -70.141  -51.869  -51.869  -51.869  -51.869   -4.718   -4.718
   -1.417   -1.417   -1.263   -1.263    0.107    0.107    0.369    0.369    0.523    0.523
    2.400    2.400    4.638    4.638    4.852    4.852    8.259    8.259    9.229    9.229
   12.934   12.934   13.218   13.218   13.532   13.532   16.334   16.334
            0.000000  0.459619  0.000000
 -108.152 -108.152  -70.141  -70.141  -51.869  -51.869  -51.869  -51.869   -4.715   -4.715
   -1.417   -1.417   -1.261   -1.261    0.108    0.108    0.370    0.370    0.525    0.525
    2.386    2.386    4.631    4.631    4.845    4.845    8.259    8.259    9.227    9.227
   12.950   12.950   13.229   13.229   13.549   13.549   16.337   16.337
            0.000000  0.461829  0.000000
 -108.152 -108.152  -70.141  -70.141  -51.869  -51.869  -51.869  -51.869   -4.712   -4.712
   -1.416   -1.416   -1.259   -1.259    0.109    0.109    0.371    0.371    0.527    0.527
    2.373    2.373    4.624    4.624    4.837    4.837    8.259    8.259    9.224    9.224
   12.965   12.965   13.240   13.240   13.567   13.567   16.341   16.341
            0.000000  0.464039  0.000000
 -108.152 -108.152  -70.141  -70.141  -51.869  -51.869  -51.869  -51.869   -4.710   -4.710
   -1.416   -1.416   -1.257   -1.257    0.110    0.110    0.371    0.371    0.528    0.528
    2.359    2.359    4.617    4.617    4.830    4.830    8.259    8.259    9.221    9.221
   12.981   12.981   13.251   13.251   13.585   13.585   16.344   16.344
            0.000000  0.466249  0.000000
 -108.152 -108.152  -70.141  -70.141  -51.869  -51.869  -51.869  -51.869   -4.707   -4.707
   -1.415   -1.415   -1.255   -1.255    0.111    0.111    0.372    0.372    0.530    0.530
    2.345    2.345    4.610    4.610    4.822    4.822    8.258    8.258    9.218    9.218
   12.997   12.997   13.262   13.262   13.603   13.603   16.348   16.348
            0.000000  0.468458  0.000000
 -108.152 -108.152  -70.141  -70.141  -51.869  -51.869  -51.869  -51.869   -4.704   -4.704
   -1.415   -1.415   -1.253   -1.253    0.112    0.112    0.373    0.373    0.532    0.532
    2.332    2.332    4.603    4.603    4.815    4.815    8.258    8.258    9.215    9.215
   13.012   13.012   13.274   13.274   13.620   13.620   16.351   16.351
            0.000000  0.470668  0.000000
 -108.152 -108.152  -70.141  -70.141  -51.869  -51.869  -51.869  -51.869   -4.701   -4.701
   -1.415   -1.415   -1.251   -1.251    0.113    0.113    0.374    0.374    0.533    0.533
    2.318    2.318    4.596    4.596    4.807    4.807    8.258    8.258    9.212    9.212
   13.027   13.027   13.285   13.285   13.638   13.638   16.355   16.355
            0.000000  0.472878  0.000000
 -108.152 -108.152  -70.141  -70.141  -51.869  -51.869  -51.869  -51.869   -4.698   -4.698
   -1.414   -1.414   -1.249   -1.249    0.114    0.114    0.374    0.374    0.535    0.535
    2.305    2.305    4.589    4.589    4.800    4.800    8.258    8.258    9.209    9.209
   13.042   13.042   13.297   13.297   13.656   13.656   16.358   16.358
            0.000000  0.475087  0.000000
 -108.152 -108.152  -70.141  -70.141  -51.869  -51.869  -51.869  -51.869   -4.695   -4.695
   -1.414   -1.414   -1.247   -1.247    0.115    0.115    0.375    0.375    0.537    0.537
    2.291    2.291    4.582    4.582    4.793    4.793    8.258    8.258    9.206    9.206
   13.058   13.058   13.309   13.309   13.674   13.674   16.362   16.362
            0.000000  0.477297  0.000000
 -108.152 -108.152  -70.141  -70.141  -51.869  -51.869  -51.869  -51.869   -4.693   -4.693
   -1.413   -1.413   -1.245   -1.245    0.116    0.116    0.376    0.376    0.539    0.539
    2.278    2.278    4.575    4.575    4.785    4.785    8.257    8.257    9.203    9.203
   13.072   13.072   13.322   13.322   13.693   13.693   16.365   16.365
            0.000000  0.479507  0.000000
 -108.152 -108.152  -70.141  -70.141  -51.869  -51.869  -51.869  -51.869   -4.690   -4.690
   -1.413   -1.413   -1.243   -1.243    0.117    0.117    0.377    0.377    0.541    0.541
    2.264    2.264    4.568    4.568    4.778    4.778    8.257    8.257    9.200    9.200
   13.087   13.087   13.334   13.334   13.711   13.711   16.368   16.368
            0.000000  0.481716  0.000000
 -108.152 -108.152  -70.141  -70.141  -51.869  -51.869  -51.869  -51.869   -4.687   -4.687
   -1.413   -1.413   -1.242   -1.242    0.118    0.118    0.378    0.378    0.542    0.542
    2.251    2.251    4.562    4.562    4.771    4.771    8.257    8.257    9.197    9.197
   13.102   13.102   13.347   13.347   13.729   13.729   16.372   16.372
            0.000000  0.483926  0.000000
 -108.152 -108.152  -70.141  -70.141  -51.869  -51.869  -51.869  -51.869   -4.684   -4.684
   -1.412   -1.412   -1.240   -1.240    0.119    0.119    0.379    0.379    0.544    0.544
    2.238    2.238    4.555    4.555    4.764    4.764    8.256    8.256    9.194    9.194
   13.117   13.117   13.360   13.360   13.747   13.747   16.375   16.375
            0.000000  0.486136  0.000000
 -108.152 -108.152  -70.141  -70.141  -51.869  -51.869  -51.869  -51.869   -4.682   -4.682
   -1.412   -1.412   -1.238   -1.238    0.120    0.120    0.380    0.380    0.546    0.546
    2.224    2.224    4.548    4.548    4.757    4.757    8.256    8.256    9.191    9.191
   13.131   13.131   13.373   13.373   13.765   13.765   16.379   16.379
            0.000000  0.488346  0.000000
 -108.152 -108.152  -70.141  -70.141  -51.869  -51.869  -51.869  -51.869   -4.679   -4.679
   -1.411   -1.411   -1.236   -1.236    0.121    0.121    0.380    0.380    0.548    0.548
    2.211    2.211    4.542    4.542    4.750    4.750    8.256    8.256    9.188    9.188
   13.145   13.145   13.387   13.387   13.784   13.784   16.382   16.382
            0.000000  0.490555  0.000000
 -108.152 -108.152  -70.141  -70.141  -51.869  -51.869  -51.869  -51.869   -4.676   -4.676
   -1.411   -1.411   -1.234   -1.234    0.122    0.122    0.381    0.381    0.550    0.550
    2.198    2.198    4.535    4.535    4.743    4.743    8.255    8.255    9.185    9.185
   13.160   13.160   13.400   13.400   13.802   13.802   16.385   16.385
            0.000000  0.492765  0.000000
 -108.152 -108.152  -70.141  -70.141  -51.869  -51.869  -51.869  -51.869   -4.674   -4.674
   -1.411   -1.411   -1.232   -1.232    0.123    0.123    0.382    0.382    0.552    0.552
    2.185    2.185    4.529    4.529    4.737    4.737    8.255    8.255    9.182    9.182
   13.174   13.174   13.414   13.414   13.820   13.820   16.389   16.389
            0.000000  0.494975  0.000000
 -108.152 -108.152  -70.141  -70.141  -51.869  -51.869  -51.869  -51.869   -4.671   -4.671
   -1.410   -1.410   -1.230   -1.230    0.124    0.124    0.383    0.383    0.554    0.554
    2.172    2.172    4.522    4.522    4.730    4.730    8.254    8.254    9.179    9.179
   13.188   13.188   13.428   13.428   13.839   13.839   16.392   16.392
            0.000000  0.497184  0.000000
 -108.152 -108.152  -70.141  -70.141  -51.869  -51.869  -51.869  -51.869   -4.668   -4.668
   -1.410   -1.410   -1.228   -1.228    0.125    0.125    0.384    0.384    0.556    0.556
    2.159    2.159    4.516    4.516    4.723    4.723    8.254    8.254    9.176    9.176
   13.202   13.202   13.442   13.442   13.857   13.857   16.396   16.396
            0.000000  0.499394  0.000000
 -108.152 -108.152  -70.141  -70.141  -51.869  -51.869  -51.869  -51.869   -4.666   -4.666
   -1.409   -1.409   -1.226   -1.226    0.125    0.125    0.385    0.385    0.558    0.558
    2.146    2.146    4.509    4.509    4.717    4.717    8.253    8.253    9.173    9.173
   13.216   13.216   13.457   13.457   13.875   13.875   16.399   16.399
            0.000000  0.501604  0.000000
 -108.152 -108.152  -70.141  -70.141  -51.869  -51.869  -51.869  -51.869   -4.663   -4.663
   -1.409   -1.409   -1.224   -1.224    0.126    0.126    0.386    0.386    0.560    0.560
    2.133    2.133    4.503    4.503    4.710    4.710    8.253    8.253    9.170    9.170
   13.230   13.230   13.471   13.471   13.894   13.894   16.402   16.402
            0.000000  0.503814  0.000000
 -108.152 -108.152  -70.141  -70.141  -51.869  -51.869  -51.869  -51.869   -4.660   -4.660
   -1.409   -1.409   -1.222   -1.222    0.127    0.127    0.387    0.387    0.562    0.562
    2.120    2.120    4.497    4.497    4.704    4.704    8.252    8.252    9.166    9.166
   13.243   13.243   13.486   13.486   13.912   13.912   16.406   16.406
            0.000000  0.506023  0.000000
 -108.152 -108.152  -70.141  -70.141  -51.869  -51.869  -51.869  -51.869   -4.658   -4.658
   -1.408   -1.408   -1.220   -1.220    0.128    0.128    0.388    0.388    0.564    0.564
    2.107    2.107    4.491    4.491    4.697    4.697    8.252    8.252    9.163    9.163
   13.257   13.257   13.500   13.500   13.930   13.930   16.409   16.409
            0.000000  0.508233  0.000000
 -108.152 -108.152  -70.141  -70.141  -51.869  -51.869  -51.869  -51.869   -4.655   -4.655
   -1.408   -1.408   -1.218   -1.218    0.129    0.129    0.389    0.389    0.566    0.566
    2.095    2.095    4.484    4.484    4.691    4.691    8.251    8.251    9.160    9.160
   13.271   13.271   13.515   13.515   13.949   13.949   16.412   16.412
            0.000000  0.510443  0.000000
 -108.152 -108.152  -70.141  -70.141  -51.869  -51.869  -51.869  -51.869   -4.653   -4.653
   -1.408   -1.408   -1.216   -1.216    0.130    0.130    0.389    0.389    0.568    0.568
    2.082    2.082    4.478    4.478    4.684    4.684    8.251    8.251    9.157    9.157
   13.284   13.284   13.530   13.530   13.967   13.967   16.415   16.415
            0.000000  0.512652  0.000000
 -108.152 -108.152  -70.141  -70.141  -51.869  -51.869  -51.869  -51.869   -4.650   -4.650
   -1.407   -1.407   -1.214   -1.214    0.131    0.131    0.390    0.390    0.570    0.570
    2.069    2.069    4.472    4.472    4.678    4.678    8.250    8.250    9.154    9.154
   13.298   13.298   13.545   13.545   13.986   13.986   16.419   16.419
            0.000000  0.514862  0.000000
 -108.152 -108.152  -70.141  -70.141  -51.869  -51.869  -51.869  -51.869   -4.648   -4.648
   -1.407   -1.407   -1.212   -1.212    0.132    0.132    0.391    0.391    0.572    0.572
    2.057    2.057    4.466    4.466    4.672    4.672    8.250    8.250    9.150    9.150
   13.311   13.311   13.560   13.560   14.004   14.004   16.422   16.422
            0.000000  0.517072  0.000000
 -108.152 -108.152  -70.141  -70.141  -51.869  -51.869  -51.869  -51.869   -4.645   -4.645
   -1.406   -1.406   -1.211   -1.211    0.132    0.132    0.392    0.392    0.575    0.575
    2.044    2.044    4.460    4.460    4.666    4.666    8.249    8.249    9.147    9.147
   13.325   13.325   13.575   13.575   14.022   14.022   16.425   16.425
            0.000000  0.519282  0.000000
 -108.152 -108.152  -70.141  -70.141  -51.869  -51.869  -51.869  -51.869   -4.643   -4.643
   -1.406   -1.406   -1.209   -1.209    0.133    0.133    0.393    0.393    0.577    0.577
    2.032    2.032    4.455    4.455    4.660    4.660    8.249    8.249    9.144    9.144
   13.338   13.338   13.590   13.590   14.041   14.041   16.428   16.428
            0.000000  0.521491  0.000000
 -108.152 -108.152  -70.141  -70.141  -51.869  -51.869  -51.869  -51.869   -4.640   -4.640
   -1.406   -1.406   -1.207   -1.207    0.134    0.134    0.394    0.394    0.579    0.579
    2.020    2.020    4.449    4.449    4.654    4.654    8.248    8.248    9.141    9.141
   13.352   13.352   13.605   13.605   14.059   14.059   16.432   16.432
            0.000000  0.523701  0.000000
 -108.152 -108.152  -70.141  -70.141  -51.869  -51.869  -51.869  -51.869   -4.638   -4.638
   -1.405   -1.405   -1.205   -1.205    0.135    0.135    0.395    0.395    0.581    0.581
    2.007    2.007    4.443    4.443    4.648    4.648    8.248    8.248    9.138    9.138
   13.365   13.365   13.621   13.621   14.077   14.077   16.435   16.435
            0.000000  0.525911  0.000000
 -108.152 -108.152  -70.141  -70.141  -51.869  -51.869  -51.869  -51.869   -4.636   -4.636
   -1.405   -1.405   -1.203   -1.203    0.136    0.136    0.396    0.396    0.584    0.584
    1.995    1.995    4.437    4.437    4.642    4.642    8.247    8.247    9.134    9.134
   13.378   13.378   13.636   13.636   14.096   14.096   16.438   16.438
            0.000000  0.528120  0.000000
 -108.152 -108.152  -70.141  -70.141  -51.869  -51.869  -51.869  -51.869   -4.633   -4.633
   -1.405   -1.405   -1.201   -1.201    0.136    0.136    0.397    0.397    0.586    0.586
    1.983    1.983    4.432    4.432    4.636    4.636    8.247    8.247    9.131    9.131
   13.392   13.392   13.652   13.652   14.114   14.114   16.441   16.441
            0.000000  0.530330  0.000000
 -108.152 -108.152  -70.141  -70.141  -51.869  -51.869  -51.869  -51.869   -4.631   -4.631
   -1.404   -1.404   -1.199   -1.199    0.137    0.137    0.398    0.398    0.588    0.588
    1.971    1.971    4.426    4.426    4.631    4.631    8.246    8.246    9.128    9.128
   13.405   13.405   13.667   13.667   14.132   14.132   16.444   16.444
            0.000000  0.532540  0.000000
 -108.152 -108.152  -70.141  -70.141  -51.869  -51.869  -51.869  -51.869   -4.628   -4.628
   -1.404   -1.404   -1.197   -1.197    0.138    0.138    0.399    0.399    0.591    0.591
    1.959    1.959    4.420    4.420    4.625    4.625    8.246    8.246    9.125    9.125
   13.418   13.418   13.682   13.682   14.151   14.151   16.447   16.447
            0.000000  0.534750  0.000000
 -108.152 -108.152  -70.141  -70.141  -51.869  -51.869  -51.869  -51.869   -4.626   -4.626
   -1.404   -1.404   -1.196   -1.196    0.139    0.139    0.400    0.400    0.593    0.593
    1.947    1.947    4.415    4.415    4.619    4.619    8.245    8.245    9.121    9.121
   13.431   13.431   13.698   13.698   14.169   14.169   16.450   16.450
            0.000000  0.536959  0.000000
 -108.152 -108.152  -70.141  -70.141  -51.869  -51.869  -51.869  -51.869   -4.624   -4.624
   -1.403   -1.403   -1.194   -1.194    0.140    0.140    0.401    0.401    0.595    0.595
    1.935    1.935    4.410    4.410    4.614    4.614    8.245    8.245    9.118    9.118
   13.444   13.444   13.713   13.713   14.187   14.187   16.453   16.453
            0.000000  0.539169  0.000000
 -108.152 -108.152  -70.141  -70.141  -51.869  -51.869  -51.869  -51.869   -4.622   -4.622
   -1.403   -1.403   -1.192   -1.192    0.140    0.140    0.402    0.402    0.598    0.598
    1.923    1.923    4.404    4.404    4.608    4.608    8.244    8.244    9.115    9.115
   13.458   13.458   13.729   13.729   14.205   14.205   16.456   16.456
            0.000000  0.541379  0.000000
 -108.152 -108.152  -70.141  -70.141  -51.869  -51.869  -51.869  -51.869   -4.619   -4.619
   -1.403   -1.403   -1.190   -1.190    0.141    0.141    0.403    0.403    0.600    0.600
    1.911    1.911    4.399    4.399    4.603    4.603    8.243    8.243    9.112    9.112
   13.471   13.471   13.744   13.744   14.223   14.223   16.459   16.459
            0.000000  0.543588  0.000000
 -108.152 -108.152  -70.141  -70.141  -51.869  -51.869  -51.869  -51.869   -4.617   -4.617
   -1.402   -1.402   -1.188   -1.188    0.142    0.142    0.404    0.404    0.603    0.603
    1.899    1.899    4.394    4.394    4.598    4.598    8.243    8.243    9.109    9.109
   13.484   13.484   13.759   13.759   14.241   14.241   16.462   16.462
            0.000000  0.545798  0.000000
 -108.152 -108.152  -70.141  -70.141  -51.869  -51.869  -51.869  -51.869   -4.615   -4.615
   -1.402   -1.402   -1.186   -1.186    0.142    0.142    0.405    0.405    0.605    0.605
    1.888    1.888    4.388    4.388    4.592    4.592    8.242    8.242    9.105    9.105
   13.497   13.497   13.775   13.775   14.259   14.259   16.465   16.465
            0.000000  0.548008  0.000000
 -108.152 -108.152  -70.141  -70.141  -51.869  -51.869  -51.869  -51.869   -4.613   -4.613
   -1.402   -1.402   -1.185   -1.185    0.143    0.143    0.406    0.406    0.608    0.608
    1.876    1.876    4.383    4.383    4.587    4.587    8.242    8.242    9.102    9.102
   13.510   13.510   13.790   13.790   14.277   14.277   16.468   16.468
            0.000000  0.550217  0.000000
 -108.152 -108.152  -70.141  -70.141  -51.869  -51.869  -51.869  -51.869   -4.611   -4.611
   -1.401   -1.401   -1.183   -1.183    0.144    0.144    0.407    0.407    0.610    0.610
    1.865    1.865    4.378    4.378    4.582    4.582    8.241    8.241    9.099    9.099
   13.523   13.523   13.805   13.805   14.295   14.295   16.471   16.471
            0.000000  0.552427  0.000000
 -108.152 -108.152  -70.141  -70.141  -51.869  -51.869  -51.869  -51.869   -4.609   -4.609
   -1.401   -1.401   -1.181   -1.181    0.145    0.145    0.407    0.407    0.613    0.613
    1.853    1.853    4.373    4.373    4.577    4.577    8.241    8.241    9.096    9.096
   13.536   13.536   13.821   13.821   14.313   14.313   16.474   16.474
            0.000000  0.554637  0.000000
 -108.152 -108.152  -70.141  -70.141  -51.869  -51.869  -51.869  -51.869   -4.606   -4.606
   -1.401   -1.401   -1.179   -1.179    0.145    0.145    0.408    0.408    0.616    0.616
    1.842    1.842    4.368    4.368    4.572    4.572    8.240    8.240    9.093    9.093
   13.549   13.549   13.836   13.836   14.331   14.331   16.477   16.477
            0.000000  0.556847  0.000000
 -108.152 -108.152  -70.141  -70.141  -51.869  -51.869  -51.869  -51.869   -4.604   -4.604
   -1.401   -1.401   -1.178   -1.178    0.146    0.146    0.409    0.409    0.618    0.618
    1.830    1.830    4.363    4.363    4.567    4.567    8.240    8.240    9.089    9.089
   13.562   13.562   13.851   13.851   14.349   14.349   16.480   16.480
            0.000000  0.559056  0.000000
 -108.152 -108.152  -70.141  -70.141  -51.869  -51.869  -51.869  -51.869   -4.602   -4.602
   -1.400   -1.400   -1.176   -1.176    0.147    0.147    0.410    0.410    0.621    0.621
    1.819    1.819    4.359    4.359    4.562    4.562    8.240    8.240    9.086    9.086
   13.575   13.575   13.866   13.866   14.366   14.366   16.483   16.483
            0.000000  0.561266  0.000000
 -108.152 -108.152  -70.141  -70.141  -51.869  -51.869  -51.869  -51.869   -4.600   -4.600
   -1.400   -1.400   -1.174   -1.174    0.147    0.147    0.411    0.411    0.624    0.624
    1.808    1.808    4.354    4.354    4.557    4.557    8.239    8.239    9.083    9.083
   13.588   13.588   13.881   13.881   14.384   14.384   16.486   16.486
            0.000000  0.563476  0.000000
 -108.152 -108.152  -70.141  -70.141  -51.869  -51.869  -51.869  -51.869   -4.598   -4.598
   -1.400   -1.400   -1.172   -1.172    0.148    0.148    0.412    0.412    0.626    0.626
    1.797    1.797    4.349    4.349    4.553    4.553    8.239    8.239    9.080    9.080
   13.601   13.601   13.896   13.896   14.402   14.402   16.488   16.488
            0.000000  0.565685  0.000000
 -108.152 -108.152  -70.141  -70.141  -51.869  -51.869  -51.869  -51.869   -4.596   -4.596
   -1.399   -1.399   -1.171   -1.171    0.149    0.149    0.413    0.413    0.629    0.629
    1.786    1.786    4.345    4.345    4.548    4.548    8.238    8.238    9.077    9.077
   13.614   13.614   13.911   13.911   14.419   14.419   16.491   16.491
            0.000000  0.567895  0.000000
 -108.152 -108.152  -70.141  -70.141  -51.869  -51.869  -51.869  -51.869   -4.594   -4.594
   -1.399   -1.399   -1.169   -1.169    0.149    0.149    0.414    0.414    0.632    0.632
    1.775    1.775    4.340    4.340    4.543    4.543    8.238    8.238    9.074    9.074
   13.626   13.626   13.925   13.925   14.437   14.437   16.494   16.494
            0.000000  0.570105  0.000000
 -108.152 -108.152  -70.141  -70.141  -51.869  -51.869  -51.869  -51.869   -4.592   -4.592
   -1.399   -1.399   -1.167   -1.167    0.150    0.150    0.415    0.415    0.635    0.635
    1.764    1.764    4.335    4.335    4.539    4.539    8.237    8.237    9.071    9.071
   13.639   13.639   13.940   13.940   14.454   14.454   16.496   16.496
            0.000000  0.572315  0.000000
 -108.152 -108.152  -70.141  -70.141  -51.869  -51.869  -51.869  -51.869   -4.591   -4.591
   -1.399   -1.399   -1.166   -1.166    0.150    0.150    0.416    0.416    0.638    0.638
    1.753    1.753    4.331    4.331    4.534    4.534    8.237    8.237    9.068    9.068
   13.652   13.652   13.954   13.954   14.471   14.471   16.499   16.499
            0.000000  0.574524  0.000000
 -108.152 -108.152  -70.141  -70.141  -51.869  -51.869  -51.869  -51.869   -4.589   -4.589
   -1.398   -1.398   -1.164   -1.164    0.151    0.151    0.417    0.417    0.640    0.640
    1.743    1.743    4.327    4.327    4.530    4.530    8.236    8.236    9.065    9.065
   13.664   13.664   13.969   13.969   14.488   14.488   16.502   16.502
            0.000000  0.576734  0.000000
 -108.152 -108.152  -70.141  -70.141  -51.869  -51.869  -51.869  -51.869   -4.587   -4.587
   -1.398   -1.398   -1.162   -1.162    0.152    0.152    0.418    0.418    0.643    0.643
    1.732    1.732    4.322    4.322    4.526    4.526    8.236    8.236    9.062    9.062
   13.677   13.677   13.983   13.983   14.506   14.506   16.504   16.504
            0.000000  0.578944  0.000000
 -108.152 -108.152  -70.141  -70.141  -51.869  -51.869  -51.869  -51.869   -4.585   -4.585
   -1.398   -1.398   -1.161   -1.161    0.152    0.152    0.418    0.418    0.646    0.646
    1.722    1.722    4.318    4.318    4.521    4.521    8.236    8.236    9.059    9.059
   13.690   13.690   13.997   13.997   14.522   14.522   16.507   16.507
            0.000000  0.581153  0.000000
 -108.152 -108.152  -70.141  -70.141  -51.869  -51.869  -51.869  -51.869   -4.583   -4.583
   -1.398   -1.398   -1.159   -1.159    0.153    0.153    0.419    0.419    0.649    0.649
    1.711    1.711    4.314    4.314    4.517    4.517    8.235    8.235    9.056    9.056
   13.702   13.702   14.012   14.012   14.539   14.539   16.509   16.509
            0.000000  0.583363  0.000000
 -108.152 -108.152  -70.141  -70.141  -51.869  -51.869  -51.869  -51.869   -4.581   -4.581
   -1.397   -1.397   -1.158   -1.158    0.153    0.153    0.420    0.420    0.652    0.652
    1.701    1.701    4.310    4.310    4.513    4.513    8.235    8.235    9.053    9.053
   13.714   13.714   14.025   14.025   14.556   14.556   16.512   16.512
            0.000000  0.585573  0.000000
 -108.152 -108.152  -70.141  -70.141  -51.869  -51.869  -51.869  -51.869   -4.580   -4.580
   -1.397   -1.397   -1.156   -1.156    0.154    0.154    0.421    0.421    0.655    0.655
    1.691    1.691    4.306    4.306    4.509    4.509    8.234    8.234    9.050    9.050
   13.727   13.727   14.039   14.039   14.573   14.573   16.514   16.514
            0.000000  0.587783  0.000000
 -108.152 -108.152  -70.141  -70.141  -51.869  -51.869  -51.869  -51.869   -4.578   -4.578
   -1.397   -1.397   -1.155   -1.155    0.155    0.155    0.422    0.422    0.658    0.658
    1.681    1.681    4.302    4.302    4.505    4.505    8.234    8.234    9.047    9.047
   13.739   13.739   14.053   14.053   14.589   14.589   16.517   16.517
            0.000000  0.589992  0.000000
 -108.152 -108.152  -70.141  -70.141  -51.869  -51.869  -51.869  -51.869   -4.576   -4.576
   -1.397   -1.397   -1.153   -1.153    0.155    0.155    0.423    0.423    0.661    0.661
    1.671    1.671    4.298    4.298    4.501    4.501    8.234    8.234    9.044    9.044
   13.751   13.751   14.067   14.067   14.606   14.606   16.519   16.519
            0.000000  0.592202  0.000000
 -108.152 -108.152  -70.141  -70.141  -51.869  -51.869  -51.869  -51.869   -4.575   -4.575
   -1.396   -1.396   -1.152   -1.152    0.156    0.156    0.423    0.423    0.664    0.664
    1.661    1.661    4.294    4.294    4.497    4.497    8.233    8.233    9.042    9.042
   13.763   13.763   14.080   14.080   14.622   14.622   16.522   16.522
            0.000000  0.594412  0.000000
 -108.152 -108.152  -70.141  -70.141  -51.869  -51.869  -51.869  -51.869   -4.573   -4.573
   -1.396   -1.396   -1.150   -1.150    0.156    0.156    0.424    0.424    0.667    0.667
    1.651    1.651    4.290    4.290    4.493    4.493    8.233    8.233    9.039    9.039
   13.775   13.775   14.093   14.093   14.638   14.638   16.524   16.524
            0.000000  0.596621  0.000000
 -108.152 -108.152  -70.141  -70.141  -51.869  -51.869  -51.869  -51.869   -4.571   -4.571
   -1.396   -1.396   -1.149   -1.149    0.157    0.157    0.425    0.425    0.670    0.670
    1.641    1.641    4.287    4.287    4.490    4.490    8.233    8.233    9.036    9.036
   13.787   13.787   14.106   14.106   14.654   14.654   16.526   16.526
            0.000000  0.598831  0.000000
 -108.152 -108.152  -70.141  -70.141  -51.869  -51.869  -51.869  -51.869   -4.570   -4.570
   -1.396   -1.396   -1.147   -1.147    0.157    0.157    0.426    0.426    0.673    0.673
    1.631    1.631    4.283    4.283    4.486    4.486    8.232    8.232    9.033    9.033
   13.799   13.799   14.119   14.119   14.670   14.670   16.528   16.528
            0.000000  0.601041  0.000000
 -108.152 -108.152  -70.141  -70.141  -51.869  -51.869  -51.869  -51.869   -4.568   -4.568
   -1.395   -1.395   -1.146   -1.146    0.158    0.158    0.427    0.427    0.676    0.676
    1.622    1.622    4.279    4.279    4.483    4.483    8.232    8.232    9.031    9.031
   13.811   13.811   14.132   14.132   14.686   14.686   16.531   16.531
            0.000000  0.603250  0.000000
 -108.152 -108.152  -70.141  -70.141  -51.869  -51.869  -51.869  -51.869   -4.567   -4.567
   -1.395   -1.395   -1.144   -1.144    0.158    0.158    0.427    0.427    0.679    0.679
    1.612    1.612    4.276    4.276    4.479    4.479    8.232    8.232    9.028    9.028
   13.823   13.823   14.145   14.145   14.702   14.702   16.533   16.533
            0.000000  0.605460  0.000000
 -108.152 -108.152  -70.141  -70.141  -51.869  -51.869  -51.869  -51.869   -4.565   -4.565
   -1.395   -1.395   -1.143   -1.143    0.159    0.159    0.428    0.428    0.682    0.682
    1.603    1.603    4.272    4.272    4.476    4.476    8.232    8.232    9.026    9.026
   13.834   13.834   14.157   14.157   14.717   14.717   16.535   16.535
            0.000000  0.607670  0.000000
 -108.152 -108.152  -70.141  -70.141  -51.869  -51.869  -51.869  -51.869   -4.564   -4.564
   -1.395   -1.395   -1.142   -1.142    0.159    0.159    0.429    0.429    0.685    0.685
    1.594    1.594    4.269    4.269    4.472    4.472    8.231    8.231    9.023    9.023
   13.846   13.846   14.169   14.169   14.732   14.732   16.537   16.537
            0.000000  0.609880  0.000000
 -108.152 -108.152  -70.141  -70.141  -51.869  -51.869  -51.869  -51.869   -4.563   -4.563
   -1.395   -1.395   -1.140   -1.140    0.160    0.160    0.430    0.430    0.689    0.689
    1.585    1.585    4.266    4.266    4.469    4.469    8.231    8.231    9.021    9.021
   13.857   13.857   14.181   14.181   14.748   14.748   16.539   16.539
            0.000000  0.612089  0.000000
 -108.152 -108.152  -70.141  -70.141  -51.869  -51.869  -51.869  -51.869   -4.561   -4.561
   -1.394   -1.394   -1.139   -1.139    0.160    0.160    0.430    0.430    0.692    0.692
    1.576    1.576    4.263    4.263    4.466    4.466    8.231    8.231    9.018    9.018
   13.868   13.868   14.193   14.193   14.762   14.762   16.541   16.541
            0.000000  0.614299  0.000000
 -108.152 -108.152  -70.141  -70.141  -51.869  -51.869  -51.869  -51.869   -4.560   -4.560
   -1.394   -1.394   -1.138   -1.138    0.160    0.160    0.431    0.431    0.695    0.695
    1.567    1.567    4.259    4.259    4.463    4.463    8.230    8.230    9.016    9.016
   13.879   13.879   14.205   14.205   14.777   14.777   16.543   16.543
            0.000000  0.616509  0.000000
 -108.152 -108.152  -70.141  -70.141  -51.869  -51.869  -51.869  -51.869   -4.558   -4.558
   -1.394   -1.394   -1.137   -1.137    0.161    0.161    0.432    0.432    0.698    0.698
    1.558    1.558    4.256    4.256    4.460    4.460    8.230    8.230    9.013    9.013
   13.890   13.890   14.216   14.216   14.792   14.792   16.545   16.545
            0.000000  0.618718  0.000000
 -108.152 -108.152  -70.141  -70.141  -51.869  -51.869  -51.869  -51.869   -4.557   -4.557
   -1.394   -1.394   -1.135   -1.135    0.161    0.161    0.432    0.432    0.701    0.701
    1.550    1.550    4.253    4.253    4.457    4.457    8.230    8.230    9.011    9.011
   13.901   13.901   14.227   14.227   14.806   14.806   16.547   16.547
            0.000000  0.620928  0.000000
 -108.152 -108.152  -70.141  -70.141  -51.869  -51.869  -51.869  -51.869   -4.556   -4.556
   -1.394   -1.394   -1.134   -1.134    0.162    0.162    0.433    0.433    0.704    0.704
    1.541    1.541    4.250    4.250    4.454    4.454    8.230    8.230    9.009    9.009
   13.911   13.911   14.238   14.238   14.820   14.820   16.549   16.549
            0.000000  0.623138  0.000000
 -108.152 -108.152  -70.141  -70.141  -51.869  -51.869  -51.869  -51.869   -4.555   -4.555
   -1.393   -1.393   -1.133   -1.133    0.162    0.162    0.434    0.434    0.707    0.707
    1.533    1.533    4.247    4.247    4.451    4.451    8.230    8.230    9.006    9.006
   13.922   13.922   14.249   14.249   14.834   14.834   16.551   16.551
            0.000000  0.625348  0.000000
 -108.152 -108.152  -70.141  -70.141  -51.869  -51.869  -51.869  -51.869   -4.553   -4.553
   -1.393   -1.393   -1.132   -1.132    0.162    0.162    0.434    0.434    0.710    0.710
    1.525    1.525    4.245    4.245    4.448    4.448    8.229    8.229    9.004    9.004
   13.932   13.932   14.260   14.260   14.848   14.848   16.553   16.553
            0.000000  0.627557  0.000000
 -108.152 -108.152  -70.141  -70.141  -51.869  -51.869  -51.869  -51.869   -4.552   -4.552
   -1.393   -1.393   -1.131   -1.131    0.163    0.163    0.435    0.435    0.714    0.714
    1.517    1.517    4.242    4.242    4.445    4.445    8.229    8.229    9.002    9.002
   13.942   13.942   14.270   14.270   14.862   14.862   16.554   16.554
            0.000000  0.629767  0.000000
 -108.152 -108.152  -70.141  -70.141  -51.869  -51.869  -51.869  -51.869   -4.551   -4.551
   -1.393   -1.393   -1.130   -1.130    0.163    0.163    0.436    0.436    0.717    0.717
    1.509    1.509    4.239    4.239    4.443    4.443    8.229    8.229    9.000    9.000
   13.952   13.952   14.280   14.280   14.875   14.875   16.556   16.556
            0.000000  0.631977  0.000000
 -108.152 -108.152  -70.141  -70.141  -51.869  -51.869  -51.869  -51.869   -4.550   -4.550
   -1.393   -1.393   -1.129   -1.129    0.164    0.164    0.436    0.436    0.720    0.720
    1.501    1.501    4.237    4.237    4.440    4.440    8.229    8.229    8.998    8.998
   13.962   13.962   14.290   14.290   14.888   14.888   16.558   16.558
            0.000000  0.634186  0.000000
 -108.152 -108.152  -70.141  -70.141  -51.869  -51.869  -51.869  -51.869   -4.549   -4.549
   -1.393   -1.393   -1.128   -1.128    0.164    0.164    0.437    0.437    0.723    0.723
    1.493    1.493    4.234    4.234    4.438    4.438    8.229    8.229    8.996    8.996
   13.972   13.972   14.300   14.300   14.901   14.901   16.559   16.559
            0.000000  0.636396  0.000000
 -108.152 -108.152  -70.141  -70.141  -51.869  -51.869  -51.869  -51.869   -4.548   -4.548
   -1.392   -1.392   -1.127   -1.127    0.164    0.164    0.437    0.437    0.726    0.726
    1.486    1.486    4.232    4.232    4.435    4.435    8.228    8.228    8.994    8.994
   13.981   13.981   14.309   14.309   14.913   14.913   16.561   16.561
            0.000000  0.638606  0.000000
 -108.152 -108.152  -70.141  -70.141  -51.869  -51.869  -51.869  -51.869   -4.547   -4.547
   -1.392   -1.392   -1.126   -1.126    0.165    0.165    0.438    0.438    0.729    0.729
    1.479    1.479    4.229    4.229    4.433    4.433    8.228    8.228    8.992    8.992
   13.990   13.990   14.319   14.319   14.925   14.925   16.562   16.562
            0.000000  0.640816  0.000000
 -108.152 -108.152  -70.141  -70.141  -51.869  -51.869  -51.869  -51.869   -4.546   -4.546
   -1.392   -1.392   -1.125   -1.125    0.165    0.165    0.438    0.438    0.732    0.732
    1.471    1.471    4.227    4.227    4.431    4.431    8.228    8.228    8.990    8.990
   13.999   13.999   14.327   14.327   14.937   14.937   16.564   16.564
            0.000000  0.643025  0.000000
 -108.152 -108.152  -70.141  -70.141  -51.869  -51.869  -51.869  -51.869   -4.545   -4.545
   -1.392   -1.392   -1.124   -1.124    0.165    0.165    0.439    0.439    0.735    0.735
    1.464    1.464    4.225    4.225    4.429    4.429    8.228    8.228    8.988    8.988
   14.008   14.008   14.336   14.336   14.949   14.949   16.565   16.565
            0.000000  0.645235  0.000000
 -108.152 -108.152  -70.141  -70.141  -51.869  -51.869  -51.869  -51.869   -4.544   -4.544
   -1.392   -1.392   -1.123   -1.123    0.165    0.165    0.439    0.439    0.738    0.738
    1.458    1.458    4.223    4.223    4.426    4.426    8.228    8.228    8.987    8.987
   14.017   14.017   14.344   14.344   14.960   14.960   16.567   16.567
            0.000000  0.647445  0.000000
 -108.152 -108.152  -70.141  -70.141  -51.869  -51.869  -51.869  -51.869   -4.543   -4.543
   -1.392   -1.392   -1.122   -1.122    0.166    0.166    0.440    0.440    0.741    0.741
    1.451    1.451    4.221    4.221    4.424    4.424    8.228    8.228    8.985    8.985
   14.025   14.025   14.353   14.353   14.971   14.971   16.568   16.568
            0.000000  0.649654  0.000000
 -108.152 -108.152  -70.141  -70.141  -51.869  -51.869  -51.869  -51.869   -4.542   -4.542
   -1.392   -1.392   -1.121   -1.121    0.166    0.166    0.440    0.440    0.743    0.743
    1.444    1.444    4.219    4.219    4.422    4.422    8.228    8.228    8.983    8.983
   14.033   14.033   14.360   14.360   14.982   14.982   16.569   16.569
            0.000000  0.651864  0.000000
 -108.152 -108.152  -70.141  -70.141  -51.869  -51.869  -51.869  -51.869   -4.541   -4.541
   -1.392   -1.392   -1.120   -1.120    0.166    0.166    0.441    0.441    0.746    0.746
    1.438    1.438    4.217    4.217    4.421    4.421    8.227    8.227    8.982    8.982
   14.041   14.041   14.368   14.368   14.993   14.993   16.571   16.571
            0.000000  0.654074  0.000000
 -108.152 -108.152  -70.141  -70.141  -51.869  -51.869  -51.869  -51.869   -4.540   -4.540
   -1.391   -1.391   -1.119   -1.119    0.166    0.166    0.441    0.441    0.749    0.749
    1.432    1.432    4.215    4.215    4.419    4.419    8.227    8.227    8.980    8.980
   14.049   14.049   14.375   14.375   15.003   15.003   16.572   16.572
            0.000000  0.656283  0.000000
 -108.152 -108.152  -70.141  -70.141  -51.869  -51.869  -51.869  -51.869   -4.540   -4.540
   -1.391   -1.391   -1.119   -1.119    0.167    0.167    0.442    0.442    0.752    0.752
    1.426    1.426    4.213    4.213    4.417    4.417    8.227    8.227    8.979    8.979
   14.056   14.056   14.382   14.382   15.013   15.013   16.573   16.573
            0.000000  0.658493  0.000000
 -108.152 -108.152  -70.141  -70.141  -51.869  -51.869  -51.869  -51.869   -4.539   -4.539
   -1.391   -1.391   -1.118   -1.118    0.167    0.167    0.442    0.442    0.754    0.754
    1.420    1.420    4.211    4.211    4.415    4.415    8.227    8.227    8.977    8.977
   14.063   14.063   14.389   14.389   15.022   15.022   16.574   16.574
            0.000000  0.660703  0.000000
 -108.152 -108.152  -70.141  -70.141  -51.869  -51.869  -51.869  -51.869   -4.538   -4.538
   -1.391   -1.391   -1.117   -1.117    0.167    0.167    0.442    0.442    0.757    0.757
    1.415    1.415    4.210    4.210    4.414    4.414    8.227    8.227    8.976    8.976
   14.070   14.070   14.396   14.396   15.031   15.031   16.575   16.575
            0.000000  0.662913  0.000000
 -108.152 -108.152  -70.141  -70.141  -51.869  -51.869  -51.869  -51.869   -4.538   -4.538
   -1.391   -1.391   -1.117   -1.117    0.167    0.167    0.443    0.443    0.759    0.759
    1.410    1.410    4.208    4.208    4.412    4.412    8.227    8.227    8.975    8.975
   14.076   14.076   14.402   14.402   15.040   15.040   16.576   16.576
            0.000000  0.665122  0.000000
 -108.152 -108.152  -70.141  -70.141  -51.869  -51.869  -51.869  -51.869   -4.537   -4.537
   -1.391   -1.391   -1.116   -1.116    0.168    0.168    0.443    0.443    0.762    0.762
    1.405    1.405    4.207    4.207    4.411    4.411    8.227    8.227    8.973    8.973
   14.083   14.083   14.408   14.408   15.048   15.048   16.577   16.577
            0.000000  0.667332  0.000000
 -108.152 -108.152  -70.141  -70.141  -51.869  -51.869  -51.869  -51.869   -4.536   -4.536
   -1.391   -1.391   -1.115   -1.115    0.168    0.168    0.444    0.444    0.764    0.764
    1.400    1.400    4.205    4.205    4.409    4.409    8.227    8.227    8.972    8.972
   14.089   14.089   14.413   14.413   15.056   15.056   16.578   16.578
            0.000000  0.669542  0.000000
 -108.152 -108.152  -70.141  -70.141  -51.869  -51.869  -51.869  -51.869   -4.536   -4.536
   -1.391   -1.391   -1.115   -1.115    0.168    0.168    0.444    0.444    0.766    0.766
    1.395    1.395    4.204    4.204    4.408    4.408    8.227    8.227    8.971    8.971
   14.095   14.095   14.419   14.419   15.064   15.064   16.579   16.579
            0.000000  0.671751  0.000000
 -108.152 -108.152  -70.141  -70.141  -51.869  -51.869  -51.869  -51.869   -4.535   -4.535
   -1.391   -1.391   -1.114   -1.114    0.168    0.168    0.444    0.444    0.768    0.768
    1.391    1.391    4.203    4.203    4.407    4.407    8.227    8.227    8.970    8.970
   14.100   14.100   14.424   14.424   15.071   15.071   16.580   16.580
            0.000000  0.673961  0.000000
 -108.152 -108.152  -70.141  -70.141  -51.869  -51.869  -51.869  -51.869   -4.535   -4.535
   -1.391   -1.391   -1.114   -1.114    0.168    0.168    0.444    0.444    0.770    0.770
    1.386    1.386    4.202    4.202    4.406    4.406    8.227    8.227    8.969    8.969
   14.105   14.105   14.428   14.428   15.078   15.078   16.581   16.581
            0.000000  0.676171  0.000000
 -108.152 -108.152  -70.141  -70.141  -51.869  -51.869  -51.869  -51.869   -4.534   -4.534
   -1.391   -1.391   -1.113   -1.113    0.168    0.168    0.445    0.445    0.772    0.772
    1.382    1.382    4.201    4.201    4.405    4.405    8.227    8.227    8.968    8.968
   14.110   14.110   14.433   14.433   15.085   15.085   16.581   16.581
            0.000000  0.678381  0.000000
 -108.152 -108.152  -70.141  -70.141  -51.869  -51.869  -51.869  -51.869   -4.534   -4.534
   -1.390   -1.390   -1.113   -1.113    0.169    0.169    0.445    0.445    0.774    0.774
    1.379    1.379    4.199    4.199    4.404    4.404    8.226    8.226    8.967    8.967
   14.114   14.114   14.437   14.437   15.091   15.091   16.582   16.582
            0.000000  0.680590  0.000000
 -108.152 -108.152  -70.141  -70.141  -51.869  -51.869  -51.869  -51.869   -4.533   -4.533
   -1.390   -1.390   -1.112   -1.112    0.169    0.169    0.445    0.445    0.776    0.776
    1.375    1.375    4.199    4.199    4.403    4.403    8.226    8.226    8.967    8.967
   14.119   14.119   14.441   14.441   15.096   15.096   16.583   16.583
            0.000000  0.682800  0.000000
 -108.152 -108.152  -70.141  -70.141  -51.869  -51.869  -51.869  -51.869   -4.533   -4.533
   -1.390   -1.390   -1.112   -1.112    0.169    0.169    0.445    0.445    0.777    0.777
    1.372    1.372    4.198    4.198    4.402    4.402    8.226    8.226    8.966    8.966
   14.123   14.123   14.444   14.444   15.101   15.101   16.583   16.583
            0.000000  0.685010  0.000000
 -108.152 -108.152  -70.141  -70.141  -51.869  -51.869  -51.869  -51.869   -4.533   -4.533
   -1.390   -1.390   -1.112   -1.112    0.169    0.169    0.446    0.446    0.779    0.779
    1.369    1.369    4.197    4.197    4.401    4.401    8.226    8.226    8.965    8.965
   14.126   14.126   14.448   14.448   15.106   15.106   16.584   16.584
            0.000000  0.687219  0.000000
 -108.152 -108.152  -70.141  -70.141  -51.869  -51.869  -51.869  -51.869   -4.532   -4.532
   -1.390   -1.390   -1.111   -1.111    0.169    0.169    0.446    0.446    0.780    0.780
    1.367    1.367    4.196    4.196    4.400    4.400    8.226    8.226    8.964    8.964
   14.129   14.129   14.451   14.451   15.111   15.111   16.584   16.584
            0.000000  0.689429  0.000000
 -108.152 -108.152  -70.141  -70.141  -51.869  -51.869  -51.869  -51.869   -4.532   -4.532
   -1.390   -1.390   -1.111   -1.111    0.169    0.169    0.446    0.446    0.781    0.781
    1.364    1.364    4.195    4.195    4.400    4.400    8.226    8.226    8.964    8.964
   14.132   14.132   14.453   14.453   15.114   15.114   16.585   16.585
            0.000000  0.691639  0.000000
 -108.152 -108.152  -70.141  -70.141  -51.869  -51.869  -51.869  -51.869   -4.532   -4.532
   -1.390   -1.390   -1.111   -1.111    0.169    0.169    0.446    0.446    0.782    0.782
    1.362    1.362    4.195    4.195    4.399    4.399    8.226    8.226    8.963    8.963
   14.135   14.135   14.455   14.455   15.118   15.118   16.585   16.585
            0.000000  0.693849  0.000000
 -108.152 -108.152  -70.141  -70.141  -51.869  -51.869  -51.869  -51.869   -4.532   -4.532
   -1.390   -1.390   -1.111   -1.111    0.169    0.169    0.446    0.446    0.783    0.783
    1.360    1.360    4.194    4.194    4.399    4.399    8.226    8.226    8.963    8.963
   14.137   14.137   14.457   14.457   15.121   15.121   16.585   16.585
            0.000000  0.696058  0.000000
 -108.152 -108.152  -70.141  -70.141  -51.869  -51.869  -51.869  -51.869   -4.531   -4.531
   -1.390   -1.390   -1.111   -1.111    0.169    0.169    0.446    0.446    0.784    0.784
    1.359    1.359    4.194    4.194    4.398    4.398    8.226    8.226    8.963    8.963
   14.139   14.139   14.459   14.459   15.123   15.123   16.586   16.586
            0.000000  0.698268  0.000000
 -108.152 -108.152  -70.141  -70.141  -51.869  -51.869  -51.869  -51.869   -4.531   -4.531
   -1.390   -1.390   -1.110   -1.110    0.169    0.169    0.446    0.446    0.785    0.785
    1.357    1.357    4.194    4.194    4.398    4.398    8.226    8.226    8.962    8.962
   14.141   14.141   14.461   14.461   15.125   15.125   16.586   16.586
            0.000000  0.700478  0.000000
 -108.152 -108.152  -70.141  -70.141  -51.869  -51.869  -51.869  -51.869   -4.531   -4.531
   -1.390   -1.390   -1.110   -1.110    0.169    0.169    0.446    0.446    0.785    0.785
    1.356    1.356    4.193    4.193    4.398    4.398    8.226    8.226    8.962    8.962
   14.142   14.142   14.462   14.462   15.127   15.127   16.586   16.586
            0.000000  0.702687  0.000000
 -108.152 -108.152  -70.141  -70.141  -51.869  -51.869  -51.869  -51.869   -4.531   -4.531
   -1.390   -1.390   -1.110   -1.110    0.169    0.169    0.446    0.446    0.786    0.786
    1.356    1.356    4.193    4.193    4.397    4.397    8.226    8.226    8.962    8.962
   14.143   14.143   14.462   14.462   15.128   15.128   16.586   16.586
            0.000000  0.704897  0.000000
 -108.152 -108.152  -70.141  -70.141  -51.869  -51.869  -51.869  -51.869   -4.531   -4.531
   -1.390   -1.390   -1.110   -1.110    0.169    0.169    0.446    0.446    0.786    0.786
    1.355    1.355    4.193    4.193    4.397    4.397    8.226    8.226    8.962    8.962
   14.143   14.143   14.463   14.463   15.129   15.129   16.586   16.586
            0.000000  0.707107  0.000000
 -108.152 -108.152  -70.141  -70.141  -51.869  -51.869  -51.869  -51.869   -4.531   -4.531
   -1.390   -1.390   -1.110   -1.110    0.169    0.169    0.446    0.446    0.786    0.786
    1.355    1.355    4.193    4.193    4.397    4.397    8.226    8.226    8.962    8.962
   14.143   14.143   14.463   14.463   15.129   15.129   16.586   16.586
            0.002210  0.707107  0.002210
 -108.152 -108.152  -70.141  -70.141  -51.869  -51.869  -51.869  -51.869   -4.531   -4.531
   -1.391   -1.390   -1.112   -1.108    0.169    0.170    0.445    0.448    0.785    0.787
    1.354    1.356    4.191    4.195    4.395    4.399    8.224    8.229    8.960    8.964
   14.139   14.146   14.458   14.468   15.123   15.135   16.586   16.587
            0.004419  0.707107  0.004419
 -108.152 -108.152  -70.141  -70.141  -51.869  -51.869  -51.869  -51.869   -4.531   -4.531
   -1.391   -1.389   -1.115   -1.106    0.168    0.171    0.443    0.450    0.784    0.787
    1.353    1.357    4.189    4.197    4.393    4.401    8.222    8.232    8.959    8.967
   14.134   14.148   14.452   14.474   15.116   15.140   16.586   16.588
            0.006629  0.707107  0.006629
 -108.152 -108.152  -70.141  -70.141  -51.869  -51.869  -51.869  -51.869   -4.531   -4.531
   -1.392   -1.389   -1.117   -1.103    0.167    0.173    0.441    0.451    0.784    0.788
    1.352    1.357    4.187    4.198    4.391    4.402    8.220    8.235    8.958    8.970
   14.129   14.148   14.447   14.479   15.109   15.144   16.586   16.590
            0.008839  0.707107  0.008839
 -108.152 -108.152  -70.141  -70.141  -51.869  -51.869  -51.869  -51.869   -4.531   -4.531
   -1.392   -1.388   -1.119   -1.101    0.166    0.174    0.440    0.453    0.783    0.789
    1.351    1.358    4.185    4.200    4.389    4.404    8.219    8.239    8.957    8.973
   14.122   14.148   14.441   14.483   15.101   15.148   16.587   16.592
            0.011049  0.707107  0.011049
 -108.152 -108.152  -70.141  -70.141  -51.869  -51.869  -51.869  -51.869   -4.531   -4.531
   -1.392   -1.387   -1.121   -1.099    0.165    0.175    0.438    0.455    0.782    0.790
    1.350    1.359    4.182    4.201    4.387    4.405    8.218    8.242    8.957    8.977
   14.114   14.145   14.436   14.487   15.093   15.151   16.588   16.594
            0.013258  0.707107  0.013258
 -108.152 -108.152  -70.141  -70.141  -51.869  -51.869  -51.869  -51.869   -4.531   -4.531
   -1.393   -1.387   -1.124   -1.097    0.165    0.176    0.436    0.456    0.782    0.791
    1.349    1.360    4.180    4.202    4.384    4.406    8.217    8.247    8.957    8.982
   14.106   14.142   14.431   14.491   15.083   15.154   16.590   16.597
            0.015468  0.707107  0.015468
 -108.152 -108.152  -70.141  -70.141  -51.869  -51.869  -51.869  -51.869   -4.531   -4.531
   -1.393   -1.386   -1.126   -1.094    0.164    0.177    0.435    0.458    0.781    0.792
    1.348    1.360    4.177    4.203    4.382    4.407    8.217    8.251    8.958    8.986
   14.097   14.137   14.427   14.494   15.074   15.156   16.592   16.600
            0.017678  0.707107  0.017678
 -108.152 -108.152  -70.141  -70.141  -51.869  -51.869  -51.869  -51.869   -4.531   -4.531
   -1.394   -1.386   -1.128   -1.092    0.163    0.178    0.433    0.459    0.780    0.793
    1.347    1.361    4.174    4.204    4.379    4.408    8.217    8.256    8.959    8.992
   14.087   14.131   14.423   14.496   15.063   15.158   16.594   16.603
            0.019887  0.707107  0.019887
 -108.152 -108.152  -70.141  -70.141  -51.869  -51.869  -51.869  -51.869   -4.531   -4.530
   -1.394   -1.385   -1.131   -1.090    0.163    0.180    0.431    0.461    0.780    0.794
    1.346    1.362    4.172    4.205    4.377    4.408    8.217    8.261    8.961    8.997
   14.077   14.124   14.419   14.498   15.052   15.159   16.597   16.606
            0.022097  0.707107  0.022097
 -108.152 -108.152  -70.141  -70.141  -51.869  -51.869  -51.869  -51.869   -4.532   -4.530
   -1.395   -1.384   -1.133   -1.088    0.162    0.181    0.429    0.463    0.779    0.795
    1.344    1.362    4.169    4.206    4.374    4.409    8.217    8.266    8.963    9.003
   14.067   14.115   14.415   14.499   15.040   15.160   16.600   16.609
            0.024307  0.707107  0.024307
 -108.152 -108.152  -70.141  -70.141  -51.869  -51.869  -51.869  -51.869   -4.532   -4.530
   -1.395   -1.384   -1.135   -1.086    0.162    0.183    0.428    0.464    0.778    0.796
    1.343    1.363    4.166    4.206    4.372    4.410    8.218    8.272    8.966    9.010
   14.055   14.105   14.411   14.499   15.028   15.161   16.603   16.612
            0.026517  0.707107  0.026517
 -108.152 -108.152  -70.141  -70.141  -51.869  -51.869  -51.869  -51.869   -4.532   -4.530
   -1.395   -1.383   -1.138   -1.084    0.161    0.184    0.426    0.466    0.778    0.797
    1.342    1.363    4.162    4.206    4.369    4.410    8.219    8.278    8.969    9.017
   14.044   14.094   14.408   14.498   15.015   15.161   16.607   16.615
            0.028726  0.707107  0.028726
 -108.152 -108.152  -70.141  -70.141  -51.869  -51.869  -51.869  -51.869   -4.532   -4.530
   -1.396   -1.383   -1.140   -1.081    0.161    0.185    0.424    0.467    0.777    0.798
    1.341    1.364    4.159    4.206    4.367    4.411    8.220    8.284    8.973    9.024
   14.032   14.082   14.404   14.496   15.002   15.160   16.610   16.618
            0.030936  0.707107  0.030936
 -108.152 -108.152  -70.141  -70.141  -51.869  -51.869  -51.869  -51.869   -4.532   -4.530
   -1.396   -1.382   -1.142   -1.079    0.160    0.187    0.423    0.468    0.777    0.799
    1.339    1.364    4.155    4.205    4.364    4.411    8.222    8.290    8.977    9.032
   14.019   14.069   14.401   14.494   14.988   15.160   16.614   16.621
            0.033146  0.707107  0.033146
 -108.152 -108.152  -70.141  -70.141  -51.869  -51.869  -51.869  -51.869   -4.532   -4.530
   -1.397   -1.381   -1.145   -1.077    0.160    0.189    0.421    0.470    0.776    0.800
    1.338    1.365    4.152    4.205    4.362    4.412    8.224    8.297    8.981    9.040
   14.006   14.056   14.397   14.491   14.973   15.159   16.618   16.623
            0.035355  0.707107  0.035355
 -108.152 -108.152  -70.141  -70.141  -51.869  -51.869  -51.869  -51.869   -4.532   -4.530
   -1.397   -1.381   -1.147   -1.075    0.160    0.190    0.419    0.471    0.776    0.801
    1.336    1.365    4.148    4.203    4.360    4.412    8.225    8.304    8.986    9.049
   13.993   14.041   14.393   14.486   14.958   15.158   16.622   16.626
            0.037565  0.707107  0.037565
 -108.152 -108.152  -70.141  -70.141  -51.869  -51.869  -51.869  -51.869   -4.532   -4.530
   -1.397   -1.380   -1.149   -1.073    0.159    0.192    0.417    0.473    0.775    0.802
    1.335    1.366    4.144    4.202    4.358    4.412    8.228    8.310    8.992    9.058
   13.980   14.026   14.389   14.481   14.943   15.156   16.626   16.627
            0.039775  0.707107  0.039775
 -108.152 -108.152  -70.141  -70.141  -51.869  -51.869  -51.869  -51.869   -4.532   -4.530
   -1.398   -1.379   -1.152   -1.071    0.159    0.193    0.416    0.474    0.775    0.803
    1.333    1.366    4.139    4.200    4.357    4.413    8.230    8.317    8.998    9.068
   13.966   14.010   14.385   14.475   14.927   15.154   16.629   16.629
            0.041984  0.707107  0.041984
 -108.152 -108.152  -70.141  -70.141  -51.869  -51.869  -51.869  -51.869   -4.532   -4.530
   -1.398   -1.378   -1.154   -1.069    0.159    0.195    0.414    0.475    0.774    0.804
    1.332    1.366    4.135    4.198    4.356    4.413    8.233    8.325    9.005    9.078
   13.952   13.994   14.381   14.468   14.910   15.151   16.630   16.633
            0.044194  0.707107  0.044194
 -108.152 -108.152  -70.141  -70.141  -51.869  -51.869  -51.869  -51.869   -4.532   -4.530
   -1.398   -1.378   -1.156   -1.067    0.159    0.197    0.412    0.477    0.774    0.805
    1.330    1.367    4.130    4.195    4.355    4.414    8.235    8.332    9.012    9.088
   13.938   13.977   14.376   14.461   14.893   15.148   16.630   16.636
            0.046404  0.707107  0.046404
 -108.152 -108.152  -70.141  -70.141  -51.869  -51.869  -51.869  -51.869   -4.532   -4.530
   -1.399   -1.377   -1.158   -1.065    0.159    0.199    0.411    0.478    0.774    0.806
    1.328    1.367    4.125    4.191    4.354    4.414    8.238    8.339    9.020    9.099
   13.924   13.959   14.371   14.452   14.876   15.145   16.630   16.639
            0.048614  0.707107  0.048614
 -108.152 -108.152  -70.141  -70.141  -51.869  -51.869  -51.869  -51.869   -4.532   -4.530
   -1.399   -1.376   -1.161   -1.063    0.159    0.201    0.409    0.479    0.773    0.808
    1.327    1.367    4.120    4.188    4.354    4.415    8.241    8.347    9.028    9.110
   13.909   13.941   14.365   14.443   14.859   15.141   16.630   16.642
            0.050823  0.707107  0.050823
 -108.152 -108.152  -70.141  -70.141  -51.869  -51.869  -51.869  -51.869   -4.532   -4.530
   -1.399   -1.376   -1.163   -1.061    0.159    0.202    0.407    0.481    0.773    0.809
    1.325    1.368    4.115    4.184    4.354    4.415    8.244    8.354    9.037    9.122
   13.894   13.923   14.359   14.433   14.841   15.136   16.628   16.644
            0.053033  0.707107  0.053033
 -108.152 -108.152  -70.141  -70.141  -51.869  -51.869  -51.869  -51.869   -4.532   -4.530
   -1.399   -1.375   -1.165   -1.059    0.159    0.204    0.406    0.482    0.772    0.810
    1.323    1.368    4.110    4.179    4.354    4.416    8.248    8.361    9.047    9.134
   13.880   13.905   14.352   14.422   14.822   15.131   16.627   16.646
            0.055243  0.707107  0.055243
 -108.152 -108.152  -70.141  -70.141  -51.869  -51.869  -51.869  -51.869   -4.533   -4.530
   -1.400   -1.374   -1.168   -1.057    0.159    0.206    0.404    0.483    0.772    0.811
    1.321    1.368    4.104    4.174    4.355    4.417    8.251    8.369    9.057    9.147
   13.865   13.886   14.345   14.410   14.804   15.126   16.624   16.648
            0.057452  0.707107  0.057452
 -108.152 -108.152  -70.141  -70.141  -51.869  -51.869  -51.869  -51.869   -4.533   -4.530
   -1.400   -1.373   -1.170   -1.055    0.159    0.208    0.403    0.484    0.772    0.813
    1.319    1.368    4.098    4.169    4.356    4.418    8.255    8.376    9.068    9.160
   13.850   13.867   14.338   14.398   14.785   15.120   16.621   16.648
            0.059662  0.707107  0.059662
 -108.152 -108.152  -70.141  -70.141  -51.869  -51.869  -51.869  -51.869   -4.533   -4.530
   -1.400   -1.372   -1.172   -1.053    0.159    0.210    0.401    0.486    0.771    0.814
    1.317    1.369    4.092    4.163    4.358    4.419    8.258    8.384    9.080    9.174
   13.835   13.847   14.330   14.385   14.766   15.113   16.618   16.649
            0.061872  0.707107  0.061872
 -108.152 -108.152  -70.141  -70.141  -51.869  -51.869  -51.869  -51.869   -4.533   -4.530
   -1.400   -1.372   -1.175   -1.051    0.159    0.212    0.400    0.487    0.771    0.815
    1.316    1.369    4.086    4.157    4.359    4.420    8.262    8.391    9.092    9.188
   13.820   13.828   14.321   14.372   14.746   15.106   16.614   16.649
            0.064082  0.707107  0.064082
 -108.152 -108.152  -70.141  -70.141  -51.869  -51.869  -51.869  -51.869   -4.533   -4.530
   -1.401   -1.371   -1.177   -1.049    0.159    0.214    0.398    0.488    0.771    0.816
    1.313    1.369    4.079    4.150    4.361    4.421    8.266    8.399    9.104    9.203
   13.804   13.808   14.312   14.357   14.727   15.098   16.609   16.648
            0.066291  0.707107  0.066291
 -108.152 -108.152  -70.141  -70.141  -51.869  -51.869  -51.869  -51.869   -4.533   -4.530
   -1.401   -1.370   -1.179   -1.047    0.159    0.216    0.397    0.489    0.770    0.818
    1.311    1.369    4.073    4.143    4.364    4.422    8.269    8.406    9.118    9.217
   13.788   13.789   14.303   14.343   14.707   15.090   16.604   16.647
            0.068501  0.707107  0.068501
 -108.152 -108.152  -70.141  -70.141  -51.869  -51.869  -51.869  -51.869   -4.533   -4.530
   -1.401   -1.369   -1.182   -1.045    0.159    0.218    0.395    0.490    0.770    0.819
    1.309    1.370    4.066    4.136    4.366    4.424    8.273    8.413    9.132    9.233
   13.768   13.774   14.293   14.327   14.687   15.081   16.599   16.645
            0.070711  0.707107  0.070711
 -108.152 -108.152  -70.141  -70.141  -51.869  -51.869  -51.869  -51.869   -4.533   -4.530
   -1.401   -1.368   -1.184   -1.043    0.159    0.220    0.394    0.491    0.770    0.820
    1.307    1.370    4.059    4.129    4.369    4.425    8.277    8.420    9.146    9.249
   13.748   13.759   14.282   14.312   14.666   15.071   16.593   16.642
            0.072920  0.707107  0.072920
 -108.152 -108.152  -70.141  -70.141  -51.869  -51.869  -51.869  -51.869   -4.533   -4.530
   -1.402   -1.368   -1.186   -1.042    0.160    0.222    0.392    0.492    0.769    0.822
    1.305    1.370    4.052    4.121    4.372    4.427    8.281    8.427    9.161    9.265
   13.728   13.744   14.271   14.295   14.646   15.061   16.586   16.638
            0.075130  0.707107  0.075130
 -108.152 -108.152  -70.141  -70.141  -51.869  -51.869  -51.869  -51.869   -4.533   -4.530
   -1.402   -1.367   -1.189   -1.040    0.160    0.224    0.391    0.493    0.769    0.823
    1.303    1.370    4.044    4.114    4.375    4.429    8.285    8.434    9.177    9.281
   13.708   13.728   14.259   14.279   14.625   15.050   16.579   16.634
            0.077340  0.707107  0.077340
 -108.152 -108.152  -70.141  -70.141  -51.869  -51.869  -51.869  -51.869   -4.534   -4.530
   -1.402   -1.366   -1.191   -1.038    0.160    0.226    0.390    0.494    0.769    0.824
    1.301    1.370    4.037    4.106    4.378    4.431    8.289    8.441    9.194    9.298
   13.687   13.713   14.247   14.261   14.605   15.038   16.572   16.630
            0.079550  0.707107  0.079550
 -108.152 -108.152  -70.141  -70.141  -51.869  -51.869  -51.869  -51.869   -4.534   -4.530
   -1.402   -1.365   -1.193   -1.036    0.161    0.229    0.389    0.495    0.769    0.826
    1.298    1.370    4.029    4.098    4.382    4.433    8.293    8.448    9.211    9.316
   13.667   13.698   14.235   14.244   14.584   15.025   16.563   16.624
            0.081759  0.707107  0.081759
 -108.152 -108.152  -70.141  -70.141  -51.869  -51.869  -51.869  -51.869   -4.534   -4.530
   -1.402   -1.364   -1.195   -1.034    0.161    0.231    0.387    0.496    0.768    0.827
    1.296    1.371    4.021    4.089    4.386    4.435    8.297    8.454    9.228    9.334
   13.647   13.684   14.222   14.226   14.563   15.012   16.555   16.618
            0.083969  0.707107  0.083969
 -108.152 -108.152  -70.141  -70.141  -51.869  -51.869  -51.869  -51.869   -4.534   -4.530
   -1.403   -1.363   -1.198   -1.033    0.161    0.233    0.386    0.497    0.768    0.828
    1.294    1.371    4.013    4.081    4.390    4.438    8.301    8.460    9.246    9.352
   13.626   13.669   14.208   14.208   14.541   14.999   16.546   16.611
            0.086179  0.707107  0.086179
 -108.152 -108.152  -70.141  -70.141  -51.869  -51.869  -51.869  -51.869   -4.534   -4.530
   -1.403   -1.362   -1.200   -1.031    0.162    0.235    0.385    0.498    0.768    0.829
    1.291    1.371    4.005    4.072    4.394    4.440    8.305    8.467    9.265    9.370
   13.606   13.654   14.189   14.194   14.520   14.984   16.537   16.604
            0.088388  0.707107  0.088388
 -108.152 -108.152  -70.141  -70.141  -51.869  -51.869  -51.869  -51.869   -4.534   -4.530
   -1.403   -1.361   -1.202   -1.029    0.162    0.237    0.384    0.498    0.768    0.831
    1.289    1.371    3.997    4.064    4.398    4.443    8.309    8.473    9.285    9.389
   13.585   13.639   14.170   14.180   14.499   14.969   16.527   16.595
            0.090598  0.707107  0.090598
 -108.152 -108.152  -70.141  -70.141  -51.869  -51.869  -51.869  -51.869   -4.534   -4.530
   -1.403   -1.361   -1.205   -1.028    0.163    0.239    0.383    0.499    0.768    0.832
    1.286    1.371    3.989    4.055    4.402    4.446    8.313    8.479    9.305    9.408
   13.565   13.625   14.151   14.165   14.477   14.954   16.517   16.587
            0.092808  0.707107  0.092808
 -108.152 -108.152  -70.141  -70.141  -51.869  -51.869  -51.869  -51.869   -4.535   -4.530
   -1.403   -1.360   -1.207   -1.026    0.163    0.241    0.383    0.500    0.767    0.833
    1.284    1.372    3.980    4.046    4.407    4.449    8.316    8.485    9.325    9.428
   13.545   13.611   14.132   14.150   14.456   14.937   16.506   16.577
            0.095017  0.707107  0.095017
 -108.152 -108.152  -70.141  -70.141  -51.869  -51.869  -51.869  -51.869   -4.535   -4.530
   -1.403   -1.359   -1.209   -1.024    0.164    0.243    0.382    0.501    0.767    0.835
    1.281    1.372    3.972    4.038    4.412    4.452    8.320    8.490    9.346    9.448
   13.524   13.597   14.112   14.134   14.434   14.920   16.495   16.567
            0.097227  0.707107  0.097227
 -108.152 -108.152  -70.141  -70.141  -51.869  -51.869  -51.869  -51.869   -4.535   -4.530
   -1.403   -1.358   -1.211   -1.023    0.164    0.244    0.381    0.502    0.767    0.836
    1.279    1.372    3.963    4.029    4.417    4.455    8.324    8.496    9.367    9.468
   13.504   13.583   14.092   14.118   14.412   14.903   16.483   16.557
            0.099437  0.707107  0.099437
 -108.152 -108.152  -70.141  -70.141  -51.869  -51.869  -51.869  -51.869   -4.535   -4.531
   -1.404   -1.357   -1.213   -1.021    0.165    0.246    0.381    0.502    0.767    0.837
    1.276    1.372    3.955    4.020    4.421    4.459    8.328    8.501    9.389    9.489
   13.484   13.569   14.072   14.102   14.390   14.885   16.471   16.545
            0.101647  0.707107  0.101647
 -108.152 -108.152  -70.141  -70.141  -51.869  -51.869  -51.869  -51.869   -4.535   -4.531
   -1.404   -1.356   -1.216   -1.020    0.165    0.248    0.380    0.503    0.767    0.838
    1.273    1.373    3.946    4.011    4.427    4.462    8.332    8.506    9.412    9.510
   13.464   13.556   14.052   14.085   14.368   14.866   16.459   16.534
            0.103856  0.707107  0.103856
 -108.152 -108.152  -70.141  -70.141  -51.869  -51.869  -51.869  -51.869   -4.535   -4.531
   -1.404   -1.355   -1.218   -1.018    0.166    0.250    0.380    0.504    0.766    0.839
    1.271    1.373    3.937    4.002    4.432    4.466    8.335    8.511    9.435    9.531
   13.444   13.543   14.031   14.068   14.346   14.847   16.446   16.521
            0.106066  0.707107  0.106066
 -108.152 -108.152  -70.141  -70.141  -51.869  -51.869  -51.869  -51.869   -4.536   -4.531
   -1.404   -1.354   -1.220   -1.017    0.166    0.251    0.380    0.504    0.766    0.841
    1.268    1.373    3.929    3.993    4.437    4.470    8.339    8.516    9.458    9.552
   13.424   13.530   14.011   14.051   14.324   14.828   16.433   16.509
            0.108276  0.707107  0.108276
 -108.152 -108.152  -70.141  -70.141  -51.869  -51.869  -51.869  -51.869   -4.536   -4.531
   -1.404   -1.353   -1.222   -1.015    0.167    0.253    0.379    0.505    0.766    0.842
    1.265    1.374    3.920    3.985    4.443    4.474    8.343    8.521    9.482    9.574
   13.405   13.517   13.990   14.034   14.302   14.808   16.420   16.496
            0.110485  0.707107  0.110485
 -108.152 -108.152  -70.141  -70.141  -51.869  -51.869  -51.869  -51.869   -4.536   -4.531
   -1.404   -1.352   -1.225   -1.014    0.168    0.254    0.379    0.506    0.766    0.843
    1.263    1.374    3.911    3.976    4.448    4.478    8.346    8.526    9.506    9.596
   13.385   13.504   13.969   14.016   14.280   14.787   16.406   16.482
            0.112695  0.707107  0.112695
 -108.152 -108.152  -70.141  -70.141  -51.869  -51.869  -51.869  -51.869   -4.536   -4.531
   -1.404   -1.351   -1.227   -1.013    0.168    0.256    0.379    0.506    0.766    0.844
    1.260    1.375    3.902    3.967    4.454    4.482    8.350    8.531    9.531    9.618
   13.365   13.492   13.948   13.998   14.257   14.766   16.391   16.468
            0.114905  0.707107  0.114905
 -108.152 -108.152  -70.141  -70.141  -51.869  -51.869  -51.869  -51.869   -4.537   -4.531
   -1.404   -1.350   -1.229   -1.011    0.169    0.257    0.380    0.507    0.765    0.845
    1.257    1.375    3.894    3.959    4.460    4.486    8.353    8.535    9.556    9.640
   13.346   13.480   13.927   13.980   14.235   14.744   16.377   16.453
            0.117115  0.707107  0.117115
 -108.152 -108.152  -70.141  -70.141  -51.869  -51.869  -51.869  -51.869   -4.537   -4.532
   -1.405   -1.350   -1.231   -1.010    0.169    0.258    0.380    0.507    0.765    0.846
    1.254    1.376    3.885    3.950    4.466    4.491    8.356    8.540    9.581    9.662
   13.327   13.469   13.906   13.961   14.213   14.723   16.362   16.438
            0.119324  0.707107  0.119324
 -108.152 -108.152  -70.141  -70.141  -51.869  -51.869  -51.869  -51.869   -4.537   -4.532
   -1.405   -1.349   -1.233   -1.009    0.170    0.259    0.380    0.508    0.765    0.847
    1.252    1.376    3.876    3.941    4.472    4.495    8.360    8.544    9.607    9.685
   13.308   13.458   13.885   13.943   14.190   14.700   16.346   16.423
            0.121534  0.707107  0.121534
 -108.152 -108.152  -70.141  -70.141  -51.869  -51.869  -51.869  -51.869   -4.537   -4.532
   -1.405   -1.348   -1.235   -1.007    0.171    0.260    0.381    0.508    0.765    0.848
    1.249    1.377    3.867    3.933    4.478    4.500    8.363    8.548    9.632    9.708
   13.289   13.447   13.864   13.924   14.168   14.678   16.331   16.407
            0.123744  0.707107  0.123744
 -108.152 -108.152  -70.141  -70.141  -51.869  -51.869  -51.869  -51.869   -4.538   -4.532
   -1.405   -1.347   -1.238   -1.006    0.172    0.261    0.382    0.509    0.765    0.848
    1.246    1.378    3.859    3.925    4.484    4.505    8.366    8.552    9.659    9.730
   13.270   13.436   13.842   13.905   14.145   14.655   16.315   16.391
            0.125953  0.707107  0.125953
 -108.152 -108.152  -70.141  -70.141  -51.869  -51.869  -51.869  -51.869   -4.538   -4.533
   -1.405   -1.346   -1.240   -1.005    0.172    0.261    0.383    0.509    0.764    0.849
    1.244    1.378    3.850    3.916    4.490    4.510    8.369    8.556    9.685    9.753
   13.251   13.426   13.821   13.886   14.123   14.631   16.298   16.375
            0.128163  0.707107  0.128163
 -108.152 -108.152  -70.141  -70.141  -51.869  -51.869  -51.869  -51.869   -4.538   -4.533
   -1.405   -1.345   -1.242   -1.004    0.173    0.262    0.384    0.510    0.764    0.850
    1.241    1.379    3.842    3.908    4.497    4.515    8.372    8.560    9.712    9.777
   13.233   13.416   13.799   13.867   14.100   14.608   16.282   16.358
            0.130373  0.707107  0.130373
 -108.152 -108.152  -70.141  -70.141  -51.869  -51.869  -51.869  -51.869   -4.539   -4.533
   -1.405   -1.344   -1.244   -1.003    0.174    0.262    0.385    0.510    0.764    0.850
    1.238    1.380    3.833    3.900    4.503    4.520    8.375    8.564    9.739    9.800
   13.215   13.407   13.778   13.848   14.078   14.584   16.265   16.341
            0.132583  0.707107  0.132583
 -108.152 -108.152  -70.141  -70.141  -51.869  -51.869  -51.869  -51.869   -4.539   -4.533
   -1.405   -1.343   -1.246   -1.002    0.174    0.263    0.386    0.511    0.764    0.851
    1.236    1.381    3.825    3.892    4.510    4.525    8.378    8.567    9.766    9.823
   13.197   13.398   13.757   13.829   14.056   14.559   16.248   16.324
            0.134792  0.707107  0.134792
 -108.152 -108.152  -70.141  -70.141  -51.869  -51.869  -51.869  -51.869   -4.539   -4.534
   -1.405   -1.342   -1.248   -1.001    0.175    0.263    0.388    0.511    0.763    0.852
    1.233    1.382    3.817    3.884    4.516    4.531    8.381    8.571    9.793    9.846
   13.179   13.389   13.735   13.809   14.033   14.535   16.230   16.306
            0.137002  0.707107  0.137002
 -108.152 -108.152  -70.141  -70.141  -51.869  -51.869  -51.869  -51.869   -4.540   -4.534
   -1.405   -1.341   -1.250   -1.000    0.176    0.263    0.389    0.511    0.763    0.852
    1.230    1.383    3.808    3.877    4.523    4.536    8.384    8.574    9.821    9.870
   13.161   13.381   13.714   13.790   14.011   14.510   16.213   16.289
            0.139212  0.707107  0.139212
 -108.152 -108.152  -70.141  -70.141  -51.869  -51.869  -51.869  -51.869   -4.540   -4.534
   -1.405   -1.340   -1.252   -0.999    0.177    0.263    0.391    0.512    0.763    0.852
    1.228    1.384    3.800    3.869    4.530    4.542    8.386    8.578    9.848    9.893
   13.144   13.374   13.692   13.770   13.988   14.485   16.195   16.271
            0.141421  0.707107  0.141421
 -108.152 -108.152  -70.141  -70.141  -51.869  -51.869  -51.869  -51.869   -4.540   -4.535
   -1.405   -1.340   -1.254   -0.998    0.177    0.263    0.392    0.512    0.762    0.853
    1.225    1.385    3.792    3.862    4.537    4.548    8.389    8.581    9.876    9.916
   13.126   13.366   13.671   13.751   13.966   14.460   16.177   16.252
            0.143631  0.707107  0.143631
 -108.152 -108.152  -70.141  -70.141  -51.869  -51.869  -51.869  -51.869   -4.541   -4.535
   -1.406   -1.339   -1.256   -0.997    0.178    0.263    0.394    0.512    0.762    0.853
    1.223    1.386    3.785    3.855    4.544    4.553    8.392    8.584    9.904    9.940
   13.109   13.359   13.650   13.731   13.944   14.434   16.158   16.234
            0.145841  0.707107  0.145841
 -108.152 -108.152  -70.141  -70.141  -51.869  -51.869  -51.869  -51.869   -4.541   -4.535
   -1.406   -1.338   -1.258   -0.996    0.179    0.263    0.396    0.513    0.762    0.853
    1.220    1.388    3.777    3.848    4.551    4.559    8.394    8.587    9.932    9.963
   13.092   13.353   13.629   13.712   13.922   14.409   16.140   16.215
            0.148050  0.707107  0.148050
 -108.152 -108.152  -70.141  -70.141  -51.869  -51.869  -51.869  -51.869   -4.542   -4.536
   -1.406   -1.337   -1.260   -0.995    0.180    0.262    0.398    0.513    0.761    0.853
    1.218    1.389    3.769    3.841    4.559    4.565    8.397    8.590    9.960    9.986
   13.076   13.347   13.608   13.692   13.900   14.383   16.121   16.197
            0.150260  0.707107  0.150260
 -108.152 -108.152  -70.141  -70.141  -51.869  -51.869  -51.869  -51.869   -4.542   -4.536
   -1.406   -1.336   -1.262   -0.994    0.180    0.262    0.400    0.513    0.761    0.853
    1.216    1.391    3.762    3.834    4.566    4.572    8.399    8.593    9.988   10.009
   13.059   13.341   13.587   13.672   13.878   14.357   16.102   16.178
            0.152470  0.707107  0.152470
 -108.152 -108.152  -70.141  -70.141  -51.869  -51.869  -51.869  -51.869   -4.543   -4.537
   -1.406   -1.335   -1.264   -0.994    0.181    0.261    0.402    0.513    0.760    0.853
    1.214    1.392    3.755    3.828    4.573    4.578    8.401    8.596   10.016   10.032
   13.043   13.336   13.566   13.653   13.857   14.331   16.083   16.159
            0.154680  0.707107  0.154680
 -108.152 -108.152  -70.141  -70.141  -51.869  -51.869  -51.869  -51.869   -4.543   -4.537
   -1.406   -1.335   -1.266   -0.993    0.182    0.261    0.405    0.514    0.760    0.852
    1.212    1.394    3.747    3.821    4.581    4.584    8.403    8.599   10.044   10.055
   13.026   13.331   13.546   13.633   13.835   14.304   16.064   16.139
            0.156889  0.707107  0.156889
 -108.152 -108.152  -70.141  -70.141  -51.869  -51.869  -51.869  -51.869   -4.544   -4.537
   -1.406   -1.334   -1.268   -0.992    0.183    0.260    0.407    0.514    0.759    0.852
    1.210    1.396    3.741    3.815    4.588    4.591    8.406    8.602   10.073   10.078
   13.010   13.326   13.526   13.614   13.814   14.278   16.045   16.120
            0.159099  0.707107  0.159099
 -108.152 -108.152  -70.141  -70.141  -51.869  -51.869  -51.869  -51.869   -4.544   -4.538
   -1.406   -1.333   -1.270   -0.992    0.184    0.260    0.409    0.514    0.758    0.852
    1.208    1.398    3.734    3.809    4.596    4.597    8.408    8.604   10.100   10.101
   12.995   13.322   13.507   13.594   13.793   14.251   16.026   16.100
            0.161309  0.707107  0.161309
 -108.152 -108.152  -70.141  -70.141  -51.869  -51.869  -51.869  -51.869   -4.545   -4.538
   -1.406   -1.333   -1.271   -0.991    0.184    0.259    0.411    0.514    0.758    0.851
    1.206    1.400    3.727    3.803    4.604    4.604    8.410    8.607   10.123   10.129
   12.979   13.317   13.488   13.575   13.773   14.224   16.006   16.081
            0.163518  0.707107  0.163518
 -108.152 -108.152  -70.141  -70.141  -51.869  -51.869  -51.869  -51.869   -4.545   -4.539
   -1.406   -1.332   -1.273   -0.991    0.185    0.258    0.414    0.514    0.757    0.850
    1.205    1.402    3.721    3.798    4.610    4.612    8.411    8.609   10.145   10.157
   12.963   13.312   13.470   13.555   13.753   14.198   15.986   16.061
            0.165728  0.707107  0.165728
 -108.152 -108.152  -70.141  -70.141  -51.869  -51.869  -51.869  -51.869   -4.546   -4.540
   -1.406   -1.331   -1.275   -0.990    0.186    0.257    0.416    0.514    0.756    0.850
    1.203    1.404    3.714    3.793    4.617    4.619    8.413    8.612   10.167   10.184
   12.948   13.307   13.454   13.536   13.733   14.171   15.967   16.041
            0.167938  0.707107  0.167938
 -108.152 -108.152  -70.141  -70.141  -51.869  -51.869  -51.869  -51.869   -4.546   -4.540
   -1.406   -1.331   -1.277   -0.990    0.187    0.256    0.418    0.515    0.755    0.849
    1.202    1.407    3.708    3.787    4.624    4.627    8.415    8.614   10.189   10.212
   12.933   13.301   13.438   13.516   13.713   14.144   15.947   16.021
            0.170148  0.707107  0.170148
 -108.152 -108.152  -70.141  -70.141  -51.869  -51.869  -51.869  -51.869   -4.547   -4.541
   -1.406   -1.330   -1.278   -0.989    0.187    0.255    0.421    0.515    0.754    0.848
    1.201    1.409    3.702    3.782    4.631    4.635    8.417    8.616   10.211   10.240
   12.918   13.294   13.425   13.496   13.695   14.117   15.927   16.001
            0.172357  0.707107  0.172357
 -108.152 -108.152  -70.141  -70.141  -51.869  -51.869  -51.869  -51.869   -4.548   -4.541
   -1.406   -1.330   -1.280   -0.989    0.188    0.254    0.423    0.515    0.753    0.847
    1.200    1.412    3.697    3.778    4.638    4.644    8.418    8.619   10.232   10.267
   12.903   13.285   13.414   13.477   13.676   14.090   15.907   15.981
            0.174567  0.707107  0.174567
 -108.152 -108.152  -70.141  -70.141  -51.869  -51.869  -51.869  -51.869   -4.548   -4.542
   -1.406   -1.329   -1.281   -0.989    0.189    0.253    0.426    0.515    0.752    0.845
    1.199    1.414    3.691    3.773    4.645    4.652    8.420    8.621   10.253   10.294
   12.888   13.275   13.406   13.457   13.658   14.062   15.887   15.961
            0.176777  0.707107  0.176777
 -108.152 -108.152  -70.141  -70.141  -51.869  -51.869  -51.869  -51.869   -4.549   -4.543
   -1.406   -1.329   -1.283   -0.988    0.190    0.252    0.428    0.515    0.750    0.844
    1.199    1.417    3.686    3.769    4.653    4.660    8.421    8.623   10.274   10.321
   12.873   13.262   13.400   13.438   13.641   14.035   15.867   15.941
            0.185616  0.702687  0.172357
 -108.152 -108.152  -70.141  -70.141  -51.869  -51.869  -51.869  -51.869   -4.550   -4.543
   -1.406   -1.328   -1.284   -0.988    0.191    0.251    0.430    0.515    0.749    0.843
    1.199    1.420    3.682    3.765    4.658    4.667    8.425    8.627   10.295   10.349
   12.850   13.222   13.375   13.460   13.615   14.027   15.851   15.924
            0.194454  0.698268  0.167938
 -108.152 -108.152  -70.141  -70.141  -51.869  -51.869  -51.869  -51.869   -4.551   -4.544
   -1.406   -1.328   -1.286   -0.988    0.191    0.251    0.432    0.515    0.747    0.841
    1.199    1.424    3.678    3.764    4.661    4.671    8.432    8.637   10.317   10.378
   12.808   13.150   13.351   13.491   13.589   14.049   15.842   15.915
            0.203293  0.693849  0.163518
 -108.152 -108.152  -70.141  -70.141  -51.869  -51.869  -51.869  -51.869   -4.551   -4.545
   -1.406   -1.329   -1.288   -0.987    0.192    0.250    0.434    0.515    0.744    0.840
    1.200    1.427    3.677    3.764    4.661    4.671    8.445    8.652   10.340   10.408
   12.746   13.072   13.320   13.482   13.609   14.089   15.842   15.914
            0.212132  0.689429  0.159099
 -108.152 -108.152  -70.141  -70.141  -51.869  -51.869  -51.869  -51.869   -4.552   -4.545
   -1.405   -1.329   -1.289   -0.987    0.193    0.250    0.435    0.514    0.741    0.839
    1.202    1.430    3.676    3.765    4.657    4.669    8.461    8.673   10.363   10.439
   12.666   12.995   13.275   13.457   13.660   14.138   15.848   15.921
            0.220971  0.685010  0.154680
 -108.152 -108.152  -70.141  -70.141  -51.869  -51.869  -51.869  -51.869   -4.553   -4.546
   -1.405   -1.330   -1.290   -0.987    0.194    0.250    0.436    0.514    0.739    0.837
    1.204    1.433    3.677    3.768    4.651    4.664    8.480    8.697   10.388   10.472
   12.571   12.915   13.226   13.438   13.716   14.190   15.862   15.937
            0.229810  0.680590  0.150260
 -108.152 -108.152  -70.141  -70.141  -51.869  -51.869  -51.869  -51.869   -4.554   -4.547
   -1.404   -1.331   -1.292   -0.987    0.195    0.251    0.437    0.513    0.736    0.836
    1.206    1.437    3.679    3.773    4.642    4.657    8.503    8.727   10.413   10.506
   12.468   12.828   13.181   13.422   13.771   14.242   15.883   15.960
            0.238649  0.676171  0.145841
 -108.152 -108.152  -70.141  -70.141  -51.869  -51.869  -51.869  -51.869   -4.554   -4.548
   -1.403   -1.332   -1.293   -0.986    0.196    0.252    0.437    0.513    0.733    0.835
    1.209    1.440    3.683    3.779    4.631    4.648    8.528    8.759   10.439   10.540
   12.360   12.735   13.142   13.409   13.825   14.293   15.909   15.992
            0.247487  0.671751  0.141421
 -108.152 -108.152  -70.141  -70.141  -51.869  -51.869  -51.869  -51.869   -4.555   -4.548
   -1.402   -1.334   -1.293   -0.986    0.197    0.253    0.438    0.512    0.730    0.834
    1.212    1.443    3.687    3.786    4.619    4.636    8.556    8.796   10.466   10.576
   12.249   12.636   13.110   13.397   13.876   14.342   15.942   16.032
            0.256326  0.667332  0.137002
 -108.152 -108.152  -70.141  -70.141  -51.869  -51.869  -51.869  -51.869   -4.556   -4.549
   -1.400   -1.336   -1.294   -0.986    0.197    0.254    0.438    0.511    0.727    0.833
    1.215    1.445    3.692    3.794    4.604    4.624    8.585    8.834   10.494   10.614
   12.138   12.534   13.082   13.386   13.923   14.387   15.980   16.080
            0.265165  0.662913  0.132583
 -108.152 -108.152  -70.141  -70.141  -51.869  -51.869  -51.869  -51.869   -4.556   -4.549
   -1.399   -1.338   -1.295   -0.985    0.198    0.256    0.437    0.511    0.724    0.832
    1.218    1.448    3.698    3.804    4.588    4.610    8.615    8.875   10.522   10.652
   12.029   12.431   13.059   13.375   13.966   14.430   16.024   16.134
            0.274004  0.658493  0.128163
 -108.152 -108.152  -70.141  -70.141  -51.869  -51.869  -51.869  -51.869   -4.557   -4.550
   -1.397   -1.340   -1.295   -0.985    0.199    0.257    0.437    0.510    0.721    0.831
    1.221    1.450    3.705    3.814    4.572    4.596    8.645    8.916   10.552   10.692
   11.922   12.329   13.038   13.364   14.005   14.469   16.072   16.194
            0.282843  0.654074  0.123744
 -108.152 -108.152  -70.141  -70.141  -51.869  -51.869  -51.869  -51.869   -4.558   -4.551
   -1.396   -1.343   -1.295   -0.985    0.199    0.259    0.436    0.509    0.719    0.831
    1.224    1.452    3.711    3.824    4.555    4.581    8.674    8.958   10.582   10.732
   11.818   12.229   13.019   13.354   14.040   14.504   16.125   16.258
            0.291682  0.649654  0.119324
 -108.152 -108.152  -70.141  -70.141  -51.869  -51.869  -51.869  -51.869   -4.558   -4.551
   -1.394   -1.345   -1.295   -0.985    0.199    0.261    0.435    0.509    0.717    0.830
    1.226    1.454    3.718    3.835    4.538    4.567    8.702    8.999   10.612   10.774
   11.719   12.133   13.003   13.345   14.071   14.535   16.181   16.326
            0.300520  0.645235  0.114905
 -108.152 -108.152  -70.141  -70.141  -51.869  -51.869  -51.869  -51.869   -4.559   -4.551
   -1.392   -1.348   -1.295   -0.984    0.199    0.263    0.434    0.508    0.715    0.829
    1.229    1.456    3.725    3.845    4.522    4.553    8.728    9.037   10.644   10.815
   11.625   12.042   12.989   13.336   14.098   14.562   16.241   16.396
            0.309359  0.640816  0.110485
 -108.152 -108.152  -70.141  -70.141  -51.869  -51.869  -51.869  -51.869   -4.559   -4.552
   -1.390   -1.350   -1.296   -0.984    0.200    0.264    0.434    0.507    0.714    0.829
    1.231    1.457    3.731    3.855    4.507    4.541    8.751    9.072   10.675   10.857
   11.538   11.958   12.977   13.329   14.120   14.585   16.302   16.465
            0.318198  0.636396  0.106066
 -108.152 -108.152  -70.141  -70.141  -51.869  -51.869  -51.869  -51.869   -4.559   -4.552
   -1.388   -1.353   -1.296   -0.984    0.200    0.266    0.433    0.507    0.712    0.828
    1.233    1.458    3.737    3.864    4.494    4.530    8.771    9.103   10.707   10.896
   11.461   11.881   12.967   13.323   14.139   14.603   16.363   16.532
            0.327037  0.631977  0.101647
 -108.152 -108.152  -70.141  -70.141  -51.869  -51.869  -51.869  -51.869   -4.560   -4.552
   -1.387   -1.355   -1.296   -0.984    0.200    0.267    0.432    0.507    0.711    0.828
    1.234    1.459    3.742    3.871    4.483    4.521    8.787    9.129   10.736   10.931
   11.394   11.817   12.959   13.318   14.153   14.618   16.421   16.591
            0.335876  0.627557  0.097227
 -108.152 -108.152  -70.141  -70.141  -51.869  -51.869  -51.869  -51.869   -4.560   -4.553
   -1.386   -1.356   -1.296   -0.984    0.200    0.268    0.432    0.506    0.711    0.828
    1.235    1.459    3.745    3.877    4.475    4.515    8.799    9.148   10.762   10.960
   11.342   11.766   12.953   13.314   14.163   14.629   16.472   16.637
            0.344715  0.623138  0.092808
 -108.152 -108.152  -70.141  -70.141  -51.869  -51.869  -51.869  -51.869   -4.560   -4.553
   -1.385   -1.358   -1.296   -0.984    0.200    0.268    0.431    0.506    0.710    0.828
    1.236    1.460    3.747    3.881    4.470    4.511    8.806    9.159   10.780   10.979
   11.309   11.733   12.949   13.312   14.169   14.635   16.508   16.666
            0.353553  0.618718  0.088388
 -108.152 -108.152  -70.141  -70.141  -51.869  -51.869  -51.869  -51.869   -4.560   -4.553
   -1.384   -1.358   -1.296   -0.984    0.200    0.269    0.431    0.506    0.710    0.828
    1.236    1.460    3.748    3.882    4.468    4.509    8.808    9.163   10.786   10.985
   11.297   11.722   12.948   13.311   14.171   14.637   16.522   16.675
            0.362392  0.614299  0.083969
 -108.152 -108.152  -70.141  -70.141  -51.869  -51.869  -51.869  -51.869   -4.560   -4.553
   -1.385   -1.358   -1.296   -0.984    0.200    0.268    0.431    0.506    0.710    0.828
    1.236    1.460    3.747    3.881    4.470    4.511    8.806    9.159   10.780   10.979
   11.309   11.733   12.949   13.312   14.169   14.635   16.508   16.666
            0.371231  0.609880  0.079550
 -108.152 -108.152  -70.141  -70.141  -51.869  -51.869  -51.869  -51.869   -4.560   -4.553
   -1.386   -1.356   -1.296   -0.984    0.200    0.268    0.432    0.506    0.711    0.828
    1.235    1.459    3.745    3.877    4.475    4.515    8.799    9.148   10.762   10.960
   11.342   11.766   12.953   13.314   14.163   14.629   16.472   16.637
            0.380070  0.605460  0.075130
 -108.152 -108.152  -70.141  -70.141  -51.869  -51.869  -51.869  -51.869   -4.560   -4.552
   -1.387   -1.355   -1.296   -0.984    0.200    0.267    0.432    0.507    0.711    0.828
    1.234    1.459    3.742    3.871    4.483    4.521    8.787    9.129   10.736   10.931
   11.394   11.817   12.959   13.318   14.153   14.618   16.421   16.591
            0.388909  0.601041  0.070711
 -108.152 -108.152  -70.141  -70.141  -51.869  -51.869  -51.869  -51.869   -4.559   -4.552
   -1.388   -1.353   -1.296   -0.984    0.200    0.266    0.433    0.507    0.712    0.828
    1.233    1.458    3.737    3.864    4.494    4.530    8.771    9.103   10.707   10.896
   11.461   11.881   12.967   13.323   14.139   14.603   16.363   16.532
            0.397748  0.596621  0.066291
 -108.152 -108.152  -70.141  -70.141  -51.869  -51.869  -51.869  -51.869   -4.559   -4.552
   -1.390   -1.350   -1.296   -0.984    0.200    0.264    0.434    0.507    0.714    0.829
    1.231    1.457    3.731    3.855    4.507    4.541    8.751    9.072   10.675   10.857
   11.538   11.958   12.977   13.329   14.120   14.585   16.302   16.465
            0.406586  0.592202  0.061872
 -108.152 -108.152  -70.141  -70.141  -51.869  -51.869  -51.869  -51.869   -4.559   -4.551
   -1.392   -1.348   -1.295   -0.984    0.199    0.263    0.434    0.508    0.715    0.829
    1.229    1.456    3.725    3.845    4.522    4.553    8.728    9.037   10.644   10.815
   11.625   12.042   12.989   13.336   14.098   14.562   16.241   16.396
            0.415425  0.587783  0.057452
 -108.152 -108.152  -70.141  -70.141  -51.869  -51.869  -51.869  -51.869   -4.558   -4.551
   -1.394   -1.345   -1.295   -0.985    0.199    0.261    0.435    0.509    0.717    0.830
    1.226    1.454    3.718    3.835    4.538    4.567    8.702    8.999   10.612   10.774
   11.719   12.133   13.003   13.345   14.071   14.535   16.181   16.326
            0.424264  0.583363  0.053033
 -108.152 -108.152  -70.141  -70.141  -51.869  -51.869  -51.869  -51.869   -4.558   -4.551
   -1.396   -1.343   -1.295   -0.985    0.199    0.259    0.436    0.509    0.719    0.831
    1.224    1.452    3.711    3.824    4.555    4.581    8.674    8.958   10.582   10.732
   11.818   12.229   13.019   13.354   14.040   14.504   16.125   16.258
            0.433103  0.578944  0.048614
 -108.152 -108.152  -70.141  -70.141  -51.869  -51.869  -51.869  -51.869   -4.557   -4.550
   -1.397   -1.340   -1.295   -0.985    0.199    0.257    0.437    0.510    0.721    0.831
    1.221    1.450    3.705    3.814    4.572    4.596    8.645    8.916   10.552   10.692
   11.922   12.329   13.038   13.364   14.005   14.469   16.072   16.194
            0.441942  0.574524  0.044194
 -108.152 -108.152  -70.141  -70.141  -51.869  -51.869  -51.869  -51.869   -4.556   -4.549
   -1.399   -1.338   -1.295   -0.985    0.198    0.256    0.437    0.511    0.724    0.832
    1.218    1.448    3.698    3.804    4.588    4.610    8.615    8.875   10.522   10.652
   12.029   12.431   13.059   13.375   13.966   14.430   16.024   16.134
            0.450781  0.570105  0.039775
 -108.152 -108.152  -70.141  -70.141  -51.869  -51.869  -51.869  -51.869   -4.556   -4.549
   -1.400   -1.336   -1.294   -0.986    0.197    0.254    0.438    0.511    0.727    0.833
    1.215    1.445    3.692    3.794    4.604    4.624    8.585    8.834   10.494   10.614
   12.138   12.534   13.082   13.386   13.923   14.387   15.980   16.080
            0.459619  0.565685  0.035355
 -108.152 -108.152  -70.141  -70.141  -51.869  -51.869  -51.869  -51.869   -4.555   -4.548
   -1.402   -1.334   -1.293   -0.986    0.197    0.253    0.438    0.512    0.730    0.834
    1.212    1.443    3.687    3.786    4.619    4.636    8.556    8.796   10.466   10.576
   12.249   12.636   13.110   13.397   13.876   14.342   15.942   16.032
            0.468458  0.561266  0.030936
 -108.152 -108.152  -70.141  -70.141  -51.869  -51.869  -51.869  -51.869   -4.554   -4.548
   -1.403   -1.332   -1.293   -0.986    0.196    0.252    0.437    0.513    0.733    0.835
    1.209    1.440    3.683    3.779    4.631    4.648    8.528    8.759   10.439   10.540
   12.360   12.735   13.142   13.409   13.825   14.293   15.909   15.992
            0.477297  0.556847  0.026517
 -108.152 -108.152  -70.141  -70.141  -51.869  -51.869  -51.869  -51.869   -4.554   -4.547
   -1.404   -1.331   -1.292   -0.987    0.195    0.251    0.437    0.513    0.736    0.836
    1.206    1.437    3.679    3.773    4.642    4.657    8.503    8.727   10.413   10.506
   12.468   12.828   13.181   13.422   13.771   14.242   15.883   15.960
            0.486136  0.552427  0.022097
 -108.152 -108.152  -70.141  -70.141  -51.869  -51.869  -51.869  -51.869   -4.553   -4.546
   -1.405   -1.330   -1.290   -0.987    0.194    0.250    0.436    0.514    0.739    0.837
    1.204    1.433    3.677    3.768    4.651    4.664    8.480    8.697   10.388   10.472
   12.571   12.915   13.226   13.438   13.716   14.190   15.862   15.937
            0.494975  0.548008  0.017678
 -108.152 -108.152  -70.141  -70.141  -51.869  -51.869  -51.869  -51.869   -4.552   -4.545
   -1.405   -1.329   -1.289   -0.987    0.193    0.250    0.435    0.514    0.741    0.839
    1.202    1.430    3.676    3.765    4.657    4.669    8.461    8.673   10.363   10.439
   12.666   12.995   13.275   13.457   13.660   14.138   15.848   15.921
            0.503814  0.543588  0.013258
 -108.152 -108.152  -70.141  -70.141  -51.869  -51.869  -51.869  -51.869   -4.551   -4.545
   -1.406   -1.329   -1.288   -0.987    0.192    0.250    0.434    0.515    0.744    0.840
    1.200    1.427    3.677    3.764    4.661    4.671    8.445    8.652   10.340   10.408
   12.746   13.072   13.320   13.482   13.609   14.089   15.842   15.914
            0.512652  0.539169  0.008839
 -108.152 -108.152  -70.141  -70.141  -51.869  -51.869  -51.869  -51.869   -4.551   -4.544
   -1.406   -1.328   -1.286   -0.988    0.191    0.251    0.432    0.515    0.747    0.841
    1.199    1.424    3.678    3.764    4.661    4.671    8.432    8.637   10.317   10.378
   12.808   13.150   13.351   13.491   13.589   14.049   15.842   15.915
            0.521491  0.534750  0.004419
 -108.152 -108.152  -70.141  -70.141  -51.869  -51.869  -51.869  -51.869   -4.550   -4.543
   -1.406   -1.328   -1.284   -0.988    0.191    0.251    0.430    0.515    0.749    0.843
    1.199    1.420    3.682    3.765    4.658    4.667    8.425    8.627   10.295   10.349
   12.850   13.222   13.375   13.460   13.615   14.027   15.851   15.924
            0.530330  0.530330  0.000000
 -108.152 -108.152  -70.141  -70.141  -51.869  -51.869  -51.869  -51.869   -4.549   -4.543
   -1.406   -1.329   -1.283   -0.988    0.190    0.252    0.428    0.515    0.750    0.844
    1.199    1.417    3.686    3.769    4.653    4.660    8.421    8.623   10.274   10.321
   12.873   13.262   13.400   13.438   13.641   14.035   15.867   15.941
            0.528857  0.528857 -0.000000
 -108.152 -108.152  -70.141  -70.141  -51.869  -51.869  -51.869  -51.869   -4.550   -4.543
   -1.406   -1.329   -1.284   -0.988    0.190    0.251    0.430    0.515    0.749    0.843
    1.198    1.419    3.683    3.766    4.658    4.666    8.422    8.624   10.288   10.339
   12.863   13.253   13.398   13.425   13.630   14.017   15.853   15.927
            0.527384  0.527384  0.000000
 -108.152 -108.152  -70.141  -70.141  -51.869  -51.869  -51.869  -51.869   -4.550   -4.543
   -1.406   -1.328   -1.285   -0.988    0.191    0.251    0.431    0.515    0.748    0.842
    1.198    1.421    3.679    3.763    4.663    4.671    8.423    8.625   10.301   10.357
   12.853   13.243   13.397   13.411   13.620   13.999   15.840   15.914
            0.525911  0.525911  0.000000
 -108.152 -108.152  -70.141  -70.141  -51.869  -51.869  -51.869  -51.869   -4.551   -4.544
   -1.406   -1.328   -1.286   -0.988    0.191    0.250    0.433    0.515    0.747    0.841
    1.198    1.423    3.676    3.761    4.668    4.677    8.424    8.626   10.315   10.374
   12.844   13.232   13.396   13.398   13.609   13.981   15.826   15.900
            0.524438  0.524438 -0.000000
 -108.152 -108.152  -70.141  -70.141  -51.869  -51.869  -51.869  -51.869   -4.551   -4.544
   -1.406   -1.328   -1.287   -0.988    0.192    0.249    0.434    0.515    0.746    0.840
    1.198    1.426    3.673    3.758    4.673    4.682    8.424    8.627   10.328   10.392
   12.834   13.221   13.385   13.397   13.599   13.963   15.813   15.887
            0.522964  0.522964  0.000000
 -108.152 -108.152  -70.141  -70.141  -51.869  -51.869  -51.869  -51.869   -4.552   -4.545
   -1.407   -1.328   -1.288   -0.988    0.192    0.248    0.436    0.515    0.745    0.839
    1.198    1.428    3.670    3.756    4.678    4.688    8.425    8.629   10.341   10.409
   12.824   13.209   13.372   13.398   13.590   13.944   15.799   15.873
            0.521491  0.521491  0.000000
 -108.152 -108.152  -70.141  -70.141  -51.869  -51.869  -51.869  -51.869   -4.552   -4.545
   -1.407   -1.328   -1.288   -0.988    0.193    0.248    0.437    0.515    0.744    0.837
    1.198    1.430    3.667    3.754    4.683    4.694    8.426    8.630   10.354   10.426
   12.814   13.197   13.358   13.400   13.580   13.926   15.786   15.860
            0.520018  0.520018 -0.000000
 -108.152 -108.152  -70.141  -70.141  -51.869  -51.869  -51.869  -51.869   -4.553   -4.546
   -1.407   -1.328   -1.289   -0.988    0.193    0.247    0.439    0.515    0.743    0.836
    1.199    1.433    3.664    3.752    4.688    4.699    8.426    8.631   10.367   10.444
   12.805   13.185   13.345   13.403   13.572   13.908   15.772   15.846
            0.518545  0.518545  0.000000
 -108.152 -108.152  -70.141  -70.141  -51.869  -51.869  -51.869  -51.869   -4.553   -4.546
   -1.407   -1.328   -1.290   -0.988    0.194    0.246    0.440    0.515    0.741    0.835
    1.199    1.435    3.662    3.750    4.693    4.705    8.427    8.632   10.379   10.460
   12.795   13.172   13.332   13.407   13.563   13.890   15.759   15.832
            0.517072  0.517072  0.000000
 -108.152 -108.152  -70.141  -70.141  -51.869  -51.869  -51.869  -51.869   -4.554   -4.547
   -1.407   -1.328   -1.290   -0.988    0.194    0.245    0.442    0.515    0.740    0.834
    1.200    1.437    3.659    3.748    4.698    4.711    8.427    8.633   10.392   10.477
   12.785   13.160   13.318   13.410   13.555   13.872   15.745   15.819
            0.515599  0.515599 -0.000000
 -108.152 -108.152  -70.141  -70.141  -51.869  -51.869  -51.869  -51.869   -4.554   -4.548
   -1.407   -1.328   -1.291   -0.988    0.195    0.244    0.443    0.515    0.739    0.832
    1.200    1.440    3.657    3.746    4.703    4.717    8.428    8.634   10.404   10.494
   12.775   13.147   13.305   13.415   13.548   13.854   15.732   15.805
            0.514126  0.514126  0.000000
 -108.152 -108.152  -70.141  -70.141  -51.869  -51.869  -51.869  -51.869   -4.555   -4.548
   -1.407   -1.328   -1.292   -0.988    0.195    0.244    0.444    0.515    0.737    0.831
    1.201    1.443    3.654    3.744    4.708    4.723    8.428    8.635   10.416   10.510
   12.765   13.134   13.291   13.419   13.541   13.836   15.718   15.792
            0.512652  0.512652  0.000000
 -108.152 -108.152  -70.141  -70.141  -51.869  -51.869  -51.869  -51.869   -4.555   -4.549
   -1.407   -1.328   -1.292   -0.988    0.196    0.243    0.446    0.515    0.736    0.829
    1.202    1.445    3.652    3.743    4.714    4.728    8.429    8.635   10.428   10.527
   12.755   13.121   13.277   13.425   13.535   13.818   15.704   15.778
            0.511179  0.511179 -0.000000
 -108.152 -108.152  -70.141  -70.141  -51.869  -51.869  -51.869  -51.869   -4.556   -4.549
   -1.407   -1.329   -1.293   -0.988    0.196    0.242    0.447    0.515    0.734    0.828
    1.203    1.448    3.650    3.741    4.719    4.734    8.429    8.636   10.440   10.543
   12.745   13.107   13.264   13.430   13.529   13.801   15.691   15.764
            0.509706  0.509706  0.000000
 -108.152 -108.152  -70.141  -70.141  -51.869  -51.869  -51.869  -51.869   -4.557   -4.550
   -1.407   -1.329   -1.293   -0.988    0.196    0.241    0.449    0.515    0.733    0.826
    1.204    1.451    3.648    3.740    4.724    4.740    8.430    8.637   10.452   10.559
   12.735   13.094   13.250   13.436   13.523   13.783   15.677   15.751
            0.508233  0.508233  0.000000
 -108.152 -108.152  -70.141  -70.141  -51.869  -51.869  -51.869  -51.869   -4.557   -4.551
   -1.407   -1.329   -1.294   -0.988    0.197    0.240    0.450    0.515    0.731    0.824
    1.206    1.454    3.646    3.738    4.730    4.746    8.430    8.638   10.463   10.574
   12.725   13.081   13.236   13.442   13.518   13.766   15.664   15.737
            0.506760  0.506760 -0.000000
 -108.152 -108.152  -70.141  -70.141  -51.869  -51.869  -51.869  -51.869   -4.558   -4.551
   -1.407   -1.330   -1.294   -0.988    0.197    0.239    0.451    0.514    0.729    0.823
    1.207    1.457    3.644    3.737    4.735    4.752    8.430    8.638   10.475   10.590
   12.715   13.067   13.222   13.449   13.514   13.748   15.650   15.723
            0.505287  0.505287  0.000000
 -108.152 -108.152  -70.141  -70.141  -51.869  -51.869  -51.869  -51.869   -4.558   -4.552
   -1.407   -1.330   -1.294   -0.989    0.198    0.239    0.453    0.514    0.727    0.821
    1.208    1.460    3.642    3.736    4.741    4.758    8.430    8.639   10.486   10.605
   12.705   13.054   13.209   13.456   13.510   13.731   15.636   15.710
            0.503814  0.503814  0.000000
 -108.152 -108.152  -70.141  -70.141  -51.869  -51.869  -51.869  -51.869   -4.559   -4.552
   -1.407   -1.331   -1.295   -0.989    0.198    0.238    0.454    0.514    0.725    0.819
    1.210    1.463    3.640    3.735    4.746    4.764    8.430    8.640   10.497   10.620
   12.694   13.041   13.195   13.462   13.507   13.715   15.623   15.696
            0.502340  0.502340 -0.000000
 -108.152 -108.152  -70.141  -70.141  -51.869  -51.869  -51.869  -51.869   -4.560   -4.553
   -1.407   -1.331   -1.295   -0.989    0.199    0.237    0.455    0.514    0.724    0.817
    1.212    1.466    3.639    3.734    4.752    4.770    8.431    8.640   10.508   10.635
   12.684   13.027   13.181   13.469   13.504   13.699   15.609   15.683
            0.500867  0.500867  0.000000
 -108.152 -108.152  -70.141  -70.141  -51.869  -51.869  -51.869  -51.869   -4.560   -4.554
   -1.407   -1.332   -1.295   -0.989    0.199    0.236    0.456    0.514    0.722    0.815
    1.214    1.469    3.638    3.733    4.757    4.776    8.431    8.641   10.518   10.650
   12.673   13.014   13.167   13.475   13.502   13.683   15.596   15.669
            0.499394  0.499394  0.000000
 -108.152 -108.152  -70.141  -70.141  -51.869  -51.869  -51.869  -51.869   -4.561   -4.554
   -1.407   -1.332   -1.295   -0.990    0.199    0.235    0.457    0.514    0.720    0.813
    1.216    1.472    3.636    3.733    4.763    4.783    8.431    8.641   10.529   10.664
   12.663   13.000   13.153   13.481   13.500   13.669   15.582   15.656
            0.497921  0.497921 -0.000000
 -108.152 -108.152  -70.141  -70.141  -51.869  -51.869  -51.869  -51.869   -4.562   -4.555
   -1.407   -1.333   -1.295   -0.990    0.200    0.234    0.458    0.514    0.717    0.811
    1.218    1.476    3.635    3.732    4.768    4.789    8.431    8.641   10.539   10.678
   12.652   12.987   13.139   13.486   13.499   13.655   15.569   15.642
            0.496448  0.496448  0.000000
 -108.152 -108.152  -70.141  -70.141  -51.869  -51.869  -51.869  -51.869   -4.563   -4.556
   -1.407   -1.334   -1.295   -0.990    0.200    0.233    0.460    0.514    0.715    0.809
    1.220    1.479    3.634    3.732    4.774    4.795    8.430    8.642   10.549   10.692
   12.641   12.974   13.125   13.490   13.499   13.644   15.555   15.629
            0.494975  0.494975  0.000000
 -108.152 -108.152  -70.141  -70.141  -51.869  -51.869  -51.869  -51.869   -4.563   -4.557
   -1.407   -1.334   -1.296   -0.991    0.201    0.233    0.461    0.513    0.713    0.807
    1.222    1.482    3.633    3.731    4.779    4.801    8.430    8.642   10.559   10.706
   12.630   12.960   13.111   13.492   13.499   13.635   15.542   15.615
            0.493502  0.493502 -0.000000
 -108.152 -108.152  -70.141  -70.141  -51.869  -51.869  -51.869  -51.869   -4.564   -4.557
   -1.407   -1.335   -1.296   -0.991    0.201    0.232    0.462    0.513    0.711    0.805
    1.225    1.486    3.632    3.731    4.785    4.807    8.430    8.642   10.568   10.720
   12.619   12.947   13.097   13.491   13.500   13.629   15.528   15.602
            0.492028  0.492028  0.000000
 -108.152 -108.152  -70.141  -70.141  -51.869  -51.869  -51.869  -51.869   -4.565   -4.558
   -1.407   -1.336   -1.296   -0.991    0.201    0.231    0.463    0.513    0.709    0.803
    1.228    1.489    3.631    3.731    4.791    4.813    8.430    8.643   10.578   10.733
   12.608   12.933   13.083   13.487   13.501   13.626   15.515   15.588
            0.490555  0.490555  0.000000
 -108.152 -108.152  -70.141  -70.141  -51.869  -51.869  -51.869  -51.869   -4.566   -4.559
   -1.407   -1.337   -1.296   -0.992    0.202    0.230    0.464    0.513    0.706    0.801
    1.230    1.493    3.631    3.731    4.796    4.820    8.430    8.643   10.587   10.746
   12.597   12.920   13.069   13.480   13.503   13.627   15.501   15.575
            0.489082  0.489082 -0.000000
 -108.152 -108.152  -70.141  -70.141  -51.869  -51.869  -51.869  -51.869   -4.566   -4.560
   -1.407   -1.338   -1.296   -0.992    0.202    0.229    0.465    0.513    0.704    0.798
    1.233    1.497    3.630    3.731    4.802    4.826    8.429    8.643   10.596   10.759
   12.586   12.907   13.055   13.470   13.506   13.631   15.488   15.561
            0.487609  0.487609  0.000000
 -108.152 -108.152  -70.141  -70.141  -51.869  -51.869  -51.869  -51.869   -4.567   -4.560
   -1.407   -1.338   -1.296   -0.993    0.203    0.228    0.466    0.513    0.701    0.796
    1.236    1.501    3.630    3.731    4.808    4.832    8.429    8.643   10.605   10.771
   12.574   12.893   13.040   13.458   13.509   13.638   15.474   15.548
            0.486136  0.486136  0.000000
 -108.152 -108.152  -70.141  -70.141  -51.869  -51.869  -51.869  -51.869   -4.568   -4.561
   -1.407   -1.339   -1.296   -0.993    0.203    0.227    0.467    0.512    0.699    0.794
    1.240    1.505    3.630    3.731    4.814    4.839    8.429    8.643   10.614   10.784
   12.563   12.880   13.026   13.445   13.512   13.646   15.461   15.534
            0.484663  0.484663 -0.000000
 -108.152 -108.152  -70.141  -70.141  -51.869  -51.869  -51.869  -51.869   -4.569   -4.562
   -1.407   -1.340   -1.295   -0.994    0.203    0.226    0.467    0.512    0.696    0.791
    1.243    1.508    3.629    3.732    4.820    4.845    8.428    8.643   10.623   10.796
   12.551   12.867   13.012   13.430   13.517   13.657   15.447   15.521
            0.483190  0.483190  0.000000
 -108.152 -108.152  -70.141  -70.141  -51.869  -51.869  -51.869  -51.869   -4.570   -4.563
   -1.407   -1.341   -1.295   -0.994    0.204    0.226    0.468    0.512    0.693    0.789
    1.246    1.512    3.629    3.732    4.825    4.851    8.427    8.643   10.631   10.808
   12.540   12.854   12.998   13.414   13.522   13.668   15.434   15.508
            0.481716  0.481716  0.000000
 -108.152 -108.152  -70.141  -70.141  -51.869  -51.869  -51.869  -51.869   -4.570   -4.564
   -1.407   -1.342   -1.295   -0.995    0.204    0.225    0.469    0.512    0.691    0.786
    1.250    1.517    3.629    3.733    4.831    4.858    8.427    8.643   10.640   10.819
   12.528   12.840   12.984   13.398   13.527   13.680   15.421   15.494
            0.480243  0.480243 -0.000000
 -108.152 -108.152  -70.141  -70.141  -51.869  -51.869  -51.869  -51.869   -4.571   -4.565
   -1.407   -1.343   -1.295   -0.996    0.204    0.224    0.470    0.511    0.688    0.784
    1.254    1.521    3.630    3.734    4.837    4.864    8.426    8.642   10.648   10.831
   12.516   12.827   12.970   13.382   13.533   13.694   15.407   15.481
            0.478770  0.478770  0.000000
 -108.152 -108.152  -70.141  -70.141  -51.869  -51.869  -51.869  -51.869   -4.572   -4.565
   -1.408   -1.344   -1.295   -0.996    0.205    0.223    0.471    0.511    0.685    0.781
    1.258    1.525    3.630    3.734    4.843    4.871    8.426    8.642   10.656   10.842
   12.504   12.814   12.956   13.365   13.540   13.707   15.394   15.468
            0.477297  0.477297  0.000000
 -108.152 -108.152  -70.141  -70.141  -51.869  -51.869  -51.869  -51.869   -4.573   -4.566
   -1.408   -1.345   -1.295   -0.997    0.205    0.222    0.471    0.511    0.682    0.779
    1.262    1.529    3.630    3.735    4.849    4.877    8.425    8.642   10.663   10.852
   12.492   12.801   12.942   13.348   13.547   13.722   15.381   15.455
            0.475824  0.475824 -0.000000
 -108.152 -108.152  -70.141  -70.141  -51.869  -51.869  -51.869  -51.869   -4.574   -4.567
   -1.408   -1.346   -1.295   -0.998    0.205    0.221    0.472    0.511    0.679    0.776
    1.266    1.533    3.631    3.736    4.855    4.883    8.424    8.642   10.671   10.863
   12.479   12.788   12.928   13.330   13.555   13.737   15.368   15.442
            0.474351  0.474351  0.000000
 -108.152 -108.152  -70.141  -70.141  -51.869  -51.869  -51.869  -51.869   -4.575   -4.568
   -1.408   -1.347   -1.295   -0.998    0.206    0.220    0.473    0.510    0.677    0.774
    1.270    1.538    3.632    3.738    4.861    4.890    8.423    8.641   10.679   10.873
   12.467   12.775   12.914   13.313   13.563   13.753   15.355   15.428
            0.472878  0.472878  0.000000
 -108.152 -108.152  -70.141  -70.141  -51.869  -51.869  -51.869  -51.869   -4.576   -4.569
   -1.408   -1.348   -1.295   -0.999    0.206    0.219    0.473    0.510    0.674    0.771
    1.274    1.542    3.632    3.739    4.867    4.896    8.422    8.641   10.686   10.884
   12.455   12.762   12.900   13.296   13.572   13.769   15.341   15.415
            0.471405  0.471405 -0.000000
 -108.152 -108.152  -70.141  -70.141  -51.869  -51.869  -51.869  -51.869   -4.577   -4.570
   -1.408   -1.349   -1.295   -1.000    0.206    0.219    0.474    0.510    0.671    0.768
    1.279    1.547    3.633    3.740    4.873    4.903    8.421    8.640   10.693   10.893
   12.442   12.749   12.886   13.278   13.581   13.785   15.328   15.402
            0.469931  0.469931  0.000000
 -108.152 -108.152  -70.141  -70.141  -51.869  -51.869  -51.869  -51.869   -4.578   -4.571
   -1.408   -1.350   -1.294   -1.001    0.206    0.218    0.474    0.509    0.668    0.766
    1.283    1.551    3.634    3.742    4.879    4.910    8.420    8.640   10.700   10.903
   12.430   12.736   12.873   13.260   13.591   13.802   15.315   15.389
            0.468458  0.468458  0.000000
 -108.152 -108.152  -70.141  -70.141  -51.869  -51.869  -51.869  -51.869   -4.579   -4.572
   -1.408   -1.351   -1.294   -1.001    0.207    0.217    0.475    0.509    0.664    0.763
    1.288    1.556    3.635    3.743    4.885    4.916    8.419    8.639   10.707   10.912
   12.417   12.723   12.859   13.242   13.601   13.820   15.302   15.376
            0.466985  0.466985 -0.000000
 -108.152 -108.152  -70.141  -70.141  -51.869  -51.869  -51.869  -51.869   -4.580   -4.573
   -1.408   -1.352   -1.294   -1.002    0.207    0.216    0.475    0.509    0.661    0.760
    1.293    1.561    3.636    3.745    4.891    4.923    8.418    8.638   10.714   10.921
   12.404   12.710   12.845   13.225   13.612   13.838   15.289   15.363
            0.465512  0.465512  0.000000
 -108.152 -108.152  -70.141  -70.141  -51.869  -51.869  -51.869  -51.869   -4.581   -4.574
   -1.408   -1.353   -1.294   -1.003    0.207    0.215    0.476    0.508    0.658    0.758
    1.298    1.566    3.638    3.747    4.898    4.929    8.417    8.637   10.720   10.930
   12.391   12.697   12.831   13.207   13.624   13.856   15.276   15.350
            0.464039  0.464039  0.000000
 -108.152 -108.152  -70.141  -70.141  -51.869  -51.869  -51.869  -51.869   -4.582   -4.575
   -1.408   -1.354   -1.294   -1.004    0.207    0.214    0.476    0.508    0.655    0.755
    1.303    1.571    3.639    3.749    4.904    4.936    8.416    8.637   10.727   10.939
   12.378   12.684   12.818   13.189   13.636   13.874   15.263   15.338
            0.462566  0.462566 -0.000000
 -108.152 -108.152  -70.141  -70.141  -51.869  -51.869  -51.869  -51.869   -4.583   -4.576
   -1.408   -1.355   -1.294   -1.005    0.208    0.213    0.477    0.507    0.652    0.752
    1.308    1.576    3.641    3.751    4.910    4.943    8.414    8.636   10.733   10.947
   12.365   12.671   12.804   13.171   13.648   13.893   15.251   15.325
            0.461093  0.461093  0.000000
 -108.152 -108.152  -70.141  -70.141  -51.869  -51.869  -51.869  -51.869   -4.584   -4.577
   -1.408   -1.356   -1.294   -1.006    0.208    0.212    0.477    0.507    0.649    0.749
    1.314    1.581    3.643    3.753    4.916    4.949    8.413    8.635   10.739   10.956
   12.352   12.659   12.790   13.153   13.661   13.913   15.238   15.312
            0.459619  0.459619  0.000000
 -108.152 -108.152  -70.141  -70.141  -51.869  -51.869  -51.869  -51.869   -4.585   -4.578
   -1.408   -1.357   -1.294   -1.007    0.208    0.211    0.478    0.507    0.645    0.746
    1.319    1.586    3.644    3.755    4.922    4.956    8.412    8.634   10.745   10.964
   12.339   12.646   12.777   13.135   13.675   13.932   15.225   15.299
            0.458146  0.458146 -0.000000
 -108.152 -108.152  -70.141  -70.141  -51.869  -51.869  -51.869  -51.869   -4.586   -4.579
   -1.408   -1.358   -1.294   -1.008    0.208    0.211    0.478    0.506    0.642    0.744
    1.325    1.591    3.646    3.757    4.929    4.963    8.410    8.633   10.751   10.971
   12.326   12.633   12.763   13.118   13.689   13.952   15.212   15.287
            0.456673  0.456673  0.000000
 -108.152 -108.152  -70.141  -70.141  -51.869  -51.869  -51.869  -51.869   -4.587   -4.580
   -1.408   -1.359   -1.294   -1.009    0.208    0.210    0.478    0.506    0.639    0.741
    1.330    1.596    3.648    3.760    4.935    4.969    8.409    8.632   10.757   10.979
   12.313   12.621   12.750   13.100   13.703   13.972   15.200   15.274
            0.455200  0.455200  0.000000
 -108.152 -108.152  -70.141  -70.141  -51.869  -51.869  -51.869  -51.869   -4.588   -4.581
   -1.408   -1.360   -1.293   -1.010    0.209    0.209    0.478    0.505    0.635    0.738
    1.336    1.601    3.650    3.762    4.941    4.976    8.407    8.630   10.762   10.986
   12.299   12.608   12.736   13.082   13.718   13.993   15.187   15.261
            0.453727  0.453727 -0.000000
 -108.152 -108.152  -70.141  -70.141  -51.869  -51.869  -51.869  -51.869   -4.589   -4.583
   -1.408   -1.361   -1.293   -1.011    0.208    0.209    0.479    0.505    0.632    0.735
    1.342    1.607    3.653    3.765    4.947    4.983    8.406    8.629   10.768   10.993
   12.286   12.596   12.723   13.064   13.733   14.014   15.174   15.249
            0.452254  0.452254  0.000000
 -108.152 -108.152  -70.141  -70.141  -51.869  -51.869  -51.869  -51.869   -4.590   -4.584
   -1.408   -1.362   -1.293   -1.012    0.207    0.209    0.479    0.504    0.629    0.732
    1.348    1.612    3.655    3.767    4.954    4.989    8.404    8.628   10.773   11.000
   12.273   12.583   12.709   13.046   13.749   14.035   15.162   15.236
            0.450781  0.450781  0.000000
 -108.152 -108.152  -70.141  -70.141  -51.869  -51.869  -51.869  -51.869   -4.591   -4.585
   -1.408   -1.363   -1.293   -1.013    0.206    0.209    0.479    0.504    0.625    0.729
    1.354    1.618    3.657    3.770    4.960    4.996    8.402    8.627   10.779   11.007
   12.259   12.571   12.696   13.029   13.765   14.057   15.149   15.224
            0.449307  0.449307 -0.000000
 -108.152 -108.152  -70.141  -70.141  -51.869  -51.869  -51.869  -51.869   -4.592   -4.586
   -1.408   -1.364   -1.293   -1.014    0.205    0.209    0.479    0.503    0.622    0.726
    1.360    1.623    3.660    3.773    4.966    5.003    8.400    8.625   10.784   11.014
   12.246   12.558   12.683   13.011   13.782   14.078   15.137   15.212
            0.447834  0.447834  0.000000
 -108.152 -108.152  -70.141  -70.141  -51.869  -51.869  -51.869  -51.869   -4.594   -4.587
   -1.409   -1.365   -1.293   -1.015    0.204    0.209    0.479    0.503    0.618    0.723
    1.367    1.629    3.663    3.776    4.973    5.010    8.398    8.624   10.789   11.020
   12.232   12.546   12.669   12.993   13.799   14.100   15.124   15.199
            0.446361  0.446361  0.000000
 -108.152 -108.152  -70.141  -70.141  -51.869  -51.869  -51.869  -51.869   -4.595   -4.588
   -1.409   -1.366   -1.293   -1.016    0.203    0.209    0.480    0.502    0.615    0.720
    1.373    1.634    3.666    3.779    4.979    5.017    8.397    8.622   10.794   11.026
   12.219   12.533   12.656   12.975   13.816   14.123   15.112   15.187
            0.444888  0.444888 -0.000000
 -108.152 -108.152  -70.141  -70.141  -51.869  -51.869  -51.869  -51.869   -4.596   -4.590
   -1.409   -1.367   -1.293   -1.017    0.203    0.210    0.480    0.501    0.612    0.717
    1.380    1.640    3.668    3.783    4.985    5.023    8.395    8.621   10.799   11.032
   12.205   12.521   12.643   12.958   13.834   14.145   15.100   15.175
            0.443415  0.443415  0.000000
 -108.152 -108.152  -70.141  -70.141  -51.869  -51.869  -51.869  -51.869   -4.597   -4.591
   -1.409   -1.368   -1.293   -1.019    0.202    0.210    0.480    0.501    0.608    0.715
    1.387    1.646    3.672    3.786    4.992    5.030    8.393    8.619   10.804   11.038
   12.191   12.509   12.630   12.940   13.852   14.168   15.088   15.163
            0.441942  0.441942  0.000000
 -108.152 -108.152  -70.141  -70.141  -51.869  -51.869  -51.869  -51.869   -4.598   -4.592
   -1.409   -1.369   -1.293   -1.020    0.201    0.210    0.480    0.500    0.605    0.712
    1.393    1.652    3.675    3.789    4.998    5.037    8.390    8.617   10.809   11.044
   12.178   12.497   12.617   12.922   13.871   14.191   15.075   15.151
            0.440469  0.440469 -0.000000
 -108.152 -108.152  -70.141  -70.141  -51.869  -51.869  -51.869  -51.869   -4.600   -4.593
   -1.409   -1.370   -1.293   -1.021    0.200    0.210    0.480    0.500    0.601    0.709
    1.400    1.658    3.678    3.793    5.005    5.044    8.388    8.615   10.813   11.049
   12.164   12.485   12.604   12.905   13.889   14.215   15.063   15.139
            0.438995  0.438995  0.000000
 -108.152 -108.152  -70.141  -70.141  -51.869  -51.869  -51.869  -51.869   -4.601   -4.595
   -1.409   -1.371   -1.293   -1.022    0.199    0.210    0.480    0.499    0.598    0.706
    1.407    1.664    3.681    3.796    5.011    5.051    8.386    8.613   10.818   11.055
   12.150   12.472   12.591   12.887   13.909   14.238   15.051   15.127
            0.437522  0.437522  0.000000
 -108.152 -108.152  -70.141  -70.141  -51.869  -51.869  -51.869  -51.869   -4.602   -4.596
   -1.409   -1.372   -1.293   -1.024    0.198    0.210    0.480    0.498    0.594    0.703
    1.414    1.670    3.685    3.800    5.018    5.058    8.384    8.612   10.822   11.060
   12.137   12.460   12.578   12.869   13.928   14.262   15.039   15.115
            0.436049  0.436049 -0.000000
 -108.152 -108.152  -70.141  -70.141  -51.869  -51.869  -51.869  -51.869   -4.603   -4.597
   -1.409   -1.373   -1.293   -1.025    0.197    0.210    0.480    0.498    0.591    0.700
    1.421    1.676    3.688    3.804    5.024    5.065    8.381    8.610   10.827   11.065
   12.123   12.448   12.565   12.852   13.948   14.286   15.027   15.103
            0.434576  0.434576  0.000000
 -108.152 -108.152  -70.141  -70.141  -51.869  -51.869  -51.869  -51.869   -4.605   -4.599
   -1.409   -1.374   -1.293   -1.026    0.196    0.210    0.480    0.497    0.587    0.697
    1.429    1.682    3.692    3.808    5.031    5.071    8.379    8.607   10.831   11.070
   12.109   12.436   12.553   12.834   13.968   14.310   15.015   15.092
            0.433103  0.433103  0.000000
 -108.152 -108.152  -70.141  -70.141  -51.869  -51.869  -51.869  -51.869   -4.606   -4.600
   -1.409   -1.375   -1.293   -1.028    0.195    0.210    0.479    0.496    0.584    0.694
    1.436    1.689    3.696    3.812    5.037    5.078    8.377    8.605   10.836   11.074
   12.096   12.424   12.540   12.817   13.988   14.335   15.004   15.080
            0.431630  0.431630 -0.000000
 -108.152 -108.152  -70.141  -70.141  -51.869  -51.869  -51.869  -51.869   -4.607   -4.601
   -1.409   -1.376   -1.293   -1.029    0.194    0.210    0.479    0.495    0.580    0.691
    1.444    1.695    3.700    3.816    5.044    5.085    8.374    8.603   10.840   11.079
   12.082   12.413   12.527   12.800   14.009   14.360   14.992   15.069
            0.430157  0.430157  0.000000
 -108.152 -108.152  -70.141  -70.141  -51.869  -51.869  -51.869  -51.869   -4.609   -4.603
   -1.409   -1.377   -1.293   -1.031    0.194    0.210    0.479    0.495    0.577    0.688
    1.451    1.701    3.704    3.820    5.050    5.092    8.372    8.601   10.844   11.083
   12.068   12.401   12.514   12.782   14.030   14.384   14.980   15.057
            0.428683  0.428683  0.000000
 -108.152 -108.152  -70.141  -70.141  -51.869  -51.869  -51.869  -51.869   -4.610   -4.604
   -1.409   -1.378   -1.294   -1.032    0.193    0.210    0.479    0.494    0.573    0.685
    1.459    1.708    3.708    3.825    5.057    5.099    8.369    8.599   10.848   11.088
   12.055   12.389   12.502   12.765   14.051   14.409   14.969   15.046
            0.427210  0.427210 -0.000000
 -108.152 -108.152  -70.141  -70.141  -51.869  -51.869  -51.869  -51.869   -4.611   -4.606
   -1.409   -1.379   -1.294   -1.034    0.192    0.210    0.479    0.493    0.570    0.683
    1.467    1.714    3.712    3.829    5.063    5.106    8.366    8.596   10.852   11.092
   12.041   12.377   12.489   12.748   14.073   14.435   14.957   15.035
            0.425737  0.425737  0.000000
 -108.152 -108.152  -70.141  -70.141  -51.869  -51.869  -51.869  -51.869   -4.613   -4.607
   -1.410   -1.380   -1.294   -1.035    0.191    0.210    0.479    0.492    0.567    0.680
    1.474    1.721    3.716    3.833    5.070    5.113    8.364    8.594   10.856   11.096
   12.027   12.365   12.477   12.730   14.095   14.460   14.946   15.023
            0.424264  0.424264  0.000000
 -108.152 -108.152  -70.141  -70.141  -51.869  -51.869  -51.869  -51.869   -4.614   -4.608
   -1.410   -1.381   -1.294   -1.037    0.190    0.210    0.478    0.491    0.563    0.677
    1.482    1.728    3.721    3.838    5.076    5.120    8.361    8.591   10.860   11.100
   12.014   12.354   12.464   12.713   14.116   14.486   14.934   15.012
            0.422791  0.422791 -0.000000
 -108.152 -108.152  -70.141  -70.141  -51.869  -51.869  -51.869  -51.869   -4.616   -4.610
   -1.410   -1.382   -1.294   -1.038    0.189    0.210    0.478    0.490    0.560    0.674
    1.490    1.734    3.725    3.843    5.083    5.127    8.358    8.589   10.864   11.104
   12.000   12.342   12.452   12.696   14.139   14.511   14.923   15.001
            0.421318  0.421318  0.000000
 -108.152 -108.152  -70.141  -70.141  -51.869  -51.869  -51.869  -51.869   -4.617   -4.611
   -1.410   -1.383   -1.294   -1.040    0.188    0.210    0.478    0.490    0.556    0.671
    1.498    1.741    3.730    3.847    5.090    5.134    8.355    8.586   10.868   11.107
   11.987   12.331   12.440   12.679   14.161   14.537   14.912   14.990
            0.419845  0.419845  0.000000
 -108.152 -108.152  -70.141  -70.141  -51.869  -51.869  -51.869  -51.869   -4.619   -4.613
   -1.410   -1.384   -1.294   -1.041    0.187    0.210    0.477    0.489    0.553    0.668
    1.507    1.748    3.735    3.852    5.096    5.141    8.352    8.583   10.872   11.111
   11.973   12.319   12.427   12.662   14.183   14.563   14.901   14.980
            0.418372  0.418372 -0.000000
 -108.152 -108.152  -70.141  -70.141  -51.869  -51.869  -51.869  -51.869   -4.620   -4.614
   -1.410   -1.385   -1.295   -1.043    0.186    0.209    0.477    0.488    0.550    0.666
    1.515    1.755    3.740    3.857    5.103    5.148    8.349    8.580   10.875   11.114
   11.960   12.308   12.415   12.645   14.206   14.589   14.890   14.969
            0.416898  0.416898  0.000000
 -108.152 -108.152  -70.141  -70.141  -51.869  -51.869  -51.869  -51.869   -4.622   -4.616
   -1.410   -1.386   -1.295   -1.045    0.185    0.209    0.477    0.487    0.546    0.663
    1.523    1.762    3.745    3.862    5.109    5.155    8.346    8.578   10.879   11.118
   11.946   12.296   12.403   12.628   14.229   14.615   14.880   14.958
            0.415425  0.415425  0.000000
 -108.152 -108.152  -70.141  -70.141  -51.869  -51.869  -51.869  -51.869   -4.623   -4.617
   -1.410   -1.387   -1.295   -1.046    0.184    0.209    0.476    0.486    0.543    0.660
    1.532    1.769    3.750    3.867    5.116    5.162    8.343    8.575   10.883   11.121
   11.933   12.285   12.391   12.611   14.252   14.641   14.869   14.948
            0.413952  0.413952 -0.000000
 -108.152 -108.152  -70.141  -70.141  -51.869  -51.869  -51.869  -51.869   -4.625   -4.619
   -1.410   -1.388   -1.295   -1.048    0.184    0.209    0.476    0.485    0.539    0.658
    1.540    1.776    3.755    3.873    5.123    5.169    8.340    8.572   10.886   11.124
   11.920   12.273   12.379   12.594   14.275   14.667   14.859   14.938
            0.412479  0.412479  0.000000
 -108.152 -108.152  -70.141  -70.141  -51.869  -51.869  -51.869  -51.869   -4.626   -4.621
   -1.410   -1.388   -1.295   -1.050    0.183    0.209    0.476    0.484    0.536    0.655
    1.549    1.784    3.760    3.878    5.129    5.176    8.336    8.569   10.890   11.127
   11.907   12.262   12.367   12.577   14.298   14.693   14.850   14.928
            0.411006  0.411006  0.000000
 -108.152 -108.152  -70.141  -70.141  -51.869  -51.869  -51.869  -51.869   -4.628   -4.622
   -1.410   -1.389   -1.296   -1.051    0.182    0.209    0.475    0.483    0.533    0.652
    1.558    1.791    3.765    3.883    5.136    5.183    8.333    8.566   10.894   11.130
   11.893   12.251   12.355   12.560   14.321   14.718   14.841   14.918
            0.409533  0.409533 -0.000000
 -108.152 -108.152  -70.141  -70.141  -51.869  -51.869  -51.869  -51.869   -4.629   -4.624
   -1.410   -1.390   -1.296   -1.053    0.181    0.208    0.475    0.482    0.530    0.650
    1.567    1.798    3.771    3.889    5.143    5.190    8.330    8.562   10.897   11.132
   11.880   12.240   12.343   12.543   14.344   14.741   14.834   14.908
            0.408060  0.408060  0.000000
 -108.152 -108.152  -70.141  -70.141  -51.869  -51.869  -51.869  -51.869   -4.631   -4.625
   -1.410   -1.391   -1.296   -1.055    0.180    0.208    0.474    0.480    0.526    0.647
    1.575    1.806    3.776    3.895    5.149    5.197    8.326    8.559   10.901   11.135
   11.867   12.229   12.331   12.527   14.367   14.760   14.832   14.899
            0.406586  0.406586  0.000000
 -108.152 -108.152  -70.141  -70.141  -51.869  -51.869  -51.869  -51.869   -4.632   -4.627
   -1.411   -1.392   -1.296   -1.057    0.179    0.208    0.474    0.479    0.523    0.645
    1.584    1.813    3.782    3.900    5.156    5.204    8.323    8.556   10.904   11.138
   11.854   12.218   12.319   12.510   14.390   14.771   14.838   14.889
            0.405113  0.405113 -0.000000
 -108.152 -108.152  -70.141  -70.141  -51.869  -51.869  -51.869  -51.869   -4.634   -4.629
   -1.411   -1.393   -1.297   -1.058    0.178    0.208    0.473    0.478    0.520    0.642
    1.593    1.821    3.788    3.906    5.163    5.211    8.319    8.552   10.908   11.140
   11.842   12.206   12.308   12.493   14.413   14.772   14.854   14.880
            0.403640  0.403640  0.000000
 -108.152 -108.152  -70.141  -70.141  -51.869  -51.869  -51.869  -51.869   -4.636   -4.630
   -1.411   -1.394   -1.297   -1.060    0.177    0.207    0.473    0.477    0.517    0.639
    1.603    1.828    3.794    3.912    5.169    5.218    8.316    8.549   10.911   11.142
   11.829   12.195   12.296   12.477   14.436   14.767   14.872   14.876
            0.402167  0.402167  0.000000
 -108.152 -108.152  -70.141  -70.141  -51.869  -51.869  -51.869  -51.869   -4.637   -4.632
   -1.411   -1.395   -1.297   -1.062    0.176    0.207    0.472    0.476    0.514    0.637
    1.612    1.836    3.800    3.918    5.176    5.225    8.312    8.545   10.915   11.144
   11.816   12.184   12.284   12.460   14.459   14.759   14.863   14.900
            0.400694  0.400694 -0.000000
 -108.152 -108.152  -70.141  -70.141  -51.869  -51.869  -51.869  -51.869   -4.639   -4.634
   -1.411   -1.396   -1.298   -1.064    0.175    0.207    0.472    0.475    0.510    0.635
    1.621    1.844    3.806    3.924    5.183    5.232    8.308    8.542   10.918   11.146
   11.804   12.174   12.273   12.444   14.481   14.751   14.856   14.926
            0.399221  0.399221  0.000000
 -108.152 -108.152  -70.141  -70.141  -51.869  -51.869  -51.869  -51.869   -4.641   -4.635
   -1.411   -1.397   -1.298   -1.066    0.174    0.206    0.471    0.473    0.507    0.632
    1.630    1.852    3.812    3.930    5.190    5.239    8.305    8.538   10.921   11.148
   11.792   12.163   12.261   12.428   14.503   14.741   14.848   14.953
            0.397748  0.397748  0.000000
 -108.152 -108.152  -70.141  -70.141  -51.869  -51.869  -51.869  -51.869   -4.642   -4.637
   -1.411   -1.398   -1.298   -1.068    0.173    0.206    0.470    0.472    0.504    0.630
    1.640    1.859    3.818    3.936    5.196    5.246    8.301    8.535   10.925   11.150
   11.779   12.152   12.250   12.411   14.524   14.732   14.842   14.980
            0.396274  0.396274 -0.000000
 -108.152 -108.152  -70.141  -70.141  -51.869  -51.869  -51.869  -51.869   -4.644   -4.639
   -1.411   -1.399   -1.299   -1.070    0.172    0.206    0.470    0.471    0.501    0.627
    1.649    1.867    3.824    3.942    5.203    5.253    8.297    8.531   10.928   11.151
   11.767   12.141   12.238   12.395   14.545   14.722   14.836   15.008
            0.394801  0.394801  0.000000
 -108.152 -108.152  -70.141  -70.141  -51.869  -51.869  -51.869  -51.869   -4.646   -4.641
   -1.411   -1.400   -1.299   -1.072    0.171    0.205    0.469    0.469    0.498    0.625
    1.659    1.875    3.831    3.949    5.210    5.260    8.293    8.527   10.931   11.153
   11.756   12.130   12.227   12.379   14.564   14.713   14.832   15.035
            0.393328  0.393328  0.000000
 -108.152 -108.152  -70.141  -70.141  -51.869  -51.869  -51.869  -51.869   -4.648   -4.642
   -1.411   -1.400   -1.299   -1.073    0.170    0.205    0.468    0.468    0.496    0.623
    1.669    1.883    3.837    3.955    5.216    5.267    8.289    8.523   10.935   11.154
   11.744   12.119   12.215   12.363   14.583   14.703   14.829   15.063
            0.391855  0.391855 -0.000000
 -108.152 -108.152  -70.141  -70.141  -51.869  -51.869  -51.869  -51.869   -4.649   -4.644
   -1.412   -1.401   -1.300   -1.075    0.169    0.205    0.467    0.468    0.493    0.621
    1.679    1.892    3.844    3.962    5.223    5.275    8.285    8.519   10.938   11.155
   11.732   12.109   12.204   12.347   14.599   14.694   14.828   15.090
            0.390382  0.390382  0.000000
 -108.152 -108.152  -70.141  -70.141  -51.869  -51.869  -51.869  -51.869   -4.651   -4.646
   -1.412   -1.402   -1.300   -1.077    0.168    0.204    0.465    0.467    0.490    0.618
    1.688    1.900    3.851    3.968    5.230    5.282    8.281    8.515   10.941   11.156
   11.721   12.098   12.193   12.331   14.613   14.684   14.829   15.118
            0.388909  0.388909  0.000000
 -108.152 -108.152  -70.141  -70.141  -51.869  -51.869  -51.869  -51.869   -4.653   -4.648
   -1.412   -1.403   -1.301   -1.079    0.167    0.204    0.464    0.466    0.487    0.616
    1.698    1.908    3.857    3.975    5.237    5.289    8.277    8.511   10.945   11.157
   11.710   12.088   12.182   12.315   14.625   14.674   14.832   15.146
            0.387436  0.387436 -0.000000
 -108.152 -108.152  -70.141  -70.141  -51.869  -51.869  -51.869  -51.869   -4.655   -4.650
   -1.412   -1.404   -1.301   -1.081    0.166    0.203    0.463    0.465    0.485    0.614
    1.708    1.916    3.864    3.982    5.243    5.296    8.273    8.507   10.948   11.157
   11.699   12.077   12.170   12.299   14.634   14.665   14.838   15.174
            0.385962  0.385962  0.000000
 -108.152 -108.152  -70.141  -70.141  -51.869  -51.869  -51.869  -51.869   -4.657   -4.652
   -1.412   -1.405   -1.302   -1.083    0.165    0.203    0.461    0.464    0.482    0.612
    1.718    1.925    3.871    3.989    5.250    5.303    8.269    8.503   10.951   11.158
   11.688   12.066   12.159   12.284   14.641   14.655   14.848   15.202
            0.384489  0.384489  0.000000
 -108.152 -108.152  -70.141  -70.141  -51.869  -51.869  -51.869  -51.869   -4.658   -4.654
   -1.412   -1.406   -1.302   -1.086    0.164    0.202    0.460    0.463    0.480    0.610
    1.728    1.933    3.878    3.996    5.257    5.310    8.264    8.498   10.954   11.158
   11.678   12.056   12.148   12.268   14.644   14.646   14.860   15.230
            0.383016  0.383016 -0.000000
 -108.152 -108.152  -70.141  -70.141  -51.869  -51.869  -51.869  -51.869   -4.660   -4.655
   -1.412   -1.407   -1.302   -1.088    0.163    0.202    0.458    0.462    0.477    0.608
    1.739    1.942    3.885    4.003    5.264    5.317    8.260    8.494   10.957   11.158
   11.668   12.045   12.137   12.253   14.637   14.645   14.875   15.258
            0.381543  0.381543  0.000000
 -108.152 -108.152  -70.141  -70.141  -51.869  -51.869  -51.869  -51.869   -4.662   -4.657
   -1.412   -1.407   -1.303   -1.090    0.162    0.201    0.457    0.460    0.475    0.606
    1.749    1.950    3.893    4.010    5.270    5.324    8.256    8.490   10.960   11.157
   11.658   12.035   12.126   12.237   14.628   14.644   14.891   15.286
            0.380070  0.380070  0.000000
 -108.152 -108.152  -70.141  -70.141  -51.869  -51.869  -51.869  -51.869   -4.664   -4.659
   -1.412   -1.408   -1.303   -1.092    0.161    0.201    0.456    0.459    0.473    0.604
    1.759    1.959    3.900    4.017    5.277    5.331    8.251    8.485   10.964   11.157
   11.648   12.024   12.115   12.222   14.618   14.641   14.909   15.313
            0.378597  0.378597 -0.000000
 -108.152 -108.152  -70.141  -70.141  -51.869  -51.869  -51.869  -51.869   -4.666   -4.661
   -1.413   -1.409   -1.304   -1.094    0.160    0.200    0.454    0.457    0.472    0.602
    1.770    1.968    3.907    4.024    5.284    5.338    8.247    8.481   10.967   11.156
   11.639   12.014   12.105   12.207   14.609   14.637   14.929   15.341
            0.377124  0.377124  0.000000
 -108.152 -108.152  -70.141  -70.141  -51.869  -51.869  -51.869  -51.869   -4.668   -4.663
   -1.413   -1.410   -1.304   -1.096    0.159    0.200    0.453    0.455    0.470    0.600
    1.780    1.977    3.915    4.032    5.291    5.345    8.242    8.476   10.970   11.154
   11.630   12.004   12.094   12.192   14.600   14.633   14.949   15.369
            0.375650  0.375650  0.000000
 -108.152 -108.152  -70.141  -70.141  -51.869  -51.869  -51.869  -51.869   -4.670   -4.665
   -1.413   -1.411   -1.305   -1.098    0.158    0.199    0.451    0.453    0.468    0.598
    1.791    1.986    3.922    4.039    5.297    5.352    8.238    8.472   10.973   11.153
   11.621   11.993   12.083   12.177   14.591   14.627   14.970   15.396
            0.374177  0.374177 -0.000000
 -108.152 -108.152  -70.141  -70.141  -51.869  -51.869  -51.869  -51.869   -4.672   -4.667
   -1.413   -1.412   -1.305   -1.100    0.157    0.198    0.450    0.451    0.467    0.596
    1.801    1.995    3.930    4.046    5.304    5.359    8.233    8.467   10.976   11.151
   11.613   11.983   12.072   12.162   14.582   14.622   14.991   15.423
            0.372704  0.372704  0.000000
 -108.152 -108.152  -70.141  -70.141  -51.869  -51.869  -51.869  -51.869   -4.674   -4.669
   -1.413   -1.412   -1.306   -1.102    0.156    0.198    0.448    0.449    0.466    0.594
    1.812    2.004    3.938    4.054    5.311    5.366    8.229    8.462   10.979   11.149
   11.605   11.972   12.062   12.147   14.574   14.615   15.012   15.451
            0.371231  0.371231  0.000000
 -108.152 -108.152  -70.141  -70.141  -51.869  -51.869  -51.869  -51.869   -4.676   -4.671
   -1.413   -1.413   -1.307   -1.105    0.155    0.197    0.447    0.447    0.465    0.593
    1.823    2.013    3.945    4.062    5.318    5.373    8.224    8.457   10.982   11.147
   11.598   11.962   12.051   12.133   14.565   14.609   15.034   15.478
            0.369758  0.369758 -0.000000
 -108.152 -108.152  -70.141  -70.141  -51.869  -51.869  -51.869  -51.869   -4.677   -4.673
   -1.414   -1.413   -1.307   -1.107    0.154    0.196    0.445    0.445    0.464    0.591
    1.833    2.022    3.953    4.069    5.324    5.380    8.219    8.452   10.985   11.144
   11.591   11.951   12.040   12.118   14.556   14.602   15.056   15.504
            0.368285  0.368285  0.000000
 -108.152 -108.152  -70.141  -70.141  -51.869  -51.869  -51.869  -51.869   -4.679   -4.675
   -1.415   -1.413   -1.308   -1.109    0.153    0.196    0.443    0.444    0.463    0.589
    1.844    2.031    3.961    4.077    5.331    5.387    8.214    8.448   10.988   11.141
   11.584   11.941   12.030   12.104   14.548   14.595   15.078   15.531
            0.366812  0.366812  0.000000
 -108.152 -108.152  -70.141  -70.141  -51.869  -51.869  -51.869  -51.869   -4.682   -4.677
   -1.416   -1.414   -1.308   -1.111    0.152    0.195    0.441    0.442    0.462    0.587
    1.855    2.040    3.969    4.085    5.338    5.394    8.210    8.443   10.991   11.137
   11.578   11.930   12.020   12.090   14.539   14.588   15.100   15.558
            0.365339  0.365339 -0.000000
 -108.152 -108.152  -70.141  -70.141  -51.869  -51.869  -51.869  -51.869   -4.684   -4.679
   -1.417   -1.414   -1.309   -1.114    0.151    0.194    0.438    0.441    0.461    0.586
    1.866    2.050    3.977    4.093    5.345    5.401    8.205    8.438   10.994   11.134
   11.572   11.920   12.009   12.076   14.531   14.581   15.121   15.584
            0.363865  0.363865  0.000000
 -108.152 -108.152  -70.141  -70.141  -51.869  -51.869  -51.869  -51.869   -4.686   -4.681
   -1.417   -1.414   -1.310   -1.116    0.150    0.193    0.436    0.439    0.460    0.584
    1.877    2.059    3.986    4.101    5.351    5.408    8.200    8.432   10.997   11.129
   11.566   11.909   11.999   12.062   14.523   14.574   15.143   15.610
            0.362392  0.362392  0.000000
 -108.152 -108.152  -70.141  -70.141  -51.869  -51.869  -51.869  -51.869   -4.688   -4.683
   -1.418   -1.414   -1.310   -1.118    0.149    0.192    0.434    0.438    0.459    0.582
    1.889    2.068    3.994    4.109    5.358    5.415    8.195    8.427   11.000   11.125
   11.561   11.898   11.988   12.049   14.515   14.566   15.164   15.635
            0.360919  0.360919 -0.000000
 -108.152 -108.152  -70.141  -70.141  -51.869  -51.869  -51.869  -51.869   -4.690   -4.686
   -1.419   -1.414   -1.311   -1.120    0.148    0.192    0.432    0.436    0.458    0.581
    1.900    2.078    4.002    4.117    5.365    5.422    8.190    8.422   11.002   11.120
   11.557   11.888   11.978   12.035   14.507   14.559   15.185   15.660
            0.359446  0.359446  0.000000
 -108.152 -108.152  -70.141  -70.141  -51.869  -51.869  -51.869  -51.869   -4.692   -4.688
   -1.420   -1.414   -1.311   -1.123    0.147    0.191    0.429    0.435    0.457    0.579
    1.911    2.088    4.011    4.125    5.372    5.429    8.185    8.417   11.005   11.115
   11.552   11.877   11.968   12.022   14.499   14.552   15.206   15.685
            0.357973  0.357973  0.000000
 -108.152 -108.152  -70.141  -70.141  -51.869  -51.869  -51.869  -51.869   -4.694   -4.690
   -1.421   -1.414   -1.312   -1.125    0.145    0.190    0.427    0.433    0.456    0.578
    1.922    2.097    4.019    4.134    5.378    5.436    8.180    8.412   11.008   11.109
   11.549   11.866   11.958   12.009   14.491   14.545   15.227   15.710
            0.356500  0.356500 -0.000000
 -108.152 -108.152  -70.141  -70.141  -51.869  -51.869  -51.869  -51.869   -4.696   -4.692
   -1.421   -1.414   -1.313   -1.127    0.144    0.189    0.425    0.431    0.455    0.576
    1.934    2.107    4.028    4.142    5.385    5.443    8.175    8.406   11.011   11.103
   11.545   11.855   11.948   11.997   14.483   14.538   15.247   15.734
            0.355027  0.355027  0.000000
 -108.152 -108.152  -70.141  -70.141  -51.869  -51.869  -51.869  -51.869   -4.698   -4.694
   -1.422   -1.415   -1.313   -1.129    0.143    0.188    0.423    0.430    0.454    0.575
    1.945    2.117    4.037    4.150    5.392    5.450    8.170    8.401   11.013   11.097
   11.542   11.844   11.938   11.984   14.475   14.531   15.267   15.757
            0.353553  0.353553  0.000000
 -108.152 -108.152  -70.141  -70.141  -51.869  -51.869  -51.869  -51.869   -4.700   -4.696
   -1.423   -1.415   -1.314   -1.132    0.142    0.187    0.421    0.429    0.453    0.573
    1.957    2.127    4.045    4.159    5.398    5.457    8.164    8.395   11.016   11.090
   11.540   11.833   11.927   11.972   14.468   14.524   15.286   15.781
            0.352080  0.352080 -0.000000
 -108.152 -108.152  -70.141  -70.141  -51.869  -51.869  -51.869  -51.869   -4.702   -4.699
   -1.424   -1.415   -1.315   -1.134    0.141    0.186    0.419    0.427    0.453    0.572
    1.968    2.137    4.054    4.167    5.405    5.464    8.159    8.390   11.019   11.083
   11.538   11.821   11.917   11.960   14.460   14.517   15.305   15.803
            0.350607  0.350607  0.000000
 -108.152 -108.152  -70.141  -70.141  -51.869  -51.869  -51.869  -51.869   -4.705   -4.701
   -1.424   -1.415   -1.316   -1.136    0.140    0.185    0.417    0.426    0.452    0.570
    1.980    2.147    4.063    4.176    5.412    5.471    8.154    8.384   11.021   11.076
   11.536   11.810   11.908   11.949   14.453   14.510   15.324   15.825
            0.349134  0.349134  0.000000
 -108.152 -108.152  -70.141  -70.141  -51.869  -51.869  -51.869  -51.869   -4.707   -4.703
   -1.425   -1.415   -1.316   -1.139    0.139    0.184    0.415    0.424    0.451    0.569
    1.992    2.157    4.072    4.185    5.419    5.478    8.149    8.379   11.024   11.068
   11.535   11.798   11.898   11.938   14.446   14.503   15.342   15.846
            0.347661  0.347661 -0.000000
 -108.152 -108.152  -70.141  -70.141  -51.869  -51.869  -51.869  -51.869   -4.709   -4.705
   -1.426   -1.415   -1.317   -1.141    0.138    0.183    0.413    0.423    0.450    0.567
    2.004    2.167    4.081    4.193    5.425    5.485    8.143    8.373   11.026   11.060
   11.533   11.787   11.888   11.927   14.438   14.496   15.359   15.867
            0.346188  0.346188  0.000000
 -108.152 -108.152  -70.141  -70.141  -51.869  -51.869  -51.869  -51.869   -4.711   -4.707
   -1.427   -1.415   -1.318   -1.143    0.137    0.182    0.411    0.421    0.449    0.566
    2.015    2.177    4.090    4.202    5.432    5.491    8.138    8.367   11.028   11.052
   11.533   11.775   11.878   11.916   14.431   14.489   15.376   15.887
            0.344715  0.344715  0.000000
 -108.152 -108.152  -70.141  -70.141  -51.869  -51.869  -51.869  -51.869   -4.713   -4.710
   -1.427   -1.416   -1.318   -1.146    0.135    0.181    0.409    0.420    0.448    0.565
    2.027    2.187    4.099    4.211    5.439    5.498    8.133    8.362   11.031   11.043
   11.532   11.763   11.868   11.905   14.424   14.482   15.393   15.906
            0.343241  0.343241 -0.000000
 -108.152 -108.152  -70.141  -70.141  -51.869  -51.869  -51.869  -51.869   -4.716   -4.712
   -1.428   -1.416   -1.319   -1.148    0.134    0.180    0.407    0.418    0.447    0.563
    2.039    2.197    4.108    4.220    5.445    5.505    8.127    8.356   11.033   11.035
   11.532   11.751   11.859   11.895   14.417   14.476   15.409   15.925
            0.341768  0.341768  0.000000
 -108.152 -108.152  -70.141  -70.141  -51.869  -51.869  -51.869  -51.869   -4.718   -4.714
   -1.429   -1.416   -1.320   -1.151    0.133    0.179    0.405    0.417    0.447    0.562
    2.051    2.208    4.118    4.229    5.452    5.512    8.122    8.350   11.026   11.035
   11.532   11.739   11.849   11.885   14.411   14.469   15.424   15.942
            0.340295  0.340295  0.000000
 -108.152 -108.152  -70.141  -70.141  -51.869  -51.869  -51.869  -51.869   -4.720   -4.717
   -1.430   -1.416   -1.321   -1.153    0.132    0.178    0.403    0.416    0.446    0.561
    2.063    2.218    4.127    4.238    5.459    5.519    8.116    8.344   11.017   11.038
   11.533   11.726   11.839   11.876   14.404   14.463   15.439   15.959
            0.338822  0.338822 -0.000000
 -108.152 -108.152  -70.141  -70.141  -51.869  -51.869  -51.869  -51.869   -4.722   -4.719
   -1.430   -1.416   -1.322   -1.155    0.131    0.177    0.401    0.414    0.445    0.559
    2.076    2.229    4.136    4.247    5.465    5.526    8.111    8.338   11.008   11.040
   11.533   11.714   11.830   11.867   14.397   14.457   15.453   15.974
            0.337349  0.337349  0.000000
 -108.152 -108.152  -70.141  -70.141  -51.869  -51.869  -51.869  -51.869   -4.725   -4.721
   -1.431   -1.416   -1.322   -1.158    0.130    0.176    0.399    0.413    0.444    0.558
    2.088    2.239    4.146    4.256    5.472    5.533    8.105    8.332   10.998   11.042
   11.534   11.701   11.820   11.858   14.391   14.450   15.466   15.989
            0.335876  0.335876  0.000000
 -108.152 -108.152  -70.141  -70.141  -51.869  -51.869  -51.869  -51.869   -4.727   -4.723
   -1.432   -1.417   -1.323   -1.160    0.128    0.174    0.398    0.412    0.443    0.557
    2.100    2.250    4.155    4.266    5.478    5.539    8.099    8.326   10.989   11.044
   11.535   11.689   11.811   11.849   14.384   14.444   15.479   16.002
            0.334403  0.334403 -0.000000
 -108.152 -108.152  -70.141  -70.141  -51.869  -51.869  -51.869  -51.869   -4.729   -4.726
   -1.432   -1.417   -1.324   -1.163    0.127    0.173    0.396    0.410    0.442    0.556
    2.112    2.261    4.165    4.275    5.485    5.546    8.094    8.320   10.979   11.045
   11.537   11.676   11.801   11.841   14.378   14.438   15.491   16.014
            0.332929  0.332929  0.000000
 -108.152 -108.152  -70.141  -70.141  -51.869  -51.869  -51.869  -51.869   -4.732   -4.728
   -1.433   -1.417   -1.325   -1.165    0.126    0.172    0.394    0.409    0.441    0.554
    2.125    2.271    4.175    4.284    5.492    5.553    8.088    8.314   10.969   11.047
   11.538   11.663   11.792   11.832   14.372   14.432   15.502   16.025
            0.331456  0.331456  0.000000
 -108.152 -108.152  -70.141  -70.141  -51.869  -51.869  -51.869  -51.869   -4.734   -4.731
   -1.434   -1.417   -1.326   -1.167    0.125    0.171    0.393    0.408    0.441    0.553
    2.137    2.282    4.184    4.294    5.498    5.560    8.082    8.308   10.959   11.049
   11.540   11.650   11.783   11.824   14.366   14.426   15.512   16.035
            0.329983  0.329983 -0.000000
 -108.152 -108.152  -70.141  -70.141  -51.869  -51.869  -51.869  -51.869   -4.736   -4.733
   -1.435   -1.417   -1.326   -1.170    0.124    0.170    0.391    0.406    0.440    0.552
    2.150    2.293    4.194    4.303    5.505    5.567    8.077    8.302   10.949   11.051
   11.542   11.637   11.773   11.817   14.360   14.420   15.522   16.044
            0.328510  0.328510  0.000000
 -108.152 -108.152  -70.141  -70.141  -51.869  -51.869  -51.869  -51.869   -4.739   -4.735
   -1.435   -1.417   -1.327   -1.172    0.123    0.168    0.389    0.405    0.439    0.551
    2.162    2.304    4.204    4.313    5.511    5.573    8.071    8.295   10.939   11.052
   11.544   11.624   11.764   11.809   14.354   14.415   15.531   16.051
            0.327037  0.327037  0.000000
 -108.152 -108.152  -70.141  -70.141  -51.869  -51.869  -51.869  -51.869   -4.741   -4.738
   -1.436   -1.418   -1.328   -1.175    0.121    0.167    0.388    0.404    0.438    0.550
    2.175    2.315    4.214    4.322    5.518    5.580    8.065    8.289   10.929   11.054
   11.546   11.611   11.755   11.802   14.348   14.409   15.539   16.057
            0.325564  0.325564 -0.000000
 -108.152 -108.152  -70.141  -70.141  -51.869  -51.869  -51.869  -51.869   -4.743   -4.740
   -1.437   -1.418   -1.329   -1.177    0.120    0.166    0.386    0.403    0.437    0.548
    2.188    2.326    4.224    4.332    5.525    5.587    8.059    8.283   10.918   11.055
   11.548   11.598   11.746   11.795   14.343   14.404   15.546   16.062
            0.324091  0.324091  0.000000
 -108.152 -108.152  -70.141  -70.141  -51.869  -51.869  -51.869  -51.869   -4.746   -4.743
   -1.437   -1.418   -1.330   -1.179    0.119    0.164    0.385    0.402    0.436    0.547
    2.200    2.337    4.234    4.342    5.531    5.594    8.054    8.276   10.908   11.056
   11.551   11.585   11.737   11.788   14.337   14.398   15.553   16.065
            0.322617  0.322617  0.000000
 -108.152 -108.152  -70.141  -70.141  -51.869  -51.869  -51.869  -51.869   -4.748   -4.745
   -1.438   -1.418   -1.331   -1.182    0.118    0.163    0.383    0.401    0.435    0.546
    2.213    2.348    4.244    4.352    5.538    5.600    8.048    8.270   10.898   11.057
   11.553   11.572   11.728   11.782   14.332   14.393   15.559   16.067
            0.321144  0.321144 -0.000000
 -108.152 -108.152  -70.141  -70.141  -51.869  -51.869  -51.869  -51.869   -4.750   -4.747
   -1.439   -1.418   -1.331   -1.184    0.116    0.162    0.382    0.399    0.435    0.545
    2.226    2.360    4.254    4.361    5.544    5.607    8.042    8.264   10.887   11.058
   11.556   11.559   11.719   11.775   14.326   14.388   15.564   16.067
            0.319671  0.319671  0.000000
 -108.152 -108.152  -70.141  -70.141  -51.869  -51.869  -51.869  -51.869   -4.753   -4.750
   -1.439   -1.418   -1.332   -1.187    0.115    0.160    0.381    0.398    0.434    0.544
    2.239    2.371    4.264    4.371    5.551    5.614    8.036    8.257   10.876   11.059
   11.546   11.558   11.710   11.769   14.321   14.383   15.568   16.066
            0.318198  0.318198  0.000000
 -108.152 -108.152  -70.141  -70.141  -51.869  -51.869  -51.869  -51.869   -4.755   -4.752
   -1.440   -1.419   -1.333   -1.189    0.114    0.159    0.379    0.397    0.433    0.543
    2.252    2.382    4.275    4.381    5.557    5.620    8.030    8.251   10.866   11.060
   11.533   11.561   11.702   11.763   14.316   14.378   15.572   16.064
            0.316725  0.316725 -0.000000
 -108.152 -108.152  -70.141  -70.141  -51.869  -51.869  -51.869  -51.869   -4.758   -4.755
   -1.441   -1.419   -1.334   -1.192    0.113    0.157    0.378    0.396    0.432    0.541
    2.265    2.394    4.285    4.391    5.564    5.627    8.024    8.244   10.855   11.061
   11.520   11.564   11.693   11.757   14.311   14.373   15.575   16.060
            0.315252  0.315252  0.000000
 -108.152 -108.152  -70.141  -70.141  -51.869  -51.869  -51.869  -51.869   -4.760   -4.757
   -1.441   -1.419   -1.335   -1.194    0.112    0.156    0.377    0.395    0.431    0.540
    2.278    2.405    4.295    4.401    5.570    5.633    8.018    8.237   10.845   11.062
   11.507   11.567   11.684   11.752   14.306   14.368   15.577   16.055
            0.313779  0.313779  0.000000
 -108.152 -108.152  -70.141  -70.141  -51.869  -51.869  -51.869  -51.869   -4.763   -4.760
   -1.442   -1.419   -1.336   -1.196    0.110    0.155    0.375    0.394    0.430    0.539
    2.291    2.417    4.306    4.411    5.577    5.640    8.012    8.231   10.834   11.062
   11.493   11.570   11.676   11.747   14.301   14.363   15.578   16.049
            0.312305  0.312305 -0.000000
 -108.152 -108.152  -70.141  -70.141  -51.869  -51.869  -51.869  -51.869   -4.765   -4.762
   -1.442   -1.419   -1.337   -1.199    0.109    0.153    0.374    0.393    0.429    0.538
    2.304    2.429    4.316    4.421    5.583    5.647    8.006    8.224   10.823   11.063
   11.480   11.572   11.668   11.741   14.297   14.359   15.578   16.041
            0.310832  0.310832  0.000000
 -108.152 -108.152  -70.141  -70.141  -51.869  -51.869  -51.869  -51.869   -4.768   -4.765
   -1.443   -1.419   -1.338   -1.201    0.108    0.152    0.373    0.392    0.428    0.537
    2.317    2.440    4.327    4.432    5.590    5.653    8.000    8.217   10.812   11.063
   11.467   11.575   11.660   11.736   14.292   14.354   15.578   16.032
            0.309359  0.309359  0.000000
 -108.152 -108.152  -70.141  -70.141  -51.869  -51.869  -51.869  -51.869   -4.770   -4.767
   -1.444   -1.420   -1.339   -1.204    0.107    0.150    0.372    0.391    0.428    0.536
    2.330    2.452    4.337    4.442    5.596    5.660    7.994    8.211   10.802   11.063
   11.454   11.577   11.652   11.732   14.288   14.350   15.578   16.022
            0.307886  0.307886 -0.000000
 -108.152 -108.152  -70.141  -70.141  -51.869  -51.869  -51.869  -51.869   -4.773   -4.770
   -1.444   -1.420   -1.340   -1.206    0.105    0.149    0.371    0.390    0.427    0.535
    2.344    2.464    4.348    4.452    5.602    5.666    7.987    8.204   10.791   11.063
   11.441   11.579   11.645   11.727   14.283   14.346   15.576   16.011
            0.306413  0.306413  0.000000
 -108.152 -108.152  -70.141  -70.141  -51.869  -51.869  -51.869  -51.869   -4.775   -4.772
   -1.445   -1.420   -1.340   -1.209    0.104    0.147    0.369    0.389    0.426    0.534
    2.357    2.476    4.358    4.462    5.609    5.673    7.981    8.197   10.780   11.063
   11.428   11.581   11.638   11.723   14.279   14.342   15.574   15.999
            0.304940  0.304940  0.000000
 -108.152 -108.152  -70.141  -70.141  -51.869  -51.869  -51.869  -51.869   -4.778   -4.775
   -1.446   -1.420   -1.341   -1.211    0.103    0.146    0.368    0.388    0.425    0.533
    2.371    2.488    4.369    4.473    5.615    5.679    7.975    8.190   10.770   11.063
   11.415   11.582   11.632   11.718   14.275   14.338   15.571   15.986
            0.303467  0.303467 -0.000000
 -108.152 -108.152  -70.141  -70.141  -51.869  -51.869  -51.869  -51.869   -4.780   -4.778
   -1.446   -1.420   -1.342   -1.213    0.102    0.144    0.367    0.388    0.424    0.532
    2.384    2.500    4.380    4.483    5.622    5.686    7.969    8.183   10.759   11.062
   11.402   11.582   11.627   11.714   14.271   14.334   15.568   15.972
            0.301994  0.301994  0.000000
 -108.152 -108.152  -70.141  -70.141  -51.869  -51.869  -51.869  -51.869   -4.783   -4.780
   -1.447   -1.421   -1.343   -1.216    0.101    0.143    0.366    0.387    0.423    0.531
    2.398    2.512    4.391    4.493    5.628    5.692    7.963    8.176   10.748   11.062
   11.389   11.580   11.624   11.711   14.267   14.330   15.564   15.958
            0.300520  0.300520  0.000000
 -108.152 -108.152  -70.141  -70.141  -51.869  -51.869  -51.869  -51.869   -4.785   -4.783
   -1.447   -1.421   -1.344   -1.218    0.099    0.141    0.365    0.386    0.422    0.530
    2.411    2.524    4.402    4.504    5.634    5.699    7.957    8.170   10.738   11.061
   11.376   11.577   11.623   11.707   14.263   14.326   15.559   15.943
            0.299047  0.299047 -0.000000
 -108.152 -108.152  -70.141  -70.141  -51.869  -51.869  -51.869  -51.869   -4.788   -4.785
   -1.448   -1.421   -1.345   -1.221    0.098    0.140    0.364    0.385    0.422    0.529
    2.425    2.536    4.412    4.514    5.641    5.705    7.950    8.163   10.727   11.061
   11.363   11.572   11.623   11.703   14.260   14.323   15.554   15.927
            0.297574  0.297574  0.000000
 -108.152 -108.152  -70.141  -70.141  -51.869  -51.869  -51.869  -51.869   -4.790   -4.788
   -1.449   -1.421   -1.346   -1.223    0.097    0.138    0.363    0.384    0.421    0.528
    2.438    2.548    4.423    4.525    5.647    5.712    7.944    8.155   10.717   11.060
   11.350   11.566   11.624   11.700   14.256   14.319   15.548   15.911
            0.296101  0.296101  0.000000
 -108.152 -108.152  -70.141  -70.141  -51.869  -51.869  -51.869  -51.869   -4.793   -4.790
   -1.449   -1.421   -1.347   -1.225    0.096    0.137    0.362    0.384    0.420    0.527
    2.452    2.561    4.434    4.536    5.653    5.718    7.938    8.148   10.706   11.059
   11.338   11.559   11.626   11.697   14.253   14.316   15.542   15.894
            0.294628  0.294628 -0.000000
 -108.152 -108.152  -70.141  -70.141  -51.869  -51.869  -51.869  -51.869   -4.795   -4.793
   -1.450   -1.422   -1.348   -1.228    0.094    0.135    0.361    0.383    0.419    0.525
    2.466    2.573    4.445    4.546    5.660    5.724    7.931    8.141   10.695   11.058
   11.325   11.552   11.628   11.694   14.249   14.313   15.535   15.877
            0.293155  0.293155  0.000000
 -108.152 -108.152  -70.141  -70.141  -51.869  -51.869  -51.869  -51.869   -4.798   -4.796
   -1.450   -1.422   -1.349   -1.230    0.093    0.133    0.361    0.382    0.418    0.524
    2.480    2.585    4.456    4.557    5.666    5.731    7.925    8.134   10.685   11.056
   11.312   11.545   11.631   11.691   14.246   14.310   15.528   15.859
            0.291682  0.291682  0.000000
 -108.152 -108.152  -70.141  -70.141  -51.869  -51.869  -51.869  -51.869   -4.800   -4.798
   -1.451   -1.422   -1.350   -1.233    0.092    0.132    0.360    0.381    0.417    0.523
    2.494    2.598    4.467    4.568    5.672    5.737    7.919    8.127   10.675   11.055
   11.299   11.538   11.634   11.688   14.243   14.307   15.521   15.842
            0.290208  0.290208 -0.000000
 -108.152 -108.152  -70.141  -70.141  -51.869  -51.869  -51.869  -51.869   -4.803   -4.801
   -1.451   -1.422   -1.351   -1.235    0.091    0.130    0.359    0.381    0.416    0.522
    2.508    2.610    4.479    4.578    5.678    5.743    7.912    8.120   10.664   11.054
   11.287   11.530   11.637   11.685   14.240   14.304   15.513   15.824
            0.288735  0.288735  0.000000
 -108.152 -108.152  -70.141  -70.141  -51.869  -51.869  -51.869  -51.869   -4.806   -4.804
   -1.452   -1.422   -1.352   -1.237    0.089    0.129    0.358    0.380    0.416    0.521
    2.522    2.623    4.490    4.589    5.685    5.750    7.906    8.113   10.654   11.052
   11.274   11.522   11.640   11.683   14.237   14.301   15.504   15.806
            0.287262  0.287262  0.000000
 -108.152 -108.152  -70.141  -70.141  -51.869  -51.869  -51.869  -51.869   -4.808   -4.806
   -1.453   -1.423   -1.353   -1.240    0.088    0.127    0.357    0.379    0.415    0.520
    2.536    2.636    4.501    4.600    5.691    5.756    7.899    8.105   10.643   11.050
   11.262   11.515   11.644   11.681   14.234   14.299   15.495   15.788
            0.285789  0.285789 -0.000000
 -108.152 -108.152  -70.141  -70.141  -51.869  -51.869  -51.869  -51.869   -4.811   -4.809
   -1.453   -1.423   -1.354   -1.242    0.087    0.125    0.357    0.379    0.414    0.519
    2.550    2.648    4.512    4.611    5.697    5.762    7.893    8.098   10.633   11.048
   11.249   11.507   11.647   11.678   14.232   14.296   15.486   15.769
            0.284316  0.284316  0.000000
 -108.152 -108.152  -70.141  -70.141  -51.869  -51.869  -51.869  -51.869   -4.813   -4.811
   -1.454   -1.423   -1.355   -1.244    0.086    0.124    0.356    0.378    0.413    0.518
    2.564    2.661    4.523    4.622    5.703    5.768    7.887    8.091   10.623   11.046
   11.237   11.499   11.651   11.676   14.229   14.294   15.477   15.751
            0.282843  0.282843  0.000000
 -108.152 -108.152  -70.141  -70.141  -51.869  -51.869  -51.869  -51.869   -4.816   -4.814
   -1.454   -1.423   -1.356   -1.247    0.084    0.122    0.355    0.378    0.412    0.517
    2.578    2.674    4.535    4.633    5.709    5.774    7.880    8.084   10.613   11.044
   11.224   11.491   11.654   11.674   14.227   14.291   15.467   15.733
            0.281370  0.281370 -0.000000
 -108.152 -108.152  -70.141  -70.141  -51.869  -51.869  -51.869  -51.869   -4.819   -4.817
   -1.455   -1.423   -1.357   -1.249    0.083    0.121    0.354    0.377    0.411    0.516
    2.592    2.687    4.546    4.644    5.715    5.781    7.874    8.076   10.602   11.042
   11.212   11.483   11.657   11.673   14.225   14.289   15.457   15.714
            0.279896  0.279896  0.000000
 -108.152 -108.152  -70.141  -70.141  -51.869  -51.869  -51.869  -51.869   -4.821   -4.819
   -1.455   -1.424   -1.358   -1.251    0.082    0.119    0.354    0.376    0.411    0.515
    2.606    2.700    4.557    4.655    5.722    5.787    7.867    8.069   10.592   11.040
   11.199   11.476   11.661   11.671   14.223   14.287   15.446   15.696
            0.278423  0.278423  0.000000
 -108.152 -108.152  -70.141  -70.141  -51.869  -51.869  -51.869  -51.869   -4.824   -4.822
   -1.456   -1.424   -1.359   -1.254    0.081    0.117    0.353    0.376    0.410    0.514
    2.621    2.713    4.569    4.666    5.728    5.793    7.861    8.061   10.582   11.037
   11.187   11.468   11.664   11.669   14.221   14.285   15.435   15.678
            0.276950  0.276950 -0.000000
 -108.152 -108.152  -70.141  -70.141  -51.869  -51.869  -51.869  -51.869   -4.827   -4.825
   -1.456   -1.424   -1.360   -1.256    0.079    0.116    0.352    0.375    0.409    0.513
    2.635    2.726    4.580    4.677    5.734    5.799    7.854    8.054   10.572   11.035
   11.175   11.460   11.668   11.668   14.219   14.283   15.424   15.659
            0.275477  0.275477  0.000000
 -108.152 -108.152  -70.141  -70.141  -51.869  -51.869  -51.869  -51.869   -4.829   -4.827
   -1.457   -1.424   -1.361   -1.258    0.078    0.114    0.352    0.375    0.408    0.512
    2.650    2.739    4.592    4.688    5.740    5.805    7.848    8.047   10.562   11.032
   11.163   11.453   11.666   11.671   14.217   14.282   15.413   15.641
            0.274004  0.274004  0.000000
 -108.152 -108.152  -70.141  -70.141  -51.869  -51.869  -51.869  -51.869   -4.832   -4.830
   -1.457   -1.425   -1.362   -1.261    0.077    0.113    0.351    0.374    0.407    0.511
    2.664    2.752    4.603    4.699    5.746    5.811    7.841    8.039   10.553   11.030
   11.150   11.445   11.665   11.674   14.215   14.280   15.402   15.623
            0.272531  0.272531 -0.000000
 -108.152 -108.152  -70.141  -70.141  -51.869  -51.869  -51.869  -51.869   -4.834   -4.833
   -1.458   -1.425   -1.363   -1.263    0.076    0.111    0.351    0.374    0.407    0.510
    2.678    2.765    4.615    4.710    5.752    5.817    7.834    8.032   10.543   11.027
   11.138   11.437   11.664   11.678   14.214   14.279   15.390   15.605
            0.271058  0.271058  0.000000
 -108.152 -108.152  -70.141  -70.141  -51.869  -51.869  -51.869  -51.869   -4.837   -4.835
   -1.458   -1.425   -1.364   -1.265    0.075    0.109    0.350    0.374    0.406    0.509
    2.693    2.779    4.626    4.721    5.758    5.823    7.828    8.024   10.533   11.024
   11.126   11.430   11.663   11.681   14.212   14.278   15.378   15.587
            0.269584  0.269584  0.000000
 -108.152 -108.152  -70.141  -70.141  -51.869  -51.869  -51.869  -51.869   -4.840   -4.838
   -1.459   -1.425   -1.365   -1.268    0.073    0.108    0.350    0.373    0.405    0.508
    2.708    2.792    4.638    4.732    5.764    5.829    7.821    8.016   10.523   11.021
   11.114   11.422   11.661   11.684   14.211   14.276   15.366   15.569
            0.268111  0.268111 -0.000000
 -108.152 -108.152  -70.141  -70.141  -51.869  -51.869  -51.869  -51.869   -4.842   -4.841
   -1.459   -1.425   -1.366   -1.270    0.072    0.106    0.349    0.373    0.404    0.507
    2.722    2.805    4.649    4.744    5.770    5.835    7.815    8.009   10.514   11.018
   11.102   11.415   11.660   11.687   14.210   14.275   15.354   15.551
            0.266638  0.266638  0.000000
 -108.152 -108.152  -70.141  -70.141  -51.869  -51.869  -51.869  -51.869   -4.845   -4.844
   -1.460   -1.426   -1.367   -1.272    0.071    0.104    0.349    0.372    0.403    0.507
    2.737    2.819    4.661    4.755    5.776    5.841    7.808    8.001   10.504   11.015
   11.090   11.407   11.659   11.690   14.209   14.274   15.342   15.533
            0.265165  0.265165  0.000000
 -108.152 -108.152  -70.141  -70.141  -51.869  -51.869  -51.869  -51.869   -4.848   -4.846
   -1.460   -1.426   -1.368   -1.274    0.070    0.103    0.348    0.372    0.403    0.506
    2.752    2.832    4.672    4.766    5.782    5.847    7.801    7.993   10.495   11.011
   11.079   11.400   11.658   11.693   14.208   14.273   15.329   15.516
            0.263692  0.263692 -0.000000
 -108.152 -108.152  -70.141  -70.141  -51.869  -51.869  -51.869  -51.869   -4.850   -4.849
   -1.461   -1.426   -1.369   -1.277    0.069    0.101    0.348    0.371    0.402    0.505
    2.766    2.846    4.684    4.777    5.788    5.853    7.795    7.986   10.485   11.008
   11.067   11.392   11.658   11.696   14.207   14.273   15.317   15.498
            0.262219  0.262219  0.000000
 -108.152 -108.152  -70.141  -70.141  -51.869  -51.869  -51.869  -51.869   -4.853   -4.852
   -1.461   -1.426   -1.370   -1.279    0.067    0.100    0.347    0.371    0.401    0.504
    2.781    2.859    4.696    4.789    5.794    5.859    7.788    7.978   10.476   11.005
   11.055   11.385   11.657   11.699   14.206   14.272   15.304   15.481
            0.260746  0.260746  0.000000
 -108.152 -108.152  -70.141  -70.141  -51.869  -51.869  -51.869  -51.869   -4.856   -4.854
   -1.462   -1.427   -1.371   -1.281    0.066    0.098    0.347    0.371    0.400    0.503
    2.796    2.873    4.707    4.800    5.800    5.865    7.781    7.970   10.466   11.001
   11.043   11.378   11.656   11.702   14.206   14.272   15.292   15.464
            0.259272  0.259272 -0.000000
 -108.152 -108.152  -70.141  -70.141  -51.869  -51.869  -51.869  -51.869   -4.858   -4.857
   -1.462   -1.427   -1.372   -1.283    0.065    0.096    0.346    0.370    0.399    0.502
    2.811    2.887    4.719    4.811    5.805    5.871    7.775    7.963   10.457   10.998
   11.032   11.370   11.655   11.704   14.206   14.271   15.279   15.447
            0.257799  0.257799  0.000000
 -108.152 -108.152  -70.141  -70.141  -51.869  -51.869  -51.869  -51.869   -4.861   -4.860
   -1.463   -1.427   -1.373   -1.286    0.064    0.095    0.346    0.370    0.399    0.501
    2.826    2.900    4.731    4.823    5.811    5.877    7.768    7.955   10.448   10.994
   11.020   11.363   11.654   11.707   14.205   14.271   15.266   15.430
            0.256326  0.256326  0.000000
 -108.152 -108.152  -70.141  -70.141  -51.869  -51.869  -51.869  -51.869   -4.864   -4.862
   -1.463   -1.427   -1.374   -1.288    0.063    0.093    0.346    0.370    0.398    0.500
    2.841    2.914    4.742    4.834    5.817    5.882    7.761    7.947   10.439   10.990
   11.009   11.356   11.654   11.710   14.205   14.271   15.253   15.414
            0.254853  0.254853 -0.000000
 -108.152 -108.152  -70.141  -70.141  -51.869  -51.869  -51.869  -51.869   -4.867   -4.865
   -1.463   -1.428   -1.375   -1.290    0.061    0.092    0.345    0.369    0.397    0.499
    2.856    2.928    4.754    4.845    5.823    5.888    7.754    7.939   10.430   10.987
   10.997   11.349   11.653   11.712   14.205   14.271   15.240   15.397
            0.253380  0.253380  0.000000
 -108.152 -108.152  -70.141  -70.141  -51.869  -51.869  -51.869  -51.869   -4.869   -4.868
   -1.464   -1.428   -1.376   -1.292    0.060    0.090    0.345    0.369    0.396    0.498
    2.871    2.942    4.766    4.857    5.829    5.894    7.748    7.931   10.421   10.982
   10.987   11.341   11.652   11.714   14.205   14.271   15.227   15.381
            0.251907  0.251907  0.000000
 -108.152 -108.152  -70.141  -70.141  -51.869  -51.869  -51.869  -51.869   -4.872   -4.871
   -1.464   -1.428   -1.377   -1.294    0.059    0.088    0.345    0.369    0.396    0.497
    2.886    2.956    4.778    4.868    5.834    5.900    7.741    7.923   10.412   10.973
   10.981   11.334   11.651   11.716   14.205   14.272   15.215   15.365
            0.250434  0.250434 -0.000000
 -108.152 -108.152  -70.141  -70.141  -51.869  -51.869  -51.869  -51.869   -4.875   -4.873
   -1.465   -1.428   -1.378   -1.297    0.058    0.087    0.344    0.369    0.395    0.496
    2.901    2.970    4.789    4.879    5.840    5.905    7.734    7.916   10.403   10.962
   10.976   11.327   11.651   11.719   14.206   14.272   15.202   15.350
            0.248961  0.248961  0.000000
 -108.152 -108.152  -70.141  -70.141  -51.869  -51.869  -51.869  -51.869   -4.877   -4.876
   -1.465   -1.429   -1.379   -1.299    0.057    0.085    0.344    0.368    0.394    0.495
    2.916    2.984    4.801    4.891    5.846    5.911    7.727    7.908   10.395   10.951
   10.973   11.320   11.650   11.721   14.206   14.273   15.189   15.334
            0.247487  0.247487  0.000000
 -108.152 -108.152  -70.141  -70.141  -51.869  -51.869  -51.869  -51.869   -4.880   -4.879
   -1.466   -1.429   -1.380   -1.301    0.056    0.084    0.344    0.368    0.393    0.494
    2.932    2.998    4.813    4.902    5.852    5.917    7.720    7.900   10.386   10.940
   10.969   11.313   11.649   11.723   14.207   14.273   15.176   15.319
            0.246014  0.246014 -0.000000
 -108.152 -108.152  -70.141  -70.141  -51.869  -51.869  -51.869  -51.869   -4.883   -4.881
   -1.466   -1.429   -1.381   -1.303    0.054    0.082    0.343    0.368    0.393    0.493
    2.947    3.012    4.825    4.914    5.857    5.922    7.714    7.892   10.377   10.928
   10.965   11.306   11.648   11.724   14.207   14.274   15.163   15.304
            0.244541  0.244541  0.000000
 -108.152 -108.152  -70.141  -70.141  -51.869  -51.869  -51.869  -51.869   -4.885   -4.884
   -1.466   -1.429   -1.382   -1.305    0.053    0.081    0.343    0.368    0.392    0.492
    2.962    3.027    4.837    4.925    5.863    5.928    7.707    7.884   10.369   10.917
   10.961   11.299   11.648   11.726   14.208   14.275   15.150   15.289
            0.243068  0.243068  0.000000
 -108.152 -108.152  -70.141  -70.141  -51.869  -51.869  -51.869  -51.869   -4.888   -4.887
   -1.467   -1.430   -1.383   -1.307    0.052    0.079    0.343    0.368    0.391    0.491
    2.977    3.041    4.848    4.937    5.869    5.934    7.700    7.876   10.360   10.906
   10.957   11.292   11.647   11.728   14.209   14.276   15.138   15.274
            0.241595  0.241595 -0.000000
 -108.152 -108.152  -70.141  -70.141  -51.869  -51.869  -51.869  -51.869   -4.891   -4.890
   -1.467   -1.430   -1.384   -1.309    0.051    0.077    0.343    0.367    0.391    0.490
    2.993    3.055    4.860    4.948    5.874    5.939    7.693    7.868   10.352   10.895
   10.953   11.286   11.646   11.729   14.210   14.277   15.125   15.260
            0.240122  0.240122  0.000000
 -108.152 -108.152  -70.141  -70.141  -51.869  -51.869  -51.869  -51.869   -4.893   -4.892
   -1.468   -1.430   -1.385   -1.311    0.050    0.076    0.343    0.367    0.390    0.489
    3.008    3.069    4.872    4.959    5.880    5.945    7.686    7.859   10.344   10.884
   10.949   11.279   11.645   11.730   14.211   14.278   15.112   15.246
            0.238649  0.238649  0.000000
 -108.152 -108.152  -70.141  -70.141  -51.869  -51.869  -51.869  -51.869   -4.896   -4.895
   -1.468   -1.430   -1.386   -1.313    0.049    0.074    0.342    0.367    0.389    0.488
    3.024    3.084    4.884    4.971    5.886    5.950    7.679    7.851   10.336   10.873
   10.945   11.272   11.644   11.731   14.213   14.280   15.100   15.232
            0.237175  0.237175 -0.000000
 -108.152 -108.152  -70.141  -70.141  -51.869  -51.869  -51.869  -51.869   -4.899   -4.898
   -1.468   -1.431   -1.387   -1.315    0.048    0.073    0.342    0.367    0.388    0.487
    3.039    3.098    4.896    4.982    5.891    5.956    7.672    7.843   10.327   10.862
   10.941   11.265   11.643   11.732   14.214   14.281   15.087   15.219
            0.235702  0.235702  0.000000
 -108.152 -108.152  -70.141  -70.141  -51.869  -51.869  -51.869  -51.869   -4.901   -4.900
   -1.469   -1.431   -1.388   -1.318    0.046    0.071    0.342    0.367    0.388    0.486
    3.055    3.113    4.907    4.994    5.897    5.961    7.665    7.835   10.319   10.851
   10.937   11.259   11.642   11.733   14.216   14.283   15.075   15.205
            0.234229  0.234229  0.000000
 -108.152 -108.152  -70.141  -70.141  -51.869  -51.869  -51.869  -51.869   -4.904   -4.903
   -1.469   -1.431   -1.389   -1.320    0.045    0.070    0.342    0.366    0.387    0.485
    3.070    3.127    4.919    5.005    5.902    5.967    7.658    7.827   10.312   10.841
   10.933   11.252   11.641   11.734   14.217   14.285   15.063   15.192
            0.232756  0.232756 -0.000000
 -108.152 -108.152  -70.141  -70.141  -51.869  -51.869  -51.869  -51.869   -4.907   -4.906
   -1.470   -1.431   -1.390   -1.322    0.044    0.068    0.342    0.366    0.386    0.485
    3.086    3.142    4.931    5.017    5.908    5.972    7.652    7.819   10.304   10.830
   10.929   11.246   11.640   11.735   14.219   14.287   15.050   15.180
            0.231283  0.231283  0.000000
 -108.152 -108.152  -70.141  -70.141  -51.869  -51.869  -51.869  -51.869   -4.909   -4.908
   -1.470   -1.432   -1.391   -1.324    0.043    0.067    0.342    0.366    0.386    0.484
    3.101    3.157    4.943    5.028    5.914    5.978    7.645    7.811   10.296   10.819
   10.925   11.239   11.638   11.735   14.221   14.289   15.038   15.167
            0.229810  0.229810  0.000000
 -108.152 -108.152  -70.141  -70.141  -51.869  -51.869  -51.869  -51.869   -4.912   -4.911
   -1.470   -1.432   -1.392   -1.326    0.042    0.065    0.341    0.366    0.385    0.483
    3.117    3.171    4.955    5.039    5.919    5.983    7.638    7.802   10.288   10.808
   10.921   11.232   11.637   11.735   14.223   14.291   15.026   15.155
            0.228337  0.228337 -0.000000
 -108.152 -108.152  -70.141  -70.141  -51.869  -51.869  -51.869  -51.869   -4.915   -4.914
   -1.471   -1.432   -1.393   -1.328    0.041    0.064    0.341    0.366    0.384    0.482
    3.133    3.186    4.966    5.051    5.925    5.989    7.631    7.794   10.281   10.798
   10.917   11.226   11.636   11.736   14.225   14.293   15.014   15.143
            0.226863  0.226863  0.000000
 -108.152 -108.152  -70.141  -70.141  -51.869  -51.869  -51.869  -51.869   -4.917   -4.917
   -1.471   -1.432   -1.394   -1.330    0.040    0.062    0.341    0.366    0.384    0.481
    3.149    3.201    4.978    5.062    5.930    5.994    7.624    7.786   10.273   10.787
   10.913   11.220   11.634   11.736   14.228   14.296   15.002   15.132
            0.225390  0.225390  0.000000
 -108.152 -108.152  -70.141  -70.141  -51.869  -51.869  -51.869  -51.869   -4.920   -4.919
   -1.471   -1.433   -1.395   -1.331    0.039    0.061    0.341    0.366    0.383    0.480
    3.164    3.216    4.990    5.074    5.935    5.999    7.617    7.777   10.266   10.777
   10.909   11.213   11.633   11.735   14.230   14.298   14.990   15.120
            0.223917  0.223917 -0.000000
 -108.152 -108.152  -70.141  -70.141  -51.869  -51.869  -51.869  -51.869   -4.923   -4.922
   -1.472   -1.433   -1.396   -1.333    0.038    0.059    0.341    0.366    0.383    0.479
    3.180    3.231    5.002    5.085    5.941    6.005    7.610    7.769   10.258   10.766
   10.905   11.207   11.631   11.735   14.233   14.301   14.979   15.109
            0.222444  0.222444  0.000000
 -108.152 -108.152  -70.141  -70.141  -51.869  -51.869  -51.869  -51.869   -4.925   -4.925
   -1.472   -1.433   -1.397   -1.335    0.037    0.058    0.341    0.366    0.382    0.478
    3.196    3.246    5.013    5.096    5.946    6.010    7.603    7.761   10.251   10.756
   10.901   11.201   11.629   11.735   14.236   14.304   14.967   15.098
            0.220971  0.220971  0.000000
 -108.152 -108.152  -70.141  -70.141  -51.869  -51.869  -51.869  -51.869   -4.928   -4.927
   -1.472   -1.433   -1.397   -1.337    0.036    0.056    0.341    0.365    0.381    0.477
    3.212    3.260    5.025    5.108    5.952    6.015    7.596    7.752   10.244   10.745
   10.898   11.194   11.627   11.734   14.238   14.307   14.956   15.088
            0.219498  0.219498 -0.000000
 -108.152 -108.152  -70.141  -70.141  -51.869  -51.869  -51.869  -51.869   -4.931   -4.930
   -1.473   -1.434   -1.398   -1.339    0.034    0.055    0.341    0.365    0.381    0.476
    3.228    3.275    5.037    5.119    5.957    6.020    7.588    7.744   10.237   10.735
   10.894   11.188   11.625   11.733   14.241   14.310   14.944   15.078
            0.218025  0.218025  0.000000
 -108.152 -108.152  -70.141  -70.141  -51.869  -51.869  -51.869  -51.869   -4.933   -4.933
   -1.473   -1.434   -1.399   -1.341    0.033    0.054    0.341    0.365    0.380    0.475
    3.244    3.291    5.049    5.130    5.962    6.026    7.581    7.736   10.229   10.725
   10.890   11.182   11.623   11.732   14.245   14.313   14.933   15.068
            0.216551  0.216551  0.000000
 -108.152 -108.152  -70.141  -70.141  -51.869  -51.869  -51.869  -51.869   -4.936   -4.935
   -1.473   -1.434   -1.400   -1.343    0.032    0.052    0.341    0.365    0.379    0.474
    3.260    3.306    5.060    5.142    5.968    6.031    7.574    7.727   10.223   10.714
   10.886   11.176   11.621   11.731   14.248   14.316   14.921   15.058
            0.215078  0.215078 -0.000000
 -108.152 -108.152  -70.141  -70.141  -51.869  -51.869  -51.869  -51.869   -4.939   -4.938
   -1.474   -1.435   -1.401   -1.345    0.031    0.051    0.341    0.365    0.379    0.473
    3.276    3.321    5.072    5.153    5.973    6.036    7.567    7.719   10.216   10.704
   10.882   11.170   11.619   11.730   14.251   14.320   14.910   15.049
            0.213605  0.213605  0.000000
 -108.152 -108.152  -70.141  -70.141  -51.869  -51.869  -51.869  -51.869   -4.941   -4.941
   -1.474   -1.435   -1.402   -1.347    0.030    0.049    0.341    0.365    0.378    0.472
    3.292    3.336    5.084    5.164    5.978    6.041    7.560    7.710   10.209   10.694
   10.878   11.164   11.617   11.728   14.255   14.323   14.899   15.040
            0.212132  0.212132  0.000000
 -108.152 -108.152  -70.141  -70.141  -51.869  -51.869  -51.869  -51.869   -4.944   -4.943
   -1.474   -1.435   -1.403   -1.349    0.029    0.048    0.341    0.365    0.378    0.472
    3.308    3.351    5.095    5.175    5.984    6.046    7.553    7.702   10.202   10.684
   10.875   11.158   11.614   11.727   14.258   14.327   14.887   15.031
            0.210659  0.210659 -0.000000
 -108.152 -108.152  -70.141  -70.141  -51.869  -51.869  -51.869  -51.869   -4.947   -4.946
   -1.475   -1.435   -1.404   -1.350    0.028    0.047    0.341    0.365    0.377    0.471
    3.324    3.366    5.107    5.187    5.989    6.051    7.546    7.693   10.196   10.674
   10.871   11.152   11.612   11.725   14.262   14.331   14.876   15.023
            0.209186  0.209186  0.000000
 -108.152 -108.152  -70.141  -70.141  -51.869  -51.869  -51.869  -51.869   -4.949   -4.948
   -1.475   -1.436   -1.405   -1.352    0.027    0.045    0.341    0.365    0.377    0.470
    3.340    3.382    5.118    5.198    5.994    6.057    7.539    7.685   10.189   10.664
   10.867   11.146   11.609   11.723   14.266   14.335   14.865   15.015
            0.207713  0.207713  0.000000
 -108.152 -108.152  -70.141  -70.141  -51.869  -51.869  -51.869  -51.869   -4.952   -4.951
   -1.475   -1.436   -1.406   -1.354    0.026    0.044    0.341    0.365    0.376    0.469
    3.356    3.397    5.130    5.209    6.000    6.062    7.531    7.676   10.183   10.654
   10.864   11.141   11.607   11.721   14.270   14.339   14.853   15.007
            0.206239  0.206239 -0.000000
 -108.152 -108.152  -70.141  -70.141  -51.869  -51.869  -51.869  -51.869   -4.954   -4.954
   -1.475   -1.436   -1.407   -1.356    0.025    0.043    0.341    0.365    0.375    0.468
    3.372    3.412    5.141    5.220    6.005    6.067    7.524    7.667   10.176   10.644
   10.860   11.135   11.604   11.719   14.274   14.343   14.842   15.000
            0.204766  0.204766  0.000000
 -108.152 -108.152  -70.141  -70.141  -51.869  -51.869  -51.869  -51.869   -4.957   -4.956
   -1.476   -1.436   -1.408   -1.358    0.024    0.041    0.341    0.365    0.375    0.467
    3.388    3.428    5.153    5.231    6.010    6.072    7.517    7.659   10.170   10.634
   10.857   11.129   11.601   11.716   14.278   14.348   14.831   14.992
            0.203293  0.203293  0.000000
 -108.152 -108.152  -70.141  -70.141  -51.869  -51.869  -51.869  -51.869   -4.959   -4.959
   -1.476   -1.437   -1.409   -1.359    0.023    0.040    0.341    0.365    0.374    0.466
    3.405    3.443    5.164    5.242    6.015    6.077    7.510    7.650   10.164   10.624
   10.853   11.123   11.598   11.713   14.283   14.352   14.819   14.985
            0.201820  0.201820 -0.000000
 -108.152 -108.152  -70.141  -70.141  -51.869  -51.869  -51.869  -51.869   -4.962   -4.961
   -1.476   -1.437   -1.410   -1.361    0.022    0.039    0.341    0.365    0.374    0.465
    3.421    3.459    5.176    5.253    6.020    6.082    7.503    7.641   10.158   10.614
   10.850   11.118   11.595   11.711   14.287   14.357   14.807   14.979
            0.200347  0.200347  0.000000
 -108.152 -108.152  -70.141  -70.141  -51.869  -51.869  -51.869  -51.869   -4.965   -4.964
   -1.477   -1.437   -1.411   -1.363    0.021    0.037    0.341    0.365    0.373    0.464
    3.437    3.474    5.187    5.264    6.026    6.087    7.495    7.633   10.152   10.604
   10.847   11.112   11.591   11.708   14.292   14.361   14.796   14.972
            0.198874  0.198874  0.000000
 -108.152 -108.152  -70.141  -70.141  -51.869  -51.869  -51.869  -51.869   -4.967   -4.967
   -1.477   -1.438   -1.412   -1.364    0.020    0.036    0.341    0.365    0.373    0.463
    3.454    3.490    5.198    5.275    6.031    6.092    7.488    7.624   10.146   10.594
   10.843   11.107   11.588   11.704   14.296   14.366   14.784   14.966
            0.197401  0.197401 -0.000000
 -108.152 -108.152  -70.141  -70.141  -51.869  -51.869  -51.869  -51.869   -4.970   -4.969
   -1.477   -1.438   -1.412   -1.366    0.019    0.035    0.341    0.365    0.372    0.462
    3.470    3.505    5.210    5.286    6.036    6.097    7.481    7.615   10.140   10.585
   10.840   11.101   11.584   11.701   14.301   14.371   14.772   14.960
            0.195928  0.195928  0.000000
 -108.152 -108.152  -70.141  -70.141  -51.869  -51.869  -51.869  -51.869   -4.972   -4.972
   -1.477   -1.438   -1.413   -1.368    0.018    0.033    0.341    0.365    0.372    0.462
    3.486    3.521    5.221    5.297    6.041    6.102    7.474    7.606   10.134   10.575
   10.837   11.096   11.581   11.698   14.306   14.376   14.759   14.954
            0.194454  0.194454  0.000000
 -108.152 -108.152  -70.141  -70.141  -51.869  -51.869  -51.869  -51.869   -4.975   -4.974
   -1.478   -1.438   -1.414   -1.370    0.017    0.032    0.341    0.365    0.371    0.461
    3.503    3.537    5.232    5.308    6.046    6.107    7.466    7.598   10.129   10.565
   10.834   11.090   11.577   11.694   14.311   14.382   14.747   14.948
            0.192981  0.192981 -0.000000
 -108.152 -108.152  -70.141  -70.141  -51.869  -51.869  -51.869  -51.869   -4.977   -4.977
   -1.478   -1.439   -1.415   -1.371    0.016    0.031    0.342    0.365    0.371    0.460
    3.519    3.552    5.243    5.318    6.051    6.112    7.459    7.589   10.123   10.556
   10.831   11.085   11.573   11.690   14.317   14.387   14.734   14.941
            0.191508  0.191508  0.000000
 -108.152 -108.152  -70.141  -70.141  -51.869  -51.869  -51.869  -51.869   -4.980   -4.979
   -1.478   -1.439   -1.416   -1.373    0.015    0.030    0.342    0.365    0.370    0.459
    3.535    3.568    5.254    5.329    6.056    6.116    7.452    7.580   10.117   10.546
   10.827   11.080   11.569   11.686   14.322   14.392   14.721   14.933
            0.190035  0.190035  0.000000
 -108.152 -108.152  -70.141  -70.141  -51.869  -51.869  -51.869  -51.869   -4.982   -4.982
   -1.478   -1.439   -1.417   -1.374    0.015    0.028    0.342    0.365    0.370    0.458
    3.552    3.584    5.265    5.340    6.061    6.121    7.444    7.571   10.112   10.537
   10.825   11.075   11.565   11.682   14.328   14.398   14.708   14.923
            0.188562  0.188562 -0.000000
 -108.152 -108.152  -70.141  -70.141  -51.869  -51.869  -51.869  -51.869   -4.985   -4.984
   -1.479   -1.440   -1.418   -1.376    0.014    0.027    0.342    0.365    0.369    0.457
    3.568    3.600    5.276    5.350    6.067    6.126    7.437    7.562   10.107   10.527
   10.822   11.070   11.561   11.677   14.333   14.404   14.695   14.910
            0.187089  0.187089  0.000000
 -108.152 -108.152  -70.141  -70.141  -51.869  -51.869  -51.869  -51.869   -4.987   -4.987
   -1.479   -1.440   -1.419   -1.378    0.013    0.026    0.342    0.365    0.369    0.456
    3.585    3.616    5.287    5.361    6.072    6.131    7.429    7.553   10.101   10.518
   10.819   11.064   11.557   11.673   14.339   14.409   14.681   14.894
            0.185616  0.185616  0.000000
 -108.152 -108.152  -70.141  -70.141  -51.869  -51.869  -51.869  -51.869   -4.990   -4.989
   -1.479   -1.440   -1.419   -1.379    0.012    0.025    0.342    0.365    0.368    0.455
    3.601    3.631    5.298    5.371    6.077    6.136    7.422    7.544   10.096   10.509
   10.816   11.059   11.553   11.668   14.345   14.415   14.667   14.877
            0.184142  0.184142 -0.000000
 -108.152 -108.152  -70.141  -70.141  -51.869  -51.869  -51.869  -51.869   -4.992   -4.992
   -1.479   -1.440   -1.420   -1.381    0.011    0.023    0.342    0.365    0.368    0.454
    3.618    3.647    5.309    5.382    6.082    6.141    7.415    7.535   10.091   10.499
   10.813   11.054   11.548   11.664   14.351   14.422   14.653   14.859
            0.182669  0.182669  0.000000
 -108.152 -108.152  -70.141  -70.141  -51.869  -51.869  -51.869  -51.869   -4.995   -4.994
   -1.479   -1.441   -1.421   -1.382    0.010    0.022    0.342    0.365    0.367    0.453
    3.635    3.663    5.320    5.392    6.087    6.146    7.407    7.526   10.086   10.490
   10.811   11.049   11.544   11.659   14.357   14.428   14.639   14.840
            0.181196  0.181196  0.000000
 -108.152 -108.152  -70.141  -70.141  -51.869  -51.869  -51.869  -51.869   -4.997   -4.997
   -1.480   -1.441   -1.422   -1.384    0.009    0.021    0.343    0.365    0.367    0.453
    3.651    3.679    5.331    5.402    6.092    6.150    7.400    7.517   10.081   10.481
   10.808   11.045   11.539   11.653   14.363   14.434   14.624   14.821
            0.179723  0.179723 -0.000000
 -108.152 -108.152  -70.141  -70.141  -51.869  -51.869  -51.869  -51.869   -5.000   -4.999
   -1.480   -1.441   -1.423   -1.386    0.008    0.020    0.343    0.365    0.367    0.452
    3.668    3.695    5.341    5.413    6.097    6.155    7.392    7.508   10.077   10.471
   10.806   11.040   11.534   11.648   14.370   14.440   14.609   14.801
            0.178250  0.178250  0.000000
 -108.152 -108.152  -70.141  -70.141  -51.869  -51.869  -51.869  -51.869   -5.002   -5.002
   -1.480   -1.442   -1.424   -1.387    0.007    0.019    0.343    0.365    0.366    0.451
    3.684    3.711    5.352    5.423    6.102    6.160    7.385    7.499   10.072   10.462
   10.803   11.035   11.529   11.643   14.376   14.447   14.594   14.782
            0.176777  0.176777  0.000000
 -108.152 -108.152  -70.141  -70.141  -51.869  -51.869  -51.869  -51.869   -5.005   -5.004
   -1.480   -1.442   -1.425   -1.389    0.006    0.018    0.343    0.365    0.366    0.450
    3.701    3.727    5.363    5.433    6.107    6.165    7.377    7.490   10.067   10.453
   10.801   11.030   11.525   11.637   14.383   14.454   14.579   14.762
            0.175304  0.175304 -0.000000
 -108.152 -108.152  -70.141  -70.141  -51.869  -51.869  -51.869  -51.869   -5.007   -5.007
   -1.480   -1.442   -1.425   -1.390    0.006    0.016    0.343    0.365    0.366    0.449
    3.718    3.743    5.373    5.443    6.112    6.169    7.370    7.481   10.063   10.444
   10.799   11.026   11.520   11.631   14.390   14.460   14.564   14.742
            0.173830  0.173830  0.000000
 -108.152 -108.152  -70.141  -70.141  -51.869  -51.869  -51.869  -51.869   -5.009   -5.009
   -1.481   -1.442   -1.426   -1.391    0.005    0.015    0.343    0.365    0.366    0.448
    3.734    3.759    5.384    5.453    6.117    6.174    7.362    7.472   10.058   10.435
   10.796   11.021   11.514   11.626   14.397   14.467   14.548   14.722
            0.172357  0.172357  0.000000
 -108.152 -108.152  -70.141  -70.141  -51.869  -51.869  -51.869  -51.869   -5.012   -5.012
   -1.481   -1.443   -1.427   -1.393    0.004    0.014    0.344    0.365    0.366    0.447
    3.751    3.776    5.394    5.463    6.122    6.179    7.355    7.463   10.054   10.426
   10.794   11.017   11.509   11.620   14.404   14.473   14.533   14.702
            0.170884  0.170884 -0.000000
 -108.152 -108.152  -70.141  -70.141  -51.869  -51.869  -51.869  -51.869   -5.014   -5.014
   -1.481   -1.443   -1.428   -1.394    0.003    0.013    0.344    0.364    0.366    0.446
    3.768    3.792    5.404    5.473    6.127    6.184    7.347    7.454   10.049   10.417
   10.792   11.012   11.504   11.614   14.411   14.479   14.518   14.682
            0.169411  0.169411  0.000000
 -108.152 -108.152  -70.141  -70.141  -51.869  -51.869  -51.869  -51.869   -5.017   -5.016
   -1.481   -1.443   -1.429   -1.396    0.002    0.012    0.344    0.364    0.366    0.446
    3.785    3.808    5.415    5.483    6.131    6.188    7.339    7.445   10.045   10.408
   10.790   11.008   11.499   11.607   14.418   14.482   14.506   14.662
            0.167938  0.167938  0.000000
 -108.152 -108.152  -70.141  -70.141  -51.869  -51.869  -51.869  -51.869   -5.019   -5.019
   -1.481   -1.444   -1.430   -1.397    0.001    0.011    0.344    0.363    0.366    0.445
    3.801    3.824    5.425    5.492    6.136    6.193    7.332    7.435   10.041   10.399
   10.788   11.003   11.493   11.601   14.425   14.476   14.503   14.642
            0.166465  0.166465 -0.000000
 -108.152 -108.152  -70.141  -70.141  -51.869  -51.869  -51.869  -51.869   -5.021   -5.021
   -1.481   -1.444   -1.430   -1.399    0.000    0.010    0.344    0.363    0.366    0.444
    3.818    3.840    5.435    5.502    6.141    6.198    7.324    7.426   10.037   10.390
   10.787   10.999   11.488   11.594   14.432   14.462   14.508   14.622
            0.164992  0.164992  0.000000
 -108.152 -108.152  -70.141  -70.141  -51.869  -51.869  -51.869  -51.869   -5.024   -5.023
   -1.482   -1.444   -1.431   -1.400   -0.000    0.009    0.344    0.363    0.366    0.443
    3.835    3.857    5.445    5.511    6.146    6.202    7.316    7.417   10.033   10.381
   10.785   10.995   11.482   11.588   14.440   14.446   14.515   14.601
            0.163518  0.163518  0.000000
 -108.152 -108.152  -70.141  -70.141  -51.869  -51.869  -51.869  -51.869   -5.026   -5.026
   -1.482   -1.445   -1.432   -1.401   -0.001    0.008    0.345    0.362    0.366    0.442
    3.852    3.873    5.455    5.521    6.151    6.207    7.309    7.408   10.029   10.372
   10.783   10.991   11.476   11.581   14.429   14.447   14.522   14.581
            0.162045  0.162045 -0.000000
 -108.152 -108.152  -70.141  -70.141  -51.869  -51.869  -51.869  -51.869   -5.028   -5.028
   -1.482   -1.445   -1.433   -1.403   -0.002    0.007    0.345    0.362    0.366    0.441
    3.868    3.889    5.465    5.530    6.156    6.212    7.301    7.398   10.025   10.364
   10.782   10.987   11.471   11.574   14.412   14.454   14.530   14.562
            0.160572  0.160572  0.000000
 -108.152 -108.152  -70.141  -70.141  -51.869  -51.869  -51.869  -51.869   -5.031   -5.030
   -1.482   -1.445   -1.433   -1.404   -0.003    0.006    0.345    0.362    0.366    0.440
    3.885    3.905    5.474    5.540    6.161    6.216    7.293    7.389   10.021   10.355
   10.780   10.983   11.465   11.568   14.395   14.460   14.538   14.543
            0.159099  0.159099  0.000000
 -108.152 -108.152  -70.141  -70.141  -51.869  -51.869  -51.869  -51.869   -5.033   -5.033
   -1.482   -1.445   -1.434   -1.405   -0.004    0.005    0.345    0.361    0.366    0.440
    3.902    3.922    5.484    5.549    6.166    6.221    7.286    7.380   10.017   10.346
   10.779   10.979   11.459   11.561   14.378   14.466   14.525   14.546
            0.157626  0.157626 -0.000000
 -108.152 -108.152  -70.141  -70.141  -51.869  -51.869  -51.869  -51.869   -5.035   -5.035
   -1.482   -1.446   -1.435   -1.407   -0.004    0.004    0.346    0.361    0.366    0.439
    3.919    3.938    5.494    5.558    6.171    6.226    7.278    7.370   10.014   10.337
   10.778   10.975   11.453   11.553   14.360   14.467   14.511   14.554
            0.156153  0.156153  0.000000
 -108.152 -108.152  -70.141  -70.141  -51.869  -51.869  -51.869  -51.869   -5.037   -5.037
   -1.482   -1.446   -1.436   -1.408   -0.005    0.003    0.346    0.361    0.366    0.438
    3.936    3.954    5.503    5.567    6.176    6.230    7.270    7.361   10.010   10.329
   10.777   10.971   11.447   11.546   14.343   14.460   14.506   14.563
            0.154680  0.154680  0.000000
 -108.152 -108.152  -70.141  -70.141  -51.869  -51.869  -51.869  -51.869   -5.040   -5.039
   -1.483   -1.446   -1.436   -1.409   -0.006    0.002    0.346    0.360    0.367    0.437
    3.953    3.971    5.513    5.576    6.181    6.235    7.262    7.352   10.006   10.320
   10.775   10.967   11.441   11.539   14.325   14.445   14.508   14.571
            0.153206  0.153206 -0.000000
 -108.152 -108.152  -70.141  -70.141  -51.869  -51.869  -51.869  -51.869   -5.042   -5.042
   -1.483   -1.447   -1.437   -1.411   -0.007    0.001    0.346    0.360    0.367    0.436
    3.969    3.987    5.522    5.584    6.185    6.240    7.254    7.342   10.003   10.312
   10.774   10.964   11.435   11.532   14.307   14.427   14.514   14.580
            0.151733  0.151733  0.000000
 -108.152 -108.152  -70.141  -70.141  -51.869  -51.869  -51.869  -51.869   -5.044   -5.044
   -1.483   -1.447   -1.438   -1.412   -0.007   -0.000    0.346    0.360    0.367    0.435
    3.986    4.004    5.531    5.593    6.190    6.244    7.247    7.333   10.000   10.303
   10.774   10.960   11.429   11.524   14.289   14.407   14.522   14.588
            0.150260  0.150260  0.000000
 -108.152 -108.152  -70.141  -70.141  -51.869  -51.869  -51.869  -51.869   -5.046   -5.046
   -1.483   -1.447   -1.439   -1.413   -0.008   -0.001    0.347    0.360    0.367    0.435
    4.003    4.020    5.540    5.602    6.195    6.249    7.239    7.323    9.996   10.295
   10.773   10.957   11.423   11.517   14.271   14.387   14.530   14.597
            0.148787  0.148787 -0.000000
 -108.152 -108.152  -70.141  -70.141  -51.869  -51.869  -51.869  -51.869   -5.048   -5.048
   -1.483   -1.448   -1.439   -1.414   -0.009   -0.002    0.347    0.359    0.367    0.434
    4.020    4.037    5.550    5.610    6.200    6.253    7.231    7.314    9.993   10.286
   10.772   10.953   11.417   11.509   14.252   14.367   14.539   14.606
            0.147314  0.147314  0.000000
 -108.152 -108.152  -70.141  -70.141  -51.869  -51.869  -51.869  -51.869   -5.051   -5.050
   -1.483   -1.448   -1.440   -1.416   -0.010   -0.003    0.347    0.359    0.367    0.433
    4.037    4.053    5.559    5.619    6.205    6.258    7.223    7.304    9.990   10.278
   10.771   10.950   11.410   11.502   14.234   14.346   14.547   14.616
            0.145841  0.145841  0.000000
 -108.152 -108.152  -70.141  -70.141  -51.869  -51.869  -51.869  -51.869   -5.053   -5.053
   -1.483   -1.448   -1.441   -1.417   -0.010   -0.004    0.347    0.359    0.367    0.432
    4.054    4.069    5.567    5.627    6.210    6.263    7.215    7.295    9.987   10.270
   10.771   10.947   11.404   11.494   14.216   14.325   14.557   14.625
            0.144368  0.144368 -0.000000
 -108.152 -108.152  -70.141  -70.141  -51.869  -51.869  -51.869  -51.869   -5.055   -5.055
   -1.483   -1.448   -1.442   -1.418   -0.011   -0.005    0.348    0.359    0.367    0.431
    4.071    4.086    5.576    5.635    6.215    6.267    7.207    7.285    9.983   10.261
   10.771   10.944   11.398   11.486   14.197   14.304   14.566   14.634
            0.142894  0.142894  0.000000
 -108.152 -108.152  -70.141  -70.141  -51.869  -51.869  -51.869  -51.869   -5.057   -5.057
   -1.483   -1.449   -1.442   -1.419   -0.012   -0.006    0.348    0.358    0.367    0.430
    4.088    4.102    5.585    5.643    6.219    6.272    7.199    7.276    9.980   10.253
   10.770   10.940   11.392   11.478   14.179   14.284   14.575   14.644
            0.141421  0.141421  0.000000
 -108.152 -108.152  -70.141  -70.141  -51.869  -51.869  -51.869  -51.869   -5.059   -5.059
   -1.484   -1.449   -1.443   -1.420   -0.013   -0.007    0.348    0.358    0.367    0.430
    4.105    4.119    5.593    5.651    6.224    6.276    7.191    7.266    9.977   10.245
   10.770   10.937   11.385   11.471   14.160   14.263   14.585   14.653
            0.139948  0.139948 -0.000000
 -108.152 -108.152  -70.141  -70.141  -51.869  -51.869  -51.869  -51.869   -5.061   -5.061
   -1.484   -1.449   -1.444   -1.422   -0.013   -0.008    0.348    0.358    0.367    0.429
    4.121    4.135    5.602    5.659    6.229    6.281    7.183    7.257    9.974   10.237
   10.770   10.934   11.379   11.463   14.142   14.242   14.595   14.663
            0.138475  0.138475  0.000000
 -108.152 -108.152  -70.141  -70.141  -51.869  -51.869  -51.869  -51.869   -5.063   -5.063
   -1.484   -1.450   -1.444   -1.423   -0.014   -0.009    0.348    0.358    0.367    0.428
    4.138    4.152    5.610    5.667    6.234    6.286    7.175    7.247    9.972   10.229
   10.770   10.932   11.373   11.455   14.123   14.221   14.604   14.673
            0.137002  0.137002  0.000000
 -108.152 -108.152  -70.141  -70.141  -51.869  -51.869  -51.869  -51.869   -5.065   -5.065
   -1.484   -1.450   -1.445   -1.424   -0.015   -0.009    0.349    0.357    0.368    0.427
    4.155    4.169    5.618    5.674    6.239    6.290    7.167    7.237    9.969   10.220
   10.770   10.929   11.366   11.447   14.104   14.200   14.615   14.683
            0.135529  0.135529 -0.000000
 -108.152 -108.152  -70.141  -70.141  -51.869  -51.869  -51.869  -51.869   -5.067   -5.067
   -1.484   -1.450   -1.446   -1.425   -0.015   -0.010    0.349    0.357    0.368    0.426
    4.172    4.185    5.627    5.682    6.244    6.295    7.159    7.228    9.966   10.212
   10.770   10.926   11.360   11.439   14.086   14.179   14.625   14.693
            0.134056  0.134056  0.000000
 -108.152 -108.152  -70.141  -70.141  -51.869  -51.869  -51.869  -51.869   -5.069   -5.069
   -1.484   -1.451   -1.446   -1.426   -0.016   -0.011    0.349    0.357    0.368    0.426
    4.189    4.202    5.635    5.689    6.248    6.299    7.151    7.218    9.963   10.204
   10.770   10.923   11.353   11.431   14.067   14.158   14.635   14.704
            0.132583  0.132583  0.000000
 -108.152 -108.152  -70.141  -70.141  -51.869  -51.869  -51.869  -51.869   -5.071   -5.071
   -1.484   -1.451   -1.447   -1.427   -0.017   -0.012    0.349    0.357    0.368    0.425
    4.206    4.218    5.642    5.697    6.253    6.304    7.142    7.208    9.961   10.197
   10.771   10.921   11.347   11.423   14.048   14.137   14.645   14.714
            0.131109  0.131109 -0.000000
 -108.152 -108.152  -70.141  -70.141  -51.869  -51.869  -51.869  -51.869   -5.073   -5.073
   -1.484   -1.451   -1.448   -1.428   -0.017   -0.013    0.350    0.357    0.368    0.424
    4.223    4.235    5.650    5.704    6.258    6.308    7.134    7.199    9.958   10.189
   10.771   10.919   11.341   11.415   14.029   14.116   14.656   14.724
            0.129636  0.129636  0.000000
 -108.152 -108.152  -70.141  -70.141  -51.869  -51.869  -51.869  -51.869   -5.075   -5.075
   -1.484   -1.452   -1.448   -1.429   -0.018   -0.014    0.350    0.356    0.368    0.423
    4.240    4.251    5.658    5.711    6.263    6.313    7.126    7.189    9.955   10.181
   10.772   10.916   11.334   11.407   14.011   14.095   14.667   14.735
            0.128163  0.128163  0.000000
 -108.152 -108.152  -70.141  -70.141  -51.869  -51.869  -51.869  -51.869   -5.077   -5.077
   -1.484   -1.452   -1.449   -1.430   -0.019   -0.014    0.350    0.356    0.368    0.422
    4.257    4.268    5.665    5.718    6.268    6.317    7.118    7.179    9.953   10.173
   10.772   10.914   11.328   11.399   13.992   14.074   14.677   14.746
            0.126690  0.126690 -0.000000
 -108.152 -108.152  -70.141  -70.141  -51.869  -51.869  -51.869  -51.869   -5.079   -5.079
   -1.484   -1.452   -1.450   -1.431   -0.019   -0.015    0.350    0.356    0.368    0.422
    4.273    4.284    5.673    5.724    6.272    6.322    7.110    7.169    9.950   10.165
   10.773   10.912   11.321   11.391   13.973   14.053   14.688   14.756
            0.125217  0.125217  0.000000
 -108.152 -108.152  -70.141  -70.141  -51.869  -51.869  -51.869  -51.869   -5.081   -5.081
   -1.484   -1.452   -1.450   -1.432   -0.020   -0.016    0.351    0.356    0.368    0.421
    4.290    4.301    5.680    5.731    6.277    6.326    7.101    7.160    9.948   10.158
   10.774   10.910   11.315   11.383   13.954   14.032   14.699   14.767
            0.123744  0.123744  0.000000
 -108.152 -108.152  -70.141  -70.141  -51.869  -51.869  -51.869  -51.869   -5.083   -5.083
   -1.484   -1.453   -1.451   -1.433   -0.021   -0.017    0.351    0.356    0.368    0.420
    4.307    4.318    5.687    5.737    6.282    6.331    7.093    7.150    9.945   10.150
   10.775   10.908   11.309   11.375   13.935   14.011   14.711   14.778
            0.122271  0.122271 -0.000000
 -108.152 -108.152  -70.141  -70.141  -51.869  -51.869  -51.869  -51.869   -5.085   -5.085
   -1.484   -1.453   -1.451   -1.434   -0.021   -0.017    0.351    0.356    0.368    0.419
    4.324    4.334    5.694    5.744    6.287    6.335    7.085    7.140    9.943   10.142
   10.776   10.906   11.302   11.367   13.916   13.990   14.722   14.790
            0.120797  0.120797  0.000000
 -108.152 -108.152  -70.141  -70.141  -51.869  -51.869  -51.869  -51.869   -5.087   -5.087
   -1.484   -1.453   -1.452   -1.435   -0.022   -0.018    0.351    0.356    0.368    0.419
    4.341    4.351    5.701    5.750    6.291    6.340    7.077    7.130    9.941   10.135
   10.777   10.904   11.296   11.359   13.897   13.969   14.733   14.801
            0.119324  0.119324  0.000000
 -108.152 -108.152  -70.141  -70.141  -51.869  -51.869  -51.869  -51.869   -5.089   -5.089
   -1.484   -1.454   -1.453   -1.436   -0.022   -0.019    0.352    0.356    0.369    0.418
    4.358    4.367    5.708    5.756    6.296    6.344    7.068    7.120    9.938   10.127
   10.778   10.902   11.290   11.352   13.879   13.948   14.745   14.812
            0.117851  0.117851 -0.000000
 -108.152 -108.152  -70.141  -70.141  -51.869  -51.869  -51.869  -51.869   -5.091   -5.090
   -1.484   -1.454   -1.453   -1.437   -0.023   -0.020    0.352    0.355    0.369    0.417
    4.374    4.384    5.715    5.762    6.301    6.349    7.060    7.111    9.936   10.120
   10.780   10.901   11.283   11.344   13.860   13.927   14.756   14.824
            0.116378  0.116378  0.000000
 -108.152 -108.152  -70.141  -70.141  -51.869  -51.869  -51.869  -51.869   -5.092   -5.092
   -1.484   -1.454   -1.454   -1.438   -0.024   -0.020    0.352    0.355    0.369    0.416
    4.391    4.400    5.721    5.768    6.306    6.353    7.052    7.101    9.934   10.113
   10.781   10.899   11.277   11.336   13.841   13.907   14.768   14.835
            0.114905  0.114905  0.000000
 -108.152 -108.152  -70.141  -70.141  -51.869  -51.869  -51.869  -51.869   -5.094   -5.094
   -1.484   -1.455   -1.454   -1.439   -0.024   -0.021    0.352    0.355    0.369    0.415
    4.408    4.417    5.728    5.773    6.310    6.358    7.043    7.091    9.931   10.105
   10.783   10.898   11.271   11.328   13.822   13.886   14.780   14.847
            0.113432  0.113432 -0.000000
 -108.152 -108.152  -70.141  -70.141  -51.869  -51.869  -51.869  -51.869   -5.096   -5.096
   -1.484   -1.455   -1.455   -1.440   -0.025   -0.022    0.353    0.355    0.369    0.415
    4.425    4.433    5.734    5.779    6.315    6.362    7.035    7.081    9.929   10.098
   10.784   10.897   11.265   11.320   13.803   13.865   14.792   14.859
            0.111959  0.111959  0.000000
 -108.152 -108.152  -70.141  -70.141  -51.869  -51.869  -51.869  -51.869   -5.098   -5.098
   -1.484   -1.456   -1.455   -1.441   -0.025   -0.023    0.353    0.355    0.369    0.414
    4.442    4.450    5.740    5.784    6.320    6.367    7.027    7.071    9.927   10.091
   10.786   10.896   11.258   11.313   13.785   13.845   14.804   14.871
            0.110485  0.110485  0.000000
 -108.152 -108.152  -70.141  -70.141  -51.869  -51.869  -51.869  -51.869   -5.099   -5.099
   -1.484   -1.456   -1.455   -1.442   -0.026   -0.023    0.353    0.355    0.369    0.413
    4.458    4.466    5.746    5.790    6.325    6.371    7.018    7.062    9.925   10.084
   10.788   10.895   11.252   11.305   13.766   13.824   14.816   14.883
            0.109012  0.109012 -0.000000
 -108.152 -108.152  -70.141  -70.141  -51.869  -51.869  -51.869  -51.869   -5.101   -5.101
   -1.484   -1.457   -1.456   -1.443   -0.027   -0.024    0.353    0.355    0.369    0.412
    4.475    4.483    5.752    5.795    6.329    6.375    7.010    7.052    9.923   10.077
   10.790   10.894   11.246   11.297   13.747   13.804   14.829   14.895
            0.107539  0.107539  0.000000
 -108.152 -108.152  -70.141  -70.141  -51.869  -51.869  -51.869  -51.869   -5.103   -5.103
   -1.484   -1.457   -1.456   -1.444   -0.027   -0.025    0.353    0.355    0.369    0.412
    4.492    4.499    5.758    5.800    6.334    6.380    7.001    7.042    9.920   10.070
   10.792   10.893   11.240   11.290   13.729   13.784   14.841   14.907
            0.106066  0.106066  0.000000
 -108.152 -108.152  -70.141  -70.141  -51.869  -51.869  -51.869  -51.869   -5.105   -5.104
   -1.484   -1.458   -1.456   -1.445   -0.028   -0.025    0.354    0.355    0.369    0.411
    4.508    4.516    5.764    5.804    6.339    6.384    6.993    7.032    9.918   10.063
   10.794   10.892   11.234   11.282   13.710   13.763   14.854   14.920
            0.104593  0.104593 -0.000000
 -108.152 -108.152  -70.141  -70.141  -51.869  -51.869  -51.869  -51.869   -5.106   -5.106
   -1.484   -1.458   -1.457   -1.445   -0.028   -0.026    0.354    0.355    0.369    0.410
    4.525    4.532    5.769    5.809    6.343    6.388    6.985    7.022    9.916   10.056
   10.796   10.891   11.228   11.275   13.692   13.743   14.866   14.932
            0.103120  0.103120  0.000000
 -108.152 -108.152  -70.141  -70.141  -51.869  -51.869  -51.869  -51.869   -5.108   -5.108
   -1.484   -1.459   -1.457   -1.446   -0.029   -0.026    0.354    0.355    0.369    0.409
    4.542    4.548    5.774    5.814    6.348    6.393    6.976    7.013    9.914   10.049
   10.799   10.891   11.222   11.267   13.673   13.723   14.879   14.945
            0.101647  0.101647  0.000000
 -108.152 -108.152  -70.141  -70.141  -51.869  -51.869  -51.869  -51.869   -5.109   -5.109
   -1.484   -1.459   -1.457   -1.447   -0.029   -0.027    0.354    0.355    0.369    0.409
    4.558    4.565    5.780    5.818    6.353    6.397    6.968    7.003    9.912   10.042
   10.801   10.890   11.216   11.260   13.655   13.703   14.892   14.958
            0.100173  0.100173 -0.000000
 -108.152 -108.152  -70.141  -70.141  -51.869  -51.869  -51.869  -51.869   -5.111   -5.111
   -1.484   -1.460   -1.458   -1.448   -0.030   -0.028    0.354    0.356    0.370    0.408
    4.575    4.581    5.785    5.822    6.357    6.401    6.959    6.993    9.910   10.036
   10.803   10.890   11.211   11.253   13.637   13.683   14.905   14.970
            0.098700  0.098700  0.000000
 -108.152 -108.152  -70.141  -70.141  -51.869  -51.869  -51.869  -51.869   -5.113   -5.113
   -1.484   -1.460   -1.458   -1.449   -0.030   -0.028    0.354    0.356    0.370    0.407
    4.591    4.597    5.789    5.826    6.362    6.405    6.951    6.983    9.908   10.029
   10.806   10.890   11.205   11.246   13.618   13.663   14.918   14.983
            0.097227  0.097227  0.000000
 -108.152 -108.152  -70.141  -70.141  -51.869  -51.869  -51.869  -51.869   -5.114   -5.114
   -1.484   -1.461   -1.458   -1.449   -0.031   -0.029    0.354    0.356    0.370    0.407
    4.608    4.614    5.794    5.830    6.366    6.410    6.942    6.973    9.906   10.023
   10.809   10.890   11.199   11.239   13.600   13.644   14.931   14.996
            0.095754  0.095754 -0.000000
 -108.152 -108.152  -70.141  -70.141  -51.869  -51.869  -51.869  -51.869   -5.116   -5.116
   -1.484   -1.461   -1.458   -1.450   -0.031   -0.029    0.354    0.356    0.370    0.406
    4.624    4.630    5.799    5.834    6.371    6.414    6.934    6.964    9.904   10.016
   10.811   10.890   11.194   11.232   13.582   13.624   14.945   15.009
            0.094281  0.094281  0.000000
 -108.152 -108.152  -70.141  -70.141  -51.869  -51.869  -51.869  -51.869   -5.117   -5.117
   -1.484   -1.462   -1.459   -1.451   -0.032   -0.030    0.354    0.356    0.370    0.405
    4.641    4.646    5.803    5.838    6.375    6.418    6.925    6.954    9.902   10.010
   10.814   10.890   11.188   11.225   13.564   13.605   14.958   15.023
            0.092808  0.092808  0.000000
 -108.152 -108.152  -70.141  -70.141  -51.869  -51.869  -51.869  -51.869   -5.119   -5.119
   -1.484   -1.462   -1.459   -1.452   -0.032   -0.031    0.354    0.357    0.370    0.404
    4.657    4.662    5.808    5.841    6.380    6.422    6.917    6.944    9.900   10.004
   10.817   10.890   11.182   11.218   13.546   13.585   14.972   15.036
            0.091335  0.091335 -0.000000
 -108.152 -108.152  -70.141  -70.141  -51.869  -51.869  -51.869  -51.869   -5.120   -5.120
   -1.484   -1.463   -1.459   -1.452   -0.033   -0.031    0.354    0.357    0.370    0.404
    4.673    4.679    5.812    5.844    6.384    6.426    6.909    6.935    9.898    9.998
   10.820   10.891   11.177   11.211   13.529   13.566   14.985   15.049
            0.089861  0.089861  0.000000
 -108.152 -108.152  -70.141  -70.141  -51.869  -51.869  -51.869  -51.869   -5.122   -5.122
   -1.484   -1.463   -1.460   -1.453   -0.033   -0.032    0.354    0.357    0.370    0.403
    4.690    4.695    5.816    5.848    6.389    6.430    6.900    6.925    9.896    9.991
   10.823   10.891   11.172   11.204   13.511   13.547   14.999   15.063
            0.088388  0.088388  0.000000
 -108.152 -108.152  -70.141  -70.141  -51.869  -51.869  -51.869  -51.869   -5.123   -5.123
   -1.484   -1.464   -1.460   -1.454   -0.034   -0.032    0.354    0.357    0.370    0.402
    4.706    4.711    5.820    5.851    6.393    6.434    6.892    6.915    9.894    9.985
   10.826   10.892   11.166   11.198   13.493   13.528   15.013   15.077
            0.086915  0.086915 -0.000000
 -108.152 -108.152  -70.141  -70.141  -51.869  -51.869  -51.869  -51.869   -5.125   -5.124
   -1.484   -1.464   -1.460   -1.454   -0.034   -0.033    0.354    0.358    0.370    0.402
    4.722    4.727    5.823    5.853    6.398    6.438    6.883    6.906    9.892    9.979
   10.829   10.892   11.161   11.191   13.476   13.509   15.027   15.090
            0.085442  0.085442  0.000000
 -108.152 -108.152  -70.141  -70.141  -51.869  -51.869  -51.869  -51.869   -5.126   -5.126
   -1.484   -1.464   -1.461   -1.455   -0.035   -0.033    0.355    0.358    0.370    0.401
    4.738    4.743    5.827    5.856    6.402    6.442    6.875    6.896    9.889    9.974
   10.832   10.893   11.156   11.185   13.458   13.490   15.041   15.104
            0.083969  0.083969  0.000000
 -108.152 -108.152  -70.141  -70.141  -51.869  -51.869  -51.869  -51.869   -5.127   -5.127
   -1.484   -1.465   -1.461   -1.456   -0.035   -0.034    0.355    0.358    0.370    0.400
    4.754    4.759    5.830    5.859    6.406    6.446    6.867    6.887    9.887    9.968
   10.836   10.894   11.151   11.178   13.441   13.472   15.055   15.118
            0.082496  0.082496 -0.000000
 -108.152 -108.152  -70.141  -70.141  -51.869  -51.869  -51.869  -51.869   -5.129   -5.129
   -1.484   -1.465   -1.461   -1.456   -0.035   -0.034    0.355    0.358    0.370    0.400
    4.770    4.775    5.833    5.861    6.411    6.450    6.858    6.877    9.885    9.962
   10.839   10.895   11.146   11.172   13.424   13.453   15.070   15.132
            0.081023  0.081023  0.000000
 -108.152 -108.152  -70.141  -70.141  -51.869  -51.869  -51.869  -51.869   -5.130   -5.130
   -1.484   -1.466   -1.461   -1.457   -0.036   -0.035    0.355    0.358    0.370    0.399
    4.786    4.791    5.836    5.863    6.415    6.454    6.850    6.868    9.883    9.956
   10.842   10.896   11.141   11.166   13.407   13.435   15.084   15.146
            0.079550  0.079550  0.000000
 -108.152 -108.152  -70.141  -70.141  -51.869  -51.869  -51.869  -51.869   -5.131   -5.131
   -1.484   -1.466   -1.462   -1.458   -0.036   -0.035    0.355    0.359    0.370    0.398
    4.802    4.807    5.839    5.865    6.419    6.457    6.842    6.858    9.881    9.951
   10.846   10.897   11.136   11.160   13.390   13.417   15.098   15.160
            0.078076  0.078076 -0.000000
 -108.152 -108.152  -70.141  -70.141  -51.869  -51.869  -51.869  -51.869   -5.133   -5.133
   -1.484   -1.466   -1.462   -1.458   -0.037   -0.036    0.355    0.359    0.370    0.398
    4.818    4.822    5.842    5.867    6.423    6.461    6.834    6.849    9.879    9.946
   10.849   10.898   11.131   11.154   13.374   13.399   15.113   15.175
            0.076603  0.076603  0.000000
 -108.152 -108.152  -70.141  -70.141  -51.869  -51.869  -51.869  -51.869   -5.134   -5.134
   -1.484   -1.467   -1.462   -1.459   -0.037   -0.036    0.355    0.359    0.370    0.397
    4.834    4.838    5.845    5.869    6.427    6.465    6.825    6.840    9.877    9.940
   10.853   10.900   11.126   11.148   13.357   13.381   15.128   15.189
            0.075130  0.075130  0.000000
 -108.152 -108.152  -70.141  -70.141  -51.869  -51.869  -51.869  -51.869   -5.135   -5.135
   -1.484   -1.467   -1.463   -1.460   -0.037   -0.037    0.355    0.359    0.370    0.396
    4.850    4.854    5.847    5.871    6.432    6.468    6.817    6.831    9.875    9.935
   10.857   10.901   11.121   11.143   13.341   13.364   15.142   15.204
            0.073657  0.073657 -0.000000
 -108.152 -108.152  -70.141  -70.141  -51.869  -51.869  -51.869  -51.869   -5.136   -5.136
   -1.483   -1.468   -1.463   -1.460   -0.038   -0.037    0.355    0.360    0.370    0.396
    4.866    4.869    5.849    5.872    6.436    6.472    6.809    6.821    9.873    9.930
   10.860   10.903   11.117   11.137   13.324   13.347   15.157   15.218
            0.072184  0.072184  0.000000
 -108.152 -108.152  -70.141  -70.141  -51.869  -51.869  -51.869  -51.869   -5.137   -5.137
   -1.483   -1.468   -1.463   -1.461   -0.038   -0.037    0.355    0.360    0.370    0.395
    4.881    4.885    5.851    5.873    6.440    6.476    6.801    6.812    9.871    9.925
   10.864   10.904   11.112   11.132   13.308   13.329   15.172   15.233
            0.070711  0.070711  0.000000
 -108.152 -108.152  -70.141  -70.141  -51.869  -51.869  -51.869  -51.869   -5.139   -5.139
   -1.483   -1.468   -1.463   -1.461   -0.039   -0.038    0.355    0.360    0.370    0.394
    4.897    4.900    5.853    5.874    6.444    6.479    6.793    6.803    9.869    9.920
   10.868   10.906   11.108   11.126   13.292   13.312   15.187   15.247
            0.069238  0.069238 -0.000000
 -108.152 -108.152  -70.141  -70.141  -51.869  -51.869  -51.869  -51.869   -5.140   -5.140
   -1.483   -1.469   -1.464   -1.462   -0.039   -0.038    0.356    0.360    0.371    0.394
    4.912    4.916    5.855    5.875    6.448    6.482    6.785    6.794    9.867    9.915
   10.871   10.908   11.103   11.121   13.277   13.296   15.202   15.262
            0.067764  0.067764  0.000000
 -108.152 -108.152  -70.141  -70.141  -51.869  -51.869  -51.869  -51.869   -5.141   -5.141
   -1.483   -1.469   -1.464   -1.462   -0.039   -0.039    0.356    0.361    0.371    0.393
    4.928    4.931    5.856    5.876    6.451    6.486    6.777    6.786    9.865    9.910
   10.875   10.910   11.099   11.116   13.261   13.279   15.217   15.277
            0.066291  0.066291  0.000000
 -108.152 -108.152  -70.141  -70.141  -51.869  -51.869  -51.869  -51.869   -5.142   -5.142
   -1.483   -1.469   -1.464   -1.463   -0.040   -0.039    0.356    0.361    0.371    0.392
    4.943    4.946    5.858    5.876    6.455    6.489    6.769    6.777    9.863    9.905
   10.879   10.912   11.095   11.111   13.246   13.263   15.233   15.292
            0.064818  0.064818 -0.000000
 -108.152 -108.152  -70.141  -70.141  -51.869  -51.869  -51.869  -51.869   -5.143   -5.143
   -1.483   -1.470   -1.465   -1.463   -0.040   -0.039    0.356    0.361    0.371    0.392
    4.958    4.961    5.859    5.877    6.459    6.492    6.761    6.768    9.861    9.901
   10.883   10.914   11.091   11.106   13.231   13.247   15.248   15.307
            0.063345  0.063345  0.000000
 -108.152 -108.152  -70.141  -70.141  -51.869  -51.869  -51.869  -51.869   -5.144   -5.144
   -1.483   -1.470   -1.465   -1.464   -0.040   -0.040    0.356    0.361    0.371    0.391
    4.974    4.976    5.860    5.877    6.463    6.495    6.754    6.760    9.859    9.896
   10.887   10.916   11.087   11.101   13.216   13.231   15.263   15.322
            0.061872  0.061872  0.000000
 -108.152 -108.152  -70.141  -70.141  -51.869  -51.869  -51.869  -51.869   -5.145   -5.145
   -1.483   -1.470   -1.465   -1.464   -0.041   -0.040    0.356    0.361    0.371    0.390
    4.989    4.991    5.861    5.877    6.466    6.499    6.746    6.751    9.857    9.892
   10.891   10.918   11.083   11.096   13.201   13.215   15.279   15.337
            0.060399  0.060399 -0.000000
 -108.152 -108.152  -70.141  -70.141  -51.869  -51.869  -51.869  -51.869   -5.146   -5.146
   -1.483   -1.471   -1.466   -1.465   -0.041   -0.040    0.356    0.362    0.371    0.390
    5.004    5.006    5.862    5.877    6.470    6.502    6.739    6.743    9.855    9.888
   10.894   10.920   11.079   11.091   13.186   13.200   15.295   15.353
            0.058926  0.058926  0.000000
 -108.152 -108.152  -70.141  -70.141  -51.869  -51.869  -51.869  -51.869   -5.147   -5.147
   -1.482   -1.471   -1.466   -1.465   -0.041   -0.041    0.357    0.362    0.371    0.389
    5.019    5.021    5.862    5.877    6.474    6.505    6.731    6.735    9.853    9.884
   10.898   10.923   11.075   11.087   13.172   13.185   15.310   15.368
            0.057452  0.057452  0.000000
 -108.152 -108.152  -70.141  -70.141  -51.869  -51.869  -51.869  -51.869   -5.148   -5.148
   -1.482   -1.471   -1.466   -1.466   -0.042   -0.041    0.357    0.362    0.371    0.389
    5.033    5.036    5.862    5.876    6.477    6.507    6.724    6.727    9.851    9.880
   10.902   10.925   11.071   11.082   13.158   13.170   15.326   15.383
            0.055979  0.055979 -0.000000
 -108.152 -108.152  -70.141  -70.141  -51.869  -51.869  -51.869  -51.869   -5.149   -5.149
   -1.482   -1.471   -1.467   -1.466   -0.042   -0.042    0.357    0.362    0.371    0.388
    5.048    5.050    5.862    5.875    6.481    6.510    6.716    6.719    9.849    9.876
   10.906   10.927   11.068   11.078   13.144   13.155   15.342   15.399
            0.054506  0.054506  0.000000
 -108.152 -108.152  -70.141  -70.141  -51.869  -51.869  -51.869  -51.869   -5.150   -5.150
   -1.482   -1.472   -1.467   -1.466   -0.042   -0.042    0.357    0.363    0.371    0.387
    5.063    5.065    5.862    5.875    6.484    6.513    6.709    6.711    9.847    9.872
   10.910   10.930   11.064   11.074   13.130   13.141   15.358   15.414
            0.053033  0.053033  0.000000
 -108.152 -108.152  -70.141  -70.141  -51.869  -51.869  -51.869  -51.869   -5.151   -5.151
   -1.482   -1.472   -1.467   -1.467   -0.042   -0.042    0.357    0.363    0.371    0.387
    5.077    5.079    5.862    5.874    6.487    6.516    6.702    6.703    9.846    9.868
   10.914   10.932   11.061   11.070   13.117   13.127   15.374   15.430
            0.051560  0.051560 -0.000000
 -108.152 -108.152  -70.141  -70.141  -51.869  -51.869  -51.869  -51.869   -5.152   -5.152
   -1.482   -1.472   -1.468   -1.467   -0.043   -0.042    0.358    0.363    0.371    0.386
    5.091    5.093    5.862    5.872    6.491    6.518    6.695    6.695    9.844    9.864
   10.918   10.935   11.057   11.066   13.104   13.113   15.390   15.446
            0.050087  0.050087  0.000000
 -108.152 -108.152  -70.141  -70.141  -51.869  -51.869  -51.869  -51.869   -5.153   -5.153
   -1.482   -1.473   -1.468   -1.467   -0.043   -0.043    0.358    0.363    0.371    0.386
    5.106    5.108    5.861    5.871    6.494    6.521    6.688    6.688    9.842    9.861
   10.921   10.937   11.054   11.062   13.091   13.099   15.406   15.461
            0.048614  0.048614  0.000000
 -108.152 -108.152  -70.141  -70.141  -51.869  -51.869  -51.869  -51.869   -5.153   -5.153
   -1.482   -1.473   -1.469   -1.468   -0.043   -0.043    0.358    0.363    0.371    0.385
    5.120    5.121    5.860    5.870    6.497    6.523    6.681    6.682    9.840    9.857
   10.925   10.940   11.051   11.058   13.078   13.086   15.422   15.477
            0.047140  0.047140 -0.000000
 -108.152 -108.152  -70.141  -70.141  -51.869  -51.869  -51.869  -51.869   -5.154   -5.154
   -1.481   -1.473   -1.469   -1.468   -0.043   -0.043    0.358    0.364    0.371    0.384
    5.133    5.135    5.859    5.868    6.500    6.526    6.674    6.675    9.838    9.854
   10.929   10.942   11.048   11.055   13.066   13.073   15.438   15.493
            0.045667  0.045667  0.000000
 -108.152 -108.152  -70.141  -70.141  -51.869  -51.869  -51.869  -51.869   -5.155   -5.155
   -1.481   -1.473   -1.469   -1.468   -0.044   -0.044    0.358    0.364    0.371    0.384
    5.147    5.149    5.858    5.866    6.503    6.528    6.667    6.668    9.836    9.851
   10.932   10.945   11.045   11.051   13.054   13.060   15.454   15.509
            0.044194  0.044194  0.000000
 -108.152 -108.152  -70.141  -70.141  -51.869  -51.869  -51.869  -51.869   -5.156   -5.156
   -1.481   -1.473   -1.470   -1.468   -0.044   -0.044    0.359    0.364    0.371    0.383
    5.161    5.162    5.856    5.864    6.506    6.530    6.660    6.662    9.834    9.848
   10.936   10.948   11.042   11.048   13.042   13.048   15.471   15.524
            0.042721  0.042721 -0.000000
 -108.152 -108.152  -70.141  -70.141  -51.869  -51.869  -51.869  -51.869   -5.156   -5.156
   -1.481   -1.474   -1.470   -1.469   -0.044   -0.044    0.359    0.364    0.371    0.383
    5.174    5.176    5.855    5.862    6.509    6.532    6.653    6.656    9.833    9.845
   10.940   10.950   11.039   11.045   13.031   13.036   15.487   15.540
            0.041248  0.041248  0.000000
 -108.152 -108.152  -70.141  -70.141  -51.869  -51.869  -51.869  -51.869   -5.157   -5.157
   -1.481   -1.474   -1.470   -1.469   -0.044   -0.044    0.359    0.364    0.370    0.382
    5.187    5.189    5.853    5.860    6.512    6.535    6.647    6.650    9.831    9.842
   10.943   10.953   11.036   11.042   13.020   13.024   15.503   15.556
            0.039775  0.039775  0.000000
 -108.152 -108.152  -70.141  -70.141  -51.869  -51.869  -51.869  -51.869   -5.158   -5.158
   -1.481   -1.474   -1.471   -1.469   -0.045   -0.045    0.359    0.365    0.370    0.382
    5.201    5.202    5.851    5.857    6.514    6.536    6.641    6.644    9.829    9.839
   10.947   10.955   11.033   11.039   13.009   13.013   15.520   15.572
            0.038302  0.038302 -0.000000
 -108.152 -108.152  -70.141  -70.141  -51.869  -51.869  -51.869  -51.869   -5.159   -5.159
   -1.481   -1.474   -1.471   -1.469   -0.045   -0.045    0.360    0.365    0.370    0.381
    5.213    5.215    5.849    5.855    6.517    6.538    6.635    6.638    9.828    9.836
   10.950   10.958   11.031   11.036   12.998   13.002   15.536   15.588
            0.036828  0.036828  0.000000
 -108.152 -108.152  -70.141  -70.141  -51.869  -51.869  -51.869  -51.869   -5.159   -5.159
   -1.480   -1.474   -1.471   -1.470   -0.045   -0.045    0.360    0.365    0.370    0.381
    5.226    5.227    5.847    5.852    6.520    6.540    6.629    6.633    9.826    9.834
   10.953   10.960   11.028   11.033   12.988   12.992   15.552   15.603
            0.035355  0.035355  0.000000
 -108.152 -108.152  -70.141  -70.141  -51.869  -51.869  -51.869  -51.869   -5.160   -5.160
   -1.480   -1.474   -1.472   -1.470   -0.045   -0.045    0.360    0.365    0.370    0.380
    5.239    5.240    5.845    5.849    6.522    6.542    6.623    6.627    9.824    9.831
   10.957   10.963   11.026   11.030   12.978   12.981   15.569   15.619
            0.033882  0.033882 -0.000000
 -108.152 -108.152  -70.141  -70.141  -51.869  -51.869  -51.869  -51.869   -5.160   -5.160
   -1.480   -1.475   -1.472   -1.470   -0.045   -0.045    0.361    0.365    0.370    0.380
    5.251    5.252    5.842    5.846    6.525    6.544    6.618    6.622    9.823    9.829
   10.960   10.965   11.024   11.028   12.969   12.971   15.585   15.635
            0.032409  0.032409  0.000000
 -108.152 -108.152  -70.141  -70.141  -51.869  -51.869  -51.869  -51.869   -5.161   -5.161
   -1.480   -1.475   -1.472   -1.470   -0.046   -0.046    0.361    0.365    0.370    0.379
    5.263    5.264    5.839    5.843    6.527    6.545    6.613    6.617    9.821    9.827
   10.963   10.968   11.022   11.025   12.959   12.962   15.601   15.651
            0.030936  0.030936  0.000000
 -108.152 -108.152  -70.141  -70.141  -51.869  -51.869  -51.869  -51.869   -5.161   -5.161
   -1.480   -1.475   -1.472   -1.471   -0.046   -0.046    0.361    0.366    0.370    0.378
    5.274    5.275    5.837    5.840    6.529    6.547    6.608    6.612    9.820    9.825
   10.966   10.970   11.020   11.023   12.950   12.953   15.618   15.666
            0.029463  0.029463 -0.000000
 -108.152 -108.152  -70.141  -70.141  -51.869  -51.869  -51.869  -51.869   -5.162   -5.162
   -1.480   -1.475   -1.473   -1.471   -0.046   -0.046    0.361    0.366    0.370    0.378
    5.286    5.287    5.834    5.837    6.531    6.548    6.603    6.607    9.818    9.823
   10.969   10.973   11.018   11.020   12.942   12.944   15.634   15.681
            0.027990  0.027990  0.000000
 -108.152 -108.152  -70.141  -70.141  -51.869  -51.869  -51.869  -51.869   -5.162   -5.162
   -1.479   -1.475   -1.473   -1.471   -0.046   -0.046    0.362    0.366    0.370    0.377
    5.297    5.298    5.831    5.833    6.533    6.549    6.598    6.603    9.817    9.821
   10.971   10.975   11.016   11.018   12.934   12.935   15.650   15.697
            0.026517  0.026517  0.000000
 -108.152 -108.152  -70.141  -70.141  -51.869  -51.869  -51.869  -51.869   -5.163   -5.163
   -1.479   -1.475   -1.473   -1.471   -0.046   -0.046    0.362    0.366    0.370    0.377
    5.308    5.308    5.828    5.830    6.536    6.551    6.594    6.599    9.816    9.819
   10.974   10.977   11.014   11.016   12.926   12.927   15.666   15.712
            0.025043  0.025043 -0.000000
 -108.152 -108.152  -70.141  -70.141  -51.869  -51.869  -51.869  -51.869   -5.163   -5.163
   -1.479   -1.475   -1.473   -1.472   -0.046   -0.046    0.362    0.366    0.370    0.376
    5.318    5.319    5.825    5.826    6.537    6.552    6.590    6.594    9.815    9.817
   10.976   10.979   11.012   11.014   12.919   12.920   15.682   15.727
            0.023570  0.023570  0.000000
 -108.152 -108.152  -70.141  -70.141  -51.869  -51.869  -51.869  -51.869   -5.164   -5.164
   -1.479   -1.475   -1.474   -1.472   -0.047   -0.046    0.363    0.366    0.370    0.376
    5.328    5.329    5.821    5.823    6.539    6.553    6.586    6.591    9.813    9.815
   10.979   10.981   11.011   11.013   12.912   12.913   15.698   15.742
            0.022097  0.022097  0.000000
 -108.152 -108.152  -70.141  -70.141  -51.869  -51.869  -51.869  -51.869   -5.164   -5.164
   -1.479   -1.476   -1.474   -1.472   -0.047   -0.047    0.363    0.367    0.370    0.375
    5.338    5.338    5.818    5.819    6.541    6.554    6.583    6.587    9.812    9.814
   10.981   10.983   11.009   11.011   12.905   12.906   15.713   15.756
            0.020624  0.020624 -0.000000
 -108.152 -108.152  -70.141  -70.141  -51.869  -51.869  -51.869  -51.869   -5.164   -5.164
   -1.479   -1.476   -1.474   -1.472   -0.047   -0.047    0.363    0.367    0.370    0.375
    5.347    5.348    5.815    5.816    6.543    6.555    6.579    6.583    9.811    9.813
   10.983   10.985   11.008   11.009   12.899   12.899   15.729   15.770
            0.019151  0.019151  0.000000
 -108.152 -108.152  -70.141  -70.141  -51.869  -51.869  -51.869  -51.869   -5.165   -5.165
   -1.478   -1.476   -1.474   -1.473   -0.047   -0.047    0.364    0.367    0.370    0.374
    5.356    5.356    5.812    5.813    6.544    6.556    6.576    6.580    9.810    9.811
   10.985   10.987   11.006   11.008   12.893   12.893   15.744   15.784
            0.017678  0.017678  0.000000
 -108.152 -108.152  -70.141  -70.141  -51.869  -51.869  -51.869  -51.869   -5.165   -5.165
   -1.478   -1.476   -1.474   -1.473   -0.047   -0.047    0.364    0.367    0.370    0.374
    5.365    5.365    5.809    5.809    6.546    6.556    6.573    6.577    9.809    9.810
   10.987   10.988   11.005   11.006   12.887   12.888   15.759   15.797
            0.016205  0.016205 -0.000000
 -108.152 -108.152  -70.141  -70.141  -51.869  -51.869  -51.869  -51.869   -5.165   -5.165
   -1.478   -1.476   -1.474   -1.473   -0.047   -0.047    0.364    0.367    0.370    0.373
    5.372    5.373    5.806    5.806    6.547    6.557    6.571    6.574    9.808    9.809
   10.989   10.990   11.004   11.005   12.882   12.883   15.773   15.810
            0.014731  0.014731  0.000000
 -108.152 -108.152  -70.141  -70.141  -51.869  -51.869  -51.869  -51.869   -5.166   -5.166
   -1.478   -1.476   -1.475   -1.473   -0.047   -0.047    0.365    0.367    0.370    0.373
    5.380    5.380    5.803    5.803    6.549    6.557    6.568    6.571    9.807    9.808
   10.991   10.991   11.003   11.004   12.878   12.878   15.787   15.822
            0.013258  0.013258  0.000000
 -108.152 -108.152  -70.141  -70.141  -51.869  -51.869  -51.869  -51.869   -5.166   -5.166
   -1.478   -1.476   -1.475   -1.474   -0.047   -0.047    0.365    0.367    0.369    0.373
    5.387    5.387    5.800    5.800    6.550    6.558    6.566    6.569    9.807    9.807
   10.992   10.993   11.002   11.003   12.874   12.874   15.801   15.833
            0.011785  0.011785 -0.000000
 -108.152 -108.152  -70.141  -70.141  -51.869  -51.869  -51.869  -51.869   -5.166   -5.166
   -1.477   -1.476   -1.475   -1.474   -0.047   -0.047    0.365    0.368    0.369    0.372
    5.393    5.393    5.797    5.797    6.551    6.558    6.564    6.567    9.806    9.806
   10.993   10.994   11.001   11.002   12.870   12.870   15.813   15.843
            0.010312  0.010312  0.000000
 -108.152 -108.152  -70.141  -70.141  -51.869  -51.869  -51.869  -51.869   -5.166   -5.166
   -1.477   -1.476   -1.475   -1.474   -0.047   -0.047    0.366    0.368    0.369    0.372
    5.398    5.399    5.795    5.795    6.552    6.558    6.562    6.565    9.805    9.806
   10.994   10.995   11.001   11.001   12.867   12.867   15.826   15.853
            0.008839  0.008839  0.000000
 -108.152 -108.152  -70.141  -70.141  -51.869  -51.869  -51.869  -51.869   -5.166   -5.166
   -1.477   -1.476   -1.475   -1.474   -0.047   -0.047    0.366    0.368    0.369    0.371
    5.403    5.403    5.793    5.793    6.553    6.559    6.561    6.563    9.805    9.805
   10.995   10.996   11.000   11.000   12.864   12.864   15.837   15.859
            0.007366  0.007366 -0.000000
 -108.152 -108.152  -70.141  -70.141  -51.869  -51.869  -51.869  -51.869   -5.167   -5.167
   -1.477   -1.476   -1.475   -1.475   -0.047   -0.047    0.367    0.368    0.369    0.371
    5.408    5.408    5.791    5.791    6.554    6.559    6.560    6.562    9.804    9.804
   10.996   10.997   10.999   11.000   12.861   12.861   15.847   15.865
            0.005893  0.005893  0.000000
 -108.152 -108.152  -70.141  -70.141  -51.869  -51.869  -51.869  -51.869   -5.167   -5.167
   -1.477   -1.476   -1.475   -1.475   -0.047   -0.047    0.367    0.368    0.369    0.370
    5.411    5.411    5.789    5.789    6.555    6.559    6.559    6.560    9.804    9.804
   10.997   10.997   10.999   10.999   12.859   12.859   15.856   15.869
            0.004419  0.004419  0.000000
 -108.152 -108.152  -70.141  -70.141  -51.869  -51.869  -51.869  -51.869   -5.167   -5.167
   -1.476   -1.476   -1.475   -1.475   -0.047   -0.047    0.367    0.368    0.369    0.370
    5.414    5.414    5.788    5.788    6.556    6.558    6.558    6.559    9.804    9.804
   10.998   10.998   10.999   10.999   12.858   12.858   15.864   15.873
            0.002946  0.002946 -0.000000
 -108.152 -108.152  -70.141  -70.141  -51.869  -51.869  -51.869  -51.869   -5.167   -5.167
   -1.476   -1.476   -1.476   -1.475   -0.048   -0.048    0.368    0.368    0.369    0.369
    5.416    5.416    5.787    5.787    6.557    6.558    6.558    6.559    9.803    9.803
   10.998   10.998   10.998   10.999   12.857   12.857   15.871   15.877
            0.001473  0.001473  0.000000
 -108.152 -108.152  -70.141  -70.141  -51.869  -51.869  -51.869  -51.869   -5.167   -5.167
   -1.476   -1.476   -1.476   -1.475   -0.048   -0.048    0.368    0.368    0.369    0.369
    5.417    5.417    5.786    5.786    6.557    6.558    6.558    6.558    9.803    9.803
   10.998   10.998   10.998   10.998   12.856   12.856   15.877   15.880
            0.000000  0.000000  0.000000
 -108.152 -108.152  -70.141  -70.141  -51.869  -51.869  -51.869  -51.869   -5.167   -5.167
   -1.476   -1.476   -1.476   -1.476   -0.048   -0.048    0.369    0.369    0.369    0.369
    5.417    5.417    5.786    5.786    6.558    6.558    6.558    6.558    9.803    9.803
   10.998   10.998   10.998   10.998   12.856   12.856   15.881   15.881
            0.001263  0.001263  0.001263
 -108.152 -108.152  -70.141  -70.141  -51.869  -51.869  -51.869  -51.869   -5.167   -5.167
   -1.476   -1.476   -1.476   -1.475   -0.048   -0.048    0.368    0.369    0.369    0.369
    5.417    5.417    5.786    5.786    6.557    6.558    6.558    6.558    9.803    9.803
   10.998   10.998   10.998   10.998   12.856   12.856   15.876   15.880
            0.002525  0.002525  0.002525
 -108.152 -108.152  -70.141  -70.141  -51.869  -51.869  -51.869  -51.869   -5.167   -5.167
   -1.476   -1.476   -1.476   -1.475   -0.048   -0.048    0.368    0.369    0.369    0.369
    5.416    5.416    5.787    5.787    6.556    6.558    6.558    6.559    9.804    9.804
   10.998   10.998   10.998   10.999   12.857   12.857   15.871   15.878
            0.003788  0.003788  0.003788
 -108.152 -108.152  -70.141  -70.141  -51.869  -51.869  -51.869  -51.869   -5.167   -5.167
   -1.476   -1.476   -1.476   -1.475   -0.047   -0.047    0.367    0.369    0.369    0.370
    5.414    5.414    5.788    5.788    6.556    6.559    6.559    6.559    9.804    9.804
   10.998   10.998   10.999   10.999   12.858   12.858   15.864   15.875
            0.005051  0.005051  0.005051
 -108.152 -108.152  -70.141  -70.141  -51.869  -51.869  -51.869  -51.869   -5.167   -5.167
   -1.477   -1.476   -1.476   -1.475   -0.047   -0.047    0.367    0.369    0.369    0.370
    5.411    5.411    5.789    5.789    6.555    6.559    6.560    6.560    9.804    9.804
   10.997   10.997   10.999   10.999   12.860   12.860   15.856   15.870
            0.006313  0.006313  0.006313
 -108.152 -108.152  -70.141  -70.141  -51.869  -51.869  -51.869  -51.869   -5.167   -5.167
   -1.477   -1.476   -1.476   -1.475   -0.047   -0.047    0.366    0.369    0.369    0.371
    5.407    5.407    5.791    5.791    6.554    6.559    6.561    6.561    9.805    9.805
   10.996   10.996   10.999   11.000   12.862   12.862   15.848   15.864
            0.007576  0.007576  0.007576
 -108.152 -108.152  -70.141  -70.141  -51.869  -51.869  -51.869  -51.869   -5.166   -5.166
   -1.477   -1.476   -1.476   -1.474   -0.047   -0.047    0.366    0.368    0.368    0.371
    5.402    5.402    5.793    5.793    6.553    6.560    6.562    6.562    9.805    9.805
   10.996   10.996   11.000   11.000   12.865   12.865   15.838   15.858
            0.008839  0.008839  0.008839
 -108.152 -108.152  -70.141  -70.141  -51.869  -51.869  -51.869  -51.869   -5.166   -5.166
   -1.477   -1.475   -1.475   -1.474   -0.047   -0.047    0.366    0.368    0.368    0.372
    5.397    5.397    5.796    5.796    6.552    6.560    6.563    6.563    9.806    9.806
   10.995   10.995   11.000   11.001   12.868   12.868   15.828   15.850
            0.010102  0.010102  0.010102
 -108.152 -108.152  -70.141  -70.141  -51.869  -51.869  -51.869  -51.869   -5.166   -5.166
   -1.478   -1.475   -1.475   -1.474   -0.047   -0.047    0.365    0.368    0.368    0.372
    5.391    5.391    5.798    5.798    6.551    6.560    6.565    6.565    9.806    9.806
   10.994   10.994   11.001   11.002   12.871   12.871   15.818   15.841
            0.011364  0.011364  0.011364
 -108.152 -108.152  -70.141  -70.141  -51.869  -51.869  -51.869  -51.869   -5.166   -5.166
   -1.478   -1.475   -1.475   -1.474   -0.047   -0.047    0.365    0.368    0.368    0.373
    5.384    5.384    5.801    5.801    6.550    6.560    6.567    6.567    9.807    9.807
   10.992   10.992   11.002   11.003   12.876   12.876   15.807   15.832
            0.012627  0.012627  0.012627
 -108.152 -108.152  -70.141  -70.141  -51.869  -51.869  -51.869  -51.869   -5.166   -5.166
   -1.478   -1.475   -1.475   -1.473   -0.047   -0.047    0.364    0.368    0.368    0.373
    5.376    5.376    5.804    5.804    6.549    6.560    6.569    6.569    9.808    9.808
   10.991   10.991   11.003   11.004   12.880   12.880   15.795   15.822
            0.013890  0.013890  0.013890
 -108.152 -108.152  -70.141  -70.141  -51.869  -51.869  -51.869  -51.869   -5.165   -5.165
   -1.478   -1.475   -1.475   -1.473   -0.047   -0.047    0.364    0.368    0.368    0.374
    5.368    5.368    5.808    5.808    6.548    6.559    6.572    6.572    9.809    9.809
   10.990   10.990   11.003   11.005   12.885   12.885   15.784   15.811
            0.015152  0.015152  0.015152
 -108.152 -108.152  -70.141  -70.141  -51.869  -51.869  -51.869  -51.869   -5.165   -5.165
   -1.478   -1.475   -1.475   -1.473   -0.047   -0.047    0.364    0.368    0.368    0.374
    5.360    5.360    5.811    5.811    6.547    6.559    6.574    6.574    9.810    9.810
   10.988   10.988   11.004   11.006   12.891   12.891   15.771   15.800
            0.016415  0.016415  0.016415
 -108.152 -108.152  -70.141  -70.141  -51.869  -51.869  -51.869  -51.869   -5.165   -5.165
   -1.479   -1.475   -1.475   -1.473   -0.047   -0.047    0.363    0.368    0.368    0.375
    5.350    5.350    5.815    5.815    6.545    6.559    6.577    6.577    9.811    9.811
   10.986   10.986   11.006   11.007   12.897   12.897   15.759   15.789
            0.017678  0.017678  0.017678
 -108.152 -108.152  -70.141  -70.141  -51.869  -51.869  -51.869  -51.869   -5.164   -5.164
   -1.479   -1.475   -1.475   -1.472   -0.047   -0.047    0.363    0.368    0.368    0.376
    5.341    5.341    5.818    5.818    6.544    6.558    6.580    6.580    9.813    9.813
   10.985   10.985   11.007   11.008   12.903   12.903   15.746   15.777
            0.018940  0.018940  0.018940
 -108.152 -108.152  -70.141  -70.141  -51.869  -51.869  -51.869  -51.869   -5.164   -5.164
   -1.479   -1.474   -1.474   -1.472   -0.047   -0.047    0.363    0.368    0.368    0.376
    5.331    5.331    5.822    5.822    6.542    6.558    6.584    6.584    9.814    9.814
   10.983   10.983   11.008   11.010   12.910   12.910   15.733   15.765
            0.020203  0.020203  0.020203
 -108.152 -108.152  -70.141  -70.141  -51.869  -51.869  -51.869  -51.869   -5.163   -5.163
   -1.479   -1.474   -1.474   -1.472   -0.046   -0.046    0.362    0.368    0.368    0.377
    5.320    5.320    5.825    5.825    6.541    6.558    6.587    6.587    9.816    9.816
   10.981   10.981   11.010   11.011   12.918   12.918   15.720   15.753
            0.021466  0.021466  0.021466
 -108.152 -108.152  -70.141  -70.141  -51.869  -51.869  -51.869  -51.869   -5.163   -5.163
   -1.479   -1.474   -1.474   -1.471   -0.046   -0.046    0.362    0.368    0.368    0.377
    5.309    5.309    5.829    5.829    6.539    6.557    6.591    6.591    9.817    9.817
   10.979   10.979   11.011   11.013   12.926   12.926   15.707   15.741
            0.022728  0.022728  0.022728
 -108.152 -108.152  -70.141  -70.141  -51.869  -51.869  -51.869  -51.869   -5.162   -5.162
   -1.480   -1.474   -1.474   -1.471   -0.046   -0.046    0.362    0.368    0.368    0.378
    5.298    5.298    5.832    5.832    6.538    6.556    6.595    6.595    9.819    9.819
   10.976   10.976   11.013   11.014   12.934   12.934   15.694   15.728
            0.023991  0.023991  0.023991
 -108.152 -108.152  -70.141  -70.141  -51.869  -51.869  -51.869  -51.869   -5.162   -5.162
   -1.480   -1.474   -1.474   -1.471   -0.046   -0.046    0.361    0.368    0.368    0.378
    5.286    5.286    5.836    5.836    6.536    6.556    6.599    6.599    9.821    9.821
   10.974   10.974   11.014   11.016   12.942   12.942   15.680   15.716
            0.025254  0.025254  0.025254
 -108.152 -108.152  -70.141  -70.141  -51.869  -51.869  -51.869  -51.869   -5.161   -5.161
   -1.480   -1.474   -1.474   -1.471   -0.046   -0.046    0.361    0.368    0.368    0.379
    5.274    5.274    5.839    5.839    6.534    6.555    6.603    6.603    9.823    9.823
   10.972   10.972   11.016   11.018   12.951   12.951   15.667   15.703
            0.026517  0.026517  0.026517
 -108.152 -108.152  -70.141  -70.141  -51.869  -51.869  -51.869  -51.869   -5.161   -5.161
   -1.480   -1.473   -1.473   -1.470   -0.046   -0.046    0.361    0.368    0.368    0.379
    5.262    5.262    5.843    5.843    6.532    6.554    6.607    6.607    9.825    9.825
   10.969   10.969   11.018   11.020   12.961   12.961   15.653   15.690
            0.027779  0.027779  0.027779
 -108.152 -108.152  -70.141  -70.141  -51.869  -51.869  -51.869  -51.869   -5.160   -5.160
   -1.480   -1.473   -1.473   -1.470   -0.045   -0.045    0.360    0.368    0.368    0.380
    5.249    5.249    5.846    5.846    6.530    6.553    6.612    6.612    9.827    9.827
   10.967   10.967   11.020   11.022   12.971   12.971   15.639   15.677
            0.029042  0.029042  0.029042
 -108.152 -108.152  -70.141  -70.141  -51.869  -51.869  -51.869  -51.869   -5.160   -5.160
   -1.481   -1.473   -1.473   -1.470   -0.045   -0.045    0.360    0.368    0.368    0.381
    5.236    5.236    5.849    5.849    6.528    6.552    6.617    6.617    9.829    9.829
   10.964   10.964   11.022   11.024   12.981   12.981   15.626   15.664
            0.030305  0.030305  0.030305
 -108.152 -108.152  -70.141  -70.141  -51.869  -51.869  -51.869  -51.869   -5.159   -5.159
   -1.481   -1.473   -1.473   -1.470   -0.045   -0.045    0.360    0.367    0.367    0.381
    5.223    5.223    5.852    5.852    6.526    6.551    6.622    6.622    9.831    9.831
   10.961   10.961   11.024   11.026   12.992   12.992   15.612   15.651
            0.031567  0.031567  0.031567
 -108.152 -108.152  -70.141  -70.141  -51.869  -51.869  -51.869  -51.869   -5.158   -5.158
   -1.481   -1.472   -1.472   -1.469   -0.045   -0.045    0.360    0.367    0.367    0.382
    5.209    5.209    5.855    5.855    6.524    6.550    6.627    6.627    9.833    9.833
   10.959   10.959   11.026   11.029   13.003   13.003   15.598   15.638
            0.032830  0.032830  0.032830
 -108.152 -108.152  -70.141  -70.141  -51.869  -51.869  -51.869  -51.869   -5.158   -5.158
   -1.481   -1.472   -1.472   -1.469   -0.045   -0.045    0.359    0.367    0.367    0.382
    5.196    5.196    5.857    5.857    6.522    6.549    6.632    6.632    9.836    9.836
   10.956   10.956   11.029   11.031   13.014   13.014   15.585   15.625
            0.034093  0.034093  0.034093
 -108.152 -108.152  -70.141  -70.141  -51.869  -51.869  -51.869  -51.869   -5.157   -5.157
   -1.481   -1.472   -1.472   -1.469   -0.044   -0.044    0.359    0.367    0.367    0.383
    5.182    5.182    5.860    5.860    6.520    6.548    6.638    6.638    9.838    9.838
   10.953   10.953   11.031   11.033   13.026   13.026   15.571   15.612
            0.035355  0.035355  0.035355
 -108.152 -108.152  -70.141  -70.141  -51.869  -51.869  -51.869  -51.869   -5.156   -5.156
   -1.482   -1.471   -1.471   -1.469   -0.044   -0.044    0.359    0.367    0.367    0.384
    5.168    5.168    5.862    5.862    6.518    6.546    6.643    6.643    9.841    9.841
   10.951   10.951   11.033   11.036   13.038   13.038   15.557   15.599
            0.036618  0.036618  0.036618
 -108.152 -108.152  -70.141  -70.141  -51.869  -51.869  -51.869  -51.869   -5.155   -5.155
   -1.482   -1.471   -1.471   -1.468   -0.044   -0.044    0.359    0.367    0.367    0.384
    5.153    5.153    5.865    5.865    6.515    6.545    6.649    6.649    9.844    9.844
   10.948   10.948   11.036   11.039   13.050   13.050   15.544   15.586
            0.037881  0.037881  0.037881
 -108.152 -108.152  -70.141  -70.141  -51.869  -51.869  -51.869  -51.869   -5.155   -5.155
   -1.482   -1.471   -1.471   -1.468   -0.044   -0.044    0.358    0.367    0.367    0.385
    5.139    5.139    5.867    5.867    6.513    6.544    6.655    6.655    9.847    9.847
   10.945   10.945   11.039   11.041   13.063   13.063   15.530   15.573
            0.039143  0.039143  0.039143
 -108.152 -108.152  -70.141  -70.141  -51.869  -51.869  -51.869  -51.869   -5.154   -5.154
   -1.482   -1.470   -1.470   -1.468   -0.043   -0.043    0.358    0.367    0.367    0.386
    5.124    5.124    5.869    5.869    6.511    6.542    6.661    6.661    9.850    9.850
   10.942   10.942   11.041   11.044   13.076   13.076   15.517   15.561
            0.040406  0.040406  0.040406
 -108.152 -108.152  -70.141  -70.141  -51.869  -51.869  -51.869  -51.869   -5.153   -5.153
   -1.482   -1.470   -1.470   -1.468   -0.043   -0.043    0.358    0.367    0.367    0.386
    5.109    5.109    5.870    5.870    6.508    6.541    6.667    6.667    9.853    9.853
   10.939   10.939   11.044   11.047   13.090   13.090   15.503   15.548
            0.041669  0.041669  0.041669
 -108.152 -108.152  -70.141  -70.141  -51.869  -51.869  -51.869  -51.869   -5.152   -5.152
   -1.482   -1.470   -1.470   -1.467   -0.043   -0.043    0.358    0.366    0.366    0.387
    5.094    5.094    5.872    5.872    6.505    6.539    6.673    6.673    9.856    9.856
   10.937   10.937   11.047   11.050   13.103   13.103   15.490   15.535
            0.042931  0.042931  0.042931
 -108.152 -108.152  -70.141  -70.141  -51.869  -51.869  -51.869  -51.869   -5.151   -5.151
   -1.483   -1.469   -1.469   -1.467   -0.042   -0.042    0.357    0.366    0.366    0.387
    5.079    5.079    5.873    5.873    6.503    6.537    6.679    6.679    9.859    9.859
   10.934   10.934   11.050   11.053   13.117   13.117   15.476   15.522
            0.044194  0.044194  0.044194
 -108.152 -108.152  -70.141  -70.141  -51.869  -51.869  -51.869  -51.869   -5.150   -5.150
   -1.483   -1.469   -1.469   -1.467   -0.042   -0.042    0.357    0.366    0.366    0.388
    5.063    5.063    5.875    5.875    6.500    6.536    6.686    6.686    9.862    9.862
   10.931   10.931   11.053   11.056   13.132   13.132   15.463   15.510
            0.045457  0.045457  0.045457
 -108.152 -108.152  -70.141  -70.141  -51.869  -51.869  -51.869  -51.869   -5.149   -5.149
   -1.483   -1.469   -1.469   -1.466   -0.042   -0.042    0.357    0.366    0.366    0.389
    5.048    5.048    5.876    5.876    6.498    6.534    6.692    6.692    9.866    9.866
   10.928   10.928   11.056   11.059   13.146   13.146   15.450   15.497
            0.046720  0.046720  0.046720
 -108.152 -108.152  -70.141  -70.141  -51.869  -51.869  -51.869  -51.869   -5.148   -5.148
   -1.483   -1.468   -1.468   -1.466   -0.041   -0.041    0.357    0.366    0.366    0.389
    5.032    5.032    5.877    5.877    6.495    6.532    6.699    6.699    9.869    9.869
   10.925   10.925   11.059   11.062   13.161   13.161   15.437   15.484
            0.047982  0.047982  0.047982
 -108.152 -108.152  -70.141  -70.141  -51.869  -51.869  -51.869  -51.869   -5.147   -5.147
   -1.483   -1.468   -1.468   -1.466   -0.041   -0.041    0.357    0.366    0.366    0.390
    5.016    5.016    5.878    5.878    6.492    6.530    6.706    6.706    9.873    9.873
   10.923   10.923   11.063   11.066   13.176   13.176   15.424   15.472
            0.049245  0.049245  0.049245
 -108.152 -108.152  -70.141  -70.141  -51.869  -51.869  -51.869  -51.869   -5.146   -5.146
   -1.483   -1.467   -1.467   -1.466   -0.041   -0.041    0.357    0.366    0.366    0.391
    5.000    5.000    5.878    5.878    6.489    6.528    6.712    6.712    9.877    9.877
   10.920   10.920   11.066   11.069   13.192   13.192   15.411   15.460
            0.050508  0.050508  0.050508
 -108.152 -108.152  -70.141  -70.141  -51.869  -51.869  -51.869  -51.869   -5.145   -5.145
   -1.484   -1.467   -1.467   -1.465   -0.040   -0.040    0.356    0.365    0.365    0.391
    4.984    4.984    5.879    5.879    6.486    6.526    6.719    6.719    9.880    9.880
   10.917   10.917   11.069   11.073   13.207   13.207   15.398   15.447
            0.051770  0.051770  0.051770
 -108.152 -108.152  -70.141  -70.141  -51.869  -51.869  -51.869  -51.869   -5.144   -5.144
   -1.484   -1.466   -1.466   -1.465   -0.040   -0.040    0.356    0.365    0.365    0.392
    4.968    4.968    5.879    5.879    6.483    6.524    6.726    6.726    9.884    9.884
   10.915   10.915   11.073   11.076   13.223   13.223   15.385   15.435
            0.053033  0.053033  0.053033
 -108.152 -108.152  -70.141  -70.141  -51.869  -51.869  -51.869  -51.869   -5.143   -5.143
   -1.484   -1.466   -1.466   -1.465   -0.040   -0.040    0.356    0.365    0.365    0.393
    4.952    4.952    5.879    5.879    6.480    6.522    6.733    6.733    9.888    9.888
   10.912   10.912   11.077   11.080   13.239   13.239   15.372   15.423
            0.054296  0.054296  0.054296
 -108.152 -108.152  -70.141  -70.141  -51.869  -51.869  -51.869  -51.869   -5.142   -5.142
   -1.484   -1.466   -1.466   -1.464   -0.039   -0.039    0.356    0.365    0.365    0.393
    4.935    4.935    5.879    5.879    6.477    6.520    6.740    6.740    9.892    9.892
   10.910   10.910   11.080   11.083   13.255   13.255   15.359   15.411
            0.055558  0.055558  0.055558
 -108.152 -108.152  -70.141  -70.141  -51.869  -51.869  -51.869  -51.869   -5.141   -5.141
   -1.484   -1.465   -1.465   -1.464   -0.039   -0.039    0.356    0.365    0.365    0.394
    4.919    4.919    5.879    5.879    6.474    6.518    6.747    6.747    9.897    9.897
   10.908   10.908   11.084   11.087   13.272   13.272   15.347   15.399
            0.056821  0.056821  0.056821
 -108.152 -108.152  -70.141  -70.141  -51.869  -51.869  -51.869  -51.869   -5.140   -5.140
   -1.484   -1.465   -1.465   -1.464   -0.038   -0.038    0.356    0.365    0.365    0.395
    4.902    4.902    5.879    5.879    6.471    6.515    6.754    6.754    9.901    9.901
   10.905   10.905   11.088   11.091   13.288   13.288   15.334   15.387
            0.058084  0.058084  0.058084
 -108.152 -108.152  -70.141  -70.141  -51.869  -51.869  -51.869  -51.869   -5.138   -5.138
   -1.484   -1.464   -1.464   -1.464   -0.038   -0.038    0.356    0.365    0.365    0.396
    4.885    4.885    5.879    5.879    6.468    6.513    6.761    6.761    9.905    9.905
   10.903   10.903   11.092   11.095   13.305   13.305   15.322   15.375
            0.059346  0.059346  0.059346
 -108.152 -108.152  -70.141  -70.141  -51.869  -51.869  -51.869  -51.869   -5.137   -5.137
   -1.484   -1.464   -1.464   -1.463   -0.038   -0.038    0.356    0.364    0.364    0.396
    4.869    4.869    5.878    5.878    6.464    6.511    6.768    6.768    9.910    9.910
   10.901   10.901   11.096   11.099   13.322   13.322   15.310   15.363
            0.060609  0.060609  0.060609
 -108.152 -108.152  -70.141  -70.141  -51.869  -51.869  -51.869  -51.869   -5.136   -5.136
   -1.485   -1.463   -1.463   -1.463   -0.037   -0.037    0.356    0.364    0.364    0.397
    4.852    4.852    5.878    5.878    6.461    6.508    6.775    6.775    9.914    9.914
   10.899   10.899   11.100   11.103   13.339   13.339   15.297   15.352
            0.061872  0.061872  0.061872
 -108.152 -108.152  -70.141  -70.141  -51.869  -51.869  -51.869  -51.869   -5.135   -5.135
   -1.485   -1.463   -1.462   -1.462   -0.037   -0.037    0.355    0.364    0.364    0.398
    4.835    4.835    5.877    5.877    6.458    6.506    6.782    6.782    9.919    9.919
   10.897   10.897   11.104   11.107   13.357   13.357   15.285   15.340
            0.063135  0.063135  0.063135
 -108.152 -108.152  -70.141  -70.141  -51.869  -51.869  -51.869  -51.869   -5.133   -5.133
   -1.485   -1.463   -1.462   -1.462   -0.036   -0.036    0.355    0.364    0.364    0.398
    4.817    4.817    5.876    5.876    6.454    6.503    6.789    6.789    9.924    9.924
   10.895   10.895   11.108   11.111   13.374   13.374   15.273   15.329
            0.064397  0.064397  0.064397
 -108.152 -108.152  -70.141  -70.141  -51.869  -51.869  -51.869  -51.869   -5.132   -5.132
   -1.485   -1.462   -1.461   -1.461   -0.036   -0.036    0.355    0.364    0.364    0.399
    4.800    4.800    5.875    5.875    6.451    6.500    6.796    6.796    9.929    9.929
   10.893   10.893   11.112   11.115   13.392   13.392   15.262   15.318
            0.065660  0.065660  0.065660
 -108.152 -108.152  -70.141  -70.141  -51.869  -51.869  -51.869  -51.869   -5.131   -5.131
   -1.485   -1.462   -1.461   -1.461   -0.035   -0.035    0.355    0.364    0.364    0.400
    4.783    4.783    5.874    5.874    6.447    6.498    6.803    6.803    9.934    9.934
   10.891   10.891   11.116   11.119   13.409   13.409   15.250   15.307
            0.066923  0.066923  0.066923
 -108.152 -108.152  -70.141  -70.141  -51.869  -51.869  -51.869  -51.869   -5.129   -5.129
   -1.485   -1.462   -1.460   -1.460   -0.035   -0.035    0.355    0.363    0.363    0.401
    4.766    4.766    5.873    5.873    6.444    6.495    6.810    6.810    9.939    9.939
   10.890   10.890   11.120   11.124   13.427   13.427   15.238   15.295
            0.068185  0.068185  0.068185
 -108.152 -108.152  -70.141  -70.141  -51.869  -51.869  -51.869  -51.869   -5.128   -5.128
   -1.485   -1.461   -1.460   -1.460   -0.034   -0.034    0.355    0.363    0.363    0.401
    4.748    4.748    5.871    5.871    6.440    6.492    6.817    6.817    9.944    9.944
   10.888   10.888   11.125   11.128   13.445   13.445   15.227   15.284
            0.069448  0.069448  0.069448
 -108.152 -108.152  -70.141  -70.141  -51.869  -51.869  -51.869  -51.869   -5.126   -5.126
   -1.485   -1.461   -1.459   -1.459   -0.034   -0.034    0.355    0.363    0.363    0.402
    4.731    4.731    5.870    5.870    6.436    6.489    6.823    6.823    9.949    9.949
   10.887   10.887   11.129   11.132   13.463   13.463   15.215   15.274
            0.070711  0.070711  0.070711
 -108.152 -108.152  -70.141  -70.141  -51.869  -51.869  -51.869  -51.869   -5.125   -5.125
   -1.486   -1.461   -1.458   -1.458   -0.033   -0.033    0.355    0.363    0.363    0.403
    4.713    4.713    5.868    5.868    6.433    6.486    6.830    6.830    9.955    9.955
   10.885   10.885   11.134   11.137   13.481   13.481   15.204   15.263
            0.071973  0.071973  0.071973
 -108.152 -108.152  -70.141  -70.141  -51.869  -51.869  -51.869  -51.869   -5.123   -5.123
   -1.486   -1.461   -1.458   -1.458   -0.033   -0.033    0.355    0.363    0.363    0.403
    4.695    4.695    5.867    5.867    6.429    6.484    6.837    6.837    9.960    9.960
   10.884   10.884   11.138   11.141   13.500   13.500   15.193   15.252
            0.073236  0.073236  0.073236
 -108.152 -108.152  -70.141  -70.141  -51.869  -51.869  -51.869  -51.869   -5.122   -5.122
   -1.486   -1.460   -1.457   -1.457   -0.032   -0.032    0.355    0.362    0.362    0.404
    4.678    4.678    5.865    5.865    6.425    6.481    6.844    6.844    9.966    9.966
   10.883   10.883   11.143   11.146   13.518   13.518   15.182   15.242
            0.074499  0.074499  0.074499
 -108.152 -108.152  -70.141  -70.141  -51.869  -51.869  -51.869  -51.869   -5.120   -5.120
   -1.486   -1.460   -1.456   -1.456   -0.032   -0.032    0.355    0.362    0.362    0.405
    4.660    4.660    5.863    5.863    6.422    6.478    6.851    6.851    9.972    9.972
   10.882   10.882   11.147   11.150   13.536   13.536   15.171   15.231
            0.075761  0.075761  0.075761
 -108.152 -108.152  -70.141  -70.141  -51.869  -51.869  -51.869  -51.869   -5.119   -5.119
   -1.486   -1.460   -1.456   -1.456   -0.031   -0.031    0.355    0.362    0.362    0.406
    4.642    4.642    5.861    5.861    6.418    6.474    6.858    6.858    9.977    9.977
   10.881   10.881   11.152   11.155   13.555   13.555   15.160   15.221
            0.077024  0.077024  0.077024
 -108.152 -108.152  -70.141  -70.141  -51.869  -51.869  -51.869  -51.869   -5.117   -5.117
   -1.486   -1.460   -1.455   -1.455   -0.031   -0.031    0.355    0.362    0.362    0.406
    4.624    4.624    5.859    5.859    6.414    6.471    6.864    6.864    9.983    9.983
   10.880   10.880   11.157   11.160   13.573   13.573   15.150   15.211
            0.078287  0.078287  0.078287
 -108.152 -108.152  -70.141  -70.141  -51.869  -51.869  -51.869  -51.869   -5.116   -5.116
   -1.486   -1.459   -1.454   -1.454   -0.030   -0.030    0.355    0.362    0.362    0.407
    4.606    4.606    5.857    5.857    6.410    6.468    6.871    6.871    9.989    9.989
   10.880   10.880   11.162   11.164   13.591   13.591   15.139   15.201
            0.079550  0.079550  0.079550
 -108.152 -108.152  -70.141  -70.141  -51.869  -51.869  -51.869  -51.869   -5.114   -5.114
   -1.486   -1.459   -1.454   -1.454   -0.030   -0.030    0.355    0.362    0.362    0.408
    4.588    4.588    5.854    5.854    6.406    6.465    6.877    6.877    9.995    9.995
   10.879   10.879   11.167   11.169   13.610   13.610   15.129   15.191
            0.080812  0.080812  0.080812
 -108.152 -108.152  -70.141  -70.141  -51.869  -51.869  -51.869  -51.869   -5.112   -5.112
   -1.486   -1.459   -1.453   -1.453   -0.029   -0.029    0.355    0.361    0.361    0.409
    4.570    4.570    5.852    5.852    6.402    6.462    6.884    6.884   10.002   10.002
   10.879   10.879   11.171   11.174   13.628   13.628   15.119   15.181
            0.082075  0.082075  0.082075
 -108.152 -108.152  -70.141  -70.141  -51.869  -51.869  -51.869  -51.869   -5.111   -5.111
   -1.486   -1.458   -1.452   -1.452   -0.028   -0.028    0.355    0.361    0.361    0.409
    4.552    4.552    5.850    5.850    6.398    6.458    6.890    6.890   10.008   10.008
   10.879   10.879   11.176   11.179   13.647   13.647   15.108   15.171
            0.083338  0.083338  0.083338
 -108.152 -108.152  -70.141  -70.141  -51.869  -51.869  -51.869  -51.869   -5.109   -5.109
   -1.486   -1.458   -1.451   -1.451   -0.028   -0.028    0.356    0.361    0.361    0.410
    4.534    4.534    5.847    5.847    6.394    6.455    6.897    6.897   10.014   10.014
   10.879   10.879   11.181   11.184   13.665   13.665   15.098   15.162
            0.084600  0.084600  0.084600
 -108.152 -108.152  -70.141  -70.141  -51.869  -51.869  -51.869  -51.869   -5.107   -5.107
   -1.487   -1.458   -1.451   -1.451   -0.027   -0.027    0.356    0.361    0.361    0.411
    4.515    4.515    5.845    5.845    6.390    6.452    6.903    6.903   10.021   10.021
   10.879   10.879   11.186   11.189   13.683   13.683   15.089   15.152
            0.085863  0.085863  0.085863
 -108.152 -108.152  -70.141  -70.141  -51.869  -51.869  -51.869  -51.869   -5.106   -5.106
   -1.487   -1.458   -1.450   -1.450   -0.027   -0.027    0.356    0.361    0.361    0.412
    4.497    4.497    5.842    5.842    6.386    6.448    6.909    6.909   10.027   10.027
   10.879   10.879   11.191   11.194   13.702   13.702   15.079   15.143
            0.087126  0.087126  0.087126
 -108.152 -108.152  -70.141  -70.141  -51.869  -51.869  -51.869  -51.869   -5.104   -5.104
   -1.487   -1.457   -1.449   -1.449   -0.026   -0.026    0.356    0.360    0.360    0.413
    4.479    4.479    5.839    5.839    6.382    6.445    6.915    6.915   10.034   10.034
   10.879   10.879   11.196   11.199   13.720   13.720   15.069   15.134
            0.088388  0.088388  0.088388
 -108.152 -108.152  -70.141  -70.141  -51.869  -51.869  -51.869  -51.869   -5.102   -5.102
   -1.487   -1.457   -1.448   -1.448   -0.025   -0.025    0.356    0.360    0.360    0.413
    4.460    4.460    5.836    5.836    6.377    6.441    6.921    6.921   10.041   10.041
   10.879   10.879   11.201   11.204   13.738   13.738   15.060   15.124
            0.089651  0.089651  0.089651
 -108.152 -108.152  -70.141  -70.141  -51.869  -51.869  -51.869  -51.869   -5.100   -5.100
   -1.487   -1.457   -1.447   -1.447   -0.025   -0.025    0.356    0.360    0.360    0.414
    4.442    4.442    5.834    5.834    6.373    6.438    6.927    6.927   10.048   10.048
   10.880   10.880   11.207   11.209   13.756   13.756   15.051   15.115
            0.090914  0.090914  0.090914
 -108.152 -108.152  -70.141  -70.141  -51.869  -51.869  -51.869  -51.869   -5.099   -5.099
   -1.487   -1.457   -1.447   -1.447   -0.024   -0.024    0.356    0.360    0.360    0.415
    4.423    4.423    5.831    5.831    6.369    6.434    6.933    6.933   10.055   10.055
   10.881   10.881   11.212   11.214   13.774   13.774   15.042   15.107
            0.092176  0.092176  0.092176
 -108.152 -108.152  -70.141  -70.141  -51.869  -51.869  -51.869  -51.869   -5.097   -5.097
   -1.487   -1.456   -1.446   -1.446   -0.023   -0.023    0.356    0.360    0.360    0.416
    4.405    4.405    5.828    5.828    6.365    6.431    6.939    6.939   10.062   10.062
   10.881   10.881   11.217   11.219   13.792   13.792   15.033   15.098
            0.093439  0.093439  0.093439
 -108.152 -108.152  -70.141  -70.141  -51.869  -51.869  -51.869  -51.869   -5.095   -5.095
   -1.487   -1.456   -1.445   -1.445   -0.023   -0.023    0.356    0.359    0.359    0.416
    4.386    4.386    5.824    5.824    6.360    6.427    6.945    6.945   10.069   10.069
   10.882   10.882   11.222   11.224   13.809   13.809   15.024   15.089
            0.094702  0.094702  0.094702
 -108.152 -108.152  -70.141  -70.141  -51.869  -51.869  -51.869  -51.869   -5.093   -5.093
   -1.487   -1.456   -1.444   -1.444   -0.022   -0.022    0.357    0.359    0.359    0.417
    4.368    4.368    5.821    5.821    6.356    6.423    6.951    6.951   10.077   10.077
   10.884   10.884   11.227   11.229   13.827   13.827   15.015   15.081
            0.095964  0.095964  0.095964
 -108.152 -108.152  -70.141  -70.141  -51.869  -51.869  -51.869  -51.869   -5.091   -5.091
   -1.487   -1.456   -1.443   -1.443   -0.021   -0.021    0.357    0.359    0.359    0.418
    4.349    4.349    5.818    5.818    6.352    6.419    6.956    6.956   10.084   10.084
   10.885   10.885   11.233   11.234   13.844   13.844   15.007   15.073
            0.097227  0.097227  0.097227
 -108.152 -108.152  -70.141  -70.141  -51.869  -51.869  -51.869  -51.869   -5.089   -5.089
   -1.487   -1.455   -1.442   -1.442   -0.021   -0.021    0.357    0.359    0.359    0.419
    4.330    4.330    5.815    5.815    6.347    6.416    6.962    6.962   10.092   10.092
   10.886   10.886   11.238   11.239   13.861   13.861   14.998   15.064
            0.098490  0.098490  0.098490
 -108.152 -108.152  -70.141  -70.141  -51.869  -51.869  -51.869  -51.869   -5.087   -5.087
   -1.487   -1.455   -1.441   -1.441   -0.020   -0.020    0.357    0.359    0.359    0.420
    4.312    4.312    5.812    5.812    6.343    6.412    6.967    6.967   10.099   10.099
   10.888   10.888   11.243   11.245   13.878   13.878   14.990   15.056
            0.099753  0.099753  0.099753
 -108.152 -108.152  -70.141  -70.141  -51.869  -51.869  -51.869  -51.869   -5.085   -5.085
   -1.487   -1.455   -1.441   -1.441   -0.019   -0.019    0.357    0.359    0.359    0.420
    4.293    4.293    5.808    5.808    6.339    6.408    6.972    6.972   10.107   10.107
   10.889   10.889   11.249   11.250   13.895   13.895   14.982   15.048
            0.101015  0.101015  0.101015
 -108.152 -108.152  -70.141  -70.141  -51.869  -51.869  -51.869  -51.869   -5.083   -5.083
   -1.487   -1.454   -1.440   -1.440   -0.018   -0.018    0.358    0.358    0.358    0.421
    4.274    4.274    5.805    5.805    6.334    6.404    6.977    6.977   10.115   10.115
   10.891   10.891   11.254   11.255   13.912   13.912   14.974   15.041
            0.102278  0.102278  0.102278
 -108.152 -108.152  -70.141  -70.141  -51.869  -51.869  -51.869  -51.869   -5.081   -5.081
   -1.487   -1.454   -1.439   -1.439   -0.018   -0.018    0.358    0.358    0.358    0.422
    4.256    4.256    5.801    5.801    6.330    6.400    6.982    6.982   10.123   10.123
   10.893   10.893   11.259   11.260   13.928   13.928   14.966   15.033
            0.103541  0.103541  0.103541
 -108.152 -108.152  -70.141  -70.141  -51.869  -51.869  -51.869  -51.869   -5.079   -5.079
   -1.487   -1.454   -1.438   -1.438   -0.017   -0.017    0.358    0.358    0.358    0.423
    4.237    4.237    5.798    5.798    6.325    6.396    6.987    6.987   10.131   10.131
   10.895   10.895   11.265   11.266   13.944   13.944   14.959   15.025
            0.104803  0.104803  0.104803
 -108.152 -108.152  -70.141  -70.141  -51.869  -51.869  -51.869  -51.869   -5.077   -5.077
   -1.487   -1.454   -1.437   -1.437   -0.016   -0.016    0.358    0.358    0.358    0.423
    4.218    4.218    5.794    5.794    6.321    6.392    6.992    6.992   10.139   10.139
   10.897   10.897   11.270   11.271   13.959   13.959   14.951   15.018
            0.106066  0.106066  0.106066
 -108.152 -108.152  -70.141  -70.141  -51.869  -51.869  -51.869  -51.869   -5.075   -5.075
   -1.487   -1.453   -1.436   -1.436   -0.015   -0.015    0.358    0.358    0.358    0.424
    4.199    4.199    5.790    5.790    6.316    6.388    6.997    6.997   10.147   10.147
   10.900   10.900   11.276   11.276   13.975   13.975   14.944   15.011
            0.107329  0.107329  0.107329
 -108.152 -108.152  -70.141  -70.141  -51.869  -51.869  -51.869  -51.869   -5.073   -5.073
   -1.487   -1.453   -1.435   -1.435   -0.015   -0.015    0.357    0.357    0.359    0.425
    4.180    4.180    5.787    5.787    6.311    6.384    7.002    7.002   10.156   10.156
   10.902   10.902   11.281   11.281   13.990   13.990   14.937   15.004
            0.108591  0.108591  0.108591
 -108.152 -108.152  -70.141  -70.141  -51.869  -51.869  -51.869  -51.869   -5.071   -5.071
   -1.487   -1.453   -1.434   -1.434   -0.014   -0.014    0.357    0.357    0.359    0.426
    4.161    4.161    5.783    5.783    6.307    6.380    7.006    7.006   10.164   10.164
   10.905   10.905   11.286   11.287   14.005   14.005   14.930   14.997
            0.109854  0.109854  0.109854
 -108.152 -108.152  -70.141  -70.141  -51.869  -51.869  -51.869  -51.869   -5.069   -5.069
   -1.488   -1.453   -1.433   -1.433   -0.013   -0.013    0.357    0.357    0.359    0.427
    4.142    4.142    5.779    5.779    6.302    6.376    7.011    7.011   10.173   10.173
   10.907   10.907   11.292   11.292   14.019   14.019   14.923   14.990
            0.111117  0.111117  0.111117
 -108.152 -108.152  -70.141  -70.141  -51.869  -51.869  -51.869  -51.869   -5.067   -5.067
   -1.488   -1.452   -1.432   -1.432   -0.012   -0.012    0.357    0.357    0.359    0.427
    4.123    4.123    5.775    5.775    6.298    6.372    7.015    7.015   10.181   10.181
   10.910   10.910   11.297   11.297   14.033   14.033   14.917   14.983
            0.112379  0.112379  0.112379
 -108.152 -108.152  -70.141  -70.141  -51.869  -51.869  -51.869  -51.869   -5.065   -5.065
   -1.488   -1.452   -1.431   -1.431   -0.011   -0.011    0.357    0.357    0.360    0.428
    4.104    4.104    5.772    5.772    6.293    6.368    7.019    7.019   10.190   10.190
   10.913   10.913   11.303   11.303   14.047   14.047   14.910   14.977
            0.113642  0.113642  0.113642
 -108.152 -108.152  -70.141  -70.141  -51.869  -51.869  -51.869  -51.869   -5.063   -5.063
   -1.488   -1.452   -1.430   -1.430   -0.011   -0.011    0.357    0.357    0.360    0.429
    4.086    4.086    5.768    5.768    6.288    6.364    7.023    7.023   10.199   10.199
   10.916   10.916   11.308   11.308   14.061   14.061   14.904   14.970
            0.114905  0.114905  0.114905
 -108.152 -108.152  -70.141  -70.141  -51.869  -51.869  -51.869  -51.869   -5.061   -5.061
   -1.488   -1.452   -1.429   -1.429   -0.010   -0.010    0.356    0.356    0.360    0.430
    4.067    4.067    5.764    5.764    6.284    6.359    7.027    7.027   10.207   10.207
   10.920   10.920   11.313   11.313   14.073   14.073   14.898   14.964
            0.116168  0.116168  0.116168
 -108.152 -108.152  -70.141  -70.141  -51.869  -51.869  -51.869  -51.869   -5.058   -5.058
   -1.488   -1.452   -1.428   -1.428   -0.009   -0.009    0.356    0.356    0.361    0.431
    4.048    4.048    5.760    5.760    6.279    6.355    7.031    7.031   10.216   10.216
   10.923   10.923   11.318   11.319   14.086   14.086   14.892   14.958
            0.117430  0.117430  0.117430
 -108.152 -108.152  -70.141  -70.141  -51.869  -51.869  -51.869  -51.869   -5.056   -5.056
   -1.488   -1.451   -1.427   -1.427   -0.008   -0.008    0.356    0.356    0.361    0.431
    4.028    4.028    5.756    5.756    6.274    6.351    7.035    7.035   10.225   10.225
   10.927   10.927   11.324   11.324   14.098   14.098   14.886   14.952
            0.118693  0.118693  0.118693
 -108.152 -108.152  -70.141  -70.141  -51.869  -51.869  -51.869  -51.869   -5.054   -5.054
   -1.488   -1.451   -1.425   -1.425   -0.007   -0.007    0.356    0.356    0.361    0.432
    4.009    4.009    5.752    5.752    6.270    6.347    7.039    7.039   10.235   10.235
   10.931   10.931   11.329   11.330   14.110   14.110   14.881   14.946
            0.119956  0.119956  0.119956
 -108.152 -108.152  -70.141  -70.141  -51.869  -51.869  -51.869  -51.869   -5.052   -5.052
   -1.488   -1.451   -1.424   -1.424   -0.006   -0.006    0.356    0.356    0.362    0.433
    3.990    3.990    5.748    5.748    6.265    6.342    7.042    7.042   10.244   10.244
   10.934   10.934   11.334   11.335   14.121   14.121   14.875   14.940
            0.121218  0.121218  0.121218
 -108.152 -108.152  -70.141  -70.141  -51.869  -51.869  -51.869  -51.869   -5.050   -5.050
   -1.488   -1.451   -1.423   -1.423   -0.005   -0.005    0.356    0.356    0.362    0.434
    3.971    3.971    5.744    5.744    6.260    6.338    7.046    7.046   10.253   10.253
   10.938   10.938   11.340   11.341   14.132   14.132   14.870   14.935
            0.122481  0.122481  0.122481
 -108.152 -108.152  -70.141  -70.141  -51.869  -51.869  -51.869  -51.869   -5.047   -5.047
   -1.488   -1.450   -1.422   -1.422   -0.005   -0.005    0.356    0.356    0.362    0.435
    3.952    3.952    5.739    5.739    6.255    6.334    7.049    7.049   10.262   10.262
   10.943   10.943   11.345   11.346   14.143   14.143   14.865   14.929
            0.123744  0.123744  0.123744
 -108.152 -108.152  -70.141  -70.141  -51.869  -51.869  -51.869  -51.869   -5.045   -5.045
   -1.488   -1.450   -1.421   -1.421   -0.004   -0.004    0.355    0.355    0.363    0.435
    3.933    3.933    5.735    5.735    6.251    6.329    7.053    7.053   10.272   10.272
   10.947   10.947   11.350   11.351   14.153   14.153   14.860   14.924
            0.125006  0.125006  0.125006
 -108.152 -108.152  -70.141  -70.141  -51.869  -51.869  -51.869  -51.869   -5.043   -5.043
   -1.488   -1.450   -1.420   -1.420   -0.003   -0.003    0.355    0.355    0.363    0.436
    3.914    3.914    5.731    5.731    6.246    6.325    7.056    7.056   10.281   10.281
   10.951   10.951   11.355   11.357   14.162   14.162   14.855   14.919
            0.126269  0.126269  0.126269
 -108.152 -108.152  -70.141  -70.141  -51.869  -51.869  -51.869  -51.869   -5.040   -5.040
   -1.488   -1.450   -1.419   -1.419   -0.002   -0.002    0.355    0.355    0.363    0.437
    3.895    3.895    5.727    5.727    6.241    6.320    7.059    7.059   10.291   10.291
   10.956   10.956   11.360   11.362   14.171   14.171   14.851   14.914
            0.127532  0.127532  0.127532
 -108.152 -108.152  -70.141  -70.141  -51.869  -51.869  -51.869  -51.869   -5.038   -5.038
   -1.488   -1.449   -1.417   -1.417   -0.001   -0.001    0.355    0.355    0.364    0.438
    3.876    3.876    5.723    5.723    6.236    6.316    7.062    7.062   10.301   10.301
   10.961   10.961   11.366   11.367   14.180   14.180   14.847   14.909
            0.128794  0.128794  0.128794
 -108.152 -108.152  -70.141  -70.141  -51.869  -51.869  -51.869  -51.869   -5.036   -5.036
   -1.488   -1.449   -1.416   -1.416   -0.000   -0.000    0.355    0.355    0.364    0.439
    3.857    3.857    5.718    5.718    6.231    6.311    7.065    7.065   10.310   10.310
   10.966   10.966   11.371   11.373   14.188   14.188   14.842   14.905
            0.130057  0.130057  0.130057
 -108.152 -108.152  -70.141  -70.141  -51.869  -51.869  -51.869  -51.869   -5.033   -5.033
   -1.487   -1.449   -1.415   -1.415    0.001    0.001    0.355    0.355    0.364    0.439
    3.838    3.838    5.714    5.714    6.227    6.307    7.068    7.068   10.320   10.320
   10.971   10.971   11.376   11.378   14.196   14.196   14.839   14.900
            0.131320  0.131320  0.131320
 -108.152 -108.152  -70.141  -70.141  -51.869  -51.869  -51.869  -51.869   -5.031   -5.031
   -1.487   -1.449   -1.414   -1.414    0.002    0.002    0.355    0.355    0.365    0.440
    3.819    3.819    5.710    5.710    6.222    6.302    7.070    7.070   10.330   10.330
   10.976   10.976   11.381   11.383   14.203   14.203   14.835   14.896
            0.132583  0.132583  0.132583
 -108.152 -108.152  -70.141  -70.141  -51.869  -51.869  -51.869  -51.869   -5.029   -5.029
   -1.487   -1.449   -1.413   -1.413    0.003    0.003    0.355    0.355    0.365    0.441
    3.799    3.799    5.705    5.705    6.217    6.298    7.073    7.073   10.340   10.340
   10.981   10.981   11.386   11.388   14.210   14.210   14.831   14.892
            0.133845  0.133845  0.133845
 -108.152 -108.152  -70.141  -70.141  -51.869  -51.869  -51.869  -51.869   -5.026   -5.026
   -1.487   -1.448   -1.411   -1.411    0.004    0.004    0.354    0.354    0.366    0.442
    3.780    3.780    5.701    5.701    6.212    6.293    7.075    7.075   10.350   10.350
   10.987   10.987   11.391   11.393   14.216   14.216   14.828   14.888
            0.135108  0.135108  0.135108
 -108.152 -108.152  -70.141  -70.141  -51.869  -51.869  -51.869  -51.869   -5.024   -5.024
   -1.487   -1.448   -1.410   -1.410    0.005    0.005    0.354    0.354    0.366    0.443
    3.761    3.761    5.697    5.697    6.207    6.289    7.078    7.078   10.360   10.360
   10.992   10.992   11.396   11.399   14.222   14.222   14.825   14.884
            0.136371  0.136371  0.136371
 -108.152 -108.152  -70.141  -70.141  -51.869  -51.869  -51.869  -51.869   -5.022   -5.022
   -1.487   -1.448   -1.409   -1.409    0.006    0.006    0.354    0.354    0.367    0.443
    3.742    3.742    5.692    5.692    6.202    6.284    7.080    7.080   10.370   10.370
   10.998   10.998   11.401   11.404   14.227   14.227   14.822   14.880
            0.137633  0.137633  0.137633
 -108.152 -108.152  -70.141  -70.141  -51.869  -51.869  -51.869  -51.869   -5.019   -5.019
   -1.487   -1.448   -1.407   -1.407    0.007    0.007    0.354    0.354    0.367    0.444
    3.723    3.723    5.688    5.688    6.198    6.280    7.082    7.082   10.380   10.380
   11.004   11.004   11.406   11.409   14.232   14.232   14.819   14.877
            0.138896  0.138896  0.138896
 -108.152 -108.152  -70.141  -70.141  -51.869  -51.869  -51.869  -51.869   -5.017   -5.017
   -1.487   -1.448   -1.406   -1.406    0.008    0.008    0.354    0.354    0.367    0.445
    3.704    3.704    5.683    5.683    6.193    6.275    7.085    7.085   10.390   10.390
   11.010   11.010   11.411   11.414   14.237   14.237   14.816   14.874
            0.140159  0.140159  0.140159
 -108.152 -108.152  -70.141  -70.141  -51.869  -51.869  -51.869  -51.869   -5.014   -5.014
   -1.487   -1.447   -1.405   -1.405    0.009    0.009    0.354    0.354    0.368    0.446
    3.685    3.685    5.679    5.679    6.188    6.271    7.087    7.087   10.400   10.400
   11.016   11.016   11.416   11.419   14.241   14.241   14.814   14.870
            0.141421  0.141421  0.141421
 -108.152 -108.152  -70.141  -70.141  -51.869  -51.869  -51.869  -51.869   -5.012   -5.012
   -1.487   -1.447   -1.403   -1.403    0.010    0.010    0.354    0.354    0.368    0.447
    3.666    3.666    5.674    5.674    6.183    6.266    7.088    7.088   10.410   10.410
   11.023   11.023   11.421   11.424   14.244   14.244   14.812   14.867
            0.142684  0.142684  0.142684
 -108.152 -108.152  -70.141  -70.141  -51.869  -51.869  -51.869  -51.869   -5.009   -5.009
   -1.487   -1.447   -1.402   -1.402    0.011    0.011    0.354    0.354    0.369    0.447
    3.647    3.647    5.670    5.670    6.178    6.261    7.090    7.090   10.420   10.420
   11.029   11.029   11.425   11.429   14.248   14.248   14.810   14.865
            0.143947  0.143947  0.143947
 -108.152 -108.152  -70.141  -70.141  -51.869  -51.869  -51.869  -51.869   -5.007   -5.007
   -1.487   -1.447   -1.401   -1.401    0.012    0.012    0.354    0.354    0.369    0.448
    3.628    3.628    5.666    5.666    6.173    6.257    7.092    7.092   10.430   10.430
   11.036   11.036   11.430   11.434   14.250   14.250   14.808   14.862
            0.145209  0.145209  0.145209
 -108.152 -108.152  -70.141  -70.141  -51.869  -51.869  -51.869  -51.869   -5.004   -5.004
   -1.487   -1.447   -1.399   -1.399    0.013    0.013    0.354    0.354    0.370    0.449
    3.608    3.608    5.661    5.661    6.168    6.252    7.094    7.094   10.440   10.440
   11.043   11.043   11.435   11.439   14.253   14.253   14.806   14.859
            0.146472  0.146472  0.146472
 -108.152 -108.152  -70.141  -70.141  -51.869  -51.869  -51.869  -51.869   -5.002   -5.002
   -1.487   -1.446   -1.398   -1.398    0.014    0.014    0.354    0.354    0.370    0.450
    3.589    3.589    5.656    5.656    6.164    6.247    7.095    7.095   10.451   10.451
   11.050   11.050   11.440   11.443   14.255   14.255   14.805   14.857
            0.147735  0.147735  0.147735
 -108.152 -108.152  -70.141  -70.141  -51.869  -51.869  -51.869  -51.869   -4.999   -4.999
   -1.487   -1.446   -1.397   -1.397    0.015    0.015    0.354    0.354    0.371    0.450
    3.570    3.570    5.652    5.652    6.159    6.243    7.097    7.097   10.461   10.461
   11.057   11.057   11.444   11.448   14.257   14.257   14.804   14.855
            0.148998  0.148998  0.148998
 -108.152 -108.152  -70.141  -70.141  -51.869  -51.869  -51.869  -51.869   -4.997   -4.997
   -1.487   -1.446   -1.395   -1.395    0.016    0.016    0.354    0.354    0.371    0.451
    3.551    3.551    5.647    5.647    6.154    6.238    7.098    7.098   10.471   10.471
   11.065   11.065   11.449   11.453   14.258   14.258   14.803   14.853
            0.150260  0.150260  0.150260
 -108.152 -108.152  -70.141  -70.141  -51.869  -51.869  -51.869  -51.869   -4.994   -4.994
   -1.487   -1.446   -1.394   -1.394    0.017    0.017    0.354    0.354    0.372    0.452
    3.532    3.532    5.643    5.643    6.149    6.233    7.100    7.100   10.481   10.481
   11.072   11.072   11.454   11.458   14.259   14.259   14.802   14.851
            0.151523  0.151523  0.151523
 -108.152 -108.152  -70.141  -70.141  -51.869  -51.869  -51.869  -51.869   -4.992   -4.992
   -1.487   -1.446   -1.392   -1.392    0.018    0.018    0.354    0.354    0.372    0.453
    3.513    3.513    5.638    5.638    6.144    6.229    7.101    7.101   10.491   10.491
   11.080   11.080   11.458   11.462   14.260   14.260   14.801   14.849
            0.152786  0.152786  0.152786
 -108.152 -108.152  -70.141  -70.141  -51.869  -51.869  -51.869  -51.869   -4.989   -4.989
   -1.487   -1.446   -1.391   -1.391    0.019    0.019    0.354    0.354    0.373    0.454
    3.494    3.494    5.634    5.634    6.139    6.224    7.102    7.102   10.501   10.501
   11.088   11.088   11.463   11.467   14.260   14.260   14.801   14.848
            0.154048  0.154048  0.154048
 -108.152 -108.152  -70.141  -70.141  -51.869  -51.869  -51.869  -51.869   -4.987   -4.987
   -1.487   -1.445   -1.389   -1.389    0.020    0.020    0.354    0.354    0.374    0.454
    3.475    3.475    5.629    5.629    6.134    6.219    7.103    7.103   10.511   10.511
   11.096   11.096   11.467   11.471   14.260   14.260   14.801   14.846
            0.155311  0.155311  0.155311
 -108.152 -108.152  -70.141  -70.141  -51.869  -51.869  -51.869  -51.869   -4.984   -4.984
   -1.486   -1.445   -1.388   -1.388    0.022    0.022    0.354    0.354    0.374    0.455
    3.456    3.456    5.625    5.625    6.130    6.215    7.104    7.104   10.522   10.522
   11.105   11.105   11.471   11.476   14.260   14.260   14.801   14.845
            0.156574  0.156574  0.156574
 -108.152 -108.152  -70.141  -70.141  -51.869  -51.869  -51.869  -51.869   -4.982   -4.982
   -1.486   -1.445   -1.386   -1.386    0.023    0.023    0.354    0.354    0.375    0.456
    3.437    3.437    5.620    5.620    6.125    6.210    7.105    7.105   10.532   10.532
   11.113   11.113   11.476   11.480   14.259   14.259   14.801   14.844
            0.157836  0.157836  0.157836
 -108.152 -108.152  -70.141  -70.141  -51.869  -51.869  -51.869  -51.869   -4.979   -4.979
   -1.486   -1.445   -1.385   -1.385    0.024    0.024    0.354    0.354    0.375    0.457
    3.418    3.418    5.615    5.615    6.120    6.205    7.106    7.106   10.542   10.542
   11.122   11.122   11.480   11.485   14.258   14.258   14.801   14.844
            0.159099  0.159099  0.159099
 -108.152 -108.152  -70.141  -70.141  -51.869  -51.869  -51.869  -51.869   -4.976   -4.976
   -1.486   -1.445   -1.383   -1.383    0.025    0.025    0.355    0.355    0.376    0.457
    3.399    3.399    5.611    5.611    6.115    6.200    7.107    7.107   10.551   10.551
   11.131   11.131   11.484   11.489   14.257   14.257   14.802   14.843
            0.160362  0.160362  0.160362
 -108.152 -108.152  -70.141  -70.141  -51.869  -51.869  -51.869  -51.869   -4.974   -4.974
   -1.486   -1.445   -1.382   -1.382    0.026    0.026    0.355    0.355    0.376    0.458
    3.380    3.380    5.606    5.606    6.110    6.196    7.107    7.107   10.561   10.561
   11.140   11.140   11.488   11.493   14.256   14.256   14.803   14.842
            0.161624  0.161624  0.161624
 -108.152 -108.152  -70.141  -70.141  -51.869  -51.869  -51.869  -51.869   -4.971   -4.971
   -1.486   -1.444   -1.380   -1.380    0.027    0.027    0.355    0.355    0.377    0.459
    3.361    3.361    5.602    5.602    6.105    6.191    7.108    7.108   10.571   10.571
   11.149   11.149   11.492   11.498   14.254   14.254   14.804   14.842
            0.162887  0.162887  0.162887
 -108.152 -108.152  -70.141  -70.141  -51.869  -51.869  -51.869  -51.869   -4.969   -4.969
   -1.486   -1.444   -1.379   -1.379    0.028    0.028    0.355    0.355    0.378    0.460
    3.343    3.343    5.597    5.597    6.101    6.186    7.108    7.108   10.581   10.581
   11.158   11.158   11.497   11.502   14.253   14.253   14.805   14.842
            0.164150  0.164150  0.164150
 -108.152 -108.152  -70.141  -70.141  -51.869  -51.869  -51.869  -51.869   -4.966   -4.966
   -1.486   -1.444   -1.377   -1.377    0.029    0.029    0.355    0.355    0.378    0.460
    3.324    3.324    5.592    5.592    6.096    6.181    7.109    7.109   10.591   10.591
   11.168   11.168   11.501   11.506   14.251   14.251   14.807   14.842
            0.165412  0.165412  0.165412
 -108.152 -108.152  -70.141  -70.141  -51.869  -51.869  -51.869  -51.869   -4.963   -4.963
   -1.486   -1.444   -1.376   -1.376    0.031    0.031    0.355    0.355    0.379    0.461
    3.305    3.305    5.588    5.588    6.091    6.177    7.109    7.109   10.600   10.600
   11.178   11.178   11.505   11.510   14.248   14.248   14.808   14.842
            0.166675  0.166675  0.166675
 -108.152 -108.152  -70.141  -70.141  -51.869  -51.869  -51.869  -51.869   -4.961   -4.961
   -1.486   -1.444   -1.374   -1.374    0.032    0.032    0.355    0.355    0.379    0.462
    3.286    3.286    5.583    5.583    6.086    6.172    7.110    7.110   10.610   10.610
   11.188   11.188   11.508   11.514   14.246   14.246   14.810   14.843
            0.167938  0.167938  0.167938
 -108.152 -108.152  -70.141  -70.141  -51.869  -51.869  -51.869  -51.869   -4.958   -4.958
   -1.486   -1.444   -1.373   -1.373    0.033    0.033    0.356    0.356    0.380    0.463
    3.267    3.267    5.579    5.579    6.081    6.167    7.110    7.110   10.619   10.619
   11.198   11.198   11.512   11.518   14.243   14.243   14.812   14.843
            0.169201  0.169201  0.169201
 -108.152 -108.152  -70.141  -70.141  -51.869  -51.869  -51.869  -51.869   -4.955   -4.955
   -1.485   -1.444   -1.371   -1.371    0.034    0.034    0.356    0.356    0.381    0.463
    3.249    3.249    5.574    5.574    6.077    6.162    7.110    7.110   10.628   10.628
   11.209   11.209   11.516   11.522   14.240   14.240   14.815   14.844
            0.170463  0.170463  0.170463
 -108.152 -108.152  -70.141  -70.141  -51.869  -51.869  -51.869  -51.869   -4.953   -4.953
   -1.485   -1.443   -1.369   -1.369    0.035    0.035    0.356    0.356    0.381    0.464
    3.230    3.230    5.570    5.570    6.072    6.158    7.110    7.110   10.638   10.638
   11.219   11.219   11.520   11.525   14.237   14.237   14.817   14.845
            0.171726  0.171726  0.171726
 -108.152 -108.152  -70.141  -70.141  -51.869  -51.869  -51.869  -51.869   -4.950   -4.950
   -1.485   -1.443   -1.368   -1.368    0.036    0.036    0.356    0.356    0.382    0.465
    3.211    3.211    5.565    5.565    6.067    6.153    7.110    7.110   10.647   10.647
   11.230   11.230   11.523   11.529   14.234   14.234   14.820   14.846
            0.172989  0.172989  0.172989
 -108.152 -108.152  -70.141  -70.141  -51.869  -51.869  -51.869  -51.869   -4.948   -4.948
   -1.485   -1.443   -1.366   -1.366    0.038    0.038    0.357    0.357    0.383    0.466
    3.192    3.192    5.560    5.560    6.063    6.148    7.110    7.110   10.656   10.656
   11.241   11.241   11.527   11.533   14.231   14.231   14.823   14.848
            0.174251  0.174251  0.174251
 -108.152 -108.152  -70.141  -70.141  -51.869  -51.869  -51.869  -51.869   -4.945   -4.945
   -1.485   -1.443   -1.364   -1.364    0.039    0.039    0.357    0.357    0.383    0.466
    3.174    3.174    5.556    5.556    6.058    6.143    7.110    7.110   10.665   10.665
   11.253   11.253   11.531   11.537   14.228   14.228   14.826   14.849
            0.175514  0.175514  0.175514
 -108.152 -108.152  -70.141  -70.141  -51.869  -51.869  -51.869  -51.869   -4.942   -4.942
   -1.485   -1.443   -1.363   -1.363    0.040    0.040    0.357    0.357    0.384    0.467
    3.155    3.155    5.551    5.551    6.053    6.139    7.110    7.110   10.674   10.674
   11.264   11.264   11.534   11.540   14.224   14.224   14.829   14.851
            0.176777  0.176777  0.176777
 -108.152 -108.152  -70.141  -70.141  -51.869  -51.869  -51.869  -51.869   -4.940   -4.940
   -1.485   -1.443   -1.361   -1.361    0.041    0.041    0.358    0.358    0.385    0.468
    3.136    3.136    5.547    5.547    6.048    6.134    7.110    7.110   10.682   10.682
   11.276   11.276   11.538   11.544   14.220   14.220   14.833   14.853
            0.178039  0.178039  0.178039
 -108.152 -108.152  -70.141  -70.141  -51.869  -51.869  -51.869  -51.869   -4.937   -4.937
   -1.485   -1.443   -1.359   -1.359    0.042    0.042    0.358    0.358    0.385    0.468
    3.118    3.118    5.542    5.542    6.044    6.129    7.110    7.110   10.691   10.691
   11.288   11.288   11.541   11.547   14.217   14.217   14.837   14.855
            0.179302  0.179302  0.179302
 -108.152 -108.152  -70.141  -70.141  -51.869  -51.869  -51.869  -51.869   -4.934   -4.934
   -1.485   -1.443   -1.358   -1.358    0.044    0.044    0.358    0.358    0.386    0.469
    3.099    3.099    5.538    5.538    6.039    6.125    7.110    7.110   10.700   10.700
   11.300   11.300   11.544   11.550   14.213   14.213   14.841   14.857
            0.180565  0.180565  0.180565
 -108.152 -108.152  -70.141  -70.141  -51.869  -51.869  -51.869  -51.869   -4.932   -4.932
   -1.484   -1.442   -1.356   -1.356    0.045    0.045    0.359    0.359    0.387    0.470
    3.081    3.081    5.533    5.533    6.034    6.120    7.110    7.110   10.708   10.708
   11.313   11.313   11.547   11.554   14.209   14.209   14.845   14.859
            0.181827  0.181827  0.181827
 -108.152 -108.152  -70.141  -70.141  -51.869  -51.869  -51.869  -51.869   -4.929   -4.929
   -1.484   -1.442   -1.354   -1.354    0.046    0.046    0.359    0.359    0.387    0.470
    3.062    3.062    5.528    5.528    6.030    6.115    7.109    7.109   10.716   10.716
   11.325   11.325   11.551   11.557   14.205   14.205   14.849   14.862
            0.183090  0.183090  0.183090
 -108.152 -108.152  -70.141  -70.141  -51.869  -51.869  -51.869  -51.869   -4.926   -4.926
   -1.484   -1.442   -1.353   -1.353    0.047    0.047    0.360    0.360    0.388    0.471
    3.044    3.044    5.524    5.524    6.025    6.110    7.109    7.109   10.724   10.724
   11.338   11.338   11.554   11.560   14.200   14.200   14.854   14.865
            0.184353  0.184353  0.184353
 -108.152 -108.152  -70.141  -70.141  -51.869  -51.869  -51.869  -51.869   -4.924   -4.924
   -1.484   -1.442   -1.351   -1.351    0.048    0.048    0.360    0.360    0.389    0.472
    3.025    3.025    5.519    5.519    6.021    6.106    7.108    7.108   10.732   10.732
   11.351   11.351   11.557   11.563   14.196   14.196   14.859   14.868
            0.185616  0.185616  0.185616
 -108.152 -108.152  -70.141  -70.141  -51.869  -51.869  -51.869  -51.869   -4.921   -4.921
   -1.484   -1.442   -1.349   -1.349    0.050    0.050    0.360    0.360    0.390    0.473
    3.007    3.007    5.515    5.515    6.016    6.101    7.108    7.108   10.740   10.740
   11.364   11.364   11.560   11.566   14.192   14.192   14.864   14.871
            0.186878  0.186878  0.186878
 -108.152 -108.152  -70.141  -70.141  -51.869  -51.869  -51.869  -51.869   -4.918   -4.918
   -1.484   -1.442   -1.347   -1.347    0.051    0.051    0.361    0.361    0.390    0.473
    2.989    2.989    5.510    5.510    6.012    6.096    7.107    7.107   10.748   10.748
   11.377   11.377   11.563   11.569   14.187   14.187   14.869   14.874
            0.188141  0.188141  0.188141
 -108.152 -108.152  -70.141  -70.141  -51.869  -51.869  -51.869  -51.869   -4.916   -4.916
   -1.484   -1.442   -1.346   -1.346    0.052    0.052    0.362    0.362    0.391    0.474
    2.970    2.970    5.506    5.506    6.007    6.092    7.107    7.107   10.756   10.756
   11.391   11.391   11.565   11.572   14.183   14.183   14.874   14.877
            0.189404  0.189404  0.189404
 -108.152 -108.152  -70.141  -70.141  -51.869  -51.869  -51.869  -51.869   -4.913   -4.913
   -1.483   -1.442   -1.344   -1.344    0.053    0.053    0.362    0.362    0.392    0.475
    2.952    2.952    5.501    5.501    6.003    6.087    7.106    7.106   10.763   10.763
   11.405   11.405   11.568   11.575   14.178   14.178   14.880   14.881
            0.190666  0.190666  0.190666
 -108.152 -108.152  -70.141  -70.141  -51.869  -51.869  -51.869  -51.869   -4.910   -4.910
   -1.483   -1.442   -1.342   -1.342    0.054    0.054    0.363    0.363    0.392    0.475
    2.934    2.934    5.497    5.497    5.998    6.082    7.106    7.106   10.771   10.771
   11.419   11.419   11.571   11.577   14.174   14.174   14.885   14.885
            0.191929  0.191929  0.191929
 -108.152 -108.152  -70.141  -70.141  -51.869  -51.869  -51.869  -51.869   -4.908   -4.908
   -1.483   -1.442   -1.340   -1.340    0.056    0.056    0.363    0.363    0.393    0.476
    2.915    2.915    5.493    5.493    5.994    6.078    7.105    7.105   10.778   10.778
   11.433   11.433   11.574   11.580   14.169   14.169   14.889   14.889
            0.193192  0.193192  0.193192
 -108.152 -108.152  -70.141  -70.141  -51.869  -51.869  -51.869  -51.869   -4.905   -4.905
   -1.483   -1.441   -1.338   -1.338    0.057    0.057    0.364    0.364    0.394    0.476
    2.897    2.897    5.488    5.488    5.989    6.073    7.104    7.104   10.785   10.785
   11.447   11.447   11.576   11.583   14.165   14.165   14.893   14.893
            0.194454  0.194454  0.194454
 -108.152 -108.152  -70.141  -70.141  -51.869  -51.869  -51.869  -51.869   -4.902   -4.902
   -1.483   -1.441   -1.337   -1.337    0.058    0.058    0.365    0.365    0.395    0.477
    2.879    2.879    5.484    5.484    5.985    6.069    7.103    7.103   10.792   10.792
   11.462   11.462   11.579   11.585   14.160   14.160   14.897   14.897
            0.195717  0.195717  0.195717
 -108.152 -108.152  -70.141  -70.141  -51.869  -51.869  -51.869  -51.869   -4.900   -4.900
   -1.483   -1.441   -1.335   -1.335    0.059    0.059    0.365    0.365    0.395    0.478
    2.861    2.861    5.479    5.479    5.980    6.064    7.103    7.103   10.799   10.799
   11.477   11.477   11.581   11.588   14.155   14.155   14.902   14.902
            0.196980  0.196980  0.196980
 -108.152 -108.152  -70.141  -70.141  -51.869  -51.869  -51.869  -51.869   -4.897   -4.897
   -1.483   -1.441   -1.333   -1.333    0.060    0.060    0.366    0.366    0.396    0.478
    2.843    2.843    5.475    5.475    5.976    6.059    7.102    7.102   10.806   10.806
   11.492   11.492   11.584   11.590   14.150   14.150   14.906   14.906
            0.198242  0.198242  0.198242
 -108.152 -108.152  -70.141  -70.141  -51.869  -51.869  -51.869  -51.869   -4.894   -4.894
   -1.482   -1.441   -1.331   -1.331    0.062    0.062    0.367    0.367    0.397    0.479
    2.825    2.825    5.471    5.471    5.971    6.055    7.101    7.101   10.812   10.812
   11.507   11.507   11.586   11.592   14.146   14.146   14.911   14.911
            0.199505  0.199505  0.199505
 -108.152 -108.152  -70.141  -70.141  -51.869  -51.869  -51.869  -51.869   -4.892   -4.892
   -1.482   -1.441   -1.329   -1.329    0.063    0.063    0.367    0.367    0.398    0.480
    2.807    2.807    5.466    5.466    5.967    6.050    7.100    7.100   10.819   10.819
   11.522   11.522   11.588   11.595   14.141   14.141   14.916   14.916
            0.200768  0.200768  0.200768
 -108.152 -108.152  -70.141  -70.141  -51.869  -51.869  -51.869  -51.869   -4.889   -4.889
   -1.482   -1.441   -1.327   -1.327    0.064    0.064    0.368    0.368    0.399    0.480
    2.789    2.789    5.462    5.462    5.963    6.046    7.099    7.099   10.825   10.825
   11.537   11.537   11.591   11.597   14.136   14.136   14.922   14.922
            0.202031  0.202031  0.202031
 -108.152 -108.152  -70.141  -70.141  -51.869  -51.869  -51.869  -51.869   -4.887   -4.887
   -1.482   -1.441   -1.325   -1.325    0.065    0.065    0.369    0.369    0.399    0.481
    2.771    2.771    5.458    5.458    5.959    6.041    7.098    7.098   10.831   10.831
   11.553   11.553   11.593   11.599   14.131   14.131   14.927   14.927
            0.203293  0.203293  0.203293
 -108.152 -108.152  -70.141  -70.141  -51.869  -51.869  -51.869  -51.869   -4.884   -4.884
   -1.482   -1.441   -1.324   -1.324    0.066    0.066    0.370    0.370    0.400    0.481
    2.753    2.753    5.453    5.453    5.954    6.037    7.097    7.097   10.838   10.838
   11.569   11.569   11.595   11.601   14.126   14.126   14.932   14.932
            0.204556  0.204556  0.204556
 -108.152 -108.152  -70.141  -70.141  -51.869  -51.869  -51.869  -51.869   -4.881   -4.881
   -1.482   -1.441   -1.322   -1.322    0.068    0.068    0.371    0.371    0.401    0.482
    2.736    2.736    5.449    5.449    5.950    6.032    7.096    7.096   10.844   10.844
   11.584   11.584   11.597   11.603   14.122   14.122   14.938   14.938
            0.205819  0.205819  0.205819
 -108.152 -108.152  -70.141  -70.141  -51.869  -51.869  -51.869  -51.869   -4.879   -4.879
   -1.481   -1.441   -1.320   -1.320    0.069    0.069    0.372    0.372    0.402    0.483
    2.718    2.718    5.445    5.445    5.946    6.028    7.095    7.095   10.850   10.850
   11.599   11.601   11.601   11.605   14.117   14.117   14.944   14.944
            0.207081  0.207081  0.207081
 -108.152 -108.152  -70.141  -70.141  -51.869  -51.869  -51.869  -51.869   -4.876   -4.876
   -1.481   -1.441   -1.318   -1.318    0.070    0.070    0.373    0.373    0.402    0.483
    2.700    2.700    5.440    5.440    5.942    6.023    7.094    7.094   10.855   10.855
   11.601   11.607   11.617   11.617   14.112   14.112   14.950   14.950
            0.208344  0.208344  0.208344
 -108.152 -108.152  -70.141  -70.141  -51.869  -51.869  -51.869  -51.869   -4.873   -4.873
   -1.481   -1.441   -1.316   -1.316    0.071    0.071    0.374    0.374    0.403    0.484
    2.682    2.682    5.436    5.436    5.937    6.019    7.093    7.093   10.861   10.861
   11.603   11.609   11.633   11.633   14.107   14.107   14.956   14.956
            0.209607  0.209607  0.209607
 -108.152 -108.152  -70.141  -70.141  -51.869  -51.869  -51.869  -51.869   -4.871   -4.871
   -1.481   -1.441   -1.314   -1.314    0.072    0.072    0.375    0.375    0.404    0.484
    2.665    2.665    5.432    5.432    5.933    6.014    7.092    7.092   10.867   10.867
   11.604   11.611   11.649   11.649   14.102   14.102   14.963   14.963
            0.210869  0.210869  0.210869
 -108.152 -108.152  -70.141  -70.141  -51.869  -51.869  -51.869  -51.869   -4.868   -4.868
   -1.481   -1.441   -1.312   -1.312    0.074    0.074    0.376    0.376    0.405    0.485
    2.647    2.647    5.428    5.428    5.929    6.010    7.091    7.091   10.872   10.872
   11.606   11.612   11.666   11.666   14.098   14.098   14.969   14.969
            0.212132  0.212132  0.212132
 -108.152 -108.152  -70.141  -70.141  -51.869  -51.869  -51.869  -51.869   -4.866   -4.866
   -1.481   -1.441   -1.310   -1.310    0.075    0.075    0.377    0.377    0.406    0.486
    2.630    2.630    5.424    5.424    5.925    6.005    7.090    7.090   10.877   10.877
   11.608   11.614   11.683   11.683   14.093   14.093   14.976   14.976
            0.213395  0.213395  0.213395
 -108.152 -108.152  -70.141  -70.141  -51.869  -51.869  -51.869  -51.869   -4.863   -4.863
   -1.480   -1.441   -1.308   -1.308    0.076    0.076    0.378    0.378    0.407    0.486
    2.612    2.612    5.419    5.419    5.921    6.001    7.089    7.089   10.883   10.883
   11.609   11.616   11.700   11.700   14.088   14.088   14.983   14.983
            0.214657  0.214657  0.214657
 -108.152 -108.152  -70.141  -70.141  -51.869  -51.869  -51.869  -51.869   -4.861   -4.861
   -1.480   -1.441   -1.306   -1.306    0.077    0.077    0.379    0.379    0.407    0.487
    2.595    2.595    5.415    5.415    5.917    5.996    7.087    7.087   10.888   10.888
   11.611   11.617   11.717   11.717   14.083   14.083   14.990   14.990
            0.215920  0.215920  0.215920
 -108.152 -108.152  -70.141  -70.141  -51.869  -51.869  -51.869  -51.869   -4.858   -4.858
   -1.480   -1.441   -1.304   -1.304    0.078    0.078    0.381    0.381    0.408    0.487
    2.577    2.577    5.411    5.411    5.913    5.992    7.086    7.086   10.893   10.893
   11.613   11.619   11.734   11.734   14.079   14.079   14.997   14.997
            0.217183  0.217183  0.217183
 -108.152 -108.152  -70.141  -70.141  -51.869  -51.869  -51.869  -51.869   -4.855   -4.855
   -1.480   -1.440   -1.302   -1.302    0.079    0.079    0.382    0.382    0.409    0.488
    2.560    2.560    5.407    5.407    5.909    5.988    7.085    7.085   10.898   10.898
   11.614   11.620   11.751   11.751   14.074   14.074   15.004   15.004
            0.218445  0.218445  0.218445
 -108.152 -108.152  -70.141  -70.141  -51.869  -51.869  -51.869  -51.869   -4.853   -4.853
   -1.480   -1.440   -1.300   -1.300    0.080    0.080    0.383    0.383    0.410    0.488
    2.543    2.543    5.403    5.403    5.905    5.983    7.084    7.084   10.903   10.903
   11.615   11.621   11.768   11.768   14.070   14.070   15.012   15.012
            0.219708  0.219708  0.219708
 -108.152 -108.152  -70.141  -70.141  -51.869  -51.869  -51.869  -51.869   -4.850   -4.850
   -1.479   -1.440   -1.298   -1.298    0.082    0.082    0.384    0.384    0.411    0.489
    2.526    2.526    5.399    5.399    5.901    5.979    7.082    7.082   10.907   10.907
   11.617   11.623   11.786   11.786   14.065   14.065   15.020   15.020
            0.220971  0.220971  0.220971
 -108.152 -108.152  -70.141  -70.141  -51.869  -51.869  -51.869  -51.869   -4.848   -4.848
   -1.479   -1.440   -1.297   -1.297    0.083    0.083    0.386    0.386    0.412    0.489
    2.509    2.509    5.395    5.395    5.897    5.975    7.081    7.081   10.912   10.912
   11.618   11.624   11.803   11.803   14.060   14.060   15.027   15.027
            0.222234  0.222234  0.222234
 -108.152 -108.152  -70.141  -70.141  -51.869  -51.869  -51.869  -51.869   -4.845   -4.845
   -1.479   -1.440   -1.295   -1.295    0.084    0.084    0.387    0.387    0.412    0.490
    2.492    2.492    5.391    5.391    5.893    5.971    7.080    7.080   10.916   10.916
   11.619   11.625   11.821   11.821   14.056   14.056   15.035   15.035
            0.223496  0.223496  0.223496
 -108.152 -108.152  -70.141  -70.141  -51.869  -51.869  -51.869  -51.869   -4.843   -4.843
   -1.479   -1.440   -1.293   -1.293    0.085    0.085    0.389    0.389    0.413    0.490
    2.474    2.474    5.387    5.387    5.889    5.966    7.079    7.079   10.921   10.921
   11.621   11.626   11.838   11.838   14.051   14.051   15.044   15.044
            0.224759  0.224759  0.224759
 -108.152 -108.152  -70.141  -70.141  -51.869  -51.869  -51.869  -51.869   -4.840   -4.840
   -1.479   -1.440   -1.291   -1.291    0.086    0.086    0.390    0.390    0.414    0.491
    2.458    2.458    5.383    5.383    5.886    5.962    7.077    7.077   10.925   10.925
   11.622   11.627   11.856   11.856   14.047   14.047   15.052   15.052
            0.226022  0.226022  0.226022
 -108.152 -108.152  -70.141  -70.141  -51.869  -51.869  -51.869  -51.869   -4.838   -4.838
   -1.478   -1.440   -1.289   -1.289    0.087    0.087    0.392    0.392    0.415    0.491
    2.441    2.441    5.379    5.379    5.882    5.958    7.076    7.076   10.930   10.930
   11.623   11.628   11.874   11.874   14.043   14.043   15.060   15.060
            0.227284  0.227284  0.227284
 -108.152 -108.152  -70.141  -70.141  -51.869  -51.869  -51.869  -51.869   -4.835   -4.835
   -1.478   -1.440   -1.287   -1.287    0.088    0.088    0.393    0.393    0.416    0.492
    2.424    2.424    5.375    5.375    5.878    5.954    7.075    7.075   10.934   10.934
   11.624   11.629   11.892   11.892   14.038   14.038   15.069   15.069
            0.228547  0.228547  0.228547
 -108.152 -108.152  -70.141  -70.141  -51.869  -51.869  -51.869  -51.869   -4.833   -4.833
   -1.478   -1.440   -1.285   -1.285    0.089    0.089    0.395    0.395    0.417    0.492
    2.407    2.407    5.371    5.371    5.874    5.950    7.073    7.073   10.938   10.938
   11.625   11.630   11.910   11.910   14.034   14.034   15.078   15.078
            0.229810  0.229810  0.229810
 -108.152 -108.152  -70.141  -70.141  -51.869  -51.869  -51.869  -51.869   -4.830   -4.830
   -1.478   -1.440   -1.283   -1.283    0.090    0.090    0.397    0.397    0.417    0.493
    2.390    2.390    5.368    5.368    5.871    5.945    7.072    7.072   10.942   10.942
   11.626   11.631   11.928   11.928   14.030   14.030   15.086   15.086
            0.231072  0.231072  0.231072
 -108.152 -108.152  -70.141  -70.141  -51.869  -51.869  -51.869  -51.869   -4.828   -4.828
   -1.478   -1.440   -1.281   -1.281    0.091    0.091    0.399    0.399    0.418    0.493
    2.374    2.374    5.364    5.364    5.867    5.941    7.071    7.071   10.946   10.946
   11.627   11.632   11.946   11.946   14.026   14.026   15.095   15.095
            0.232335  0.232335  0.232335
 -108.152 -108.152  -70.141  -70.141  -51.869  -51.869  -51.869  -51.869   -4.826   -4.826
   -1.477   -1.440   -1.279   -1.279    0.092    0.092    0.400    0.400    0.419    0.493
    2.357    2.357    5.360    5.360    5.863    5.937    7.069    7.069   10.950   10.950
   11.627   11.633   11.964   11.964   14.022   14.022   15.105   15.105
            0.233598  0.233598  0.233598
 -108.152 -108.152  -70.141  -70.141  -51.869  -51.869  -51.869  -51.869   -4.823   -4.823
   -1.477   -1.441   -1.277   -1.277    0.093    0.093    0.402    0.402    0.420    0.494
    2.340    2.340    5.356    5.356    5.860    5.933    7.068    7.068   10.953   10.953
   11.628   11.633   11.982   11.982   14.018   14.018   15.114   15.114
            0.234860  0.234860  0.234860
 -108.152 -108.152  -70.141  -70.141  -51.869  -51.869  -51.869  -51.869   -4.821   -4.821
   -1.477   -1.441   -1.275   -1.275    0.094    0.094    0.404    0.404    0.421    0.494
    2.324    2.324    5.353    5.353    5.856    5.929    7.067    7.067   10.957   10.957
   11.629   11.634   12.000   12.000   14.014   14.014   15.123   15.123
            0.236123  0.236123  0.236123
 -108.152 -108.152  -70.141  -70.141  -51.869  -51.869  -51.869  -51.869   -4.818   -4.818
   -1.477   -1.441   -1.273   -1.273    0.095    0.095    0.406    0.406    0.422    0.495
    2.308    2.308    5.349    5.349    5.853    5.925    7.065    7.065   10.961   10.961
   11.630   11.635   12.018   12.018   14.010   14.010   15.133   15.133
            0.237386  0.237386  0.237386
 -108.152 -108.152  -70.141  -70.141  -51.869  -51.869  -51.869  -51.869   -4.816   -4.816
   -1.477   -1.441   -1.271   -1.271    0.096    0.096    0.408    0.408    0.423    0.495
    2.291    2.291    5.345    5.345    5.849    5.921    7.064    7.064   10.964   10.964
   11.630   11.635   12.037   12.037   14.006   14.006   15.143   15.143
            0.238649  0.238649  0.238649
 -108.152 -108.152  -70.141  -70.141  -51.869  -51.869  -51.869  -51.869   -4.814   -4.814
   -1.476   -1.441   -1.269   -1.269    0.097    0.097    0.410    0.410    0.423    0.496
    2.275    2.275    5.341    5.341    5.846    5.917    7.062    7.062   10.967   10.967
   11.631   11.636   12.055   12.055   14.002   14.002   15.153   15.153
            0.239911  0.239911  0.239911
 -108.152 -108.152  -70.141  -70.141  -51.869  -51.869  -51.869  -51.869   -4.811   -4.811
   -1.476   -1.441   -1.267   -1.267    0.098    0.098    0.412    0.412    0.424    0.496
    2.259    2.259    5.338    5.338    5.842    5.913    7.061    7.061   10.971   10.971
   11.632   11.636   12.073   12.073   13.999   13.999   15.163   15.163
            0.241174  0.241174  0.241174
 -108.152 -108.152  -70.141  -70.141  -51.869  -51.869  -51.869  -51.869   -4.809   -4.809
   -1.476   -1.441   -1.265   -1.265    0.099    0.099    0.414    0.414    0.425    0.496
    2.243    2.243    5.334    5.334    5.839    5.909    7.060    7.060   10.974   10.974
   11.632   11.637   12.092   12.092   13.995   13.995   15.173   15.173
            0.242437  0.242437  0.242437
 -108.152 -108.152  -70.141  -70.141  -51.869  -51.869  -51.869  -51.869   -4.807   -4.807
   -1.476   -1.441   -1.263   -1.263    0.100    0.100    0.416    0.416    0.426    0.497
    2.226    2.226    5.331    5.331    5.836    5.906    7.058    7.058   10.977   10.977
   11.633   11.637   12.110   12.110   13.992   13.992   15.183   15.183
            0.243699  0.243699  0.243699
 -108.152 -108.152  -70.141  -70.141  -51.869  -51.869  -51.869  -51.869   -4.804   -4.804
   -1.476   -1.441   -1.261   -1.261    0.101    0.101    0.419    0.419    0.427    0.497
    2.210    2.210    5.327    5.327    5.832    5.902    7.057    7.057   10.980   10.980
   11.633   11.638   12.128   12.128   13.988   13.988   15.193   15.193
            0.244962  0.244962  0.244962
 -108.152 -108.152  -70.141  -70.141  -51.869  -51.869  -51.869  -51.869   -4.802   -4.802
   -1.475   -1.441   -1.259   -1.259    0.102    0.102    0.421    0.421    0.428    0.497
    2.195    2.195    5.324    5.324    5.829    5.898    7.056    7.056   10.984   10.984
   11.634   11.638   12.147   12.147   13.985   13.985   15.204   15.204
            0.246225  0.246225  0.246225
 -108.152 -108.152  -70.141  -70.141  -51.869  -51.869  -51.869  -51.869   -4.800   -4.800
   -1.475   -1.441   -1.257   -1.257    0.102    0.102    0.423    0.423    0.429    0.498
    2.179    2.179    5.320    5.320    5.826    5.894    7.054    7.054   10.987   10.987
   11.634   11.638   12.165   12.165   13.982   13.982   15.214   15.214
            0.247487  0.247487  0.247487
 -108.152 -108.152  -70.141  -70.141  -51.869  -51.869  -51.869  -51.869   -4.797   -4.797
   -1.475   -1.441   -1.255   -1.255    0.103    0.103    0.426    0.426    0.430    0.498
    2.163    2.163    5.317    5.317    5.823    5.890    7.053    7.053   10.989   10.989
   11.634   11.639   12.184   12.184   13.979   13.979   15.225   15.225
            0.248750  0.248750  0.248750
 -108.152 -108.152  -70.141  -70.141  -51.869  -51.869  -51.869  -51.869   -4.795   -4.795
   -1.475   -1.441   -1.253   -1.253    0.104    0.104    0.428    0.428    0.430    0.498
    2.147    2.147    5.313    5.313    5.820    5.887    7.052    7.052   10.992   10.992
   11.635   11.639   12.202   12.202   13.976   13.976   15.236   15.236
            0.250013  0.250013  0.250013
 -108.152 -108.152  -70.141  -70.141  -51.869  -51.869  -51.869  -51.869   -4.793   -4.793
   -1.474   -1.441   -1.251   -1.251    0.105    0.105    0.430    0.430    0.431    0.499
    2.132    2.132    5.310    5.310    5.816    5.883    7.050    7.050   10.995   10.995
   11.635   11.639   12.220   12.220   13.973   13.973   15.247   15.247
            0.251275  0.251275  0.251275
 -108.152 -108.152  -70.141  -70.141  -51.869  -51.869  -51.869  -51.869   -4.791   -4.791
   -1.474   -1.441   -1.249   -1.249    0.106    0.106    0.432    0.433    0.433    0.499
    2.116    2.116    5.307    5.307    5.813    5.879    7.049    7.049   10.998   10.998
   11.635   11.639   12.239   12.239   13.970   13.970   15.258   15.258
            0.252538  0.252538  0.252538
 -108.152 -108.152  -70.141  -70.141  -51.869  -51.869  -51.869  -51.869   -4.789   -4.789
   -1.474   -1.441   -1.247   -1.247    0.107    0.107    0.433    0.436    0.436    0.499
    2.100    2.100    5.303    5.303    5.810    5.875    7.047    7.047   11.001   11.001
   11.635   11.639   12.257   12.257   13.967   13.967   15.269   15.269
            0.253801  0.253801  0.253801
 -108.152 -108.152  -70.141  -70.141  -51.869  -51.869  -51.869  -51.869   -4.786   -4.786
   -1.474   -1.441   -1.245   -1.245    0.107    0.107    0.434    0.438    0.438    0.500
    2.085    2.085    5.300    5.300    5.807    5.872    7.046    7.046   11.003   11.003
   11.636   11.640   12.275   12.275   13.964   13.964   15.280   15.280
            0.255064  0.255064  0.255064
 -108.152 -108.152  -70.141  -70.141  -51.869  -51.869  -51.869  -51.869   -4.784   -4.784
   -1.474   -1.441   -1.243   -1.243    0.108    0.108    0.435    0.441    0.441    0.500
    2.070    2.070    5.297    5.297    5.804    5.868    7.045    7.045   11.006   11.006
   11.636   11.640   12.293   12.293   13.962   13.962   15.292   15.292
            0.256326  0.256326  0.256326
 -108.152 -108.152  -70.141  -70.141  -51.869  -51.869  -51.869  -51.869   -4.782   -4.782
   -1.473   -1.441   -1.241   -1.241    0.109    0.109    0.436    0.444    0.444    0.500
    2.054    2.054    5.294    5.294    5.801    5.865    7.043    7.043   11.008   11.008
   11.636   11.640   12.311   12.311   13.960   13.960   15.303   15.303
            0.257589  0.257589  0.257589
 -108.152 -108.152  -70.141  -70.141  -51.869  -51.869  -51.869  -51.869   -4.780   -4.780
   -1.473   -1.441   -1.239   -1.239    0.110    0.110    0.437    0.446    0.446    0.501
    2.039    2.039    5.291    5.291    5.798    5.861    7.042    7.042   11.011   11.011
   11.636   11.640   12.329   12.329   13.957   13.957   15.315   15.315
            0.258852  0.258852  0.258852
 -108.152 -108.152  -70.141  -70.141  -51.869  -51.869  -51.869  -51.869   -4.778   -4.778
   -1.473   -1.442   -1.237   -1.237    0.110    0.110    0.437    0.449    0.449    0.501
    2.024    2.024    5.287    5.287    5.796    5.858    7.041    7.041   11.013   11.013
   11.636   11.640   12.347   12.347   13.955   13.955   15.326   15.326
            0.260114  0.260114  0.260114
 -108.152 -108.152  -70.141  -70.141  -51.869  -51.869  -51.869  -51.869   -4.776   -4.776
   -1.473   -1.442   -1.236   -1.236    0.111    0.111    0.438    0.452    0.452    0.501
    2.009    2.009    5.284    5.284    5.793    5.854    7.039    7.039   11.015   11.015
   11.636   11.640   12.365   12.365   13.953   13.953   15.338   15.338
            0.261377  0.261377  0.261377
 -108.152 -108.152  -70.141  -70.141  -51.869  -51.869  -51.869  -51.869   -4.774   -4.774
   -1.472   -1.442   -1.234   -1.234    0.112    0.112    0.439    0.455    0.455    0.501
    1.994    1.994    5.281    5.281    5.790    5.851    7.038    7.038   11.018   11.018
   11.636   11.640   12.383   12.383   13.951   13.951   15.350   15.350
            0.262640  0.262640  0.262640
 -108.152 -108.152  -70.141  -70.141  -51.869  -51.869  -51.869  -51.869   -4.772   -4.772
   -1.472   -1.442   -1.232   -1.232    0.112    0.112    0.440    0.458    0.458    0.502
    1.979    1.979    5.278    5.278    5.787    5.847    7.037    7.037   11.020   11.020
   11.636   11.640   12.401   12.401   13.949   13.949   15.362   15.362
            0.263902  0.263902  0.263902
 -108.152 -108.152  -70.141  -70.141  -51.869  -51.869  -51.869  -51.869   -4.770   -4.770
   -1.472   -1.442   -1.230   -1.230    0.113    0.113    0.441    0.461    0.461    0.502
    1.965    1.965    5.275    5.275    5.784    5.844    7.035    7.035   11.022   11.022
   11.636   11.640   12.419   12.419   13.947   13.947   15.374   15.374
            0.265165  0.265165  0.265165
 -108.152 -108.152  -70.141  -70.141  -51.869  -51.869  -51.869  -51.869   -4.768   -4.768
   -1.472   -1.442   -1.228   -1.228    0.114    0.114    0.442    0.464    0.464    0.502
    1.950    1.950    5.272    5.272    5.782    5.841    7.034    7.034   11.024   11.024
   11.636   11.639   12.436   12.436   13.946   13.946   15.386   15.386
            0.266428  0.266428  0.266428
 -108.152 -108.152  -70.141  -70.141  -51.869  -51.869  -51.869  -51.869   -4.766   -4.766
   -1.471   -1.442   -1.226   -1.226    0.114    0.114    0.443    0.468    0.468    0.502
    1.935    1.935    5.269    5.269    5.779    5.837    7.033    7.033   11.026   11.026
   11.636   11.639   12.454   12.454   13.944   13.944   15.398   15.398
            0.267690  0.267690  0.267690
 -108.152 -108.152  -70.141  -70.141  -51.869  -51.869  -51.869  -51.869   -4.764   -4.764
   -1.471   -1.442   -1.224   -1.224    0.115    0.115    0.444    0.471    0.471    0.502
    1.921    1.921    5.267    5.267    5.777    5.834    7.032    7.032   11.028   11.028
   11.636   11.639   12.471   12.471   13.943   13.943   15.410   15.410
            0.268953  0.268953  0.268953
 -108.152 -108.152  -70.141  -70.141  -51.869  -51.869  -51.869  -51.869   -4.762   -4.762
   -1.471   -1.442   -1.223   -1.223    0.116    0.116    0.444    0.474    0.474    0.503
    1.907    1.907    5.264    5.264    5.774    5.831    7.030    7.030   11.030   11.030
   11.636   11.639   12.489   12.489   13.942   13.942   15.422   15.422
            0.270216  0.270216  0.270216
 -108.152 -108.152  -70.141  -70.141  -51.869  -51.869  -51.869  -51.869   -4.760   -4.760
   -1.471   -1.442   -1.221   -1.221    0.116    0.116    0.445    0.477    0.477    0.503
    1.892    1.892    5.261    5.261    5.772    5.828    7.029    7.029   11.032   11.032
   11.636   11.639   12.506   12.506   13.941   13.941   15.434   15.434
            0.271478  0.271478  0.271478
 -108.152 -108.152  -70.141  -70.141  -51.869  -51.869  -51.869  -51.869   -4.758   -4.758
   -1.470   -1.443   -1.219   -1.219    0.117    0.117    0.446    0.481    0.481    0.503
    1.878    1.878    5.258    5.258    5.769    5.825    7.028    7.028   11.034   11.034
   11.636   11.639   12.523   12.523   13.940   13.940   15.447   15.447
            0.272741  0.272741  0.272741
 -108.152 -108.152  -70.141  -70.141  -51.869  -51.869  -51.869  -51.869   -4.756   -4.756
   -1.470   -1.443   -1.217   -1.217    0.117    0.117    0.447    0.484    0.484    0.503
    1.864    1.864    5.255    5.255    5.767    5.821    7.027    7.027   11.036   11.036
   11.636   11.638   12.540   12.540   13.939   13.939   15.459   15.459
            0.274004  0.274004  0.274004
 -108.152 -108.152  -70.141  -70.141  -51.869  -51.869  -51.869  -51.869   -4.754   -4.754
   -1.470   -1.443   -1.215   -1.215    0.118    0.118    0.448    0.488    0.488    0.503
    1.850    1.850    5.253    5.253    5.764    5.818    7.025    7.025   11.037   11.037
   11.636   11.638   12.557   12.557   13.938   13.938   15.471   15.471
            0.275267  0.275267  0.275267
 -108.152 -108.152  -70.141  -70.141  -51.869  -51.869  -51.869  -51.869   -4.753   -4.753
   -1.470   -1.443   -1.214   -1.214    0.118    0.118    0.449    0.491    0.491    0.503
    1.836    1.836    5.250    5.250    5.762    5.815    7.024    7.024   11.039   11.039
   11.635   11.638   12.573   12.573   13.938   13.938   15.484   15.484
            0.276529  0.276529  0.276529
 -108.152 -108.152  -70.141  -70.141  -51.869  -51.869  -51.869  -51.869   -4.751   -4.751
   -1.470   -1.443   -1.212   -1.212    0.119    0.119    0.450    0.495    0.495    0.503
    1.822    1.822    5.247    5.247    5.760    5.812    7.023    7.023   11.041   11.041
   11.635   11.638   12.590   12.590   13.937   13.937   15.496   15.496
            0.277792  0.277792  0.277792
 -108.152 -108.152  -70.141  -70.141  -51.869  -51.869  -51.869  -51.869   -4.749   -4.749
   -1.469   -1.443   -1.210   -1.210    0.120    0.120    0.450    0.498    0.498    0.504
    1.808    1.808    5.245    5.245    5.757    5.809    7.022    7.022   11.042   11.042
   11.635   11.637   12.606   12.606   13.937   13.937   15.509   15.509
            0.279055  0.279055  0.279055
 -108.152 -108.152  -70.141  -70.141  -51.869  -51.869  -51.869  -51.869   -4.747   -4.747
   -1.469   -1.443   -1.208   -1.208    0.120    0.120    0.451    0.502    0.502    0.504
    1.795    1.795    5.242    5.242    5.755    5.806    7.021    7.021   11.044   11.044
   11.635   11.637   12.622   12.622   13.937   13.937   15.521   15.521
            0.280317  0.280317  0.280317
 -108.152 -108.152  -70.141  -70.141  -51.869  -51.869  -51.869  -51.869   -4.746   -4.746
   -1.469   -1.443   -1.207   -1.207    0.120    0.120    0.452    0.504    0.506    0.506
    1.781    1.781    5.240    5.240    5.753    5.803    7.020    7.020   11.046   11.046
   11.635   11.637   12.638   12.638   13.937   13.937   15.534   15.534
            0.281580  0.281580  0.281580
 -108.152 -108.152  -70.141  -70.141  -51.869  -51.869  -51.869  -51.869   -4.744   -4.744
   -1.469   -1.443   -1.205   -1.205    0.121    0.121    0.453    0.504    0.509    0.509
    1.768    1.768    5.237    5.237    5.751    5.800    7.018    7.018   11.047   11.047
   11.634   11.637   12.654   12.654   13.937   13.937   15.547   15.547
            0.282843  0.282843  0.282843
 -108.152 -108.152  -70.141  -70.141  -51.869  -51.869  -51.869  -51.869   -4.742   -4.742
   -1.468   -1.444   -1.203   -1.203    0.121    0.121    0.454    0.504    0.513    0.513
    1.755    1.755    5.235    5.235    5.749    5.798    7.017    7.017   11.049   11.049
   11.634   11.636   12.670   12.670   13.938   13.938   15.559   15.559
            0.284105  0.284105  0.284105
 -108.152 -108.152  -70.141  -70.141  -51.869  -51.869  -51.869  -51.869   -4.741   -4.741
   -1.468   -1.444   -1.202   -1.202    0.122    0.122    0.455    0.504    0.517    0.517
    1.741    1.741    5.232    5.232    5.747    5.795    7.016    7.016   11.050   11.050
   11.634   11.636   12.685   12.685   13.938   13.938   15.572   15.572
            0.285368  0.285368  0.285368
 -108.152 -108.152  -70.141  -70.141  -51.869  -51.869  -51.869  -51.869   -4.739   -4.739
   -1.468   -1.444   -1.200   -1.200    0.122    0.122    0.455    0.504    0.521    0.521
    1.728    1.728    5.230    5.230    5.745    5.792    7.015    7.015   11.051   11.051
   11.633   11.636   12.700   12.700   13.939   13.939   15.584   15.584
            0.286631  0.286631  0.286631
 -108.152 -108.152  -70.141  -70.141  -51.869  -51.869  -51.869  -51.869   -4.737   -4.737
   -1.468   -1.444   -1.198   -1.198    0.123    0.123    0.456    0.504    0.525    0.525
    1.715    1.715    5.228    5.228    5.743    5.789    7.014    7.014   11.053   11.053
   11.633   11.635   12.715   12.715   13.940   13.940   15.597   15.597
            0.287893  0.287893  0.287893
 -108.152 -108.152  -70.141  -70.141  -51.869  -51.869  -51.869  -51.869   -4.736   -4.736
   -1.467   -1.444   -1.197   -1.197    0.123    0.123    0.457    0.504    0.529    0.529
    1.703    1.703    5.226    5.226    5.741    5.787    7.013    7.013   11.054   11.054
   11.633   11.635   12.730   12.730   13.941   13.941   15.609   15.609
            0.289156  0.289156  0.289156
 -108.152 -108.152  -70.141  -70.141  -51.869  -51.869  -51.869  -51.869   -4.734   -4.734
   -1.467   -1.444   -1.195   -1.195    0.124    0.124    0.458    0.504    0.533    0.533
    1.690    1.690    5.223    5.223    5.739    5.784    7.012    7.012   11.055   11.055
   11.633   11.634   12.744   12.744   13.942   13.942   15.622   15.622
            0.290419  0.290419  0.290419
 -108.152 -108.152  -70.141  -70.141  -51.869  -51.869  -51.869  -51.869   -4.733   -4.733
   -1.467   -1.444   -1.194   -1.194    0.124    0.124    0.459    0.504    0.537    0.537
    1.677    1.677    5.221    5.221    5.737    5.781    7.011    7.011   11.057   11.057
   11.632   11.634   12.759   12.759   13.943   13.943   15.634   15.634
            0.291682  0.291682  0.291682
 -108.152 -108.152  -70.141  -70.141  -51.869  -51.869  -51.869  -51.869   -4.731   -4.731
   -1.467   -1.445   -1.192   -1.192    0.124    0.124    0.460    0.504    0.541    0.541
    1.665    1.665    5.219    5.219    5.735    5.779    7.010    7.010   11.058   11.058
   11.632   11.634   12.773   12.773   13.945   13.945   15.647   15.647
            0.292944  0.292944  0.292944
 -108.152 -108.152  -70.141  -70.141  -51.869  -51.869  -51.869  -51.869   -4.730   -4.730
   -1.466   -1.445   -1.191   -1.191    0.125    0.125    0.460    0.504    0.545    0.545
    1.652    1.652    5.217    5.217    5.734    5.776    7.009    7.009   11.059   11.059
   11.632   11.633   12.786   12.786   13.946   13.946   15.659   15.659
            0.294207  0.294207  0.294207
 -108.152 -108.152  -70.141  -70.141  -51.869  -51.869  -51.869  -51.869   -4.728   -4.728
   -1.466   -1.445   -1.189   -1.189    0.125    0.125    0.461    0.504    0.549    0.549
    1.640    1.640    5.215    5.215    5.732    5.774    7.008    7.008   11.060   11.060
   11.631   11.633   12.800   12.800   13.948   13.948   15.671   15.671
            0.295470  0.295470  0.295470
 -108.152 -108.152  -70.141  -70.141  -51.869  -51.869  -51.869  -51.869   -4.727   -4.727
   -1.466   -1.445   -1.188   -1.188    0.125    0.125    0.462    0.504    0.554    0.554
    1.628    1.628    5.213    5.213    5.730    5.771    7.007    7.007   11.061   11.061
   11.631   11.633   12.813   12.813   13.950   13.950   15.683   15.683
            0.296732  0.296732  0.296732
 -108.152 -108.152  -70.141  -70.141  -51.869  -51.869  -51.869  -51.869   -4.726   -4.726
   -1.466   -1.445   -1.186   -1.186    0.126    0.126    0.463    0.504    0.558    0.558
    1.616    1.616    5.211    5.211    5.729    5.769    7.006    7.006   11.062   11.062
   11.631   11.632   12.826   12.826   13.952   13.952   15.696   15.696
            0.297995  0.297995  0.297995
 -108.152 -108.152  -70.141  -70.141  -51.869  -51.869  -51.869  -51.869   -4.724   -4.724
   -1.465   -1.445   -1.185   -1.185    0.126    0.126    0.464    0.504    0.562    0.562
    1.604    1.604    5.209    5.209    5.727    5.766    7.005    7.005   11.063   11.063
   11.630   11.632   12.839   12.839   13.955   13.955   15.708   15.708
            0.299258  0.299258  0.299258
 -108.152 -108.152  -70.141  -70.141  -51.869  -51.869  -51.869  -51.869   -4.723   -4.723
   -1.465   -1.446   -1.183   -1.183    0.126    0.126    0.464    0.504    0.566    0.566
    1.593    1.593    5.207    5.207    5.726    5.764    7.004    7.004   11.064   11.064
   11.630   11.632   12.851   12.851   13.957   13.957   15.720   15.720
            0.300520  0.300520  0.300520
 -108.152 -108.152  -70.141  -70.141  -51.869  -51.869  -51.869  -51.869   -4.722   -4.722
   -1.465   -1.446   -1.182   -1.182    0.127    0.127    0.465    0.504    0.571    0.571
    1.581    1.581    5.205    5.205    5.724    5.762    7.003    7.003   11.065   11.065
   11.630   11.631   12.863   12.863   13.960   13.960   15.731   15.731
            0.301783  0.301783  0.301783
 -108.152 -108.152  -70.141  -70.141  -51.869  -51.869  -51.869  -51.869   -4.720   -4.720
   -1.465   -1.446   -1.181   -1.181    0.127    0.127    0.466    0.504    0.575    0.575
    1.570    1.570    5.203    5.203    5.723    5.759    7.002    7.002   11.066   11.066
   11.629   11.631   12.875   12.875   13.962   13.962   15.743   15.743
            0.303046  0.303046  0.303046
 -108.152 -108.152  -70.141  -70.141  -51.869  -51.869  -51.869  -51.869   -4.719   -4.719
   -1.464   -1.446   -1.179   -1.179    0.127    0.127    0.467    0.504    0.579    0.579
    1.558    1.558    5.201    5.201    5.721    5.757    7.001    7.001   11.067   11.067
   11.629   11.630   12.887   12.887   13.965   13.965   15.755   15.755
            0.304308  0.304308  0.304308
 -108.152 -108.152  -70.141  -70.141  -51.869  -51.869  -51.869  -51.869   -4.718   -4.718
   -1.464   -1.446   -1.178   -1.178    0.127    0.127    0.467    0.504    0.583    0.583
    1.547    1.547    5.200    5.200    5.720    5.755    7.001    7.001   11.068   11.068
   11.629   11.630   12.898   12.898   13.968   13.968   15.766   15.766
            0.305571  0.305571  0.305571
 -108.152 -108.152  -70.141  -70.141  -51.869  -51.869  -51.869  -51.869   -4.717   -4.717
   -1.464   -1.446   -1.177   -1.177    0.128    0.128    0.468    0.504    0.588    0.588
    1.536    1.536    5.198    5.198    5.719    5.753    7.000    7.000   11.069   11.069
   11.628   11.630   12.909   12.909   13.971   13.971   15.778   15.778
            0.306834  0.306834  0.306834
 -108.152 -108.152  -70.141  -70.141  -51.869  -51.869  -51.869  -51.869   -4.715   -4.715
   -1.464   -1.447   -1.176   -1.176    0.128    0.128    0.469    0.503    0.592    0.592
    1.525    1.525    5.196    5.196    5.717    5.751    6.999    6.999   11.070   11.070
   11.628   11.629   12.920   12.920   13.975   13.975   15.789   15.789
            0.308097  0.308097  0.308097
 -108.152 -108.152  -70.141  -70.141  -51.869  -51.869  -51.869  -51.869   -4.714   -4.714
   -1.463   -1.447   -1.174   -1.174    0.128    0.128    0.470    0.503    0.596    0.596
    1.515    1.515    5.195    5.195    5.716    5.749    6.998    6.998   11.070   11.070
   11.628   11.629   12.930   12.930   13.978   13.978   15.800   15.800
            0.309359  0.309359  0.309359
 -108.152 -108.152  -70.141  -70.141  -51.869  -51.869  -51.869  -51.869   -4.713   -4.713
   -1.463   -1.447   -1.173   -1.173    0.128    0.128    0.470    0.503    0.601    0.601
    1.504    1.504    5.193    5.193    5.715    5.747    6.997    6.997   11.071   11.071
   11.628   11.629   12.940   12.940   13.981   13.981   15.811   15.811
            0.310622  0.310622  0.310622
 -108.152 -108.152  -70.141  -70.141  -51.869  -51.869  -51.869  -51.869   -4.712   -4.712
   -1.463   -1.447   -1.172   -1.172    0.129    0.129    0.471    0.503    0.605    0.605
    1.494    1.494    5.192    5.192    5.714    5.745    6.997    6.997   11.072   11.072
   11.627   11.628   12.950   12.950   13.985   13.985   15.821   15.821
            0.311885  0.311885  0.311885
 -108.152 -108.152  -70.141  -70.141  -51.869  -51.869  -51.869  -51.869   -4.711   -4.711
   -1.463   -1.447   -1.171   -1.171    0.129    0.129    0.472    0.503    0.609    0.609
    1.484    1.484    5.190    5.190    5.713    5.743    6.996    6.996   11.073   11.073
   11.627   11.628   12.959   12.959   13.988   13.988   15.832   15.832
            0.313147  0.313147  0.313147
 -108.152 -108.152  -70.141  -70.141  -51.869  -51.869  -51.869  -51.869   -4.710   -4.710
   -1.462   -1.448   -1.170   -1.170    0.129    0.129    0.473    0.503    0.614    0.614
    1.474    1.474    5.189    5.189    5.712    5.741    6.995    6.995   11.073   11.073
   11.627   11.628   12.969   12.969   13.992   13.992   15.842   15.842
            0.314410  0.314410  0.314410
 -108.152 -108.152  -70.141  -70.141  -51.869  -51.869  -51.869  -51.869   -4.709   -4.709
   -1.462   -1.448   -1.169   -1.169    0.129    0.129    0.473    0.503    0.618    0.618
    1.464    1.464    5.187    5.187    5.711    5.739    6.995    6.995   11.074   11.074
   11.626   11.627   12.977   12.977   13.996   13.996   15.852   15.852
            0.315673  0.315673  0.315673
 -108.152 -108.152  -70.141  -70.141  -51.869  -51.869  -51.869  -51.869   -4.708   -4.708
   -1.462   -1.448   -1.168   -1.168    0.129    0.129    0.474    0.502    0.622    0.622
    1.455    1.455    5.186    5.186    5.710    5.737    6.994    6.994   11.075   11.075
   11.626   11.627   12.986   12.986   14.000   14.000   15.862   15.862
            0.316935  0.316935  0.316935
 -108.152 -108.152  -70.141  -70.141  -51.869  -51.869  -51.869  -51.869   -4.707   -4.707
   -1.461   -1.448   -1.167   -1.167    0.130    0.130    0.475    0.502    0.626    0.626
    1.445    1.445    5.185    5.185    5.709    5.735    6.993    6.993   11.075   11.075
   11.626   11.627   12.994   12.994   14.004   14.004   15.871   15.871
            0.318198  0.318198  0.318198
 -108.152 -108.152  -70.141  -70.141  -51.869  -51.869  -51.869  -51.869   -4.706   -4.706
   -1.461   -1.448   -1.166   -1.166    0.130    0.130    0.475    0.502    0.631    0.631
    1.436    1.436    5.183    5.183    5.708    5.734    6.993    6.993   11.076   11.076
   11.625   11.626   13.002   13.002   14.008   14.008   15.881   15.881
            0.319461  0.319461  0.319461
 -108.152 -108.152  -70.141  -70.141  -51.869  -51.869  -51.869  -51.869   -4.705   -4.705
   -1.461   -1.448   -1.165   -1.165    0.130    0.130    0.476    0.502    0.635    0.635
    1.427    1.427    5.182    5.182    5.707    5.732    6.992    6.992   11.076   11.076
   11.625   11.626   13.010   13.010   14.012   14.012   15.890   15.890
            0.320723  0.320723  0.320723
 -108.152 -108.152  -70.141  -70.141  -51.869  -51.869  -51.869  -51.869   -4.705   -4.705
   -1.461   -1.449   -1.164   -1.164    0.130    0.130    0.477    0.502    0.639    0.639
    1.418    1.418    5.181    5.181    5.707    5.730    6.992    6.992   11.077   11.077
   11.625   11.626   13.017   13.017   14.015   14.015   15.899   15.899
            0.321986  0.321986  0.321986
 -108.152 -108.152  -70.141  -70.141  -51.869  -51.869  -51.869  -51.869   -4.704   -4.704
   -1.460   -1.449   -1.163   -1.163    0.130    0.130    0.478    0.501    0.643    0.643
    1.410    1.410    5.180    5.180    5.706    5.729    6.991    6.991   11.077   11.077
   11.625   11.625   13.024   13.024   14.019   14.019   15.907   15.907
            0.323249  0.323249  0.323249
 -108.152 -108.152  -70.141  -70.141  -51.869  -51.869  -51.869  -51.869   -4.703   -4.703
   -1.460   -1.449   -1.162   -1.162    0.130    0.130    0.478    0.501    0.647    0.647
    1.402    1.402    5.179    5.179    5.705    5.727    6.990    6.990   11.078   11.078
   11.624   11.625   13.030   13.030   14.023   14.023   15.915   15.915
            0.324512  0.324512  0.324512
 -108.152 -108.152  -70.141  -70.141  -51.869  -51.869  -51.869  -51.869   -4.702   -4.702
   -1.460   -1.449   -1.161   -1.161    0.130    0.130    0.479    0.501    0.651    0.651
    1.394    1.394    5.178    5.178    5.705    5.726    6.990    6.990   11.078   11.078
   11.624   11.625   13.037   13.037   14.027   14.027   15.923   15.923
            0.325774  0.325774  0.325774
 -108.152 -108.152  -70.141  -70.141  -51.869  -51.869  -51.869  -51.869   -4.702   -4.702
   -1.460   -1.449   -1.160   -1.160    0.131    0.131    0.480    0.501    0.655    0.655
    1.386    1.386    5.177    5.177    5.704    5.724    6.989    6.989   11.079   11.079
   11.624   11.625   13.043   13.043   14.031   14.031   15.931   15.931
            0.327037  0.327037  0.327037
 -108.152 -108.152  -70.141  -70.141  -51.869  -51.869  -51.869  -51.869   -4.701   -4.701
   -1.459   -1.450   -1.160   -1.160    0.131    0.131    0.480    0.500    0.658    0.658
    1.378    1.378    5.176    5.176    5.703    5.723    6.989    6.989   11.079   11.079
   11.624   11.624   13.049   13.049   14.035   14.035   15.938   15.938
            0.328300  0.328300  0.328300
 -108.152 -108.152  -70.141  -70.141  -51.869  -51.869  -51.869  -51.869   -4.700   -4.700
   -1.459   -1.450   -1.159   -1.159    0.131    0.131    0.481    0.500    0.662    0.662
    1.371    1.371    5.175    5.175    5.703    5.721    6.988    6.988   11.080   11.080
   11.623   11.624   13.054   13.054   14.039   14.039   15.945   15.945
            0.329562  0.329562  0.329562
 -108.152 -108.152  -70.141  -70.141  -51.869  -51.869  -51.869  -51.869   -4.700   -4.700
   -1.459   -1.450   -1.158   -1.158    0.131    0.131    0.481    0.500    0.666    0.666
    1.364    1.364    5.174    5.174    5.703    5.720    6.988    6.988   11.080   11.080
   11.623   11.624   13.059   13.059   14.042   14.042   15.952   15.952
            0.330825  0.330825  0.330825
 -108.152 -108.152  -70.141  -70.141  -51.869  -51.869  -51.869  -51.869   -4.699   -4.699
   -1.459   -1.450   -1.158   -1.158    0.131    0.131    0.482    0.499    0.669    0.669
    1.357    1.357    5.173    5.173    5.702    5.719    6.988    6.988   11.080   11.080
   11.623   11.624   13.064   13.064   14.046   14.046   15.958   15.958
            0.332088  0.332088  0.332088
 -108.152 -108.152  -70.141  -70.141  -51.869  -51.869  -51.869  -51.869   -4.698   -4.698
   -1.458   -1.451   -1.157   -1.157    0.131    0.131    0.483    0.499    0.672    0.672
    1.351    1.351    5.172    5.172    5.702    5.718    6.987    6.987   11.081   11.081
   11.623   11.623   13.069   13.069   14.049   14.049   15.965   15.965
            0.333350  0.333350  0.333350
 -108.152 -108.152  -70.141  -70.141  -51.869  -51.869  -51.869  -51.869   -4.698   -4.698
   -1.458   -1.451   -1.156   -1.156    0.131    0.131    0.483    0.499    0.676    0.676
    1.345    1.345    5.172    5.172    5.702    5.716    6.987    6.987   11.081   11.081
   11.623   11.623   13.073   13.073   14.053   14.053   15.970   15.970
            0.334613  0.334613  0.334613
 -108.152 -108.152  -70.141  -70.141  -51.869  -51.869  -51.869  -51.869   -4.697   -4.697
   -1.458   -1.451   -1.156   -1.156    0.131    0.131    0.484    0.498    0.679    0.679
    1.339    1.339    5.171    5.171    5.701    5.715    6.987    6.987   11.081   11.081
   11.623   11.623   13.077   13.077   14.056   14.056   15.976   15.976
            0.335876  0.335876  0.335876
 -108.152 -108.152  -70.141  -70.141  -51.869  -51.869  -51.869  -51.869   -4.697   -4.697
   -1.458   -1.451   -1.155   -1.155    0.131    0.131    0.485    0.498    0.682    0.682
    1.334    1.334    5.170    5.170    5.701    5.714    6.986    6.986   11.082   11.082
   11.622   11.623   13.081   13.081   14.059   14.059   15.981   15.981
            0.337138  0.337138  0.337138
 -108.152 -108.152  -70.141  -70.141  -51.869  -51.869  -51.869  -51.869   -4.697   -4.697
   -1.458   -1.451   -1.155   -1.155    0.131    0.131    0.485    0.498    0.684    0.684
    1.329    1.329    5.170    5.170    5.701    5.713    6.986    6.986   11.082   11.082
   11.622   11.623   13.084   13.084   14.062   14.062   15.985   15.985
            0.338401  0.338401  0.338401
 -108.152 -108.152  -70.141  -70.141  -51.869  -51.869  -51.869  -51.869   -4.696   -4.696
   -1.457   -1.452   -1.154   -1.154    0.132    0.132    0.486    0.497    0.687    0.687
    1.324    1.324    5.169    5.169    5.701    5.712    6.986    6.986   11.082   11.082
   11.622   11.622   13.087   13.087   14.065   14.065   15.990   15.990
            0.339664  0.339664  0.339664
 -108.152 -108.152  -70.141  -70.141  -51.869  -51.869  -51.869  -51.869   -4.696   -4.696
   -1.457   -1.452   -1.154   -1.154    0.132    0.132    0.486    0.497    0.690    0.690
    1.319    1.319    5.168    5.168    5.701    5.711    6.985    6.985   11.082   11.082
   11.622   11.622   13.090   13.090   14.067   14.067   15.994   15.994
            0.340926  0.340926  0.340926
 -108.152 -108.152  -70.141  -70.141  -51.869  -51.869  -51.869  -51.869   -4.695   -4.695
   -1.457   -1.452   -1.154   -1.154    0.132    0.132    0.487    0.497    0.692    0.692
    1.315    1.315    5.168    5.168    5.701    5.710    6.985    6.985   11.083   11.083
   11.622   11.622   13.093   13.093   14.070   14.070   15.997   15.997
            0.342189  0.342189  0.342189
 -108.152 -108.152  -70.141  -70.141  -51.869  -51.869  -51.869  -51.869   -4.695   -4.695
   -1.457   -1.452   -1.153   -1.153    0.132    0.132    0.487    0.496    0.694    0.694
    1.311    1.311    5.168    5.168    5.701    5.709    6.985    6.985   11.083   11.083
   11.622   11.622   13.095   13.095   14.072   14.072   16.001   16.001
            0.343452  0.343452  0.343452
 -108.152 -108.152  -70.141  -70.141  -51.869  -51.869  -51.869  -51.869   -4.695   -4.695
   -1.456   -1.453   -1.153   -1.153    0.132    0.132    0.488    0.496    0.696    0.696
    1.308    1.308    5.167    5.167    5.701    5.708    6.985    6.985   11.083   11.083
   11.622   11.622   13.097   13.097   14.074   14.074   16.004   16.004
            0.344715  0.344715  0.344715
 -108.152 -108.152  -70.141  -70.141  -51.869  -51.869  -51.869  -51.869   -4.695   -4.695
   -1.456   -1.453   -1.153   -1.153    0.132    0.132    0.489    0.495    0.697    0.697
    1.305    1.305    5.167    5.167    5.701    5.707    6.985    6.985   11.083   11.083
   11.622   11.622   13.099   13.099   14.076   14.076   16.006   16.006
            0.345977  0.345977  0.345977
 -108.152 -108.152  -70.141  -70.141  -51.869  -51.869  -51.869  -51.869   -4.694   -4.694
   -1.456   -1.453   -1.152   -1.152    0.132    0.132    0.489    0.495    0.699    0.699
    1.302    1.302    5.167    5.167    5.701    5.707    6.984    6.984   11.083   11.083
   11.622   11.622   13.101   13.101   14.077   14.077   16.009   16.009
            0.347240  0.347240  0.347240
 -108.152 -108.152  -70.141  -70.141  -51.869  -51.869  -51.869  -51.869   -4.694   -4.694
   -1.456   -1.453   -1.152   -1.152    0.132    0.132    0.490    0.494    0.700    0.700
    1.300    1.300    5.166    5.166    5.701    5.706    6.984    6.984   11.083   11.083
   11.621   11.622   13.102   13.102   14.079   14.079   16.010   16.010
            0.348503  0.348503  0.348503
 -108.152 -108.152  -70.141  -70.141  -51.869  -51.869  -51.869  -51.869   -4.694   -4.694
   -1.455   -1.453   -1.152   -1.152    0.132    0.132    0.490    0.494    0.701    0.701
    1.298    1.298    5.166    5.166    5.702    5.705    6.984    6.984   11.083   11.083
   11.621   11.622   13.103   13.103   14.080   14.080   16.012   16.012
            0.349765  0.349765  0.349765
 -108.152 -108.152  -70.141  -70.141  -51.869  -51.869  -51.869  -51.869   -4.694   -4.694
   -1.455   -1.454   -1.152   -1.152    0.132    0.132    0.491    0.494    0.702    0.702
    1.297    1.297    5.166    5.166    5.702    5.705    6.984    6.984   11.083   11.083
   11.621   11.621   13.104   13.104   14.081   14.081   16.013   16.013
            0.351028  0.351028  0.351028
 -108.152 -108.152  -70.141  -70.141  -51.869  -51.869  -51.869  -51.869   -4.694   -4.694
   -1.455   -1.454   -1.152   -1.152    0.132    0.132    0.491    0.493    0.703    0.703
    1.296    1.296    5.166    5.166    5.702    5.704    6.984    6.984   11.083   11.083
   11.621   11.621   13.105   13.105   14.081   14.081   16.014   16.014
            0.352291  0.352291  0.352291
 -108.152 -108.152  -70.141  -70.141  -51.869  -51.869  -51.869  -51.869   -4.694   -4.694
   -1.455   -1.454   -1.152   -1.152    0.132    0.132    0.492    0.493    0.703    0.703
    1.295    1.295    5.166    5.166    5.703    5.704    6.984    6.984   11.083   11.083
   11.621   11.621   13.105   13.105   14.082   14.082   16.015   16.015
            0.353553  0.353553  0.353553
 -108.152 -108.152  -70.141  -70.141  -51.869  -51.869  -51.869  -51.869   -4.694   -4.694
   -1.454   -1.454   -1.152   -1.152    0.132    0.132    0.492    0.492    0.703    0.703
    1.295    1.295    5.166    5.166    5.703    5.703    6.984    6.984   11.083   11.083
   11.621   11.621   13.105   13.105   14.082   14.082   16.015   16.015
            0.353553  0.355321  0.351786
 -108.152 -108.152  -70.141  -70.141  -51.869  -51.869  -51.869  -51.869   -4.694   -4.694
   -1.454   -1.454   -1.153   -1.151    0.132    0.132    0.492    0.492    0.703    0.704
    1.294    1.296    5.165    5.166    5.703    5.703    6.983    6.986   11.083   11.084
   11.621   11.621   13.103   13.108   14.081   14.083   16.010   16.019
            0.353553  0.357089  0.350018
 -108.152 -108.152  -70.141  -70.141  -51.869  -51.869  -51.869  -51.869   -4.694   -4.694
   -1.454   -1.454   -1.154   -1.149    0.131    0.133    0.492    0.492    0.702    0.704
    1.293    1.297    5.163    5.167    5.702    5.702    6.983    6.988   11.082   11.085
   11.621   11.621   13.101   13.110   14.080   14.085   16.005   16.024
            0.353553  0.358857  0.348250
 -108.152 -108.152  -70.141  -70.141  -51.869  -51.869  -51.869  -51.869   -4.694   -4.694
   -1.454   -1.454   -1.155   -1.148    0.131    0.133    0.492    0.492    0.702    0.704
    1.293    1.298    5.162    5.167    5.701    5.701    6.983    6.991   11.081   11.086
   11.621   11.621   13.099   13.112   14.079   14.087   16.000   16.028
            0.353553  0.360624  0.346482
 -108.152 -108.152  -70.141  -70.141  -51.869  -51.869  -51.869  -51.869   -4.694   -4.694
   -1.454   -1.454   -1.156   -1.147    0.131    0.133    0.492    0.492    0.701    0.705
    1.292    1.299    5.160    5.167    5.699    5.699    6.984    6.995   11.080   11.087
   11.620   11.620   13.097   13.115   14.079   14.089   15.994   16.032
            0.353553  0.362392  0.344715
 -108.152 -108.152  -70.141  -70.141  -51.869  -51.869  -51.869  -51.869   -4.694   -4.693
   -1.454   -1.454   -1.158   -1.146    0.131    0.133    0.492    0.492    0.701    0.705
    1.291    1.300    5.158    5.166    5.697    5.697    6.986    7.000   11.079   11.088
   11.620   11.620   13.095   13.117   14.080   14.092   15.989   16.036
            0.353553  0.364160  0.342947
 -108.152 -108.152  -70.141  -70.141  -51.869  -51.869  -51.869  -51.869   -4.694   -4.693
   -1.454   -1.454   -1.159   -1.145    0.130    0.134    0.492    0.492    0.700    0.706
    1.290    1.301    5.155    5.165    5.694    5.694    6.989    7.005   11.078   11.089
   11.619   11.619   13.093   13.119   14.080   14.095   15.983   16.040
            0.353553  0.365928  0.341179
 -108.152 -108.152  -70.141  -70.141  -51.869  -51.869  -51.869  -51.869   -4.694   -4.693
   -1.454   -1.454   -1.160   -1.144    0.130    0.134    0.492    0.492    0.700    0.706
    1.290    1.302    5.152    5.164    5.691    5.691    6.992    7.011   11.077   11.089
   11.618   11.619   13.091   13.122   14.081   14.098   15.977   16.044
            0.353553  0.367696  0.339411
 -108.152 -108.152  -70.141  -70.141  -51.869  -51.869  -51.869  -51.869   -4.693   -4.693
   -1.454   -1.454   -1.161   -1.142    0.130    0.135    0.492    0.492    0.699    0.707
    1.289    1.304    5.149    5.163    5.688    5.688    6.996    7.017   11.076   11.090
   11.618   11.618   13.090   13.124   14.082   14.102   15.971   16.047
            0.353553  0.369463  0.337643
 -108.152 -108.152  -70.141  -70.141  -51.869  -51.869  -51.869  -51.869   -4.693   -4.693
   -1.454   -1.454   -1.162   -1.141    0.130    0.135    0.492    0.492    0.699    0.707
    1.289    1.305    5.146    5.161    5.684    5.684    7.001    7.024   11.075   11.091
   11.617   11.617   13.088   13.127   14.084   14.106   15.965   16.050
            0.353553  0.371231  0.335876
 -108.152 -108.152  -70.141  -70.141  -51.869  -51.869  -51.869  -51.869   -4.693   -4.693
   -1.454   -1.454   -1.163   -1.140    0.130    0.135    0.492    0.492    0.698    0.708
    1.288    1.306    5.142    5.159    5.679    5.680    7.006    7.032   11.074   11.092
   11.616   11.617   13.086   13.129   14.085   14.110   15.958   16.053
            0.353553  0.372999  0.334108
 -108.152 -108.152  -70.141  -70.141  -51.869  -51.869  -51.869  -51.869   -4.693   -4.692
   -1.454   -1.454   -1.165   -1.139    0.130    0.136    0.492    0.492    0.698    0.708
    1.287    1.307    5.138    5.156    5.675    5.675    7.012    7.040   11.073   11.092
   11.614   11.616   13.084   13.131   14.087   14.115   15.952   16.056
            0.353553  0.374767  0.332340
 -108.152 -108.152  -70.141  -70.141  -51.869  -51.869  -51.869  -51.869   -4.693   -4.692
   -1.454   -1.454   -1.166   -1.138    0.130    0.136    0.492    0.492    0.697    0.709
    1.287    1.309    5.134    5.154    5.670    5.670    7.018    7.049   11.072   11.093
   11.613   11.615   13.083   13.134   14.090   14.120   15.945   16.059
            0.353553  0.376534  0.330572
 -108.152 -108.152  -70.141  -70.141  -51.869  -51.869  -51.869  -51.869   -4.693   -4.692
   -1.454   -1.453   -1.167   -1.137    0.129    0.137    0.492    0.492    0.697    0.709
    1.287    1.310    5.129    5.151    5.664    5.665    7.025    7.059   11.070   11.094
   11.612   11.614   13.081   13.136   14.093   14.126   15.938   16.061
            0.353553  0.378302  0.328805
 -108.152 -108.152  -70.141  -70.141  -51.869  -51.869  -51.869  -51.869   -4.692   -4.692
   -1.453   -1.453   -1.168   -1.135    0.129    0.137    0.491    0.492    0.696    0.709
    1.286    1.311    5.124    5.147    5.658    5.659    7.033    7.069   11.069   11.094
   11.611   11.613   13.079   13.138   14.096   14.132   15.931   16.063
            0.353553  0.380070  0.327037
 -108.152 -108.152  -70.141  -70.141  -51.869  -51.869  -51.869  -51.869   -4.692   -4.691
   -1.453   -1.453   -1.169   -1.134    0.129    0.138    0.491    0.491    0.696    0.710
    1.286    1.313    5.119    5.144    5.652    5.654    7.041    7.079   11.068   11.095
   11.609   11.613   13.078   13.140   14.099   14.138   15.924   16.065
            0.353553  0.381838  0.325269
 -108.152 -108.152  -70.141  -70.141  -51.869  -51.869  -51.869  -51.869   -4.692   -4.691
   -1.453   -1.453   -1.170   -1.133    0.129    0.138    0.491    0.491    0.695    0.710
    1.285    1.314    5.113    5.140    5.646    5.647    7.050    7.090   11.066   11.095
   11.608   11.612   13.076   13.142   14.103   14.145   15.916   16.067
            0.353553  0.383605  0.323501
 -108.152 -108.152  -70.141  -70.141  -51.869  -51.869  -51.869  -51.869   -4.692   -4.691
   -1.453   -1.453   -1.171   -1.132    0.129    0.139    0.491    0.491    0.695    0.711
    1.285    1.316    5.107    5.135    5.639    5.641    7.059    7.102   11.065   11.096
   11.606   11.611   13.074   13.144   14.107   14.152   15.908   16.069
            0.353553  0.385373  0.321734
 -108.152 -108.152  -70.141  -70.141  -51.869  -51.869  -51.869  -51.869   -4.691   -4.690
   -1.453   -1.453   -1.173   -1.131    0.129    0.139    0.491    0.491    0.694    0.711
    1.285    1.317    5.101    5.130    5.633    5.634    7.068    7.114   11.063   11.096
   11.605   11.610   13.072   13.146   14.111   14.159   15.901   16.070
            0.353553  0.387141  0.319966
 -108.152 -108.152  -70.141  -70.141  -51.869  -51.869  -51.869  -51.869   -4.691   -4.690
   -1.453   -1.452   -1.174   -1.130    0.129    0.140    0.491    0.491    0.694    0.712
    1.285    1.319    5.095    5.125    5.626    5.628    7.079    7.126   11.062   11.096
   11.603   11.610   13.070   13.148   14.116   14.167   15.892   16.071
            0.353553  0.388909  0.318198
 -108.152 -108.152  -70.141  -70.141  -51.869  -51.869  -51.869  -51.869   -4.691   -4.689
   -1.452   -1.452   -1.175   -1.128    0.129    0.140    0.491    0.491    0.693    0.712
    1.285    1.321    5.088    5.120    5.618    5.621    7.089    7.139   11.060   11.097
   11.602   11.610   13.068   13.150   14.121   14.175   15.884   16.073
            0.353553  0.390676  0.316430
 -108.152 -108.152  -70.141  -70.141  -51.869  -51.869  -51.869  -51.869   -4.690   -4.689
   -1.452   -1.452   -1.176   -1.127    0.129    0.141    0.491    0.491    0.693    0.712
    1.284    1.322    5.081    5.114    5.611    5.614    7.100    7.152   11.058   11.097
   11.601   11.609   13.066   13.151   14.126   14.184   15.876   16.073
            0.353553  0.392444  0.314663
 -108.152 -108.152  -70.141  -70.141  -51.869  -51.869  -51.869  -51.869   -4.690   -4.689
   -1.452   -1.452   -1.177   -1.126    0.129    0.141    0.490    0.491    0.692    0.713
    1.284    1.324    5.073    5.108    5.604    5.606    7.112    7.166   11.056   11.097
   11.599   11.609   13.064   13.153   14.132   14.193   15.867   16.074
            0.353553  0.394212  0.312895
 -108.152 -108.152  -70.141  -70.141  -51.869  -51.869  -51.869  -51.869   -4.689   -4.688
   -1.452   -1.452   -1.178   -1.125    0.129    0.142    0.490    0.491    0.692    0.713
    1.284    1.326    5.065    5.102    5.596    5.599    7.123    7.180   11.054   11.096
   11.598   11.609   13.062   13.154   14.138   14.202   15.858   16.075
            0.353553  0.395980  0.311127
 -108.152 -108.152  -70.141  -70.141  -51.869  -51.869  -51.869  -51.869   -4.689   -4.688
   -1.452   -1.451   -1.179   -1.124    0.129    0.142    0.490    0.491    0.691    0.714
    1.284    1.328    5.057    5.095    5.588    5.591    7.135    7.194   11.052   11.096
   11.597   11.609   13.060   13.155   14.144   14.212   15.849   16.075
            0.353553  0.397748  0.309359
 -108.152 -108.152  -70.141  -70.141  -51.869  -51.869  -51.869  -51.869   -4.689   -4.687
   -1.451   -1.451   -1.181   -1.123    0.129    0.143    0.490    0.490    0.691    0.714
    1.284    1.329    5.049    5.088    5.580    5.584    7.148    7.209   11.050   11.096
   11.596   11.609   13.057   13.156   14.151   14.223   15.840   16.076
            0.353553  0.399515  0.307591
 -108.152 -108.152  -70.141  -70.141  -51.869  -51.869  -51.869  -51.869   -4.688   -4.687
   -1.451   -1.451   -1.182   -1.121    0.129    0.143    0.490    0.490    0.690    0.714
    1.284    1.331    5.040    5.081    5.573    5.576    7.161    7.224   11.047   11.095
   11.595   11.610   13.055   13.157   14.158   14.233   15.831   16.076
            0.353553  0.401283  0.305824
 -108.152 -108.152  -70.141  -70.141  -51.869  -51.869  -51.869  -51.869   -4.688   -4.686
   -1.451   -1.451   -1.183   -1.120    0.129    0.144    0.489    0.490    0.690    0.715
    1.284    1.333    5.031    5.073    5.565    5.568    7.174    7.239   11.045   11.095
   11.594   11.610   13.052   13.158   14.165   14.244   15.821   16.076
            0.353553  0.403051  0.304056
 -108.152 -108.152  -70.141  -70.141  -51.869  -51.869  -51.869  -51.869   -4.687   -4.686
   -1.451   -1.450   -1.184   -1.119    0.130    0.145    0.489    0.490    0.689    0.715
    1.284    1.335    5.022    5.065    5.557    5.561    7.187    7.255   11.042   11.094
   11.593   11.611   13.049   13.158   14.173   14.256   15.812   16.075
            0.353553  0.404819  0.302288
 -108.152 -108.152  -70.141  -70.141  -51.869  -51.869  -51.869  -51.869   -4.687   -4.685
   -1.450   -1.450   -1.185   -1.118    0.130    0.145    0.489    0.490    0.689    0.716
    1.284    1.337    5.012    5.056    5.549    5.553    7.201    7.270   11.039   11.093
   11.593   11.612   13.046   13.159   14.180   14.267   15.802   16.075
            0.353553  0.406586  0.300520
 -108.152 -108.152  -70.141  -70.141  -51.869  -51.869  -51.869  -51.869   -4.686   -4.684
   -1.450   -1.450   -1.186   -1.117    0.130    0.146    0.489    0.490    0.689    0.716
    1.284    1.339    5.002    5.048    5.541    5.545    7.215    7.286   11.036   11.092
   11.592   11.614   13.043   13.159   14.189   14.280   15.792   16.075
            0.353553  0.408354  0.298753
 -108.152 -108.152  -70.141  -70.141  -51.869  -51.869  -51.869  -51.869   -4.686   -4.684
   -1.450   -1.449   -1.187   -1.115    0.130    0.146    0.489    0.490    0.688    0.716
    1.284    1.341    4.992    5.039    5.533    5.537    7.229    7.302   11.033   11.091
   11.592   11.615   13.040   13.159   14.197   14.292   15.782   16.074
            0.353553  0.410122  0.296985
 -108.152 -108.152  -70.141  -70.141  -51.869  -51.869  -51.869  -51.869   -4.685   -4.683
   -1.449   -1.449   -1.188   -1.114    0.130    0.147    0.488    0.489    0.688    0.717
    1.285    1.343    4.982    5.029    5.525    5.529    7.243    7.319   11.030   11.089
   11.592   11.617   13.037   13.159   14.205   14.305   15.772   16.073
            0.353553  0.411890  0.295217
 -108.152 -108.152  -70.141  -70.141  -51.869  -51.869  -51.869  -51.869   -4.684   -4.683
   -1.449   -1.449   -1.190   -1.113    0.130    0.148    0.488    0.489    0.687    0.717
    1.285    1.345    4.971    5.020    5.517    5.521    7.258    7.335   11.026   11.088
   11.592   11.619   13.033   13.159   14.214   14.318   15.762   16.072
            0.353553  0.413657  0.293449
 -108.152 -108.152  -70.141  -70.141  -51.869  -51.869  -51.869  -51.869   -4.684   -4.682
   -1.449   -1.448   -1.191   -1.112    0.131    0.148    0.488    0.489    0.687    0.718
    1.285    1.347    4.960    5.010    5.509    5.513    7.273    7.352   11.023   11.086
   11.593   11.621   13.029   13.158   14.223   14.332   15.752   16.070
            0.353553  0.415425  0.291682
 -108.152 -108.152  -70.141  -70.141  -51.869  -51.869  -51.869  -51.869   -4.683   -4.681
   -1.449   -1.448   -1.192   -1.111    0.131    0.149    0.488    0.489    0.686    0.718
    1.285    1.349    4.949    4.999    5.501    5.505    7.288    7.369   11.019   11.084
   11.594   11.624   13.026   13.158   14.232   14.346   15.742   16.068
            0.353553  0.417193  0.289914
 -108.152 -108.152  -70.141  -70.141  -51.869  -51.869  -51.869  -51.869   -4.683   -4.681
   -1.448   -1.448   -1.193   -1.110    0.131    0.150    0.487    0.489    0.686    0.718
    1.285    1.351    4.938    4.989    5.493    5.497    7.303    7.386   11.015   11.082
   11.594   11.627   13.022   13.157   14.241   14.360   15.731   16.065
            0.353553  0.418961  0.288146
 -108.152 -108.152  -70.141  -70.141  -51.869  -51.869  -51.869  -51.869   -4.682   -4.680
   -1.448   -1.447   -1.194   -1.108    0.131    0.150    0.487    0.489    0.685    0.719
    1.286    1.353    4.926    4.978    5.485    5.489    7.318    7.404   11.011   11.079
   11.596   11.630   13.017   13.156   14.251   14.375   15.721   16.062
            0.353553  0.420729  0.286378
 -108.152 -108.152  -70.141  -70.141  -51.869  -51.869  -51.869  -51.869   -4.681   -4.679
   -1.448   -1.447   -1.195   -1.107    0.132    0.151    0.487    0.489    0.685    0.719
    1.286    1.356    4.914    4.967    5.478    5.481    7.334    7.421   11.007   11.077
   11.597   11.633   13.013   13.155   14.260   14.390   15.711   16.057
            0.353553  0.422496  0.284610
 -108.152 -108.152  -70.141  -70.141  -51.869  -51.869  -51.869  -51.869   -4.681   -4.679
   -1.447   -1.446   -1.196   -1.106    0.132    0.152    0.487    0.489    0.684    0.719
    1.286    1.358    4.902    4.956    5.470    5.473    7.349    7.438   11.003   11.074
   11.598   11.637   13.009   13.154   14.270   14.405   15.701   16.051
            0.353553  0.424264  0.282843
 -108.152 -108.152  -70.141  -70.141  -51.869  -51.869  -51.869  -51.869   -4.680   -4.678
   -1.447   -1.446   -1.197   -1.105    0.132    0.152    0.486    0.488    0.684    0.720
    1.287    1.360    4.890    4.944    5.462    5.465    7.365    7.456   10.999   11.071
   11.600   11.640   13.004   13.153   14.280   14.420   15.691   16.044
            0.353553  0.426032  0.281075
 -108.152 -108.152  -70.141  -70.141  -51.869  -51.869  -51.869  -51.869   -4.679   -4.677
   -1.447   -1.446   -1.198   -1.104    0.133    0.153    0.486    0.488    0.683    0.720
    1.287    1.362    4.878    4.932    5.455    5.458    7.381    7.474   10.994   11.068
   11.602   11.644   12.999   13.151   14.289   14.436   15.681   16.034
            0.353553  0.427800  0.279307
 -108.152 -108.152  -70.141  -70.141  -51.869  -51.869  -51.869  -51.869   -4.678   -4.676
   -1.446   -1.445   -1.199   -1.103    0.133    0.154    0.486    0.488    0.683    0.721
    1.287    1.364    4.865    4.920    5.447    5.450    7.397    7.492   10.989   11.065
   11.605   11.649   12.994   13.150   14.299   14.452   15.671   16.023
            0.353553  0.429567  0.277539
 -108.152 -108.152  -70.141  -70.141  -51.869  -51.869  -51.869  -51.869   -4.678   -4.675
   -1.446   -1.445   -1.201   -1.101    0.133    0.154    0.485    0.488    0.683    0.721
    1.288    1.367    4.852    4.908    5.440    5.442    7.413    7.510   10.985   11.062
   11.607   11.653   12.989   13.148   14.309   14.468   15.662   16.009
            0.353553  0.431335  0.275772
 -108.152 -108.152  -70.141  -70.141  -51.869  -51.869  -51.869  -51.869   -4.677   -4.675
   -1.445   -1.444   -1.202   -1.100    0.134    0.155    0.485    0.488    0.682    0.721
    1.288    1.369    4.839    4.896    5.432    5.434    7.429    7.528   10.980   11.059
   11.610   11.658   12.984   13.147   14.318   14.484   15.652   15.995
            0.353553  0.433103  0.274004
 -108.152 -108.152  -70.141  -70.141  -51.869  -51.869  -51.869  -51.869   -4.676   -4.674
   -1.445   -1.444   -1.203   -1.099    0.134    0.156    0.485    0.488    0.682    0.722
    1.289    1.371    4.826    4.883    5.424    5.426    7.445    7.546   10.975   11.055
   11.613   11.663   12.978   13.145   14.327   14.500   15.643   15.980
            0.353553  0.434871  0.272236
 -108.152 -108.152  -70.141  -70.141  -51.869  -51.869  -51.869  -51.869   -4.675   -4.673
   -1.445   -1.443   -1.204   -1.098    0.134    0.156    0.485    0.488    0.681    0.722
    1.289    1.374    4.813    4.870    5.417    5.418    7.461    7.564   10.970   11.051
   11.616   11.669   12.973   13.143   14.337   14.516   15.635   15.964
            0.353553  0.436638  0.270468
 -108.152 -108.152  -70.141  -70.141  -51.869  -51.869  -51.869  -51.869   -4.675   -4.672
   -1.444   -1.443   -1.205   -1.097    0.135    0.157    0.484    0.488    0.681    0.723
    1.289    1.376    4.799    4.857    5.409    5.411    7.478    7.582   10.965   11.048
   11.619   11.674   12.967   13.142   14.346   14.533   15.626   15.948
            0.353553  0.438406  0.268701
 -108.152 -108.152  -70.141  -70.141  -51.869  -51.869  -51.869  -51.869   -4.674   -4.671
   -1.444   -1.442   -1.206   -1.096    0.135    0.158    0.484    0.488    0.680    0.723
    1.290    1.378    4.786    4.844    5.402    5.403    7.494    7.600   10.959   11.044
   11.623   11.680   12.962   13.140   14.355   14.549   15.619   15.931
            0.353553  0.440174  0.266933
 -108.152 -108.152  -70.141  -70.141  -51.869  -51.869  -51.869  -51.869   -4.673   -4.670
   -1.443   -1.442   -1.207   -1.094    0.136    0.159    0.484    0.487    0.680    0.723
    1.290    1.381    4.772    4.831    5.394    5.396    7.510    7.619   10.954   11.040
   11.627   11.686   12.956   13.138   14.363   14.566   15.611   15.915
            0.353553  0.441942  0.265165
 -108.152 -108.152  -70.141  -70.141  -51.869  -51.869  -51.869  -51.869   -4.672   -4.669
   -1.443   -1.441   -1.208   -1.093    0.136    0.159    0.483    0.487    0.680    0.724
    1.291    1.383    4.758    4.818    5.386    5.388    7.527    7.637   10.949   11.036
   11.630   11.693   12.950   13.136   14.371   14.582   15.604   15.898
            0.353553  0.443710  0.263397
 -108.152 -108.152  -70.141  -70.141  -51.869  -51.869  -51.869  -51.869   -4.671   -4.669
   -1.443   -1.441   -1.209   -1.092    0.137    0.160    0.483    0.487    0.679    0.724
    1.291    1.386    4.744    4.804    5.379    5.381    7.543    7.656   10.943   11.031
   11.634   11.699   12.944   13.135   14.379   14.599   15.598   15.882
            0.353553  0.445477  0.261630
 -108.152 -108.152  -70.141  -70.141  -51.869  -51.869  -51.869  -51.869   -4.670   -4.668
   -1.442   -1.440   -1.210   -1.091    0.137    0.161    0.483    0.487    0.679    0.724
    1.292    1.388    4.730    4.791    5.371    5.373    7.560    7.674   10.938   11.027
   11.638   11.706   12.938   13.133   14.386   14.615   15.592   15.865
            0.353553  0.447245  0.259862
 -108.152 -108.152  -70.141  -70.141  -51.869  -51.869  -51.869  -51.869   -4.670   -4.667
   -1.442   -1.440   -1.211   -1.090    0.138    0.161    0.482    0.487    0.678    0.725
    1.292    1.391    4.716    4.777    5.363    5.366    7.576    7.693   10.932   11.023
   11.643   11.713   12.932   13.131   14.393   14.631   15.587   15.849
            0.353553  0.449013  0.258094
 -108.152 -108.152  -70.141  -70.141  -51.869  -51.869  -51.869  -51.869   -4.669   -4.666
   -1.441   -1.439   -1.212   -1.089    0.138    0.162    0.482    0.487    0.678    0.725
    1.293    1.393    4.702    4.763    5.355    5.359    7.593    7.711   10.926   11.018
   11.647   11.720   12.926   13.130   14.399   14.647   15.583   15.834
            0.353553  0.450781  0.256326
 -108.152 -108.152  -70.141  -70.141  -51.869  -51.869  -51.869  -51.869   -4.668   -4.665
   -1.441   -1.438   -1.213   -1.087    0.139    0.163    0.481    0.487    0.678    0.726
    1.293    1.395    4.688    4.750    5.347    5.351    7.610    7.729   10.921   11.014
   11.652   11.727   12.920   13.128   14.405   14.662   15.579   15.818
            0.353553  0.452548  0.254558
 -108.152 -108.152  -70.141  -70.141  -51.869  -51.869  -51.869  -51.869   -4.667   -4.664
   -1.440   -1.438   -1.214   -1.086    0.139    0.164    0.481    0.487    0.677    0.726
    1.294    1.398    4.673    4.736    5.340    5.344    7.626    7.748   10.915   11.010
   11.656   11.735   12.914   13.127   14.410   14.677   15.576   15.804
            0.353553  0.454316  0.252791
 -108.152 -108.152  -70.141  -70.141  -51.869  -51.869  -51.869  -51.869   -4.666   -4.663
   -1.440   -1.437   -1.216   -1.085    0.140    0.164    0.481    0.487    0.677    0.726
    1.294    1.400    4.659    4.722    5.332    5.337    7.643    7.766   10.910   11.005
   11.661   11.742   12.908   13.126   14.414   14.692   15.574   15.789
            0.353553  0.456084  0.251023
 -108.152 -108.152  -70.141  -70.141  -51.869  -51.869  -51.869  -51.869   -4.665   -4.662
   -1.439   -1.437   -1.217   -1.084    0.141    0.165    0.480    0.487    0.677    0.727
    1.295    1.403    4.644    4.708    5.324    5.330    7.659    7.785   10.904   11.001
   11.665   11.750   12.901   13.124   14.418   14.706   15.573   15.776
            0.353553  0.457852  0.249255
 -108.152 -108.152  -70.141  -70.141  -51.869  -51.869  -51.869  -51.869   -4.664   -4.661
   -1.439   -1.436   -1.218   -1.083    0.141    0.166    0.480    0.487    0.676    0.727
    1.296    1.405    4.630    4.694    5.316    5.322    7.676    7.803   10.898   10.996
   11.670   11.758   12.895   13.123   14.421   14.720   15.573   15.763
            0.353553  0.459619  0.247487
 -108.152 -108.152  -70.141  -70.141  -51.869  -51.869  -51.869  -51.869   -4.663   -4.660
   -1.438   -1.435   -1.219   -1.081    0.142    0.167    0.480    0.487    0.676    0.728
    1.296    1.408    4.615    4.680    5.308    5.315    7.692    7.822   10.892   10.992
   11.674   11.766   12.889   13.123   14.423   14.733   15.573   15.751
            0.353553  0.461387  0.245720
 -108.152 -108.152  -70.141  -70.141  -51.869  -51.869  -51.869  -51.869   -4.662   -4.659
   -1.438   -1.435   -1.220   -1.080    0.142    0.167    0.479    0.487    0.676    0.728
    1.297    1.410    4.601    4.666    5.300    5.308    7.709    7.840   10.887   10.987
   11.679   11.774   12.883   13.122   14.424   14.745   15.575   15.740
            0.353553  0.463155  0.243952
 -108.152 -108.152  -70.141  -70.141  -51.869  -51.869  -51.869  -51.869   -4.661   -4.658
   -1.437   -1.434   -1.221   -1.079    0.143    0.168    0.479    0.487    0.675    0.728
    1.297    1.413    4.586    4.651    5.292    5.300    7.725    7.859   10.881   10.983
   11.683   11.783   12.877   13.121   14.425   14.757   15.577   15.730
            0.353553  0.464923  0.242184
 -108.152 -108.152  -70.141  -70.141  -51.869  -51.869  -51.869  -51.869   -4.660   -4.657
   -1.437   -1.433   -1.222   -1.078    0.144    0.169    0.478    0.487    0.675    0.729
    1.298    1.415    4.572    4.637    5.284    5.293    7.742    7.877   10.875   10.978
   11.688   11.791   12.872   13.121   14.425   14.767   15.581   15.722
            0.353553  0.466690  0.240416
 -108.152 -108.152  -70.141  -70.141  -51.869  -51.869  -51.869  -51.869   -4.659   -4.655
   -1.436   -1.433   -1.223   -1.077    0.144    0.170    0.478    0.487    0.675    0.729
    1.298    1.418    4.557    4.623    5.276    5.285    7.758    7.896   10.870   10.974
   11.692   11.799   12.866   13.121   14.423   14.777   15.585   15.714
            0.353553  0.468458  0.238649
 -108.152 -108.152  -70.141  -70.141  -51.869  -51.869  -51.869  -51.869   -4.658   -4.654
   -1.436   -1.432   -1.224   -1.076    0.145    0.170    0.478    0.487    0.674    0.730
    1.299    1.420    4.543    4.609    5.268    5.278    7.774    7.914   10.864   10.969
   11.697   11.808   12.860   13.122   14.421   14.785   15.590   15.708
            0.353553  0.470226  0.236881
 -108.152 -108.152  -70.141  -70.141  -51.869  -51.869  -51.869  -51.869   -4.657   -4.653
   -1.435   -1.431   -1.225   -1.074    0.146    0.171    0.477    0.487    0.674    0.730
    1.299    1.423    4.528    4.595    5.260    5.271    7.791    7.932   10.859   10.965
   11.701   11.816   12.855   13.122   14.418   14.792   15.596   15.703
            0.353553  0.471994  0.235113
 -108.152 -108.152  -70.141  -70.141  -51.869  -51.869  -51.869  -51.869   -4.656   -4.652
   -1.435   -1.431   -1.226   -1.073    0.146    0.172    0.477    0.487    0.674    0.730
    1.300    1.425    4.514    4.581    5.252    5.263    7.807    7.951   10.853   10.961
   11.705   11.825   12.850   13.123   14.415   14.798   15.603   15.700
            0.353553  0.473762  0.233345
 -108.152 -108.152  -70.141  -70.141  -51.869  -51.869  -51.869  -51.869   -4.655   -4.651
   -1.434   -1.430   -1.227   -1.072    0.147    0.173    0.476    0.487    0.674    0.731
    1.300    1.428    4.499    4.567    5.244    5.256    7.823    7.969   10.848   10.957
   11.709   11.833   12.845   13.124   14.410   14.802   15.611   15.699
            0.353553  0.475529  0.231577
 -108.152 -108.152  -70.141  -70.141  -51.869  -51.869  -51.869  -51.869   -4.654   -4.650
   -1.434   -1.429   -1.228   -1.071    0.148    0.173    0.476    0.487    0.673    0.731
    1.301    1.430    4.485    4.553    5.236    5.248    7.839    7.987   10.842   10.952
   11.713   11.842   12.840   13.126   14.404   14.805   15.620   15.699
            0.353553  0.477297  0.229810
 -108.152 -108.152  -70.141  -70.141  -51.869  -51.869  -51.869  -51.869   -4.653   -4.649
   -1.433   -1.429   -1.229   -1.070    0.149    0.174    0.476    0.487    0.673    0.732
    1.301    1.432    4.470    4.539    5.227    5.240    7.855    8.005   10.837   10.948
   11.716   11.850   12.836   13.127   14.398   14.807   15.629   15.701
            0.353553  0.479065  0.228042
 -108.152 -108.152  -70.141  -70.141  -51.869  -51.869  -51.869  -51.869   -4.651   -4.648
   -1.433   -1.428   -1.230   -1.069    0.150    0.175    0.475    0.487    0.673    0.732
    1.302    1.435    4.456    4.525    5.219    5.233    7.871    8.023   10.831   10.944
   11.720   11.859   12.832   13.130   14.391   14.807   15.640   15.705
            0.353553  0.480833  0.226274
 -108.152 -108.152  -70.141  -70.141  -51.869  -51.869  -51.869  -51.869   -4.650   -4.646
   -1.432   -1.427   -1.231   -1.067    0.150    0.176    0.475    0.487    0.673    0.733
    1.302    1.437    4.441    4.512    5.211    5.225    7.887    8.041   10.826   10.941
   11.723   11.867   12.828   13.132   14.383   14.805   15.651   15.710
            0.353553  0.482600  0.224506
 -108.152 -108.152  -70.141  -70.141  -51.869  -51.869  -51.869  -51.869   -4.649   -4.645
   -1.432   -1.426   -1.232   -1.066    0.151    0.177    0.474    0.487    0.673    0.733
    1.303    1.440    4.427    4.498    5.202    5.217    7.903    8.059   10.821   10.937
   11.726   11.875   12.824   13.135   14.375   14.803   15.662   15.717
            0.353553  0.484368  0.222739
 -108.152 -108.152  -70.141  -70.141  -51.869  -51.869  -51.869  -51.869   -4.648   -4.644
   -1.431   -1.426   -1.233   -1.065    0.152    0.177    0.474    0.487    0.672    0.734
    1.303    1.442    4.413    4.484    5.194    5.210    7.919    8.077   10.816   10.933
   11.729   11.883   12.821   13.138   14.366   14.798   15.675   15.726
            0.353553  0.486136  0.220971
 -108.152 -108.152  -70.141  -70.141  -51.869  -51.869  -51.869  -51.869   -4.647   -4.643
   -1.430   -1.425   -1.234   -1.064    0.153    0.178    0.474    0.487    0.672    0.734
    1.303    1.444    4.399    4.470    5.186    5.202    7.935    8.095   10.811   10.930
   11.732   11.891   12.818   13.142   14.356   14.792   15.688   15.736
            0.353553  0.487904  0.219203
 -108.152 -108.152  -70.141  -70.141  -51.869  -51.869  -51.869  -51.869   -4.646   -4.642
   -1.430   -1.424   -1.235   -1.063    0.154    0.179    0.473    0.488    0.672    0.735
    1.304    1.447    4.384    4.457    5.177    5.194    7.950    8.113   10.806   10.926
   11.734   11.898   12.816   13.146   14.345   14.785   15.702   15.748
            0.353553  0.489671  0.217435
 -108.152 -108.152  -70.141  -70.141  -51.869  -51.869  -51.869  -51.869   -4.645   -4.641
   -1.429   -1.423   -1.236   -1.062    0.154    0.180    0.473    0.488    0.672    0.735
    1.304    1.449    4.370    4.443    5.169    5.186    7.966    8.131   10.801   10.923
   11.736   11.906   12.814   13.151   14.334   14.777   15.717   15.761
            0.353553  0.491439  0.215668
 -108.152 -108.152  -70.141  -70.141  -51.869  -51.869  -51.869  -51.869   -4.644   -4.639
   -1.429   -1.423   -1.237   -1.060    0.155    0.180    0.472    0.488    0.672    0.736
    1.305    1.451    4.356    4.430    5.160    5.178    7.982    8.148   10.796   10.919
   11.738   11.913   12.812   13.156   14.323   14.767   15.733   15.775
            0.353553  0.493207  0.213900
 -108.152 -108.152  -70.141  -70.141  -51.869  -51.869  -51.869  -51.869   -4.642   -4.638
   -1.428   -1.422   -1.238   -1.059    0.156    0.181    0.472    0.488    0.672    0.736
    1.305    1.453    4.342    4.417    5.152    5.170    7.997    8.166   10.791   10.916
   11.739   11.920   12.811   13.161   14.310   14.756   15.750   15.790
            0.353553  0.494975  0.212132
 -108.152 -108.152  -70.141  -70.141  -51.869  -51.869  -51.869  -51.869   -4.641   -4.637
   -1.428   -1.421   -1.239   -1.058    0.157    0.182    0.471    0.488    0.672    0.737
    1.305    1.456    4.329    4.404    5.143    5.162    8.012    8.183   10.787   10.913
   11.741   11.926   12.811   13.167   14.298   14.745   15.767   15.805
            0.353553  0.496743  0.210364
 -108.152 -108.152  -70.141  -70.141  -51.869  -51.869  -51.869  -51.869   -4.640   -4.636
   -1.427   -1.420   -1.240   -1.057    0.158    0.183    0.471    0.488    0.672    0.737
    1.305    1.458    4.315    4.391    5.134    5.154    8.028    8.201   10.782   10.910
   11.741   11.933   12.811   13.173   14.285   14.732   15.786   15.821
            0.353553  0.498510  0.208597
 -108.152 -108.152  -70.141  -70.141  -51.869  -51.869  -51.869  -51.869   -4.639   -4.634
   -1.426   -1.419   -1.241   -1.056    0.159    0.183    0.471    0.488    0.672    0.738
    1.306    1.460    4.301    4.378    5.126    5.146    8.043    8.218   10.778   10.908
   11.742   11.938   12.812   13.180   14.271   14.718   15.805   15.838
            0.353553  0.500278  0.206829
 -108.152 -108.152  -70.141  -70.141  -51.869  -51.869  -51.869  -51.869   -4.638   -4.633
   -1.426   -1.419   -1.242   -1.055    0.160    0.184    0.470    0.489    0.671    0.738
    1.306    1.462    4.288    4.365    5.117    5.138    8.058    8.236   10.774   10.905
   11.742   11.944   12.813   13.187   14.257   14.704   15.825   15.856
            0.353553  0.502046  0.205061
 -108.152 -108.152  -70.141  -70.141  -51.869  -51.869  -51.869  -51.869   -4.636   -4.632
   -1.425   -1.418   -1.243   -1.054    0.161    0.185    0.470    0.489    0.671    0.739
    1.306    1.464    4.274    4.352    5.108    5.130    8.073    8.253   10.769   10.902
   11.742   11.949   12.815   13.195   14.243   14.688   15.845   15.874
            0.353553  0.503814  0.203293
 -108.152 -108.152  -70.141  -70.141  -51.869  -51.869  -51.869  -51.869   -4.635   -4.631
   -1.425   -1.417   -1.244   -1.052    0.162    0.186    0.469    0.489    0.671    0.739
    1.306    1.466    4.261    4.339    5.099    5.122    8.088    8.270   10.765   10.900
   11.742   11.954   12.817   13.203   14.228   14.672   15.866   15.892
            0.353553  0.505581  0.201525
 -108.152 -108.152  -70.141  -70.141  -51.869  -51.869  -51.869  -51.869   -4.634   -4.629
   -1.424   -1.416   -1.244   -1.051    0.163    0.186    0.469    0.489    0.671    0.740
    1.307    1.468    4.247    4.327    5.091    5.113    8.103    8.287   10.761   10.898
   11.741   11.958   12.821   13.212   14.214   14.656   15.888   15.911
            0.353553  0.507349  0.199758
 -108.152 -108.152  -70.141  -70.141  -51.869  -51.869  -51.869  -51.869   -4.633   -4.628
   -1.423   -1.415   -1.245   -1.050    0.164    0.187    0.468    0.489    0.671    0.741
    1.307    1.470    4.234    4.314    5.082    5.105    8.117    8.304   10.757   10.896
   11.740   11.962   12.825   13.221   14.198   14.638   15.910   15.929
            0.353553  0.509117  0.197990
 -108.152 -108.152  -70.141  -70.141  -51.869  -51.869  -51.869  -51.869   -4.632   -4.627
   -1.423   -1.414   -1.246   -1.049    0.164    0.188    0.468    0.490    0.671    0.741
    1.307    1.472    4.221    4.302    5.073    5.097    8.132    8.321   10.754   10.894
   11.739   11.965   12.829   13.230   14.183   14.621   15.932   15.949
            0.353553  0.510885  0.196222
 -108.152 -108.152  -70.141  -70.141  -51.869  -51.869  -51.869  -51.869   -4.630   -4.626
   -1.422   -1.414   -1.247   -1.048    0.165    0.189    0.467    0.490    0.672    0.742
    1.307    1.474    4.208    4.290    5.064    5.088    8.147    8.338   10.750   10.892
   11.738   11.968   12.835   13.240   14.167   14.602   15.954   15.969
            0.353553  0.512652  0.194454
 -108.152 -108.152  -70.141  -70.141  -51.869  -51.869  -51.869  -51.869   -4.629   -4.624
   -1.422   -1.413   -1.248   -1.047    0.166    0.190    0.467    0.490    0.672    0.743
    1.307    1.476    4.195    4.278    5.055    5.080    8.161    8.355   10.747   10.890
   11.736   11.970   12.841   13.251   14.152   14.584   15.975   15.989
            0.353553  0.514420  0.192687
 -108.152 -108.152  -70.141  -70.141  -51.869  -51.869  -51.869  -51.869   -4.628   -4.623
   -1.421   -1.412   -1.249   -1.045    0.167    0.190    0.466    0.490    0.672    0.743
    1.307    1.478    4.183    4.266    5.046    5.071    8.175    8.371   10.743   10.889
   11.734   11.972   12.848   13.262   14.136   14.565   15.996   16.011
            0.353553  0.516188  0.190919
 -108.152 -108.152  -70.141  -70.141  -51.869  -51.869  -51.869  -51.869   -4.627   -4.622
   -1.420   -1.411   -1.250   -1.044    0.168    0.191    0.466    0.491    0.672    0.744
    1.307    1.480    4.170    4.254    5.037    5.062    8.190    8.388   10.740   10.887
   11.731   11.973   12.855   13.273   14.120   14.545   16.015   16.034
            0.353553  0.517956  0.189151
 -108.152 -108.152  -70.141  -70.141  -51.869  -51.869  -51.869  -51.869   -4.625   -4.621
   -1.420   -1.410   -1.251   -1.043    0.169    0.192    0.466    0.491    0.672    0.745
    1.307    1.481    4.158    4.243    5.027    5.054    8.204    8.404   10.737   10.886
   11.728   11.974   12.864   13.285   14.104   14.526   16.034   16.057
            0.353553  0.519723  0.187383
 -108.152 -108.152  -70.141  -70.141  -51.869  -51.869  -51.869  -51.869   -4.624   -4.619
   -1.419   -1.409   -1.252   -1.042    0.170    0.193    0.465    0.491    0.672    0.745
    1.307    1.483    4.146    4.231    5.018    5.045    8.218    8.421   10.734   10.885
   11.725   11.974   12.873   13.297   14.088   14.506   16.052   16.080
            0.353553  0.521491  0.185616
 -108.152 -108.152  -70.141  -70.141  -51.869  -51.869  -51.869  -51.869   -4.623   -4.618
   -1.418   -1.408   -1.253   -1.041    0.171    0.194    0.465    0.491    0.672    0.746
    1.307    1.485    4.133    4.220    5.009    5.036    8.231    8.437   10.731   10.884
   11.722   11.974   12.882   13.310   14.071   14.485   16.070   16.102
            0.353553  0.523259  0.183848
 -108.152 -108.152  -70.141  -70.141  -51.869  -51.869  -51.869  -51.869   -4.622   -4.617
   -1.418   -1.407   -1.254   -1.040    0.172    0.194    0.464    0.492    0.672    0.747
    1.306    1.486    4.121    4.209    5.000    5.028    8.245    8.453   10.728   10.883
   11.718   11.973   12.893   13.322   14.055   14.465   16.087   16.124
            0.353553  0.525027  0.182080
 -108.152 -108.152  -70.141  -70.141  -51.869  -51.869  -51.869  -51.869   -4.621   -4.615
   -1.417   -1.407   -1.255   -1.039    0.173    0.195    0.464    0.492    0.673    0.748
    1.306    1.488    4.110    4.198    4.990    5.019    8.259    8.469   10.726   10.882
   11.714   11.972   12.904   13.336   14.039   14.444   16.103   16.145
            0.353553  0.526795  0.180312
 -108.152 -108.152  -70.141  -70.141  -51.869  -51.869  -51.869  -51.869   -4.619   -4.614
   -1.417   -1.406   -1.255   -1.037    0.174    0.196    0.463    0.492    0.673    0.748
    1.306    1.489    4.098    4.187    4.981    5.010    8.272    8.485   10.723   10.882
   11.710   11.970   12.915   13.349   14.023   14.424   16.119   16.165
            0.353553  0.528562  0.178544
 -108.152 -108.152  -70.141  -70.141  -51.869  -51.869  -51.869  -51.869   -4.618   -4.613
   -1.416   -1.405   -1.256   -1.036    0.175    0.197    0.463    0.493    0.673    0.749
    1.306    1.490    4.086    4.176    4.972    5.001    8.286    8.501   10.721   10.881
   11.705   11.968   12.928   13.363   14.007   14.403   16.134   16.184
            0.353553  0.530330  0.176777
 -108.152 -108.152  -70.141  -70.141  -51.869  -51.869  -51.869  -51.869   -4.617   -4.612
   -1.415   -1.404   -1.257   -1.035    0.176    0.198    0.462    0.493    0.673    0.750
    1.305    1.492    4.075    4.166    4.962    4.992    8.299    8.517   10.719   10.881
   11.700   11.966   12.941   13.377   13.992   14.381   16.148   16.200
            0.353553  0.532098  0.175009
 -108.152 -108.152  -70.141  -70.141  -51.869  -51.869  -51.869  -51.869   -4.616   -4.610
   -1.415   -1.403   -1.258   -1.034    0.177    0.199    0.462    0.493    0.674    0.751
    1.305    1.493    4.064    4.156    4.953    4.983    8.312    8.533   10.717   10.881
   11.695   11.963   12.954   13.391   13.976   14.360   16.162   16.216
            0.353553  0.533866  0.173241
 -108.152 -108.152  -70.141  -70.141  -51.869  -51.869  -51.869  -51.869   -4.614   -4.609
   -1.414   -1.402   -1.259   -1.033    0.178    0.200    0.461    0.494    0.674    0.752
    1.305    1.494    4.053    4.145    4.943    4.974    8.326    8.548   10.715   10.881
   11.690   11.960   12.968   13.405   13.961   14.339   16.175   16.230
            0.353553  0.535633  0.171473
 -108.152 -108.152  -70.141  -70.141  -51.869  -51.869  -51.869  -51.869   -4.613   -4.608
   -1.413   -1.401   -1.260   -1.032    0.178    0.201    0.461    0.494    0.674    0.752
    1.304    1.495    4.042    4.135    4.934    4.965    8.338    8.564   10.713   10.881
   11.684   11.956   12.983   13.420   13.946   14.317   16.187   16.243
            0.353553  0.537401  0.169706
 -108.152 -108.152  -70.141  -70.141  -51.869  -51.869  -51.869  -51.869   -4.612   -4.606
   -1.413   -1.400   -1.261   -1.031    0.179    0.202    0.460    0.494    0.675    0.753
    1.304    1.497    4.031    4.126    4.924    4.956    8.351    8.579   10.712   10.881
   11.678   11.953   12.998   13.434   13.932   14.296   16.198   16.255
            0.353553  0.539169  0.167938
 -108.152 -108.152  -70.141  -70.141  -51.869  -51.869  -51.869  -51.869   -4.611   -4.605
   -1.412   -1.399   -1.262   -1.029    0.180    0.203    0.460    0.494    0.675    0.754
    1.303    1.498    4.020    4.116    4.915    4.947    8.364    8.594   10.710   10.882
   11.672   11.948   13.013   13.449   13.918   14.274   16.209   16.267
            0.353553  0.540937  0.166170
 -108.152 -108.152  -70.141  -70.141  -51.869  -51.869  -51.869  -51.869   -4.609   -4.604
   -1.412   -1.398   -1.262   -1.028    0.181    0.204    0.459    0.495    0.675    0.755
    1.303    1.498    4.010    4.107    4.905    4.937    8.377    8.610   10.709   10.882
   11.666   11.944   13.029   13.463   13.905   14.252   16.219   16.279
            0.353553  0.542704  0.164402
 -108.152 -108.152  -70.141  -70.141  -51.869  -51.869  -51.869  -51.869   -4.608   -4.602
   -1.411   -1.397   -1.263   -1.027    0.182    0.205    0.459    0.495    0.676    0.756
    1.302    1.499    4.000    4.097    4.895    4.928    8.389    8.625   10.708   10.883
   11.660   11.939   13.045   13.476   13.893   14.231   16.228   16.291
            0.353553  0.544472  0.162635
 -108.152 -108.152  -70.141  -70.141  -51.869  -51.869  -51.869  -51.869   -4.607   -4.601
   -1.410   -1.396   -1.264   -1.026    0.183    0.206    0.458    0.495    0.676    0.757
    1.301    1.500    3.990    4.088    4.886    4.919    8.402    8.640   10.707   10.884
   11.653   11.934   13.062   13.490   13.882   14.209   16.237   16.302
            0.353553  0.546240  0.160867
 -108.152 -108.152  -70.141  -70.141  -51.869  -51.869  -51.869  -51.869   -4.606   -4.600
   -1.410   -1.395   -1.265   -1.025    0.183    0.207    0.458    0.496    0.677    0.758
    1.301    1.501    3.980    4.079    4.876    4.909    8.414    8.655   10.706   10.885
   11.646   11.929   13.078   13.502   13.872   14.187   16.245   16.313
            0.353553  0.548008  0.159099
 -108.152 -108.152  -70.141  -70.141  -51.869  -51.869  -51.869  -51.869   -4.604   -4.599
   -1.409   -1.395   -1.266   -1.024    0.184    0.208    0.457    0.496    0.677    0.759
    1.300    1.502    3.970    4.071    4.866    4.900    8.426    8.669   10.705   10.886
   11.639   11.924   13.095   13.514   13.864   14.165   16.253   16.324
            0.353553  0.549776  0.157331
 -108.152 -108.152  -70.141  -70.141  -51.869  -51.869  -51.869  -51.869   -4.603   -4.597
   -1.408   -1.394   -1.267   -1.023    0.185    0.209    0.457    0.496    0.678    0.760
    1.299    1.502    3.961    4.062    4.856    4.891    8.438    8.684   10.704   10.887
   11.632   11.918   13.112   13.524   13.858   14.143   16.261   16.335
            0.353553  0.551543  0.155563
 -108.152 -108.152  -70.141  -70.141  -51.869  -51.869  -51.869  -51.869   -4.602   -4.596
   -1.408   -1.393   -1.267   -1.022    0.186    0.210    0.456    0.497    0.678    0.761
    1.298    1.503    3.951    4.054    4.847    4.881    8.450    8.699   10.704   10.888
   11.625   11.913   13.129   13.534   13.853   14.121   16.268   16.345
            0.353553  0.553311  0.153796
 -108.152 -108.152  -70.141  -70.141  -51.869  -51.869  -51.869  -51.869   -4.601   -4.595
   -1.407   -1.392   -1.268   -1.021    0.186    0.211    0.456    0.497    0.679    0.762
    1.297    1.503    3.942    4.045    4.837    4.872    8.462    8.713   10.704   10.890
   11.617   11.907   13.146   13.542   13.851   14.100   16.275   16.356
            0.353553  0.555079  0.152028
 -108.152 -108.152  -70.141  -70.141  -51.869  -51.869  -51.869  -51.869   -4.599   -4.593
   -1.406   -1.391   -1.269   -1.019    0.187    0.213    0.455    0.497    0.679    0.764
    1.296    1.503    3.933    4.037    4.827    4.862    8.473    8.727   10.704   10.891
   11.610   11.901   13.163   13.548   13.851   14.078   16.282   16.366
            0.353553  0.556847  0.150260
 -108.152 -108.152  -70.141  -70.141  -51.869  -51.869  -51.869  -51.869   -4.598   -4.592
   -1.406   -1.390   -1.270   -1.018    0.188    0.214    0.455    0.498    0.680    0.765
    1.295    1.504    3.924    4.030    4.817    4.853    8.485    8.742   10.704   10.893
   11.602   11.895   13.179   13.553   13.854   14.056   16.289   16.376
            0.353553  0.558614  0.148492
 -108.152 -108.152  -70.141  -70.141  -51.869  -51.869  -51.869  -51.869   -4.597   -4.591
   -1.405   -1.389   -1.271   -1.017    0.188    0.215    0.454    0.498    0.681    0.766
    1.294    1.504    3.916    4.022    4.807    4.843    8.496    8.756   10.704   10.895
   11.594   11.889   13.195   13.556   13.859   14.035   16.296   16.386
            0.353553  0.560382  0.146725
 -108.152 -108.152  -70.141  -70.141  -51.869  -51.869  -51.869  -51.869   -4.596   -4.590
   -1.404   -1.388   -1.272   -1.016    0.189    0.216    0.453    0.498    0.681    0.767
    1.293    1.504    3.908    4.015    4.797    4.834    8.507    8.770   10.704   10.896
   11.586   11.882   13.210   13.558   13.866   14.013   16.302   16.395
            0.353553  0.562150  0.144957
 -108.152 -108.152  -70.141  -70.141  -51.869  -51.869  -51.869  -51.869   -4.595   -4.588
   -1.404   -1.387   -1.272   -1.015    0.189    0.218    0.453    0.499    0.682    0.768
    1.292    1.504    3.899    4.007    4.787    4.824    8.519    8.784   10.705   10.898
   11.578   11.876   13.224   13.560   13.876   13.993   16.309   16.405
            0.353553  0.563918  0.143189
 -108.152 -108.152  -70.141  -70.141  -51.869  -51.869  -51.869  -51.869   -4.593   -4.587
   -1.403   -1.386   -1.273   -1.014    0.190    0.219    0.452    0.499    0.683    0.770
    1.291    1.504    3.891    4.000    4.777    4.814    8.530    8.797   10.705   10.901
   11.569   11.870   13.237   13.561   13.886   13.973   16.315   16.414
            0.353553  0.565685  0.141421
 -108.152 -108.152  -70.141  -70.141  -51.869  -51.869  -51.869  -51.869   -4.592   -4.586
   -1.403   -1.385   -1.274   -1.013    0.190    0.220    0.452    0.499    0.683    0.771
    1.290    1.504    3.884    3.994    4.767    4.805    8.540    8.811   10.706   10.903
   11.561   11.864   13.248   13.563   13.895   13.956   16.322   16.423
            0.353553  0.567453  0.139654
 -108.152 -108.152  -70.141  -70.141  -51.869  -51.869  -51.869  -51.869   -4.591   -4.585
   -1.402   -1.384   -1.275   -1.012    0.191    0.222    0.451    0.500    0.684    0.772
    1.288    1.503    3.876    3.987    4.757    4.795    8.551    8.825   10.707   10.905
   11.553   11.857   13.258   13.566   13.898   13.948   16.328   16.432
            0.353553  0.569221  0.137886
 -108.152 -108.152  -70.141  -70.141  -51.869  -51.869  -51.869  -51.869   -4.590   -4.583
   -1.401   -1.383   -1.275   -1.011    0.191    0.223    0.451    0.500    0.685    0.774
    1.287    1.503    3.869    3.980    4.747    4.785    8.562    8.838   10.708   10.907
   11.544   11.851   13.265   13.570   13.888   13.954   16.335   16.441
            0.353553  0.570989  0.136118
 -108.152 -108.152  -70.141  -70.141  -51.869  -51.869  -51.869  -51.869   -4.589   -4.582
   -1.401   -1.382   -1.276   -1.010    0.192    0.224    0.450    0.500    0.685    0.775
    1.286    1.503    3.862    3.974    4.737    4.775    8.572    8.851   10.709   10.910
   11.535   11.845   13.269   13.576   13.870   13.968   16.341   16.450
            0.353553  0.572756  0.134350
 -108.152 -108.152  -70.141  -70.141  -51.869  -51.869  -51.869  -51.869   -4.587   -4.581
   -1.400   -1.381   -1.277   -1.009    0.192    0.226    0.449    0.501    0.686    0.777
    1.284    1.502    3.855    3.968    4.727    4.766    8.583    8.865   10.710   10.912
   11.527   11.838   13.271   13.584   13.851   13.986   16.347   16.459
            0.353553  0.574524  0.132583
 -108.152 -108.152  -70.141  -70.141  -51.869  -51.869  -51.869  -51.869   -4.586   -4.580
   -1.399   -1.380   -1.278   -1.008    0.193    0.227    0.449    0.501    0.687    0.778
    1.283    1.502    3.848    3.962    4.717    4.756    8.593    8.878   10.712   10.915
   11.518   11.832   13.271   13.594   13.830   14.005   16.354   16.468
            0.353553  0.576292  0.130815
 -108.152 -108.152  -70.141  -70.141  -51.869  -51.869  -51.869  -51.869   -4.585   -4.579
   -1.399   -1.379   -1.279   -1.007    0.193    0.229    0.448    0.501    0.688    0.780
    1.281    1.501    3.842    3.957    4.707    4.746    8.603    8.891   10.713   10.917
   11.509   11.826   13.268   13.606   13.809   14.026   16.360   16.476
            0.353553  0.578060  0.129047
 -108.152 -108.152  -70.141  -70.141  -51.869  -51.869  -51.869  -51.869   -4.584   -4.577
   -1.398   -1.378   -1.279   -1.006    0.194    0.230    0.448    0.501    0.689    0.781
    1.280    1.500    3.835    3.951    4.697    4.736    8.613    8.903   10.715   10.920
   11.500   11.820   13.263   13.620   13.788   14.047   16.367   16.485
            0.353553  0.579828  0.127279
 -108.152 -108.152  -70.141  -70.141  -51.869  -51.869  -51.869  -51.869   -4.583   -4.576
   -1.398   -1.377   -1.280   -1.005    0.194    0.232    0.447    0.502    0.689    0.783
    1.278    1.499    3.829    3.946    4.687    4.726    8.623    8.916   10.717   10.923
   11.492   11.814   13.256   13.636   13.767   14.070   16.373   16.493
            0.353553  0.581595  0.125511
 -108.152 -108.152  -70.141  -70.141  -51.869  -51.869  -51.869  -51.869   -4.582   -4.575
   -1.397   -1.377   -1.281   -1.003    0.194    0.233    0.446    0.502    0.690    0.785
    1.277    1.498    3.823    3.941    4.677    4.716    8.633    8.929   10.719   10.926
   11.483   11.808   13.248   13.654   13.746   14.093   16.380   16.502
            0.353553  0.583363  0.123744
 -108.152 -108.152  -70.141  -70.141  -51.869  -51.869  -51.869  -51.869   -4.580   -4.574
   -1.396   -1.376   -1.282   -1.002    0.195    0.235    0.446    0.502    0.691    0.786
    1.275    1.497    3.818    3.936    4.667    4.707    8.642    8.941   10.721   10.929
   11.474   11.802   13.238   13.672   13.725   14.116   16.386   16.510
            0.353553  0.585131  0.121976
 -108.152 -108.152  -70.141  -70.141  -51.869  -51.869  -51.869  -51.869   -4.579   -4.573
   -1.396   -1.375   -1.282   -1.001    0.195    0.237    0.445    0.502    0.692    0.788
    1.273    1.496    3.812    3.932    4.657    4.697    8.652    8.954   10.723   10.931
   11.465   11.796   13.227   13.688   13.709   14.140   16.392   16.519
            0.353553  0.586899  0.120208
 -108.152 -108.152  -70.141  -70.141  -51.869  -51.869  -51.869  -51.869   -4.578   -4.572
   -1.395   -1.374   -1.283   -1.000    0.196    0.238    0.445    0.503    0.693    0.790
    1.272    1.495    3.807    3.927    4.647    4.687    8.661    8.966   10.725   10.934
   11.456   11.790   13.215   13.679   13.718   14.164   16.399   16.527
            0.353553  0.588666  0.118440
 -108.152 -108.152  -70.141  -70.141  -51.869  -51.869  -51.869  -51.869   -4.577   -4.570
   -1.394   -1.373   -1.284   -0.999    0.196    0.240    0.444    0.503    0.694    0.792
    1.270    1.494    3.802    3.923    4.637    4.677    8.671    8.978   10.728   10.937
   11.447   11.785   13.202   13.659   13.739   14.189   16.406   16.535
            0.353553  0.590434  0.116673
 -108.152 -108.152  -70.141  -70.141  -51.869  -51.869  -51.869  -51.869   -4.576   -4.569
   -1.394   -1.372   -1.284   -0.998    0.196    0.241    0.443    0.503    0.695    0.793
    1.268    1.492    3.797    3.919    4.627    4.667    8.680    8.990   10.731   10.940
   11.438   11.780   13.189   13.638   13.761   14.214   16.412   16.543
            0.353553  0.592202  0.114905
 -108.152 -108.152  -70.141  -70.141  -51.869  -51.869  -51.869  -51.869   -4.575   -4.568
   -1.393   -1.371   -1.285   -0.997    0.197    0.243    0.442    0.503    0.696    0.795
    1.266    1.491    3.792    3.915    4.617    4.657    8.689    9.002   10.733   10.943
   11.429   11.775   13.175   13.617   13.784   14.239   16.419   16.551
            0.353553  0.593970  0.113137
 -108.152 -108.152  -70.141  -70.141  -51.869  -51.869  -51.869  -51.869   -4.574   -4.567
   -1.393   -1.370   -1.286   -0.996    0.197    0.245    0.442    0.504    0.696    0.797
    1.265    1.489    3.788    3.912    4.607    4.647    8.698    9.014   10.736   10.946
   11.420   11.770   13.161   13.596   13.808   14.264   16.425   16.560
            0.353553  0.595737  0.111369
 -108.152 -108.152  -70.141  -70.141  -51.869  -51.869  -51.869  -51.869   -4.573   -4.566
   -1.392   -1.369   -1.287   -0.996    0.197    0.246    0.441    0.504    0.697    0.799
    1.263    1.488    3.784    3.908    4.597    4.637    8.706    9.025   10.739   10.949
   11.411   11.765   13.147   13.575   13.832   14.290   16.432   16.568
            0.353553  0.597505  0.109602
 -108.152 -108.152  -70.141  -70.141  -51.869  -51.869  -51.869  -51.869   -4.572   -4.565
   -1.391   -1.368   -1.287   -0.995    0.197    0.248    0.440    0.504    0.698    0.801
    1.261    1.486    3.780    3.905    4.587    4.627    8.715    9.037   10.742   10.952
   11.402   11.760   13.132   13.554   13.857   14.316   16.439   16.576
            0.353553  0.599273  0.107834
 -108.152 -108.152  -70.141  -70.141  -51.869  -51.869  -51.869  -51.869   -4.571   -4.564
   -1.391   -1.367   -1.288   -0.994    0.198    0.250    0.440    0.504    0.699    0.803
    1.259    1.484    3.776    3.902    4.577    4.618    8.723    9.048   10.745   10.955
   11.393   11.756   13.117   13.534   13.882   14.342   16.445   16.584
            0.353553  0.601041  0.106066
 -108.152 -108.152  -70.141  -70.141  -51.869  -51.869  -51.869  -51.869   -4.570   -4.563
   -1.390   -1.367   -1.289   -0.993    0.198    0.251    0.439    0.504    0.700    0.805
    1.257    1.482    3.773    3.899    4.567    4.608    8.732    9.059   10.749   10.958
   11.384   11.751   13.102   13.513   13.907   14.369   16.452   16.592
            0.353553  0.602809  0.104298
 -108.152 -108.152  -70.141  -70.141  -51.869  -51.869  -51.869  -51.869   -4.569   -4.562
   -1.390   -1.366   -1.289   -0.992    0.198    0.253    0.438    0.505    0.701    0.807
    1.255    1.481    3.769    3.896    4.557    4.598    8.740    9.070   10.752   10.961
   11.375   11.747   13.086   13.492   13.933   14.395   16.459   16.600
            0.353553  0.604576  0.102530
 -108.152 -108.152  -70.141  -70.141  -51.869  -51.869  -51.869  -51.869   -4.568   -4.561
   -1.389   -1.365   -1.290   -0.991    0.198    0.255    0.437    0.505    0.702    0.809
    1.253    1.478    3.766    3.894    4.547    4.588    8.748    9.081   10.755   10.964
   11.366   11.744   13.071   13.472   13.959   14.422   16.466   16.609
            0.353553  0.606344  0.100763
 -108.152 -108.152  -70.141  -70.141  -51.869  -51.869  -51.869  -51.869   -4.567   -4.560
   -1.388   -1.364   -1.291   -0.990    0.199    0.256    0.437    0.505    0.703    0.812
    1.251    1.476    3.763    3.892    4.537    4.578    8.756    9.092   10.759   10.967
   11.357   11.740   13.056   13.451   13.985   14.448   16.473   16.617
            0.353553  0.608112  0.098995
 -108.152 -108.152  -70.141  -70.141  -51.869  -51.869  -51.869  -51.869   -4.566   -4.559
   -1.388   -1.363   -1.292   -0.989    0.199    0.258    0.436    0.505    0.704    0.814
    1.249    1.474    3.760    3.890    4.527    4.568    8.764    9.102   10.763   10.970
   11.348   11.737   13.040   13.431   14.011   14.475   16.479   16.625
            0.353553  0.609880  0.097227
 -108.152 -108.152  -70.141  -70.141  -51.869  -51.869  -51.869  -51.869   -4.565   -4.557
   -1.387   -1.362   -1.292   -0.988    0.199    0.260    0.435    0.505    0.705    0.816
    1.247    1.472    3.758    3.888    4.517    4.558    8.772    9.113   10.766   10.972
   11.340   11.734   13.025   13.411   14.038   14.502   16.486   16.633
            0.353553  0.611647  0.095459
 -108.152 -108.152  -70.141  -70.141  -51.869  -51.869  -51.869  -51.869   -4.564   -4.556
   -1.387   -1.361   -1.293   -0.987    0.199    0.262    0.434    0.506    0.706    0.818
    1.245    1.470    3.755    3.886    4.507    4.548    8.779    9.123   10.770   10.975
   11.331   11.731   13.009   13.390   14.064   14.529   16.494   16.642
            0.353553  0.613415  0.093692
 -108.152 -108.152  -70.141  -70.141  -51.869  -51.869  -51.869  -51.869   -4.563   -4.556
   -1.386   -1.360   -1.294   -0.986    0.199    0.263    0.434    0.506    0.707    0.821
    1.243    1.467    3.753    3.885    4.497    4.539    8.787    9.134   10.774   10.978
   11.322   11.728   12.994   13.370   14.091   14.556   16.501   16.650
            0.353553  0.615183  0.091924
 -108.152 -108.152  -70.141  -70.141  -51.869  -51.869  -51.869  -51.869   -4.562   -4.555
   -1.386   -1.360   -1.294   -0.985    0.200    0.265    0.433    0.506    0.708    0.823
    1.240    1.465    3.751    3.884    4.488    4.529    8.794    9.144   10.778   10.980
   11.314   11.726   12.979   13.351   14.117   14.583   16.508   16.658
            0.353553  0.616951  0.090156
 -108.152 -108.152  -70.141  -70.141  -51.869  -51.869  -51.869  -51.869   -4.561   -4.554
   -1.385   -1.359   -1.295   -0.985    0.200    0.267    0.432    0.506    0.709    0.825
    1.238    1.462    3.750    3.883    4.478    4.519    8.801    9.154   10.782   10.983
   11.305   11.724   12.963   13.331   14.144   14.610   16.515   16.667
            0.353553  0.618718  0.088388
 -108.152 -108.152  -70.141  -70.141  -51.869  -51.869  -51.869  -51.869   -4.560   -4.553
   -1.384   -1.358   -1.296   -0.984    0.200    0.269    0.431    0.506    0.710    0.828
    1.236    1.460    3.748    3.882    4.468    4.509    8.808    9.163   10.786   10.985
   11.297   11.722   12.948   13.311   14.171   14.637   16.522   16.675
            0.353553  0.620486  0.086621
 -108.152 -108.152  -70.141  -70.141  -51.869  -51.869  -51.869  -51.869   -4.559   -4.552
   -1.384   -1.357   -1.296   -0.983    0.200    0.270    0.430    0.506    0.711    0.830
    1.234    1.457    3.747    3.881    4.458    4.499    8.815    9.173   10.790   10.988
   11.289   11.721   12.933   13.291   14.198   14.664   16.530   16.683
            0.353553  0.622254  0.084853
 -108.152 -108.152  -70.141  -70.141  -51.869  -51.869  -51.869  -51.869   -4.558   -4.551
   -1.383   -1.356   -1.297   -0.982    0.200    0.272    0.429    0.506    0.712    0.832
    1.232    1.454    3.746    3.881    4.449    4.490    8.822    9.183   10.795   10.990
   11.280   11.719   12.918   13.272   14.224   14.691   16.537   16.692
            0.353553  0.624022  0.083085
 -108.152 -108.152  -70.141  -70.141  -51.869  -51.869  -51.869  -51.869   -4.557   -4.550
   -1.383   -1.356   -1.297   -0.981    0.200    0.274    0.428    0.507    0.713    0.835
    1.230    1.452    3.745    3.880    4.439    4.480    8.829    9.192   10.799   10.992
   11.272   11.718   12.903   13.253   14.251   14.718   16.545   16.700
            0.353553  0.625790  0.081317
 -108.152 -108.152  -70.141  -70.141  -51.869  -51.869  -51.869  -51.869   -4.556   -4.549
   -1.382   -1.355   -1.298   -0.981    0.201    0.276    0.428    0.507    0.714    0.837
    1.228    1.449    3.744    3.880    4.430    4.470    8.835    9.201   10.803   10.994
   11.264   11.718   12.889   13.233   14.278   14.745   16.552   16.709
            0.353553  0.627557  0.079550
 -108.152 -108.152  -70.141  -70.141  -51.869  -51.869  -51.869  -51.869   -4.555   -4.548
   -1.382   -1.354   -1.299   -0.980    0.201    0.277    0.427    0.507    0.715    0.840
    1.226    1.446    3.743    3.880    4.420    4.461    8.842    9.210   10.807   10.996
   11.256   11.717   12.874   13.214   14.305   14.772   16.560   16.718
            0.353553  0.629325  0.077782
 -108.152 -108.152  -70.141  -70.141  -51.869  -51.869  -51.869  -51.869   -4.555   -4.547
   -1.381   -1.353   -1.299   -0.979    0.201    0.279    0.426    0.507    0.716    0.842
    1.224    1.443    3.743    3.880    4.411    4.451    8.848    9.219   10.812   10.998
   11.248   11.717   12.860   13.195   14.331   14.799   16.568   16.726
            0.353553  0.631093  0.076014
 -108.152 -108.152  -70.141  -70.141  -51.869  -51.869  -51.869  -51.869   -4.554   -4.546
   -1.381   -1.352   -1.300   -0.978    0.201    0.281    0.425    0.507    0.717    0.845
    1.221    1.440    3.742    3.881    4.401    4.442    8.854    9.228   10.816   11.000
   11.241   11.717   12.846   13.177   14.358   14.825   16.576   16.735
            0.353553  0.632861  0.074246
 -108.152 -108.152  -70.141  -70.141  -51.869  -51.869  -51.869  -51.869   -4.553   -4.546
   -1.380   -1.352   -1.301   -0.977    0.201    0.283    0.424    0.507    0.718    0.847
    1.219    1.437    3.742    3.881    4.392    4.432    8.860    9.236   10.820   11.002
   11.233   11.718   12.832   13.158   14.384   14.852   16.584   16.744
            0.353553  0.634628  0.072478
 -108.152 -108.152  -70.141  -70.141  -51.869  -51.869  -51.869  -51.869   -4.552   -4.545
   -1.380   -1.351   -1.301   -0.977    0.201    0.285    0.423    0.507    0.719    0.850
    1.217    1.434    3.742    3.882    4.382    4.423    8.866    9.245   10.825   11.003
   11.226   11.719   12.818   13.140   14.410   14.878   16.592   16.753
            0.353553  0.636396  0.070711
 -108.152 -108.152  -70.141  -70.141  -51.869  -51.869  -51.869  -51.869   -4.552   -4.544
   -1.379   -1.350   -1.302   -0.976    0.201    0.286    0.422    0.507    0.720    0.852
    1.215    1.431    3.743    3.883    4.373    4.413    8.872    9.253   10.829   11.005
   11.218   11.720   12.804   13.121   14.437   14.904   16.600   16.762
            0.353553  0.638164  0.068943
 -108.152 -108.152  -70.141  -70.141  -51.869  -51.869  -51.869  -51.869   -4.551   -4.543
   -1.379   -1.349   -1.302   -0.975    0.201    0.288    0.421    0.508    0.721    0.855
    1.213    1.428    3.743    3.884    4.364    4.404    8.878    9.261   10.833   11.006
   11.211   11.721   12.791   13.103   14.463   14.930   16.609   16.771
            0.353553  0.639932  0.067175
 -108.152 -108.152  -70.141  -70.141  -51.869  -51.869  -51.869  -51.869   -4.550   -4.543
   -1.378   -1.349   -1.303   -0.975    0.202    0.290    0.420    0.508    0.722    0.857
    1.211    1.425    3.743    3.886    4.355    4.394    8.883    9.269   10.837   11.008
   11.204   11.722   12.778   13.085   14.488   14.956   16.617   16.780
            0.353553  0.641699  0.065407
 -108.152 -108.152  -70.141  -70.141  -51.869  -51.869  -51.869  -51.869   -4.549   -4.542
   -1.378   -1.348   -1.304   -0.974    0.202    0.292    0.419    0.508    0.723    0.860
    1.209    1.422    3.744    3.887    4.346    4.385    8.888    9.277   10.842   11.009
   11.197   11.724   12.765   13.068   14.514   14.981   16.626   16.790
            0.353553  0.643467  0.063640
 -108.152 -108.152  -70.141  -70.141  -51.869  -51.869  -51.869  -51.869   -4.549   -4.541
   -1.377   -1.347   -1.304   -0.973    0.202    0.294    0.418    0.508    0.724    0.863
    1.207    1.419    3.745    3.889    4.337    4.376    8.894    9.284   10.846   11.010
   11.191   11.726   12.752   13.050   14.539   15.006   16.635   16.799
            0.353553  0.645235  0.061872
 -108.152 -108.152  -70.141  -70.141  -51.869  -51.869  -51.869  -51.869   -4.548   -4.540
   -1.377   -1.347   -1.305   -0.973    0.202    0.295    0.417    0.508    0.725    0.865
    1.205    1.416    3.746    3.891    4.328    4.367    8.899    9.292   10.850   11.011
   11.184   11.728   12.740   13.033   14.564   15.031   16.644   16.809
            0.353553  0.647003  0.060104
 -108.152 -108.152  -70.141  -70.141  -51.869  -51.869  -51.869  -51.869   -4.547   -4.540
   -1.376   -1.346   -1.305   -0.972    0.202    0.297    0.416    0.508    0.725    0.868
    1.203    1.413    3.747    3.892    4.319    4.358    8.904    9.299   10.854   11.012
   11.178   11.731   12.728   13.015   14.589   15.056   16.653   16.818
            0.353553  0.648770  0.058336
 -108.152 -108.152  -70.141  -70.141  -51.869  -51.869  -51.869  -51.869   -4.547   -4.539
   -1.376   -1.345   -1.306   -0.971    0.202    0.299    0.415    0.508    0.726    0.870
    1.201    1.410    3.748    3.895    4.310    4.349    8.909    9.306   10.858   11.013
   11.171   11.733   12.716   12.998   14.614   15.080   16.663   16.828
            0.353553  0.650538  0.056569
 -108.152 -108.152  -70.141  -70.141  -51.869  -51.869  -51.869  -51.869   -4.546   -4.538
   -1.376   -1.345   -1.306   -0.971    0.202    0.301    0.414    0.508    0.727    0.873
    1.200    1.406    3.750    3.897    4.302    4.340    8.913    9.313   10.862   11.014
   11.165   11.736   12.704   12.982   14.638   15.104   16.672   16.838
            0.353553  0.652306  0.054801
 -108.152 -108.152  -70.141  -70.141  -51.869  -51.869  -51.869  -51.869   -4.545   -4.538
   -1.375   -1.344   -1.307   -0.970    0.202    0.302    0.413    0.508    0.728    0.875
    1.198    1.403    3.751    3.899    4.293    4.331    8.918    9.319   10.866   11.015
   11.160   11.739   12.693   12.965   14.662   15.128   16.682   16.848
            0.353553  0.654074  0.053033
 -108.152 -108.152  -70.141  -70.141  -51.869  -51.869  -51.869  -51.869   -4.545   -4.537
   -1.375   -1.343   -1.308   -0.970    0.202    0.304    0.412    0.508    0.729    0.877
    1.196    1.400    3.753    3.902    4.285    4.322    8.922    9.326   10.869   11.016
   11.154   11.742   12.682   12.949   14.686   15.151   16.692   16.858
            0.353553  0.655842  0.051265
 -108.152 -108.152  -70.141  -70.141  -51.869  -51.869  -51.869  -51.869   -4.544   -4.537
   -1.374   -1.343   -1.308   -0.969    0.202    0.306    0.411    0.509    0.730    0.880
    1.194    1.397    3.754    3.905    4.276    4.313    8.927    9.332   10.873   11.017
   11.148   11.746   12.671   12.933   14.709   15.173   16.703   16.868
            0.353553  0.657609  0.049497
 -108.152 -108.152  -70.141  -70.141  -51.869  -51.869  -51.869  -51.869   -4.544   -4.536
   -1.374   -1.342   -1.309   -0.969    0.202    0.308    0.410    0.509    0.731    0.882
    1.193    1.394    3.756    3.907    4.268    4.305    8.931    9.338   10.876   11.017
   11.143   11.749   12.661   12.917   14.732   15.196   16.713   16.879
            0.353553  0.659377  0.047730
 -108.152 -108.152  -70.141  -70.141  -51.869  -51.869  -51.869  -51.869   -4.543   -4.535
   -1.374   -1.341   -1.309   -0.968    0.202    0.309    0.408    0.509    0.731    0.885
    1.191    1.391    3.758    3.911    4.260    4.296    8.935    9.344   10.880   11.018
   11.138   11.753   12.651   12.901   14.754   15.217   16.724   16.890
            0.353553  0.661145  0.045962
 -108.152 -108.152  -70.141  -70.141  -51.869  -51.869  -51.869  -51.869   -4.543   -4.535
   -1.373   -1.341   -1.310   -0.968    0.202    0.311    0.407    0.509    0.732    0.887
    1.190    1.388    3.760    3.914    4.252    4.288    8.939    9.350   10.883   11.018
   11.134   11.757   12.642   12.886   14.776   15.238   16.735   16.900
            0.353553  0.662913  0.044194
 -108.152 -108.152  -70.141  -70.141  -51.869  -51.869  -51.869  -51.869   -4.542   -4.534
   -1.373   -1.340   -1.310   -0.967    0.203    0.313    0.406    0.509    0.733    0.889
    1.188    1.385    3.762    3.917    4.244    4.280    8.942    9.356   10.886   11.019
   11.129   11.761   12.632   12.871   14.798   15.259   16.746   16.911
            0.353553  0.664680  0.042426
 -108.152 -108.152  -70.141  -70.141  -51.869  -51.869  -51.869  -51.869   -4.542   -4.534
   -1.372   -1.340   -1.311   -0.967    0.203    0.314    0.405    0.509    0.734    0.891
    1.187    1.382    3.764    3.920    4.236    4.272    8.946    9.361   10.889   11.019
   11.125   11.764   12.624   12.856   14.819   15.279   16.758   16.922
            0.353553  0.666448  0.040659
 -108.152 -108.152  -70.141  -70.141  -51.869  -51.869  -51.869  -51.869   -4.541   -4.533
   -1.372   -1.339   -1.311   -0.966    0.203    0.316    0.404    0.509    0.734    0.894
    1.185    1.379    3.766    3.924    4.228    4.264    8.949    9.366   10.892   11.019
   11.121   11.768   12.615   12.842   14.839   15.299   16.770   16.934
            0.353553  0.668216  0.038891
 -108.152 -108.152  -70.141  -70.141  -51.869  -51.869  -51.869  -51.869   -4.541   -4.533
   -1.372   -1.338   -1.312   -0.966    0.203    0.318    0.403    0.509    0.735    0.896
    1.184    1.377    3.768    3.928    4.221    4.256    8.953    9.371   10.895   11.020
   11.117   11.772   12.607   12.828   14.859   15.318   16.782   16.945
            0.353553  0.669984  0.037123
 -108.152 -108.152  -70.141  -70.141  -51.869  -51.869  -51.869  -51.869   -4.540   -4.532
   -1.372   -1.338   -1.312   -0.965    0.203    0.319    0.402    0.509    0.736    0.898
    1.183    1.374    3.771    3.931    4.213    4.248    8.956    9.376   10.897   11.020
   11.114   11.776   12.599   12.814   14.878   15.336   16.794   16.957
            0.353553  0.671751  0.035355
 -108.152 -108.152  -70.141  -70.141  -51.869  -51.869  -51.869  -51.869   -4.540   -4.532
   -1.371   -1.337   -1.313   -0.965    0.203    0.321    0.401    0.509    0.736    0.900
    1.181    1.371    3.773    3.935    4.206    4.241    8.959    9.380   10.899   11.020
   11.111   11.780   12.592   12.801   14.897   15.353   16.807   16.969
            0.353553  0.673519  0.033588
 -108.152 -108.152  -70.141  -70.141  -51.869  -51.869  -51.869  -51.869   -4.539   -4.532
   -1.371   -1.337   -1.313   -0.965    0.203    0.322    0.400    0.509    0.737    0.902
    1.180    1.369    3.775    3.939    4.199    4.233    8.962    9.385   10.902   11.020
   11.108   11.784   12.585   12.787   14.915   15.370   16.820   16.981
            0.353553  0.675287  0.031820
 -108.152 -108.152  -70.141  -70.141  -51.869  -51.869  -51.869  -51.869   -4.539   -4.531
   -1.371   -1.336   -1.314   -0.964    0.203    0.324    0.398    0.509    0.738    0.903
    1.179    1.366    3.777    3.943    4.191    4.226    8.964    9.389   10.904   11.019
   11.105   11.788   12.579   12.775   14.932   15.386   16.833   16.993
            0.353553  0.677055  0.030052
 -108.152 -108.152  -70.141  -70.141  -51.869  -51.869  -51.869  -51.869   -4.539   -4.531
   -1.370   -1.336   -1.314   -0.964    0.203    0.325    0.397    0.509    0.738    0.905
    1.178    1.364    3.780    3.947    4.184    4.219    8.967    9.393   10.906   11.019
   11.103   11.792   12.573   12.763   14.949   15.402   16.846   17.005
            0.353553  0.678823  0.028284
 -108.152 -108.152  -70.141  -70.141  -51.869  -51.869  -51.869  -51.869   -4.538   -4.531
   -1.370   -1.335   -1.315   -0.964    0.203    0.327    0.396    0.509    0.739    0.907
    1.177    1.361    3.782    3.952    4.178    4.213    8.969    9.396   10.907   11.019
   11.101   11.796   12.568   12.751   14.965   15.416   16.860   17.017
            0.353553  0.680590  0.026517
 -108.152 -108.152  -70.141  -70.141  -51.869  -51.869  -51.869  -51.869   -4.538   -4.530
   -1.370   -1.335   -1.315   -0.963    0.203    0.328    0.395    0.509    0.739    0.909
    1.176    1.359    3.784    3.956    4.171    4.206    8.972    9.400   10.909   11.019
   11.099   11.800   12.563   12.739   14.980   15.430   16.873   17.030
            0.353553  0.682358  0.024749
 -108.152 -108.152  -70.141  -70.141  -51.869  -51.869  -51.869  -51.869   -4.538   -4.530
   -1.370   -1.334   -1.315   -0.963    0.203    0.330    0.394    0.509    0.740    0.910
    1.176    1.357    3.786    3.960    4.164    4.200    8.974    9.403   10.911   11.018
   11.097   11.803   12.558   12.728   14.994   15.443   16.887   17.042
            0.353553  0.684126  0.022981
 -108.152 -108.152  -70.141  -70.141  -51.869  -51.869  -51.869  -51.869   -4.538   -4.530
   -1.369   -1.334   -1.316   -0.963    0.203    0.331    0.393    0.509    0.740    0.912
    1.175    1.355    3.788    3.965    4.158    4.195    8.976    9.406   10.912   11.018
   11.096   11.807   12.554   12.718   15.007   15.455   16.900   17.055
            0.353553  0.685894  0.021213
 -108.152 -108.152  -70.141  -70.141  -51.869  -51.869  -51.869  -51.869   -4.537   -4.529
   -1.369   -1.333   -1.316   -0.962    0.203    0.332    0.392    0.509    0.741    0.913
    1.174    1.353    3.790    3.969    4.151    4.189    8.978    9.409   10.913   11.017
   11.095   11.810   12.550   12.708   15.020   15.466   16.914   17.067
            0.353553  0.687661  0.019445
 -108.152 -108.152  -70.141  -70.141  -51.869  -51.869  -51.869  -51.869   -4.537   -4.529
   -1.369   -1.333   -1.317   -0.962    0.203    0.333    0.391    0.509    0.741    0.914
    1.173    1.351    3.792    3.974    4.145    4.184    8.979    9.412   10.914   11.016
   11.094   11.813   12.547   12.699   15.032   15.477   16.927   17.079
            0.353553  0.689429  0.017678
 -108.152 -108.152  -70.141  -70.141  -51.869  -51.869  -51.869  -51.869   -4.537   -4.529
   -1.369   -1.333   -1.317   -0.962    0.203    0.334    0.390    0.509    0.742    0.915
    1.173    1.350    3.794    3.978    4.139    4.179    8.981    9.414   10.915   11.016
   11.093   11.816   12.544   12.690   15.042   15.486   16.940   17.091
            0.353553  0.691197  0.015910
 -108.152 -108.152  -70.141  -70.141  -51.869  -51.869  -51.869  -51.869   -4.537   -4.529
   -1.369   -1.332   -1.317   -0.962    0.203    0.336    0.390    0.510    0.742    0.916
    1.172    1.348    3.796    3.982    4.134    4.175    8.982    9.416   10.916   11.015
   11.093   11.819   12.542   12.682   15.052   15.495   16.953   17.103
            0.353553  0.692965  0.014142
 -108.152 -108.152  -70.141  -70.141  -51.869  -51.869  -51.869  -51.869   -4.536   -4.529
   -1.369   -1.332   -1.318   -0.962    0.203    0.337    0.389    0.510    0.742    0.917
    1.172    1.347    3.797    3.986    4.128    4.171    8.984    9.418   10.917   11.015
   11.092   11.821   12.540   12.675   15.061   15.503   16.965   17.113
            0.353553  0.694732  0.012374
 -108.152 -108.152  -70.141  -70.141  -51.869  -51.869  -51.869  -51.869   -4.536   -4.528
   -1.369   -1.332   -1.318   -0.962    0.203    0.337    0.388    0.510    0.742    0.918
    1.171    1.346    3.799    3.990    4.123    4.168    8.985    9.420   10.918   11.014
   11.092   11.824   12.538   12.668   15.069   15.510   16.976   17.123
            0.353553  0.696500  0.010607
 -108.152 -108.152  -70.141  -70.141  -51.869  -51.869  -51.869  -51.869   -4.536   -4.528
   -1.368   -1.331   -1.318   -0.961    0.203    0.338    0.387    0.510    0.743    0.919
    1.171    1.345    3.800    3.994    4.118    4.165    8.986    9.421   10.918   11.013
   11.092   11.825   12.537   12.662   15.076   15.516   16.986   17.131
            0.353553  0.698268  0.008839
 -108.152 -108.152  -70.141  -70.141  -51.869  -51.869  -51.869  -51.869   -4.536   -4.528
   -1.368   -1.331   -1.318   -0.961    0.203    0.339    0.387    0.510    0.743    0.919
    1.171    1.344    3.801    3.998    4.114    4.162    8.987    9.423   10.919   11.013
   11.092   11.827   12.535   12.657   15.082   15.521   16.995   17.138
            0.353553  0.700036  0.007071
 -108.152 -108.152  -70.141  -70.141  -51.869  -51.869  -51.869  -51.869   -4.536   -4.528
   -1.368   -1.331   -1.319   -0.961    0.203    0.339    0.386    0.510    0.743    0.920
    1.171    1.343    3.802    4.001    4.110    4.160    8.987    9.424   10.919   11.013
   11.092   11.828   12.535   12.653   15.086   15.525   17.003   17.144
            0.353553  0.701803  0.005303
 -108.152 -108.152  -70.141  -70.141  -51.869  -51.869  -51.869  -51.869   -4.536   -4.528
   -1.368   -1.331   -1.319   -0.961    0.203    0.340    0.386    0.510    0.743    0.920
    1.170    1.342    3.803    4.003    4.107    4.158    8.988    9.424   10.919   11.012
   11.091   11.830   12.534   12.649   15.090   15.528   17.009   17.148
            0.353553  0.703571  0.003536
 -108.152 -108.152  -70.141  -70.141  -51.869  -51.869  -51.869  -51.869   -4.536   -4.528
   -1.368   -1.331   -1.319   -0.961    0.203    0.340    0.386    0.510    0.743    0.921
    1.170    1.342    3.803    4.005    4.105    4.157    8.988    9.425   10.919   11.012
   11.091   11.830   12.534   12.647   15.093   15.531   17.014   17.152
            0.353553  0.705339  0.001768
 -108.152 -108.152  -70.141  -70.141  -51.869  -51.869  -51.869  -51.869   -4.536   -4.528
   -1.368   -1.331   -1.319   -0.961    0.203    0.340    0.386    0.510    0.743    0.921
    1.170    1.342    3.803    4.006    4.103    4.156    8.988    9.425   10.920   11.012
   11.091   11.831   12.533   12.645   15.094   15.532   17.016   17.153
            0.353553  0.707107  0.000000
 -108.152 -108.152  -70.141  -70.141  -51.869  -51.869  -51.869  -51.869   -4.536   -4.528
   -1.368   -1.331   -1.319   -0.961    0.203    0.341    0.386    0.510    0.743    0.921
    1.170    1.342    3.804    4.007    4.103    4.156    8.988    9.425   10.920   11.012
   11.091   11.831   12.533   12.645   15.095   15.533   17.017   17.154
            0.350607  0.707107  0.000000
 -108.152 -108.152  -70.141  -70.141  -51.869  -51.869  -51.869  -51.869   -4.536   -4.528
   -1.368   -1.331   -1.319   -0.961    0.203    0.341    0.386    0.510    0.743    0.921
    1.170    1.342    3.804    4.007    4.103    4.156    8.988    9.425   10.919   11.001
   11.102   11.832   12.534   12.645   15.095   15.532   17.017   17.154
            0.347661  0.707107  0.000000
 -108.152 -108.152  -70.141  -70.141  -51.869  -51.869  -51.869  -51.869   -4.536   -4.528
   -1.368   -1.331   -1.319   -0.961    0.203    0.341    0.385    0.510    0.743    0.921
    1.170    1.342    3.804    4.007    4.103    4.156    8.988    9.424   10.915   10.978
   11.126   11.835   12.535   12.646   15.095   15.532   17.017   17.153
            0.344715  0.707107  0.000000
 -108.152 -108.152  -70.141  -70.141  -51.869  -51.869  -51.869  -51.869   -4.536   -4.528
   -1.368   -1.331   -1.319   -0.961    0.203    0.341    0.385    0.510    0.743    0.921
    1.170    1.342    3.804    4.007    4.103    4.157    8.987    9.423   10.910   10.951
   11.154   11.841   12.536   12.647   15.095   15.532   17.017   17.153
            0.341768  0.707107  0.000000
 -108.152 -108.152  -70.141  -70.141  -51.869  -51.869  -51.869  -51.869   -4.536   -4.528
   -1.369   -1.331   -1.318   -0.961    0.203    0.341    0.385    0.510    0.743    0.921
    1.171    1.342    3.804    4.008    4.103    4.157    8.986    9.421   10.903   10.922
   11.183   11.849   12.539   12.649   15.094   15.532   17.017   17.152
            0.338822  0.707107  0.000000
 -108.152 -108.152  -70.141  -70.141  -51.869  -51.869  -51.869  -51.869   -4.536   -4.528
   -1.369   -1.331   -1.318   -0.961    0.203    0.341    0.385    0.510    0.744    0.920
    1.171    1.342    3.805    4.008    4.103    4.158    8.984    9.419   10.893   10.894
   11.214   11.859   12.542   12.651   15.094   15.531   17.016   17.151
            0.335876  0.707107  0.000000
 -108.152 -108.152  -70.141  -70.141  -51.869  -51.869  -51.869  -51.869   -4.536   -4.528
   -1.369   -1.331   -1.318   -0.962    0.203    0.340    0.384    0.510    0.744    0.920
    1.171    1.342    3.805    4.008    4.103    4.159    8.982    9.417   10.863   10.883
   11.245   11.870   12.546   12.653   15.093   15.531   17.016   17.149
            0.332929  0.707107  0.000000
 -108.152 -108.152  -70.141  -70.141  -51.869  -51.869  -51.869  -51.869   -4.536   -4.528
   -1.369   -1.331   -1.317   -0.962    0.203    0.340    0.383    0.510    0.744    0.920
    1.172    1.342    3.806    4.009    4.103    4.159    8.980    9.413   10.833   10.871
   11.276   11.884   12.550   12.656   15.093   15.530   17.015   17.147
            0.329983  0.707107  0.000000
 -108.152 -108.152  -70.141  -70.141  -51.869  -51.869  -51.869  -51.869   -4.536   -4.528
   -1.370   -1.331   -1.316   -0.962    0.203    0.340    0.383    0.510    0.744    0.919
    1.172    1.342    3.807    4.010    4.103    4.160    8.977    9.410   10.804   10.857
   11.308   11.899   12.555   12.660   15.092   15.530   17.015   17.145
            0.327037  0.707107  0.000000
 -108.152 -108.152  -70.141  -70.141  -51.869  -51.869  -51.869  -51.869   -4.536   -4.528
   -1.370   -1.331   -1.316   -0.962    0.203    0.340    0.382    0.510    0.744    0.919
    1.173    1.342    3.808    4.011    4.104    4.161    8.974    9.405   10.774   10.842
   11.340   11.915   12.561   12.664   15.091   15.529   17.014   17.143
            0.324091  0.707107  0.000000
 -108.152 -108.152  -70.141  -70.141  -51.869  -51.869  -51.869  -51.869   -4.536   -4.528
   -1.371   -1.331   -1.315   -0.962    0.203    0.340    0.381    0.510    0.744    0.919
    1.173    1.342    3.809    4.012    4.104    4.163    8.971    9.401   10.745   10.826
   11.372   11.933   12.568   12.668   15.090   15.528   17.013   17.141
            0.321144  0.707107  0.000000
 -108.152 -108.152  -70.141  -70.141  -51.869  -51.869  -51.869  -51.869   -4.536   -4.528
   -1.371   -1.331   -1.314   -0.963    0.202    0.340    0.381    0.510    0.744    0.918
    1.174    1.342    3.810    4.013    4.104    4.164    8.968    9.396   10.715   10.808
   11.404   11.953   12.575   12.673   15.089   15.527   17.013   17.138
            0.318198  0.707107  0.000000
 -108.152 -108.152  -70.141  -70.141  -51.869  -51.869  -51.869  -51.869   -4.536   -4.528
   -1.372   -1.332   -1.313   -0.963    0.202    0.340    0.380    0.511    0.744    0.918
    1.175    1.343    3.811    4.014    4.104    4.165    8.964    9.390   10.686   10.790
   11.436   11.973   12.583   12.679   15.088   15.526   17.012   17.135
            0.315252  0.707107  0.000000
 -108.152 -108.152  -70.141  -70.141  -51.869  -51.869  -51.869  -51.869   -4.536   -4.528
   -1.372   -1.332   -1.313   -0.963    0.202    0.340    0.379    0.511    0.745    0.917
    1.176    1.343    3.812    4.015    4.105    4.167    8.960    9.384   10.657   10.771
   11.469   11.994   12.591   12.684   15.087   15.525   17.011   17.133
            0.312305  0.707107  0.000000
 -108.152 -108.152  -70.141  -70.141  -51.869  -51.869  -51.869  -51.869   -4.536   -4.528
   -1.373   -1.332   -1.312   -0.963    0.202    0.340    0.377    0.511    0.745    0.917
    1.176    1.343    3.814    4.016    4.105    4.169    8.955    9.378   10.628   10.750
   11.501   12.017   12.601   12.691   15.086   15.524   17.010   17.130
            0.309359  0.707107  0.000000
 -108.152 -108.152  -70.141  -70.141  -51.869  -51.869  -51.869  -51.869   -4.536   -4.528
   -1.373   -1.332   -1.311   -0.964    0.202    0.340    0.376    0.511    0.745    0.916
    1.177    1.343    3.815    4.017    4.105    4.170    8.950    9.371   10.599   10.730
   11.534   12.040   12.611   12.697   15.084   15.522   17.008   17.126
            0.306413  0.707107  0.000000
 -108.152 -108.152  -70.141  -70.141  -51.869  -51.869  -51.869  -51.869   -4.536   -4.528
   -1.374   -1.332   -1.310   -0.964    0.201    0.340    0.375    0.511    0.745    0.915
    1.178    1.343    3.817    4.019    4.106    4.172    8.945    9.364   10.570   10.708
   11.567   12.064   12.621   12.704   15.083   15.521   17.007   17.123
            0.303467  0.707107  0.000000
 -108.152 -108.152  -70.141  -70.141  -51.869  -51.869  -51.869  -51.869   -4.536   -4.528
   -1.374   -1.333   -1.309   -0.964    0.201    0.340    0.374    0.511    0.745    0.915
    1.179    1.344    3.819    4.020    4.106    4.174    8.940    9.356   10.542   10.686
   11.600   12.088   12.632   12.712   15.081   15.520   17.006   17.120
            0.300520  0.707107  0.000000
 -108.152 -108.152  -70.141  -70.141  -51.869  -51.869  -51.869  -51.869   -4.536   -4.528
   -1.375   -1.333   -1.307   -0.965    0.201    0.340    0.372    0.512    0.746    0.914
    1.180    1.344    3.820    4.022    4.106    4.176    8.934    9.348   10.513   10.664
   11.633   12.114   12.644   12.720   15.080   15.518   17.004   17.116
            0.297574  0.707107  0.000000
 -108.152 -108.152  -70.141  -70.141  -51.869  -51.869  -51.869  -51.869   -4.536   -4.528
   -1.376   -1.333   -1.306   -0.965    0.201    0.340    0.371    0.512    0.746    0.913
    1.182    1.344    3.822    4.024    4.107    4.178    8.928    9.339   10.485   10.641
   11.666   12.139   12.656   12.728   15.078   15.516   17.003   17.112
            0.294628  0.707107  0.000000
 -108.152 -108.152  -70.141  -70.141  -51.869  -51.869  -51.869  -51.869   -4.536   -4.528
   -1.376   -1.333   -1.305   -0.966    0.200    0.340    0.369    0.512    0.746    0.913
    1.183    1.344    3.824    4.026    4.107    4.180    8.922    9.331   10.457   10.618
   11.699   12.165   12.669   12.737   15.076   15.515   17.002   17.108
            0.291682  0.707107 -0.000000
 -108.152 -108.152  -70.141  -70.141  -51.869  -51.869  -51.869  -51.869   -4.536   -4.528
   -1.377   -1.334   -1.304   -0.966    0.200    0.340    0.368    0.512    0.746    0.912
    1.184    1.345    3.826    4.028    4.108    4.183    8.915    9.321   10.429   10.595
   11.732   12.192   12.683   12.746   15.074   15.513   17.000   17.105
            0.288735  0.707107  0.000000
 -108.152 -108.152  -70.141  -70.141  -51.869  -51.869  -51.869  -51.869   -4.536   -4.528
   -1.377   -1.334   -1.303   -0.967    0.200    0.340    0.366    0.512    0.747    0.911
    1.185    1.345    3.829    4.030    4.109    4.185    8.908    9.312   10.401   10.571
   11.766   12.219   12.697   12.756   15.072   15.511   16.998   17.100
            0.285789  0.707107  0.000000
 -108.152 -108.152  -70.141  -70.141  -51.869  -51.869  -51.869  -51.869   -4.536   -4.528
   -1.378   -1.334   -1.301   -0.967    0.199    0.341    0.365    0.512    0.747    0.910
    1.187    1.345    3.831    4.032    4.109    4.187    8.901    9.302   10.374   10.547
   11.799   12.246   12.712   12.766   15.070   15.509   16.997   17.096
            0.282843  0.707107  0.000000
 -108.152 -108.152  -70.141  -70.141  -51.869  -51.869  -51.869  -51.869   -4.536   -4.528
   -1.379   -1.334   -1.300   -0.968    0.199    0.341    0.363    0.513    0.747    0.909
    1.188    1.345    3.833    4.034    4.110    4.190    8.894    9.292   10.346   10.523
   11.833   12.273   12.728   12.776   15.068   15.507   16.995   17.092
            0.279896  0.707107  0.000000
 -108.152 -108.152  -70.141  -70.141  -51.869  -51.869  -51.869  -51.869   -4.536   -4.528
   -1.379   -1.335   -1.299   -0.968    0.199    0.341    0.361    0.513    0.748    0.908
    1.189    1.346    3.836    4.036    4.111    4.193    8.886    9.281   10.319   10.499
   11.866   12.301   12.744   12.787   15.066   15.505   16.993   17.088
            0.276950  0.707107 -0.000000
 -108.152 -108.152  -70.141  -70.141  -51.869  -51.869  -51.869  -51.869   -4.535   -4.528
   -1.380   -1.335   -1.297   -0.969    0.198    0.341    0.359    0.513    0.748    0.907
    1.191    1.346    3.838    4.039    4.112    4.195    8.879    9.270   10.292   10.475
   11.900   12.329   12.761   12.798   15.063   15.503   16.991   17.083
            0.274004  0.707107  0.000000
 -108.152 -108.152  -70.141  -70.141  -51.869  -51.869  -51.869  -51.869   -4.535   -4.528
   -1.381   -1.335   -1.296   -0.970    0.198    0.341    0.358    0.513    0.748    0.906
    1.192    1.346    3.841    4.041    4.113    4.198    8.871    9.259   10.265   10.451
   11.934   12.356   12.778   12.809   15.061   15.500   16.989   17.079
            0.271058  0.707107  0.000000
 -108.152 -108.152  -70.141  -70.141  -51.869  -51.869  -51.869  -51.869   -4.535   -4.528
   -1.381   -1.336   -1.294   -0.970    0.197    0.341    0.356    0.513    0.749    0.905
    1.194    1.347    3.844    4.044    4.113    4.201    8.863    9.248   10.239   10.426
   11.967   12.384   12.796   12.821   15.058   15.498   16.987   17.074
            0.268111  0.707107 -0.000000
 -108.152 -108.152  -70.141  -70.141  -51.869  -51.869  -51.869  -51.869   -4.535   -4.528
   -1.382   -1.336   -1.293   -0.971    0.197    0.341    0.354    0.513    0.749    0.904
    1.196    1.347    3.846    4.046    4.114    4.204    8.854    9.236   10.212   10.402
   12.001   12.413   12.815   12.833   15.056   15.496   16.985   17.069
            0.265165  0.707107  0.000000
 -108.152 -108.152  -70.141  -70.141  -51.869  -51.869  -51.869  -51.869   -4.535   -4.528
   -1.383   -1.336   -1.291   -0.972    0.196    0.341    0.352    0.513    0.749    0.903
    1.197    1.347    3.849    4.049    4.115    4.206    8.846    9.224   10.186   10.377
   12.035   12.441   12.834   12.845   15.053   15.493   16.982   17.065
            0.262219  0.707107  0.000000
 -108.152 -108.152  -70.141  -70.141  -51.869  -51.869  -51.869  -51.869   -4.535   -4.528
   -1.383   -1.337   -1.290   -0.972    0.196    0.342    0.350    0.513    0.750    0.902
    1.199    1.348    3.852    4.052    4.116    4.209    8.837    9.212   10.160   10.353
   12.069   12.469   12.853   12.858   15.050   15.490   16.980   17.060
            0.259272  0.707107  0.000000
 -108.152 -108.152  -70.141  -70.141  -51.869  -51.869  -51.869  -51.869   -4.535   -4.528
   -1.384   -1.337   -1.288   -0.973    0.195    0.342    0.348    0.514    0.750    0.901
    1.201    1.348    3.855    4.054    4.117    4.212    8.828    9.200   10.134   10.328
   12.103   12.497   12.871   12.874   15.047   15.488   16.978   17.055
            0.256326  0.707107  0.000000
 -108.152 -108.152  -70.141  -70.141  -51.869  -51.869  -51.869  -51.869   -4.535   -4.528
   -1.384   -1.338   -1.287   -0.974    0.195    0.342    0.345    0.514    0.750    0.899
    1.202    1.348    3.858    4.057    4.119    4.216    8.819    9.187   10.109   10.304
   12.137   12.525   12.884   12.895   15.044   15.485   16.975   17.050
            0.253380  0.707107  0.000000
 -108.152 -108.152  -70.141  -70.141  -51.869  -51.869  -51.869  -51.869   -4.535   -4.528
   -1.385   -1.338   -1.285   -0.975    0.194    0.342    0.343    0.514    0.751    0.898
    1.204    1.349    3.862    4.060    4.120    4.219    8.809    9.174   10.083   10.279
   12.171   12.553   12.898   12.916   15.041   15.482   16.973   17.045
            0.250434  0.707107  0.000000
 -108.152 -108.152  -70.141  -70.141  -51.869  -51.869  -51.869  -51.869   -4.535   -4.528
   -1.386   -1.339   -1.283   -0.975    0.194    0.341    0.343    0.514    0.751    0.897
    1.206    1.349    3.865    4.063    4.121    4.222    8.800    9.161   10.058   10.255
   12.205   12.581   12.912   12.938   15.038   15.479   16.970   17.039
            0.247487  0.707107  0.000000
 -108.152 -108.152  -70.141  -70.141  -51.869  -51.869  -51.869  -51.869   -4.535   -4.528
   -1.386   -1.339   -1.282   -0.976    0.193    0.339    0.343    0.514    0.751    0.896
    1.208    1.350    3.868    4.067    4.122    4.225    8.790    9.148   10.033   10.231
   12.239   12.608   12.926   12.961   15.035   15.476   16.967   17.034
            0.244541  0.707107  0.000000
 -108.152 -108.152  -70.141  -70.141  -51.869  -51.869  -51.869  -51.869   -4.535   -4.528
   -1.387   -1.339   -1.280   -0.977    0.193    0.337    0.343    0.514    0.752    0.894
    1.210    1.350    3.872    4.070    4.124    4.228    8.781    9.135   10.008   10.206
   12.273   12.636   12.941   12.984   15.032   15.473   16.965   17.029
            0.241595  0.707107  0.000000
 -108.152 -108.152  -70.141  -70.141  -51.869  -51.869  -51.869  -51.869   -4.535   -4.528
   -1.387   -1.340   -1.279   -0.978    0.192    0.334    0.344    0.514    0.752    0.893
    1.212    1.350    3.875    4.073    4.125    4.232    8.771    9.121    9.984   10.182
   12.307   12.663   12.955   13.008   15.028   15.470   16.962   17.024
            0.238649  0.707107  0.000000
 -108.152 -108.152  -70.141  -70.141  -51.869  -51.869  -51.869  -51.869   -4.535   -4.528
   -1.388   -1.340   -1.277   -0.979    0.191    0.332    0.344    0.514    0.753    0.892
    1.214    1.351    3.879    4.077    4.126    4.235    8.761    9.107    9.959   10.158
   12.341   12.691   12.970   13.032   15.025   15.467   16.959   17.018
            0.235702  0.707107  0.000000
 -108.152 -108.152  -70.141  -70.141  -51.869  -51.869  -51.869  -51.869   -4.535   -4.528
   -1.389   -1.341   -1.275   -0.980    0.191    0.330    0.344    0.514    0.753    0.890
    1.216    1.351    3.882    4.080    4.128    4.238    8.751    9.094    9.935   10.134
   12.375   12.718   12.986   13.057   15.021   15.464   16.956   17.013
            0.232756  0.707107  0.000000
 -108.152 -108.152  -70.141  -70.141  -51.869  -51.869  -51.869  -51.869   -4.535   -4.528
   -1.389   -1.341   -1.273   -0.981    0.190    0.328    0.345    0.514    0.753    0.889
    1.217    1.352    3.886    4.084    4.129    4.242    8.741    9.080    9.911   10.110
   12.410   12.745   13.001   13.083   15.017   15.460   16.953   17.007
            0.229810  0.707107  0.000000
 -108.152 -108.152  -70.141  -70.141  -51.869  -51.869  -51.869  -51.869   -4.535   -4.528
   -1.390   -1.342   -1.272   -0.982    0.189    0.325    0.345    0.514    0.754    0.888
    1.219    1.352    3.890    4.087    4.131    4.245    8.730    9.066    9.888   10.087
   12.444   12.772   13.017   13.109   15.014   15.457   16.950   17.002
            0.226863  0.707107 -0.000000
 -108.152 -108.152  -70.141  -70.141  -51.869  -51.869  -51.869  -51.869   -4.535   -4.528
   -1.390   -1.342   -1.270   -0.983    0.189    0.323    0.346    0.514    0.754    0.886
    1.222    1.353    3.894    4.091    4.132    4.249    8.720    9.051    9.864   10.063
   12.478   12.798   13.033   13.135   15.010   15.453   16.947   16.996
            0.223917  0.707107  0.000000
 -108.152 -108.152  -70.141  -70.141  -51.869  -51.869  -51.869  -51.869   -4.535   -4.528
   -1.391   -1.343   -1.268   -0.984    0.188    0.320    0.346    0.514    0.754    0.885
    1.224    1.353    3.898    4.095    4.134    4.252    8.710    9.037    9.841   10.039
   12.512   12.824   13.049   13.162   15.006   15.450   16.944   16.991
            0.220971  0.707107  0.000000
 -108.152 -108.152  -70.141  -70.141  -51.869  -51.869  -51.869  -51.869   -4.535   -4.528
   -1.391   -1.343   -1.266   -0.985    0.187    0.318    0.347    0.513    0.755    0.883
    1.226    1.353    3.901    4.098    4.135    4.256    8.699    9.023    9.818   10.016
   12.546   12.851   13.066   13.190   15.002   15.446   16.940   16.985
            0.218025  0.707107  0.000000
 -108.152 -108.152  -70.141  -70.141  -51.869  -51.869  -51.869  -51.869   -4.535   -4.528
   -1.392   -1.344   -1.265   -0.986    0.187    0.316    0.347    0.513    0.755    0.882
    1.228    1.354    3.905    4.102    4.137    4.259    8.689    9.008    9.795    9.993
   12.580   12.877   13.082   13.218   14.998   15.442   16.937   16.979
            0.215078  0.707107  0.000000
 -108.152 -108.152  -70.141  -70.141  -51.869  -51.869  -51.869  -51.869   -4.535   -4.528
   -1.392   -1.344   -1.263   -0.987    0.186    0.313    0.348    0.513    0.756    0.881
    1.230    1.354    3.910    4.106    4.139    4.263    8.678    8.994    9.773    9.970
   12.614   12.902   13.099   13.246   14.994   15.438   16.933   16.973
            0.212132  0.707107  0.000000
 -108.152 -108.152  -70.141  -70.141  -51.869  -51.869  -51.869  -51.869   -4.535   -4.528
   -1.393   -1.345   -1.261   -0.988    0.185    0.311    0.349    0.513    0.756    0.879
    1.232    1.355    3.914    4.110    4.140    4.266    8.667    8.979    9.751    9.947
   12.648   12.928   13.116   13.275   14.989   15.435   16.930   16.968
            0.209186  0.707107  0.000000
 -108.152 -108.152  -70.141  -70.141  -51.869  -51.869  -51.869  -51.869   -4.535   -4.528
   -1.393   -1.346   -1.259   -0.989    0.184    0.308    0.349    0.513    0.756    0.878
    1.234    1.355    3.918    4.114    4.142    4.270    8.657    8.965    9.729    9.924
   12.681   12.953   13.134   13.304   14.985   15.431   16.926   16.962
            0.206239  0.707107  0.000000
 -108.152 -108.152  -70.141  -70.141  -51.869  -51.869  -51.869  -51.869   -4.535   -4.528
   -1.393   -1.346   -1.257   -0.990    0.184    0.306    0.350    0.513    0.757    0.876
    1.236    1.356    3.922    4.118    4.144    4.274    8.646    8.950    9.707    9.902
   12.715   12.978   13.151   13.333   14.981   15.427   16.923   16.956
            0.203293  0.707107 -0.000000
 -108.152 -108.152  -70.141  -70.141  -51.869  -51.869  -51.869  -51.869   -4.535   -4.528
   -1.394   -1.347   -1.256   -0.991    0.183    0.303    0.351    0.512    0.757    0.875
    1.238    1.356    3.926    4.122    4.145    4.277    8.635    8.935    9.685    9.879
   12.749   13.003   13.169   13.363   14.976   15.423   16.919   16.950
            0.200347  0.707107  0.000000
 -108.152 -108.152  -70.141  -70.141  -51.869  -51.869  -51.869  -51.869   -4.535   -4.528
   -1.394   -1.347   -1.254   -0.992    0.182    0.301    0.351    0.512    0.757    0.873
    1.240    1.357    3.931    4.127    4.147    4.281    8.625    8.921    9.664    9.857
   12.782   13.028   13.187   13.393   14.971   15.419   16.915   16.944
            0.197401  0.707107  0.000000
 -108.152 -108.152  -70.141  -70.141  -51.869  -51.869  -51.869  -51.869   -4.535   -4.528
   -1.395   -1.348   -1.252   -0.993    0.181    0.298    0.352    0.512    0.758    0.872
    1.242    1.357    3.935    4.131    4.149    4.284    8.614    8.906    9.643    9.835
   12.816   13.053   13.205   13.423   14.967   15.414   16.911   16.938
            0.194454  0.707107  0.000000
 -108.152 -108.152  -70.141  -70.141  -51.869  -51.869  -51.869  -51.869   -4.534   -4.528
   -1.395   -1.348   -1.250   -0.995    0.181    0.296    0.353    0.512    0.758    0.870
    1.245    1.357    3.939    4.135    4.151    4.288    8.603    8.891    9.622    9.813
   12.849   13.078   13.223   13.454   14.962   15.410   16.907   16.932
            0.191508  0.707107  0.000000
 -108.152 -108.152  -70.141  -70.141  -51.869  -51.869  -51.869  -51.869   -4.534   -4.528
   -1.395   -1.349   -1.248   -0.996    0.180    0.293    0.354    0.511    0.758    0.868
    1.247    1.358    3.944    4.139    4.152    4.292    8.593    8.877    9.602    9.791
   12.882   13.102   13.242   13.485   14.957   15.406   16.903   16.926
            0.188562  0.707107  0.000000
 -108.152 -108.152  -70.141  -70.141  -51.869  -51.869  -51.869  -51.869   -4.534   -4.529
   -1.396   -1.350   -1.246   -0.997    0.179    0.291    0.355    0.511    0.759    0.867
    1.249    1.358    3.948    4.144    4.154    4.295    8.582    8.862    9.582    9.770
   12.915   13.126   13.261   13.516   14.952   15.401   16.899   16.920
            0.185616  0.707107  0.000000
 -108.152 -108.152  -70.141  -70.141  -51.869  -51.869  -51.869  -51.869   -4.534   -4.529
   -1.396   -1.350   -1.244   -0.998    0.178    0.288    0.356    0.511    0.759    0.865
    1.251    1.359    3.953    4.148    4.156    4.299    8.571    8.847    9.562    9.749
   12.948   13.150   13.280   13.547   14.947   15.397   16.894   16.914
            0.182669  0.707107  0.000000
 -108.152 -108.152  -70.141  -70.141  -51.869  -51.869  -51.869  -51.869   -4.534   -4.529
   -1.396   -1.351   -1.242   -1.000    0.178    0.286    0.357    0.510    0.760    0.864
    1.253    1.359    3.957    4.153    4.158    4.303    8.561    8.833    9.542    9.728
   12.980   13.174   13.299   13.578   14.942   15.393   16.890   16.908
            0.179723  0.707107  0.000000
 -108.152 -108.152  -70.141  -70.141  -51.869  -51.869  -51.869  -51.869   -4.534   -4.529
   -1.397   -1.352   -1.240   -1.001    0.177    0.283    0.357    0.510    0.760    0.862
    1.255    1.360    3.962    4.157    4.160    4.306    8.550    8.818    9.523    9.707
   13.013   13.198   13.318   13.610   14.937   15.388   16.885   16.902
            0.176777  0.707107  0.000000
 -108.152 -108.152  -70.141  -70.141  -51.869  -51.869  -51.869  -51.869   -4.534   -4.529
   -1.397   -1.352   -1.238   -1.002    0.176    0.281    0.358    0.510    0.760    0.861
    1.258    1.360    3.966    4.161    4.162    4.310    8.540    8.803    9.504    9.686
   13.045   13.222   13.338   13.641   14.932   15.383   16.881   16.896
            0.173830  0.707107  0.000000
 -108.152 -108.152  -70.141  -70.141  -51.869  -51.869  -51.869  -51.869   -4.534   -4.529
   -1.397   -1.353   -1.236   -1.004    0.175    0.279    0.359    0.509    0.761    0.859
    1.260    1.360    3.971    4.163    4.166    4.313    8.529    8.789    9.485    9.666
   13.076   13.245   13.358   13.673   14.927   15.379   16.876   16.890
            0.170884  0.707107  0.000000
 -108.152 -108.152  -70.141  -70.141  -51.869  -51.869  -51.869  -51.869   -4.534   -4.529
   -1.398   -1.353   -1.234   -1.005    0.175    0.276    0.361    0.509    0.761    0.858
    1.262    1.361    3.975    4.165    4.171    4.317    8.519    8.775    9.466    9.645
   13.108   13.269   13.378   13.705   14.922   15.374   16.871   16.884
            0.167938  0.707107  0.000000
 -108.152 -108.152  -70.141  -70.141  -51.869  -51.869  -51.869  -51.869   -4.534   -4.529
   -1.398   -1.354   -1.232   -1.006    0.174    0.274    0.362    0.508    0.761    0.856
    1.264    1.361    3.980    4.167    4.175    4.320    8.509    8.760    9.448    9.625
   13.139   13.292   13.399   13.737   14.916   15.369   16.867   16.878
            0.164992  0.707107  0.000000
 -108.152 -108.152  -70.141  -70.141  -51.869  -51.869  -51.869  -51.869   -4.534   -4.529
   -1.398   -1.355   -1.230   -1.008    0.173    0.271    0.363    0.508    0.762    0.854
    1.266    1.362    3.984    4.169    4.180    4.324    8.498    8.746    9.430    9.606
   13.170   13.315   13.419   13.768   14.911   15.364   16.862   16.872
            0.162045  0.707107  0.000000
 -108.152 -108.152  -70.141  -70.141  -51.869  -51.869  -51.869  -51.869   -4.534   -4.529
   -1.398   -1.355   -1.228   -1.009    0.172    0.269    0.364    0.507    0.762    0.853
    1.268    1.362    3.989    4.170    4.185    4.327    8.488    8.732    9.413    9.586
   13.200   13.338   13.440   13.800   14.906   15.360   16.857   16.866
            0.159099  0.707107  0.000000
 -108.152 -108.152  -70.141  -70.141  -51.869  -51.869  -51.869  -51.869   -4.534   -4.529
   -1.399   -1.356   -1.226   -1.011    0.172    0.266    0.365    0.507    0.762    0.851
    1.270    1.362    3.994    4.172    4.189    4.331    8.478    8.717    9.395    9.567
   13.230   13.361   13.462   13.832   14.900   15.355   16.851   16.860
            0.156153  0.707107  0.000000
 -108.152 -108.152  -70.141  -70.141  -51.869  -51.869  -51.869  -51.869   -4.534   -4.529
   -1.399   -1.357   -1.224   -1.012    0.171    0.264    0.366    0.506    0.763    0.850
    1.273    1.363    3.998    4.174    4.194    4.334    8.468    8.703    9.378    9.548
   13.259   13.384   13.484   13.864   14.894   15.350   16.846   16.854
            0.153206  0.707107  0.000000
 -108.152 -108.152  -70.141  -70.141  -51.869  -51.869  -51.869  -51.869   -4.534   -4.529
   -1.399   -1.357   -1.222   -1.013    0.170    0.261    0.367    0.506    0.763    0.848
    1.275    1.363    4.003    4.176    4.199    4.337    8.459    8.689    9.361    9.529
   13.288   13.407   13.506   13.896   14.889   15.345   16.841   16.848
            0.150260  0.707107  0.000000
 -108.152 -108.152  -70.141  -70.141  -51.869  -51.869  -51.869  -51.869   -4.534   -4.529
   -1.399   -1.358   -1.220   -1.015    0.169    0.259    0.368    0.505    0.763    0.847
    1.277    1.363    4.008    4.178    4.204    4.341    8.449    8.676    9.345    9.510
   13.316   13.429   13.528   13.927   14.883   15.340   16.836   16.842
            0.147314  0.707107  0.000000
 -108.152 -108.152  -70.141  -70.141  -51.869  -51.869  -51.869  -51.869   -4.534   -4.529
   -1.399   -1.359   -1.218   -1.016    0.169    0.257    0.370    0.504    0.764    0.845
    1.279    1.364    4.012    4.179    4.208    4.344    8.439    8.662    9.329    9.492
   13.344   13.451   13.551   13.959   14.878   15.335   16.830   16.835
            0.144368  0.707107  0.000000
 -108.152 -108.152  -70.141  -70.141  -51.869  -51.869  -51.869  -51.869   -4.534   -4.529
   -1.399   -1.359   -1.216   -1.018    0.168    0.254    0.371    0.504    0.764    0.843
    1.281    1.364    4.017    4.181    4.213    4.347    8.430    8.648    9.313    9.474
   13.371   13.474   13.575   13.990   14.872   15.330   16.825   16.829
            0.141421  0.707107  0.000000
 -108.152 -108.152  -70.141  -70.141  -51.869  -51.869  -51.869  -51.869   -4.534   -4.529
   -1.400   -1.360   -1.214   -1.020    0.167    0.252    0.372    0.503    0.764    0.842
    1.283    1.364    4.022    4.183    4.218    4.350    8.421    8.635    9.298    9.456
   13.397   13.496   13.598   14.021   14.866   15.324   16.819   16.823
            0.138475  0.707107 -0.000000
 -108.152 -108.152  -70.141  -70.141  -51.869  -51.869  -51.869  -51.869   -4.534   -4.529
   -1.400   -1.361   -1.212   -1.021    0.167    0.249    0.373    0.502    0.765    0.840
    1.285    1.365    4.026    4.184    4.223    4.353    8.411    8.622    9.282    9.438
   13.423   13.518   13.623   14.052   14.861   15.319   16.813   16.817
            0.135529  0.707107 -0.000000
 -108.152 -108.152  -70.141  -70.141  -51.869  -51.869  -51.869  -51.869   -4.533   -4.529
   -1.400   -1.361   -1.210   -1.023    0.166    0.247    0.375    0.502    0.765    0.839
    1.287    1.365    4.031    4.186    4.227    4.356    8.402    8.608    9.267    9.421
   13.448   13.539   13.647   14.083   14.855   15.314   16.807   16.811
            0.132583  0.707107  0.000000
 -108.152 -108.152  -70.141  -70.141  -51.869  -51.869  -51.869  -51.869   -4.533   -4.529
   -1.400   -1.362   -1.208   -1.024    0.166    0.245    0.376    0.501    0.765    0.837
    1.289    1.365    4.035    4.187    4.232    4.359    8.394    8.595    9.253    9.404
   13.472   13.561   13.672   14.114   14.849   15.309   16.802   16.805
            0.129636  0.707107  0.000000
 -108.152 -108.152  -70.141  -70.141  -51.869  -51.869  -51.869  -51.869   -4.533   -4.529
   -1.400   -1.363   -1.205   -1.026    0.165    0.243    0.377    0.500    0.765    0.836
    1.291    1.365    4.040    4.189    4.237    4.362    8.385    8.582    9.239    9.387
   13.496   13.582   13.697   14.144   14.844   15.304   16.796   16.799
            0.126690  0.707107  0.000000
 -108.152 -108.152  -70.141  -70.141  -51.869  -51.869  -51.869  -51.869   -4.533   -4.529
   -1.400   -1.363   -1.203   -1.028    0.165    0.240    0.379    0.499    0.766    0.834
    1.293    1.366    4.045    4.190    4.242    4.365    8.376    8.570    9.225    9.371
   13.519   13.604   13.723   14.174   14.838   15.298   16.790   16.792
            0.123744  0.707107 -0.000000
 -108.152 -108.152  -70.141  -70.141  -51.869  -51.869  -51.869  -51.869   -4.533   -4.529
   -1.400   -1.364   -1.201   -1.029    0.164    0.238    0.380    0.499    0.766    0.833
    1.295    1.366    4.049    4.192    4.246    4.368    8.368    8.557    9.211    9.355
   13.542   13.625   13.749   14.204   14.833   15.293   16.784   16.786
            0.120797  0.707107  0.000000
 -108.152 -108.152  -70.141  -70.141  -51.869  -51.869  -51.869  -51.869   -4.533   -4.529
   -1.400   -1.365   -1.199   -1.031    0.163    0.236    0.382    0.498    0.766    0.831
    1.297    1.366    4.054    4.193    4.251    4.371    8.360    8.544    9.198    9.339
   13.564   13.645   13.774   14.233   14.827   15.288   16.777   16.780
            0.117851  0.707107  0.000000
 -108.152 -108.152  -70.141  -70.141  -51.869  -51.869  -51.869  -51.869   -4.533   -4.529
   -1.400   -1.366   -1.197   -1.032    0.163    0.234    0.383    0.497    0.767    0.830
    1.299    1.366    4.058    4.195    4.256    4.373    8.352    8.532    9.185    9.323
   13.585   13.666   13.800   14.262   14.822   15.283   16.771   16.774
            0.114905  0.707107 -0.000000
 -108.152 -108.152  -70.141  -70.141  -51.869  -51.869  -51.869  -51.869   -4.533   -4.529
   -1.400   -1.366   -1.195   -1.034    0.163    0.231    0.384    0.496    0.767    0.829
    1.301    1.366    4.063    4.196    4.261    4.376    8.344    8.520    9.172    9.308
   13.606   13.687   13.826   14.290   14.817   15.278   16.765   16.768
            0.111959  0.707107 -0.000000
 -108.152 -108.152  -70.141  -70.141  -51.869  -51.869  -51.869  -51.869   -4.533   -4.529
   -1.400   -1.367   -1.193   -1.036    0.162    0.229    0.386    0.495    0.767    0.827
    1.303    1.367    4.067    4.197    4.265    4.378    8.336    8.508    9.160    9.293
   13.627   13.707   13.852   14.317   14.812   15.272   16.758   16.762
            0.109012  0.707107  0.000000
 -108.152 -108.152  -70.141  -70.141  -51.869  -51.869  -51.869  -51.869   -4.533   -4.529
   -1.400   -1.368   -1.191   -1.038    0.162    0.227    0.387    0.494    0.768    0.826
    1.305    1.367    4.072    4.199    4.270    4.381    8.329    8.496    9.148    9.278
   13.647   13.727   13.878   14.344   14.808   15.267   16.752   16.756
            0.106066  0.707107  0.000000
 -108.152 -108.152  -70.141  -70.141  -51.869  -51.869  -51.869  -51.869   -4.533   -4.529
   -1.400   -1.368   -1.188   -1.039    0.161    0.225    0.389    0.493    0.768    0.824
    1.306    1.367    4.076    4.200    4.275    4.383    8.322    8.485    9.136    9.263
   13.667   13.747   13.904   14.371   14.804   15.262   16.746   16.750
            0.103120  0.707107 -0.000000
 -108.152 -108.152  -70.141  -70.141  -51.869  -51.869  -51.869  -51.869   -4.533   -4.529
   -1.400   -1.369   -1.186   -1.041    0.161    0.223    0.390    0.492    0.769    0.823
    1.308    1.367    4.080    4.201    4.279    4.385    8.315    8.473    9.125    9.249
   13.686   13.766   13.930   14.396   14.801   15.257   16.739   16.743
            0.100173  0.707107  0.000000
 -108.152 -108.152  -70.141  -70.141  -51.869  -51.869  -51.869  -51.869   -4.533   -4.529
   -1.400   -1.370   -1.184   -1.043    0.161    0.221    0.392    0.491    0.769    0.822
    1.310    1.367    4.085    4.202    4.284    4.388    8.308    8.462    9.114    9.235
   13.706   13.785   13.955   14.420   14.798   15.252   16.733   16.737
            0.097227  0.707107  0.000000
 -108.152 -108.152  -70.141  -70.141  -51.869  -51.869  -51.869  -51.869   -4.533   -4.529
   -1.400   -1.370   -1.182   -1.045    0.160    0.219    0.393    0.490    0.769    0.820
    1.312    1.367    4.089    4.203    4.288    4.390    8.301    8.451    9.104    9.222
   13.724   13.804   13.980   14.443   14.796   15.247   16.726   16.731
            0.094281  0.707107 -0.000000
 -108.152 -108.152  -70.141  -70.141  -51.869  -51.869  -51.869  -51.869   -4.533   -4.529
   -1.400   -1.371   -1.180   -1.046    0.160    0.217    0.395    0.489    0.770    0.819
    1.313    1.367    4.093    4.204    4.293    4.392    8.295    8.441    9.094    9.208
   13.743   13.823   14.005   14.465   14.794   15.242   16.720   16.725
            0.091335  0.707107 -0.000000
 -108.152 -108.152  -70.141  -70.141  -51.869  -51.869  -51.869  -51.869   -4.533   -4.530
   -1.400   -1.372   -1.178   -1.048    0.160    0.215    0.397    0.488    0.770    0.818
    1.315    1.367    4.097    4.205    4.297    4.394    8.289    8.430    9.084    9.195
   13.761   13.841   14.030   14.485   14.794   15.237   16.713   16.719
            0.088388  0.707107  0.000000
 -108.152 -108.152  -70.141  -70.141  -51.869  -51.869  -51.869  -51.869   -4.533   -4.530
   -1.399   -1.372   -1.175   -1.050    0.160    0.213    0.398    0.487    0.770    0.816
    1.317    1.367    4.101    4.206    4.301    4.395    8.283    8.420    9.074    9.183
   13.779   13.859   14.054   14.503   14.796   15.233   16.707   16.713
            0.085442  0.707107  0.000000
 -108.152 -108.152  -70.141  -70.141  -51.869  -51.869  -51.869  -51.869   -4.533   -4.530
   -1.399   -1.373   -1.173   -1.052    0.159    0.211    0.400    0.486    0.771    0.815
    1.319    1.367    4.106    4.207    4.306    4.397    8.277    8.410    9.065    9.170
   13.796   13.877   14.077   14.519   14.799   15.228   16.700   16.707
            0.082496  0.707107  0.000000
 -108.152 -108.152  -70.141  -70.141  -51.869  -51.869  -51.869  -51.869   -4.532   -4.530
   -1.399   -1.374   -1.171   -1.054    0.159    0.209    0.401    0.485    0.771    0.814
    1.320    1.367    4.110    4.207    4.310    4.399    8.272    8.400    9.056    9.158
   13.813   13.895   14.100   14.532   14.803   15.224   16.693   16.701
            0.079550  0.707107 -0.000000
 -108.152 -108.152  -70.141  -70.141  -51.869  -51.869  -51.869  -51.869   -4.532   -4.530
   -1.399   -1.374   -1.169   -1.056    0.159    0.207    0.403    0.484    0.771    0.812
    1.322    1.367    4.114    4.208    4.314    4.400    8.266    8.390    9.048    9.147
   13.830   13.912   14.123   14.544   14.810   15.219   16.687   16.696
            0.076603  0.707107  0.000000
 -108.152 -108.152  -70.141  -70.141  -51.869  -51.869  -51.869  -51.869   -4.532   -4.530
   -1.399   -1.375   -1.167   -1.058    0.159    0.205    0.404    0.483    0.772    0.811
    1.323    1.367    4.117    4.208    4.318    4.402    8.261    8.381    9.040    9.135
   13.847   13.928   14.145   14.553   14.818   15.215   16.681   16.690
            0.073657  0.707107  0.000000
 -108.152 -108.152  -70.141  -70.141  -51.869  -51.869  -51.869  -51.869   -4.532   -4.530
   -1.399   -1.376   -1.164   -1.059    0.159    0.203    0.406    0.482    0.772    0.810
    1.325    1.367    4.121    4.209    4.322    4.403    8.257    8.371    9.032    9.124
   13.863   13.945   14.166   14.559   14.829   15.211   16.674   16.684
            0.070711  0.707107 -0.000000
 -108.152 -108.152  -70.141  -70.141  -51.869  -51.869  -51.869  -51.869   -4.532   -4.530
   -1.398   -1.376   -1.162   -1.061    0.159    0.202    0.408    0.480    0.773    0.809
    1.327    1.367    4.125    4.209    4.326    4.404    8.252    8.362    9.025    9.114
   13.879   13.961   14.187   14.564   14.840   15.207   16.668   16.678
            0.067764  0.707107  0.000000
 -108.152 -108.152  -70.141  -70.141  -51.869  -51.869  -51.869  -51.869   -4.532   -4.530
   -1.398   -1.377   -1.160   -1.063    0.159    0.200    0.409    0.479    0.773    0.808
    1.328    1.366    4.129    4.210    4.330    4.405    8.248    8.354    9.018    9.103
   13.895   13.976   14.207   14.566   14.854   15.203   16.662   16.673
            0.064818  0.707107  0.000000
 -108.152 -108.152  -70.141  -70.141  -51.869  -51.869  -51.869  -51.869   -4.532   -4.530
   -1.398   -1.378   -1.158   -1.065    0.159    0.198    0.411    0.478    0.773    0.806
    1.330    1.366    4.132    4.210    4.334    4.406    8.244    8.345    9.011    9.093
   13.911   13.991   14.226   14.567   14.868   15.199   16.656   16.667
            0.061872  0.707107  0.000000
 -108.152 -108.152  -70.141  -70.141  -51.869  -51.869  -51.869  -51.869   -4.532   -4.530
   -1.398   -1.378   -1.156   -1.067    0.159    0.196    0.412    0.477    0.774    0.805
    1.331    1.366    4.136    4.210    4.338    4.407    8.240    8.337    9.005    9.083
   13.926   14.006   14.245   14.566   14.883   15.196   16.650   16.661
            0.058926  0.707107  0.000000
 -108.152 -108.152  -70.141  -70.141  -51.869  -51.869  -51.869  -51.869   -4.532   -4.530
   -1.398   -1.379   -1.154   -1.069    0.159    0.195    0.414    0.475    0.774    0.804
    1.332    1.366    4.140    4.210    4.342    4.408    8.237    8.329    8.999    9.074
   13.941   14.020   14.263   14.564   14.898   15.192   16.644   16.656
            0.055979  0.707107  0.000000
 -108.152 -108.152  -70.141  -70.141  -51.869  -51.869  -51.869  -51.869   -4.532   -4.530
   -1.397   -1.379   -1.151   -1.071    0.159    0.193    0.416    0.474    0.775    0.803
    1.334    1.365    4.143    4.210    4.346    4.408    8.234    8.321    8.994    9.065
   13.956   14.033   14.280   14.561   14.914   15.189   16.639   16.651
            0.053033  0.707107  0.000000
 -108.152 -108.152  -70.141  -70.141  -51.869  -51.869  -51.869  -51.869   -4.532   -4.530
   -1.397   -1.380   -1.149   -1.073    0.160    0.192    0.417    0.473    0.775    0.802
    1.335    1.365    4.146    4.210    4.349    4.409    8.231    8.314    8.989    9.056
   13.970   14.046   14.296   14.558   14.929   15.186   16.633   16.646
            0.050087  0.707107 -0.000000
 -108.152 -108.152  -70.141  -70.141  -51.869  -51.869  -51.869  -51.869   -4.532   -4.530
   -1.397   -1.381   -1.147   -1.075    0.160    0.190    0.419    0.471    0.776    0.801
    1.337    1.365    4.150    4.210    4.353    4.409    8.228    8.307    8.984    9.048
   13.984   14.058   14.311   14.553   14.945   15.183   16.628   16.640
            0.047140  0.707107 -0.000000
 -108.152 -108.152  -70.141  -70.141  -51.869  -51.869  -51.869  -51.869   -4.532   -4.530
   -1.396   -1.381   -1.145   -1.077    0.160    0.189    0.421    0.470    0.776    0.800
    1.338    1.364    4.153    4.210    4.356    4.409    8.226    8.300    8.980    9.040
   13.997   14.070   14.326   14.549   14.960   15.180   16.623   16.635
            0.044194  0.707107  0.000000
 -108.152 -108.152  -70.141  -70.141  -51.869  -51.869  -51.869  -51.869   -4.532   -4.530
   -1.396   -1.382   -1.143   -1.079    0.160    0.187    0.422    0.469    0.777    0.799
    1.339    1.364    4.156    4.209    4.359    4.410    8.224    8.293    8.976    9.032
   14.011   14.081   14.340   14.544   14.976   15.177   16.618   16.631
            0.041248  0.707107  0.000000
 -108.152 -108.152  -70.141  -70.141  -51.869  -51.869  -51.869  -51.869   -4.532   -4.530
   -1.396   -1.383   -1.140   -1.081    0.161    0.186    0.424    0.467    0.777    0.798
    1.341    1.364    4.159    4.209    4.363    4.410    8.222    8.287    8.972    9.025
   14.023   14.091   14.353   14.538   14.990   15.175   16.614   16.626
            0.038302  0.707107  0.000000
 -108.152 -108.152  -70.141  -70.141  -51.869  -51.869  -51.869  -51.869   -4.532   -4.530
   -1.395   -1.383   -1.138   -1.083    0.161    0.184    0.426    0.466    0.778    0.797
    1.342    1.363    4.162    4.208    4.366    4.409    8.220    8.281    8.969    9.018
   14.036   14.101   14.365   14.533   15.004   15.172   16.610   16.622
            0.035355  0.707107  0.000000
 -108.152 -108.152  -70.141  -70.141  -51.869  -51.869  -51.869  -51.869   -4.532   -4.530
   -1.395   -1.384   -1.136   -1.085    0.162    0.183    0.427    0.465    0.778    0.796
    1.343    1.363    4.165    4.208    4.369    4.409    8.219    8.275    8.966    9.012
   14.048   14.110   14.376   14.527   15.018   15.170   16.606   16.617
            0.032409  0.707107  0.000000
 -108.152 -108.152  -70.141  -70.141  -51.869  -51.869  -51.869  -51.869   -4.532   -4.530
   -1.395   -1.384   -1.134   -1.087    0.162    0.182    0.429    0.463    0.779    0.795
    1.344    1.362    4.168    4.207    4.372    4.409    8.218    8.269    8.964    9.006
   14.059   14.118   14.386   14.522   15.031   15.167   16.602   16.613
            0.029463  0.707107  0.000000
 -108.152 -108.152  -70.141  -70.141  -51.869  -51.869  -51.869  -51.869   -4.531   -4.530
   -1.394   -1.385   -1.132   -1.089    0.162    0.180    0.430    0.462    0.779    0.794
    1.345    1.362    4.171    4.206    4.375    4.408    8.217    8.264    8.962    9.000
   14.070   14.125   14.396   14.516   15.043   15.165   16.599   16.609
            0.026517  0.707107 -0.000000
 -108.152 -108.152  -70.141  -70.141  -51.869  -51.869  -51.869  -51.869   -4.531   -4.530
   -1.394   -1.385   -1.129   -1.091    0.163    0.179    0.432    0.460    0.780    0.793
    1.346    1.361    4.173    4.205    4.377    4.408    8.217    8.259    8.960    8.994
   14.081   14.131   14.405   14.510   15.055   15.162   16.596   16.606
            0.023570  0.707107  0.000000
 -108.152 -108.152  -70.141  -70.141  -51.869  -51.869  -51.869  -51.869   -4.531   -4.531
   -1.394   -1.386   -1.127   -1.093    0.164    0.178    0.434    0.459    0.781    0.792
    1.347    1.361    4.176    4.204    4.380    4.407    8.217    8.254    8.959    8.989
   14.090   14.137   14.413   14.505   15.066   15.160   16.593   16.602
            0.020624  0.707107  0.000000
 -108.152 -108.152  -70.141  -70.141  -51.869  -51.869  -51.869  -51.869   -4.531   -4.531
   -1.393   -1.386   -1.125   -1.095    0.164    0.177    0.435    0.457    0.781    0.791
    1.348    1.360    4.178    4.203    4.383    4.406    8.217    8.249    8.958    8.984
   14.100   14.141   14.421   14.499   15.076   15.157   16.591   16.599
            0.017678  0.707107  0.000000
 -108.152 -108.152  -70.141  -70.141  -51.869  -51.869  -51.869  -51.869   -4.531   -4.531
   -1.393   -1.387   -1.123   -1.097    0.165    0.176    0.437    0.456    0.782    0.791
    1.350    1.359    4.181    4.202    4.385    4.405    8.217    8.245    8.957    8.980
   14.108   14.144   14.428   14.494   15.086   15.154   16.589   16.596
            0.014731  0.707107  0.000000
 -108.152 -108.152  -70.141  -70.141  -51.869  -51.869  -51.869  -51.869   -4.531   -4.531
   -1.392   -1.388   -1.121   -1.100    0.165    0.174    0.439    0.454    0.782    0.790
    1.351    1.359    4.183    4.201    4.387    4.404    8.218    8.241    8.957    8.976
   14.116   14.147   14.435   14.489   15.095   15.151   16.588   16.594
            0.011785  0.707107  0.000000
 -108.152 -108.152  -70.141  -70.141  -51.869  -51.869  -51.869  -51.869   -4.531   -4.531
   -1.392   -1.388   -1.119   -1.102    0.166    0.173    0.440    0.453    0.783    0.789
    1.351    1.358    4.185    4.199    4.390    4.403    8.219    8.238    8.957    8.973
   14.123   14.148   14.441   14.483   15.103   15.147   16.587   16.592
            0.008839  0.707107  0.000000
 -108.152 -108.152  -70.141  -70.141  -51.869  -51.869  -51.869  -51.869   -4.531   -4.531
   -1.391   -1.389   -1.117   -1.104    0.167    0.172    0.442    0.451    0.784    0.788
    1.352    1.357    4.187    4.198    4.392    4.402    8.220    8.234    8.958    8.969
   14.130   14.148   14.447   14.478   15.110   15.143   16.586   16.590
            0.005893  0.707107 -0.000000
 -108.152 -108.152  -70.141  -70.141  -51.869  -51.869  -51.869  -51.869   -4.531   -4.531
   -1.391   -1.389   -1.114   -1.106    0.168    0.171    0.443    0.450    0.784    0.787
    1.353    1.357    4.189    4.196    4.394    4.401    8.222    8.231    8.959    8.966
   14.135   14.148   14.453   14.473   15.117   15.139   16.586   16.588
            0.002946  0.707107  0.000000
 -108.152 -108.152  -70.141  -70.141  -51.869  -51.869  -51.869  -51.869   -4.531   -4.531
   -1.391   -1.390   -1.112   -1.108    0.169    0.170    0.445    0.448    0.785    0.787
    1.354    1.356    4.191    4.195    4.396    4.399    8.224    8.229    8.960    8.964
   14.140   14.146   14.458   14.468   15.123   15.134   16.586   16.587
            0.000000  0.707107  0.000000
 -108.152 -108.152  -70.141  -70.141  -51.869  -51.869  -51.869  -51.869   -4.531   -4.531
   -1.390   -1.390   -1.110   -1.110    0.169    0.169    0.446    0.446    0.786    0.786
    1.355    1.355    4.193    4.193    4.397    4.397    8.226    8.226    8.962    8.962
   14.143   14.143   14.463   14.463   15.129   15.129   16.586   16.586
