 &plot nbnd=  21, nks=  1401 /
            0.000000  0.000000  0.000000
   -6.442   -3.686   -3.686   -3.686   -3.470   -3.470    4.387    4.387    4.387    4.961
    9.032    9.032    9.032   11.820   13.721   13.721   14.548   14.548   14.548   16.771
   24.490
            0.000000  0.002210  0.000000
   -6.442   -3.686   -3.686   -3.686   -3.470   -3.470    4.386    4.387    4.387    4.962
    9.032    9.032    9.032   11.820   13.721   13.721   14.548   14.548   14.548   16.771
   24.489
            0.000000  0.004419  0.000000
   -6.442   -3.686   -3.686   -3.686   -3.470   -3.470    4.384    4.386    4.386    4.964
    9.031    9.032    9.032   11.821   13.718   13.721   14.548   14.548   14.550   16.772
   24.488
            0.000000  0.006629  0.000000
   -6.442   -3.686   -3.686   -3.686   -3.471   -3.470    4.381    4.386    4.386    4.967
    9.031    9.032    9.032   11.822   13.715   13.722   14.548   14.548   14.554   16.773
   24.485
            0.000000  0.008839  0.000000
   -6.442   -3.686   -3.686   -3.686   -3.471   -3.470    4.377    4.386    4.386    4.971
    9.030    9.033    9.033   11.823   13.709   13.722   14.549   14.549   14.558   16.775
   24.482
            0.000000  0.011049  0.000000
   -6.442   -3.686   -3.686   -3.686   -3.471   -3.470    4.371    4.385    4.385    4.977
    9.029    9.034    9.034   11.825   13.703   13.722   14.549   14.549   14.564   16.778
   24.477
            0.000000  0.013258  0.000000
   -6.442   -3.686   -3.686   -3.686   -3.471   -3.470    4.364    4.385    4.385    4.984
    9.027    9.035    9.035   11.827   13.695   13.722   14.550   14.550   14.570   16.781
   24.472
            0.000000  0.015468  0.000000
   -6.442   -3.686   -3.686   -3.686   -3.471   -3.470    4.357    4.384    4.384    4.991
    9.025    9.036    9.036   11.829   13.685   13.722   14.551   14.551   14.578   16.785
   24.466
            0.000000  0.017678  0.000000
   -6.442   -3.686   -3.686   -3.686   -3.471   -3.470    4.348    4.383    4.383    5.000
    9.024    9.037    9.037   11.832   13.675   13.723   14.552   14.552   14.587   16.789
   24.458
            0.000000  0.019887  0.000000
   -6.441   -3.686   -3.686   -3.686   -3.471   -3.470    4.338    4.382    4.382    5.010
    9.021    9.039    9.039   11.835   13.663   13.723   14.553   14.553   14.596   16.794
   24.450
            0.000000  0.022097  0.000000
   -6.441   -3.686   -3.686   -3.686   -3.471   -3.470    4.328    4.381    4.381    5.020
    9.019    9.041    9.041   11.839   13.651   13.724   14.554   14.554   14.607   16.799
   24.441
            0.000000  0.024307  0.000000
   -6.441   -3.686   -3.686   -3.686   -3.471   -3.470    4.317    4.380    4.380    5.032
    9.016    9.042    9.042   11.843   13.637   13.724   14.556   14.556   14.618   16.805
   24.430
            0.000000  0.026517  0.000000
   -6.441   -3.686   -3.686   -3.685   -3.471   -3.470    4.305    4.378    4.378    5.044
    9.014    9.044    9.044   11.848   13.623   13.725   14.557   14.557   14.630   16.811
   24.418
            0.000000  0.028726  0.000000
   -6.440   -3.686   -3.686   -3.685   -3.471   -3.470    4.293    4.377    4.377    5.056
    9.010    9.047    9.047   11.852   13.607   13.725   14.559   14.559   14.642   16.818
   24.405
            0.000000  0.030936  0.000000
   -6.440   -3.686   -3.686   -3.685   -3.471   -3.470    4.280    4.375    4.375    5.069
    9.007    9.049    9.049   11.857   13.591   13.726   14.560   14.560   14.655   16.826
   24.390
            0.000000  0.033146  0.000000
   -6.440   -3.686   -3.686   -3.685   -3.471   -3.470    4.267    4.374    4.374    5.083
    9.003    9.052    9.052   11.863   13.574   13.726   14.562   14.562   14.669   16.834
   24.374
            0.000000  0.035355  0.000000
   -6.439   -3.686   -3.686   -3.685   -3.471   -3.470    4.253    4.372    4.372    5.097
    9.000    9.054    9.054   11.869   13.557   13.727   14.564   14.564   14.682   16.842
   24.357
            0.000000  0.037565  0.000000
   -6.439   -3.685   -3.685   -3.684   -3.471   -3.470    4.239    4.370    4.370    5.111
    8.996    9.057    9.057   11.875   13.539   13.728   14.566   14.566   14.697   16.851
   24.338
            0.000000  0.039775  0.000000
   -6.439   -3.685   -3.685   -3.684   -3.471   -3.470    4.224    4.368    4.368    5.126
    8.991    9.060    9.060   11.882   13.520   13.729   14.569   14.569   14.711   16.861
   24.318
            0.000000  0.041984  0.000000
   -6.438   -3.685   -3.685   -3.684   -3.471   -3.470    4.209    4.366    4.366    5.141
    8.987    9.063    9.063   11.889   13.501   13.729   14.571   14.571   14.726   16.872
   24.297
            0.000000  0.044194  0.000000
   -6.438   -3.685   -3.685   -3.684   -3.471   -3.470    4.194    4.363    4.363    5.157
    8.982    9.067    9.067   11.896   13.482   13.730   14.574   14.574   14.741   16.882
   24.275
            0.000000  0.046404  0.000000
   -6.437   -3.685   -3.685   -3.683   -3.471   -3.470    4.179    4.361    4.361    5.173
    8.977    9.070    9.070   11.903   13.462   13.731   14.576   14.576   14.756   16.894
   24.252
            0.000000  0.048614  0.000000
   -6.437   -3.685   -3.685   -3.683   -3.471   -3.470    4.163    4.359    4.359    5.189
    8.972    9.074    9.074   11.911   13.441   13.732   14.579   14.579   14.771   16.906
   24.227
            0.000000  0.050823  0.000000
   -6.436   -3.685   -3.685   -3.683   -3.471   -3.470    4.147    4.356    4.356    5.205
    8.967    9.078    9.078   11.920   13.421   13.733   14.582   14.582   14.787   16.918
   24.202
            0.000000  0.053033  0.000000
   -6.436   -3.685   -3.685   -3.682   -3.471   -3.470    4.131    4.353    4.353    5.221
    8.961    9.082    9.082   11.928   13.400   13.734   14.585   14.585   14.802   16.931
   24.176
            0.000000  0.055243  0.000000
   -6.435   -3.684   -3.684   -3.682   -3.471   -3.470    4.115    4.351    4.351    5.238
    8.956    9.086    9.086   11.937   13.379   13.735   14.588   14.588   14.818   16.945
   24.149
            0.000000  0.057452  0.000000
   -6.435   -3.684   -3.684   -3.682   -3.471   -3.470    4.099    4.348    4.348    5.255
    8.950    9.091    9.091   11.946   13.358   13.736   14.591   14.591   14.833   16.959
   24.121
            0.000000  0.059662  0.000000
   -6.434   -3.684   -3.684   -3.681   -3.471   -3.470    4.082    4.345    4.345    5.272
    8.943    9.095    9.095   11.956   13.336   13.738   14.595   14.595   14.849   16.974
   24.093
            0.000000  0.061872  0.000000
   -6.434   -3.684   -3.684   -3.681   -3.471   -3.470    4.066    4.342    4.342    5.289
    8.937    9.100    9.100   11.966   13.314   13.739   14.598   14.598   14.864   16.989
   24.064
            0.000000  0.064082  0.000000
   -6.433   -3.684   -3.684   -3.681   -3.471   -3.470    4.049    4.338    4.338    5.306
    8.931    9.105    9.105   11.976   13.292   13.740   14.602   14.602   14.880   17.005
   24.034
            0.000000  0.066291  0.000000
   -6.432   -3.684   -3.684   -3.680   -3.471   -3.470    4.032    4.335    4.335    5.323
    8.924    9.110    9.110   11.986   13.270   13.741   14.606   14.606   14.895   17.021
   24.004
            0.000000  0.068501  0.000000
   -6.432   -3.684   -3.684   -3.680   -3.471   -3.470    4.015    4.332    4.332    5.341
    8.917    9.115    9.115   11.997   13.248   13.743   14.610   14.610   14.911   17.038
   23.974
            0.000000  0.070711  0.000000
   -6.431   -3.683   -3.683   -3.679   -3.471   -3.470    3.998    4.328    4.328    5.359
    8.910    9.121    9.121   12.008   13.226   13.744   14.614   14.614   14.926   17.055
   23.943
            0.000000  0.072920  0.000000
   -6.430   -3.683   -3.683   -3.679   -3.472   -3.470    3.981    4.325    4.325    5.376
    8.903    9.126    9.126   12.019   13.204   13.746   14.618   14.618   14.941   17.073
   23.911
            0.000000  0.075130  0.000000
   -6.430   -3.683   -3.683   -3.678   -3.472   -3.470    3.964    4.321    4.321    5.394
    8.896    9.132    9.132   12.031   13.181   13.747   14.622   14.622   14.957   17.091
   23.879
            0.000000  0.077340  0.000000
   -6.429   -3.683   -3.683   -3.678   -3.472   -3.470    3.946    4.317    4.317    5.412
    8.888    9.138    9.138   12.043   13.159   13.749   14.627   14.627   14.972   17.110
   23.847
            0.000000  0.079550  0.000000
   -6.428   -3.683   -3.683   -3.677   -3.472   -3.470    3.929    4.313    4.313    5.430
    8.881    9.144    9.144   12.055   13.136   13.750   14.631   14.631   14.987   17.130
   23.814
            0.000000  0.081759  0.000000
   -6.427   -3.682   -3.682   -3.677   -3.472   -3.470    3.912    4.309    4.309    5.448
    8.873    9.150    9.150   12.067   13.114   13.752   14.636   14.636   15.002   17.149
   23.782
            0.000000  0.083969  0.000000
   -6.427   -3.682   -3.682   -3.676   -3.472   -3.470    3.894    4.305    4.305    5.466
    8.865    9.157    9.157   12.080   13.091   13.753   14.641   14.641   15.016   17.170
   23.749
            0.000000  0.086179  0.000000
   -6.426   -3.682   -3.682   -3.676   -3.472   -3.470    3.877    4.301    4.301    5.484
    8.857    9.163    9.163   12.092   13.069   13.755   14.646   14.646   15.031   17.191
   23.715
            0.000000  0.088388  0.000000
   -6.425   -3.682   -3.682   -3.675   -3.472   -3.469    3.859    4.296    4.296    5.502
    8.849    9.170    9.170   12.105   13.046   13.757   14.651   14.651   15.046   17.212
   23.682
            0.000000  0.090598  0.000000
   -6.424   -3.681   -3.681   -3.675   -3.472   -3.469    3.842    4.292    4.292    5.520
    8.841    9.177    9.177   12.118   13.024   13.759   14.656   14.656   15.060   17.234
   23.648
            0.000000  0.092808  0.000000
   -6.423   -3.681   -3.681   -3.674   -3.472   -3.469    3.824    4.288    4.288    5.538
    8.832    9.184    9.184   12.131   13.001   13.760   14.662   14.662   15.074   17.256
   23.614
            0.000000  0.095017  0.000000
   -6.422   -3.681   -3.681   -3.674   -3.472   -3.469    3.807    4.283    4.283    5.556
    8.824    9.191    9.191   12.145   12.979   13.762   14.667   14.667   15.088   17.279
   23.580
            0.000000  0.097227  0.000000
   -6.421   -3.681   -3.681   -3.673   -3.472   -3.469    3.789    4.278    4.278    5.574
    8.815    9.198    9.198   12.158   12.957   13.764   14.673   14.673   15.102   17.302
   23.545
            0.000000  0.099437  0.000000
   -6.420   -3.680   -3.680   -3.672   -3.472   -3.469    3.771    4.274    4.274    5.593
    8.806    9.205    9.205   12.172   12.935   13.766   14.679   14.679   15.116   17.326
   23.511
            0.000000  0.101647  0.000000
   -6.419   -3.680   -3.680   -3.672   -3.472   -3.469    3.754    4.269    4.269    5.611
    8.797    9.213    9.213   12.186   12.913   13.768   14.684   14.684   15.130   17.350
   23.476
            0.000000  0.103856  0.000000
   -6.418   -3.680   -3.680   -3.671   -3.473   -3.469    3.736    4.264    4.264    5.629
    8.788    9.221    9.221   12.200   12.891   13.770   14.690   14.690   15.144   17.375
   23.441
            0.000000  0.106066  0.000000
   -6.417   -3.680   -3.680   -3.671   -3.473   -3.469    3.718    4.259    4.259    5.648
    8.779    9.228    9.228   12.214   12.870   13.772   14.697   14.697   15.157   17.400
   23.407
            0.000000  0.108276  0.000000
   -6.416   -3.679   -3.679   -3.670   -3.473   -3.469    3.701    4.254    4.254    5.666
    8.770    9.236    9.236   12.227   12.849   13.775   14.703   14.703   15.171   17.425
   23.372
            0.000000  0.110485  0.000000
   -6.415   -3.679   -3.679   -3.669   -3.473   -3.469    3.683    4.248    4.248    5.684
    8.761    9.245    9.245   12.241   12.828   13.777   14.709   14.709   15.184   17.451
   23.337
            0.000000  0.112695  0.000000
   -6.414   -3.679   -3.679   -3.669   -3.473   -3.469    3.665    4.243    4.243    5.703
    8.752    9.253    9.253   12.255   12.808   13.779   14.716   14.716   15.197   17.477
   23.302
            0.000000  0.114905  0.000000
   -6.413   -3.678   -3.678   -3.668   -3.473   -3.469    3.647    4.238    4.238    5.721
    8.742    9.261    9.261   12.268   12.788   13.781   14.722   14.722   15.210   17.504
   23.266
            0.000000  0.117115  0.000000
   -6.412   -3.678   -3.678   -3.667   -3.473   -3.469    3.630    4.232    4.232    5.739
    8.733    9.270    9.270   12.282   12.768   13.784   14.729   14.729   15.223   17.531
   23.231
            0.000000  0.119324  0.000000
   -6.411   -3.678   -3.678   -3.666   -3.473   -3.469    3.612    4.227    4.227    5.758
    8.723    9.279    9.279   12.294   12.749   13.786   14.736   14.736   15.236   17.559
   23.196
            0.000000  0.121534  0.000000
   -6.410   -3.678   -3.678   -3.666   -3.473   -3.469    3.594    4.221    4.221    5.776
    8.713    9.287    9.287   12.307   12.731   13.788   14.743   14.743   15.249   17.586
   23.160
            0.000000  0.123744  0.000000
   -6.409   -3.677   -3.677   -3.665   -3.473   -3.469    3.576    4.216    4.216    5.794
    8.704    9.296    9.296   12.318   12.714   13.791   14.750   14.750   15.261   17.615
   23.125
            0.000000  0.125953  0.000000
   -6.408   -3.677   -3.677   -3.664   -3.473   -3.468    3.559    4.210    4.210    5.813
    8.694    9.306    9.306   12.329   12.699   13.793   14.757   14.757   15.274   17.643
   23.089
            0.000000  0.128163  0.000000
   -6.406   -3.677   -3.677   -3.663   -3.473   -3.468    3.541    4.204    4.204    5.831
    8.684    9.315    9.315   12.338   12.684   13.796   14.765   14.765   15.286   17.672
   23.054
            0.000000  0.130373  0.000000
   -6.405   -3.676   -3.676   -3.662   -3.474   -3.468    3.523    4.198    4.198    5.849
    8.674    9.324    9.324   12.346   12.672   13.798   14.772   14.772   15.298   17.702
   23.018
            0.000000  0.132583  0.000000
   -6.404   -3.676   -3.676   -3.662   -3.474   -3.468    3.505    4.192    4.192    5.867
    8.664    9.334    9.334   12.352   12.662   13.801   14.780   14.780   15.311   17.731
   22.983
            0.000000  0.134792  0.000000
   -6.403   -3.676   -3.676   -3.661   -3.474   -3.468    3.488    4.186    4.186    5.886
    8.654    9.343    9.343   12.355   12.654   13.804   14.788   14.788   15.323   17.761
   22.947
            0.000000  0.137002  0.000000
   -6.401   -3.675   -3.675   -3.660   -3.474   -3.468    3.470    4.180    4.180    5.904
    8.644    9.353    9.353   12.356   12.649   13.806   14.796   14.796   15.335   17.792
   22.911
            0.000000  0.139212  0.000000
   -6.400   -3.675   -3.675   -3.659   -3.474   -3.468    3.452    4.174    4.174    5.922
    8.634    9.363    9.363   12.355   12.647   13.809   14.804   14.804   15.347   17.823
   22.876
            0.000000  0.141421  0.000000
   -6.399   -3.675   -3.675   -3.658   -3.474   -3.468    3.434    4.168    4.168    5.940
    8.624    9.373    9.373   12.350   12.648   13.812   14.812   14.812   15.359   17.854
   22.840
            0.000000  0.143631  0.000000
   -6.397   -3.674   -3.674   -3.657   -3.474   -3.468    3.417    4.162    4.162    5.959
    8.614    9.383    9.383   12.343   12.653   13.815   14.820   14.820   15.370   17.885
   22.804
            0.000000  0.145841  0.000000
   -6.396   -3.674   -3.674   -3.656   -3.474   -3.468    3.399    4.155    4.155    5.977
    8.603    9.393    9.393   12.334   12.659   13.818   14.829   14.829   15.382   17.917
   22.768
            0.000000  0.148050  0.000000
   -6.395   -3.673   -3.673   -3.655   -3.474   -3.468    3.381    4.149    4.149    5.995
    8.593    9.404    9.404   12.322   12.668   13.821   14.837   14.837   15.394   17.949
   22.733
            0.000000  0.150260  0.000000
   -6.393   -3.673   -3.673   -3.655   -3.474   -3.468    3.364    4.142    4.142    6.013
    8.583    9.414    9.414   12.309   12.679   13.824   14.846   14.846   15.405   17.981
   22.697
            0.000000  0.152470  0.000000
   -6.392   -3.673   -3.673   -3.654   -3.475   -3.468    3.346    4.136    4.136    6.031
    8.573    9.425    9.425   12.294   12.692   13.827   14.855   14.855   15.417   18.014
   22.661
            0.000000  0.154680  0.000000
   -6.391   -3.672   -3.672   -3.653   -3.475   -3.467    3.328    4.129    4.129    6.049
    8.562    9.436    9.436   12.279   12.706   13.830   14.864   14.864   15.428   18.047
   22.625
            0.000000  0.156889  0.000000
   -6.389   -3.672   -3.672   -3.652   -3.475   -3.467    3.311    4.123    4.123    6.067
    8.552    9.447    9.447   12.262   12.721   13.833   14.873   14.873   15.440   18.080
   22.590
            0.000000  0.159099  0.000000
   -6.388   -3.672   -3.672   -3.651   -3.475   -3.467    3.293    4.116    4.116    6.085
    8.541    9.458    9.458   12.245   12.737   13.836   14.882   14.882   15.451   18.113
   22.554
            0.000000  0.161309  0.000000
   -6.386   -3.671   -3.671   -3.650   -3.475   -3.467    3.275    4.109    4.109    6.103
    8.531    9.469    9.469   12.227   12.754   13.839   14.891   14.891   15.463   18.147
   22.518
            0.000000  0.163518  0.000000
   -6.385   -3.671   -3.671   -3.649   -3.475   -3.467    3.258    4.102    4.102    6.121
    8.521    9.480    9.480   12.209   12.771   13.842   14.901   14.901   15.474   18.181
   22.482
            0.000000  0.165728  0.000000
   -6.383   -3.670   -3.670   -3.648   -3.475   -3.467    3.240    4.095    4.095    6.139
    8.510    9.491    9.491   12.191   12.789   13.846   14.910   14.910   15.485   18.215
   22.447
            0.000000  0.167938  0.000000
   -6.382   -3.670   -3.670   -3.646   -3.475   -3.467    3.223    4.088    4.088    6.156
    8.500    9.503    9.503   12.173   12.808   13.849   14.920   14.920   15.497   18.250
   22.411
            0.000000  0.170148  0.000000
   -6.380   -3.670   -3.670   -3.645   -3.475   -3.467    3.205    4.082    4.082    6.174
    8.489    9.514    9.514   12.154   12.827   13.852   14.930   14.930   15.508   18.285
   22.375
            0.000000  0.172357  0.000000
   -6.379   -3.669   -3.669   -3.644   -3.475   -3.467    3.188    4.074    4.074    6.192
    8.479    9.526    9.526   12.135   12.846   13.856   14.940   14.940   15.519   18.320
   22.339
            0.000000  0.174567  0.000000
   -6.377   -3.669   -3.669   -3.643   -3.475   -3.467    3.170    4.067    4.067    6.209
    8.468    9.538    9.538   12.116   12.866   13.859   14.950   14.950   15.530   18.355
   22.304
            0.000000  0.176777  0.000000
   -6.376   -3.668   -3.668   -3.642   -3.475   -3.467    3.153    4.060    4.060    6.227
    8.458    9.550    9.550   12.097   12.886   13.863   14.960   14.960   15.541   18.391
   22.268
            0.000000  0.178986  0.000000
   -6.374   -3.668   -3.668   -3.641   -3.476   -3.466    3.135    4.053    4.053    6.245
    8.447    9.562    9.562   12.078   12.906   13.866   14.971   14.971   15.553   18.426
   22.232
            0.000000  0.181196  0.000000
   -6.372   -3.667   -3.667   -3.640   -3.476   -3.466    3.118    4.046    4.046    6.262
    8.437    9.574    9.574   12.059   12.927   13.870   14.981   14.981   15.564   18.462
   22.197
            0.000000  0.183406  0.000000
   -6.371   -3.667   -3.667   -3.639   -3.476   -3.466    3.100    4.039    4.039    6.279
    8.427    9.586    9.586   12.041   12.948   13.873   14.992   14.992   15.575   18.499
   22.161
            0.000000  0.185616  0.000000
   -6.369   -3.666   -3.666   -3.638   -3.476   -3.466    3.083    4.031    4.031    6.297
    8.416    9.598    9.598   12.022   12.969   13.877   15.002   15.002   15.586   18.535
   22.126
            0.000000  0.187825  0.000000
   -6.368   -3.666   -3.666   -3.636   -3.476   -3.466    3.065    4.024    4.024    6.314
    8.406    9.611    9.611   12.003   12.990   13.881   15.013   15.013   15.597   18.572
   22.090
            0.000000  0.190035  0.000000
   -6.366   -3.666   -3.666   -3.635   -3.476   -3.466    3.048    4.017    4.017    6.331
    8.395    9.623    9.623   11.984   13.012   13.885   15.024   15.024   15.608   18.609
   22.054
            0.000000  0.192245  0.000000
   -6.364   -3.665   -3.665   -3.634   -3.476   -3.466    3.031    4.009    4.009    6.348
    8.385    9.636    9.636   11.966   13.034   13.888   15.035   15.035   15.620   18.646
   22.019
            0.000000  0.194454  0.000000
   -6.362   -3.665   -3.665   -3.633   -3.476   -3.466    3.013    4.002    4.002    6.365
    8.374    9.648    9.648   11.947   13.055   13.892   15.047   15.047   15.631   18.683
   21.983
            0.000000  0.196664  0.000000
   -6.361   -3.664   -3.664   -3.632   -3.476   -3.466    2.996    3.994    3.994    6.382
    8.364    9.661    9.661   11.929   13.077   13.896   15.058   15.058   15.642   18.720
   21.948
            0.000000  0.198874  0.000000
   -6.359   -3.664   -3.664   -3.630   -3.476   -3.466    2.979    3.987    3.987    6.399
    8.354    9.674    9.674   11.910   13.100   13.900   15.069   15.069   15.653   18.758
   21.913
            0.000000  0.201083  0.000000
   -6.357   -3.663   -3.663   -3.629   -3.476   -3.465    2.961    3.979    3.979    6.416
    8.343    9.687    9.687   11.892   13.122   13.904   15.081   15.081   15.664   18.796
   21.877
            0.000000  0.203293  0.000000
   -6.356   -3.663   -3.663   -3.628   -3.476   -3.465    2.944    3.972    3.972    6.433
    8.333    9.700    9.700   11.874   13.145   13.908   15.093   15.093   15.676   18.834
   21.842
            0.000000  0.205503  0.000000
   -6.354   -3.662   -3.662   -3.627   -3.476   -3.465    2.927    3.964    3.964    6.449
    8.323    9.713    9.713   11.856   13.167   13.912   15.105   15.105   15.687   18.872
   21.806
            0.000000  0.207713  0.000000
   -6.352   -3.662   -3.662   -3.625   -3.476   -3.465    2.910    3.956    3.956    6.466
    8.312    9.727    9.727   11.839   13.190   13.916   15.117   15.117   15.698   18.911
   21.771
            0.000000  0.209922  0.000000
   -6.350   -3.661   -3.661   -3.624   -3.476   -3.465    2.892    3.949    3.949    6.482
    8.302    9.740    9.740   11.821   13.213   13.920   15.129   15.129   15.709   18.949
   21.736
            0.000000  0.212132  0.000000
   -6.348   -3.661   -3.661   -3.623   -3.477   -3.465    2.875    3.941    3.941    6.498
    8.292    9.754    9.754   11.804   13.236   13.924   15.141   15.141   15.721   18.988
   21.701
            0.000000  0.214342  0.000000
   -6.347   -3.660   -3.660   -3.621   -3.477   -3.465    2.858    3.933    3.933    6.515
    8.282    9.767    9.767   11.786   13.259   13.929   15.153   15.153   15.732   19.027
   21.665
            0.000000  0.216551  0.000000
   -6.345   -3.660   -3.660   -3.620   -3.477   -3.465    2.841    3.925    3.925    6.531
    8.272    9.781    9.781   11.769   13.283   13.933   15.166   15.166   15.743   19.066
   21.630
            0.000000  0.218761  0.000000
   -6.343   -3.659   -3.659   -3.619   -3.477   -3.465    2.824    3.918    3.918    6.547
    8.261    9.794    9.794   11.752   13.306   13.937   15.178   15.178   15.755   19.106
   21.595
            0.000000  0.220971  0.000000
   -6.341   -3.659   -3.659   -3.617   -3.477   -3.464    2.807    3.910    3.910    6.563
    8.251    9.808    9.808   11.736   13.330   13.941   15.191   15.191   15.766   19.145
   21.560
            0.000000  0.223181  0.000000
   -6.339   -3.658   -3.658   -3.616   -3.477   -3.464    2.790    3.902    3.902    6.579
    8.241    9.822    9.822   11.719   13.354   13.946   15.204   15.204   15.778   19.185
   21.525
            0.000000  0.225390  0.000000
   -6.337   -3.658   -3.658   -3.614   -3.477   -3.464    2.773    3.894    3.894    6.594
    8.231    9.836    9.836   11.703   13.377   13.950   15.217   15.217   15.789   19.225
   21.490
            0.000000  0.227600  0.000000
   -6.336   -3.657   -3.657   -3.613   -3.477   -3.464    2.756    3.886    3.886    6.610
    8.221    9.850    9.850   11.687   13.401   13.955   15.230   15.230   15.801   19.264
   21.455
            0.000000  0.229810  0.000000
   -6.334   -3.657   -3.657   -3.612   -3.477   -3.464    2.739    3.878    3.878    6.626
    8.211    9.864    9.864   11.671   13.425   13.959   15.243   15.243   15.812   19.305
   21.420
            0.000000  0.232019  0.000000
   -6.332   -3.656   -3.656   -3.610   -3.477   -3.464    2.722    3.870    3.870    6.641
    8.201    9.879    9.879   11.655   13.450   13.964   15.257   15.257   15.824   19.345
   21.385
            0.000000  0.234229  0.000000
   -6.330   -3.655   -3.655   -3.609   -3.477   -3.464    2.705    3.863    3.863    6.656
    8.192    9.893    9.893   11.639   13.474   13.968   15.270   15.270   15.836   19.385
   21.350
            0.000000  0.236439  0.000000
   -6.328   -3.655   -3.655   -3.607   -3.477   -3.464    2.688    3.855    3.855    6.671
    8.182    9.907    9.907   11.624   13.498   13.973   15.284   15.284   15.848   19.426
   21.315
            0.000000  0.238649  0.000000
   -6.326   -3.654   -3.654   -3.606   -3.477   -3.464    2.671    3.847    3.847    6.686
    8.172    9.922    9.922   11.609   13.523   13.978   15.297   15.297   15.859   19.466
   21.281
            0.000000  0.240858  0.000000
   -6.324   -3.654   -3.654   -3.605   -3.476   -3.463    2.654    3.839    3.839    6.701
    8.162    9.936    9.936   11.594   13.547   13.982   15.311   15.311   15.871   19.507
   21.246
            0.000000  0.243068  0.000000
   -6.322   -3.653   -3.653   -3.603   -3.476   -3.463    2.637    3.831    3.831    6.716
    8.153    9.951    9.951   11.579   13.572   13.987   15.325   15.325   15.883   19.548
   21.211
            0.000000  0.245278  0.000000
   -6.320   -3.653   -3.653   -3.602   -3.476   -3.463    2.621    3.823    3.823    6.730
    8.143    9.965    9.965   11.564   13.597   13.992   15.339   15.339   15.895   19.589
   21.177
            0.000000  0.247487  0.000000
   -6.318   -3.652   -3.652   -3.600   -3.476   -3.463    2.604    3.814    3.814    6.745
    8.134    9.980    9.980   11.550   13.621   13.997   15.354   15.354   15.907   19.630
   21.142
            0.000000  0.249697  0.000000
   -6.316   -3.652   -3.652   -3.599   -3.476   -3.463    2.587    3.806    3.806    6.759
    8.124    9.995    9.995   11.536   13.646   14.002   15.368   15.368   15.919   19.672
   21.107
            0.000000  0.251907  0.000000
   -6.314   -3.651   -3.651   -3.597   -3.476   -3.463    2.570    3.798    3.798    6.773
    8.115   10.010   10.010   11.522   13.671   14.007   15.382   15.382   15.931   19.713
   21.073
            0.000000  0.254116  0.000000
   -6.312   -3.650   -3.650   -3.596   -3.476   -3.463    2.554    3.790    3.790    6.787
    8.105   10.025   10.025   11.508   13.696   14.011   15.397   15.397   15.944   19.755
   21.038
            0.000000  0.256326  0.000000
   -6.310   -3.650   -3.650   -3.594   -3.476   -3.463    2.537    3.782    3.782    6.801
    8.096   10.040   10.040   11.495   13.721   14.016   15.412   15.412   15.956   19.796
   21.004
            0.000000  0.258536  0.000000
   -6.308   -3.649   -3.649   -3.593   -3.476   -3.463    2.521    3.774    3.774    6.815
    8.087   10.055   10.055   11.482   13.747   14.022   15.427   15.427   15.968   19.838
   20.969
            0.000000  0.260746  0.000000
   -6.306   -3.649   -3.649   -3.591   -3.475   -3.462    2.504    3.766    3.766    6.828
    8.078   10.070   10.070   11.469   13.772   14.027   15.442   15.442   15.981   19.880
   20.935
            0.000000  0.262955  0.000000
   -6.304   -3.648   -3.648   -3.590   -3.475   -3.462    2.487    3.758    3.758    6.842
    8.069   10.086   10.086   11.456   13.797   14.032   15.457   15.457   15.993   19.922
   20.901
            0.000000  0.265165  0.000000
   -6.302   -3.648   -3.648   -3.588   -3.475   -3.462    2.471    3.750    3.750    6.855
    8.060   10.101   10.101   11.444   13.823   14.037   15.472   15.472   16.006   19.964
   20.866
            0.000000  0.267375  0.000000
   -6.300   -3.647   -3.647   -3.587   -3.475   -3.462    2.454    3.742    3.742    6.868
    8.051   10.116   10.116   11.432   13.848   14.042   15.487   15.487   16.018   20.006
   20.832
            0.000000  0.269584  0.000000
   -6.298   -3.646   -3.646   -3.585   -3.475   -3.462    2.438    3.734    3.734    6.881
    8.042   10.132   10.132   11.420   13.874   14.047   15.503   15.503   16.031   20.048
   20.798
            0.000000  0.271794  0.000000
   -6.296   -3.646   -3.646   -3.584   -3.474   -3.462    2.421    3.725    3.725    6.893
    8.033   10.147   10.147   11.408   13.899   14.053   15.518   15.518   16.044   20.090
   20.764
            0.000000  0.274004  0.000000
   -6.294   -3.645   -3.645   -3.582   -3.474   -3.462    2.405    3.717    3.717    6.906
    8.024   10.163   10.163   11.397   13.925   14.058   15.534   15.534   16.056   20.132
   20.730
            0.000000  0.276214  0.000000
   -6.292   -3.645   -3.645   -3.581   -3.474   -3.462    2.389    3.709    3.709    6.918
    8.015   10.179   10.179   11.386   13.951   14.063   15.550   15.550   16.069   20.175
   20.696
            0.000000  0.278423  0.000000
   -6.289   -3.644   -3.644   -3.579   -3.473   -3.461    2.372    3.701    3.701    6.930
    8.007   10.194   10.194   11.375   13.977   14.069   15.566   15.566   16.082   20.217
   20.662
            0.000000  0.280633  0.000000
   -6.287   -3.643   -3.643   -3.578   -3.473   -3.461    2.356    3.693    3.693    6.942
    7.998   10.210   10.210   11.364   14.002   14.074   15.582   15.582   16.095   20.259
   20.628
            0.000000  0.282843  0.000000
   -6.285   -3.643   -3.643   -3.577   -3.473   -3.461    2.340    3.685    3.685    6.954
    7.990   10.226   10.226   11.354   14.028   14.079   15.598   15.598   16.109   20.302
   20.594
            0.000000  0.285052  0.000000
   -6.283   -3.642   -3.642   -3.575   -3.472   -3.461    2.323    3.677    3.677    6.965
    7.981   10.242   10.242   11.344   14.054   14.085   15.614   15.614   16.122   20.344
   20.560
            0.000000  0.287262  0.000000
   -6.281   -3.642   -3.642   -3.574   -3.472   -3.461    2.307    3.668    3.668    6.976
    7.973   10.258   10.258   11.334   14.080   14.091   15.631   15.631   16.135   20.386
   20.526
            0.000000  0.289472  0.000000
   -6.279   -3.641   -3.641   -3.572   -3.471   -3.461    2.291    3.660    3.660    6.987
    7.965   10.274   10.274   11.324   14.096   14.106   15.647   15.647   16.148   20.428
   20.493
            0.000000  0.291682  0.000000
   -6.277   -3.640   -3.640   -3.571   -3.471   -3.461    2.275    3.652    3.652    6.998
    7.957   10.290   10.290   11.315   14.102   14.132   15.664   15.664   16.162   20.459
   20.459
            0.000000  0.293891  0.000000
   -6.275   -3.640   -3.640   -3.569   -3.470   -3.461    2.259    3.644    3.644    7.009
    7.949   10.306   10.306   11.306   14.107   14.159   15.681   15.681   16.176   20.425
   20.425
            0.000000  0.296101  0.000000
   -6.273   -3.639   -3.639   -3.568   -3.470   -3.460    2.243    3.636    3.636    7.019
    7.941   10.322   10.322   11.298   14.113   14.185   15.697   15.697   16.189   20.392
   20.392
            0.000000  0.298311  0.000000
   -6.270   -3.639   -3.639   -3.567   -3.469   -3.460    2.227    3.628    3.628    7.029
    7.933   10.339   10.339   11.289   14.119   14.211   15.715   15.715   16.203   20.358
   20.358
            0.000000  0.300520  0.000000
   -6.268   -3.638   -3.638   -3.565   -3.468   -3.460    2.211    3.620    3.620    7.039
    7.925   10.355   10.355   11.281   14.125   14.237   15.732   15.732   16.217   20.325
   20.325
            0.000000  0.302730  0.000000
   -6.266   -3.637   -3.637   -3.564   -3.468   -3.460    2.195    3.612    3.612    7.049
    7.918   10.371   10.371   11.273   14.130   14.264   15.749   15.749   16.231   20.291
   20.291
            0.000000  0.304940  0.000000
   -6.264   -3.637   -3.637   -3.563   -3.467   -3.460    2.179    3.604    3.604    7.059
    7.910   10.388   10.388   11.266   14.136   14.290   15.766   15.766   16.245   20.258
   20.258
            0.000000  0.307150  0.000000
   -6.262   -3.636   -3.636   -3.561   -3.466   -3.460    2.163    3.596    3.596    7.068
    7.903   10.404   10.404   11.259   14.142   14.316   15.784   15.784   16.259   20.225
   20.225
            0.000000  0.309359  0.000000
   -6.260   -3.635   -3.635   -3.560   -3.466   -3.460    2.147    3.587    3.587    7.077
    7.895   10.421   10.421   11.252   14.148   14.343   15.801   15.801   16.273   20.191
   20.191
            0.000000  0.311569  0.000000
   -6.257   -3.635   -3.635   -3.559   -3.465   -3.460    2.131    3.579    3.579    7.086
    7.888   10.437   10.437   11.245   14.154   14.369   15.819   15.819   16.287   20.158
   20.158
            0.000000  0.313779  0.000000
   -6.255   -3.634   -3.634   -3.558   -3.464   -3.459    2.115    3.571    3.571    7.094
    7.881   10.454   10.454   11.239   14.160   14.396   15.837   15.837   16.302   20.125
   20.125
            0.000000  0.315988  0.000000
   -6.253   -3.633   -3.633   -3.557   -3.463   -3.459    2.099    3.563    3.563    7.102
    7.874   10.471   10.471   11.233   14.166   14.422   15.855   15.855   16.316   20.092
   20.092
            0.000000  0.318198  0.000000
   -6.251   -3.633   -3.633   -3.555   -3.462   -3.459    2.084    3.555    3.555    7.110
    7.867   10.487   10.487   11.227   14.172   14.449   15.873   15.873   16.331   20.059
   20.059
            0.000000  0.320408  0.000000
   -6.249   -3.632   -3.632   -3.554   -3.461   -3.459    2.068    3.547    3.547    7.118
    7.860   10.504   10.504   11.222   14.178   14.475   15.891   15.891   16.345   20.026
   20.026
            0.000000  0.322617  0.000000
   -6.247   -3.632   -3.632   -3.553   -3.460   -3.459    2.052    3.539    3.539    7.126
    7.853   10.521   10.521   11.217   14.184   14.502   15.910   15.910   16.360   19.993
   19.993
            0.000000  0.324827  0.000000
   -6.244   -3.631   -3.631   -3.552   -3.459   -3.459    2.037    3.531    3.531    7.133
    7.847   10.538   10.538   11.212   14.191   14.528   15.928   15.928   16.375   19.960
   19.960
            0.000000  0.327037  0.000000
   -6.242   -3.630   -3.630   -3.551   -3.459   -3.457    2.021    3.523    3.523    7.140
    7.840   10.555   10.555   11.208   14.197   14.555   15.947   15.947   16.390   19.927
   19.927
            0.000000  0.329247  0.000000
   -6.240   -3.630   -3.630   -3.550   -3.458   -3.456    2.006    3.515    3.515    7.146
    7.834   10.572   10.572   11.204   14.203   14.582   15.965   15.965   16.405   19.894
   19.894
            0.000000  0.331456  0.000000
   -6.238   -3.629   -3.629   -3.549   -3.458   -3.455    1.990    3.507    3.507    7.153
    7.828   10.589   10.589   11.200   14.209   14.608   15.984   15.984   16.420   19.862
   19.862
            0.000000  0.333666  0.000000
   -6.236   -3.628   -3.628   -3.548   -3.458   -3.453    1.975    3.499    3.499    7.159
    7.821   10.606   10.606   11.197   14.216   14.635   16.003   16.003   16.436   19.829
   19.829
            0.000000  0.335876  0.000000
   -6.233   -3.628   -3.628   -3.548   -3.458   -3.452    1.959    3.492    3.492    7.165
    7.815   10.623   10.623   11.193   14.222   14.661   16.022   16.022   16.451   19.796
   19.796
            0.000000  0.338085  0.000000
   -6.231   -3.627   -3.627   -3.547   -3.458   -3.451    1.944    3.484    3.484    7.171
    7.809   10.640   10.640   11.191   14.228   14.688   16.041   16.041   16.467   19.764
   19.764
            0.000000  0.340295  0.000000
   -6.229   -3.626   -3.626   -3.546   -3.458   -3.449    1.928    3.476    3.476    7.176
    7.803   10.657   10.657   11.188   14.235   14.715   16.060   16.060   16.482   19.731
   19.731
            0.000000  0.342505  0.000000
   -6.227   -3.626   -3.626   -3.545   -3.458   -3.447    1.913    3.468    3.468    7.181
    7.798   10.675   10.675   11.186   14.241   14.741   16.080   16.080   16.498   19.699
   19.699
            0.000000  0.344715  0.000000
   -6.225   -3.625   -3.625   -3.544   -3.458   -3.446    1.898    3.460    3.460    7.186
    7.792   10.692   10.692   11.184   14.248   14.768   16.099   16.099   16.514   19.667
   19.667
            0.000000  0.346924  0.000000
   -6.222   -3.624   -3.624   -3.544   -3.457   -3.444    1.883    3.452    3.452    7.190
    7.787   10.709   10.709   11.183   14.254   14.794   16.119   16.119   16.530   19.634
   19.634
            0.000000  0.349134  0.000000
   -6.220   -3.624   -3.624   -3.543   -3.457   -3.442    1.867    3.445    3.445    7.195
    7.781   10.727   10.727   11.181   14.261   14.821   16.139   16.139   16.546   19.602
   19.602
            0.000000  0.351344  0.000000
   -6.218   -3.623   -3.623   -3.542   -3.457   -3.441    1.852    3.437    3.437    7.199
    7.776   10.744   10.744   11.181   14.267   14.848   16.158   16.158   16.562   19.570
   19.570
            0.000000  0.353553  0.000000
   -6.216   -3.622   -3.622   -3.542   -3.457   -3.439    1.837    3.429    3.429    7.202
    7.771   10.762   10.762   11.180   14.274   14.874   16.178   16.178   16.579   19.538
   19.538
            0.000000  0.355763  0.000000
   -6.214   -3.622   -3.622   -3.541   -3.457   -3.437    1.822    3.421    3.421    7.206
    7.766   10.779   10.779   11.180   14.281   14.901   16.198   16.198   16.595   19.506
   19.506
            0.000000  0.357973  0.000000
   -6.211   -3.621   -3.621   -3.541   -3.457   -3.435    1.807    3.414    3.414    7.209
    7.761   10.797   10.797   11.180   14.287   14.927   16.219   16.219   16.612   19.474
   19.474
            0.000000  0.360183  0.000000
   -6.209   -3.620   -3.620   -3.540   -3.457   -3.433    1.792    3.406    3.406    7.212
    7.756   10.814   10.814   11.180   14.294   14.954   16.239   16.239   16.628   19.442
   19.442
            0.000000  0.362392  0.000000
   -6.207   -3.620   -3.620   -3.540   -3.456   -3.431    1.777    3.398    3.398    7.215
    7.751   10.832   10.832   11.181   14.301   14.980   16.259   16.259   16.645   19.410
   19.410
            0.000000  0.364602  0.000000
   -6.205   -3.619   -3.619   -3.539   -3.456   -3.429    1.762    3.391    3.391    7.217
    7.746   10.850   10.850   11.182   14.308   15.006   16.280   16.280   16.662   19.378
   19.378
            0.000000  0.366812  0.000000
   -6.203   -3.618   -3.618   -3.539   -3.456   -3.427    1.747    3.383    3.383    7.219
    7.742   10.867   10.867   11.184   14.314   15.033   16.300   16.300   16.679   19.346
   19.346
            0.000000  0.369021  0.000000
   -6.200   -3.618   -3.618   -3.539   -3.456   -3.425    1.733    3.375    3.375    7.221
    7.737   10.885   10.885   11.185   14.321   15.059   16.321   16.321   16.696   19.314
   19.314
            0.000000  0.371231  0.000000
   -6.198   -3.617   -3.617   -3.538   -3.456   -3.422    1.718    3.368    3.368    7.223
    7.733   10.903   10.903   11.187   14.328   15.085   16.342   16.342   16.714   19.283
   19.283
            0.000000  0.373441  0.000000
   -6.196   -3.616   -3.616   -3.538   -3.456   -3.420    1.703    3.360    3.360    7.224
    7.728   10.921   10.921   11.190   14.335   15.111   16.363   16.363   16.731   19.251
   19.251
            0.000000  0.375650  0.000000
   -6.194   -3.616   -3.616   -3.538   -3.456   -3.418    1.688    3.353    3.353    7.226
    7.724   10.938   10.938   11.192   14.342   15.137   16.384   16.384   16.749   19.220
   19.220
            0.000000  0.377860  0.000000
   -6.192   -3.615   -3.615   -3.537   -3.456   -3.416    1.674    3.345    3.345    7.227
    7.720   10.956   10.956   11.195   14.349   15.164   16.405   16.405   16.766   19.188
   19.188
            0.000000  0.380070  0.000000
   -6.190   -3.615   -3.615   -3.537   -3.455   -3.413    1.659    3.338    3.338    7.227
    7.716   10.974   10.974   11.198   14.356   15.189   16.426   16.426   16.784   19.157
   19.157
            0.000000  0.382280  0.000000
   -6.187   -3.614   -3.614   -3.537   -3.455   -3.411    1.645    3.330    3.330    7.228
    7.712   10.992   10.992   11.202   14.363   15.215   16.448   16.448   16.802   19.125
   19.125
            0.000000  0.384489  0.000000
   -6.185   -3.613   -3.613   -3.537   -3.455   -3.408    1.630    3.323    3.323    7.228
    7.708   11.010   11.010   11.206   14.370   15.241   16.469   16.469   16.820   19.094
   19.094
            0.000000  0.386699  0.000000
   -6.183   -3.613   -3.613   -3.536   -3.455   -3.406    1.616    3.316    3.316    7.228
    7.704   11.028   11.028   11.210   14.377   15.267   16.491   16.491   16.839   19.063
   19.063
            0.000000  0.388909  0.000000
   -6.181   -3.612   -3.612   -3.536   -3.455   -3.403    1.601    3.308    3.308    7.228
    7.700   11.046   11.046   11.215   14.384   15.293   16.513   16.513   16.857   19.032
   19.032
            0.000000  0.391118  0.000000
   -6.179   -3.611   -3.611   -3.536   -3.455   -3.401    1.587    3.301    3.301    7.228
    7.696   11.064   11.064   11.220   14.391   15.318   16.534   16.534   16.875   19.001
   19.001
            0.000000  0.393328  0.000000
   -6.177   -3.611   -3.611   -3.536   -3.455   -3.398    1.573    3.294    3.294    7.228
    7.692   11.082   11.082   11.225   14.399   15.344   16.556   16.556   16.894   18.970
   18.970
            0.000000  0.395538  0.000000
   -6.174   -3.610   -3.610   -3.536   -3.454   -3.396    1.559    3.287    3.287    7.227
    7.688   11.100   11.100   11.230   14.406   15.369   16.578   16.578   16.913   18.939
   18.939
            0.000000  0.397748  0.000000
   -6.172   -3.609   -3.609   -3.536   -3.454   -3.393    1.544    3.279    3.279    7.226
    7.685   11.119   11.119   11.236   14.413   15.395   16.600   16.600   16.932   18.908
   18.908
            0.000000  0.399957  0.000000
   -6.170   -3.609   -3.609   -3.536   -3.454   -3.390    1.530    3.272    3.272    7.225
    7.681   11.137   11.137   11.242   14.420   15.420   16.623   16.623   16.951   18.877
   18.877
            0.000000  0.402167  0.000000
   -6.168   -3.608   -3.608   -3.536   -3.454   -3.388    1.516    3.265    3.265    7.224
    7.677   11.155   11.155   11.248   14.427   15.445   16.645   16.645   16.970   18.847
   18.847
            0.000000  0.404377  0.000000
   -6.166   -3.607   -3.607   -3.536   -3.454   -3.385    1.502    3.258    3.258    7.223
    7.673   11.173   11.173   11.255   14.435   15.470   16.667   16.667   16.989   18.816
   18.816
            0.000000  0.406586  0.000000
   -6.164   -3.607   -3.607   -3.535   -3.454   -3.382    1.488    3.251    3.251    7.222
    7.670   11.192   11.192   11.261   14.442   15.495   16.690   16.690   17.009   18.785
   18.785
            0.000000  0.408796  0.000000
   -6.162   -3.606   -3.606   -3.535   -3.454   -3.379    1.474    3.244    3.244    7.220
    7.666   11.210   11.210   11.269   14.449   15.519   16.713   16.713   17.028   18.755
   18.755
            0.000000  0.411006  0.000000
   -6.160   -3.605   -3.605   -3.535   -3.454   -3.376    1.460    3.237    3.237    7.219
    7.662   11.228   11.228   11.276   14.457   15.544   16.735   16.735   17.048   18.725
   18.725
            0.000000  0.413216  0.000000
   -6.158   -3.605   -3.605   -3.535   -3.453   -3.374    1.447    3.230    3.230    7.217
    7.659   11.246   11.246   11.284   14.464   15.569   16.758   16.758   17.068   18.694
   18.694
            0.000000  0.415425  0.000000
   -6.155   -3.604   -3.604   -3.535   -3.453   -3.371    1.433    3.223    3.223    7.215
    7.655   11.265   11.265   11.292   14.472   15.593   16.781   16.781   17.088   18.664
   18.664
            0.000000  0.417635  0.000000
   -6.153   -3.603   -3.603   -3.535   -3.453   -3.368    1.419    3.216    3.216    7.213
    7.651   11.283   11.283   11.300   14.479   15.617   16.804   16.804   17.108   18.634
   18.634
            0.000000  0.419845  0.000000
   -6.151   -3.603   -3.603   -3.535   -3.453   -3.365    1.405    3.209    3.209    7.211
    7.648   11.302   11.302   11.308   14.487   15.641   16.827   16.827   17.129   18.604
   18.604
            0.000000  0.422054  0.000000
   -6.149   -3.602   -3.602   -3.535   -3.453   -3.362    1.392    3.202    3.202    7.209
    7.644   11.317   11.320   11.320   14.494   15.665   16.851   16.851   17.149   18.574
   18.574
            0.000000  0.424264  0.000000
   -6.147   -3.601   -3.601   -3.535   -3.453   -3.359    1.378    3.196    3.196    7.207
    7.640   11.326   11.338   11.338   14.501   15.688   16.874   16.874   17.170   18.544
   18.544
            0.000000  0.426474  0.000000
   -6.145   -3.601   -3.601   -3.535   -3.453   -3.356    1.365    3.189    3.189    7.204
    7.637   11.335   11.357   11.357   14.509   15.712   16.897   16.897   17.190   18.514
   18.514
            0.000000  0.428683  0.000000
   -6.143   -3.600   -3.600   -3.536   -3.453   -3.353    1.351    3.182    3.182    7.202
    7.633   11.345   11.375   11.375   14.517   15.735   16.921   16.921   17.211   18.484
   18.484
            0.000000  0.430893  0.000000
   -6.141   -3.599   -3.599   -3.536   -3.452   -3.350    1.338    3.175    3.175    7.199
    7.629   11.355   11.394   11.394   14.524   15.758   16.945   16.945   17.232   18.454
   18.454
            0.000000  0.433103  0.000000
   -6.139   -3.599   -3.599   -3.536   -3.452   -3.347    1.325    3.169    3.169    7.197
    7.625   11.364   11.413   11.413   14.532   15.781   16.968   16.968   17.254   18.425
   18.425
            0.000000  0.435313  0.000000
   -6.137   -3.598   -3.598   -3.536   -3.452   -3.344    1.312    3.162    3.162    7.194
    7.621   11.375   11.431   11.431   14.539   15.804   16.992   16.992   17.275   18.395
   18.395
            0.000000  0.437522  0.000000
   -6.135   -3.598   -3.598   -3.536   -3.452   -3.341    1.298    3.156    3.156    7.192
    7.617   11.385   11.450   11.450   14.547   15.826   17.016   17.016   17.296   18.366
   18.366
            0.000000  0.439732  0.000000
   -6.133   -3.597   -3.597   -3.536   -3.452   -3.338    1.285    3.149    3.149    7.189
    7.614   11.396   11.468   11.468   14.555   15.848   17.040   17.040   17.318   18.337
   18.337
            0.000000  0.441942  0.000000
   -6.131   -3.596   -3.596   -3.536   -3.452   -3.335    1.272    3.143    3.143    7.186
    7.610   11.407   11.487   11.487   14.562   15.870   17.064   17.064   17.340   18.308
   18.308
            0.000000  0.444151  0.000000
   -6.129   -3.596   -3.596   -3.536   -3.452   -3.332    1.259    3.136    3.136    7.184
    7.606   11.418   11.505   11.505   14.570   15.892   17.088   17.088   17.362   18.278
   18.278
            0.000000  0.446361  0.000000
   -6.127   -3.595   -3.595   -3.536   -3.452   -3.329    1.246    3.130    3.130    7.181
    7.602   11.429   11.524   11.524   14.578   15.914   17.112   17.112   17.384   18.249
   18.249
            0.000000  0.448571  0.000000
   -6.125   -3.594   -3.594   -3.536   -3.451   -3.326    1.233    3.123    3.123    7.178
    7.598   11.441   11.543   11.543   14.585   15.935   17.136   17.136   17.406   18.221
   18.221
            0.000000  0.450781  0.000000
   -6.123   -3.594   -3.594   -3.536   -3.451   -3.322    1.221    3.117    3.117    7.175
    7.593   11.452   11.561   11.561   14.593   15.956   17.161   17.161   17.428   18.192
   18.192
            0.000000  0.452990  0.000000
   -6.121   -3.593   -3.593   -3.537   -3.451   -3.319    1.208    3.111    3.111    7.172
    7.589   11.464   11.580   11.580   14.601   15.976   17.185   17.185   17.451   18.163
   18.163
            0.000000  0.455200  0.000000
   -6.119   -3.593   -3.593   -3.537   -3.451   -3.316    1.195    3.105    3.105    7.169
    7.585   11.476   11.599   11.599   14.608   15.997   17.209   17.209   17.473   18.135
   18.135
            0.000000  0.457410  0.000000
   -6.117   -3.592   -3.592   -3.537   -3.451   -3.313    1.183    3.098    3.098    7.166
    7.581   11.489   11.617   11.617   14.616   16.017   17.234   17.234   17.496   18.106
   18.106
            0.000000  0.459619  0.000000
   -6.115   -3.591   -3.591   -3.537   -3.451   -3.310    1.170    3.092    3.092    7.163
    7.577   11.501   11.636   11.636   14.624   16.037   17.258   17.258   17.519   18.078
   18.078
            0.000000  0.461829  0.000000
   -6.114   -3.591   -3.591   -3.537   -3.451   -3.306    1.158    3.086    3.086    7.160
    7.572   11.514   11.655   11.655   14.632   16.056   17.283   17.283   17.542   18.050
   18.050
            0.000000  0.464039  0.000000
   -6.112   -3.590   -3.590   -3.537   -3.451   -3.303    1.145    3.080    3.080    7.158
    7.568   11.527   11.673   11.673   14.640   16.075   17.307   17.307   17.565   18.023
   18.023
            0.000000  0.466249  0.000000
   -6.110   -3.589   -3.589   -3.537   -3.451   -3.300    1.133    3.074    3.074    7.155
    7.564   11.540   11.692   11.692   14.647   16.094   17.331   17.331   17.588   17.995
   17.995
            0.000000  0.468458  0.000000
   -6.108   -3.589   -3.589   -3.537   -3.450   -3.297    1.121    3.068    3.068    7.152
    7.559   11.553   11.711   11.711   14.655   16.112   17.356   17.356   17.611   17.968
   17.968
            0.000000  0.470668  0.000000
   -6.106   -3.588   -3.588   -3.538   -3.450   -3.294    1.108    3.062    3.062    7.149
    7.555   11.566   11.730   11.730   14.663   16.130   17.380   17.380   17.635   17.941
   17.941
            0.000000  0.472878  0.000000
   -6.104   -3.588   -3.588   -3.538   -3.450   -3.290    1.096    3.056    3.056    7.146
    7.550   11.580   11.748   11.748   14.671   16.148   17.404   17.404   17.658   17.914
   17.914
            0.000000  0.475087  0.000000
   -6.102   -3.587   -3.587   -3.538   -3.450   -3.287    1.084    3.050    3.050    7.143
    7.546   11.594   11.767   11.767   14.679   16.165   17.427   17.427   17.682   17.888
   17.888
            0.000000  0.477297  0.000000
   -6.101   -3.587   -3.587   -3.538   -3.450   -3.284    1.072    3.045    3.045    7.140
    7.541   11.608   11.786   11.786   14.686   16.182   17.450   17.450   17.705   17.863
   17.863
            0.000000  0.479507  0.000000
   -6.099   -3.586   -3.586   -3.538   -3.450   -3.281    1.060    3.039    3.039    7.137
    7.537   11.622   11.804   11.804   14.694   16.199   17.473   17.473   17.729   17.839
   17.839
            0.000000  0.481716  0.000000
   -6.097   -3.585   -3.585   -3.538   -3.450   -3.277    1.048    3.033    3.033    7.134
    7.532   11.636   11.823   11.823   14.702   16.215   17.494   17.494   17.753   17.815
   17.815
            0.000000  0.483926  0.000000
   -6.095   -3.585   -3.585   -3.538   -3.450   -3.274    1.037    3.027    3.027    7.131
    7.527   11.650   11.842   11.842   14.710   16.230   17.514   17.514   17.777   17.794
   17.794
            0.000000  0.486136  0.000000
   -6.093   -3.584   -3.584   -3.539   -3.449   -3.271    1.025    3.022    3.022    7.128
    7.523   11.664   11.861   11.861   14.718   16.245   17.531   17.531   17.775   17.775
   17.801
            0.000000  0.488346  0.000000
   -6.092   -3.584   -3.584   -3.539   -3.449   -3.267    1.013    3.016    3.016    7.126
    7.518   11.679   11.879   11.879   14.726   16.260   17.545   17.545   17.760   17.760
   17.825
            0.000000  0.490555  0.000000
   -6.090   -3.583   -3.583   -3.539   -3.449   -3.264    1.002    3.011    3.011    7.123
    7.513   11.694   11.898   11.898   14.733   16.274   17.553   17.553   17.751   17.751
   17.849
            0.000000  0.492765  0.000000
   -6.088   -3.582   -3.582   -3.539   -3.449   -3.261    0.990    3.005    3.005    7.120
    7.508   11.708   11.917   11.917   14.741   16.288   17.554   17.554   17.749   17.749
   17.873
            0.000000  0.494975  0.000000
   -6.086   -3.582   -3.582   -3.539   -3.449   -3.258    0.979    3.000    3.000    7.117
    7.504   11.723   11.935   11.935   14.749   16.301   17.548   17.548   17.754   17.754
   17.897
            0.000000  0.497184  0.000000
   -6.085   -3.581   -3.581   -3.539   -3.449   -3.254    0.968    2.994    2.994    7.114
    7.499   11.738   11.954   11.954   14.757   16.314   17.536   17.536   17.766   17.766
   17.922
            0.000000  0.499394  0.000000
   -6.083   -3.581   -3.581   -3.540   -3.449   -3.251    0.957    2.989    2.989    7.112
    7.494   11.753   11.973   11.973   14.765   16.327   17.519   17.519   17.782   17.782
   17.946
            0.000000  0.501604  0.000000
   -6.081   -3.580   -3.580   -3.540   -3.449   -3.248    0.945    2.984    2.984    7.109
    7.489   11.769   11.992   11.992   14.773   16.338   17.500   17.500   17.801   17.801
   17.970
            0.000000  0.503814  0.000000
   -6.080   -3.580   -3.580   -3.540   -3.449   -3.245    0.934    2.979    2.979    7.106
    7.484   11.784   12.010   12.010   14.780   16.350   17.478   17.478   17.823   17.823
   17.994
            0.000000  0.506023  0.000000
   -6.078   -3.579   -3.579   -3.540   -3.449   -3.241    0.923    2.973    2.973    7.104
    7.479   11.799   12.029   12.029   14.788   16.360   17.455   17.455   17.846   17.846
   18.018
            0.000000  0.508233  0.000000
   -6.076   -3.579   -3.579   -3.540   -3.448   -3.238    0.912    2.968    2.968    7.101
    7.474   11.815   12.047   12.047   14.796   16.370   17.432   17.432   17.870   17.870
   18.042
            0.000000  0.510443  0.000000
   -6.075   -3.578   -3.578   -3.540   -3.448   -3.235    0.902    2.963    2.963    7.099
    7.469   11.830   12.066   12.066   14.804   16.380   17.408   17.408   17.895   17.895
   18.067
            0.000000  0.512652  0.000000
   -6.073   -3.577   -3.577   -3.541   -3.448   -3.232    0.891    2.958    2.958    7.096
    7.464   11.846   12.085   12.085   14.812   16.389   17.383   17.383   17.920   17.920
   18.091
            0.000000  0.514862  0.000000
   -6.072   -3.577   -3.577   -3.541   -3.448   -3.228    0.880    2.953    2.953    7.094
    7.459   11.862   12.103   12.103   14.819   16.397   17.358   17.358   17.946   17.946
   18.114
            0.000000  0.517072  0.000000
   -6.070   -3.576   -3.576   -3.541   -3.448   -3.225    0.870    2.948    2.948    7.091
    7.454   11.878   12.122   12.122   14.827   16.405   17.333   17.333   17.972   17.972
   18.138
            0.000000  0.519282  0.000000
   -6.068   -3.576   -3.576   -3.541   -3.448   -3.222    0.859    2.943    2.943    7.089
    7.449   11.893   12.140   12.140   14.835   16.413   17.308   17.308   17.998   17.998
   18.162
            0.000000  0.521491  0.000000
   -6.067   -3.575   -3.575   -3.541   -3.448   -3.219    0.849    2.939    2.939    7.086
    7.444   11.909   12.159   12.159   14.843   16.419   17.283   17.283   18.025   18.025
   18.186
            0.000000  0.523701  0.000000
   -6.065   -3.575   -3.575   -3.541   -3.448   -3.215    0.839    2.934    2.934    7.084
    7.439   11.925   12.177   12.177   14.850   16.425   17.258   17.258   18.052   18.052
   18.209
            0.000000  0.525911  0.000000
   -6.064   -3.574   -3.574   -3.542   -3.448   -3.212    0.828    2.929    2.929    7.082
    7.434   11.941   12.196   12.196   14.858   16.431   17.233   17.233   18.079   18.079
   18.232
            0.000000  0.528120  0.000000
   -6.062   -3.574   -3.574   -3.542   -3.448   -3.209    0.818    2.924    2.924    7.080
    7.429   11.957   12.214   12.214   14.866   16.436   17.208   17.208   18.106   18.106
   18.256
            0.000000  0.530330  0.000000
   -6.061   -3.573   -3.573   -3.542   -3.447   -3.206    0.808    2.920    2.920    7.078
    7.424   11.974   12.232   12.232   14.873   16.440   17.183   17.183   18.134   18.134
   18.279
            0.000000  0.532540  0.000000
   -6.059   -3.573   -3.573   -3.542   -3.447   -3.203    0.798    2.915    2.915    7.075
    7.419   11.990   12.251   12.251   14.881   16.444   17.158   17.158   18.161   18.161
   18.301
            0.000000  0.534750  0.000000
   -6.058   -3.572   -3.572   -3.542   -3.447   -3.199    0.789    2.911    2.911    7.073
    7.414   12.006   12.269   12.269   14.888   16.447   17.133   17.133   18.189   18.189
   18.324
            0.000000  0.536959  0.000000
   -6.056   -3.572   -3.572   -3.542   -3.447   -3.196    0.779    2.906    2.906    7.071
    7.409   12.022   12.287   12.287   14.896   16.450   17.108   17.108   18.217   18.217
   18.346
            0.000000  0.539169  0.000000
   -6.055   -3.571   -3.571   -3.543   -3.447   -3.193    0.769    2.902    2.902    7.069
    7.404   12.038   12.305   12.305   14.904   16.452   17.083   17.083   18.245   18.245
   18.368
            0.000000  0.541379  0.000000
   -6.054   -3.571   -3.571   -3.543   -3.447   -3.190    0.760    2.897    2.897    7.067
    7.399   12.055   12.323   12.323   14.911   16.453   17.059   17.059   18.273   18.273
   18.390
            0.000000  0.543588  0.000000
   -6.052   -3.570   -3.570   -3.543   -3.447   -3.187    0.750    2.893    2.893    7.065
    7.394   12.071   12.342   12.342   14.919   16.454   17.034   17.034   18.301   18.301
   18.412
            0.000000  0.545798  0.000000
   -6.051   -3.570   -3.570   -3.543   -3.447   -3.184    0.741    2.889    2.889    7.064
    7.388   12.087   12.360   12.360   14.926   16.455   17.010   17.010   18.329   18.329
   18.433
            0.000000  0.548008  0.000000
   -6.049   -3.570   -3.570   -3.543   -3.447   -3.181    0.732    2.885    2.885    7.062
    7.383   12.103   12.378   12.378   14.934   16.454   16.986   16.986   18.358   18.358
   18.455
            0.000000  0.550217  0.000000
   -6.048   -3.569   -3.569   -3.543   -3.447   -3.178    0.723    2.880    2.880    7.060
    7.378   12.120   12.395   12.395   14.941   16.454   16.961   16.961   18.386   18.386
   18.476
            0.000000  0.552427  0.000000
   -6.047   -3.569   -3.569   -3.544   -3.447   -3.175    0.714    2.876    2.876    7.058
    7.373   12.136   12.413   12.413   14.948   16.452   16.937   16.937   18.414   18.414
   18.496
            0.000000  0.554637  0.000000
   -6.045   -3.568   -3.568   -3.544   -3.446   -3.172    0.705    2.872    2.872    7.057
    7.368   12.152   12.431   12.431   14.956   16.451   16.914   16.914   18.443   18.443
   18.517
            0.000000  0.556847  0.000000
   -6.044   -3.568   -3.568   -3.544   -3.446   -3.169    0.696    2.868    2.868    7.055
    7.363   12.168   12.449   12.449   14.963   16.448   16.890   16.890   18.472   18.472
   18.537
            0.000000  0.559056  0.000000
   -6.043   -3.567   -3.567   -3.544   -3.446   -3.166    0.687    2.864    2.864    7.053
    7.358   12.185   12.467   12.467   14.970   16.446   16.866   16.866   18.500   18.500
   18.558
            0.000000  0.561266  0.000000
   -6.042   -3.567   -3.567   -3.544   -3.446   -3.163    0.678    2.860    2.860    7.052
    7.353   12.201   12.484   12.484   14.977   16.442   16.843   16.843   18.529   18.529
   18.578
            0.000000  0.563476  0.000000
   -6.040   -3.566   -3.566   -3.544   -3.446   -3.160    0.670    2.857    2.857    7.050
    7.348   12.217   12.502   12.502   14.984   16.439   16.820   16.820   18.558   18.558
   18.598
            0.000000  0.565685  0.000000
   -6.039   -3.566   -3.566   -3.545   -3.446   -3.157    0.661    2.853    2.853    7.049
    7.343   12.233   12.519   12.519   14.992   16.435   16.796   16.796   18.587   18.587
   18.618
            0.000000  0.567895  0.000000
   -6.038   -3.566   -3.566   -3.545   -3.446   -3.154    0.653    2.849    2.849    7.048
    7.338   12.249   12.537   12.537   14.999   16.430   16.773   16.773   18.616   18.616
   18.631
            0.000000  0.570105  0.000000
   -6.037   -3.565   -3.565   -3.545   -3.446   -3.151    0.645    2.845    2.845    7.046
    7.334   12.265   12.554   12.554   15.006   16.425   16.751   16.751   18.617   18.645
   18.645
            0.000000  0.572315  0.000000
   -6.036   -3.565   -3.565   -3.545   -3.446   -3.148    0.637    2.842    2.842    7.045
    7.329   12.281   12.571   12.571   15.013   16.420   16.728   16.728   18.603   18.674
   18.674
            0.000000  0.574524  0.000000
   -6.034   -3.564   -3.564   -3.545   -3.446   -3.146    0.629    2.838    2.838    7.044
    7.324   12.297   12.588   12.588   15.020   16.414   16.706   16.706   18.589   18.697
   18.704
            0.000000  0.576734  0.000000
   -6.033   -3.564   -3.564   -3.545   -3.446   -3.143    0.621    2.835    2.835    7.043
    7.319   12.313   12.605   12.605   15.026   16.408   16.683   16.683   18.575   18.716
   18.733
            0.000000  0.578944  0.000000
   -6.032   -3.564   -3.564   -3.545   -3.446   -3.140    0.613    2.831    2.831    7.042
    7.314   12.328   12.622   12.622   15.033   16.402   16.661   16.661   18.561   18.736
   18.762
            0.000000  0.581153  0.000000
   -6.031   -3.563   -3.563   -3.546   -3.446   -3.137    0.605    2.828    2.828    7.041
    7.309   12.344   12.639   12.639   15.040   16.395   16.639   16.639   18.548   18.756
   18.791
            0.000000  0.583363  0.000000
   -6.030   -3.563   -3.563   -3.546   -3.445   -3.135    0.598    2.825    2.825    7.040
    7.304   12.360   12.656   12.656   15.047   16.388   16.618   16.618   18.535   18.775
   18.821
            0.000000  0.585573  0.000000
   -6.029   -3.562   -3.562   -3.546   -3.445   -3.132    0.591    2.821    2.821    7.039
    7.300   12.375   12.672   12.672   15.053   16.380   16.596   16.596   18.522   18.795
   18.850
            0.000000  0.587783  0.000000
   -6.028   -3.562   -3.562   -3.546   -3.445   -3.129    0.583    2.818    2.818    7.038
    7.295   12.390   12.689   12.689   15.060   16.373   16.575   16.575   18.509   18.815
   18.880
            0.000000  0.589992  0.000000
   -6.027   -3.562   -3.562   -3.546   -3.445   -3.127    0.576    2.815    2.815    7.037
    7.290   12.406   12.705   12.705   15.066   16.365   16.554   16.554   18.496   18.836
   18.909
            0.000000  0.592202  0.000000
   -6.026   -3.561   -3.561   -3.546   -3.445   -3.124    0.569    2.812    2.812    7.036
    7.286   12.421   12.721   12.721   15.073   16.357   16.533   16.533   18.484   18.856
   18.939
            0.000000  0.594412  0.000000
   -6.025   -3.561   -3.561   -3.546   -3.445   -3.122    0.562    2.809    2.809    7.036
    7.281   12.436   12.737   12.737   15.079   16.349   16.512   16.512   18.471   18.876
   18.968
            0.000000  0.596621  0.000000
   -6.024   -3.561   -3.561   -3.547   -3.445   -3.119    0.555    2.806    2.806    7.035
    7.276   12.451   12.753   12.753   15.085   16.340   16.492   16.492   18.459   18.897
   18.998
            0.000000  0.598831  0.000000
   -6.023   -3.560   -3.560   -3.547   -3.445   -3.117    0.548    2.803    2.803    7.034
    7.272   12.466   12.769   12.769   15.091   16.332   16.471   16.471   18.447   18.917
   19.027
            0.000000  0.601041  0.000000
   -6.022   -3.560   -3.560   -3.547   -3.445   -3.114    0.542    2.800    2.800    7.034
    7.267   12.480   12.785   12.785   15.097   16.323   16.451   16.451   18.435   18.938
   19.057
            0.000000  0.603250  0.000000
   -6.021   -3.560   -3.560   -3.547   -3.445   -3.112    0.535    2.797    2.797    7.033
    7.263   12.495   12.800   12.800   15.103   16.314   16.432   16.432   18.424   18.959
   19.086
            0.000000  0.605460  0.000000
   -6.020   -3.559   -3.559   -3.547   -3.445   -3.109    0.529    2.794    2.794    7.033
    7.258   12.509   12.816   12.816   15.109   16.305   16.412   16.412   18.413   18.981
   19.116
            0.000000  0.607670  0.000000
   -6.019   -3.559   -3.559   -3.547   -3.445   -3.107    0.523    2.792    2.792    7.032
    7.254   12.523   12.831   12.831   15.115   16.296   16.393   16.393   18.401   19.002
   19.146
            0.000000  0.609880  0.000000
   -6.018   -3.559   -3.559   -3.547   -3.445   -3.105    0.517    2.789    2.789    7.032
    7.250   12.538   12.846   12.846   15.121   16.287   16.374   16.374   18.390   19.023
   19.175
            0.000000  0.612089  0.000000
   -6.017   -3.558   -3.558   -3.547   -3.445   -3.103    0.511    2.786    2.786    7.032
    7.245   12.551   12.861   12.861   15.127   16.278   16.355   16.355   18.380   19.045
   19.205
            0.000000  0.614299  0.000000
   -6.017   -3.558   -3.558   -3.547   -3.445   -3.100    0.505    2.784    2.784    7.032
    7.241   12.565   12.875   12.875   15.132   16.268   16.337   16.337   18.369   19.067
   19.234
            0.000000  0.616509  0.000000
   -6.016   -3.558   -3.558   -3.548   -3.445   -3.098    0.499    2.781    2.781    7.031
    7.237   12.579   12.890   12.890   15.138   16.259   16.319   16.319   18.359   19.089
   19.264
            0.000000  0.618718  0.000000
   -6.015   -3.558   -3.558   -3.548   -3.444   -3.096    0.493    2.779    2.779    7.031
    7.232   12.592   12.904   12.904   15.143   16.250   16.301   16.301   18.349   19.111
   19.293
            0.000000  0.620928  0.000000
   -6.014   -3.557   -3.557   -3.548   -3.444   -3.094    0.488    2.777    2.777    7.031
    7.228   12.605   12.918   12.918   15.149   16.240   16.283   16.283   18.339   19.134
   19.323
            0.000000  0.623138  0.000000
   -6.013   -3.557   -3.557   -3.548   -3.444   -3.092    0.483    2.774    2.774    7.031
    7.224   12.618   12.932   12.932   15.154   16.231   16.266   16.266   18.329   19.156
   19.352
            0.000000  0.625348  0.000000
   -6.013   -3.557   -3.557   -3.548   -3.444   -3.090    0.477    2.772    2.772    7.031
    7.220   12.631   12.945   12.945   15.159   16.222   16.249   16.249   18.320   19.179
   19.381
            0.000000  0.627557  0.000000
   -6.012   -3.557   -3.557   -3.548   -3.444   -3.088    0.472    2.770    2.770    7.031
    7.216   12.643   12.959   12.959   15.164   16.212   16.232   16.232   18.310   19.202
   19.410
            0.000000  0.629767  0.000000
   -6.011   -3.556   -3.556   -3.548   -3.444   -3.086    0.467    2.768    2.768    7.031
    7.212   12.656   12.972   12.972   15.169   16.203   16.216   16.216   18.301   19.225
   19.439
            0.000000  0.631977  0.000000
   -6.011   -3.556   -3.556   -3.548   -3.444   -3.084    0.462    2.766    2.766    7.032
    7.208   12.668   12.985   12.985   15.174   16.194   16.200   16.200   18.292   19.248
   19.468
            0.000000  0.634186  0.000000
   -6.010   -3.556   -3.556   -3.548   -3.444   -3.082    0.458    2.764    2.764    7.032
    7.204   12.679   12.997   12.997   15.178   16.184   16.184   16.185   18.284   19.272
   19.497
            0.000000  0.636396  0.000000
   -6.009   -3.556   -3.556   -3.548   -3.444   -3.081    0.453    2.762    2.762    7.032
    7.201   12.691   13.010   13.010   15.183   16.169   16.169   16.176   18.275   19.295
   19.526
            0.000000  0.638606  0.000000
   -6.009   -3.555   -3.555   -3.549   -3.444   -3.079    0.449    2.760    2.760    7.032
    7.197   12.702   13.022   13.022   15.187   16.154   16.154   16.167   18.267   19.319
   19.555
            0.000000  0.640816  0.000000
   -6.008   -3.555   -3.555   -3.549   -3.444   -3.077    0.444    2.758    2.758    7.033
    7.193   12.713   13.034   13.034   15.192   16.140   16.140   16.159   18.259   19.342
   19.583
            0.000000  0.643025  0.000000
   -6.007   -3.555   -3.555   -3.549   -3.444   -3.076    0.440    2.756    2.756    7.033
    7.189   12.724   13.045   13.045   15.196   16.125   16.125   16.150   18.252   19.366
   19.611
            0.000000  0.645235  0.000000
   -6.007   -3.555   -3.555   -3.549   -3.444   -3.074    0.436    2.755    2.755    7.034
    7.186   12.734   13.057   13.057   15.200   16.111   16.111   16.142   18.244   19.390
   19.639
            0.000000  0.647445  0.000000
   -6.006   -3.555   -3.555   -3.549   -3.444   -3.073    0.432    2.753    2.753    7.034
    7.182   12.745   13.068   13.068   15.204   16.098   16.098   16.134   18.237   19.414
   19.667
            0.000000  0.649654  0.000000
   -6.006   -3.554   -3.554   -3.549   -3.444   -3.071    0.428    2.751    2.751    7.035
    7.179   12.755   13.078   13.078   15.208   16.085   16.085   16.126   18.230   19.438
   19.694
            0.000000  0.651864  0.000000
   -6.005   -3.554   -3.554   -3.549   -3.444   -3.070    0.425    2.750    2.750    7.035
    7.176   12.764   13.089   13.089   15.211   16.072   16.072   16.118   18.224   19.462
   19.722
            0.000000  0.654074  0.000000
   -6.005   -3.554   -3.554   -3.549   -3.444   -3.068    0.421    2.748    2.748    7.036
    7.172   12.773   13.099   13.099   15.215   16.060   16.060   16.110   18.217   19.487
   19.749
            0.000000  0.656283  0.000000
   -6.004   -3.554   -3.554   -3.549   -3.444   -3.067    0.418    2.747    2.747    7.037
    7.169   12.782   13.109   13.109   15.218   16.048   16.048   16.103   18.211   19.511
   19.775
            0.000000  0.658493  0.000000
   -6.004   -3.554   -3.554   -3.549   -3.444   -3.066    0.415    2.746    2.746    7.037
    7.166   12.791   13.118   13.118   15.222   16.037   16.037   16.096   18.205   19.535
   19.801
            0.000000  0.660703  0.000000
   -6.003   -3.554   -3.554   -3.549   -3.444   -3.065    0.412    2.744    2.744    7.038
    7.163   12.799   13.127   13.127   15.225   16.026   16.026   16.089   18.199   19.559
   19.827
            0.000000  0.662913  0.000000
   -6.003   -3.553   -3.553   -3.549   -3.444   -3.063    0.409    2.743    2.743    7.039
    7.160   12.807   13.136   13.136   15.228   16.015   16.015   16.082   18.194   19.584
   19.852
            0.000000  0.665122  0.000000
   -6.003   -3.553   -3.553   -3.549   -3.444   -3.062    0.406    2.742    2.742    7.039
    7.157   12.815   13.144   13.144   15.231   16.005   16.005   16.076   18.189   19.608
   19.877
            0.000000  0.667332  0.000000
   -6.002   -3.553   -3.553   -3.549   -3.444   -3.061    0.403    2.741    2.741    7.040
    7.154   12.822   13.152   13.152   15.234   15.996   15.996   16.069   18.184   19.632
   19.901
            0.000000  0.669542  0.000000
   -6.002   -3.553   -3.553   -3.549   -3.444   -3.060    0.401    2.740    2.740    7.041
    7.151   12.829   13.159   13.159   15.236   15.987   15.987   16.064   18.179   19.656
   19.925
            0.000000  0.671751  0.000000
   -6.002   -3.553   -3.553   -3.550   -3.444   -3.059    0.398    2.739    2.739    7.042
    7.149   12.836   13.167   13.167   15.239   15.978   15.978   16.058   18.175   19.679
   19.948
            0.000000  0.673961  0.000000
   -6.001   -3.553   -3.553   -3.550   -3.444   -3.058    0.396    2.738    2.738    7.043
    7.146   12.842   13.173   13.173   15.241   15.970   15.970   16.053   18.170   19.703
   19.970
            0.000000  0.676171  0.000000
   -6.001   -3.553   -3.553   -3.550   -3.444   -3.058    0.394    2.737    2.737    7.043
    7.144   12.848   13.180   13.180   15.243   15.962   15.962   16.048   18.167   19.726
   19.991
            0.000000  0.678381  0.000000
   -6.001   -3.553   -3.553   -3.550   -3.444   -3.057    0.392    2.736    2.736    7.044
    7.141   12.853   13.186   13.186   15.245   15.955   15.955   16.043   18.163   19.749
   20.011
            0.000000  0.680590  0.000000
   -6.001   -3.552   -3.552   -3.550   -3.444   -3.056    0.390    2.735    2.735    7.045
    7.139   12.858   13.191   13.191   15.247   15.948   15.948   16.039   18.160   19.771
   20.031
            0.000000  0.682800  0.000000
   -6.000   -3.552   -3.552   -3.550   -3.444   -3.055    0.389    2.735    2.735    7.046
    7.137   12.863   13.197   13.197   15.249   15.942   15.942   16.035   18.156   19.793
   20.049
            0.000000  0.685010  0.000000
   -6.000   -3.552   -3.552   -3.550   -3.444   -3.055    0.387    2.734    2.734    7.047
    7.135   12.867   13.201   13.201   15.251   15.936   15.936   16.031   18.154   19.813
   20.066
            0.000000  0.687219  0.000000
   -6.000   -3.552   -3.552   -3.550   -3.444   -3.054    0.386    2.733    2.733    7.047
    7.133   12.871   13.206   13.206   15.252   15.931   15.931   16.028   18.151   19.834
   20.082
            0.000000  0.689429  0.000000
   -6.000   -3.552   -3.552   -3.550   -3.444   -3.054    0.385    2.733    2.733    7.048
    7.132   12.875   13.209   13.209   15.253   15.927   15.927   16.024   18.149   19.853
   20.097
            0.000000  0.691639  0.000000
   -6.000   -3.552   -3.552   -3.550   -3.443   -3.053    0.383    2.732    2.732    7.049
    7.130   12.878   13.213   13.213   15.255   15.923   15.923   16.022   18.147   19.870
   20.110
            0.000000  0.693849  0.000000
   -5.999   -3.552   -3.552   -3.550   -3.443   -3.053    0.383    2.732    2.732    7.049
    7.129   12.880   13.216   13.216   15.256   15.919   15.919   16.019   18.145   19.886
   20.121
            0.000000  0.696058  0.000000
   -5.999   -3.552   -3.552   -3.550   -3.443   -3.053    0.382    2.732    2.732    7.050
    7.128   12.883   13.218   13.218   15.256   15.916   15.916   16.017   18.143   19.901
   20.131
            0.000000  0.698268  0.000000
   -5.999   -3.552   -3.552   -3.550   -3.443   -3.052    0.381    2.731    2.731    7.050
    7.127   12.885   13.220   13.220   15.257   15.914   15.914   16.016   18.142   19.913
   20.139
            0.000000  0.700478  0.000000
   -5.999   -3.552   -3.552   -3.550   -3.443   -3.052    0.381    2.731    2.731    7.050
    7.126   12.886   13.222   13.222   15.258   15.912   15.912   16.015   18.141   19.923
   20.146
            0.000000  0.702687  0.000000
   -5.999   -3.552   -3.552   -3.550   -3.443   -3.052    0.380    2.731    2.731    7.051
    7.126   12.887   13.223   13.223   15.258   15.910   15.910   16.014   18.141   19.931
   20.151
            0.000000  0.704897  0.000000
   -5.999   -3.552   -3.552   -3.550   -3.443   -3.052    0.380    2.731    2.731    7.051
    7.125   12.888   13.224   13.224   15.258   15.909   15.909   16.013   18.140   19.935
   20.153
            0.000000  0.707107  0.000000
   -5.999   -3.552   -3.552   -3.550   -3.443   -3.052    0.380    2.731    2.731    7.051
    7.125   12.888   13.224   13.224   15.258   15.909   15.909   16.013   18.140   19.937
   20.154
            0.002210  0.707107  0.002210
   -5.999   -3.552   -3.552   -3.550   -3.443   -3.052    0.380    2.731    2.731    7.051
    7.125   12.887   13.223   13.224   15.258   15.905   15.909   16.017   18.141   19.933
   20.155
            0.004419  0.707107  0.004419
   -5.999   -3.552   -3.552   -3.549   -3.443   -3.052    0.380    2.730    2.731    7.052
    7.126   12.885   13.222   13.225   15.259   15.896   15.909   16.029   18.142   19.923
   20.157
            0.006629  0.707107  0.006629
   -5.999   -3.553   -3.552   -3.549   -3.443   -3.052    0.380    2.729    2.731    7.053
    7.127   12.881   13.220   13.226   15.259   15.883   15.910   16.045   18.144   19.907
   20.156
            0.008839  0.707107  0.008839
   -5.999   -3.553   -3.552   -3.549   -3.444   -3.052    0.380    2.728    2.732    7.054
    7.129   12.875   13.217   13.227   15.259   15.868   15.910   16.064   18.147   19.888
   20.157
            0.011049  0.707107  0.011049
   -5.999   -3.554   -3.552   -3.548   -3.444   -3.052    0.380    2.726    2.732    7.056
    7.131   12.868   13.212   13.229   15.259   15.853   15.911   16.085   18.151   19.866
   20.159
            0.013258  0.707107  0.013258
   -5.999   -3.554   -3.552   -3.548   -3.444   -3.052    0.381    2.724    2.733    7.058
    7.134   12.860   13.207   13.231   15.259   15.838   15.912   16.108   18.155   19.842
   20.160
            0.015468  0.707107  0.015468
   -5.999   -3.554   -3.552   -3.547   -3.444   -3.051    0.381    2.721    2.733    7.060
    7.137   12.851   13.202   13.232   15.259   15.823   15.913   16.131   18.160   19.817
   20.162
            0.017678  0.707107  0.017678
   -5.999   -3.555   -3.552   -3.547   -3.444   -3.051    0.381    2.718    2.734    7.062
    7.141   12.840   13.195   13.234   15.259   15.809   15.914   16.155   18.167   19.790
   20.164
            0.019887  0.707107  0.019887
   -5.999   -3.555   -3.552   -3.546   -3.444   -3.051    0.382    2.715    2.735    7.065
    7.146   12.828   13.187   13.236   15.259   15.796   15.916   16.180   18.173   19.763
   20.166
            0.022097  0.707107  0.022097
   -5.999   -3.556   -3.552   -3.546   -3.444   -3.051    0.382    2.712    2.736    7.067
    7.151   12.816   13.179   13.237   15.259   15.783   15.919   16.205   18.181   19.736
   20.169
            0.024307  0.707107  0.024307
   -5.999   -3.556   -3.552   -3.546   -3.444   -3.050    0.382    2.708    2.737    7.070
    7.157   12.802   13.170   13.239   15.258   15.771   15.921   16.231   18.190   19.707
   20.172
            0.026517  0.707107  0.026517
   -5.999   -3.557   -3.552   -3.545   -3.444   -3.050    0.383    2.703    2.738    7.073
    7.164   12.788   13.160   13.239   15.257   15.759   15.925   16.257   18.199   19.679
   20.176
            0.028726  0.707107  0.028726
   -5.999   -3.557   -3.553   -3.545   -3.444   -3.050    0.383    2.698    2.739    7.075
    7.172   12.773   13.149   13.240   15.255   15.749   15.929   16.284   18.209   19.650
   20.181
            0.030936  0.707107  0.030936
   -5.999   -3.558   -3.553   -3.544   -3.444   -3.049    0.384    2.693    2.740    7.078
    7.180   12.757   13.138   13.239   15.253   15.739   15.933   16.311   18.219   19.621
   20.181
            0.033146  0.707107  0.033146
   -5.999   -3.558   -3.553   -3.544   -3.444   -3.049    0.384    2.688    2.742    7.080
    7.190   12.741   13.125   13.239   15.251   15.731   15.939   16.339   18.230   19.592
   20.157
            0.035355  0.707107  0.035355
   -5.999   -3.559   -3.553   -3.543   -3.444   -3.049    0.385    2.682    2.743    7.083
    7.200   12.724   13.113   13.237   15.247   15.723   15.945   16.367   18.242   19.563
   20.131
            0.037565  0.707107  0.037565
   -5.999   -3.559   -3.553   -3.543   -3.444   -3.048    0.386    2.676    2.745    7.085
    7.211   12.707   13.099   13.235   15.243   15.716   15.952   16.395   18.255   19.533
   20.104
            0.039775  0.707107  0.039775
   -5.999   -3.560   -3.553   -3.542   -3.444   -3.048    0.386    2.670    2.746    7.088
    7.223   12.689   13.085   13.233   15.238   15.710   15.959   16.423   18.268   19.503
   20.077
            0.041984  0.707107  0.041984
   -5.999   -3.560   -3.553   -3.542   -3.444   -3.047    0.387    2.663    2.748    7.090
    7.236   12.671   13.070   13.229   15.233   15.705   15.968   16.452   18.281   19.474
   20.048
            0.044194  0.707107  0.044194
   -5.999   -3.561   -3.553   -3.541   -3.445   -3.047    0.388    2.656    2.750    7.092
    7.249   12.653   13.055   13.225   15.226   15.702   15.978   16.481   18.295   19.444
   20.018
            0.046404  0.707107  0.046404
   -5.999   -3.561   -3.553   -3.541   -3.445   -3.046    0.389    2.649    2.752    7.095
    7.263   12.634   13.039   13.220   15.219   15.699   15.988   16.511   18.310   19.414
   19.988
            0.048614  0.707107  0.048614
   -5.999   -3.562   -3.554   -3.540   -3.445   -3.046    0.389    2.642    2.754    7.097
    7.278   12.615   13.023   13.214   15.211   15.697   16.000   16.540   18.325   19.384
   19.958
            0.050823  0.707107  0.050823
   -5.999   -3.562   -3.554   -3.540   -3.445   -3.045    0.390    2.634    2.756    7.099
    7.294   12.595   13.006   13.208   15.202   15.695   16.013   16.570   18.341   19.355
   19.927
            0.053033  0.707107  0.053033
   -5.999   -3.563   -3.554   -3.539   -3.445   -3.045    0.391    2.626    2.758    7.102
    7.310   12.576   12.988   13.200   15.193   15.695   16.026   16.600   18.357   19.325
   19.896
            0.055243  0.707107  0.055243
   -5.999   -3.563   -3.554   -3.539   -3.445   -3.044    0.392    2.618    2.760    7.104
    7.327   12.556   12.971   13.192   15.182   15.696   16.040   16.629   18.374   19.295
   19.864
            0.057452  0.707107  0.057452
   -5.999   -3.564   -3.554   -3.538   -3.445   -3.044    0.393    2.609    2.763    7.106
    7.345   12.536   12.952   13.183   15.171   15.698   16.056   16.660   18.391   19.265
   19.833
            0.059662  0.707107  0.059662
   -5.999   -3.564   -3.554   -3.538   -3.445   -3.043    0.394    2.601    2.765    7.109
    7.363   12.516   12.934   13.173   15.159   15.701   16.072   16.690   18.408   19.235
   19.801
            0.061872  0.707107  0.061872
   -5.999   -3.565   -3.555   -3.537   -3.446   -3.043    0.395    2.592    2.768    7.111
    7.382   12.496   12.915   13.163   15.146   15.704   16.089   16.720   18.426   19.205
   19.769
            0.064082  0.707107  0.064082
   -5.999   -3.565   -3.555   -3.537   -3.446   -3.042    0.396    2.583    2.770    7.114
    7.401   12.475   12.895   13.151   15.132   15.708   16.107   16.750   18.444   19.175
   19.738
            0.066291  0.707107  0.066291
   -5.999   -3.566   -3.555   -3.536   -3.446   -3.041    0.397    2.573    2.773    7.116
    7.421   12.455   12.875   13.139   15.118   15.714   16.125   16.781   18.463   19.146
   19.706
            0.068501  0.707107  0.068501
   -6.000   -3.566   -3.555   -3.535   -3.446   -3.041    0.398    2.564    2.776    7.119
    7.442   12.434   12.855   13.127   15.103   15.720   16.145   16.811   18.482   19.116
   19.674
            0.070711  0.707107  0.070711
   -6.000   -3.567   -3.555   -3.535   -3.446   -3.040    0.399    2.554    2.779    7.121
    7.463   12.413   12.835   13.113   15.087   15.727   16.165   16.841   18.501   19.086
   19.642
            0.072920  0.707107  0.072920
   -6.000   -3.567   -3.556   -3.534   -3.446   -3.039    0.401    2.545    2.782    7.124
    7.485   12.393   12.814   13.099   15.071   15.734   16.186   16.872   18.520   19.057
   19.610
            0.075130  0.707107  0.075130
   -6.000   -3.568   -3.556   -3.534   -3.446   -3.039    0.402    2.535    2.785    7.127
    7.507   12.372   12.793   13.084   15.054   15.743   16.207   16.902   18.540   19.027
   19.579
            0.077340  0.707107  0.077340
   -6.000   -3.568   -3.556   -3.533   -3.447   -3.038    0.403    2.525    2.788    7.129
    7.530   12.351   12.772   13.068   15.036   15.752   16.229   16.932   18.560   18.998
   19.547
            0.079550  0.707107  0.079550
   -6.000   -3.569   -3.556   -3.533   -3.447   -3.037    0.404    2.515    2.792    7.132
    7.553   12.331   12.751   13.052   15.018   15.762   16.252   16.962   18.580   18.968
   19.516
            0.081759  0.707107  0.081759
   -6.000   -3.569   -3.556   -3.532   -3.447   -3.037    0.406    2.504    2.795    7.135
    7.576   12.310   12.729   13.035   15.000   15.772   16.275   16.992   18.600   18.939
   19.484
            0.083969  0.707107  0.083969
   -6.000   -3.570   -3.557   -3.532   -3.447   -3.036    0.407    2.494    2.798    7.138
    7.601   12.289   12.707   13.017   14.981   15.784   16.299   17.022   18.621   18.910
   19.453
            0.086179  0.707107  0.086179
   -6.000   -3.570   -3.557   -3.531   -3.447   -3.035    0.408    2.484    2.802    7.141
    7.625   12.268   12.685   12.999   14.962   15.795   16.323   17.052   18.642   18.881
   19.422
            0.088388  0.707107  0.088388
   -6.000   -3.571   -3.557   -3.531   -3.448   -3.035    0.410    2.473    2.806    7.144
    7.650   12.248   12.663   12.980   14.942   15.808   16.348   17.081   18.662   18.851
   19.391
            0.090598  0.707107  0.090598
   -6.000   -3.571   -3.557   -3.530   -3.448   -3.034    0.411    2.463    2.809    7.147
    7.675   12.227   12.641   12.961   14.922   15.821   16.373   17.111   18.683   18.823
   19.361
            0.092808  0.707107  0.092808
   -6.000   -3.572   -3.558   -3.529   -3.448   -3.033    0.412    2.452    2.813    7.150
    7.701   12.207   12.618   12.941   14.901   15.834   16.399   17.140   18.705   18.794
   19.331
            0.095017  0.707107  0.095017
   -6.000   -3.572   -3.558   -3.529   -3.448   -3.032    0.414    2.441    2.817    7.153
    7.727   12.186   12.596   12.921   14.881   15.848   16.425   17.168   18.726   18.765
   19.301
            0.097227  0.707107  0.097227
   -6.000   -3.573   -3.558   -3.528   -3.448   -3.032    0.415    2.431    2.821    7.156
    7.754   12.166   12.573   12.900   14.859   15.863   16.451   17.197   18.736   18.747
   19.271
            0.099437  0.707107  0.099437
   -6.000   -3.573   -3.559   -3.528   -3.449   -3.031    0.417    2.420    2.825    7.160
    7.781   12.146   12.550   12.879   14.838   15.878   16.478   17.225   18.708   18.769
   19.242
            0.101647  0.707107  0.101647
   -6.001   -3.574   -3.559   -3.527   -3.449   -3.030    0.418    2.410    2.829    7.163
    7.808   12.126   12.527   12.857   14.816   15.893   16.505   17.253   18.680   18.790
   19.213
            0.103856  0.707107  0.103856
   -6.001   -3.574   -3.559   -3.527   -3.449   -3.030    0.420    2.399    2.834    7.166
    7.836   12.106   12.504   12.835   14.794   15.909   16.533   17.280   18.651   18.812
   19.184
            0.106066  0.707107  0.106066
   -6.001   -3.575   -3.559   -3.526   -3.449   -3.029    0.421    2.388    2.838    7.170
    7.863   12.086   12.480   12.812   14.772   15.925   16.560   17.307   18.623   18.834
   19.156
            0.108276  0.707107  0.108276
   -6.001   -3.575   -3.560   -3.525   -3.449   -3.028    0.423    2.378    2.842    7.173
    7.892   12.067   12.457   12.789   14.750   15.941   16.588   17.333   18.596   18.855
   19.128
            0.110485  0.707107  0.110485
   -6.001   -3.576   -3.560   -3.525   -3.450   -3.027    0.424    2.367    2.847    7.177
    7.920   12.048   12.434   12.766   14.727   15.958   16.617   17.358   18.568   18.877
   19.101
            0.112695  0.707107  0.112695
   -6.001   -3.576   -3.560   -3.524   -3.450   -3.027    0.426    2.357    2.851    7.180
    7.949   12.028   12.410   12.743   14.704   15.975   16.645   17.383   18.540   18.899
   19.074
            0.114905  0.707107  0.114905
   -6.001   -3.577   -3.561   -3.524   -3.450   -3.026    0.427    2.346    2.856    7.184
    7.978   12.009   12.387   12.719   14.681   15.992   16.674   17.408   18.513   18.921
   19.048
            0.117115  0.707107  0.117115
   -6.001   -3.577   -3.561   -3.523   -3.450   -3.026    0.429    2.336    2.861    7.188
    8.007   11.991   12.363   12.695   14.658   16.010   16.703   17.431   18.486   18.943
   19.023
            0.119324  0.707107  0.119324
   -6.002   -3.578   -3.561   -3.522   -3.451   -3.025    0.431    2.325    2.865    7.192
    8.036   11.972   12.340   12.670   14.635   16.027   16.732   17.454   18.459   18.965
   18.998
            0.121534  0.707107  0.121534
   -6.002   -3.579   -3.562   -3.522   -3.451   -3.024    0.432    2.315    2.870    7.195
    8.066   11.954   12.316   12.645   14.611   16.045   16.762   17.476   18.432   18.974
   18.987
            0.123744  0.707107  0.123744
   -6.002   -3.579   -3.562   -3.521   -3.451   -3.024    0.434    2.305    2.875    7.199
    8.096   11.936   12.292   12.620   14.588   16.063   16.791   17.497   18.406   18.950
   19.008
            0.125953  0.707107  0.125953
   -6.002   -3.580   -3.562   -3.521   -3.451   -3.023    0.436    2.295    2.880    7.203
    8.126   11.918   12.269   12.595   14.564   16.081   16.821   17.517   18.379   18.928
   19.030
            0.128163  0.707107  0.128163
   -6.002   -3.580   -3.563   -3.520   -3.452   -3.022    0.437    2.285    2.886    7.207
    8.156   11.901   12.245   12.569   14.540   16.100   16.851   17.536   18.353   18.906
   19.052
            0.130373  0.707107  0.130373
   -6.002   -3.581   -3.563   -3.519   -3.452   -3.022    0.439    2.275    2.891    7.211
    8.186   11.884   12.221   12.544   14.516   16.118   16.881   17.554   18.327   18.885
   19.074
            0.132583  0.707107  0.132583
   -6.003   -3.581   -3.564   -3.519   -3.452   -3.021    0.441    2.265    2.896    7.215
    8.216   11.867   12.198   12.518   14.492   16.136   16.911   17.570   18.302   18.865
   19.096
            0.134792  0.707107  0.134792
   -6.003   -3.582   -3.564   -3.518   -3.452   -3.021    0.443    2.256    2.901    7.219
    8.247   11.850   12.174   12.492   14.468   16.155   16.941   17.585   18.277   18.847
   19.118
            0.137002  0.707107  0.137002
   -6.003   -3.582   -3.564   -3.518   -3.453   -3.020    0.444    2.246    2.907    7.223
    8.277   11.834   12.150   12.465   14.444   16.173   16.972   17.599   18.251   18.829
   19.139
            0.139212  0.707107  0.139212
   -6.003   -3.583   -3.565   -3.517   -3.453   -3.020    0.446    2.237    2.912    7.227
    8.308   11.819   12.126   12.439   14.420   16.192   17.002   17.612   18.227   18.812
   19.161
            0.141421  0.707107  0.141421
   -6.003   -3.583   -3.565   -3.516   -3.453   -3.020    0.448    2.228    2.918    7.231
    8.339   11.803   12.103   12.412   14.396   16.210   17.033   17.622   18.202   18.797
   19.183
            0.143631  0.707107  0.143631
   -6.004   -3.583   -3.566   -3.516   -3.453   -3.019    0.450    2.219    2.924    7.236
    8.369   11.788   12.079   12.386   14.371   16.228   17.064   17.632   18.178   18.783
   19.204
            0.145841  0.707107  0.145841
   -6.004   -3.584   -3.566   -3.515   -3.454   -3.019    0.451    2.210    2.929    7.240
    8.400   11.774   12.055   12.359   14.347   16.247   17.094   17.639   18.154   18.770
   19.226
            0.148050  0.707107  0.148050
   -6.004   -3.584   -3.566   -3.515   -3.454   -3.018    0.453    2.202    2.935    7.244
    8.431   11.760   12.032   12.332   14.323   16.265   17.125   17.645   18.131   18.759
   19.248
            0.150260  0.707107  0.150260
   -6.005   -3.585   -3.567   -3.514   -3.454   -3.018    0.455    2.193    2.941    7.248
    8.462   11.746   12.008   12.305   14.298   16.282   17.156   17.649   18.107   18.749
   19.269
            0.152470  0.707107  0.152470
   -6.005   -3.585   -3.567   -3.513   -3.454   -3.018    0.457    2.185    2.947    7.253
    8.492   11.733   11.985   12.278   14.274   16.300   17.187   17.651   18.085   18.740
   19.290
            0.154680  0.707107  0.154680
   -6.005   -3.586   -3.568   -3.513   -3.455   -3.018    0.459    2.177    2.953    7.257
    8.523   11.720   11.961   12.250   14.249   16.317   17.218   17.652   18.062   18.732
   19.312
            0.156889  0.707107  0.156889
   -6.005   -3.586   -3.568   -3.512   -3.455   -3.017    0.460    2.169    2.959    7.261
    8.553   11.708   11.938   12.223   14.225   16.335   17.249   17.651   18.040   18.726
   19.333
            0.159099  0.707107  0.159099
   -6.006   -3.587   -3.568   -3.511   -3.455   -3.017    0.462    2.162    2.965    7.266
    8.583   11.697   11.914   12.196   14.200   16.351   17.281   17.648   18.018   18.721
   19.354
            0.161309  0.707107  0.161309
   -6.006   -3.587   -3.569   -3.511   -3.456   -3.017    0.464    2.154    2.971    7.270
    8.614   11.686   11.891   12.168   14.176   16.368   17.312   17.644   17.997   18.717
   19.375
            0.163518  0.707107  0.163518
   -6.006   -3.588   -3.569   -3.510   -3.456   -3.017    0.466    2.147    2.978    7.274
    8.644   11.675   11.867   12.140   14.151   16.384   17.343   17.638   17.976   18.714
   19.396
            0.165728  0.707107  0.165728
   -6.007   -3.588   -3.570   -3.510   -3.456   -3.017    0.468    2.140    2.984    7.279
    8.673   11.665   11.844   12.113   14.127   16.400   17.374   17.631   17.955   18.713
   19.417
            0.167938  0.707107  0.167938
   -6.007   -3.589   -3.570   -3.509   -3.456   -3.017    0.470    2.133    2.990    7.283
    8.703   11.656   11.821   12.085   14.103   16.415   17.406   17.622   17.935   18.711
   19.438
            0.170148  0.707107  0.170148
   -6.008   -3.589   -3.571   -3.508   -3.457   -3.017    0.472    2.127    2.997    7.288
    8.732   11.648   11.798   12.057   14.078   16.430   17.437   17.612   17.915   18.711
   19.459
            0.172357  0.707107  0.172357
   -6.008   -3.590   -3.571   -3.508   -3.457   -3.017    0.474    2.121    3.004    7.292
    8.761   11.640   11.775   12.030   14.054   16.444   17.469   17.601   17.896   18.711
   19.480
            0.174567  0.707107  0.174567
   -6.008   -3.590   -3.572   -3.507   -3.457   -3.017    0.475    2.114    3.010    7.297
    8.790   11.633   11.752   12.002   14.030   16.457   17.500   17.588   17.877   18.712
   19.500
            0.176777  0.707107  0.176777
   -6.009   -3.590   -3.572   -3.506   -3.458   -3.017    0.477    2.109    3.017    7.301
    8.819   11.626   11.729   11.974   14.005   16.470   17.531   17.575   17.859   18.713
   19.521
            0.185616  0.702687  0.172357
   -6.009   -3.591   -3.573   -3.506   -3.458   -3.017    0.480    2.104    3.022    7.309
    8.847   11.610   11.676   11.982   13.986   16.478   17.486   17.619   17.857   18.718
   19.548
            0.194454  0.698268  0.167938
   -6.010   -3.591   -3.573   -3.505   -3.458   -3.018    0.482    2.101    3.024    7.324
    8.875   11.542   11.629   12.032   13.976   16.478   17.406   17.658   17.887   18.731
   19.589
            0.203293  0.693849  0.163518
   -6.010   -3.592   -3.574   -3.504   -3.459   -3.018    0.484    2.099    3.022    7.345
    8.903   11.429   11.608   12.093   13.976   16.469   17.320   17.674   17.941   18.750
   19.643
            0.212132  0.689429  0.159099
   -6.011   -3.592   -3.575   -3.503   -3.459   -3.018    0.487    2.099    3.018    7.372
    8.930   11.307   11.590   12.155   13.986   16.451   17.231   17.679   18.003   18.775
   19.710
            0.220971  0.685010  0.154680
   -6.011   -3.592   -3.575   -3.503   -3.460   -3.018    0.490    2.101    3.010    7.406
    8.957   11.181   11.570   12.217   14.005   16.425   17.141   17.680   18.065   18.803
   19.789
            0.229810  0.680590  0.150260
   -6.011   -3.593   -3.576   -3.502   -3.460   -3.019    0.493    2.104    3.001    7.445
    8.983   11.056   11.549   12.275   14.033   16.392   17.052   17.680   18.125   18.835
   19.879
            0.238649  0.676171  0.145841
   -6.012   -3.593   -3.577   -3.501   -3.461   -3.019    0.496    2.108    2.988    7.489
    9.008   10.931   11.528   12.330   14.070   16.351   16.966   17.681   18.182   18.867
   19.978
            0.247487  0.671751  0.141421
   -6.012   -3.593   -3.578   -3.500   -3.461   -3.019    0.498    2.114    2.974    7.538
    9.031   10.809   11.505   12.380   14.115   16.301   16.884   17.682   18.237   18.900
   20.082
            0.256326  0.667332  0.137002
   -6.013   -3.594   -3.578   -3.499   -3.462   -3.019    0.501    2.121    2.958    7.591
    9.052   10.689   11.482   12.427   14.168   16.245   16.807   17.684   18.289   18.932
   20.187
            0.265165  0.662913  0.132583
   -6.013   -3.594   -3.579   -3.498   -3.462   -3.019    0.504    2.129    2.941    7.648
    9.071   10.573   11.459   12.469   14.227   16.180   16.737   17.686   18.341   18.962
   20.278
            0.274004  0.658493  0.128163
   -6.014   -3.594   -3.580   -3.497   -3.463   -3.020    0.506    2.138    2.924    7.707
    9.088   10.463   11.437   12.506   14.293   16.109   16.674   17.688   18.391   18.991
   20.299
            0.282843  0.654074  0.123744
   -6.014   -3.594   -3.580   -3.496   -3.464   -3.020    0.508    2.147    2.906    7.768
    9.101   10.359   11.415   12.540   14.363   16.032   16.618   17.691   18.440   19.017
   20.238
            0.291682  0.649654  0.119324
   -6.014   -3.594   -3.581   -3.495   -3.464   -3.020    0.510    2.156    2.888    7.829
    9.111   10.262   11.395   12.569   14.438   15.951   16.570   17.693   18.489   19.040
   20.161
            0.300520  0.645235  0.114905
   -6.014   -3.594   -3.581   -3.494   -3.465   -3.020    0.512    2.166    2.871    7.889
    9.117   10.174   11.377   12.594   14.514   15.867   16.529   17.696   18.535   19.061
   20.085
            0.309359  0.640816  0.110485
   -6.015   -3.595   -3.582   -3.493   -3.465   -3.020    0.514    2.175    2.855    7.946
    9.119   10.097   11.360   12.615   14.592   15.782   16.495   17.698   18.579   19.079
   20.016
            0.318198  0.636396  0.106066
   -6.015   -3.595   -3.582   -3.493   -3.466   -3.020    0.515    2.183    2.842    7.998
    9.118   10.032   11.347   12.632   14.669   15.700   16.468   17.700   18.619   19.093
   19.954
            0.327037  0.631977  0.101647
   -6.015   -3.595   -3.582   -3.492   -3.466   -3.020    0.516    2.190    2.830    8.043
    9.115    9.980   11.335   12.645   14.740   15.623   16.447   17.701   18.653   19.104
   19.903
            0.335876  0.627557  0.097227
   -6.015   -3.595   -3.583   -3.492   -3.466   -3.021    0.517    2.195    2.822    8.077
    9.110    9.943   11.327   12.655   14.802   15.558   16.432   17.702   18.680   19.112
   19.864
            0.344715  0.623138  0.092808
   -6.015   -3.595   -3.583   -3.492   -3.467   -3.021    0.517    2.198    2.817    8.099
    9.106    9.920   11.322   12.661   14.845   15.512   16.423   17.703   18.697   19.116
   19.840
            0.353553  0.618718  0.088388
   -6.015   -3.595   -3.583   -3.492   -3.467   -3.021    0.517    2.199    2.815    8.107
    9.105    9.913   11.321   12.662   14.861   15.496   16.420   17.703   18.702   19.118
   19.832
            0.362392  0.614299  0.083969
   -6.015   -3.595   -3.583   -3.492   -3.467   -3.021    0.517    2.198    2.817    8.099
    9.106    9.920   11.322   12.661   14.845   15.512   16.423   17.703   18.697   19.116
   19.840
            0.371231  0.609880  0.079550
   -6.015   -3.595   -3.583   -3.492   -3.466   -3.021    0.517    2.195    2.822    8.077
    9.110    9.943   11.327   12.655   14.802   15.558   16.432   17.702   18.680   19.112
   19.864
            0.380070  0.605460  0.075130
   -6.015   -3.595   -3.582   -3.492   -3.466   -3.020    0.516    2.190    2.830    8.043
    9.115    9.980   11.335   12.645   14.740   15.623   16.447   17.701   18.653   19.104
   19.903
            0.388909  0.601041  0.070711
   -6.015   -3.595   -3.582   -3.493   -3.466   -3.020    0.515    2.183    2.842    7.998
    9.118   10.032   11.347   12.632   14.669   15.700   16.468   17.700   18.619   19.093
   19.954
            0.397748  0.596621  0.066291
   -6.015   -3.595   -3.582   -3.493   -3.465   -3.020    0.514    2.175    2.855    7.946
    9.119   10.097   11.360   12.615   14.592   15.782   16.495   17.698   18.579   19.079
   20.016
            0.406586  0.592202  0.061872
   -6.014   -3.594   -3.581   -3.494   -3.465   -3.020    0.512    2.166    2.871    7.889
    9.117   10.174   11.377   12.594   14.514   15.867   16.529   17.696   18.535   19.061
   20.085
            0.415425  0.587783  0.057452
   -6.014   -3.594   -3.581   -3.495   -3.464   -3.020    0.510    2.156    2.888    7.829
    9.111   10.262   11.395   12.569   14.438   15.951   16.570   17.693   18.489   19.040
   20.161
            0.424264  0.583363  0.053033
   -6.014   -3.594   -3.580   -3.496   -3.464   -3.020    0.508    2.147    2.906    7.768
    9.101   10.359   11.415   12.540   14.363   16.032   16.618   17.691   18.440   19.017
   20.238
            0.433103  0.578944  0.048614
   -6.014   -3.594   -3.580   -3.497   -3.463   -3.020    0.506    2.138    2.924    7.707
    9.088   10.463   11.437   12.506   14.293   16.109   16.674   17.688   18.391   18.991
   20.299
            0.441942  0.574524  0.044194
   -6.013   -3.594   -3.579   -3.498   -3.462   -3.019    0.504    2.129    2.941    7.648
    9.071   10.573   11.459   12.469   14.227   16.180   16.737   17.686   18.341   18.962
   20.278
            0.450781  0.570105  0.039775
   -6.013   -3.594   -3.578   -3.499   -3.462   -3.019    0.501    2.121    2.958    7.591
    9.052   10.689   11.482   12.427   14.168   16.245   16.807   17.684   18.289   18.932
   20.187
            0.459619  0.565685  0.035355
   -6.012   -3.593   -3.578   -3.500   -3.461   -3.019    0.498    2.114    2.974    7.538
    9.031   10.809   11.505   12.380   14.115   16.301   16.884   17.682   18.237   18.900
   20.082
            0.468458  0.561266  0.030936
   -6.012   -3.593   -3.577   -3.501   -3.461   -3.019    0.496    2.108    2.988    7.489
    9.008   10.931   11.528   12.330   14.070   16.351   16.966   17.681   18.182   18.867
   19.978
            0.477297  0.556847  0.026517
   -6.011   -3.593   -3.576   -3.502   -3.460   -3.019    0.493    2.104    3.001    7.445
    8.983   11.056   11.549   12.275   14.033   16.392   17.052   17.680   18.125   18.835
   19.879
            0.486136  0.552427  0.022097
   -6.011   -3.592   -3.575   -3.503   -3.460   -3.018    0.490    2.101    3.010    7.406
    8.957   11.181   11.570   12.217   14.005   16.425   17.141   17.680   18.065   18.803
   19.789
            0.494975  0.548008  0.017678
   -6.011   -3.592   -3.575   -3.503   -3.459   -3.018    0.487    2.099    3.018    7.372
    8.930   11.307   11.590   12.155   13.986   16.451   17.231   17.679   18.003   18.775
   19.710
            0.503814  0.543588  0.013258
   -6.010   -3.592   -3.574   -3.504   -3.459   -3.018    0.484    2.099    3.022    7.345
    8.903   11.429   11.608   12.093   13.976   16.469   17.320   17.674   17.941   18.750
   19.643
            0.512652  0.539169  0.008839
   -6.010   -3.591   -3.573   -3.505   -3.458   -3.018    0.482    2.101    3.024    7.324
    8.875   11.542   11.629   12.032   13.976   16.478   17.406   17.658   17.887   18.731
   19.589
            0.521491  0.534750  0.004419
   -6.009   -3.591   -3.573   -3.506   -3.458   -3.017    0.480    2.104    3.022    7.309
    8.847   11.610   11.676   11.982   13.986   16.478   17.486   17.619   17.857   18.718
   19.548
            0.530330  0.530330  0.000000
   -6.009   -3.590   -3.572   -3.506   -3.458   -3.017    0.477    2.109    3.017    7.301
    8.819   11.626   11.729   11.974   14.005   16.470   17.531   17.575   17.859   18.713
   19.521
            0.528857  0.528857 -0.000000
   -6.009   -3.591   -3.573   -3.506   -3.458   -3.017    0.479    2.105    3.021    7.304
    8.837   11.622   11.713   11.956   13.989   16.478   17.552   17.565   17.847   18.714
   19.535
            0.527384  0.527384  0.000000
   -6.009   -3.591   -3.573   -3.506   -3.458   -3.018    0.480    2.101    3.026    7.307
    8.856   11.619   11.698   11.937   13.973   16.486   17.555   17.573   17.836   18.715
   19.548
            0.525911  0.525911  0.000000
   -6.010   -3.591   -3.573   -3.505   -3.458   -3.018    0.481    2.098    3.030    7.310
    8.874   11.616   11.683   11.919   13.957   16.494   17.545   17.594   17.825   18.716
   19.562
            0.524438  0.524438 -0.000000
   -6.010   -3.592   -3.573   -3.505   -3.458   -3.018    0.483    2.095    3.035    7.313
    8.893   11.613   11.668   11.900   13.941   16.501   17.534   17.615   17.814   18.717
   19.576
            0.522964  0.522964  0.000000
   -6.010   -3.592   -3.574   -3.504   -3.458   -3.018    0.484    2.091    3.040    7.316
    8.911   11.610   11.652   11.882   13.925   16.508   17.523   17.636   17.804   18.718
   19.589
            0.521491  0.521491  0.000000
   -6.011   -3.592   -3.574   -3.504   -3.459   -3.018    0.486    2.088    3.044    7.319
    8.929   11.608   11.637   11.863   13.909   16.514   17.511   17.657   17.793   18.719
   19.603
            0.520018  0.520018 -0.000000
   -6.011   -3.592   -3.574   -3.504   -3.459   -3.019    0.487    2.085    3.049    7.322
    8.946   11.606   11.622   11.845   13.893   16.520   17.500   17.678   17.784   18.720
   19.616
            0.518545  0.518545  0.000000
   -6.011   -3.593   -3.575   -3.503   -3.459   -3.019    0.488    2.082    3.054    7.325
    8.964   11.605   11.607   11.827   13.877   16.526   17.488   17.699   17.774   18.721
   19.630
            0.517072  0.517072  0.000000
   -6.012   -3.593   -3.575   -3.503   -3.459   -3.019    0.490    2.079    3.058    7.328
    8.981   11.592   11.604   11.808   13.861   16.531   17.475   17.719   17.765   18.721
   19.643
            0.515599  0.515599 -0.000000
   -6.012   -3.593   -3.576   -3.502   -3.459   -3.020    0.491    2.077    3.063    7.331
    8.998   11.577   11.603   11.790   13.845   16.536   17.463   17.740   17.757   18.722
   19.657
            0.514126  0.514126  0.000000
   -6.012   -3.594   -3.576   -3.502   -3.460   -3.020    0.493    2.074    3.068    7.334
    9.015   11.562   11.603   11.772   13.829   16.540   17.450   17.749   17.761   18.722
   19.670
            0.512652  0.512652  0.000000
   -6.013   -3.594   -3.576   -3.502   -3.460   -3.020    0.494    2.072    3.073    7.337
    9.031   11.547   11.603   11.754   13.813   16.544   17.436   17.741   17.782   18.722
   19.683
            0.511179  0.511179 -0.000000
   -6.013   -3.594   -3.577   -3.501   -3.460   -3.021    0.495    2.070    3.077    7.340
    9.048   11.532   11.603   11.736   13.797   16.548   17.423   17.734   17.803   18.722
   19.697
            0.509706  0.509706  0.000000
   -6.013   -3.594   -3.577   -3.501   -3.460   -3.021    0.497    2.067    3.082    7.343
    9.064   11.518   11.603   11.718   13.781   16.551   17.409   17.727   17.824   18.721
   19.710
            0.508233  0.508233  0.000000
   -6.014   -3.595   -3.577   -3.500   -3.460   -3.022    0.498    2.065    3.087    7.346
    9.080   11.503   11.604   11.701   13.765   16.553   17.395   17.720   17.845   18.721
   19.723
            0.506760  0.506760 -0.000000
   -6.014   -3.595   -3.578   -3.500   -3.461   -3.022    0.500    2.063    3.092    7.349
    9.095   11.488   11.604   11.684   13.750   16.555   17.381   17.714   17.865   18.720
   19.736
            0.505287  0.505287  0.000000
   -6.014   -3.595   -3.578   -3.500   -3.461   -3.023    0.501    2.062    3.097    7.352
    9.110   11.473   11.604   11.669   13.734   16.556   17.367   17.709   17.886   18.719
   19.749
            0.503814  0.503814  0.000000
   -6.015   -3.596   -3.578   -3.499   -3.461   -3.023    0.503    2.060    3.102    7.355
    9.125   11.459   11.601   11.656   13.718   16.557   17.353   17.704   17.907   18.717
   19.763
            0.502340  0.502340 -0.000000
   -6.015   -3.596   -3.579   -3.499   -3.461   -3.024    0.504    2.058    3.107    7.357
    9.140   11.444   11.595   11.646   13.703   16.558   17.338   17.699   17.928   18.715
   19.776
            0.500867  0.500867  0.000000
   -6.016   -3.596   -3.579   -3.498   -3.461   -3.024    0.506    2.057    3.112    7.360
    9.154   11.429   11.585   11.642   13.687   16.558   17.323   17.695   17.949   18.713
   19.789
            0.499394  0.499394  0.000000
   -6.016   -3.596   -3.579   -3.498   -3.461   -3.025    0.508    2.056    3.117    7.363
    9.168   11.415   11.572   11.642   13.671   16.557   17.308   17.691   17.969   18.711
   19.802
            0.497921  0.497921 -0.000000
   -6.017   -3.597   -3.580   -3.498   -3.462   -3.026    0.509    2.054    3.122    7.366
    9.182   11.400   11.556   11.644   13.656   16.556   17.293   17.688   17.990   18.708
   19.815
            0.496448  0.496448  0.000000
   -6.017   -3.597   -3.580   -3.497   -3.462   -3.026    0.511    2.053    3.127    7.369
    9.196   11.386   11.539   11.648   13.640   16.555   17.278   17.685   18.011   18.705
   19.828
            0.494975  0.494975  0.000000
   -6.017   -3.597   -3.580   -3.497   -3.462   -3.027    0.513    2.052    3.132    7.372
    9.209   11.371   11.522   11.653   13.625   16.553   17.262   17.682   18.031   18.702
   19.841
            0.493502  0.493502 -0.000000
   -6.018   -3.597   -3.581   -3.497   -3.462   -3.028    0.514    2.052    3.137    7.374
    9.222   11.357   11.504   11.659   13.609   16.550   17.247   17.679   18.052   18.698
   19.854
            0.492028  0.492028  0.000000
   -6.018   -3.598   -3.581   -3.496   -3.462   -3.029    0.516    2.051    3.142    7.377
    9.234   11.343   11.487   11.665   13.594   16.547   17.231   17.677   18.073   18.694
   19.867
            0.490555  0.490555  0.000000
   -6.019   -3.598   -3.582   -3.496   -3.463   -3.029    0.518    2.050    3.147    7.380
    9.246   11.328   11.469   11.672   13.579   16.543   17.215   17.676   18.093   18.690
   19.880
            0.489082  0.489082 -0.000000
   -6.019   -3.598   -3.582   -3.495   -3.463   -3.030    0.519    2.050    3.152    7.382
    9.258   11.314   11.451   11.680   13.563   16.539   17.199   17.674   18.114   18.686
   19.893
            0.487609  0.487609  0.000000
   -6.020   -3.598   -3.582   -3.495   -3.463   -3.031    0.521    2.050    3.157    7.385
    9.270   11.300   11.433   11.688   13.548   16.535   17.184   17.673   18.135   18.681
   19.906
            0.486136  0.486136  0.000000
   -6.020   -3.599   -3.583   -3.495   -3.463   -3.032    0.523    2.049    3.163    7.388
    9.281   11.286   11.415   11.697   13.533   16.530   17.167   17.672   18.155   18.676
   19.918
            0.484663  0.484663 -0.000000
   -6.021   -3.599   -3.583   -3.494   -3.463   -3.033    0.525    2.049    3.168    7.390
    9.292   11.272   11.397   11.706   13.518   16.525   17.151   17.671   18.176   18.671
   19.931
            0.483190  0.483190  0.000000
   -6.021   -3.599   -3.583   -3.494   -3.464   -3.034    0.527    2.049    3.173    7.393
    9.303   11.257   11.378   11.716   13.503   16.519   17.135   17.670   18.196   18.666
   19.944
            0.481716  0.481716  0.000000
   -6.022   -3.599   -3.584   -3.494   -3.464   -3.035    0.529    2.050    3.178    7.396
    9.313   11.243   11.360   11.726   13.488   16.513   17.119   17.670   18.217   18.660
   19.957
            0.480243  0.480243 -0.000000
   -6.022   -3.600   -3.584   -3.493   -3.464   -3.036    0.531    2.050    3.184    7.398
    9.323   11.229   11.342   11.737   13.473   16.506   17.103   17.669   18.237   18.655
   19.970
            0.478770  0.478770  0.000000
   -6.023   -3.600   -3.585   -3.493   -3.464   -3.037    0.533    2.050    3.189    7.401
    9.332   11.215   11.324   11.749   13.458   16.499   17.086   17.669   18.258   18.649
   19.982
            0.477297  0.477297  0.000000
   -6.023   -3.600   -3.585   -3.493   -3.464   -3.038    0.535    2.051    3.194    7.403
    9.342   11.202   11.306   11.761   13.443   16.492   17.070   17.668   18.278   18.644
   19.995
            0.475824  0.475824 -0.000000
   -6.024   -3.600   -3.585   -3.492   -3.464   -3.039    0.537    2.052    3.200    7.406
    9.350   11.188   11.288   11.773   13.428   16.484   17.053   17.667   18.299   18.638
   20.008
            0.474351  0.474351  0.000000
   -6.025   -3.601   -3.586   -3.492   -3.465   -3.040    0.539    2.052    3.205    7.408
    9.359   11.174   11.270   11.786   13.413   16.476   17.037   17.666   18.319   18.632
   20.020
            0.472878  0.472878  0.000000
   -6.025   -3.601   -3.586   -3.492   -3.465   -3.041    0.541    2.053    3.210    7.410
    9.367   11.160   11.252   11.800   13.399   16.468   17.020   17.666   18.339   18.626
   20.033
            0.471405  0.471405 -0.000000
   -6.026   -3.601   -3.587   -3.491   -3.465   -3.042    0.543    2.054    3.216    7.413
    9.375   11.146   11.234   11.814   13.384   16.459   17.003   17.664   18.360   18.621
   20.046
            0.469931  0.469931  0.000000
   -6.026   -3.601   -3.587   -3.491   -3.465   -3.044    0.545    2.056    3.221    7.415
    9.383   11.133   11.216   11.828   13.369   16.450   16.987   17.663   18.380   18.615
   20.058
            0.468458  0.468458  0.000000
   -6.027   -3.601   -3.587   -3.491   -3.465   -3.045    0.547    2.057    3.226    7.417
    9.391   11.119   11.198   11.843   13.355   16.441   16.970   17.661   18.400   18.610
   20.071
            0.466985  0.466985 -0.000000
   -6.028   -3.602   -3.588   -3.490   -3.465   -3.046    0.550    2.058    3.232    7.420
    9.398   11.105   11.181   11.859   13.340   16.431   16.953   17.659   18.421   18.605
   20.084
            0.465512  0.465512  0.000000
   -6.028   -3.602   -3.588   -3.490   -3.466   -3.047    0.552    2.060    3.237    7.422
    9.405   11.092   11.163   11.875   13.326   16.421   16.937   17.657   18.441   18.600
   20.096
            0.464039  0.464039  0.000000
   -6.029   -3.602   -3.588   -3.489   -3.466   -3.049    0.554    2.061    3.243    7.424
    9.411   11.078   11.145   11.891   13.311   16.411   16.920   17.654   18.461   18.596
   20.109
            0.462566  0.462566 -0.000000
   -6.029   -3.602   -3.589   -3.489   -3.466   -3.050    0.557    2.063    3.248    7.426
    9.417   11.065   11.127   11.908   13.297   16.401   16.903   17.651   18.481   18.591
   20.121
            0.461093  0.461093  0.000000
   -6.030   -3.603   -3.589   -3.489   -3.466   -3.051    0.559    2.065    3.254    7.428
    9.423   11.052   11.109   11.925   13.283   16.391   16.886   17.647   18.501   18.588
   20.134
            0.459619  0.459619  0.000000
   -6.031   -3.603   -3.590   -3.489   -3.466   -3.053    0.562    2.067    3.259    7.430
    9.429   11.038   11.092   11.943   13.268   16.380   16.869   17.643   18.522   18.584
   20.146
            0.458146  0.458146 -0.000000
   -6.031   -3.603   -3.590   -3.488   -3.467   -3.054    0.564    2.069    3.265    7.432
    9.434   11.025   11.074   11.961   13.254   16.369   16.852   17.638   18.542   18.581
   20.159
            0.456673  0.456673  0.000000
   -6.032   -3.603   -3.590   -3.488   -3.467   -3.056    0.567    2.071    3.270    7.434
    9.440   11.012   11.056   11.980   13.240   16.358   16.835   17.632   18.562   18.579
   20.171
            0.455200  0.455200  0.000000
   -6.033   -3.604   -3.591   -3.488   -3.467   -3.057    0.569    2.074    3.276    7.436
    9.445   10.998   11.039   11.999   13.226   16.347   16.818   17.626   18.577   18.582
   20.184
            0.453727  0.453727 -0.000000
   -6.033   -3.604   -3.591   -3.487   -3.467   -3.059    0.572    2.076    3.281    7.438
    9.449   10.985   11.021   12.019   13.212   16.335   16.801   17.619   18.575   18.602
   20.196
            0.452254  0.452254  0.000000
   -6.034   -3.604   -3.592   -3.487   -3.467   -3.060    0.575    2.079    3.287    7.439
    9.454   10.972   11.004   12.038   13.198   16.324   16.784   17.612   18.575   18.622
   20.209
            0.450781  0.450781  0.000000
   -6.035   -3.604   -3.592   -3.487   -3.467   -3.062    0.578    2.082    3.293    7.441
    9.458   10.959   10.986   12.059   13.184   16.312   16.767   17.603   18.574   18.642
   20.221
            0.449307  0.449307 -0.000000
   -6.036   -3.604   -3.593   -3.486   -3.468   -3.064    0.581    2.084    3.298    7.443
    9.462   10.946   10.969   12.079   13.171   16.300   16.750   17.594   18.575   18.662
   20.233
            0.447834  0.447834  0.000000
   -6.036   -3.605   -3.593   -3.486   -3.468   -3.065    0.583    2.087    3.304    7.444
    9.466   10.933   10.951   12.100   13.157   16.288   16.733   17.585   18.576   18.682
   20.246
            0.446361  0.446361  0.000000
   -6.037   -3.605   -3.593   -3.486   -3.468   -3.067    0.586    2.090    3.310    7.446
    9.470   10.920   10.934   12.122   13.143   16.276   16.716   17.574   18.577   18.702
   20.258
            0.444888  0.444888 -0.000000
   -6.038   -3.605   -3.594   -3.485   -3.468   -3.069    0.589    2.094    3.315    7.447
    9.473   10.907   10.917   12.144   13.129   16.264   16.699   17.563   18.579   18.722
   20.271
            0.443415  0.443415  0.000000
   -6.039   -3.605   -3.594   -3.485   -3.468   -3.071    0.592    2.097    3.321    7.449
    9.477   10.895   10.899   12.166   13.116   16.252   16.682   17.551   18.582   18.742
   20.283
            0.441942  0.441942  0.000000
   -6.039   -3.605   -3.595   -3.485   -3.468   -3.072    0.596    2.100    3.327    7.450
    9.480   10.882   10.882   12.188   13.102   16.239   16.665   17.539   18.586   18.762
   20.295
            0.440469  0.440469 -0.000000
   -6.040   -3.606   -3.595   -3.485   -3.469   -3.074    0.599    2.104    3.332    7.451
    9.483   10.865   10.869   12.211   13.089   16.227   16.648   17.526   18.590   18.782
   20.308
            0.438995  0.438995  0.000000
   -6.041   -3.606   -3.595   -3.484   -3.469   -3.076    0.602    2.107    3.338    7.453
    9.486   10.848   10.856   12.234   13.076   16.214   16.631   17.512   18.594   18.801
   20.320
            0.437522  0.437522  0.000000
   -6.042   -3.606   -3.596   -3.484   -3.469   -3.078    0.605    2.111    3.344    7.454
    9.488   10.831   10.844   12.258   13.062   16.202   16.614   17.497   18.600   18.821
   20.333
            0.436049  0.436049 -0.000000
   -6.043   -3.606   -3.596   -3.484   -3.469   -3.080    0.609    2.115    3.349    7.455
    9.491   10.813   10.831   12.281   13.049   16.189   16.597   17.482   18.606   18.841
   20.345
            0.434576  0.434576  0.000000
   -6.043   -3.607   -3.597   -3.484   -3.469   -3.082    0.612    2.119    3.355    7.456
    9.493   10.796   10.819   12.305   13.036   16.176   16.579   17.466   18.612   18.861
   20.357
            0.433103  0.433103  0.000000
   -6.044   -3.607   -3.597   -3.483   -3.469   -3.084    0.616    2.123    3.361    7.457
    9.496   10.779   10.806   12.330   13.023   16.163   16.562   17.450   18.619   18.881
   20.370
            0.431630  0.431630 -0.000000
   -6.045   -3.607   -3.597   -3.483   -3.469   -3.086    0.619    2.127    3.366    7.458
    9.498   10.763   10.794   12.354   13.010   16.150   16.545   17.433   18.627   18.900
   20.382
            0.430157  0.430157  0.000000
   -6.046   -3.607   -3.598   -3.483   -3.470   -3.088    0.623    2.131    3.372    7.459
    9.500   10.746   10.782   12.379   12.997   16.137   16.528   17.415   18.635   18.920
   20.394
            0.428683  0.428683  0.000000
   -6.047   -3.607   -3.598   -3.482   -3.470   -3.090    0.627    2.135    3.378    7.459
    9.502   10.729   10.769   12.404   12.984   16.124   16.511   17.398   18.643   18.940
   20.407
            0.427210  0.427210 -0.000000
   -6.048   -3.608   -3.599   -3.482   -3.470   -3.092    0.630    2.140    3.384    7.460
    9.504   10.712   10.757   12.430   12.972   16.111   16.493   17.379   18.652   18.959
   20.419
            0.425737  0.425737  0.000000
   -6.049   -3.608   -3.599   -3.482   -3.470   -3.094    0.634    2.144    3.389    7.461
    9.505   10.695   10.745   12.455   12.959   16.098   16.476   17.360   18.662   18.979
   20.431
            0.424264  0.424264  0.000000
   -6.049   -3.608   -3.600   -3.482   -3.470   -3.096    0.638    2.149    3.395    7.461
    9.507   10.679   10.733   12.481   12.946   16.085   16.459   17.341   18.671   18.999
   20.444
            0.422791  0.422791 -0.000000
   -6.050   -3.608   -3.600   -3.481   -3.470   -3.098    0.642    2.154    3.401    7.462
    9.509   10.662   10.721   12.507   12.934   16.072   16.441   17.321   18.682   19.018
   20.456
            0.421318  0.421318  0.000000
   -6.051   -3.608   -3.600   -3.481   -3.471   -3.100    0.646    2.159    3.407    7.462
    9.510   10.645   10.708   12.534   12.921   16.058   16.424   17.301   18.692   19.038
   20.468
            0.419845  0.419845  0.000000
   -6.052   -3.609   -3.601   -3.481   -3.471   -3.103    0.650    2.164    3.413    7.463
    9.512   10.629   10.696   12.560   12.909   16.045   16.407   17.281   18.703   19.057
   20.480
            0.418372  0.418372 -0.000000
   -6.053   -3.609   -3.601   -3.481   -3.471   -3.105    0.654    2.169    3.418    7.463
    9.513   10.612   10.684   12.587   12.897   16.032   16.389   17.260   18.715   19.077
   20.493
            0.416898  0.416898  0.000000
   -6.054   -3.609   -3.602   -3.481   -3.471   -3.107    0.659    2.174    3.424    7.463
    9.514   10.596   10.673   12.614   12.884   16.019   16.372   17.240   18.727   19.096
   20.505
            0.415425  0.415425  0.000000
   -6.055   -3.609   -3.602   -3.480   -3.471   -3.109    0.663    2.179    3.430    7.463
    9.516   10.579   10.661   12.641   12.872   16.005   16.355   17.218   18.739   19.116
   20.517
            0.413952  0.413952 -0.000000
   -6.056   -3.609   -3.603   -3.480   -3.471   -3.112    0.667    2.184    3.436    7.463
    9.517   10.563   10.649   12.668   12.860   15.992   16.337   17.197   18.751   19.135
   20.530
            0.412479  0.412479  0.000000
   -6.057   -3.610   -3.603   -3.480   -3.471   -3.114    0.672    2.190    3.442    7.463
    9.518   10.547   10.637   12.695   12.848   15.979   16.320   17.175   18.764   19.155
   20.542
            0.411006  0.411006  0.000000
   -6.058   -3.610   -3.603   -3.480   -3.472   -3.116    0.676    2.195    3.448    7.463
    9.520   10.531   10.625   12.723   12.836   15.965   16.302   17.154   18.777   19.174
   20.554
            0.409533  0.409533 -0.000000
   -6.059   -3.610   -3.604   -3.479   -3.472   -3.119    0.681    2.201    3.453    7.463
    9.521   10.514   10.614   12.751   12.824   15.952   16.285   17.132   18.790   19.194
   20.566
            0.408060  0.408060  0.000000
   -6.060   -3.610   -3.604   -3.479   -3.472   -3.121    0.686    2.206    3.459    7.462
    9.522   10.498   10.602   12.778   12.813   15.939   16.267   17.110   18.804   19.213
   20.579
            0.406586  0.406586  0.000000
   -6.061   -3.610   -3.605   -3.479   -3.472   -3.124    0.690    2.212    3.465    7.462
    9.523   10.482   10.591   12.801   12.806   15.925   16.250   17.087   18.817   19.232
   20.591
            0.405113  0.405113 -0.000000
   -6.062   -3.611   -3.605   -3.479   -3.472   -3.126    0.695    2.218    3.471    7.461
    9.524   10.466   10.579   12.789   12.834   15.912   16.232   17.065   18.831   19.252
   20.603
            0.403640  0.403640  0.000000
   -6.063   -3.611   -3.606   -3.479   -3.472   -3.129    0.700    2.224    3.477    7.461
    9.526   10.450   10.568   12.778   12.862   15.898   16.215   17.043   18.845   19.271
   20.615
            0.402167  0.402167  0.000000
   -6.064   -3.611   -3.606   -3.478   -3.472   -3.131    0.705    2.230    3.483    7.460
    9.527   10.434   10.556   12.766   12.891   15.885   16.197   17.020   18.860   19.290
   20.610
            0.400694  0.400694 -0.000000
   -6.065   -3.611   -3.606   -3.478   -3.472   -3.134    0.710    2.236    3.488    7.459
    9.528   10.418   10.545   12.755   12.919   15.872   16.180   16.998   18.874   19.310
   20.572
            0.399221  0.399221  0.000000
   -6.066   -3.611   -3.607   -3.478   -3.473   -3.136    0.715    2.242    3.494    7.458
    9.529   10.403   10.534   12.744   12.947   15.858   16.162   16.975   18.889   19.329
   20.535
            0.397748  0.397748  0.000000
   -6.067   -3.612   -3.607   -3.478   -3.473   -3.139    0.721    2.249    3.500    7.457
    9.530   10.387   10.522   12.733   12.976   15.845   16.145   16.953   18.904   19.348
   20.498
            0.396274  0.396274 -0.000000
   -6.068   -3.612   -3.608   -3.478   -3.473   -3.142    0.726    2.255    3.506    7.456
    9.531   10.371   10.511   12.722   13.004   15.831   16.127   16.930   18.919   19.367
   20.460
            0.394801  0.394801  0.000000
   -6.070   -3.612   -3.608   -3.478   -3.473   -3.144    0.731    2.262    3.512    7.455
    9.533   10.356   10.500   12.711   13.033   15.818   16.110   16.908   18.935   19.387
   20.423
            0.393328  0.393328  0.000000
   -6.071   -3.612   -3.609   -3.477   -3.473   -3.147    0.737    2.268    3.518    7.454
    9.534   10.340   10.489   12.700   13.061   15.804   16.092   16.885   18.950   19.406
   20.385
            0.391855  0.391855 -0.000000
   -6.072   -3.612   -3.609   -3.477   -3.473   -3.150    0.742    2.275    3.524    7.453
    9.535   10.325   10.478   12.689   13.090   15.791   16.075   16.863   18.966   19.425
   20.348
            0.390382  0.390382  0.000000
   -6.073   -3.613   -3.609   -3.477   -3.473   -3.152    0.748    2.281    3.529    7.451
    9.537   10.309   10.467   12.678   13.118   15.777   16.058   16.841   18.981   19.444
   20.311
            0.388909  0.388909  0.000000
   -6.074   -3.613   -3.610   -3.477   -3.473   -3.155    0.754    2.288    3.535    7.450
    9.538   10.294   10.456   12.668   13.147   15.763   16.040   16.819   18.997   19.463
   20.273
            0.387436  0.387436 -0.000000
   -6.075   -3.613   -3.610   -3.477   -3.474   -3.158    0.760    2.295    3.541    7.448
    9.539   10.278   10.445   12.657   13.175   15.750   16.023   16.797   19.013   19.482
   20.236
            0.385962  0.385962  0.000000
   -6.076   -3.613   -3.611   -3.477   -3.474   -3.160    0.766    2.302    3.547    7.447
    9.541   10.263   10.434   12.647   13.204   15.736   16.006   16.775   19.029   19.501
   20.198
            0.384489  0.384489  0.000000
   -6.078   -3.613   -3.611   -3.477   -3.474   -3.163    0.772    2.309    3.553    7.445
    9.542   10.248   10.423   12.636   13.232   15.722   15.989   16.753   19.045   19.520
   20.161
            0.383016  0.383016 -0.000000
   -6.079   -3.614   -3.612   -3.476   -3.474   -3.166    0.778    2.316    3.559    7.443
    9.544   10.233   10.413   12.626   13.261   15.708   15.972   16.731   19.061   19.539
   20.124
            0.381543  0.381543  0.000000
   -6.080   -3.614   -3.612   -3.476   -3.474   -3.169    0.784    2.323    3.565    7.441
    9.545   10.218   10.402   12.616   13.289   15.694   15.955   16.709   19.077   19.558
   20.087
            0.380070  0.380070  0.000000
   -6.081   -3.614   -3.613   -3.476   -3.474   -3.172    0.790    2.331    3.570    7.439
    9.547   10.203   10.391   12.606   13.317   15.680   15.939   16.688   19.094   19.577
   20.050
            0.378597  0.378597 -0.000000
   -6.083   -3.614   -3.613   -3.476   -3.474   -3.175    0.796    2.338    3.576    7.437
    9.548   10.188   10.381   12.596   13.345   15.666   15.922   16.667   19.110   19.596
   20.013
            0.377124  0.377124  0.000000
   -6.084   -3.614   -3.613   -3.476   -3.474   -3.177    0.803    2.345    3.582    7.435
    9.550   10.173   10.370   12.586   13.373   15.651   15.906   16.646   19.126   19.615
   19.976
            0.375650  0.375650  0.000000
   -6.085   -3.615   -3.614   -3.476   -3.474   -3.180    0.809    2.353    3.588    7.433
    9.552   10.158   10.360   12.576   13.401   15.637   15.890   16.625   19.143   19.634
   19.939
            0.374177  0.374177 -0.000000
   -6.086   -3.615   -3.614   -3.476   -3.475   -3.183    0.816    2.360    3.594    7.430
    9.553   10.144   10.349   12.566   13.428   15.622   15.875   16.604   19.159   19.653
   19.903
            0.372704  0.372704  0.000000
   -6.088   -3.615   -3.615   -3.475   -3.475   -3.186    0.823    2.368    3.600    7.428
    9.555   10.129   10.339   12.557   13.456   15.607   15.859   16.584   19.175   19.672
   19.867
            0.371231  0.371231  0.000000
   -6.089   -3.615   -3.615   -3.475   -3.475   -3.189    0.829    2.376    3.605    7.425
    9.557   10.115   10.329   12.547   13.483   15.592   15.844   16.564   19.191   19.691
   19.831
            0.369758  0.369758 -0.000000
   -6.090   -3.616   -3.616   -3.475   -3.475   -3.192    0.836    2.384    3.611    7.423
    9.559   10.100   10.318   12.538   13.510   15.577   15.830   16.544   19.207   19.709
   19.795
            0.368285  0.368285  0.000000
   -6.091   -3.616   -3.616   -3.475   -3.475   -3.195    0.843    2.391    3.617    7.420
    9.561   10.086   10.308   12.528   13.537   15.561   15.815   16.524   19.222   19.728
   19.760
            0.366812  0.366812  0.000000
   -6.093   -3.616   -3.616   -3.475   -3.475   -3.198    0.850    2.399    3.623    7.417
    9.563   10.071   10.298   12.519   13.563   15.545   15.802   16.505   19.237   19.725
   19.747
            0.365339  0.365339 -0.000000
   -6.094   -3.617   -3.616   -3.475   -3.475   -3.201    0.857    2.407    3.629    7.414
    9.565   10.057   10.288   12.510   13.589   15.529   15.788   16.486   19.252   19.692
   19.765
            0.363865  0.363865  0.000000
   -6.095   -3.617   -3.616   -3.475   -3.475   -3.204    0.864    2.415    3.634    7.411
    9.567   10.043   10.278   12.501   13.615   15.513   15.776   16.467   19.265   19.659
   19.784
            0.362392  0.362392  0.000000
   -6.097   -3.618   -3.617   -3.475   -3.475   -3.207    0.872    2.423    3.640    7.408
    9.569   10.029   10.268   12.492   13.640   15.496   15.763   16.448   19.277   19.627
   19.802
            0.360919  0.360919 -0.000000
   -6.098   -3.618   -3.617   -3.475   -3.475   -3.210    0.879    2.432    3.646    7.405
    9.571   10.015   10.258   12.483   13.666   15.479   15.751   16.430   19.288   19.598
   19.821
            0.359446  0.359446  0.000000
   -6.099   -3.619   -3.617   -3.476   -3.475   -3.213    0.887    2.440    3.652    7.401
    9.573   10.001   10.248   12.474   13.690   15.462   15.740   16.412   19.296   19.571
   19.839
            0.357973  0.357973  0.000000
   -6.101   -3.619   -3.617   -3.476   -3.475   -3.216    0.894    2.448    3.657    7.398
    9.575    9.987   10.238   12.466   13.714   15.445   15.730   16.394   19.300   19.549
   19.858
            0.356500  0.356500 -0.000000
   -6.102   -3.620   -3.617   -3.476   -3.474   -3.219    0.902    2.456    3.663    7.395
    9.578    9.974   10.228   12.457   13.738   15.427   15.720   16.377   19.298   19.531
   19.876
            0.355027  0.355027  0.000000
   -6.104   -3.620   -3.618   -3.476   -3.474   -3.222    0.909    2.465    3.669    7.391
    9.580    9.960   10.218   12.449   13.762   15.409   15.710   16.360   19.291   19.520
   19.894
            0.353553  0.353553  0.000000
   -6.105   -3.620   -3.618   -3.476   -3.474   -3.225    0.917    2.473    3.675    7.387
    9.582    9.947   10.208   12.441   13.784   15.391   15.702   16.343   19.277   19.516
   19.912
            0.352080  0.352080 -0.000000
   -6.106   -3.621   -3.618   -3.476   -3.474   -3.228    0.925    2.482    3.680    7.384
    9.584    9.933   10.199   12.432   13.806   15.372   15.694   16.327   19.257   19.518
   19.930
            0.350607  0.350607  0.000000
   -6.108   -3.621   -3.618   -3.476   -3.474   -3.231    0.933    2.490    3.686    7.380
    9.587    9.920   10.189   12.424   13.828   15.353   15.686   16.311   19.233   19.524
   19.948
            0.349134  0.349134  0.000000
   -6.109   -3.622   -3.619   -3.476   -3.474   -3.234    0.941    2.499    3.692    7.376
    9.589    9.907   10.179   12.416   13.849   15.335   15.679   16.295   19.205   19.534
   19.966
            0.347661  0.347661 -0.000000
   -6.111   -3.622   -3.619   -3.476   -3.474   -3.238    0.949    2.508    3.698    7.372
    9.591    9.894   10.170   12.408   13.869   15.315   15.673   16.280   19.175   19.546
   19.983
            0.346188  0.346188  0.000000
   -6.112   -3.623   -3.619   -3.476   -3.474   -3.241    0.958    2.517    3.703    7.368
    9.593    9.881   10.160   12.401   13.889   15.296   15.667   16.265   19.144   19.560
   20.000
            0.344715  0.344715  0.000000
   -6.114   -3.623   -3.619   -3.476   -3.474   -3.244    0.966    2.525    3.709    7.364
    9.596    9.869   10.151   12.393   13.908   15.277   15.663   16.250   19.112   19.575
   20.018
            0.343241  0.343241 -0.000000
   -6.115   -3.623   -3.619   -3.476   -3.474   -3.247    0.974    2.534    3.715    7.360
    9.598    9.856   10.141   12.385   13.926   15.257   15.658   16.237   19.078   19.590
   20.035
            0.341768  0.341768  0.000000
   -6.117   -3.624   -3.620   -3.476   -3.474   -3.250    0.983    2.543    3.720    7.355
    9.600    9.844   10.132   12.378   13.943   15.238   15.655   16.223   19.045   19.607
   20.051
            0.340295  0.340295  0.000000
   -6.118   -3.624   -3.620   -3.477   -3.474   -3.253    0.991    2.552    3.726    7.351
    9.602    9.832   10.122   12.370   13.959   15.218   15.652   16.210   19.011   19.624
   20.068
            0.338822  0.338822 -0.000000
   -6.120   -3.625   -3.620   -3.477   -3.474   -3.256    1.000    2.561    3.732    7.346
    9.604    9.820   10.113   12.363   13.975   15.198   15.649   16.198   18.977   19.641
   20.084
            0.337349  0.337349  0.000000
   -6.121   -3.625   -3.620   -3.477   -3.474   -3.259    1.009    2.570    3.737    7.342
    9.605    9.809   10.104   12.356   13.989   15.178   15.647   16.186   18.942   19.659
   20.100
            0.335876  0.335876  0.000000
   -6.123   -3.626   -3.621   -3.477   -3.474   -3.263    1.018    2.580    3.743    7.337
    9.607    9.798   10.095   12.349   14.003   15.158   15.646   16.175   18.908   19.677
   20.115
            0.334403  0.334403 -0.000000
   -6.124   -3.626   -3.621   -3.477   -3.474   -3.266    1.027    2.589    3.748    7.332
    9.608    9.787   10.086   12.342   14.016   15.139   15.645   16.164   18.873   19.695
   20.130
            0.332929  0.332929  0.000000
   -6.126   -3.626   -3.621   -3.477   -3.474   -3.269    1.036    2.598    3.754    7.328
    9.609    9.777   10.076   12.335   14.027   15.119   15.645   16.154   18.839   19.714
   20.145
            0.331456  0.331456  0.000000
   -6.127   -3.627   -3.621   -3.477   -3.474   -3.272    1.045    2.607    3.759    7.323
    9.609    9.767   10.067   12.329   14.038   15.099   15.645   16.145   18.804   19.732
   20.158
            0.329983  0.329983 -0.000000
   -6.129   -3.627   -3.622   -3.477   -3.474   -3.275    1.054    2.617    3.765    7.318
    9.609    9.758   10.058   12.322   14.048   15.079   15.645   16.137   18.770   19.751
   20.171
            0.328510  0.328510  0.000000
   -6.130   -3.628   -3.622   -3.477   -3.474   -3.278    1.063    2.626    3.771    7.313
    9.608    9.750   10.049   12.316   14.056   15.060   15.646   16.130   18.735   19.770
   20.184
            0.327037  0.327037  0.000000
   -6.132   -3.628   -3.622   -3.477   -3.474   -3.282    1.073    2.636    3.776    7.308
    9.607    9.743   10.040   12.309   14.063   15.040   15.646   16.124   18.701   19.789
   20.195
            0.325564  0.325564 -0.000000
   -6.134   -3.629   -3.622   -3.477   -3.474   -3.285    1.082    2.645    3.782    7.303
    9.604    9.736   10.032   12.303   14.070   15.021   15.647   16.118   18.667   19.808
   20.204
            0.324091  0.324091  0.000000
   -6.135   -3.629   -3.623   -3.477   -3.474   -3.288    1.092    2.655    3.787    7.297
    9.601    9.731   10.023   12.297   14.075   15.002   15.648   16.114   18.633   19.827
   20.213
            0.322617  0.322617  0.000000
   -6.137   -3.629   -3.623   -3.477   -3.474   -3.291    1.101    2.664    3.793    7.292
    9.597    9.727   10.014   12.291   14.079   14.982   15.649   16.112   18.599   19.846
   20.219
            0.321144  0.321144 -0.000000
   -6.138   -3.630   -3.623   -3.477   -3.474   -3.294    1.111    2.674    3.798    7.287
    9.592    9.723   10.005   12.285   14.082   14.963   15.649   16.110   18.565   19.866
   20.224
            0.319671  0.319671  0.000000
   -6.140   -3.630   -3.623   -3.477   -3.474   -3.297    1.121    2.684    3.803    7.281
    9.585    9.721    9.996   12.279   14.084   14.945   15.650   16.110   18.531   19.885
   20.226
            0.318198  0.318198  0.000000
   -6.142   -3.631   -3.624   -3.477   -3.474   -3.300    1.131    2.693    3.809    7.276
    9.578    9.720    9.988   12.274   14.085   14.926   15.650   16.111   18.497   19.904
   20.226
            0.316725  0.316725 -0.000000
   -6.143   -3.631   -3.624   -3.477   -3.474   -3.304    1.141    2.703    3.814    7.270
    9.571    9.720    9.979   12.268   14.085   14.907   15.649   16.114   18.464   19.924
   20.223
            0.315252  0.315252  0.000000
   -6.145   -3.632   -3.624   -3.477   -3.474   -3.307    1.151    2.713    3.820    7.264
    9.562    9.720    9.971   12.263   14.084   14.889   15.648   16.118   18.431   19.943
   20.217
            0.313779  0.313779  0.000000
   -6.147   -3.632   -3.624   -3.478   -3.474   -3.310    1.161    2.723    3.825    7.259
    9.554    9.721    9.962   12.257   14.082   14.871   15.647   16.124   18.398   19.963
   20.208
            0.312305  0.312305 -0.000000
   -6.148   -3.632   -3.625   -3.478   -3.474   -3.313    1.171    2.733    3.830    7.253
    9.544    9.722    9.954   12.252   14.078   14.853   15.644   16.131   18.365   19.982
   20.197
            0.310832  0.310832  0.000000
   -6.150   -3.633   -3.625   -3.478   -3.474   -3.316    1.182    2.743    3.836    7.247
    9.535    9.724    9.945   12.247   14.074   14.836   15.642   16.140   18.332   20.002
   20.182
            0.309359  0.309359  0.000000
   -6.152   -3.633   -3.625   -3.478   -3.474   -3.319    1.192    2.753    3.841    7.241
    9.525    9.726    9.937   12.242   14.069   14.818   15.638   16.150   18.300   20.022
   20.165
            0.307886  0.307886 -0.000000
   -6.153   -3.634   -3.625   -3.478   -3.475   -3.322    1.202    2.763    3.846    7.235
    9.515    9.729    9.928   12.237   14.063   14.801   15.634   16.162   18.268   20.041
   20.146
            0.306413  0.306413  0.000000
   -6.155   -3.634   -3.626   -3.478   -3.475   -3.326    1.213    2.773    3.852    7.229
    9.505    9.732    9.920   12.233   14.056   14.784   15.630   16.175   18.236   20.061
   20.124
            0.304940  0.304940  0.000000
   -6.157   -3.635   -3.626   -3.478   -3.475   -3.329    1.224    2.783    3.857    7.223
    9.495    9.735    9.912   12.228   14.048   14.767   15.625   16.189   18.204   20.081
   20.101
            0.303467  0.303467 -0.000000
   -6.158   -3.635   -3.626   -3.478   -3.475   -3.332    1.234    2.793    3.862    7.217
    9.485    9.738    9.903   12.224   14.040   14.750   15.619   16.204   18.173   20.077
   20.100
            0.301994  0.301994  0.000000
   -6.160   -3.635   -3.627   -3.478   -3.475   -3.335    1.245    2.803    3.867    7.210
    9.474    9.741    9.895   12.219   14.030   14.734   15.613   16.221   18.142   20.051
   20.120
            0.300520  0.300520  0.000000
   -6.162   -3.636   -3.627   -3.478   -3.475   -3.338    1.256    2.813    3.873    7.204
    9.464    9.744    9.887   12.215   14.020   14.718   15.607   16.238   18.111   20.024
   20.139
            0.299047  0.299047 -0.000000
   -6.164   -3.636   -3.627   -3.478   -3.475   -3.341    1.267    2.823    3.878    7.198
    9.454    9.748    9.879   12.211   14.009   14.701   15.600   16.257   18.081   19.996
   20.159
            0.297574  0.297574  0.000000
   -6.165   -3.637   -3.627   -3.478   -3.475   -3.344    1.278    2.834    3.883    7.191
    9.443    9.751    9.871   12.207   13.998   14.686   15.592   16.276   18.051   19.967
   20.179
            0.296101  0.296101  0.000000
   -6.167   -3.637   -3.628   -3.478   -3.475   -3.347    1.289    2.844    3.888    7.185
    9.433    9.755    9.863   12.203   13.986   14.670   15.585   16.296   18.022   19.938
   20.198
            0.294628  0.294628 -0.000000
   -6.169   -3.638   -3.628   -3.478   -3.476   -3.350    1.301    2.854    3.893    7.178
    9.423    9.759    9.855   12.200   13.973   14.654   15.577   16.316   17.993   19.908
   20.218
            0.293155  0.293155  0.000000
   -6.171   -3.638   -3.628   -3.478   -3.476   -3.353    1.312    2.865    3.898    7.171
    9.412    9.762    9.847   12.196   13.960   14.639   15.569   16.337   17.965   19.878
   20.237
            0.291682  0.291682  0.000000
   -6.172   -3.638   -3.629   -3.478   -3.476   -3.356    1.323    2.875    3.903    7.165
    9.402    9.766    9.839   12.192   13.946   14.624   15.561   16.359   17.937   19.847
   20.256
            0.290208  0.290208 -0.000000
   -6.174   -3.639   -3.629   -3.478   -3.476   -3.359    1.335    2.885    3.909    7.158
    9.392    9.770    9.831   12.189   13.932   14.608   15.552   16.380   17.910   19.815
   20.276
            0.288735  0.288735  0.000000
   -6.176   -3.639   -3.629   -3.478   -3.476   -3.362    1.346    2.896    3.914    7.151
    9.382    9.774    9.823   12.186   13.918   14.593   15.544   16.402   17.883   19.784
   20.295
            0.287262  0.287262  0.000000
   -6.178   -3.640   -3.629   -3.478   -3.476   -3.365    1.358    2.906    3.919    7.144
    9.372    9.777    9.816   12.183   13.903   14.579   15.535   16.424   17.858   19.752
   20.314
            0.285789  0.285789 -0.000000
   -6.180   -3.640   -3.630   -3.478   -3.477   -3.368    1.370    2.917    3.924    7.138
    9.362    9.781    9.808   12.180   13.888   14.564   15.526   16.446   17.833   19.720
   20.333
            0.284316  0.284316  0.000000
   -6.181   -3.640   -3.630   -3.478   -3.477   -3.371    1.382    2.927    3.929    7.131
    9.352    9.785    9.800   12.177   13.872   14.549   15.517   16.468   17.809   19.688
   20.351
            0.282843  0.282843  0.000000
   -6.183   -3.641   -3.630   -3.478   -3.477   -3.374    1.393    2.938    3.934    7.124
    9.342    9.789    9.793   12.174   13.856   14.534   15.508   16.489   17.786   19.656
   20.370
            0.281370  0.281370 -0.000000
   -6.185   -3.641   -3.631   -3.478   -3.477   -3.377    1.405    2.948    3.938    7.116
    9.332    9.785    9.793   12.172   13.840   14.520   15.499   16.511   17.764   19.623
   20.388
            0.279896  0.279896  0.000000
   -6.187   -3.642   -3.631   -3.478   -3.477   -3.380    1.417    2.959    3.943    7.109
    9.322    9.777    9.796   12.169   13.823   14.505   15.490   16.531   17.743   19.591
   20.406
            0.278423  0.278423  0.000000
   -6.189   -3.642   -3.631   -3.478   -3.478   -3.382    1.429    2.970    3.948    7.102
    9.312    9.770    9.800   12.167   13.807   14.491   15.481   16.551   17.724   19.558
   20.424
            0.276950  0.276950 -0.000000
   -6.191   -3.642   -3.632   -3.478   -3.478   -3.385    1.442    2.980    3.953    7.095
    9.303    9.762    9.804   12.165   13.790   14.477   15.472   16.570   17.706   19.525
   20.442
            0.275477  0.275477  0.000000
   -6.192   -3.643   -3.632   -3.478   -3.478   -3.388    1.454    2.991    3.958    7.088
    9.293    9.755    9.808   12.163   13.773   14.463   15.463   16.588   17.689   19.492
   20.459
            0.274004  0.274004  0.000000
   -6.194   -3.643   -3.632   -3.479   -3.478   -3.391    1.466    3.002    3.963    7.080
    9.284    9.747    9.811   12.161   13.756   14.448   15.454   16.605   17.675   19.459
   20.475
            0.272531  0.272531 -0.000000
   -6.196   -3.644   -3.633   -3.479   -3.478   -3.394    1.479    3.012    3.968    7.073
    9.274    9.740    9.815   12.159   13.738   14.434   15.444   16.620   17.662   19.426
   20.491
            0.271058  0.271058  0.000000
   -6.198   -3.644   -3.633   -3.479   -3.478   -3.396    1.491    3.023    3.972    7.066
    9.265    9.733    9.819   12.157   13.721   14.420   15.435   16.634   17.652   19.393
   20.507
            0.269584  0.269584  0.000000
   -6.200   -3.644   -3.633   -3.480   -3.478   -3.399    1.504    3.034    3.977    7.058
    9.256    9.725    9.822   12.156   13.704   14.406   15.426   16.646   17.643   19.360
   20.522
            0.268111  0.268111 -0.000000
   -6.202   -3.645   -3.633   -3.480   -3.478   -3.402    1.516    3.044    3.982    7.050
    9.246    9.718    9.826   12.154   13.686   14.392   15.417   16.656   17.637   19.327
   20.536
            0.266638  0.266638  0.000000
   -6.203   -3.645   -3.634   -3.480   -3.478   -3.404    1.529    3.055    3.987    7.043
    9.237    9.711    9.829   12.153   13.669   14.378   15.407   16.665   17.634   19.294
   20.549
            0.265165  0.265165  0.000000
   -6.205   -3.646   -3.634   -3.481   -3.478   -3.407    1.542    3.066    3.991    7.035
    9.228    9.704    9.833   12.152   13.651   14.364   15.398   16.671   17.633   19.261
   20.562
            0.263692  0.263692 -0.000000
   -6.207   -3.646   -3.634   -3.481   -3.478   -3.409    1.555    3.077    3.996    7.028
    9.219    9.697    9.836   12.151   13.634   14.349   15.389   16.675   17.635   19.228
   20.573
            0.262219  0.262219  0.000000
   -6.209   -3.646   -3.635   -3.482   -3.478   -3.412    1.568    3.088    4.000    7.020
    9.211    9.689    9.839   12.150   13.616   14.335   15.380   16.676   17.639   19.194
   20.583
            0.260746  0.260746  0.000000
   -6.211   -3.647   -3.635   -3.482   -3.478   -3.414    1.581    3.098    4.005    7.012
    9.202    9.682    9.842   12.149   13.599   14.321   15.371   16.675   17.647   19.161
   20.591
            0.259272  0.259272 -0.000000
   -6.213   -3.647   -3.635   -3.483   -3.478   -3.417    1.594    3.109    4.010    7.004
    9.193    9.675    9.845   12.149   13.581   14.307   15.362   16.673   17.656   19.128
   20.597
            0.257799  0.257799  0.000000
   -6.215   -3.648   -3.636   -3.484   -3.478   -3.419    1.607    3.120    4.014    6.996
    9.185    9.668    9.848   12.148   13.564   14.293   15.353   16.668   17.669   19.095
   20.602
            0.256326  0.256326  0.000000
   -6.217   -3.648   -3.636   -3.484   -3.478   -3.421    1.620    3.131    4.019    6.988
    9.176    9.661    9.851   12.148   13.547   14.279   15.344   16.661   17.683   19.062
   20.605
            0.254853  0.254853 -0.000000
   -6.218   -3.648   -3.636   -3.485   -3.478   -3.423    1.634    3.142    4.023    6.980
    9.168    9.654    9.854   12.148   13.530   14.265   15.335   16.652   17.701   19.029
   20.605
            0.253380  0.253380  0.000000
   -6.220   -3.649   -3.637   -3.486   -3.478   -3.426    1.647    3.153    4.028    6.972
    9.160    9.648    9.857   12.148   13.513   14.251   15.326   16.641   17.720   18.996
   20.603
            0.251907  0.251907  0.000000
   -6.222   -3.649   -3.637   -3.487   -3.478   -3.428    1.660    3.164    4.032    6.964
    9.152    9.641    9.860   12.148   13.496   14.237   15.317   16.629   17.741   18.962
   20.598
            0.250434  0.250434 -0.000000
   -6.224   -3.650   -3.637   -3.487   -3.478   -3.430    1.674    3.174    4.036    6.956
    9.143    9.634    9.862   12.148   13.479   14.222   15.308   16.615   17.764   18.929
   20.591
            0.248961  0.248961  0.000000
   -6.226   -3.650   -3.638   -3.488   -3.478   -3.432    1.688    3.185    4.041    6.948
    9.135    9.627    9.865   12.148   13.462   14.208   15.299   16.600   17.789   18.896
   20.582
            0.247487  0.247487  0.000000
   -6.228   -3.650   -3.638   -3.489   -3.478   -3.434    1.701    3.196    4.045    6.940
    9.128    9.620    9.867   12.149   13.446   14.194   15.290   16.584   17.815   18.863
   20.570
            0.246014  0.246014 -0.000000
   -6.230   -3.651   -3.639   -3.490   -3.478   -3.435    1.715    3.207    4.050    6.932
    9.120    9.614    9.869   12.149   13.429   14.180   15.282   16.566   17.843   18.830
   20.555
            0.244541  0.244541  0.000000
   -6.232   -3.651   -3.639   -3.491   -3.478   -3.437    1.729    3.218    4.054    6.923
    9.112    9.607    9.871   12.150   13.413   14.165   15.273   16.548   17.872   18.797
   20.539
            0.243068  0.243068  0.000000
   -6.234   -3.651   -3.639   -3.493   -3.478   -3.439    1.743    3.229    4.058    6.915
    9.104    9.600    9.873   12.151   13.397   14.151   15.264   16.529   17.902   18.764
   20.521
            0.241595  0.241595 -0.000000
   -6.236   -3.652   -3.640   -3.494   -3.478   -3.440    1.757    3.240    4.062    6.906
    9.097    9.594    9.875   12.152   13.381   14.137   15.256   16.510   17.933   18.732
   20.500
            0.240122  0.240122  0.000000
   -6.238   -3.652   -3.640   -3.495   -3.478   -3.442    1.771    3.251    4.067    6.898
    9.090    9.587    9.877   12.153   13.366   14.122   15.247   16.489   17.965   18.699
   20.479
            0.238649  0.238649  0.000000
   -6.239   -3.653   -3.640   -3.496   -3.478   -3.443    1.785    3.262    4.071    6.889
    9.082    9.581    9.878   12.154   13.350   14.108   15.239   16.468   17.998   18.666
   20.456
            0.237175  0.237175 -0.000000
   -6.241   -3.653   -3.641   -3.498   -3.478   -3.445    1.799    3.273    4.075    6.881
    9.075    9.574    9.880   12.156   13.335   14.094   15.230   16.447   18.032   18.633
   20.431
            0.235702  0.235702  0.000000
   -6.243   -3.653   -3.641   -3.499   -3.478   -3.446    1.813    3.283    4.079    6.872
    9.068    9.568    9.881   12.157   13.320   14.079   15.222   16.426   18.066   18.600
   20.406
            0.234229  0.234229  0.000000
   -6.245   -3.654   -3.641   -3.501   -3.478   -3.447    1.827    3.294    4.083    6.864
    9.061    9.561    9.882   12.159   13.305   14.064   15.214   16.404   18.101   18.568
   20.380
            0.232756  0.232756 -0.000000
   -6.247   -3.654   -3.642   -3.502   -3.478   -3.448    1.842    3.305    4.087    6.855
    9.054    9.555    9.883   12.161   13.290   14.050   15.205   16.381   18.137   18.535
   20.353
            0.231283  0.231283  0.000000
   -6.249   -3.654   -3.642   -3.504   -3.478   -3.450    1.856    3.316    4.091    6.846
    9.047    9.549    9.884   12.163   13.276   14.035   15.197   16.359   18.173   18.502
   20.325
            0.229810  0.229810  0.000000
   -6.251   -3.655   -3.642   -3.506   -3.478   -3.451    1.871    3.327    4.095    6.837
    9.041    9.542    9.885   12.165   13.262   14.021   15.189   16.336   18.210   18.470
   20.297
            0.228337  0.228337 -0.000000
   -6.253   -3.655   -3.643   -3.507   -3.478   -3.452    1.885    3.338    4.099    6.829
    9.034    9.536    9.885   12.167   13.248   14.006   15.181   16.313   18.247   18.437
   20.269
            0.226863  0.226863  0.000000
   -6.255   -3.656   -3.643   -3.509   -3.478   -3.452    1.900    3.349    4.103    6.820
    9.028    9.530    9.886   12.170   13.235   13.991   15.173   16.290   18.285   18.405
   20.240
            0.225390  0.225390  0.000000
   -6.257   -3.656   -3.644   -3.511   -3.478   -3.453    1.915    3.360    4.107    6.811
    9.021    9.524    9.886   12.172   13.221   13.976   15.165   16.267   18.323   18.372
   20.210
            0.223917  0.223917 -0.000000
   -6.259   -3.656   -3.644   -3.513   -3.477   -3.454    1.929    3.371    4.111    6.802
    9.015    9.518    9.886   12.175   13.208   13.961   15.157   16.244   18.340   18.361
   20.180
            0.222444  0.222444  0.000000
   -6.261   -3.657   -3.644   -3.515   -3.477   -3.455    1.944    3.381    4.115    6.793
    9.009    9.511    9.886   12.178   13.196   13.946   15.149   16.221   18.308   18.400
   20.150
            0.220971  0.220971  0.000000
   -6.262   -3.657   -3.645   -3.516   -3.477   -3.455    1.959    3.392    4.119    6.784
    9.003    9.505    9.886   12.180   13.183   13.931   15.141   16.198   18.275   18.439
   20.120
            0.219498  0.219498 -0.000000
   -6.264   -3.657   -3.645   -3.518   -3.477   -3.456    1.974    3.403    4.123    6.775
    8.997    9.499    9.885   12.183   13.171   13.916   15.133   16.174   18.243   18.478
   20.090
            0.218025  0.218025  0.000000
   -6.266   -3.658   -3.645   -3.520   -3.477   -3.457    1.989    3.414    4.126    6.765
    8.991    9.493    9.885   12.187   13.159   13.901   15.125   16.151   18.211   18.518
   20.059
            0.216551  0.216551  0.000000
   -6.268   -3.658   -3.646   -3.522   -3.477   -3.457    2.004    3.425    4.130    6.756
    8.985    9.487    9.884   12.190   13.148   13.886   15.118   16.128   18.179   18.558
   20.029
            0.215078  0.215078 -0.000000
   -6.270   -3.658   -3.646   -3.524   -3.477   -3.458    2.019    3.436    4.134    6.747
    8.979    9.481    9.883   12.193   13.136   13.871   15.110   16.105   18.147   18.598
   19.998
            0.213605  0.213605  0.000000
   -6.272   -3.659   -3.647   -3.526   -3.477   -3.458    2.034    3.446    4.138    6.738
    8.974    9.475    9.882   12.197   13.125   13.856   15.102   16.082   18.115   18.638
   19.967
            0.212132  0.212132  0.000000
   -6.274   -3.659   -3.647   -3.528   -3.477   -3.459    2.050    3.457    4.141    6.728
    8.969    9.470    9.880   12.201   13.115   13.841   15.095   16.059   18.083   18.679
   19.937
            0.210659  0.210659 -0.000000
   -6.276   -3.659   -3.647   -3.530   -3.477   -3.459    2.065    3.468    4.145    6.719
    8.963    9.464    9.879   12.205   13.104   13.825   15.087   16.036   18.051   18.719
   19.906
            0.209186  0.209186  0.000000
   -6.278   -3.660   -3.648   -3.532   -3.477   -3.460    2.080    3.478    4.149    6.709
    8.958    9.458    9.877   12.209   13.094   13.810   15.080   16.013   18.019   18.760
   19.875
            0.207713  0.207713  0.000000
   -6.280   -3.660   -3.648   -3.534   -3.477   -3.460    2.096    3.489    4.152    6.700
    8.953    9.452    9.875   12.213   13.084   13.794   15.073   15.991   17.987   18.801
   19.844
            0.206239  0.206239 -0.000000
   -6.282   -3.660   -3.648   -3.536   -3.477   -3.460    2.111    3.500    4.156    6.690
    8.948    9.447    9.873   12.217   13.075   13.779   15.065   15.968   17.955   18.842
   19.814
            0.204766  0.204766  0.000000
   -6.283   -3.661   -3.649   -3.538   -3.477   -3.461    2.127    3.511    4.159    6.681
    8.943    9.441    9.871   12.221   13.066   13.763   15.058   15.946   17.924   18.883
   19.783
            0.203293  0.203293  0.000000
   -6.285   -3.661   -3.649   -3.540   -3.477   -3.461    2.143    3.521    4.163    6.671
    8.938    9.435    9.868   12.226   13.057   13.748   15.051   15.923   17.892   18.924
   19.753
            0.201820  0.201820 -0.000000
   -6.287   -3.661   -3.650   -3.543   -3.477   -3.461    2.158    3.532    4.166    6.661
    8.934    9.430    9.866   12.231   13.049   13.732   15.044   15.901   17.861   18.965
   19.723
            0.200347  0.200347  0.000000
   -6.289   -3.662   -3.650   -3.545   -3.477   -3.462    2.174    3.542    4.170    6.652
    8.929    9.424    9.863   12.235   13.040   13.716   15.037   15.879   17.829   19.006
   19.693
            0.198874  0.198874  0.000000
   -6.291   -3.662   -3.650   -3.547   -3.477   -3.462    2.190    3.553    4.173    6.642
    8.925    9.418    9.860   12.240   13.032   13.701   15.030   15.857   17.798   19.046
   19.663
            0.197401  0.197401 -0.000000
   -6.293   -3.662   -3.651   -3.549   -3.477   -3.462    2.206    3.563    4.176    6.632
    8.920    9.413    9.857   12.246   13.025   13.685   15.023   15.836   17.766   19.086
   19.635
            0.195928  0.195928  0.000000
   -6.295   -3.663   -3.651   -3.551   -3.477   -3.463    2.221    3.574    4.180    6.622
    8.916    9.408    9.853   12.251   13.018   13.669   15.016   15.814   17.735   19.126
   19.607
            0.194454  0.194454  0.000000
   -6.297   -3.663   -3.652   -3.553   -3.477   -3.463    2.237    3.584    4.183    6.612
    8.912    9.402    9.850   12.256   13.011   13.653   15.009   15.793   17.704   19.164
   19.580
            0.192981  0.192981 -0.000000
   -6.298   -3.663   -3.652   -3.555   -3.477   -3.463    2.253    3.595    4.186    6.602
    8.908    9.397    9.846   12.262   13.004   13.637   15.002   15.771   17.672   19.200
   19.555
            0.191508  0.191508  0.000000
   -6.300   -3.664   -3.652   -3.557   -3.476   -3.463    2.270    3.605    4.190    6.592
    8.904    9.391    9.842   12.267   12.998   13.622   14.995   15.750   17.641   19.234
   19.534
            0.190035  0.190035  0.000000
   -6.302   -3.664   -3.653   -3.559   -3.476   -3.464    2.286    3.616    4.193    6.582
    8.900    9.386    9.838   12.273   12.992   13.606   14.988   15.730   17.610   19.262
   19.518
            0.188562  0.188562 -0.000000
   -6.304   -3.664   -3.653   -3.561   -3.476   -3.464    2.302    3.626    4.196    6.572
    8.897    9.381    9.833   12.279   12.986   13.590   14.982   15.709   17.579   19.283
   19.509
            0.187089  0.187089  0.000000
   -6.306   -3.665   -3.654   -3.563   -3.476   -3.464    2.318    3.636    4.199    6.561
    8.893    9.376    9.829   12.285   12.981   13.574   14.975   15.688   17.548   19.292
   19.513
            0.185616  0.185616  0.000000
   -6.308   -3.665   -3.654   -3.565   -3.476   -3.464    2.334    3.647    4.202    6.551
    8.890    9.370    9.824   12.291   12.976   13.558   14.969   15.668   17.517   19.289
   19.529
            0.184142  0.184142 -0.000000
   -6.309   -3.665   -3.654   -3.567   -3.476   -3.464    2.351    3.657    4.206    6.541
    8.887    9.365    9.819   12.297   12.971   13.542   14.962   15.648   17.486   19.276
   19.555
            0.182669  0.182669  0.000000
   -6.311   -3.666   -3.655   -3.568   -3.476   -3.465    2.367    3.667    4.209    6.530
    8.883    9.360    9.814   12.304   12.966   13.525   14.956   15.628   17.456   19.257
   19.587
            0.181196  0.181196  0.000000
   -6.313   -3.666   -3.655   -3.570   -3.476   -3.465    2.383    3.677    4.212    6.520
    8.880    9.355    9.809   12.310   12.962   13.509   14.949   15.608   17.425   19.233
   19.623
            0.179723  0.179723 -0.000000
   -6.315   -3.666   -3.656   -3.572   -3.476   -3.465    2.400    3.687    4.215    6.509
    8.877    9.350    9.803   12.317   12.958   13.493   14.943   15.589   17.394   19.208
   19.662
            0.178250  0.178250  0.000000
   -6.317   -3.667   -3.656   -3.574   -3.476   -3.465    2.417    3.698    4.218    6.499
    8.874    9.345    9.798   12.324   12.954   13.477   14.937   15.569   17.364   19.181
   19.702
            0.176777  0.176777  0.000000
   -6.319   -3.667   -3.656   -3.576   -3.476   -3.465    2.433    3.708    4.221    6.488
    8.872    9.340    9.792   12.331   12.951   13.461   14.930   15.550   17.333   19.153
   19.744
            0.175304  0.175304 -0.000000
   -6.320   -3.667   -3.657   -3.578   -3.476   -3.465    2.450    3.718    4.224    6.477
    8.869    9.335    9.786   12.338   12.948   13.445   14.924   15.531   17.303   19.125
   19.786
            0.173830  0.173830  0.000000
   -6.322   -3.668   -3.657   -3.580   -3.476   -3.465    2.466    3.728    4.227    6.467
    8.867    9.330    9.780   12.345   12.945   13.429   14.918   15.512   17.272   19.096
   19.828
            0.172357  0.172357  0.000000
   -6.324   -3.668   -3.657   -3.582   -3.476   -3.466    2.483    3.738    4.230    6.456
    8.864    9.325    9.774   12.352   12.942   13.413   14.912   15.494   17.242   19.067
   19.872
            0.170884  0.170884 -0.000000
   -6.326   -3.668   -3.658   -3.583   -3.476   -3.466    2.500    3.747    4.232    6.445
    8.862    9.320    9.767   12.360   12.939   13.398   14.906   15.476   17.212   19.038
   19.915
            0.169411  0.169411  0.000000
   -6.327   -3.668   -3.658   -3.585   -3.476   -3.466    2.517    3.757    4.235    6.434
    8.860    9.315    9.761   12.368   12.937   13.382   14.900   15.457   17.182   19.009
   19.959
            0.167938  0.167938  0.000000
   -6.329   -3.669   -3.659   -3.587   -3.476   -3.466    2.534    3.767    4.238    6.423
    8.858    9.311    9.754   12.375   12.935   13.366   14.894   15.439   17.152   18.980
   20.003
            0.166465  0.166465 -0.000000
   -6.331   -3.669   -3.659   -3.589   -3.475   -3.466    2.551    3.777    4.241    6.412
    8.856    9.306    9.747   12.383   12.933   13.351   14.888   15.422   17.122   18.950
   20.047
            0.164992  0.164992  0.000000
   -6.333   -3.669   -3.659   -3.591   -3.475   -3.466    2.568    3.787    4.243    6.401
    8.854    9.301    9.740   12.391   12.931   13.335   14.882   15.404   17.092   18.921
   20.092
            0.163518  0.163518  0.000000
   -6.334   -3.670   -3.660   -3.592   -3.475   -3.466    2.585    3.796    4.246    6.390
    8.852    9.297    9.733   12.399   12.929   13.320   14.876   15.387   17.062   18.891
   20.136
            0.162045  0.162045 -0.000000
   -6.336   -3.670   -3.660   -3.594   -3.475   -3.466    2.602    3.806    4.249    6.378
    8.850    9.292    9.726   12.408   12.927   13.305   14.871   15.370   17.032   18.862
   20.181
            0.160572  0.160572  0.000000
   -6.338   -3.670   -3.661   -3.596   -3.475   -3.467    2.619    3.815    4.252    6.367
    8.849    9.287    9.718   12.416   12.926   13.290   14.865   15.353   17.002   18.832
   20.226
            0.159099  0.159099  0.000000
   -6.340   -3.670   -3.661   -3.598   -3.475   -3.467    2.636    3.825    4.254    6.356
    8.848    9.283    9.711   12.425   12.924   13.276   14.859   15.336   16.972   18.803
   20.271
            0.157626  0.157626 -0.000000
   -6.341   -3.671   -3.661   -3.599   -3.475   -3.467    2.653    3.834    4.257    6.344
    8.846    9.278    9.703   12.433   12.922   13.261   14.854   15.320   16.943   18.774
   20.316
            0.156153  0.156153  0.000000
   -6.343   -3.671   -3.662   -3.601   -3.475   -3.467    2.670    3.844    4.259    6.333
    8.845    9.274    9.695   12.442   12.920   13.247   14.848   15.304   16.913   18.745
   20.361
            0.154680  0.154680  0.000000
   -6.345   -3.671   -3.662   -3.603   -3.475   -3.467    2.688    3.853    4.262    6.321
    8.844    9.269    9.688   12.451   12.918   13.234   14.843   15.287   16.884   18.715
   20.406
            0.153206  0.153206 -0.000000
   -6.346   -3.672   -3.662   -3.604   -3.475   -3.467    2.705    3.862    4.264    6.310
    8.843    9.265    9.680   12.460   12.915   13.221   14.838   15.272   16.854   18.686
   20.452
            0.151733  0.151733  0.000000
   -6.348   -3.672   -3.663   -3.606   -3.475   -3.467    2.722    3.872    4.267    6.298
    8.842    9.261    9.672   12.469   12.913   13.209   14.832   15.256   16.825   18.657
   20.497
            0.150260  0.150260  0.000000
   -6.350   -3.672   -3.663   -3.607   -3.475   -3.467    2.740    3.881    4.269    6.286
    8.841    9.256    9.663   12.478   12.909   13.197   14.827   15.241   16.796   18.628
   20.543
            0.148787  0.148787 -0.000000
   -6.351   -3.672   -3.664   -3.609   -3.475   -3.467    2.757    3.890    4.272    6.274
    8.841    9.252    9.655   12.488   12.906   13.186   14.822   15.225   16.767   18.600
   20.588
            0.147314  0.147314  0.000000
   -6.353   -3.673   -3.664   -3.611   -3.475   -3.467    2.775    3.899    4.274    6.263
    8.840    9.248    9.647   12.497   12.901   13.176   14.816   15.210   16.738   18.571
   20.634
            0.145841  0.145841  0.000000
   -6.355   -3.673   -3.664   -3.612   -3.475   -3.468    2.792    3.908    4.276    6.251
    8.840    9.244    9.638   12.507   12.897   13.167   14.811   15.196   16.709   18.542
   20.680
            0.144368  0.144368 -0.000000
   -6.356   -3.673   -3.665   -3.614   -3.475   -3.468    2.810    3.917    4.279    6.239
    8.839    9.240    9.630   12.517   12.891   13.159   14.806   15.181   16.680   18.514
   20.726
            0.142894  0.142894  0.000000
   -6.358   -3.673   -3.665   -3.615   -3.474   -3.468    2.827    3.926    4.281    6.227
    8.839    9.235    9.621   12.527   12.885   13.152   14.801   15.167   16.651   18.485
   20.771
            0.141421  0.141421  0.000000
   -6.359   -3.674   -3.666   -3.617   -3.474   -3.468    2.845    3.935    4.283    6.214
    8.839    9.231    9.613   12.537   12.877   13.145   14.796   15.152   16.622   18.457
   20.817
            0.139948  0.139948 -0.000000
   -6.361   -3.674   -3.666   -3.618   -3.474   -3.468    2.862    3.943    4.286    6.202
    8.839    9.227    9.604   12.547   12.869   13.140   14.791   15.138   16.593   18.429
   20.863
            0.138475  0.138475  0.000000
   -6.363   -3.674   -3.666   -3.620   -3.474   -3.468    2.880    3.952    4.288    6.190
    8.839    9.223    9.595   12.557   12.860   13.136   14.786   15.125   16.565   18.401
   20.909
            0.137002  0.137002  0.000000
   -6.364   -3.674   -3.667   -3.621   -3.474   -3.468    2.898    3.961    4.290    6.178
    8.839    9.219    9.586   12.567   12.850   13.134   14.782   15.111   16.536   18.373
   20.955
            0.135529  0.135529 -0.000000
   -6.366   -3.675   -3.667   -3.623   -3.474   -3.468    2.916    3.969    4.292    6.165
    8.840    9.215    9.577   12.578   12.840   13.132   14.777   15.098   16.508   18.345
   21.001
            0.134056  0.134056  0.000000
   -6.367   -3.675   -3.667   -3.624   -3.474   -3.468    2.933    3.978    4.294    6.153
    8.840    9.211    9.569   12.588   12.828   13.131   14.772   15.084   16.479   18.317
   21.048
            0.132583  0.132583  0.000000
   -6.369   -3.675   -3.668   -3.625   -3.474   -3.468    2.951    3.986    4.297    6.140
    8.841    9.208    9.560   12.599   12.816   13.131   14.767   15.071   16.451   18.290
   21.094
            0.131109  0.131109 -0.000000
   -6.370   -3.675   -3.668   -3.627   -3.474   -3.468    2.969    3.994    4.299    6.128
    8.841    9.204    9.551   12.610   12.804   13.131   14.763   15.059   16.423   18.262
   21.140
            0.129636  0.129636  0.000000
   -6.372   -3.676   -3.668   -3.628   -3.474   -3.468    2.987    4.003    4.301    6.115
    8.842    9.200    9.542   12.621   12.791   13.133   14.758   15.046   16.394   18.235
   21.186
            0.128163  0.128163  0.000000
   -6.373   -3.676   -3.669   -3.630   -3.474   -3.468    3.005    4.011    4.303    6.102
    8.843    9.196    9.533   12.632   12.777   13.135   14.754   15.034   16.366   18.208
   21.233
            0.126690  0.126690 -0.000000
   -6.375   -3.676   -3.669   -3.631   -3.474   -3.468    3.023    4.019    4.305    6.089
    8.844    9.193    9.524   12.643   12.763   13.138   14.749   15.021   16.338   18.181
   21.279
            0.125217  0.125217  0.000000
   -6.376   -3.676   -3.669   -3.632   -3.474   -3.469    3.041    4.027    4.307    6.077
    8.845    9.189    9.514   12.655   12.749   13.141   14.745   15.009   16.310   18.154
   21.325
            0.123744  0.123744  0.000000
   -6.378   -3.677   -3.670   -3.633   -3.474   -3.469    3.059    4.035    4.309    6.064
    8.846    9.185    9.505   12.666   12.734   13.145   14.740   14.997   16.283   18.127
   21.372
            0.122271  0.122271 -0.000000
   -6.379   -3.677   -3.670   -3.635   -3.474   -3.469    3.077    4.043    4.311    6.051
    8.847    9.182    9.496   12.678   12.719   13.150   14.736   14.986   16.255   18.101
   21.418
            0.120797  0.120797  0.000000
   -6.380   -3.677   -3.671   -3.636   -3.473   -3.469    3.095    4.051    4.312    6.038
    8.848    9.178    9.487   12.689   12.704   13.155   14.732   14.974   16.227   18.074
   21.464
            0.119324  0.119324  0.000000
   -6.382   -3.677   -3.671   -3.637   -3.473   -3.469    3.113    4.059    4.314    6.024
    8.849    9.175    9.478   12.688   12.701   13.160   14.727   14.963   16.200   18.048
   21.511
            0.117851  0.117851 -0.000000
   -6.383   -3.677   -3.671   -3.639   -3.473   -3.469    3.131    4.066    4.316    6.011
    8.851    9.171    9.469   12.673   12.713   13.166   14.723   14.952   16.172   18.022
   21.557
            0.116378  0.116378  0.000000
   -6.385   -3.678   -3.672   -3.640   -3.473   -3.469    3.149    4.074    4.318    5.998
    8.852    9.168    9.460   12.657   12.725   13.172   14.719   14.941   16.145   17.996
   21.604
            0.114905  0.114905  0.000000
   -6.386   -3.678   -3.672   -3.641   -3.473   -3.469    3.167    4.082    4.320    5.985
    8.854    9.165    9.451   12.641   12.737   13.178   14.715   14.930   16.117   17.970
   21.650
            0.113432  0.113432 -0.000000
   -6.387   -3.678   -3.672   -3.642   -3.473   -3.469    3.185    4.089    4.322    5.971
    8.856    9.161    9.442   12.625   12.749   13.184   14.711   14.920   16.090   17.944
   21.697
            0.111959  0.111959  0.000000
   -6.389   -3.678   -3.673   -3.643   -3.473   -3.469    3.204    4.096    4.323    5.958
    8.857    9.158    9.433   12.609   12.762   13.191   14.707   14.909   16.063   17.919
   21.743
            0.110485  0.110485  0.000000
   -6.390   -3.678   -3.673   -3.644   -3.473   -3.469    3.222    4.104    4.325    5.944
    8.859    9.155    9.424   12.593   12.774   13.198   14.703   14.899   16.036   17.893
   21.790
            0.109012  0.109012 -0.000000
   -6.391   -3.679   -3.673   -3.646   -3.473   -3.469    3.240    4.111    4.327    5.931
    8.861    9.151    9.415   12.577   12.787   13.206   14.699   14.889   16.009   17.868
   21.836
            0.107539  0.107539  0.000000
   -6.393   -3.679   -3.674   -3.647   -3.473   -3.469    3.258    4.118    4.328    5.917
    8.863    9.148    9.406   12.561   12.799   13.213   14.695   14.879   15.982   17.843
   21.883
            0.106066  0.106066  0.000000
   -6.394   -3.679   -3.674   -3.648   -3.473   -3.469    3.277    4.125    4.330    5.903
    8.865    9.145    9.397   12.545   12.812   13.221   14.691   14.870   15.955   17.818
   21.929
            0.104593  0.104593 -0.000000
   -6.395   -3.679   -3.674   -3.649   -3.473   -3.469    3.295    4.132    4.332    5.889
    8.867    9.142    9.388   12.529   12.825   13.229   14.688   14.860   15.929   17.793
   21.976
            0.103120  0.103120  0.000000
   -6.396   -3.679   -3.674   -3.650   -3.473   -3.469    3.313    4.139    4.333    5.875
    8.869    9.139    9.380   12.513   12.838   13.237   14.684   14.851   15.902   17.769
   22.022
            0.101647  0.101647  0.000000
   -6.398   -3.680   -3.675   -3.651   -3.473   -3.469    3.331    4.146    4.335    5.861
    8.872    9.136    9.371   12.497   12.851   13.245   14.680   14.841   15.876   17.745
   22.069
            0.100173  0.100173 -0.000000
   -6.399   -3.680   -3.675   -3.652   -3.473   -3.469    3.350    4.152    4.336    5.847
    8.874    9.133    9.362   12.480   12.864   13.253   14.677   14.832   15.849   17.720
   22.115
            0.098700  0.098700  0.000000
   -6.400   -3.680   -3.675   -3.653   -3.473   -3.469    3.368    4.159    4.338    5.833
    8.877    9.130    9.354   12.465   12.877   13.262   14.673   14.824   15.823   17.697
   22.162
            0.097227  0.097227  0.000000
   -6.401   -3.680   -3.676   -3.654   -3.473   -3.469    3.386    4.166    4.339    5.819
    8.879    9.127    9.345   12.449   12.891   13.271   14.670   14.815   15.797   17.673
   22.208
            0.095754  0.095754 -0.000000
   -6.403   -3.680   -3.676   -3.655   -3.472   -3.469    3.405    4.172    4.341    5.805
    8.881    9.124    9.337   12.433   12.904   13.279   14.666   14.806   15.771   17.649
   22.255
            0.094281  0.094281  0.000000
   -6.404   -3.681   -3.676   -3.656   -3.472   -3.469    3.423    4.179    4.342    5.791
    8.884    9.122    9.328   12.417   12.918   13.288   14.663   14.798   15.745   17.626
   22.301
            0.092808  0.092808  0.000000
   -6.405   -3.681   -3.677   -3.657   -3.472   -3.470    3.441    4.185    4.344    5.777
    8.887    9.119    9.320   12.401   12.931   13.297   14.659   14.790   15.719   17.603
   22.347
            0.091335  0.091335 -0.000000
   -6.406   -3.681   -3.677   -3.658   -3.472   -3.470    3.460    4.191    4.345    5.762
    8.889    9.116    9.311   12.386   12.945   13.306   14.656   14.782   15.693   17.580
   22.394
            0.089861  0.089861  0.000000
   -6.407   -3.681   -3.677   -3.659   -3.472   -3.470    3.478    4.197    4.346    5.748
    8.892    9.113    9.303   12.370   12.959   13.315   14.653   14.774   15.667   17.557
   22.440
            0.088388  0.088388  0.000000
   -6.408   -3.681   -3.677   -3.660   -3.472   -3.470    3.496    4.203    4.348    5.733
    8.895    9.111    9.295   12.355   12.973   13.324   14.650   14.766   15.642   17.535
   22.486
            0.086915  0.086915 -0.000000
   -6.409   -3.681   -3.678   -3.661   -3.472   -3.470    3.515    4.209    4.349    5.719
    8.898    9.108    9.287   12.339   12.987   13.334   14.646   14.759   15.616   17.512
   22.532
            0.085442  0.085442  0.000000
   -6.410   -3.682   -3.678   -3.662   -3.472   -3.470    3.533    4.215    4.350    5.704
    8.901    9.106    9.279   12.324   13.001   13.343   14.643   14.751   15.591   17.490
   22.578
            0.083969  0.083969  0.000000
   -6.411   -3.682   -3.678   -3.662   -3.472   -3.470    3.551    4.221    4.352    5.690
    8.904    9.103    9.271   12.309   13.015   13.352   14.640   14.744   15.566   17.469
   22.624
            0.082496  0.082496 -0.000000
   -6.412   -3.682   -3.679   -3.663   -3.472   -3.470    3.570    4.226    4.353    5.675
    8.906    9.101    9.264   12.294   13.029   13.362   14.637   14.737   15.541   17.447
   22.670
            0.081023  0.081023  0.000000
   -6.414   -3.682   -3.679   -3.664   -3.472   -3.470    3.588    4.232    4.354    5.660
    8.909    9.098    9.256   12.279   13.044   13.371   14.634   14.730   15.516   17.426
   22.716
            0.079550  0.079550  0.000000
   -6.415   -3.682   -3.679   -3.665   -3.472   -3.470    3.606    4.237    4.355    5.645
    8.912    9.096    9.248   12.265   13.058   13.381   14.631   14.723   15.491   17.404
   22.762
            0.078076  0.078076 -0.000000
   -6.416   -3.682   -3.679   -3.666   -3.472   -3.470    3.625    4.243    4.357    5.630
    8.915    9.094    9.241   12.250   13.072   13.390   14.628   14.716   15.466   17.384
   22.808
            0.076603  0.076603  0.000000
   -6.416   -3.682   -3.680   -3.667   -3.472   -3.470    3.643    4.248    4.358    5.616
    8.919    9.091    9.234   12.236   13.087   13.400   14.626   14.710   15.441   17.363
   22.853
            0.075130  0.075130  0.000000
   -6.417   -3.683   -3.680   -3.667   -3.472   -3.470    3.661    4.253    4.359    5.601
    8.922    9.089    9.226   12.222   13.102   13.409   14.623   14.703   15.417   17.343
   22.899
            0.073657  0.073657 -0.000000
   -6.418   -3.683   -3.680   -3.668   -3.472   -3.470    3.680    4.258    4.360    5.586
    8.925    9.087    9.219   12.208   13.116   13.418   14.620   14.697   15.393   17.323
   22.944
            0.072184  0.072184  0.000000
   -6.419   -3.683   -3.680   -3.669   -3.472   -3.470    3.698    4.263    4.361    5.571
    8.928    9.085    9.212   12.194   13.131   13.428   14.617   14.691   15.368   17.303
   22.990
            0.070711  0.070711  0.000000
   -6.420   -3.683   -3.681   -3.669   -3.472   -3.470    3.716    4.268    4.362    5.556
    8.931    9.083    9.205   12.180   13.146   13.437   14.615   14.685   15.344   17.283
   23.035
            0.069238  0.069238 -0.000000
   -6.421   -3.683   -3.681   -3.670   -3.472   -3.470    3.734    4.273    4.363    5.540
    8.934    9.080    9.198   12.167   13.161   13.447   14.612   14.679   15.320   17.264
   23.080
            0.067764  0.067764  0.000000
   -6.422   -3.683   -3.681   -3.671   -3.472   -3.470    3.752    4.278    4.364    5.525
    8.937    9.078    9.192   12.153   13.175   13.456   14.610   14.673   15.296   17.245
   23.125
            0.066291  0.066291  0.000000
   -6.423   -3.683   -3.681   -3.672   -3.471   -3.470    3.771    4.282    4.365    5.510
    8.940    9.076    9.185   12.140   13.190   13.465   14.607   14.668   15.273   17.226
   23.169
            0.064818  0.064818 -0.000000
   -6.424   -3.684   -3.681   -3.672   -3.471   -3.470    3.789    4.287    4.366    5.495
    8.944    9.074    9.178   12.127   13.205   13.475   14.605   14.662   15.249   17.208
   23.214
            0.063345  0.063345  0.000000
   -6.425   -3.684   -3.682   -3.673   -3.471   -3.470    3.807    4.291    4.367    5.480
    8.947    9.073    9.172   12.114   13.220   13.484   14.602   14.657   15.226   17.190
   23.258
            0.061872  0.061872  0.000000
   -6.425   -3.684   -3.682   -3.673   -3.471   -3.470    3.825    4.296    4.368    5.464
    8.950    9.071    9.166   12.102   13.235   13.493   14.600   14.652   15.203   17.172
   23.303
            0.060399  0.060399 -0.000000
   -6.426   -3.684   -3.682   -3.674   -3.471   -3.470    3.843    4.300    4.369    5.449
    8.953    9.069    9.160   12.089   13.251   13.502   14.597   14.647   15.180   17.154
   23.347
            0.058926  0.058926  0.000000
   -6.427   -3.684   -3.682   -3.675   -3.471   -3.470    3.861    4.304    4.370    5.434
    8.956    9.067    9.154   12.077   13.266   13.511   14.595   14.642   15.157   17.137
   23.390
            0.057452  0.057452  0.000000
   -6.428   -3.684   -3.682   -3.675   -3.471   -3.470    3.879    4.308    4.371    5.419
    8.959    9.065    9.148   12.065   13.281   13.520   14.593   14.637   15.134   17.120
   23.434
            0.055979  0.055979 -0.000000
   -6.428   -3.684   -3.683   -3.676   -3.471   -3.470    3.896    4.312    4.371    5.403
    8.962    9.064    9.142   12.054   13.296   13.529   14.591   14.633   15.111   17.104
   23.477
            0.054506  0.054506  0.000000
   -6.429   -3.684   -3.683   -3.676   -3.471   -3.470    3.914    4.316    4.372    5.388
    8.965    9.062    9.137   12.042   13.311   13.537   14.589   14.628   15.089   17.087
   23.520
            0.053033  0.053033  0.000000
   -6.430   -3.684   -3.683   -3.677   -3.471   -3.470    3.932    4.320    4.373    5.373
    8.968    9.060    9.131   12.031   13.326   13.546   14.587   14.624   15.067   17.072
   23.562
            0.051560  0.051560 -0.000000
   -6.430   -3.685   -3.683   -3.677   -3.471   -3.470    3.950    4.323    4.374    5.357
    8.971    9.059    9.126   12.020   13.341   13.555   14.585   14.619   15.045   17.056
   23.605
            0.050087  0.050087  0.000000
   -6.431   -3.685   -3.683   -3.678   -3.471   -3.470    3.967    4.327    4.374    5.342
    8.974    9.057    9.121   12.009   13.357   13.563   14.583   14.615   15.023   17.041
   23.646
            0.048614  0.048614  0.000000
   -6.432   -3.685   -3.684   -3.678   -3.471   -3.470    3.985    4.330    4.375    5.327
    8.977    9.056    9.116   11.999   13.372   13.571   14.581   14.611   15.002   17.026
   23.688
            0.047140  0.047140 -0.000000
   -6.432   -3.685   -3.684   -3.679   -3.471   -3.470    4.002    4.334    4.376    5.312
    8.980    9.054    9.111   11.989   13.387   13.579   14.579   14.608   14.980   17.011
   23.729
            0.045667  0.045667  0.000000
   -6.433   -3.685   -3.684   -3.679   -3.471   -3.470    4.019    4.337    4.377    5.297
    8.983    9.053    9.106   11.979   13.402   13.587   14.577   14.604   14.959   16.997
   23.770
            0.044194  0.044194  0.000000
   -6.434   -3.685   -3.684   -3.680   -3.471   -3.470    4.036    4.340    4.377    5.281
    8.986    9.052    9.101   11.969   13.417   13.595   14.575   14.600   14.939   16.984
   23.810
            0.042721  0.042721 -0.000000
   -6.434   -3.685   -3.684   -3.680   -3.471   -3.470    4.053    4.343    4.378    5.266
    8.988    9.050    9.097   11.960   13.432   13.602   14.573   14.597   14.918   16.970
   23.849
            0.041248  0.041248  0.000000
   -6.435   -3.685   -3.684   -3.681   -3.471   -3.470    4.070    4.346    4.378    5.251
    8.991    9.049    9.092   11.950   13.446   13.610   14.572   14.593   14.898   16.957
   23.888
            0.039775  0.039775  0.000000
   -6.435   -3.685   -3.684   -3.681   -3.471   -3.470    4.087    4.349    4.379    5.236
    8.994    9.048    9.088   11.942   13.461   13.617   14.570   14.590   14.878   16.945
   23.926
            0.038302  0.038302 -0.000000
   -6.436   -3.685   -3.685   -3.681   -3.471   -3.470    4.104    4.352    4.380    5.222
    8.996    9.047    9.084   11.933   13.476   13.624   14.569   14.587   14.858   16.932
   23.964
            0.036828  0.036828  0.000000
   -6.436   -3.685   -3.685   -3.682   -3.471   -3.470    4.120    4.354    4.380    5.207
    8.999    9.046    9.080   11.925   13.490   13.631   14.567   14.584   14.839   16.921
   24.001
            0.035355  0.035355  0.000000
   -6.437   -3.685   -3.685   -3.682   -3.471   -3.470    4.136    4.357    4.381    5.192
    9.001    9.044    9.077   11.917   13.504   13.638   14.566   14.581   14.820   16.909
   24.037
            0.033882  0.033882 -0.000000
   -6.437   -3.686   -3.685   -3.682   -3.471   -3.470    4.152    4.359    4.381    5.178
    9.003    9.043    9.073   11.909   13.519   13.644   14.564   14.578   14.801   16.898
   24.072
            0.032409  0.032409  0.000000
   -6.438   -3.686   -3.685   -3.683   -3.471   -3.470    4.168    4.362    4.382    5.163
    9.006    9.042    9.069   11.902   13.533   13.650   14.563   14.576   14.783   16.888
   24.106
            0.030936  0.030936  0.000000
   -6.438   -3.686   -3.685   -3.683   -3.471   -3.470    4.184    4.364    4.382    5.149
    9.008    9.041    9.066   11.894   13.546   13.656   14.562   14.573   14.765   16.878
   24.139
            0.029463  0.029463 -0.000000
   -6.438   -3.686   -3.685   -3.683   -3.471   -3.470    4.199    4.366    4.382    5.135
    9.010    9.041    9.063   11.888   13.560   13.662   14.560   14.571   14.748   16.868
   24.171
            0.027990  0.027990  0.000000
   -6.439   -3.686   -3.685   -3.684   -3.471   -3.470    4.214    4.368    4.383    5.122
    9.012    9.040    9.060   11.881   13.573   13.668   14.559   14.569   14.731   16.859
   24.202
            0.026517  0.026517  0.000000
   -6.439   -3.686   -3.685   -3.684   -3.471   -3.470    4.229    4.370    4.383    5.108
    9.014    9.039    9.057   11.875   13.586   13.673   14.558   14.566   14.714   16.850
   24.231
            0.025043  0.025043 -0.000000
   -6.439   -3.686   -3.686   -3.684   -3.471   -3.470    4.243    4.372    4.384    5.095
    9.016    9.038    9.054   11.869   13.599   13.678   14.557   14.564   14.698   16.841
   24.259
            0.023570  0.023570  0.000000
   -6.440   -3.686   -3.686   -3.684   -3.471   -3.470    4.257    4.373    4.384    5.082
    9.018    9.037    9.052   11.863   13.611   13.683   14.556   14.563   14.683   16.833
   24.286
            0.022097  0.022097  0.000000
   -6.440   -3.686   -3.686   -3.685   -3.471   -3.470    4.271    4.375    4.384    5.070
    9.019    9.037    9.049   11.858   13.623   13.687   14.555   14.561   14.668   16.826
   24.311
            0.020624  0.020624 -0.000000
   -6.440   -3.686   -3.686   -3.685   -3.471   -3.470    4.284    4.376    4.385    5.057
    9.021    9.036    9.047   11.853   13.634   13.692   14.554   14.559   14.654   16.819
   24.334
            0.019151  0.019151  0.000000
   -6.441   -3.686   -3.686   -3.685   -3.471   -3.470    4.296    4.378    4.385    5.046
    9.022    9.035    9.045   11.849   13.645   13.696   14.553   14.557   14.640   16.812
   24.356
            0.017678  0.017678  0.000000
   -6.441   -3.686   -3.686   -3.685   -3.471   -3.470    4.308    4.379    4.385    5.035
    9.024    9.035    9.043   11.844   13.655   13.699   14.552   14.556   14.628   16.806
   24.377
            0.016205  0.016205 -0.000000
   -6.441   -3.686   -3.686   -3.685   -3.471   -3.470    4.320    4.380    4.385    5.024
    9.025    9.034    9.041   11.841   13.665   13.703   14.552   14.555   14.616   16.801
   24.395
            0.014731  0.014731  0.000000
   -6.441   -3.686   -3.686   -3.686   -3.471   -3.470    4.330    4.381    4.386    5.014
    9.026    9.034    9.040   11.837   13.674   13.706   14.551   14.554   14.604   16.796
   24.412
            0.013258  0.013258  0.000000
   -6.441   -3.686   -3.686   -3.686   -3.471   -3.470    4.340    4.382    4.386    5.005
    9.027    9.033    9.038   11.834   13.683   13.709   14.550   14.552   14.594   16.791
   24.427
            0.011785  0.011785 -0.000000
   -6.442   -3.686   -3.686   -3.686   -3.471   -3.470    4.350    4.383    4.386    4.996
    9.028    9.033    9.037   11.831   13.691   13.712   14.550   14.551   14.585   16.787
   24.442
            0.010312  0.010312  0.000000
   -6.442   -3.686   -3.686   -3.686   -3.471   -3.470    4.358    4.384    4.386    4.988
    9.029    9.033    9.036   11.828   13.698   13.714   14.549   14.551   14.576   16.783
   24.452
            0.008839  0.008839  0.000000
   -6.442   -3.686   -3.686   -3.686   -3.471   -3.470    4.365    4.385    4.386    4.981
    9.030    9.032    9.035   11.826   13.704   13.716   14.549   14.550   14.569   16.780
   24.462
            0.007366  0.007366 -0.000000
   -6.442   -3.686   -3.686   -3.686   -3.471   -3.470    4.372    4.385    4.386    4.975
    9.030    9.032    9.034   11.824   13.709   13.718   14.549   14.549   14.563   16.777
   24.471
            0.005893  0.005893  0.000000
   -6.442   -3.686   -3.686   -3.686   -3.471   -3.470    4.377    4.386    4.386    4.970
    9.031    9.032    9.033   11.823   13.713   13.719   14.548   14.549   14.557   16.775
   24.478
            0.004419  0.004419  0.000000
   -6.442   -3.686   -3.686   -3.686   -3.470   -3.470    4.381    4.386    4.387    4.966
    9.031    9.032    9.032   11.821   13.717   13.720   14.548   14.548   14.553   16.773
   24.485
            0.002946  0.002946 -0.000000
   -6.442   -3.686   -3.686   -3.686   -3.470   -3.470    4.384    4.386    4.387    4.963
    9.031    9.032    9.032   11.820   13.719   13.721   14.548   14.548   14.550   16.772
   24.488
            0.001473  0.001473  0.000000
   -6.442   -3.686   -3.686   -3.686   -3.470   -3.470    4.386    4.387    4.387    4.962
    9.032    9.032    9.032   11.820   13.721   13.721   14.548   14.548   14.548   16.771
   24.489
            0.000000  0.000000  0.000000
   -6.442   -3.686   -3.686   -3.686   -3.470   -3.470    4.387    4.387    4.387    4.961
    9.032    9.032    9.032   11.820   13.721   13.721   14.548   14.548   14.548   16.771
   24.490
            0.001263  0.001263  0.001263
   -6.442   -3.686   -3.686   -3.686   -3.470   -3.470    4.386    4.387    4.387    4.962
    9.032    9.032    9.032   11.820   13.721   13.721   14.548   14.548   14.548   16.771
   24.489
            0.002525  0.002525  0.002525
   -6.442   -3.686   -3.686   -3.686   -3.470   -3.470    4.384    4.387    4.387    4.963
    9.032    9.032    9.032   11.821   13.720   13.720   14.547   14.550   14.550   16.772
   24.487
            0.003788  0.003788  0.003788
   -6.442   -3.686   -3.686   -3.686   -3.470   -3.470    4.380    4.386    4.386    4.967
    9.031    9.032    9.032   11.821   13.718   13.718   14.546   14.552   14.552   16.773
   24.484
            0.005051  0.005051  0.005051
   -6.442   -3.686   -3.686   -3.686   -3.470   -3.470    4.376    4.386    4.386    4.971
    9.031    9.032    9.032   11.823   13.716   13.716   14.545   14.555   14.555   16.775
   24.478
            0.006313  0.006313  0.006313
   -6.442   -3.686   -3.686   -3.686   -3.470   -3.470    4.370    4.386    4.386    4.977
    9.031    9.033    9.033   11.825   13.712   13.712   14.544   14.559   14.559   16.778
   24.472
            0.007576  0.007576  0.007576
   -6.442   -3.686   -3.686   -3.686   -3.471   -3.471    4.363    4.386    4.386    4.983
    9.030    9.033    9.033   11.827   13.709   13.709   14.542   14.564   14.564   16.781
   24.464
            0.008839  0.008839  0.008839
   -6.442   -3.686   -3.686   -3.686   -3.471   -3.471    4.354    4.385    4.385    4.991
    9.030    9.034    9.034   11.829   13.704   13.704   14.540   14.570   14.570   16.784
   24.455
            0.010102  0.010102  0.010102
   -6.442   -3.686   -3.686   -3.686   -3.471   -3.471    4.345    4.385    4.385    4.999
    9.029    9.035    9.035   11.832   13.699   13.699   14.537   14.576   14.576   16.788
   24.445
            0.011364  0.011364  0.011364
   -6.441   -3.686   -3.686   -3.686   -3.471   -3.471    4.335    4.384    4.384    5.009
    9.028    9.035    9.035   11.835   13.693   13.693   14.535   14.584   14.584   16.793
   24.433
            0.012627  0.012627  0.012627
   -6.441   -3.686   -3.686   -3.685   -3.471   -3.471    4.324    4.384    4.384    5.019
    9.028    9.036    9.036   11.839   13.687   13.687   14.532   14.592   14.592   16.798
   24.420
            0.013890  0.013890  0.013890
   -6.441   -3.686   -3.686   -3.685   -3.471   -3.471    4.312    4.383    4.383    5.029
    9.027    9.037    9.037   11.843   13.680   13.680   14.528   14.601   14.601   16.804
   24.405
            0.015152  0.015152  0.015152
   -6.441   -3.686   -3.686   -3.685   -3.471   -3.471    4.299    4.383    4.383    5.041
    9.026    9.038    9.038   11.847   13.673   13.673   14.525   14.610   14.610   16.810
   24.389
            0.016415  0.016415  0.016415
   -6.440   -3.686   -3.686   -3.685   -3.471   -3.471    4.286    4.382    4.382    5.053
    9.025    9.039    9.039   11.852   13.665   13.665   14.521   14.621   14.621   16.816
   24.371
            0.017678  0.017678  0.017678
   -6.440   -3.686   -3.686   -3.685   -3.471   -3.471    4.272    4.381    4.381    5.065
    9.024    9.040    9.040   11.857   13.657   13.657   14.517   14.631   14.631   16.824
   24.353
            0.018940  0.018940  0.018940
   -6.440   -3.686   -3.686   -3.684   -3.471   -3.471    4.258    4.381    4.381    5.078
    9.023    9.042    9.042   11.862   13.648   13.648   14.512   14.643   14.643   16.831
   24.333
            0.020203  0.020203  0.020203
   -6.440   -3.686   -3.686   -3.684   -3.471   -3.471    4.243    4.380    4.380    5.092
    9.021    9.043    9.043   11.868   13.640   13.640   14.507   14.655   14.655   16.839
   24.312
            0.021466  0.021466  0.021466
   -6.439   -3.686   -3.686   -3.684   -3.471   -3.471    4.227    4.379    4.379    5.105
    9.020    9.045    9.045   11.874   13.630   13.630   14.502   14.667   14.667   16.848
   24.290
            0.022728  0.022728  0.022728
   -6.439   -3.686   -3.686   -3.684   -3.471   -3.471    4.211    4.378    4.378    5.119
    9.019    9.046    9.046   11.880   13.621   13.621   14.497   14.680   14.680   16.857
   24.266
            0.023991  0.023991  0.023991
   -6.438   -3.686   -3.686   -3.683   -3.471   -3.471    4.195    4.377    4.377    5.133
    9.018    9.048    9.048   11.887   13.611   13.611   14.492   14.694   14.694   16.867
   24.242
            0.025254  0.025254  0.025254
   -6.438   -3.686   -3.686   -3.683   -3.471   -3.471    4.179    4.376    4.376    5.148
    9.016    9.050    9.050   11.894   13.601   13.601   14.486   14.708   14.708   16.877
   24.217
            0.026517  0.026517  0.026517
   -6.438   -3.685   -3.685   -3.683   -3.471   -3.471    4.162    4.375    4.375    5.162
    9.015    9.051    9.051   11.902   13.590   13.590   14.480   14.722   14.722   16.887
   24.191
            0.027779  0.027779  0.027779
   -6.437   -3.685   -3.685   -3.682   -3.471   -3.471    4.145    4.374    4.374    5.177
    9.013    9.053    9.053   11.910   13.580   13.580   14.474   14.737   14.737   16.898
   24.164
            0.029042  0.029042  0.029042
   -6.437   -3.685   -3.685   -3.682   -3.471   -3.471    4.128    4.373    4.373    5.192
    9.012    9.055    9.055   11.918   13.569   13.569   14.468   14.752   14.752   16.910
   24.136
            0.030305  0.030305  0.030305
   -6.436   -3.685   -3.685   -3.681   -3.471   -3.471    4.110    4.371    4.371    5.207
    9.010    9.057    9.057   11.926   13.558   13.558   14.461   14.768   14.768   16.921
   24.107
            0.031567  0.031567  0.031567
   -6.436   -3.685   -3.685   -3.681   -3.471   -3.471    4.092    4.370    4.370    5.222
    9.009    9.059    9.059   11.935   13.547   13.547   14.454   14.784   14.784   16.934
   24.078
            0.032830  0.032830  0.032830
   -6.435   -3.685   -3.685   -3.681   -3.471   -3.471    4.074    4.369    4.369    5.237
    9.007    9.062    9.062   11.944   13.536   13.536   14.447   14.800   14.800   16.946
   24.048
            0.034093  0.034093  0.034093
   -6.434   -3.685   -3.685   -3.680   -3.471   -3.471    4.056    4.367    4.367    5.253
    9.005    9.064    9.064   11.954   13.525   13.525   14.440   14.817   14.817   16.959
   24.018
            0.035355  0.035355  0.035355
   -6.434   -3.685   -3.685   -3.680   -3.471   -3.471    4.038    4.366    4.366    5.268
    9.004    9.066    9.066   11.963   13.513   13.513   14.433   14.834   14.834   16.973
   23.987
            0.036618  0.036618  0.036618
   -6.433   -3.685   -3.685   -3.679   -3.471   -3.471    4.019    4.364    4.364    5.284
    9.002    9.069    9.069   11.973   13.502   13.502   14.426   14.851   14.851   16.987
   23.955
            0.037881  0.037881  0.037881
   -6.433   -3.685   -3.685   -3.679   -3.471   -3.471    4.001    4.363    4.363    5.299
    9.001    9.071    9.071   11.984   13.490   13.490   14.418   14.868   14.868   17.001
   23.923
            0.039143  0.039143  0.039143
   -6.432   -3.684   -3.684   -3.678   -3.471   -3.471    3.982    4.361    4.361    5.314
    8.999    9.074    9.074   11.994   13.479   13.479   14.410   14.886   14.886   17.015
   23.890
            0.040406  0.040406  0.040406
   -6.431   -3.684   -3.684   -3.678   -3.471   -3.471    3.963    4.360    4.360    5.330
    8.997    9.077    9.077   12.005   13.467   13.467   14.403   14.904   14.904   17.030
   23.857
            0.041669  0.041669  0.041669
   -6.431   -3.684   -3.684   -3.677   -3.471   -3.471    3.944    4.358    4.358    5.345
    8.996    9.080    9.080   12.016   13.455   13.455   14.395   14.922   14.922   17.046
   23.824
            0.042931  0.042931  0.042931
   -6.430   -3.684   -3.684   -3.677   -3.471   -3.471    3.925    4.356    4.356    5.361
    8.994    9.082    9.082   12.027   13.443   13.443   14.387   14.940   14.940   17.061
   23.790
            0.044194  0.044194  0.044194
   -6.429   -3.684   -3.684   -3.676   -3.471   -3.471    3.906    4.355    4.355    5.376
    8.992    9.085    9.085   12.039   13.432   13.432   14.379   14.959   14.959   17.077
   23.756
            0.045457  0.045457  0.045457
   -6.429   -3.684   -3.684   -3.675   -3.471   -3.471    3.887    4.353    4.353    5.391
    8.991    9.088    9.088   12.051   13.420   13.420   14.370   14.978   14.978   17.094
   23.721
            0.046720  0.046720  0.046720
   -6.428   -3.684   -3.684   -3.675   -3.471   -3.471    3.867    4.351    4.351    5.407
    8.989    9.091    9.091   12.063   13.408   13.408   14.362   14.997   14.997   17.110
   23.687
            0.047982  0.047982  0.047982
   -6.427   -3.683   -3.683   -3.674   -3.471   -3.471    3.848    4.349    4.349    5.422
    8.988    9.095    9.095   12.076   13.396   13.396   14.354   15.016   15.016   17.127
   23.652
            0.049245  0.049245  0.049245
   -6.426   -3.683   -3.683   -3.673   -3.471   -3.471    3.828    4.347    4.347    5.437
    8.986    9.098    9.098   12.088   13.385   13.385   14.345   15.036   15.036   17.145
   23.616
            0.050508  0.050508  0.050508
   -6.425   -3.683   -3.683   -3.673   -3.471   -3.471    3.809    4.345    4.345    5.453
    8.985    9.101    9.101   12.101   13.373   13.373   14.337   15.055   15.055   17.162
   23.581
            0.051770  0.051770  0.051770
   -6.424   -3.683   -3.683   -3.672   -3.471   -3.471    3.789    4.343    4.343    5.468
    8.983    9.105    9.105   12.114   13.361   13.361   14.329   15.075   15.075   17.180
   23.545
            0.053033  0.053033  0.053033
   -6.424   -3.683   -3.683   -3.671   -3.471   -3.471    3.769    4.341    4.341    5.483
    8.982    9.108    9.108   12.127   13.350   13.350   14.320   15.095   15.095   17.199
   23.509
            0.054296  0.054296  0.054296
   -6.423   -3.683   -3.683   -3.671   -3.471   -3.471    3.749    4.339    4.339    5.498
    8.981    9.111    9.111   12.141   13.338   13.338   14.312   15.115   15.115   17.217
   23.473
            0.055558  0.055558  0.055558
   -6.422   -3.683   -3.683   -3.670   -3.471   -3.471    3.729    4.337    4.337    5.513
    8.979    9.115    9.115   12.154   13.327   13.327   14.303   15.136   15.136   17.236
   23.437
            0.056821  0.056821  0.056821
   -6.421   -3.682   -3.682   -3.669   -3.471   -3.471    3.710    4.334    4.334    5.527
    8.978    9.119    9.119   12.168   13.315   13.315   14.295   15.156   15.156   17.255
   23.400
            0.058084  0.058084  0.058084
   -6.420   -3.682   -3.682   -3.668   -3.471   -3.471    3.690    4.332    4.332    5.542
    8.977    9.122    9.122   12.182   13.304   13.304   14.286   15.177   15.177   17.274
   23.364
            0.059346  0.059346  0.059346
   -6.419   -3.682   -3.682   -3.668   -3.471   -3.471    3.670    4.330    4.330    5.557
    8.976    9.126    9.126   12.197   13.292   13.292   14.278   15.197   15.197   17.294
   23.327
            0.060609  0.060609  0.060609
   -6.418   -3.682   -3.682   -3.667   -3.471   -3.471    3.650    4.328    4.328    5.571
    8.975    9.130    9.130   12.211   13.281   13.281   14.269   15.218   15.218   17.314
   23.290
            0.061872  0.061872  0.061872
   -6.417   -3.682   -3.682   -3.666   -3.471   -3.471    3.629    4.325    4.325    5.586
    8.974    9.134    9.134   12.225   13.270   13.270   14.261   15.239   15.239   17.334
   23.253
            0.063135  0.063135  0.063135
   -6.416   -3.681   -3.681   -3.665   -3.471   -3.471    3.609    4.323    4.323    5.600
    8.974    9.138    9.138   12.240   13.258   13.258   14.253   15.261   15.261   17.355
   23.216
            0.064397  0.064397  0.064397
   -6.415   -3.681   -3.681   -3.664   -3.471   -3.471    3.589    4.320    4.320    5.614
    8.973    9.142    9.142   12.255   13.247   13.247   14.245   15.282   15.282   17.375
   23.179
            0.065660  0.065660  0.065660
   -6.414   -3.681   -3.681   -3.663   -3.471   -3.471    3.569    4.318    4.318    5.629
    8.972    9.146    9.146   12.270   13.236   13.236   14.237   15.303   15.303   17.396
   23.141
            0.066923  0.066923  0.066923
   -6.413   -3.681   -3.681   -3.662   -3.471   -3.471    3.549    4.315    4.315    5.643
    8.972    9.150    9.150   12.285   13.225   13.225   14.229   15.325   15.325   17.417
   23.104
            0.068185  0.068185  0.068185
   -6.412   -3.681   -3.681   -3.661   -3.471   -3.471    3.529    4.313    4.313    5.657
    8.972    9.154    9.154   12.300   13.215   13.215   14.221   15.347   15.347   17.439
   23.066
            0.069448  0.069448  0.069448
   -6.411   -3.680   -3.680   -3.660   -3.471   -3.471    3.508    4.310    4.310    5.670
    8.971    9.158    9.158   12.315   13.204   13.204   14.213   15.369   15.369   17.460
   23.029
            0.070711  0.070711  0.070711
   -6.410   -3.680   -3.680   -3.660   -3.471   -3.471    3.488    4.307    4.307    5.684
    8.971    9.163    9.163   12.330   13.193   13.193   14.205   15.391   15.391   17.482
   22.991
            0.071973  0.071973  0.071973
   -6.408   -3.680   -3.680   -3.659   -3.471   -3.471    3.468    4.305    4.305    5.697
    8.971    9.167    9.167   12.346   13.183   13.183   14.198   15.413   15.413   17.504
   22.954
            0.073236  0.073236  0.073236
   -6.407   -3.680   -3.680   -3.658   -3.471   -3.471    3.447    4.302    4.302    5.711
    8.971    9.171    9.171   12.361   13.172   13.172   14.190   15.435   15.435   17.527
   22.916
            0.074499  0.074499  0.074499
   -6.406   -3.680   -3.680   -3.657   -3.471   -3.471    3.427    4.299    4.299    5.724
    8.972    9.176    9.176   12.376   13.162   13.162   14.183   15.457   15.457   17.549
   22.878
            0.075761  0.075761  0.075761
   -6.405   -3.679   -3.679   -3.655   -3.471   -3.471    3.407    4.296    4.296    5.737
    8.972    9.180    9.180   12.392   13.152   13.152   14.176   15.480   15.480   17.572
   22.840
            0.077024  0.077024  0.077024
   -6.404   -3.679   -3.679   -3.654   -3.471   -3.471    3.386    4.294    4.294    5.750
    8.973    9.185    9.185   12.407   13.142   13.142   14.169   15.502   15.502   17.595
   22.802
            0.078287  0.078287  0.078287
   -6.403   -3.679   -3.679   -3.653   -3.471   -3.471    3.366    4.291    4.291    5.763
    8.973    9.189    9.189   12.423   13.132   13.132   14.163   15.525   15.525   17.618
   22.764
            0.079550  0.079550  0.079550
   -6.401   -3.679   -3.679   -3.652   -3.471   -3.471    3.345    4.288    4.288    5.776
    8.974    9.194    9.194   12.438   13.122   13.122   14.156   15.548   15.548   17.641
   22.726
            0.080812  0.080812  0.080812
   -6.400   -3.679   -3.679   -3.651   -3.471   -3.471    3.325    4.285    4.285    5.788
    8.975    9.198    9.198   12.454   13.112   13.112   14.150   15.570   15.570   17.665
   22.688
            0.082075  0.082075  0.082075
   -6.399   -3.678   -3.678   -3.650   -3.471   -3.471    3.305    4.282    4.282    5.801
    8.976    9.203    9.203   12.469   13.102   13.102   14.144   15.593   15.593   17.688
   22.650
            0.083338  0.083338  0.083338
   -6.397   -3.678   -3.678   -3.649   -3.471   -3.471    3.284    4.279    4.279    5.813
    8.978    9.208    9.208   12.484   13.093   13.093   14.139   15.616   15.616   17.712
   22.612
            0.084600  0.084600  0.084600
   -6.396   -3.678   -3.678   -3.648   -3.471   -3.471    3.264    4.276    4.276    5.825
    8.979    9.213    9.213   12.500   13.083   13.083   14.133   15.640   15.640   17.736
   22.574
            0.085863  0.085863  0.085863
   -6.395   -3.678   -3.678   -3.646   -3.471   -3.471    3.243    4.273    4.273    5.837
    8.981    9.217    9.217   12.515   13.074   13.074   14.128   15.663   15.663   17.760
   22.536
            0.087126  0.087126  0.087126
   -6.394   -3.677   -3.677   -3.645   -3.471   -3.471    3.223    4.270    4.270    5.849
    8.982    9.222    9.222   12.530   13.065   13.065   14.124   15.686   15.686   17.785
   22.498
            0.088388  0.088388  0.088388
   -6.392   -3.677   -3.677   -3.644   -3.471   -3.471    3.202    4.267    4.267    5.861
    8.984    9.227    9.227   12.545   13.056   13.056   14.119   15.710   15.710   17.809
   22.460
            0.089651  0.089651  0.089651
   -6.391   -3.677   -3.677   -3.643   -3.471   -3.471    3.182    4.264    4.264    5.872
    8.987    9.232    9.232   12.559   13.047   13.047   14.115   15.733   15.733   17.834
   22.422
            0.090914  0.090914  0.090914
   -6.389   -3.677   -3.677   -3.641   -3.471   -3.471    3.162    4.261    4.261    5.883
    8.989    9.237    9.237   12.574   13.038   13.038   14.112   15.757   15.757   17.859
   22.384
            0.092176  0.092176  0.092176
   -6.388   -3.676   -3.676   -3.640   -3.471   -3.471    3.141    4.257    4.257    5.895
    8.991    9.242    9.242   12.588   13.030   13.030   14.108   15.781   15.781   17.884
   22.346
            0.093439  0.093439  0.093439
   -6.387   -3.676   -3.676   -3.639   -3.471   -3.471    3.121    4.254    4.254    5.906
    8.994    9.247    9.247   12.603   13.021   13.021   14.105   15.805   15.805   17.909
   22.307
            0.094702  0.094702  0.094702
   -6.385   -3.676   -3.676   -3.638   -3.471   -3.471    3.100    4.251    4.251    5.916
    8.997    9.252    9.252   12.617   13.013   13.013   14.103   15.829   15.829   17.935
   22.269
            0.095964  0.095964  0.095964
   -6.384   -3.676   -3.676   -3.636   -3.471   -3.471    3.080    4.248    4.248    5.927
    9.000    9.257    9.257   12.630   13.005   13.005   14.101   15.853   15.853   17.960
   22.231
            0.097227  0.097227  0.097227
   -6.382   -3.675   -3.675   -3.635   -3.471   -3.471    3.059    4.244    4.244    5.938
    9.004    9.262    9.262   12.644   12.997   12.997   14.099   15.877   15.877   17.986
   22.193
            0.098490  0.098490  0.098490
   -6.381   -3.675   -3.675   -3.633   -3.471   -3.471    3.039    4.241    4.241    5.948
    9.007    9.267    9.267   12.657   12.989   12.989   14.098   15.901   15.901   18.012
   22.155
            0.099753  0.099753  0.099753
   -6.379   -3.675   -3.675   -3.632   -3.471   -3.471    3.019    4.238    4.238    5.958
    9.011    9.272    9.272   12.670   12.981   12.981   14.098   15.925   15.925   18.038
   22.117
            0.101015  0.101015  0.101015
   -6.378   -3.675   -3.675   -3.631   -3.471   -3.471    2.998    4.234    4.234    5.968
    9.015    9.277    9.277   12.683   12.973   12.973   14.098   15.950   15.950   18.064
   22.079
            0.102278  0.102278  0.102278
   -6.376   -3.674   -3.674   -3.629   -3.471   -3.471    2.978    4.231    4.231    5.978
    9.019    9.282    9.282   12.695   12.966   12.966   14.098   15.974   15.974   18.091
   22.041
            0.103541  0.103541  0.103541
   -6.375   -3.674   -3.674   -3.628   -3.471   -3.471    2.957    4.227    4.227    5.987
    9.023    9.287    9.287   12.707   12.959   12.959   14.099   15.999   15.999   18.117
   22.003
            0.104803  0.104803  0.104803
   -6.373   -3.674   -3.674   -3.626   -3.471   -3.471    2.937    4.224    4.224    5.997
    9.028    9.292    9.292   12.718   12.951   12.951   14.101   16.023   16.023   18.144
   21.965
            0.106066  0.106066  0.106066
   -6.372   -3.674   -3.674   -3.625   -3.471   -3.471    2.917    4.221    4.221    6.006
    9.032    9.297    9.297   12.730   12.944   12.944   14.103   16.048   16.048   18.171
   21.927
            0.107329  0.107329  0.107329
   -6.370   -3.673   -3.673   -3.623   -3.471   -3.471    2.896    4.217    4.217    6.015
    9.037    9.302    9.302   12.740   12.938   12.938   14.106   16.073   16.073   18.197
   21.889
            0.108591  0.108591  0.108591
   -6.369   -3.673   -3.673   -3.622   -3.471   -3.471    2.876    4.214    4.214    6.024
    9.042    9.307    9.307   12.751   12.931   12.931   14.110   16.098   16.098   18.225
   21.851
            0.109854  0.109854  0.109854
   -6.367   -3.673   -3.673   -3.620   -3.471   -3.471    2.856    4.210    4.210    6.033
    9.048    9.313    9.313   12.761   12.925   12.925   14.114   16.123   16.123   18.252
   21.813
            0.111117  0.111117  0.111117
   -6.365   -3.672   -3.672   -3.618   -3.471   -3.471    2.835    4.207    4.207    6.041
    9.053    9.318    9.318   12.770   12.918   12.918   14.118   16.148   16.148   18.279
   21.775
            0.112379  0.112379  0.112379
   -6.364   -3.672   -3.672   -3.617   -3.471   -3.471    2.815    4.203    4.203    6.050
    9.059    9.323    9.323   12.779   12.912   12.912   14.124   16.173   16.173   18.307
   21.738
            0.113642  0.113642  0.113642
   -6.362   -3.672   -3.672   -3.615   -3.471   -3.471    2.795    4.199    4.199    6.058
    9.065    9.328    9.328   12.787   12.906   12.906   14.130   16.198   16.198   18.334
   21.700
            0.114905  0.114905  0.114905
   -6.361   -3.672   -3.672   -3.614   -3.471   -3.471    2.774    4.196    4.196    6.066
    9.072    9.333    9.333   12.795   12.900   12.900   14.137   16.223   16.223   18.362
   21.662
            0.116168  0.116168  0.116168
   -6.359   -3.671   -3.671   -3.612   -3.471   -3.471    2.754    4.192    4.192    6.074
    9.078    9.338    9.338   12.803   12.895   12.895   14.144   16.249   16.249   18.390
   21.624
            0.117430  0.117430  0.117430
   -6.357   -3.671   -3.671   -3.610   -3.471   -3.471    2.734    4.189    4.189    6.081
    9.085    9.343    9.343   12.810   12.889   12.889   14.152   16.274   16.274   18.418
   21.587
            0.118693  0.118693  0.118693
   -6.356   -3.671   -3.671   -3.608   -3.471   -3.471    2.714    4.185    4.185    6.089
    9.092    9.348    9.348   12.817   12.884   12.884   14.161   16.300   16.300   18.446
   21.549
            0.119956  0.119956  0.119956
   -6.354   -3.670   -3.670   -3.607   -3.471   -3.471    2.694    4.181    4.181    6.096
    9.099    9.354    9.354   12.823   12.879   12.879   14.170   16.325   16.325   18.474
   21.511
            0.121218  0.121218  0.121218
   -6.352   -3.670   -3.670   -3.605   -3.471   -3.471    2.674    4.178    4.178    6.103
    9.106    9.359    9.359   12.828   12.874   12.874   14.181   16.351   16.351   18.502
   21.474
            0.122481  0.122481  0.122481
   -6.351   -3.670   -3.670   -3.603   -3.471   -3.471    2.653    4.174    4.174    6.110
    9.114    9.364    9.364   12.833   12.869   12.869   14.192   16.377   16.377   18.531
   21.436
            0.123744  0.123744  0.123744
   -6.349   -3.670   -3.670   -3.601   -3.471   -3.471    2.633    4.170    4.170    6.117
    9.122    9.369    9.369   12.838   12.864   12.864   14.203   16.403   16.403   18.559
   21.399
            0.125006  0.125006  0.125006
   -6.347   -3.669   -3.669   -3.600   -3.471   -3.471    2.613    4.167    4.167    6.123
    9.130    9.374    9.374   12.842   12.860   12.860   14.215   16.429   16.429   18.588
   21.361
            0.126269  0.126269  0.126269
   -6.345   -3.669   -3.669   -3.598   -3.471   -3.471    2.593    4.163    4.163    6.130
    9.138    9.379    9.379   12.845   12.856   12.856   14.228   16.455   16.455   18.617
   21.324
            0.127532  0.127532  0.127532
   -6.344   -3.669   -3.669   -3.596   -3.471   -3.471    2.573    4.159    4.159    6.136
    9.146    9.384    9.384   12.848   12.852   12.852   14.242   16.481   16.481   18.645
   21.286
            0.128794  0.128794  0.128794
   -6.342   -3.668   -3.668   -3.594   -3.471   -3.471    2.553    4.155    4.155    6.142
    9.155    9.389    9.389   12.848   12.848   12.851   14.256   16.507   16.507   18.674
   21.249
            0.130057  0.130057  0.130057
   -6.340   -3.668   -3.668   -3.592   -3.471   -3.471    2.533    4.152    4.152    6.148
    9.164    9.394    9.394   12.844   12.844   12.853   14.271   16.533   16.533   18.703
   21.212
            0.131320  0.131320  0.131320
   -6.338   -3.668   -3.668   -3.590   -3.471   -3.471    2.513    4.148    4.148    6.154
    9.173    9.399    9.399   12.841   12.841   12.855   14.286   16.559   16.559   18.733
   21.174
            0.132583  0.132583  0.132583
   -6.337   -3.667   -3.667   -3.588   -3.471   -3.471    2.494    4.144    4.144    6.159
    9.183    9.403    9.403   12.837   12.837   12.856   14.303   16.585   16.585   18.762
   21.137
            0.133845  0.133845  0.133845
   -6.335   -3.667   -3.667   -3.586   -3.471   -3.471    2.474    4.140    4.140    6.164
    9.192    9.408    9.408   12.834   12.834   12.857   14.319   16.612   16.612   18.791
   21.100
            0.135108  0.135108  0.135108
   -6.333   -3.667   -3.667   -3.584   -3.471   -3.471    2.454    4.136    4.136    6.170
    9.202    9.413    9.413   12.831   12.831   12.857   14.337   16.638   16.638   18.821
   21.063
            0.136371  0.136371  0.136371
   -6.331   -3.667   -3.667   -3.582   -3.471   -3.471    2.434    4.133    4.133    6.175
    9.212    9.418    9.418   12.829   12.829   12.857   14.354   16.665   16.665   18.850
   21.026
            0.137633  0.137633  0.137633
   -6.329   -3.666   -3.666   -3.580   -3.471   -3.471    2.414    4.129    4.129    6.179
    9.222    9.423    9.423   12.826   12.826   12.857   14.373   16.691   16.691   18.880
   20.989
            0.138896  0.138896  0.138896
   -6.328   -3.666   -3.666   -3.578   -3.471   -3.471    2.395    4.125    4.125    6.184
    9.233    9.428    9.428   12.824   12.824   12.856   14.392   16.718   16.718   18.910
   20.952
            0.140159  0.140159  0.140159
   -6.326   -3.666   -3.666   -3.576   -3.471   -3.471    2.375    4.121    4.121    6.189
    9.243    9.432    9.432   12.822   12.822   12.855   14.411   16.745   16.745   18.939
   20.915
            0.141421  0.141421  0.141421
   -6.324   -3.665   -3.665   -3.574   -3.471   -3.471    2.355    4.117    4.117    6.193
    9.254    9.437    9.437   12.820   12.820   12.854   14.431   16.771   16.771   18.969
   20.878
            0.142684  0.142684  0.142684
   -6.322   -3.665   -3.665   -3.572   -3.471   -3.471    2.336    4.114    4.114    6.197
    9.265    9.442    9.442   12.818   12.818   12.852   14.451   16.798   16.798   18.999
   20.842
            0.143947  0.143947  0.143947
   -6.320   -3.665   -3.665   -3.570   -3.471   -3.471    2.316    4.110    4.110    6.201
    9.277    9.446    9.446   12.817   12.817   12.850   14.472   16.825   16.825   19.029
   20.805
            0.145209  0.145209  0.145209
   -6.318   -3.664   -3.664   -3.568   -3.471   -3.471    2.297    4.106    4.106    6.205
    9.288    9.451    9.451   12.815   12.815   12.848   14.494   16.852   16.852   19.059
   20.768
            0.146472  0.146472  0.146472
   -6.317   -3.664   -3.664   -3.566   -3.471   -3.471    2.277    4.102    4.102    6.209
    9.300    9.455    9.455   12.814   12.814   12.845   14.515   16.879   16.879   19.089
   20.732
            0.147735  0.147735  0.147735
   -6.315   -3.664   -3.664   -3.563   -3.471   -3.471    2.258    4.098    4.098    6.213
    9.312    9.460    9.460   12.813   12.813   12.842   14.538   16.906   16.906   19.119
   20.695
            0.148998  0.148998  0.148998
   -6.313   -3.663   -3.663   -3.561   -3.471   -3.471    2.238    4.094    4.094    6.216
    9.324    9.464    9.464   12.812   12.812   12.839   14.560   16.933   16.933   19.149
   20.659
            0.150260  0.150260  0.150260
   -6.311   -3.663   -3.663   -3.559   -3.471   -3.471    2.219    4.091    4.091    6.219
    9.336    9.468    9.468   12.812   12.812   12.836   14.583   16.961   16.961   19.179
   20.622
            0.151523  0.151523  0.151523
   -6.309   -3.663   -3.663   -3.557   -3.471   -3.471    2.200    4.087    4.087    6.222
    9.349    9.473    9.473   12.812   12.812   12.832   14.607   16.988   16.988   19.209
   20.586
            0.152786  0.152786  0.152786
   -6.307   -3.663   -3.663   -3.554   -3.471   -3.471    2.180    4.083    4.083    6.225
    9.361    9.477    9.477   12.812   12.812   12.829   14.630   17.015   17.015   19.239
   20.550
            0.154048  0.154048  0.154048
   -6.305   -3.662   -3.662   -3.552   -3.471   -3.471    2.161    4.079    4.079    6.228
    9.374    9.481    9.481   12.812   12.812   12.825   14.654   17.042   17.042   19.269
   20.513
            0.155311  0.155311  0.155311
   -6.304   -3.662   -3.662   -3.550   -3.471   -3.471    2.142    4.075    4.075    6.231
    9.387    9.485    9.485   12.812   12.812   12.821   14.679   17.070   17.070   19.299
   20.477
            0.156574  0.156574  0.156574
   -6.302   -3.662   -3.662   -3.547   -3.471   -3.471    2.123    4.071    4.071    6.234
    9.401    9.489    9.489   12.813   12.813   12.816   14.703   17.097   17.097   19.329
   20.441
            0.157836  0.157836  0.157836
   -6.300   -3.661   -3.661   -3.545   -3.471   -3.471    2.104    4.067    4.067    6.236
    9.414    9.494    9.494   12.812   12.813   12.813   14.728   17.125   17.125   19.359
   20.405
            0.159099  0.159099  0.159099
   -6.298   -3.661   -3.661   -3.543   -3.471   -3.471    2.085    4.064    4.064    6.239
    9.428    9.498    9.498   12.807   12.814   12.814   14.754   17.152   17.152   19.388
   20.369
            0.160362  0.160362  0.160362
   -6.296   -3.661   -3.661   -3.540   -3.471   -3.471    2.066    4.060    4.060    6.241
    9.442    9.502    9.502   12.803   12.815   12.815   14.779   17.180   17.180   19.417
   20.334
            0.161624  0.161624  0.161624
   -6.294   -3.660   -3.660   -3.538   -3.471   -3.471    2.047    4.056    4.056    6.243
    9.456    9.505    9.505   12.798   12.817   12.817   14.805   17.207   17.207   19.446
   20.298
            0.162887  0.162887  0.162887
   -6.292   -3.660   -3.660   -3.535   -3.471   -3.471    2.028    4.052    4.052    6.245
    9.470    9.509    9.509   12.793   12.818   12.818   14.831   17.235   17.235   19.475
   20.262
            0.164150  0.164150  0.164150
   -6.290   -3.660   -3.660   -3.533   -3.471   -3.471    2.009    4.048    4.048    6.247
    9.484    9.513    9.513   12.788   12.820   12.820   14.857   17.263   17.263   19.503
   20.227
            0.165412  0.165412  0.165412
   -6.288   -3.659   -3.659   -3.531   -3.471   -3.471    1.990    4.044    4.044    6.248
    9.499    9.517    9.517   12.783   12.822   12.822   14.884   17.290   17.290   19.530
   20.191
            0.166675  0.166675  0.166675
   -6.286   -3.659   -3.659   -3.528   -3.471   -3.471    1.971    4.041    4.041    6.250
    9.513    9.520    9.520   12.778   12.825   12.825   14.910   17.318   17.318   19.556
   20.156
            0.167938  0.167938  0.167938
   -6.285   -3.659   -3.659   -3.526   -3.471   -3.471    1.953    4.037    4.037    6.252
    9.524    9.524    9.528   12.772   12.827   12.827   14.937   17.346   17.346   19.582
   20.120
            0.169201  0.169201  0.169201
   -6.283   -3.659   -3.659   -3.523   -3.470   -3.470    1.934    4.033    4.033    6.253
    9.528    9.528    9.543   12.767   12.830   12.830   14.964   17.374   17.374   19.605
   20.085
            0.170463  0.170463  0.170463
   -6.281   -3.658   -3.658   -3.520   -3.470   -3.470    1.915    4.029    4.029    6.254
    9.531    9.531    9.558   12.761   12.833   12.833   14.992   17.402   17.402   19.627
   20.050
            0.171726  0.171726  0.171726
   -6.279   -3.658   -3.658   -3.518   -3.470   -3.470    1.897    4.025    4.025    6.255
    9.534    9.534    9.573   12.756   12.836   12.836   15.019   17.429   17.429   19.646
   20.015
            0.172989  0.172989  0.172989
   -6.277   -3.658   -3.658   -3.515   -3.470   -3.470    1.879    4.022    4.022    6.256
    9.538    9.538    9.589   12.750   12.839   12.839   15.047   17.457   17.457   19.662
   19.980
            0.174251  0.174251  0.174251
   -6.275   -3.657   -3.657   -3.513   -3.470   -3.470    1.860    4.018    4.018    6.257
    9.541    9.541    9.604   12.745   12.842   12.842   15.074   17.485   17.485   19.673
   19.946
            0.175514  0.175514  0.175514
   -6.273   -3.657   -3.657   -3.510   -3.470   -3.470    1.842    4.014    4.014    6.258
    9.544    9.544    9.620   12.739   12.846   12.846   15.102   17.513   17.513   19.680
   19.911
            0.176777  0.176777  0.176777
   -6.271   -3.657   -3.657   -3.507   -3.470   -3.470    1.823    4.010    4.010    6.259
    9.548    9.548    9.636   12.733   12.850   12.850   15.130   17.541   17.541   19.681
   19.876
            0.178039  0.178039  0.178039
   -6.269   -3.656   -3.656   -3.505   -3.470   -3.470    1.805    4.006    4.006    6.260
    9.551    9.551    9.652   12.728   12.854   12.854   15.158   17.569   17.569   19.677
   19.842
            0.179302  0.179302  0.179302
   -6.267   -3.656   -3.656   -3.502   -3.470   -3.470    1.787    4.003    4.003    6.260
    9.554    9.554    9.668   12.722   12.859   12.859   15.187   17.597   17.597   19.666
   19.808
            0.180565  0.180565  0.180565
   -6.265   -3.656   -3.656   -3.499   -3.470   -3.470    1.769    3.999    3.999    6.261
    9.557    9.557    9.684   12.716   12.863   12.863   15.215   17.625   17.625   19.651
   19.774
            0.181827  0.181827  0.181827
   -6.263   -3.656   -3.656   -3.497   -3.470   -3.470    1.751    3.995    3.995    6.261
    9.560    9.560    9.701   12.711   12.868   12.868   15.243   17.652   17.652   19.632
   19.740
            0.183090  0.183090  0.183090
   -6.262   -3.655   -3.655   -3.494   -3.470   -3.470    1.733    3.991    3.991    6.262
    9.562    9.562    9.717   12.705   12.873   12.873   15.272   17.680   17.680   19.610
   19.706
            0.184353  0.184353  0.184353
   -6.260   -3.655   -3.655   -3.491   -3.470   -3.470    1.715    3.988    3.988    6.262
    9.565    9.565    9.734   12.699   12.878   12.878   15.300   17.708   17.708   19.586
   19.672
            0.185616  0.185616  0.185616
   -6.258   -3.655   -3.655   -3.488   -3.470   -3.470    1.697    3.984    3.984    6.262
    9.568    9.568    9.751   12.693   12.884   12.884   15.329   17.736   17.736   19.560
   19.639
            0.186878  0.186878  0.186878
   -6.256   -3.654   -3.654   -3.486   -3.470   -3.470    1.679    3.980    3.980    6.262
    9.570    9.570    9.768   12.688   12.890   12.890   15.357   17.763   17.763   19.532
   19.606
            0.188141  0.188141  0.188141
   -6.254   -3.654   -3.654   -3.483   -3.470   -3.470    1.662    3.977    3.977    6.262
    9.573    9.573    9.785   12.682   12.895   12.895   15.386   17.791   17.791   19.503
   19.573
            0.189404  0.189404  0.189404
   -6.252   -3.654   -3.654   -3.480   -3.470   -3.470    1.644    3.973    3.973    6.262
    9.576    9.576    9.802   12.676   12.901   12.901   15.415   17.818   17.818   19.474
   19.540
            0.190666  0.190666  0.190666
   -6.250   -3.653   -3.653   -3.477   -3.470   -3.470    1.627    3.969    3.969    6.262
    9.578    9.578    9.819   12.670   12.908   12.908   15.443   17.845   17.845   19.444
   19.507
            0.191929  0.191929  0.191929
   -6.248   -3.653   -3.653   -3.474   -3.470   -3.470    1.609    3.966    3.966    6.262
    9.580    9.580    9.836   12.665   12.914   12.914   15.472   17.873   17.873   19.414
   19.475
            0.193192  0.193192  0.193192
   -6.246   -3.653   -3.653   -3.471   -3.470   -3.470    1.592    3.962    3.962    6.262
    9.583    9.583    9.853   12.659   12.921   12.921   15.501   17.900   17.900   19.383
   19.443
            0.194454  0.194454  0.194454
   -6.244   -3.653   -3.653   -3.470   -3.470   -3.469    1.574    3.958    3.958    6.261
    9.585    9.585    9.871   12.654   12.928   12.928   15.529   17.927   17.927   19.353
   19.411
            0.195717  0.195717  0.195717
   -6.243   -3.652   -3.652   -3.470   -3.470   -3.466    1.557    3.955    3.955    6.261
    9.587    9.587    9.889   12.648   12.935   12.935   15.558   17.953   17.953   19.322
   19.380
            0.196980  0.196980  0.196980
   -6.241   -3.652   -3.652   -3.469   -3.469   -3.463    1.540    3.951    3.951    6.261
    9.589    9.589    9.906   12.643   12.943   12.943   15.586   17.980   17.980   19.291
   19.349
            0.198242  0.198242  0.198242
   -6.239   -3.652   -3.652   -3.469   -3.469   -3.460    1.523    3.948    3.948    6.260
    9.591    9.591    9.924   12.637   12.950   12.950   15.615   18.006   18.006   19.261
   19.318
            0.199505  0.199505  0.199505
   -6.237   -3.652   -3.652   -3.469   -3.469   -3.457    1.506    3.944    3.944    6.260
    9.593    9.593    9.942   12.632   12.958   12.958   15.643   18.031   18.031   19.230
   19.288
            0.200768  0.200768  0.200768
   -6.235   -3.651   -3.651   -3.469   -3.469   -3.454    1.489    3.940    3.940    6.259
    9.595    9.595    9.960   12.626   12.966   12.966   15.671   18.057   18.057   19.200
   19.258
            0.202031  0.202031  0.202031
   -6.233   -3.651   -3.651   -3.469   -3.469   -3.451    1.472    3.937    3.937    6.258
    9.597    9.597    9.978   12.621   12.974   12.974   15.700   18.082   18.082   19.170
   19.229
            0.203293  0.203293  0.203293
   -6.231   -3.651   -3.651   -3.469   -3.469   -3.448    1.455    3.933    3.933    6.258
    9.599    9.599    9.996   12.616   12.982   12.982   15.728   18.106   18.106   19.139
   19.201
            0.204556  0.204556  0.204556
   -6.230   -3.650   -3.650   -3.469   -3.469   -3.445    1.438    3.930    3.930    6.257
    9.601    9.601   10.014   12.611   12.991   12.991   15.755   18.130   18.130   19.110
   19.174
            0.205819  0.205819  0.205819
   -6.228   -3.650   -3.650   -3.469   -3.469   -3.442    1.421    3.926    3.926    6.256
    9.602    9.602   10.032   12.605   13.000   13.000   15.783   18.153   18.153   19.080
   19.147
            0.207081  0.207081  0.207081
   -6.226   -3.650   -3.650   -3.469   -3.469   -3.439    1.405    3.923    3.923    6.255
    9.604    9.604   10.050   12.600   13.009   13.009   15.811   18.175   18.175   19.051
   19.121
            0.208344  0.208344  0.208344
   -6.224   -3.650   -3.650   -3.469   -3.469   -3.436    1.388    3.920    3.920    6.254
    9.605    9.605   10.069   12.595   13.018   13.018   15.838   18.196   18.196   19.022
   19.097
            0.209607  0.209607  0.209607
   -6.222   -3.649   -3.649   -3.469   -3.469   -3.433    1.372    3.916    3.916    6.253
    9.607    9.607   10.087   12.590   13.027   13.027   15.865   18.216   18.216   18.994
   19.074
            0.210869  0.210869  0.210869
   -6.220   -3.649   -3.649   -3.469   -3.469   -3.430    1.356    3.913    3.913    6.253
    9.608    9.608   10.105   12.586   13.037   13.037   15.892   18.234   18.234   18.965
   19.052
            0.212132  0.212132  0.212132
   -6.219   -3.649   -3.649   -3.469   -3.469   -3.427    1.339    3.909    3.909    6.252
    9.610    9.610   10.124   12.581   13.047   13.047   15.919   18.251   18.251   18.938
   19.032
            0.213395  0.213395  0.213395
   -6.217   -3.649   -3.649   -3.469   -3.469   -3.424    1.323    3.906    3.906    6.250
    9.611    9.611   10.142   12.576   13.057   13.057   15.945   18.266   18.266   18.910
   19.014
            0.214657  0.214657  0.214657
   -6.215   -3.648   -3.648   -3.469   -3.469   -3.421    1.307    3.903    3.903    6.249
    9.612    9.612   10.161   12.572   13.067   13.067   15.971   18.279   18.279   18.884
   18.998
            0.215920  0.215920  0.215920
   -6.213   -3.648   -3.648   -3.469   -3.469   -3.417    1.291    3.899    3.899    6.248
    9.614    9.614   10.179   12.567   13.077   13.077   15.996   18.289   18.289   18.857
   18.985
            0.217183  0.217183  0.217183
   -6.211   -3.648   -3.648   -3.468   -3.468   -3.414    1.275    3.896    3.896    6.247
    9.615    9.615   10.198   12.563   13.088   13.088   16.022   18.297   18.297   18.832
   18.975
            0.218445  0.218445  0.218445
   -6.210   -3.648   -3.648   -3.468   -3.468   -3.411    1.259    3.893    3.893    6.246
    9.616    9.616   10.217   12.558   13.099   13.099   16.047   18.302   18.302   18.806
   18.967
            0.219708  0.219708  0.219708
   -6.208   -3.647   -3.647   -3.468   -3.468   -3.408    1.244    3.889    3.889    6.245
    9.617    9.617   10.235   12.554   13.110   13.110   16.071   18.304   18.304   18.782
   18.963
            0.220971  0.220971  0.220971
   -6.206   -3.647   -3.647   -3.468   -3.468   -3.405    1.228    3.886    3.886    6.244
    9.618    9.618   10.254   12.550   13.121   13.121   16.095   18.303   18.303   18.758
   18.962
            0.222234  0.222234  0.222234
   -6.204   -3.647   -3.647   -3.468   -3.468   -3.402    1.212    3.883    3.883    6.242
    9.619    9.619   10.273   12.546   13.132   13.132   16.118   18.299   18.299   18.734
   18.964
            0.223496  0.223496  0.223496
   -6.203   -3.647   -3.647   -3.468   -3.468   -3.399    1.197    3.880    3.880    6.241
    9.620    9.620   10.291   12.542   13.143   13.143   16.141   18.291   18.291   18.712
   18.970
            0.224759  0.224759  0.224759
   -6.201   -3.646   -3.646   -3.468   -3.468   -3.396    1.182    3.876    3.876    6.240
    9.620    9.620   10.310   12.538   13.155   13.155   16.164   18.281   18.281   18.690
   18.978
            0.226022  0.226022  0.226022
   -6.199   -3.646   -3.646   -3.468   -3.468   -3.392    1.166    3.873    3.873    6.238
    9.621    9.621   10.329   12.535   13.167   13.167   16.186   18.268   18.268   18.669
   18.989
            0.227284  0.227284  0.227284
   -6.197   -3.646   -3.646   -3.468   -3.468   -3.389    1.151    3.870    3.870    6.237
    9.622    9.622   10.347   12.531   13.179   13.179   16.207   18.253   18.253   18.648
   19.003
            0.228547  0.228547  0.228547
   -6.196   -3.646   -3.646   -3.468   -3.468   -3.386    1.136    3.867    3.867    6.236
    9.623    9.623   10.366   12.527   13.191   13.191   16.227   18.236   18.236   18.629
   19.019
            0.229810  0.229810  0.229810
   -6.194   -3.645   -3.645   -3.468   -3.468   -3.383    1.121    3.864    3.864    6.234
    9.623    9.623   10.385   12.524   13.204   13.204   16.247   18.217   18.217   18.610
   19.037
            0.231072  0.231072  0.231072
   -6.192   -3.645   -3.645   -3.468   -3.468   -3.380    1.106    3.861    3.861    6.233
    9.624    9.624   10.403   12.521   13.216   13.216   16.266   18.196   18.196   18.593
   19.056
            0.232335  0.232335  0.232335
   -6.191   -3.645   -3.645   -3.468   -3.468   -3.377    1.092    3.858    3.858    6.232
    9.624    9.624   10.422   12.518   13.229   13.229   16.284   18.174   18.174   18.576
   19.077
            0.233598  0.233598  0.233598
   -6.189   -3.645   -3.645   -3.468   -3.468   -3.373    1.077    3.855    3.855    6.230
    9.625    9.625   10.440   12.515   13.242   13.242   16.302   18.151   18.151   18.560
   19.099
            0.234860  0.234860  0.234860
   -6.187   -3.644   -3.644   -3.467   -3.467   -3.370    1.062    3.852    3.852    6.229
    9.625    9.625   10.459   12.512   13.255   13.255   16.318   18.127   18.127   18.546
   19.123
            0.236123  0.236123  0.236123
   -6.186   -3.644   -3.644   -3.467   -3.467   -3.367    1.048    3.849    3.849    6.227
    9.626    9.626   10.477   12.509   13.268   13.268   16.334   18.102   18.102   18.532
   19.147
            0.237386  0.237386  0.237386
   -6.184   -3.644   -3.644   -3.467   -3.467   -3.364    1.034    3.846    3.846    6.226
    9.626    9.626   10.496   12.507   13.282   13.282   16.349   18.076   18.076   18.520
   19.173
            0.238649  0.238649  0.238649
   -6.182   -3.644   -3.644   -3.467   -3.467   -3.361    1.019    3.843    3.843    6.224
    9.626    9.626   10.514   12.504   13.295   13.295   16.362   18.050   18.050   18.508
   19.199
            0.239911  0.239911  0.239911
   -6.181   -3.644   -3.644   -3.467   -3.467   -3.357    1.005    3.840    3.840    6.223
    9.627    9.627   10.533   12.502   13.309   13.309   16.375   18.023   18.023   18.498
   19.225
            0.241174  0.241174  0.241174
   -6.179   -3.643   -3.643   -3.467   -3.467   -3.354    0.991    3.837    3.837    6.221
    9.627    9.627   10.551   12.500   13.323   13.323   16.386   17.996   17.996   18.490
   19.252
            0.242437  0.242437  0.242437
   -6.178   -3.643   -3.643   -3.467   -3.467   -3.351    0.977    3.834    3.834    6.220
    9.627    9.627   10.569   12.498   13.337   13.337   16.397   17.968   17.968   18.482
   19.280
            0.243699  0.243699  0.243699
   -6.176   -3.643   -3.643   -3.467   -3.467   -3.348    0.963    3.831    3.831    6.218
    9.627    9.627   10.587   12.496   13.351   13.351   16.406   17.940   17.940   18.476
   19.308
            0.244962  0.244962  0.244962
   -6.175   -3.643   -3.643   -3.467   -3.467   -3.345    0.950    3.828    3.828    6.217
    9.628    9.628   10.605   12.495   13.365   13.365   16.414   17.912   17.912   18.471
   19.337
            0.246225  0.246225  0.246225
   -6.173   -3.642   -3.642   -3.467   -3.467   -3.342    0.936    3.826    3.826    6.215
    9.628    9.628   10.623   12.493   13.380   13.380   16.421   17.884   17.884   18.467
   19.366
            0.247487  0.247487  0.247487
   -6.171   -3.642   -3.642   -3.467   -3.467   -3.338    0.923    3.823    3.823    6.214
    9.628    9.628   10.641   12.492   13.394   13.394   16.427   17.855   17.855   18.465
   19.395
            0.248750  0.248750  0.248750
   -6.170   -3.642   -3.642   -3.467   -3.467   -3.335    0.909    3.820    3.820    6.212
    9.628    9.628   10.659   12.491   13.409   13.409   16.432   17.826   17.826   18.464
   19.425
            0.250013  0.250013  0.250013
   -6.168   -3.642   -3.642   -3.467   -3.467   -3.332    0.896    3.817    3.817    6.211
    9.628    9.628   10.677   12.490   13.424   13.424   16.435   17.797   17.797   18.465
   19.455
            0.251275  0.251275  0.251275
   -6.167   -3.642   -3.642   -3.466   -3.466   -3.329    0.883    3.815    3.815    6.209
    9.628    9.628   10.694   12.489   13.439   13.439   16.438   17.768   17.768   18.467
   19.485
            0.252538  0.252538  0.252538
   -6.165   -3.641   -3.641   -3.466   -3.466   -3.326    0.870    3.812    3.812    6.208
    9.628    9.628   10.712   12.488   13.454   13.454   16.439   17.739   17.739   18.470
   19.515
            0.253801  0.253801  0.253801
   -6.164   -3.641   -3.641   -3.466   -3.466   -3.323    0.857    3.809    3.809    6.206
    9.628    9.628   10.729   12.488   13.470   13.470   16.438   17.710   17.710   18.475
   19.546
            0.255064  0.255064  0.255064
   -6.163   -3.641   -3.641   -3.466   -3.466   -3.319    0.844    3.807    3.807    6.205
    9.628    9.628   10.746   12.488   13.485   13.485   16.437   17.681   17.681   18.481
   19.577
            0.256326  0.256326  0.256326
   -6.161   -3.641   -3.641   -3.466   -3.466   -3.316    0.832    3.804    3.804    6.203
    9.627    9.627   10.763   12.487   13.501   13.501   16.435   17.652   17.652   18.488
   19.608
            0.257589  0.257589  0.257589
   -6.160   -3.641   -3.641   -3.466   -3.466   -3.313    0.819    3.802    3.802    6.202
    9.627    9.627   10.780   12.488   13.517   13.517   16.431   17.622   17.622   18.497
   19.639
            0.258852  0.258852  0.258852
   -6.158   -3.641   -3.641   -3.466   -3.466   -3.310    0.807    3.799    3.799    6.200
    9.627    9.627   10.797   12.488   13.533   13.533   16.426   17.593   17.593   18.507
   19.670
            0.260114  0.260114  0.260114
   -6.157   -3.640   -3.640   -3.466   -3.466   -3.307    0.794    3.797    3.797    6.199
    9.627    9.627   10.814   12.488   13.549   13.549   16.420   17.564   17.564   18.518
   19.701
            0.261377  0.261377  0.261377
   -6.155   -3.640   -3.640   -3.466   -3.466   -3.304    0.782    3.794    3.794    6.197
    9.627    9.627   10.830   12.489   13.565   13.565   16.414   17.534   17.534   18.531
   19.733
            0.262640  0.262640  0.262640
   -6.154   -3.640   -3.640   -3.466   -3.466   -3.301    0.770    3.792    3.792    6.196
    9.626    9.626   10.847   12.490   13.581   13.581   16.406   17.505   17.505   18.545
   19.765
            0.263902  0.263902  0.263902
   -6.153   -3.640   -3.640   -3.466   -3.466   -3.298    0.758    3.789    3.789    6.194
    9.626    9.626   10.863   12.491   13.597   13.597   16.397   17.476   17.476   18.559
   19.796
            0.265165  0.265165  0.265165
   -6.151   -3.640   -3.640   -3.466   -3.466   -3.295    0.747    3.787    3.787    6.193
    9.626    9.626   10.879   12.493   13.614   13.614   16.387   17.447   17.447   18.575
   19.828
            0.266428  0.266428  0.266428
   -6.150   -3.640   -3.640   -3.465   -3.465   -3.292    0.735    3.785    3.785    6.191
    9.626    9.626   10.895   12.494   13.631   13.631   16.377   17.417   17.417   18.592
   19.860
            0.267690  0.267690  0.267690
   -6.149   -3.639   -3.639   -3.465   -3.465   -3.289    0.724    3.782    3.782    6.190
    9.625    9.625   10.910   12.496   13.647   13.647   16.365   17.388   17.388   18.610
   19.892
            0.268953  0.268953  0.268953
   -6.147   -3.639   -3.639   -3.465   -3.465   -3.286    0.712    3.780    3.780    6.188
    9.625    9.625   10.926   12.498   13.664   13.664   16.353   17.359   17.359   18.629
   19.925
            0.270216  0.270216  0.270216
   -6.146   -3.639   -3.639   -3.465   -3.465   -3.283    0.701    3.778    3.778    6.187
    9.625    9.625   10.941   12.500   13.681   13.681   16.340   17.330   17.330   18.649
   19.957
            0.271478  0.271478  0.271478
   -6.145   -3.639   -3.639   -3.465   -3.465   -3.280    0.690    3.776    3.776    6.185
    9.624    9.624   10.956   12.503   13.698   13.698   16.327   17.301   17.301   18.669
   19.989
            0.272741  0.272741  0.272741
   -6.144   -3.639   -3.639   -3.465   -3.465   -3.277    0.679    3.773    3.773    6.184
    9.624    9.624   10.971   12.505   13.715   13.715   16.312   17.272   17.272   18.691
   20.022
            0.274004  0.274004  0.274004
   -6.142   -3.639   -3.639   -3.465   -3.465   -3.274    0.668    3.771    3.771    6.183
    9.623    9.623   10.985   12.508   13.733   13.733   16.298   17.244   17.244   18.713
   20.054
            0.275267  0.275267  0.275267
   -6.141   -3.638   -3.638   -3.465   -3.465   -3.271    0.657    3.769    3.769    6.181
    9.623    9.623   11.000   12.511   13.750   13.750   16.282   17.215   17.215   18.736
   20.087
            0.276529  0.276529  0.276529
   -6.140   -3.638   -3.638   -3.465   -3.465   -3.268    0.647    3.767    3.767    6.180
    9.623    9.623   11.014   12.514   13.767   13.767   16.266   17.186   17.186   18.760
   20.120
            0.277792  0.277792  0.277792
   -6.139   -3.638   -3.638   -3.465   -3.465   -3.266    0.637    3.765    3.765    6.179
    9.622    9.622   11.028   12.518   13.785   13.785   16.250   17.158   17.158   18.784
   20.152
            0.279055  0.279055  0.279055
   -6.138   -3.638   -3.638   -3.465   -3.465   -3.263    0.626    3.763    3.763    6.177
    9.622    9.622   11.041   12.522   13.802   13.802   16.233   17.129   17.129   18.809
   20.185
            0.280317  0.280317  0.280317
   -6.137   -3.638   -3.638   -3.465   -3.465   -3.260    0.616    3.761    3.761    6.176
    9.621    9.621   11.055   12.526   13.820   13.820   16.216   17.101   17.101   18.835
   20.218
            0.281580  0.281580  0.281580
   -6.135   -3.638   -3.638   -3.465   -3.465   -3.257    0.606    3.759    3.759    6.175
    9.621    9.621   11.068   12.530   13.838   13.838   16.199   17.073   17.073   18.861
   20.251
            0.282843  0.282843  0.282843
   -6.134   -3.638   -3.638   -3.464   -3.464   -3.254    0.596    3.757    3.757    6.173
    9.620    9.620   11.081   12.534   13.856   13.856   16.181   17.045   17.045   18.887
   20.284
            0.284105  0.284105  0.284105
   -6.133   -3.637   -3.637   -3.464   -3.464   -3.252    0.587    3.755    3.755    6.172
    9.620    9.620   11.093   12.539   13.873   13.873   16.163   17.017   17.017   18.914
   20.317
            0.285368  0.285368  0.285368
   -6.132   -3.637   -3.637   -3.464   -3.464   -3.249    0.577    3.753    3.753    6.171
    9.619    9.619   11.106   12.544   13.891   13.891   16.144   16.989   16.989   18.942
   20.350
            0.286631  0.286631  0.286631
   -6.131   -3.637   -3.637   -3.464   -3.464   -3.246    0.568    3.751    3.751    6.169
    9.619    9.619   11.118   12.549   13.909   13.909   16.126   16.961   16.961   18.970
   20.383
            0.287893  0.287893  0.287893
   -6.130   -3.637   -3.637   -3.464   -3.464   -3.244    0.559    3.749    3.749    6.168
    9.618    9.618   11.130   12.554   13.927   13.927   16.107   16.933   16.933   18.998
   20.416
            0.289156  0.289156  0.289156
   -6.129   -3.637   -3.637   -3.464   -3.464   -3.241    0.550    3.748    3.748    6.167
    9.618    9.618   11.141   12.560   13.945   13.945   16.088   16.906   16.906   19.027
   20.449
            0.290419  0.290419  0.290419
   -6.128   -3.637   -3.637   -3.464   -3.464   -3.239    0.541    3.746    3.746    6.166
    9.617    9.617   11.153   12.566   13.964   13.964   16.069   16.879   16.879   19.056
   20.482
            0.291682  0.291682  0.291682
   -6.127   -3.637   -3.637   -3.464   -3.464   -3.236    0.532    3.744    3.744    6.165
    9.617    9.617   11.164   12.571   13.982   13.982   16.050   16.851   16.851   19.085
   20.516
            0.292944  0.292944  0.292944
   -6.126   -3.637   -3.637   -3.464   -3.464   -3.234    0.523    3.742    3.742    6.163
    9.616    9.616   11.175   12.577   14.000   14.000   16.030   16.824   16.824   19.114
   20.549
            0.294207  0.294207  0.294207
   -6.125   -3.636   -3.636   -3.464   -3.464   -3.231    0.515    3.741    3.741    6.162
    9.616    9.616   11.185   12.584   14.018   14.018   16.011   16.797   16.797   19.144
   20.582
            0.295470  0.295470  0.295470
   -6.124   -3.636   -3.636   -3.464   -3.464   -3.229    0.507    3.739    3.739    6.161
    9.616    9.616   11.195   12.590   14.036   14.036   15.992   16.771   16.771   19.174
   20.615
            0.296732  0.296732  0.296732
   -6.123   -3.636   -3.636   -3.464   -3.464   -3.226    0.499    3.738    3.738    6.160
    9.615    9.615   11.205   12.597   14.055   14.055   15.972   16.744   16.744   19.204
   20.649
            0.297995  0.297995  0.297995
   -6.122   -3.636   -3.636   -3.464   -3.464   -3.224    0.491    3.736    3.736    6.159
    9.615    9.615   11.215   12.604   14.073   14.073   15.953   16.718   16.718   19.234
   20.682
            0.299258  0.299258  0.299258
   -6.122   -3.636   -3.636   -3.464   -3.464   -3.222    0.483    3.735    3.735    6.158
    9.614    9.614   11.224   12.610   14.091   14.091   15.934   16.692   16.692   19.264
   20.715
            0.300520  0.300520  0.300520
   -6.121   -3.636   -3.636   -3.464   -3.464   -3.219    0.475    3.733    3.733    6.157
    9.614    9.614   11.233   12.618   14.109   14.109   15.915   16.666   16.666   19.294
   20.748
            0.301783  0.301783  0.301783
   -6.120   -3.636   -3.636   -3.463   -3.463   -3.217    0.468    3.732    3.732    6.156
    9.613    9.613   11.242   12.625   14.128   14.128   15.896   16.640   16.640   19.325
   20.782
            0.303046  0.303046  0.303046
   -6.119   -3.636   -3.636   -3.463   -3.463   -3.215    0.460    3.730    3.730    6.155
    9.613    9.613   11.251   12.632   14.146   14.146   15.877   16.614   16.614   19.355
   20.815
            0.304308  0.304308  0.304308
   -6.118   -3.636   -3.636   -3.463   -3.463   -3.213    0.453    3.729    3.729    6.154
    9.612    9.612   11.259   12.639   14.164   14.164   15.858   16.589   16.589   19.386
   20.848
            0.305571  0.305571  0.305571
   -6.118   -3.636   -3.636   -3.463   -3.463   -3.211    0.446    3.727    3.727    6.153
    9.612    9.612   11.267   12.647   14.182   14.182   15.839   16.564   16.564   19.416
   20.881
            0.306834  0.306834  0.306834
   -6.117   -3.635   -3.635   -3.463   -3.463   -3.209    0.439    3.726    3.726    6.152
    9.611    9.611   11.275   12.655   14.200   14.200   15.821   16.539   16.539   19.446
   20.914
            0.308097  0.308097  0.308097
   -6.116   -3.635   -3.635   -3.463   -3.463   -3.207    0.433    3.725    3.725    6.151
    9.611    9.611   11.282   12.662   14.218   14.218   15.802   16.514   16.514   19.477
   20.947
            0.309359  0.309359  0.309359
   -6.115   -3.635   -3.635   -3.463   -3.463   -3.205    0.426    3.724    3.724    6.150
    9.610    9.610   11.290   12.670   14.236   14.236   15.784   16.490   16.490   19.507
   20.980
            0.310622  0.310622  0.310622
   -6.115   -3.635   -3.635   -3.463   -3.463   -3.203    0.420    3.722    3.722    6.149
    9.610    9.610   11.297   12.678   14.254   14.254   15.766   16.466   16.466   19.537
   21.013
            0.311885  0.311885  0.311885
   -6.114   -3.635   -3.635   -3.463   -3.463   -3.201    0.414    3.721    3.721    6.148
    9.609    9.609   11.303   12.685   14.271   14.271   15.749   16.442   16.442   19.567
   21.046
            0.313147  0.313147  0.313147
   -6.113   -3.635   -3.635   -3.463   -3.463   -3.199    0.408    3.720    3.720    6.148
    9.609    9.609   11.310   12.693   14.289   14.289   15.731   16.419   16.419   19.597
   21.079
            0.314410  0.314410  0.314410
   -6.113   -3.635   -3.635   -3.463   -3.463   -3.197    0.402    3.719    3.719    6.147
    9.609    9.609   11.316   12.701   14.306   14.306   15.714   16.396   16.396   19.626
   21.111
            0.315673  0.315673  0.315673
   -6.112   -3.635   -3.635   -3.463   -3.463   -3.196    0.396    3.718    3.718    6.146
    9.608    9.608   11.322   12.709   14.324   14.324   15.698   16.373   16.373   19.655
   21.144
            0.316935  0.316935  0.316935
   -6.111   -3.635   -3.635   -3.463   -3.463   -3.194    0.391    3.717    3.717    6.145
    9.608    9.608   11.328   12.717   14.341   14.341   15.681   16.350   16.350   19.684
   21.176
            0.318198  0.318198  0.318198
   -6.111   -3.635   -3.635   -3.463   -3.463   -3.192    0.386    3.716    3.716    6.144
    9.607    9.607   11.333   12.724   14.358   14.358   15.665   16.328   16.328   19.713
   21.208
            0.319461  0.319461  0.319461
   -6.110   -3.635   -3.635   -3.463   -3.463   -3.191    0.381    3.715    3.715    6.144
    9.607    9.607   11.338   12.732   14.375   14.375   15.650   16.306   16.306   19.741
   21.240
            0.320723  0.320723  0.320723
   -6.110   -3.635   -3.635   -3.463   -3.463   -3.189    0.376    3.714    3.714    6.143
    9.607    9.607   11.343   12.739   14.391   14.391   15.634   16.285   16.285   19.769
   21.272
            0.321986  0.321986  0.321986
   -6.109   -3.635   -3.635   -3.463   -3.463   -3.188    0.371    3.713    3.713    6.142
    9.606    9.606   11.348   12.747   14.408   14.408   15.619   16.264   16.264   19.797
   21.303
            0.323249  0.323249  0.323249
   -6.109   -3.635   -3.635   -3.463   -3.463   -3.186    0.367    3.712    3.712    6.142
    9.606    9.606   11.353   12.754   14.424   14.424   15.605   16.244   16.244   19.824
   21.335
            0.324512  0.324512  0.324512
   -6.108   -3.634   -3.634   -3.463   -3.463   -3.185    0.362    3.711    3.711    6.141
    9.606    9.606   11.357   12.761   14.439   14.439   15.591   16.224   16.224   19.850
   21.366
            0.325774  0.325774  0.325774
   -6.108   -3.634   -3.634   -3.463   -3.463   -3.183    0.358    3.710    3.710    6.141
    9.605    9.605   11.361   12.768   14.455   14.455   15.577   16.204   16.204   19.876
   21.396
            0.327037  0.327037  0.327037
   -6.107   -3.634   -3.634   -3.463   -3.463   -3.182    0.354    3.710    3.710    6.140
    9.605    9.605   11.365   12.775   14.470   14.470   15.564   16.185   16.185   19.901
   21.427
            0.328300  0.328300  0.328300
   -6.107   -3.634   -3.634   -3.463   -3.463   -3.181    0.350    3.709    3.709    6.139
    9.605    9.605   11.369   12.782   14.485   14.485   15.551   16.167   16.167   19.926
   21.457
            0.329562  0.329562  0.329562
   -6.106   -3.634   -3.634   -3.463   -3.463   -3.180    0.346    3.708    3.708    6.139
    9.604    9.604   11.372   12.788   14.499   14.499   15.539   16.149   16.149   19.950
   21.486
            0.330825  0.330825  0.330825
   -6.106   -3.634   -3.634   -3.462   -3.462   -3.179    0.343    3.708    3.708    6.138
    9.604    9.604   11.375   12.795   14.513   14.513   15.527   16.132   16.132   19.973
   21.515
            0.332088  0.332088  0.332088
   -6.106   -3.634   -3.634   -3.462   -3.462   -3.178    0.340    3.707    3.707    6.138
    9.604    9.604   11.379   12.801   14.526   14.526   15.516   16.115   16.115   19.996
   21.543
            0.333350  0.333350  0.333350
   -6.105   -3.634   -3.634   -3.462   -3.462   -3.177    0.337    3.706    3.706    6.138
    9.604    9.604   11.381   12.807   14.539   14.539   15.506   16.099   16.099   20.017
   21.571
            0.334613  0.334613  0.334613
   -6.105   -3.634   -3.634   -3.462   -3.462   -3.176    0.334    3.706    3.706    6.137
    9.603    9.603   11.384   12.812   14.552   14.552   15.496   16.084   16.084   20.038
   21.598
            0.335876  0.335876  0.335876
   -6.105   -3.634   -3.634   -3.462   -3.462   -3.175    0.331    3.705    3.705    6.137
    9.603    9.603   11.387   12.817   14.563   14.563   15.486   16.070   16.070   20.057
   21.624
            0.337138  0.337138  0.337138
   -6.104   -3.634   -3.634   -3.462   -3.462   -3.174    0.328    3.705    3.705    6.136
    9.603    9.603   11.389   12.822   14.575   14.575   15.477   16.056   16.056   20.076
   21.649
            0.338401  0.338401  0.338401
   -6.104   -3.634   -3.634   -3.462   -3.462   -3.173    0.326    3.704    3.704    6.136
    9.603    9.603   11.391   12.827   14.585   14.585   15.469   16.043   16.043   20.093
   21.674
            0.339664  0.339664  0.339664
   -6.104   -3.634   -3.634   -3.462   -3.462   -3.173    0.324    3.704    3.704    6.136
    9.603    9.603   11.393   12.831   14.595   14.595   15.462   16.031   16.031   20.110
   21.697
            0.340926  0.340926  0.340926
   -6.104   -3.634   -3.634   -3.462   -3.462   -3.172    0.322    3.704    3.704    6.136
    9.602    9.602   11.395   12.835   14.604   14.604   15.455   16.020   16.020   20.125
   21.719
            0.342189  0.342189  0.342189
   -6.104   -3.634   -3.634   -3.462   -3.462   -3.171    0.320    3.703    3.703    6.135
    9.602    9.602   11.396   12.839   14.613   14.613   15.448   16.010   16.010   20.139
   21.739
            0.343452  0.343452  0.343452
   -6.103   -3.634   -3.634   -3.462   -3.462   -3.171    0.319    3.703    3.703    6.135
    9.602    9.602   11.398   12.842   14.621   14.621   15.442   16.001   16.001   20.151
   21.758
            0.344715  0.344715  0.344715
   -6.103   -3.634   -3.634   -3.462   -3.462   -3.170    0.317    3.703    3.703    6.135
    9.602    9.602   11.399   12.845   14.627   14.627   15.437   15.992   15.992   20.163
   21.775
            0.345977  0.345977  0.345977
   -6.103   -3.634   -3.634   -3.462   -3.462   -3.170    0.316    3.702    3.702    6.135
    9.602    9.602   11.400   12.848   14.633   14.633   15.433   15.985   15.985   20.173
   21.791
            0.347240  0.347240  0.347240
   -6.103   -3.634   -3.634   -3.462   -3.462   -3.170    0.315    3.702    3.702    6.135
    9.602    9.602   11.401   12.850   14.639   14.639   15.429   15.979   15.979   20.181
   21.804
            0.348503  0.348503  0.348503
   -6.103   -3.634   -3.634   -3.462   -3.462   -3.169    0.314    3.702    3.702    6.134
    9.602    9.602   11.402   12.852   14.643   14.643   15.426   15.974   15.974   20.188
   21.815
            0.349765  0.349765  0.349765
   -6.103   -3.634   -3.634   -3.462   -3.462   -3.169    0.313    3.702    3.702    6.134
    9.602    9.602   11.403   12.853   14.646   14.646   15.424   15.970   15.970   20.193
   21.824
            0.351028  0.351028  0.351028
   -6.103   -3.634   -3.634   -3.462   -3.462   -3.169    0.313    3.702    3.702    6.134
    9.602    9.602   11.403   12.854   14.649   14.649   15.422   15.967   15.967   20.197
   21.830
            0.352291  0.352291  0.352291
   -6.103   -3.634   -3.634   -3.462   -3.462   -3.169    0.313    3.702    3.702    6.134
    9.602    9.602   11.403   12.855   14.650   14.650   15.421   15.965   15.965   20.200
   21.834
            0.353553  0.353553  0.353553
   -6.103   -3.634   -3.634   -3.462   -3.462   -3.169    0.313    3.702    3.702    6.134
    9.602    9.602   11.403   12.855   14.650   14.650   15.421   15.965   15.965   20.200
   21.836
            0.353553  0.355321  0.351786
   -6.103   -3.634   -3.634   -3.462   -3.462   -3.169    0.313    3.702    3.702    6.134
    9.601    9.602   11.403   12.855   14.650   14.650   15.420   15.965   15.966   20.200
   21.835
            0.353553  0.357089  0.350018
   -6.103   -3.634   -3.634   -3.462   -3.462   -3.169    0.313    3.701    3.702    6.135
    9.601    9.602   11.404   12.855   14.650   14.650   15.418   15.966   15.969   20.200
   21.834
            0.353553  0.358857  0.348250
   -6.103   -3.634   -3.634   -3.462   -3.462   -3.169    0.313    3.700    3.701    6.137
    9.600    9.603   11.404   12.855   14.648   14.649   15.415   15.967   15.975   20.200
   21.832
            0.353553  0.360624  0.346482
   -6.103   -3.634   -3.634   -3.462   -3.462   -3.169    0.313    3.698    3.701    6.138
    9.599    9.603   11.404   12.856   14.647   14.648   15.411   15.969   15.983   20.199
   21.830
            0.353553  0.362392  0.344715
   -6.103   -3.634   -3.634   -3.462   -3.462   -3.169    0.313    3.696    3.701    6.141
    9.598    9.604   11.405   12.856   14.644   14.646   15.406   15.971   15.993   20.199
   21.826
            0.353553  0.364160  0.342947
   -6.102   -3.634   -3.634   -3.462   -3.462   -3.169    0.313    3.693    3.700    6.144
    9.596    9.606   11.406   12.857   14.641   14.645   15.400   15.973   16.004   20.198
   21.822
            0.353553  0.365928  0.341179
   -6.102   -3.634   -3.634   -3.462   -3.462   -3.169    0.314    3.690    3.700    6.147
    9.594    9.607   11.407   12.858   14.638   14.643   15.394   15.976   16.017   20.197
   21.817
            0.353553  0.367696  0.339411
   -6.102   -3.634   -3.634   -3.462   -3.462   -3.168    0.314    3.686    3.699    6.151
    9.592    9.609   11.408   12.858   14.634   14.641   15.387   15.980   16.032   20.196
   21.811
            0.353553  0.369463  0.337643
   -6.102   -3.634   -3.634   -3.462   -3.462   -3.168    0.314    3.682    3.698    6.155
    9.589    9.611   11.409   12.859   14.629   14.639   15.380   15.984   16.049   20.195
   21.805
            0.353553  0.371231  0.335876
   -6.102   -3.634   -3.633   -3.462   -3.462   -3.168    0.315    3.678    3.697    6.160
    9.586    9.613   11.411   12.860   14.623   14.636   15.372   15.988   16.066   20.194
   21.799
            0.353553  0.372999  0.334108
   -6.102   -3.634   -3.633   -3.463   -3.462   -3.168    0.315    3.673    3.696    6.165
    9.583    9.615   11.412   12.862   14.617   14.634   15.365   15.993   16.085   20.192
   21.791
            0.353553  0.374767  0.332340
   -6.102   -3.633   -3.633   -3.463   -3.462   -3.168    0.316    3.668    3.695    6.171
    9.580    9.617   11.413   12.863   14.610   14.631   15.357   15.998   16.104   20.190
   21.782
            0.353553  0.376534  0.330572
   -6.102   -3.633   -3.633   -3.463   -3.462   -3.167    0.316    3.662    3.694    6.178
    9.576    9.620   11.415   12.865   14.602   14.628   15.350   16.004   16.125   20.189
   21.773
            0.353553  0.378302  0.328805
   -6.101   -3.633   -3.633   -3.463   -3.462   -3.167    0.317    3.656    3.693    6.184
    9.572    9.623   11.417   12.866   14.594   14.626   15.343   16.010   16.146   20.187
   21.764
            0.353553  0.380070  0.327037
   -6.101   -3.633   -3.633   -3.463   -3.462   -3.167    0.317    3.649    3.692    6.192
    9.568    9.626   11.418   12.868   14.585   14.623   15.336   16.017   16.169   20.185
   21.754
            0.353553  0.381838  0.325269
   -6.101   -3.633   -3.633   -3.463   -3.462   -3.167    0.318    3.642    3.690    6.199
    9.563    9.630   11.420   12.870   14.575   14.620   15.329   16.024   16.191   20.182
   21.743
            0.353553  0.383605  0.323501
   -6.101   -3.633   -3.633   -3.463   -3.462   -3.166    0.319    3.635    3.689    6.207
    9.558    9.633   11.422   12.872   14.564   14.617   15.323   16.031   16.215   20.180
   21.732
            0.353553  0.385373  0.321734
   -6.101   -3.633   -3.633   -3.463   -3.462   -3.166    0.319    3.627    3.687    6.216
    9.553    9.637   11.424   12.875   14.552   14.614   15.318   16.039   16.239   20.177
   21.720
            0.353553  0.387141  0.319966
   -6.100   -3.633   -3.632   -3.463   -3.462   -3.166    0.320    3.619    3.686    6.225
    9.548    9.641   11.426   12.877   14.540   14.611   15.313   16.048   16.263   20.175
   21.708
            0.353553  0.388909  0.318198
   -6.100   -3.633   -3.632   -3.463   -3.462   -3.165    0.321    3.610    3.684    6.234
    9.543    9.646   11.427   12.880   14.527   14.608   15.308   16.057   16.288   20.172
   21.695
            0.353553  0.390676  0.316430
   -6.100   -3.633   -3.632   -3.463   -3.462   -3.165    0.322    3.601    3.682    6.244
    9.537    9.650   11.429   12.883   14.513   14.605   15.304   16.066   16.313   20.169
   21.682
            0.353553  0.392444  0.314663
   -6.100   -3.633   -3.632   -3.464   -3.462   -3.165    0.323    3.592    3.680    6.254
    9.531    9.655   11.431   12.886   14.499   14.603   15.300   16.076   16.339   20.165
   21.668
            0.353553  0.394212  0.312895
   -6.099   -3.633   -3.632   -3.464   -3.462   -3.164    0.323    3.582    3.678    6.264
    9.525    9.660   11.432   12.889   14.484   14.600   15.297   16.086   16.365   20.162
   21.654
            0.353553  0.395980  0.311127
   -6.099   -3.632   -3.632   -3.464   -3.462   -3.164    0.324    3.572    3.676    6.275
    9.519    9.665   11.434   12.893   14.469   14.597   15.294   16.097   16.391   20.158
   21.640
            0.353553  0.397748  0.309359
   -6.099   -3.632   -3.631   -3.464   -3.462   -3.163    0.325    3.562    3.674    6.286
    9.513    9.670   11.435   12.897   14.453   14.595   15.291   16.108   16.418   20.155
   21.625
            0.353553  0.399515  0.307591
   -6.098   -3.632   -3.631   -3.464   -3.462   -3.163    0.326    3.552    3.671    6.298
    9.506    9.676   11.437   12.901   14.437   14.592   15.289   16.119   16.445   20.151
   21.610
            0.353553  0.401283  0.305824
   -6.098   -3.632   -3.631   -3.464   -3.462   -3.162    0.327    3.541    3.669    6.310
    9.500    9.682   11.438   12.905   14.420   14.589   15.287   16.131   16.472   20.147
   21.594
            0.353553  0.403051  0.304056
   -6.098   -3.632   -3.631   -3.464   -3.462   -3.162    0.329    3.530    3.666    6.322
    9.493    9.687   11.439   12.909   14.403   14.587   15.286   16.144   16.499   20.142
   21.579
            0.353553  0.404819  0.302288
   -6.097   -3.632   -3.631   -3.464   -3.462   -3.161    0.330    3.518    3.664    6.334
    9.486    9.694   11.440   12.914   14.385   14.585   15.285   16.156   16.527   20.138
   21.563
            0.353553  0.406586  0.300520
   -6.097   -3.632   -3.630   -3.465   -3.462   -3.161    0.331    3.507    3.661    6.347
    9.479    9.700   11.441   12.919   14.367   14.582   15.284   16.169   16.554   20.133
   21.546
            0.353553  0.408354  0.298753
   -6.097   -3.631   -3.630   -3.465   -3.462   -3.160    0.332    3.495    3.658    6.360
    9.471    9.707   11.441   12.924   14.349   14.580   15.284   16.183   16.582   20.128
   21.530
            0.353553  0.410122  0.296985
   -6.096   -3.631   -3.630   -3.465   -3.462   -3.160    0.333    3.483    3.656    6.374
    9.464    9.714   11.442   12.929   14.331   14.578   15.284   16.197   16.610   20.123
   21.513
            0.353553  0.411890  0.295217
   -6.096   -3.631   -3.630   -3.465   -3.462   -3.159    0.335    3.471    3.653    6.387
    9.457    9.721   11.442   12.935   14.312   14.576   15.284   16.211   16.638   20.118
   21.496
            0.353553  0.413657  0.293449
   -6.096   -3.631   -3.630   -3.465   -3.462   -3.159    0.336    3.458    3.650    6.401
    9.449    9.728   11.442   12.940   14.294   14.575   15.284   16.226   16.667   20.112
   21.478
            0.353553  0.415425  0.291682
   -6.095   -3.631   -3.629   -3.465   -3.462   -3.158    0.337    3.445    3.647    6.415
    9.442    9.735   11.442   12.946   14.275   14.573   15.285   16.241   16.695   20.106
   21.461
            0.353553  0.417193  0.289914
   -6.095   -3.631   -3.629   -3.466   -3.463   -3.157    0.339    3.432    3.643    6.429
    9.434    9.743   11.442   12.952   14.256   14.571   15.285   16.256   16.724   20.100
   21.443
            0.353553  0.418961  0.288146
   -6.094   -3.630   -3.629   -3.466   -3.463   -3.157    0.340    3.419    3.640    6.444
    9.426    9.751   11.441   12.959   14.238   14.570   15.286   16.272   16.752   20.094
   21.425
            0.353553  0.420729  0.286378
   -6.094   -3.630   -3.628   -3.466   -3.463   -3.156    0.342    3.406    3.637    6.458
    9.418    9.759   11.441   12.965   14.219   14.569   15.287   16.288   16.781   20.088
   21.407
            0.353553  0.422496  0.284610
   -6.093   -3.630   -3.628   -3.466   -3.463   -3.155    0.343    3.392    3.633    6.473
    9.411    9.767   11.440   12.971   14.200   14.567   15.289   16.304   16.810   20.081
   21.389
            0.353553  0.424264  0.282843
   -6.093   -3.630   -3.628   -3.466   -3.463   -3.155    0.345    3.379    3.630    6.488
    9.403    9.775   11.438   12.978   14.182   14.566   15.290   16.321   16.838   20.074
   21.370
            0.353553  0.426032  0.281075
   -6.092   -3.630   -3.628   -3.467   -3.463   -3.154    0.346    3.365    3.626    6.504
    9.395    9.784   11.437   12.985   14.164   14.565   15.291   16.338   16.867   20.067
   21.352
            0.353553  0.427800  0.279307
   -6.092   -3.630   -3.627   -3.467   -3.463   -3.153    0.348    3.351    3.622    6.519
    9.387    9.793   11.435   12.991   14.146   14.565   15.293   16.356   16.896   20.060
   21.333
            0.353553  0.429567  0.277539
   -6.091   -3.629   -3.627   -3.467   -3.463   -3.153    0.349    3.337    3.619    6.535
    9.379    9.802   11.433   12.998   14.128   14.564   15.295   16.373   16.925   20.053
   21.314
            0.353553  0.431335  0.275772
   -6.091   -3.629   -3.627   -3.467   -3.463   -3.152    0.351    3.323    3.615    6.550
    9.371    9.811   11.431   13.004   14.111   14.563   15.296   16.392   16.954   20.045
   21.296
            0.353553  0.433103  0.274004
   -6.090   -3.629   -3.626   -3.467   -3.463   -3.151    0.353    3.309    3.611    6.566
    9.363    9.820   11.429   13.011   14.094   14.563   15.298   16.410   16.983   20.037
   21.277
            0.353553  0.434871  0.272236
   -6.090   -3.629   -3.626   -3.468   -3.463   -3.150    0.354    3.294    3.607    6.582
    9.355    9.829   11.426   13.017   14.077   14.563   15.300   16.428   17.012   20.029
   21.258
            0.353553  0.436638  0.270468
   -6.089   -3.628   -3.626   -3.468   -3.463   -3.150    0.356    3.280    3.602    6.598
    9.347    9.839   11.423   13.024   14.061   14.563   15.302   16.447   17.041   20.020
   21.238
            0.353553  0.438406  0.268701
   -6.089   -3.628   -3.625   -3.468   -3.463   -3.149    0.358    3.265    3.598    6.614
    9.339    9.849   11.420   13.029   14.046   14.563   15.304   16.467   17.070   20.012
   21.219
            0.353553  0.440174  0.266933
   -6.088   -3.628   -3.625   -3.468   -3.463   -3.148    0.360    3.251    3.594    6.631
    9.331    9.859   11.417   13.035   14.031   14.563   15.306   16.486   17.099   20.003
   21.200
            0.353553  0.441942  0.265165
   -6.088   -3.628   -3.625   -3.469   -3.463   -3.147    0.362    3.236    3.589    6.647
    9.323    9.869   11.414   13.040   14.017   14.563   15.308   16.506   17.129   19.994
   21.180
            0.353553  0.443710  0.263397
   -6.087   -3.628   -3.624   -3.469   -3.463   -3.146    0.363    3.221    3.585    6.664
    9.315    9.879   11.410   13.045   14.004   14.564   15.310   16.526   17.158   19.985
   21.161
            0.353553  0.445477  0.261630
   -6.086   -3.627   -3.624   -3.469   -3.463   -3.145    0.365    3.206    3.580    6.680
    9.307    9.890   11.406   13.049   13.991   14.564   15.312   16.546   17.187   19.976
   21.142
            0.353553  0.447245  0.259862
   -6.086   -3.627   -3.624   -3.469   -3.463   -3.144    0.367    3.191    3.576    6.697
    9.300    9.900   11.402   13.053   13.980   14.565   15.315   16.566   17.216   19.966
   21.122
            0.353553  0.449013  0.258094
   -6.085   -3.627   -3.623   -3.470   -3.463   -3.144    0.369    3.176    3.571    6.714
    9.292    9.911   11.398   13.056   13.969   14.566   15.317   16.587   17.245   19.956
   21.102
            0.353553  0.450781  0.256326
   -6.085   -3.627   -3.623   -3.470   -3.463   -3.143    0.371    3.162    3.566    6.731
    9.284    9.922   11.394   13.058   13.960   14.567   15.319   16.608   17.273   19.946
   21.083
            0.353553  0.452548  0.254558
   -6.084   -3.626   -3.623   -3.470   -3.463   -3.142    0.373    3.147    3.561    6.747
    9.277    9.933   11.390   13.060   13.952   14.569   15.321   16.629   17.302   19.936
   21.063
            0.353553  0.454316  0.252791
   -6.083   -3.626   -3.622   -3.470   -3.463   -3.141    0.375    3.131    3.556    6.764
    9.269    9.944   11.385   13.061   13.945   14.570   15.324   16.651   17.331   19.926
   21.044
            0.353553  0.456084  0.251023
   -6.083   -3.626   -3.622   -3.470   -3.463   -3.140    0.377    3.116    3.551    6.781
    9.261    9.955   11.381   13.060   13.939   14.572   15.326   16.672   17.360   19.915
   21.024
            0.353553  0.457852  0.249255
   -6.082   -3.626   -3.621   -3.471   -3.463   -3.139    0.379    3.101    3.546    6.798
    9.254    9.966   11.376   13.059   13.935   14.573   15.328   16.694   17.388   19.904
   21.004
            0.353553  0.459619  0.247487
   -6.081   -3.625   -3.621   -3.471   -3.463   -3.138    0.381    3.086    3.541    6.815
    9.247    9.977   11.372   13.057   13.932   14.575   15.331   16.716   17.417   19.893
   20.985
            0.353553  0.461387  0.245720
   -6.081   -3.625   -3.621   -3.471   -3.463   -3.137    0.383    3.071    3.535    6.832
    9.239    9.988   11.367   13.053   13.930   14.577   15.333   16.738   17.446   19.882
   20.965
            0.353553  0.463155  0.243952
   -6.080   -3.625   -3.620   -3.472   -3.463   -3.136    0.385    3.056    3.530    6.849
    9.232   10.000   11.362   13.049   13.930   14.580   15.335   16.761   17.474   19.871
   20.945
            0.353553  0.464923  0.242184
   -6.079   -3.624   -3.620   -3.472   -3.463   -3.135    0.388    3.041    3.524    6.867
    9.225   10.011   11.357   13.043   13.931   14.582   15.338   16.783   17.502   19.860
   20.925
            0.353553  0.466690  0.240416
   -6.079   -3.624   -3.619   -3.472   -3.463   -3.134    0.390    3.026    3.519    6.884
    9.218   10.023   11.352   13.036   13.934   14.585   15.340   16.806   17.530   19.848
   20.906
            0.353553  0.468458  0.238649
   -6.078   -3.624   -3.619   -3.472   -3.463   -3.133    0.392    3.011    3.513    6.901
    9.211   10.034   11.348   13.028   13.938   14.587   15.343   16.829   17.558   19.836
   20.886
            0.353553  0.470226  0.236881
   -6.077   -3.624   -3.618   -3.473   -3.463   -3.132    0.394    2.996    3.507    6.918
    9.204   10.045   11.343   13.019   13.943   14.590   15.345   16.852   17.586   19.824
   20.866
            0.353553  0.471994  0.235113
   -6.077   -3.623   -3.618   -3.473   -3.463   -3.131    0.396    2.981    3.501    6.935
    9.198   10.057   11.338   13.010   13.949   14.594   15.347   16.875   17.614   19.812
   20.847
            0.353553  0.473762  0.233345
   -6.076   -3.623   -3.618   -3.473   -3.463   -3.129    0.398    2.966    3.496    6.952
    9.191   10.068   11.334   12.999   13.957   14.597   15.350   16.898   17.642   19.800
   20.827
            0.353553  0.475529  0.231577
   -6.075   -3.623   -3.617   -3.473   -3.463   -3.128    0.401    2.951    3.490    6.969
    9.184   10.079   11.330   12.987   13.966   14.601   15.352   16.922   17.669   19.788
   20.807
            0.353553  0.477297  0.229810
   -6.075   -3.622   -3.617   -3.474   -3.463   -3.127    0.403    2.936    3.483    6.986
    9.178   10.091   11.325   12.974   13.977   14.604   15.355   16.945   17.696   19.775
   20.788
            0.353553  0.479065  0.228042
   -6.074   -3.622   -3.616   -3.474   -3.463   -3.126    0.405    2.921    3.477    7.003
    9.172   10.102   11.321   12.960   13.988   14.609   15.357   16.969   17.724   19.763
   20.768
            0.353553  0.480833  0.226274
   -6.073   -3.622   -3.616   -3.474   -3.463   -3.125    0.407    2.907    3.471    7.020
    9.166   10.113   11.318   12.946   14.000   14.613   15.360   16.993   17.750   19.750
   20.749
            0.353553  0.482600  0.224506
   -6.072   -3.622   -3.615   -3.474   -3.463   -3.124    0.409    2.892    3.465    7.037
    9.160   10.124   11.314   12.931   14.013   14.617   15.362   17.017   17.777   19.737
   20.729
            0.353553  0.484368  0.222739
   -6.072   -3.621   -3.615   -3.475   -3.463   -3.123    0.412    2.877    3.458    7.054
    9.154   10.134   11.311   12.915   14.027   14.622   15.364   17.041   17.804   19.724
   20.710
            0.353553  0.486136  0.220971
   -6.071   -3.621   -3.614   -3.475   -3.464   -3.121    0.414    2.863    3.452    7.071
    9.148   10.145   11.308   12.898   14.042   14.627   15.367   17.065   17.830   19.711
   20.691
            0.353553  0.487904  0.219203
   -6.070   -3.621   -3.614   -3.475   -3.464   -3.120    0.416    2.848    3.445    7.088
    9.142   10.155   11.305   12.881   14.057   14.633   15.369   17.090   17.856   19.698
   20.672
            0.353553  0.489671  0.217435
   -6.069   -3.620   -3.614   -3.476   -3.464   -3.119    0.419    2.834    3.439    7.105
    9.137   10.165   11.303   12.864   14.073   14.638   15.372   17.114   17.882   19.685
   20.652
            0.353553  0.491439  0.215668
   -6.069   -3.620   -3.613   -3.476   -3.464   -3.118    0.421    2.820    3.432    7.122
    9.131   10.175   11.301   12.846   14.090   14.645   15.374   17.139   17.907   19.672
   20.633
            0.353553  0.493207  0.213900
   -6.068   -3.620   -3.613   -3.476   -3.464   -3.117    0.423    2.805    3.425    7.138
    9.126   10.185   11.299   12.827   14.107   14.651   15.377   17.163   17.932   19.658
   20.614
            0.353553  0.494975  0.212132
   -6.067   -3.619   -3.612   -3.476   -3.464   -3.115    0.425    2.791    3.418    7.155
    9.121   10.194   11.298   12.808   14.125   14.658   15.379   17.188   17.957   19.645
   20.595
            0.353553  0.496743  0.210364
   -6.066   -3.619   -3.612   -3.477   -3.464   -3.114    0.428    2.777    3.412    7.172
    9.116   10.203   11.298   12.789   14.143   14.665   15.382   17.213   17.982   19.631
   20.577
            0.353553  0.498510  0.208597
   -6.066   -3.619   -3.611   -3.477   -3.464   -3.113    0.430    2.763    3.405    7.188
    9.111   10.211   11.298   12.769   14.161   14.673   15.384   17.238   18.006   19.617
   20.558
            0.353553  0.500278  0.206829
   -6.065   -3.618   -3.611   -3.477   -3.464   -3.112    0.432    2.749    3.398    7.205
    9.106   10.219   11.299   12.749   14.179   14.681   15.387   17.263   18.030   19.604
   20.539
            0.353553  0.502046  0.205061
   -6.064   -3.618   -3.610   -3.477   -3.464   -3.110    0.434    2.735    3.390    7.221
    9.102   10.227   11.300   12.729   14.198   14.689   15.389   17.288   18.053   19.590
   20.521
            0.353553  0.503814  0.203293
   -6.063   -3.618   -3.610   -3.478   -3.464   -3.109    0.437    2.722    3.383    7.238
    9.098   10.234   11.301   12.708   14.216   14.699   15.392   17.313   18.076   19.576
   20.502
            0.353553  0.505581  0.201525
   -6.062   -3.617   -3.609   -3.478   -3.464   -3.108    0.439    2.708    3.376    7.254
    9.093   10.240   11.304   12.688   14.235   14.708   15.394   17.338   18.099   19.562
   20.484
            0.353553  0.507349  0.199758
   -6.062   -3.617   -3.609   -3.478   -3.464   -3.107    0.441    2.695    3.369    7.270
    9.089   10.247   11.307   12.667   14.253   14.719   15.397   17.363   18.121   19.548
   20.466
            0.353553  0.509117  0.197990
   -6.061   -3.617   -3.608   -3.479   -3.464   -3.105    0.443    2.681    3.361    7.287
    9.085   10.252   11.311   12.646   14.272   14.730   15.399   17.389   18.143   19.534
   20.448
            0.353553  0.510885  0.196222
   -6.060   -3.616   -3.608   -3.479   -3.464   -3.104    0.446    2.668    3.354    7.303
    9.081   10.257   11.315   12.624   14.290   14.742   15.402   17.414   18.164   19.520
   20.431
            0.353553  0.512652  0.194454
   -6.059   -3.616   -3.607   -3.479   -3.464   -3.103    0.448    2.655    3.346    7.319
    9.078   10.262   11.321   12.603   14.308   14.754   15.404   17.439   18.185   19.506
   20.413
            0.353553  0.514420  0.192687
   -6.059   -3.616   -3.607   -3.479   -3.464   -3.101    0.450    2.642    3.339    7.335
    9.074   10.266   11.327   12.581   14.325   14.767   15.407   17.465   18.205   19.492
   20.396
            0.353553  0.516188  0.190919
   -6.058   -3.615   -3.606   -3.480   -3.464   -3.100    0.452    2.629    3.331    7.351
    9.071   10.269   11.333   12.559   14.343   14.781   15.409   17.490   18.224   19.478
   20.379
            0.353553  0.517956  0.189151
   -6.057   -3.615   -3.606   -3.480   -3.464   -3.099    0.454    2.617    3.323    7.366
    9.068   10.272   11.341   12.538   14.360   14.796   15.412   17.515   18.243   19.464
   20.362
            0.353553  0.519723  0.187383
   -6.056   -3.615   -3.605   -3.480   -3.464   -3.097    0.456    2.604    3.316    7.382
    9.065   10.274   11.349   12.516   14.376   14.812   15.415   17.541   18.262   19.450
   20.345
            0.353553  0.521491  0.185616
   -6.055   -3.614   -3.605   -3.480   -3.464   -3.096    0.459    2.592    3.308    7.398
    9.062   10.276   11.358   12.494   14.392   14.829   15.417   17.566   18.280   19.436
   20.329
            0.353553  0.523259  0.183848
   -6.055   -3.614   -3.604   -3.481   -3.464   -3.095    0.461    2.579    3.300    7.413
    9.059   10.277   11.368   12.472   14.407   14.846   15.420   17.592   18.297   19.421
   20.313
            0.353553  0.525027  0.182080
   -6.054   -3.613   -3.604   -3.481   -3.464   -3.093    0.463    2.567    3.292    7.429
    9.057   10.277   11.379   12.449   14.422   14.864   15.422   17.617   18.313   19.407
   20.297
            0.353553  0.526795  0.180312
   -6.053   -3.613   -3.604   -3.481   -3.464   -3.092    0.465    2.555    3.284    7.444
    9.054   10.277   11.391   12.427   14.436   14.884   15.425   17.642   18.328   19.393
   20.282
            0.353553  0.528562  0.178544
   -6.052   -3.613   -3.603   -3.482   -3.464   -3.090    0.467    2.544    3.276    7.459
    9.052   10.276   11.403   12.405   14.450   14.904   15.428   17.668   18.343   19.379
   20.266
            0.353553  0.530330  0.176777
   -6.051   -3.612   -3.603   -3.482   -3.465   -3.089    0.469    2.532    3.268    7.475
    9.050   10.275   11.416   12.383   14.463   14.925   15.431   17.693   18.357   19.365
   20.252
            0.353553  0.532098  0.175009
   -6.051   -3.612   -3.602   -3.482   -3.465   -3.088    0.471    2.520    3.259    7.490
    9.048   10.273   11.430   12.360   14.476   14.946   15.433   17.718   18.370   19.351
   20.237
            0.353553  0.533866  0.173241
   -6.050   -3.612   -3.602   -3.482   -3.465   -3.086    0.473    2.509    3.251    7.505
    9.046   10.271   11.444   12.338   14.488   14.969   15.436   17.744   18.382   19.337
   20.223
            0.353553  0.535633  0.171473
   -6.049   -3.611   -3.601   -3.483   -3.465   -3.085    0.475    2.498    3.243    7.520
    9.045   10.268   11.460   12.316   14.499   14.992   15.439   17.769   18.394   19.323
   20.209
            0.353553  0.537401  0.169706
   -6.048   -3.611   -3.601   -3.483   -3.465   -3.083    0.477    2.487    3.235    7.534
    9.043   10.265   11.476   12.293   14.510   15.016   15.442   17.794   18.404   19.309
   20.196
            0.353553  0.539169  0.167938
   -6.047   -3.611   -3.600   -3.483   -3.465   -3.082    0.479    2.476    3.226    7.549
    9.042   10.261   11.492   12.271   14.521   15.040   15.445   17.819   18.413   19.295
   20.183
            0.353553  0.540937  0.166170
   -6.046   -3.610   -3.600   -3.483   -3.465   -3.081    0.480    2.466    3.218    7.564
    9.041   10.257   11.510   12.249   14.532   15.065   15.449   17.844   18.422   19.281
   20.171
            0.353553  0.542704  0.164402
   -6.046   -3.610   -3.599   -3.484   -3.465   -3.079    0.482    2.455    3.209    7.578
    9.040   10.252   11.528   12.226   14.542   15.090   15.452   17.868   18.429   19.268
   20.159
            0.353553  0.544472  0.162635
   -6.045   -3.610   -3.599   -3.484   -3.465   -3.078    0.484    2.445    3.201    7.593
    9.039   10.247   11.546   12.204   14.551   15.116   15.456   17.893   18.435   19.254
   20.147
            0.353553  0.546240  0.160867
   -6.044   -3.609   -3.598   -3.484   -3.465   -3.076    0.486    2.435    3.192    7.607
    9.038   10.241   11.566   12.181   14.561   15.142   15.459   17.917   18.441   19.241
   20.136
            0.353553  0.548008  0.159099
   -6.043   -3.609   -3.598   -3.484   -3.465   -3.075    0.487    2.425    3.183    7.621
    9.038   10.235   11.585   12.159   14.570   15.168   15.463   17.941   18.445   19.228
   20.126
            0.353553  0.549776  0.157331
   -6.043   -3.608   -3.597   -3.485   -3.465   -3.074    0.489    2.415    3.175    7.635
    9.038   10.229   11.606   12.137   14.578   15.194   15.468   17.965   18.448   19.215
   20.115
            0.353553  0.551543  0.155563
   -6.042   -3.608   -3.597   -3.485   -3.465   -3.072    0.491    2.406    3.166    7.649
    9.037   10.223   11.627   12.115   14.587   15.221   15.473   17.989   18.450   19.202
   20.106
            0.353553  0.553311  0.153796
   -6.041   -3.608   -3.596   -3.485   -3.465   -3.071    0.492    2.396    3.157    7.663
    9.037   10.216   11.648   12.092   14.595   15.246   15.479   18.012   18.451   19.189
   20.096
            0.353553  0.555079  0.152028
   -6.040   -3.607   -3.596   -3.485   -3.465   -3.069    0.494    2.387    3.148    7.677
    9.037   10.209   11.670   12.070   14.603   15.272   15.485   18.034   18.452   19.176
   20.087
            0.353553  0.556847  0.150260
   -6.039   -3.607   -3.596   -3.485   -3.465   -3.068    0.495    2.378    3.140    7.691
    9.038   10.202   11.693   12.048   14.611   15.296   15.493   18.057   18.451   19.164
   20.079
            0.353553  0.558614  0.148492
   -6.039   -3.607   -3.595   -3.486   -3.465   -3.066    0.497    2.369    3.131    7.705
    9.038   10.194   11.716   12.026   14.619   15.320   15.502   18.078   18.450   19.152
   20.070
            0.353553  0.560382  0.146725
   -6.038   -3.606   -3.595   -3.486   -3.465   -3.065    0.498    2.361    3.122    7.718
    9.039   10.186   11.739   12.004   14.627   15.341   15.513   18.098   18.448   19.140
   20.063
            0.353553  0.562150  0.144957
   -6.037   -3.606   -3.594   -3.486   -3.465   -3.064    0.500    2.352    3.113    7.731
    9.039   10.178   11.763   11.982   14.635   15.361   15.527   18.118   18.446   19.129
   20.055
            0.353553  0.563918  0.143189
   -6.036   -3.606   -3.594   -3.486   -3.465   -3.062    0.501    2.344    3.104    7.745
    9.040   10.170   11.787   11.960   14.642   15.378   15.543   18.136   18.444   19.118
   20.048
            0.353553  0.565685  0.141421
   -6.036   -3.605   -3.593   -3.487   -3.465   -3.061    0.502    2.336    3.095    7.758
    9.041   10.162   11.811   11.938   14.650   15.393   15.561   18.152   18.442   19.107
   20.041
            0.353553  0.567453  0.139654
   -6.035   -3.605   -3.593   -3.487   -3.465   -3.059    0.503    2.329    3.086    7.771
    9.042   10.154   11.836   11.917   14.657   15.405   15.583   18.167   18.440   19.096
   20.034
            0.353553  0.569221  0.137886
   -6.034   -3.604   -3.592   -3.487   -3.466   -3.058    0.505    2.321    3.077    7.784
    9.043   10.145   11.861   11.895   14.664   15.415   15.606   18.178   18.440   19.086
   20.028
            0.353553  0.570989  0.136118
   -6.033   -3.604   -3.592   -3.487   -3.466   -3.056    0.506    2.314    3.067    7.797
    9.044   10.136   11.871   11.889   14.671   15.424   15.632   18.187   18.442   19.076
   20.021
            0.353553  0.572756  0.134350
   -6.032   -3.604   -3.592   -3.487   -3.466   -3.055    0.507    2.307    3.058    7.810
    9.046   10.128   11.851   11.914   14.678   15.431   15.659   18.192   18.446   19.066
   20.015
            0.353553  0.574524  0.132583
   -6.032   -3.603   -3.591   -3.488   -3.466   -3.054    0.508    2.300    3.049    7.823
    9.047   10.119   11.829   11.940   14.685   15.437   15.687   18.193   18.452   19.057
   20.009
            0.353553  0.576292  0.130815
   -6.031   -3.603   -3.591   -3.488   -3.466   -3.052    0.509    2.293    3.040    7.835
    9.049   10.110   11.808   11.967   14.692   15.442   15.716   18.191   18.461   19.049
   20.003
            0.353553  0.578060  0.129047
   -6.030   -3.603   -3.590   -3.488   -3.466   -3.051    0.510    2.287    3.031    7.848
    9.051   10.101   11.786   11.993   14.699   15.446   15.746   18.185   18.471   19.040
   19.996
            0.353553  0.579828  0.127279
   -6.030   -3.602   -3.590   -3.488   -3.466   -3.049    0.511    2.280    3.021    7.860
    9.052   10.092   11.765   12.021   14.706   15.450   15.776   18.176   18.484   19.033
   19.990
            0.353553  0.581595  0.125511
   -6.029   -3.602   -3.590   -3.488   -3.466   -3.048    0.511    2.274    3.012    7.872
    9.054   10.083   11.744   12.048   14.713   15.454   15.807   18.164   18.498   19.026
   19.984
            0.353553  0.583363  0.123744
   -6.028   -3.602   -3.589   -3.489   -3.466   -3.047    0.512    2.269    3.003    7.885
    9.056   10.074   11.723   12.076   14.720   15.457   15.838   18.150   18.513   19.019
   19.978
            0.353553  0.585131  0.121976
   -6.027   -3.601   -3.589   -3.489   -3.466   -3.045    0.513    2.263    2.993    7.897
    9.059   10.065   11.702   12.104   14.727   15.460   15.869   18.134   18.529   19.013
   19.971
            0.353553  0.586899  0.120208
   -6.027   -3.601   -3.589   -3.489   -3.466   -3.044    0.514    2.258    2.984    7.909
    9.061   10.056   11.681   12.132   14.734   15.463   15.900   18.116   18.546   19.008
   19.965
            0.353553  0.588666  0.118440
   -6.026   -3.601   -3.588   -3.489   -3.466   -3.042    0.514    2.253    2.975    7.921
    9.063   10.047   11.660   12.160   14.741   15.466   15.931   18.097   18.562   19.003
   19.958
            0.353553  0.590434  0.116673
   -6.025   -3.600   -3.588   -3.489   -3.466   -3.041    0.515    2.248    2.965    7.932
    9.065   10.038   11.639   12.189   14.748   15.468   15.963   18.076   18.578   18.999
   19.952
            0.353553  0.592202  0.114905
   -6.025   -3.600   -3.587   -3.489   -3.466   -3.040    0.515    2.243    2.956    7.944
    9.068   10.030   11.618   12.217   14.755   15.470   15.994   18.055   18.594   18.997
   19.945
            0.353553  0.593970  0.113137
   -6.024   -3.599   -3.587   -3.490   -3.466   -3.038    0.516    2.239    2.947    7.956
    9.070   10.021   11.598   12.246   14.762   15.473   16.026   18.033   18.609   18.995
   19.938
            0.353553  0.595737  0.111369
   -6.023   -3.599   -3.587   -3.490   -3.466   -3.037    0.516    2.234    2.937    7.967
    9.073   10.012   11.577   12.275   14.768   15.475   16.057   18.010   18.623   18.995
   19.931
            0.353553  0.597505  0.109602
   -6.023   -3.599   -3.586   -3.490   -3.466   -3.036    0.517    2.230    2.928    7.978
    9.075   10.004   11.557   12.304   14.775   15.477   16.088   17.986   18.637   18.995
   19.924
            0.353553  0.599273  0.107834
   -6.022   -3.598   -3.586   -3.490   -3.466   -3.034    0.517    2.227    2.918    7.990
    9.078    9.995   11.536   12.334   14.782   15.479   16.118   17.962   18.649   18.998
   19.916
            0.353553  0.601041  0.106066
   -6.021   -3.598   -3.586   -3.490   -3.466   -3.033    0.517    2.223    2.909    8.001
    9.080    9.987   11.516   12.363   14.789   15.481   16.149   17.938   18.660   19.001
   19.909
            0.353553  0.602809  0.104298
   -6.021   -3.598   -3.585   -3.490   -3.466   -3.032    0.517    2.220    2.900    8.012
    9.083    9.979   11.496   12.393   14.796   15.482   16.179   17.914   18.670   19.007
   19.901
            0.353553  0.604576  0.102530
   -6.020   -3.597   -3.585   -3.491   -3.466   -3.030    0.517    2.216    2.890    8.023
    9.085    9.971   11.476   12.423   14.803   15.484   16.208   17.889   18.678   19.014
   19.894
            0.353553  0.606344  0.100763
   -6.019   -3.597   -3.585   -3.491   -3.466   -3.029    0.518    2.214    2.881    8.034
    9.088    9.963   11.456   12.452   14.810   15.486   16.238   17.864   18.685   19.022
   19.886
            0.353553  0.608112  0.098995
   -6.019   -3.597   -3.585   -3.491   -3.466   -3.028    0.518    2.211    2.871    8.044
    9.090    9.955   11.436   12.482   14.817   15.487   16.266   17.840   18.691   19.032
   19.878
            0.353553  0.609880  0.097227
   -6.018   -3.596   -3.584   -3.491   -3.466   -3.027    0.518    2.208    2.862    8.055
    9.093    9.947   11.417   12.512   14.824   15.489   16.294   17.816   18.695   19.044
   19.871
            0.353553  0.611647  0.095459
   -6.018   -3.596   -3.584   -3.491   -3.467   -3.025    0.518    2.206    2.852    8.066
    9.095    9.940   11.397   12.542   14.831   15.490   16.321   17.792   18.699   19.057
   19.863
            0.353553  0.613415  0.093692
   -6.017   -3.596   -3.584   -3.491   -3.467   -3.024    0.518    2.204    2.843    8.076
    9.098    9.933   11.378   12.572   14.839   15.492   16.347   17.769   18.701   19.070
   19.855
            0.353553  0.615183  0.091924
   -6.016   -3.596   -3.583   -3.491   -3.467   -3.023    0.518    2.202    2.834    8.086
    9.100    9.926   11.359   12.602   14.846   15.493   16.373   17.746   18.702   19.085
   19.848
            0.353553  0.616951  0.090156
   -6.016   -3.595   -3.583   -3.491   -3.467   -3.022    0.517    2.201    2.824    8.097
    9.103    9.919   11.340   12.632   14.853   15.494   16.397   17.724   18.703   19.101
   19.840
            0.353553  0.618718  0.088388
   -6.015   -3.595   -3.583   -3.492   -3.467   -3.021    0.517    2.199    2.815    8.107
    9.105    9.913   11.321   12.662   14.861   15.496   16.420   17.703   18.702   19.118
   19.832
            0.353553  0.620486  0.086621
   -6.015   -3.595   -3.583   -3.492   -3.467   -3.019    0.517    2.198    2.805    8.117
    9.107    9.906   11.302   12.692   14.868   15.497   16.441   17.683   18.702   19.135
   19.825
            0.353553  0.622254  0.084853
   -6.014   -3.594   -3.582   -3.492   -3.467   -3.018    0.517    2.197    2.796    8.127
    9.109    9.901   11.283   12.722   14.875   15.498   16.461   17.665   18.701   19.153
   19.817
            0.353553  0.624022  0.083085
   -6.014   -3.594   -3.582   -3.492   -3.467   -3.017    0.517    2.196    2.787    8.137
    9.111    9.895   11.265   12.752   14.883   15.499   16.480   17.648   18.700   19.171
   19.810
            0.353553  0.625790  0.081317
   -6.013   -3.594   -3.582   -3.492   -3.467   -3.016    0.516    2.196    2.777    8.146
    9.113    9.889   11.247   12.782   14.891   15.500   16.496   17.632   18.698   19.189
   19.803
            0.353553  0.627557  0.079550
   -6.013   -3.593   -3.582   -3.492   -3.467   -3.015    0.516    2.195    2.768    8.156
    9.115    9.884   11.228   12.812   14.898   15.502   16.510   17.619   18.697   19.207
   19.795
            0.353553  0.629325  0.077782
   -6.012   -3.593   -3.581   -3.492   -3.467   -3.014    0.516    2.195    2.759    8.165
    9.116    9.879   11.210   12.842   14.906   15.503   16.522   17.607   18.695   19.226
   19.788
            0.353553  0.631093  0.076014
   -6.011   -3.593   -3.581   -3.492   -3.467   -3.013    0.515    2.195    2.749    8.175
    9.118    9.875   11.193   12.872   14.914   15.504   16.532   17.598   18.693   19.245
   19.782
            0.353553  0.632861  0.074246
   -6.011   -3.593   -3.581   -3.492   -3.467   -3.012    0.515    2.196    2.740    8.184
    9.119    9.871   11.175   12.901   14.922   15.505   16.539   17.591   18.692   19.263
   19.775
            0.353553  0.634628  0.072478
   -6.011   -3.592   -3.581   -3.492   -3.467   -3.011    0.514    2.196    2.731    8.193
    9.120    9.867   11.158   12.931   14.930   15.505   16.544   17.586   18.690   19.282
   19.769
            0.353553  0.636396  0.070711
   -6.010   -3.592   -3.581   -3.493   -3.467   -3.010    0.514    2.197    2.722    8.202
    9.121    9.863   11.140   12.960   14.939   15.506   16.545   17.584   18.689   19.300
   19.763
            0.353553  0.638164  0.068943
   -6.010   -3.592   -3.580   -3.493   -3.467   -3.009    0.513    2.197    2.713    8.211
    9.122    9.860   11.123   12.989   14.947   15.507   16.544   17.584   18.688   19.319
   19.757
            0.353553  0.639932  0.067175
   -6.009   -3.591   -3.580   -3.493   -3.467   -3.008    0.513    2.198    2.704    8.220
    9.123    9.857   11.107   13.018   14.956   15.508   16.541   17.586   18.687   19.337
   19.752
            0.353553  0.641699  0.065407
   -6.009   -3.591   -3.580   -3.493   -3.467   -3.007    0.512    2.200    2.694    8.228
    9.123    9.854   11.090   13.046   14.964   15.509   16.535   17.591   18.687   19.355
   19.746
            0.353553  0.643467  0.063640
   -6.008   -3.591   -3.580   -3.493   -3.467   -3.006    0.512    2.201    2.685    8.237
    9.124    9.852   11.074   13.075   14.973   15.510   16.526   17.598   18.687   19.372
   19.742
            0.353553  0.645235  0.061872
   -6.008   -3.591   -3.580   -3.493   -3.467   -3.005    0.511    2.203    2.676    8.245
    9.124    9.850   11.057   13.103   14.982   15.510   16.515   17.608   18.687   19.389
   19.737
            0.353553  0.647003  0.060104
   -6.007   -3.590   -3.580   -3.493   -3.467   -3.004    0.511    2.204    2.668    8.254
    9.124    9.848   11.041   13.130   14.991   15.511   16.502   17.619   18.687   19.406
   19.734
            0.353553  0.648770  0.058336
   -6.007   -3.590   -3.579   -3.493   -3.467   -3.003    0.510    2.206    2.659    8.262
    9.124    9.847   11.026   13.158   15.001   15.512   16.486   17.632   18.689   19.422
   19.730
            0.353553  0.650538  0.056569
   -6.007   -3.590   -3.579   -3.493   -3.467   -3.002    0.510    2.208    2.650    8.270
    9.123    9.846   11.010   13.185   15.010   15.512   16.469   17.646   18.690   19.437
   19.728
            0.353553  0.652306  0.054801
   -6.006   -3.590   -3.579   -3.493   -3.467   -3.001    0.509    2.210    2.641    8.277
    9.123    9.845   10.995   13.212   15.020   15.513   16.450   17.662   18.692   19.452
   19.726
            0.353553  0.654074  0.053033
   -6.006   -3.590   -3.579   -3.493   -3.467   -3.000    0.508    2.213    2.632    8.285
    9.122    9.845   10.980   13.238   15.030   15.514   16.430   17.679   18.695   19.465
   19.725
            0.353553  0.655842  0.051265
   -6.006   -3.589   -3.579   -3.493   -3.467   -3.000    0.508    2.215    2.624    8.293
    9.121    9.844   10.966   13.264   15.040   15.514   16.408   17.697   18.699   19.478
   19.725
            0.353553  0.657609  0.049497
   -6.005   -3.589   -3.579   -3.493   -3.467   -2.999    0.507    2.218    2.615    8.300
    9.120    9.844   10.951   13.289   15.051   15.515   16.385   17.715   18.703   19.490
   19.725
            0.353553  0.659377  0.047730
   -6.005   -3.589   -3.579   -3.493   -3.467   -2.998    0.507    2.221    2.606    8.307
    9.119    9.845   10.937   13.314   15.062   15.515   16.361   17.734   18.708   19.500
   19.727
            0.353553  0.661145  0.045962
   -6.005   -3.589   -3.579   -3.493   -3.467   -2.997    0.506    2.224    2.598    8.314
    9.118    9.845   10.924   13.339   15.073   15.516   16.337   17.754   18.714   19.509
   19.730
            0.353553  0.662913  0.044194
   -6.004   -3.588   -3.578   -3.493   -3.467   -2.997    0.506    2.227    2.590    8.321
    9.117    9.846   10.910   13.363   15.084   15.516   16.311   17.773   18.720   19.517
   19.733
            0.353553  0.664680  0.042426
   -6.004   -3.588   -3.578   -3.494   -3.467   -2.996    0.505    2.230    2.581    8.328
    9.115    9.847   10.897   13.386   15.096   15.517   16.285   17.793   18.728   19.524
   19.738
            0.353553  0.666448  0.040659
   -6.004   -3.588   -3.578   -3.494   -3.467   -2.995    0.504    2.234    2.573    8.334
    9.114    9.849   10.885   13.409   15.107   15.517   16.258   17.812   18.736   19.530
   19.744
            0.353553  0.668216  0.038891
   -6.003   -3.588   -3.578   -3.494   -3.467   -2.995    0.504    2.237    2.565    8.340
    9.112    9.850   10.872   13.431   15.119   15.518   16.231   17.831   18.746   19.534
   19.751
            0.353553  0.669984  0.037123
   -6.003   -3.588   -3.578   -3.494   -3.467   -2.994    0.503    2.241    2.557    8.346
    9.110    9.852   10.860   13.452   15.132   15.518   16.204   17.850   18.756   19.538
   19.758
            0.353553  0.671751  0.035355
   -6.003   -3.588   -3.578   -3.494   -3.467   -2.994    0.503    2.244    2.549    8.352
    9.109    9.853   10.849   13.473   15.145   15.519   16.177   17.868   18.768   19.540
   19.766
            0.353553  0.673519  0.033588
   -6.003   -3.587   -3.578   -3.494   -3.467   -2.993    0.502    2.248    2.541    8.358
    9.107    9.855   10.838   13.493   15.158   15.519   16.149   17.886   18.780   19.542
   19.775
            0.353553  0.675287  0.031820
   -6.002   -3.587   -3.578   -3.494   -3.467   -2.993    0.502    2.252    2.534    8.363
    9.105    9.857   10.827   13.512   15.171   15.520   16.122   17.903   18.794   19.543
   19.783
            0.353553  0.677055  0.030052
   -6.002   -3.587   -3.578   -3.494   -3.467   -2.992    0.501    2.256    2.526    8.368
    9.103    9.859   10.817   13.530   15.184   15.520   16.094   17.919   18.809   19.544
   19.792
            0.353553  0.678823  0.028284
   -6.002   -3.587   -3.578   -3.494   -3.467   -2.992    0.501    2.260    2.519    8.373
    9.102    9.861   10.807   13.548   15.198   15.521   16.067   17.935   18.825   19.544
   19.801
            0.353553  0.680590  0.026517
   -6.002   -3.587   -3.578   -3.494   -3.467   -2.991    0.501    2.264    2.512    8.378
    9.100    9.863   10.798   13.564   15.212   15.521   16.040   17.949   18.841   19.544
   19.810
            0.353553  0.682358  0.024749
   -6.002   -3.587   -3.578   -3.494   -3.467   -2.991    0.500    2.268    2.505    8.382
    9.098    9.865   10.789   13.580   15.226   15.521   16.013   17.963   18.859   19.543
   19.819
            0.353553  0.684126  0.022981
   -6.001   -3.587   -3.578   -3.494   -3.467   -2.990    0.500    2.272    2.498    8.386
    9.096    9.867   10.781   13.595   15.241   15.522   15.986   17.976   18.878   19.543
   19.827
            0.353553  0.685894  0.021213
   -6.001   -3.587   -3.578   -3.494   -3.467   -2.990    0.499    2.276    2.491    8.390
    9.095    9.869   10.773   13.609   15.255   15.523   15.961   17.987   18.898   19.542
   19.834
            0.353553  0.687661  0.019445
   -6.001   -3.586   -3.578   -3.494   -3.468   -2.990    0.499    2.280    2.485    8.394
    9.093    9.871   10.766   13.621   15.270   15.523   15.935   17.998   18.918   19.540
   19.807
            0.353553  0.689429  0.017678
   -6.001   -3.586   -3.578   -3.494   -3.468   -2.989    0.499    2.284    2.479    8.397
    9.092    9.873   10.759   13.633   15.284   15.524   15.911   18.008   18.939   19.539
   19.772
            0.353553  0.691197  0.015910
   -6.001   -3.586   -3.578   -3.494   -3.468   -2.989    0.498    2.287    2.474    8.400
    9.090    9.875   10.753   13.644   15.298   15.524   15.887   18.016   18.960   19.537
   19.739
            0.353553  0.692965  0.014142
   -6.001   -3.586   -3.578   -3.494   -3.468   -2.989    0.498    2.291    2.468    8.403
    9.089    9.876   10.748   13.654   15.312   15.525   15.865   18.024   18.981   19.535
   19.707
            0.353553  0.694732  0.012374
   -6.001   -3.586   -3.578   -3.494   -3.468   -2.989    0.498    2.294    2.463    8.405
    9.088    9.878   10.743   13.662   15.325   15.526   15.844   18.031   19.002   19.533
   19.677
            0.353553  0.696500  0.010607
   -6.001   -3.586   -3.577   -3.494   -3.468   -2.988    0.498    2.297    2.459    8.408
    9.087    9.879   10.739   13.670   15.337   15.527   15.825   18.037   19.023   19.529
   19.651
            0.353553  0.698268  0.008839
   -6.001   -3.586   -3.577   -3.494   -3.468   -2.988    0.498    2.300    2.455    8.409
    9.086    9.880   10.735   13.676   15.349   15.528   15.807   18.042   19.042   19.525
   19.628
            0.353553  0.700036  0.007071
   -6.000   -3.586   -3.577   -3.494   -3.468   -2.988    0.498    2.303    2.452    8.411
    9.085    9.881   10.732   13.681   15.358   15.529   15.792   18.046   19.059   19.520
   19.609
            0.353553  0.701803  0.005303
   -6.000   -3.586   -3.577   -3.494   -3.468   -2.988    0.497    2.305    2.449    8.412
    9.085    9.882   10.730   13.685   15.366   15.530   15.780   18.049   19.074   19.513
   19.596
            0.353553  0.703571  0.003536
   -6.000   -3.586   -3.577   -3.494   -3.468   -2.988    0.497    2.306    2.447    8.413
    9.084    9.882   10.728   13.688   15.373   15.531   15.770   18.051   19.085   19.507
   19.587
            0.353553  0.705339  0.001768
   -6.000   -3.586   -3.577   -3.494   -3.468   -2.988    0.497    2.307    2.446    8.413
    9.084    9.883   10.727   13.690   15.376   15.531   15.765   18.052   19.093   19.503
   19.582
            0.353553  0.707107  0.000000
   -6.000   -3.586   -3.577   -3.494   -3.468   -2.988    0.497    2.307    2.446    8.413
    9.084    9.883   10.727   13.691   15.378   15.532   15.763   18.053   19.095   19.501
   19.580
            0.350607  0.707107  0.000000
   -6.000   -3.586   -3.577   -3.494   -3.468   -2.988    0.497    2.307    2.446    8.413
    9.083    9.884   10.727   13.691   15.378   15.532   15.763   18.053   19.095   19.501
   19.580
            0.347661  0.707107  0.000000
   -6.000   -3.586   -3.577   -3.494   -3.468   -2.988    0.497    2.307    2.446    8.412
    9.079    9.888   10.729   13.691   15.377   15.532   15.762   18.053   19.096   19.501
   19.581
            0.344715  0.707107 -0.000000
   -6.000   -3.586   -3.577   -3.494   -3.467   -2.988    0.497    2.308    2.446    8.410
    9.073    9.895   10.731   13.690   15.377   15.532   15.762   18.054   19.096   19.501
   19.581
            0.341768  0.707107  0.000000
   -6.000   -3.586   -3.577   -3.494   -3.467   -2.988    0.497    2.308    2.446    8.408
    9.064    9.905   10.734   13.690   15.377   15.533   15.762   18.055   19.097   19.501
   19.582
            0.338822  0.707107  0.000000
   -6.000   -3.586   -3.577   -3.494   -3.467   -2.988    0.497    2.309    2.447    8.404
    9.053    9.917   10.738   13.690   15.377   15.533   15.761   18.057   19.097   19.501
   19.584
            0.335876  0.707107 -0.000000
   -6.000   -3.586   -3.577   -3.494   -3.467   -2.988    0.496    2.310    2.447    8.400
    9.040    9.932   10.743   13.689   15.377   15.534   15.761   18.058   19.098   19.501
   19.585
            0.332929  0.707107  0.000000
   -6.000   -3.586   -3.577   -3.495   -3.467   -2.988    0.496    2.311    2.448    8.396
    9.025    9.948   10.748   13.689   15.377   15.534   15.760   18.060   19.100   19.501
   19.587
            0.329983  0.707107 -0.000000
   -6.000   -3.586   -3.577   -3.495   -3.467   -2.989    0.496    2.312    2.448    8.390
    9.009    9.967   10.755   13.688   15.376   15.535   15.759   18.063   19.101   19.501
   19.589
            0.327037  0.707107  0.000000
   -6.000   -3.585   -3.577   -3.495   -3.467   -2.989    0.495    2.313    2.449    8.385
    8.991    9.987   10.762   13.688   15.376   15.536   15.759   18.066   19.102   19.501
   19.592
            0.324091  0.707107  0.000000
   -6.000   -3.585   -3.577   -3.495   -3.467   -2.989    0.495    2.314    2.450    8.378
    8.972   10.009   10.770   13.687   15.376   15.537   15.758   18.069   19.104   19.501
   19.594
            0.321144  0.707107 -0.000000
   -6.000   -3.585   -3.577   -3.495   -3.466   -2.989    0.495    2.316    2.451    8.371
    8.952   10.032   10.779   13.686   15.375   15.538   15.757   18.072   19.105   19.501
   19.597
            0.318198  0.707107  0.000000
   -6.000   -3.585   -3.577   -3.496   -3.466   -2.989    0.494    2.317    2.452    8.363
    8.931   10.057   10.789   13.685   15.375   15.539   15.756   18.075   19.107   19.502
   19.600
            0.315252  0.707107  0.000000
   -6.000   -3.585   -3.577   -3.496   -3.466   -2.990    0.493    2.319    2.453    8.354
    8.909   10.082   10.799   13.684   15.375   15.541   15.755   18.079   19.109   19.502
   19.603
            0.312305  0.707107 -0.000000
   -6.000   -3.585   -3.577   -3.496   -3.466   -2.990    0.493    2.321    2.454    8.345
    8.886   10.108   10.810   13.683   15.374   15.542   15.753   18.084   19.111   19.502
   19.606
            0.309359  0.707107  0.000000
   -6.000   -3.585   -3.577   -3.497   -3.466   -2.990    0.492    2.323    2.455    8.335
    8.863   10.136   10.822   13.682   15.374   15.544   15.752   18.088   19.113   19.503
   19.610
            0.306413  0.707107  0.000000
   -6.000   -3.585   -3.577   -3.497   -3.465   -2.991    0.491    2.325    2.457    8.325
    8.839   10.164   10.835   13.681   15.373   15.545   15.751   18.093   19.115   19.504
   19.614
            0.303467  0.707107  0.000000
   -6.000   -3.584   -3.577   -3.497   -3.465   -2.991    0.491    2.327    2.458    8.315
    8.815   10.193   10.848   13.680   15.373   15.547   15.749   18.098   19.117   19.504
   19.618
            0.300520  0.707107  0.000000
   -6.000   -3.584   -3.577   -3.498   -3.465   -2.991    0.490    2.329    2.460    8.303
    8.790   10.222   10.862   13.679   15.372   15.549   15.747   18.103   19.119   19.505
   19.622
            0.297574  0.707107  0.000000
   -6.000   -3.584   -3.577   -3.498   -3.464   -2.992    0.489    2.332    2.461    8.292
    8.765   10.252   10.876   13.677   15.371   15.551   15.746   18.109   19.120   19.506
   19.626
            0.294628  0.707107  0.000000
   -6.000   -3.584   -3.577   -3.498   -3.464   -2.992    0.488    2.334    2.463    8.280
    8.740   10.283   10.891   13.676   15.371   15.553   15.744   18.115   19.122   19.507
   19.631
            0.291682  0.707107  0.000000
   -6.000   -3.584   -3.577   -3.499   -3.464   -2.992    0.487    2.337    2.465    8.267
    8.715   10.314   10.907   13.675   15.370   15.555   15.742   18.121   19.123   19.508
   19.620
            0.288735  0.707107  0.000000
   -6.000   -3.583   -3.577   -3.499   -3.464   -2.993    0.487    2.340    2.467    8.254
    8.690   10.345   10.923   13.673   15.369   15.557   15.740   18.128   19.124   19.509
   19.599
            0.285789  0.707107  0.000000
   -6.000   -3.583   -3.576   -3.500   -3.463   -2.993    0.486    2.343    2.468    8.241
    8.664   10.377   10.940   13.671   15.369   15.559   15.738   18.134   19.125   19.511
   19.577
            0.282843  0.707107  0.000000
   -6.000   -3.583   -3.576   -3.500   -3.463   -2.994    0.485    2.346    2.470    8.227
    8.638   10.410   10.957   13.670   15.368   15.562   15.736   18.141   19.124   19.512
   19.555
            0.279896  0.707107  0.000000
   -6.000   -3.583   -3.576   -3.501   -3.463   -2.994    0.484    2.349    2.472    8.213
    8.613   10.442   10.975   13.668   15.367   15.564   15.734   18.148   19.123   19.514
   19.534
            0.276950  0.707107  0.000000
   -6.000   -3.582   -3.576   -3.501   -3.462   -2.995    0.483    2.352    2.475    8.198
    8.587   10.475   10.994   13.666   15.366   15.567   15.732   18.156   19.121   19.513
   19.516
            0.274004  0.707107  0.000000
   -6.000   -3.582   -3.576   -3.502   -3.462   -2.995    0.481    2.356    2.477    8.183
    8.561   10.508   11.012   13.664   15.365   15.569   15.730   18.163   19.118   19.494
   19.517
            0.271058  0.707107 -0.000000
   -6.000   -3.582   -3.576   -3.502   -3.462   -2.996    0.480    2.359    2.479    8.168
    8.536   10.542   11.032   13.662   15.364   15.572   15.728   18.171   19.113   19.475
   19.519
            0.268111  0.707107  0.000000
   -6.000   -3.582   -3.576   -3.502   -3.461   -2.996    0.479    2.363    2.481    8.153
    8.510   10.575   11.051   13.660   15.364   15.575   15.726   18.179   19.106   19.458
   19.521
            0.265165  0.707107  0.000000
   -6.000   -3.581   -3.576   -3.503   -3.461   -2.997    0.478    2.367    2.484    8.137
    8.484   10.609   11.071   13.658   15.363   15.578   15.723   18.187   19.097   19.443
   19.524
            0.262219  0.707107  0.000000
   -6.000   -3.581   -3.576   -3.503   -3.461   -2.998    0.477    2.371    2.486    8.121
    8.458   10.644   11.092   13.656   15.362   15.581   15.721   18.195   19.086   19.430
   19.526
            0.259272  0.707107  0.000000
   -6.000   -3.581   -3.576   -3.504   -3.460   -2.998    0.476    2.374    2.489    8.105
    8.433   10.678   11.112   13.654   15.361   15.584   15.719   18.204   19.073   19.419
   19.528
            0.256326  0.707107  0.000000
   -6.000   -3.580   -3.575   -3.504   -3.460   -2.999    0.474    2.378    2.491    8.089
    8.407   10.713   11.134   13.651   15.360   15.587   15.716   18.212   19.057   19.410
   19.530
            0.253380  0.707107  0.000000
   -6.000   -3.580   -3.575   -3.505   -3.460   -2.999    0.473    2.383    2.494    8.073
    8.382   10.747   11.155   13.649   15.359   15.590   15.714   18.221   19.039   19.404
   19.533
            0.250434  0.707107  0.000000
   -6.000   -3.580   -3.575   -3.505   -3.460   -3.000    0.472    2.387    2.497    8.056
    8.357   10.782   11.177   13.647   15.358   15.593   15.711   18.229   19.019   19.400
   19.535
            0.247487  0.707107  0.000000
   -6.000   -3.579   -3.575   -3.506   -3.459   -3.001    0.470    2.391    2.500    8.039
    8.332   10.817   11.199   13.644   15.357   15.597   15.709   18.237   18.997   19.398
   19.538
            0.244541  0.707107  0.000000
   -6.000   -3.579   -3.575   -3.507   -3.459   -3.001    0.469    2.395    2.503    8.022
    8.307   10.853   11.221   13.642   15.355   15.600   15.706   18.246   18.973   19.397
   19.540
            0.241595  0.707107  0.000000
   -6.000   -3.579   -3.575   -3.507   -3.459   -3.002    0.468    2.400    2.505    8.005
    8.282   10.888   11.244   13.639   15.354   15.604   15.704   18.254   18.948   19.399
   19.542
            0.238649  0.707107  0.000000
   -6.000   -3.578   -3.575   -3.508   -3.458   -3.003    0.466    2.404    2.508    7.988
    8.257   10.923   11.266   13.636   15.353   15.607   15.701   18.262   18.922   19.401
   19.544
            0.235702  0.707107  0.000000
   -6.000   -3.578   -3.575   -3.508   -3.458   -3.003    0.465    2.409    2.512    7.971
    8.232   10.959   11.290   13.634   15.352   15.611   15.699   18.269   18.895   19.405
   19.546
            0.232756  0.707107  0.000000
   -6.000   -3.578   -3.574   -3.509   -3.458   -3.004    0.463    2.414    2.515    7.954
    8.208   10.995   11.313   13.631   15.351   15.615   15.696   18.276   18.868   19.410
   19.547
            0.229810  0.707107  0.000000
   -6.000   -3.577   -3.574   -3.509   -3.457   -3.005    0.462    2.419    2.518    7.936
    8.184   11.031   11.336   13.628   15.350   15.619   15.693   18.282   18.841   19.416
   19.547
            0.226863  0.707107 -0.000000
   -6.000   -3.577   -3.574   -3.510   -3.457   -3.006    0.461    2.423    2.521    7.919
    8.159   11.067   11.360   13.625   15.349   15.622   15.691   18.288   18.814   19.422
   19.546
            0.223917  0.707107 -0.000000
   -6.000   -3.577   -3.574   -3.510   -3.457   -3.006    0.459    2.428    2.524    7.901
    8.136   11.103   11.384   13.622   15.347   15.626   15.688   18.292   18.788   19.430
   19.544
            0.220971  0.707107  0.000000
   -6.000   -3.576   -3.574   -3.511   -3.456   -3.007    0.458    2.433    2.527    7.884
    8.112   11.139   11.408   13.619   15.346   15.630   15.686   18.294   18.763   19.438
   19.541
            0.218025  0.707107  0.000000
   -6.000   -3.576   -3.574   -3.511   -3.456   -3.008    0.456    2.438    2.531    7.866
    8.088   11.175   11.432   13.616   15.345   15.634   15.683   18.295   18.739   19.446
   19.534
            0.215078  0.707107  0.000000
   -6.000   -3.575   -3.573   -3.512   -3.456   -3.009    0.455    2.443    2.534    7.849
    8.065   11.211   11.456   13.613   15.344   15.638   15.681   18.293   18.718   19.455
   19.525
            0.212132  0.707107  0.000000
   -6.000   -3.575   -3.573   -3.513   -3.455   -3.009    0.453    2.448    2.538    7.831
    8.042   11.247   11.481   13.609   15.342   15.643   15.678   18.288   18.699   19.464
   19.513
            0.209186  0.707107  0.000000
   -6.000   -3.575   -3.573   -3.513   -3.455   -3.010    0.452    2.454    2.541    7.814
    8.019   11.284   11.505   13.606   15.341   15.647   15.675   18.280   18.684   19.474
   19.497
            0.206239  0.707107  0.000000
   -6.000   -3.574   -3.573   -3.514   -3.455   -3.011    0.450    2.459    2.544    7.796
    7.996   11.320   11.530   13.603   15.340   15.651   15.673   18.269   18.672   19.478
   19.485
            0.203293  0.707107 -0.000000
   -6.000   -3.574   -3.573   -3.514   -3.454   -3.012    0.448    2.464    2.548    7.779
    7.973   11.357   11.554   13.599   15.338   15.655   15.671   18.254   18.663   19.457
   19.495
            0.200347  0.707107  0.000000
   -6.000   -3.573   -3.573   -3.515   -3.454   -3.013    0.447    2.469    2.552    7.761
    7.951   11.393   11.579   13.596   15.337   15.660   15.668   18.235   18.658   19.433
   19.506
            0.197401  0.707107  0.000000
   -6.000   -3.573   -3.572   -3.515   -3.454   -3.013    0.445    2.475    2.555    7.744
    7.929   11.429   11.604   13.592   15.336   15.664   15.666   18.213   18.656   19.408
   19.518
            0.194454  0.707107  0.000000
   -6.000   -3.572   -3.572   -3.516   -3.454   -3.014    0.444    2.480    2.559    7.727
    7.907   11.466   11.629   13.588   15.334   15.663   15.668   18.188   18.657   19.382
   19.529
            0.191508  0.707107 -0.000000
   -6.000   -3.572   -3.572   -3.516   -3.453   -3.015    0.442    2.486    2.562    7.709
    7.885   11.502   11.654   13.585   15.333   15.661   15.673   18.161   18.661   19.355
   19.541
            0.188562  0.707107 -0.000000
   -6.000   -3.572   -3.572   -3.517   -3.453   -3.016    0.441    2.491    2.566    7.692
    7.864   11.539   11.679   13.581   15.332   15.659   15.677   18.131   18.667   19.327
   19.553
            0.185616  0.707107  0.000000
   -6.000   -3.572   -3.571   -3.518   -3.453   -3.017    0.439    2.496    2.570    7.675
    7.842   11.575   11.704   13.577   15.330   15.657   15.682   18.099   18.674   19.299
   19.566
            0.182669  0.707107 -0.000000
   -6.000   -3.571   -3.571   -3.518   -3.452   -3.018    0.438    2.502    2.573    7.658
    7.822   11.612   11.729   13.573   15.329   15.655   15.687   18.066   18.684   19.270
   19.579
            0.179723  0.707107 -0.000000
   -6.000   -3.571   -3.570   -3.519   -3.452   -3.018    0.436    2.507    2.577    7.641
    7.801   11.648   11.754   13.569   15.328   15.653   15.691   18.032   18.695   19.241
   19.592
            0.176777  0.707107  0.000000
   -6.000   -3.571   -3.570   -3.519   -3.452   -3.019    0.435    2.513    2.581    7.625
    7.780   11.685   11.779   13.565   15.326   15.651   15.696   17.997   18.706   19.213
   19.605
            0.173830  0.707107  0.000000
   -6.000   -3.571   -3.569   -3.520   -3.452   -3.020    0.433    2.518    2.584    7.608
    7.760   11.721   11.804   13.561   15.325   15.649   15.700   17.961   18.719   19.184
   19.618
            0.170884  0.707107  0.000000
   -6.000   -3.571   -3.569   -3.520   -3.451   -3.021    0.432    2.524    2.588    7.591
    7.740   11.758   11.829   13.557   15.323   15.647   15.705   17.924   18.733   19.155
   19.632
            0.167938  0.707107 -0.000000
   -6.000   -3.570   -3.568   -3.521   -3.451   -3.022    0.430    2.529    2.592    7.575
    7.720   11.794   11.854   13.552   15.322   15.645   15.710   17.887   18.747   19.126
   19.646
            0.164992  0.707107  0.000000
   -6.000   -3.570   -3.568   -3.522   -3.451   -3.023    0.429    2.535    2.596    7.559
    7.701   11.830   11.879   13.548   15.321   15.644   15.715   17.849   18.762   19.098
   19.660
            0.162045  0.707107  0.000000
   -6.000   -3.570   -3.568   -3.522   -3.451   -3.023    0.427    2.540    2.599    7.543
    7.682   11.866   11.904   13.544   15.319   15.642   15.719   17.811   18.778   19.069
   19.675
            0.159099  0.707107 -0.000000
   -6.000   -3.570   -3.567   -3.523   -3.450   -3.024    0.426    2.546    2.603    7.527
    7.663   11.903   11.929   13.539   15.318   15.641   15.724   17.772   18.794   19.041
   19.689
            0.156153  0.707107 -0.000000
   -6.000   -3.569   -3.567   -3.523   -3.450   -3.025    0.424    2.551    2.607    7.511
    7.644   11.939   11.953   13.535   15.316   15.639   15.729   17.733   18.811   19.013
   19.703
            0.153206  0.707107  0.000000
   -6.000   -3.569   -3.566   -3.524   -3.450   -3.026    0.423    2.557    2.611    7.496
    7.626   11.974   11.978   13.530   15.315   15.638   15.734   17.694   18.828   18.985
   19.718
            0.150260  0.707107  0.000000
   -6.000   -3.569   -3.566   -3.524   -3.450   -3.027    0.421    2.562    2.614    7.480
    7.608   12.003   12.010   13.525   15.314   15.637   15.739   17.655   18.845   18.957
   19.733
            0.147314  0.707107 -0.000000
   -6.000   -3.569   -3.565   -3.525   -3.449   -3.028    0.420    2.568    2.618    7.465
    7.590   12.027   12.046   13.520   15.312   15.636   15.743   17.615   18.863   18.930
   19.749
            0.144368  0.707107  0.000000
   -6.000   -3.568   -3.565   -3.526   -3.449   -3.028    0.418    2.573    2.622    7.450
    7.572   12.051   12.081   13.516   15.311   15.635   15.748   17.576   18.881   18.903
   19.764
            0.141421  0.707107  0.000000
   -6.000   -3.568   -3.565   -3.526   -3.449   -3.029    0.417    2.579    2.625    7.435
    7.555   12.076   12.117   13.511   15.309   15.634   15.753   17.537   18.876   18.899
   19.779
            0.138475  0.707107 -0.000000
   -6.000   -3.568   -3.564   -3.527   -3.449   -3.030    0.416    2.584    2.629    7.421
    7.538   12.100   12.152   13.506   15.308   15.634   15.758   17.497   18.849   18.918
   19.795
            0.135529  0.707107 -0.000000
   -5.999   -3.568   -3.564   -3.527   -3.448   -3.031    0.414    2.589    2.633    7.406
    7.521   12.124   12.187   13.500   15.306   15.633   15.763   17.457   18.823   18.937
   19.811
            0.132583  0.707107 -0.000000
   -5.999   -3.567   -3.563   -3.528   -3.448   -3.032    0.413    2.594    2.636    7.392
    7.505   12.148   12.222   13.495   15.305   15.633   15.767   17.418   18.797   18.957
   19.827
            0.129636  0.707107  0.000000
   -5.999   -3.567   -3.563   -3.528   -3.448   -3.032    0.412    2.600    2.640    7.378
    7.489   12.171   12.257   13.490   15.304   15.633   15.772   17.378   18.771   18.976
   19.843
            0.126690  0.707107  0.000000
   -5.999   -3.567   -3.562   -3.529   -3.448   -3.033    0.410    2.605    2.643    7.364
    7.473   12.195   12.291   13.485   15.302   15.633   15.777   17.339   18.746   18.996
   19.859
            0.123744  0.707107 -0.000000
   -5.999   -3.566   -3.562   -3.529   -3.448   -3.034    0.409    2.610    2.647    7.351
    7.458   12.218   12.325   13.479   15.301   15.633   15.782   17.300   18.721   19.017
   19.876
            0.120797  0.707107  0.000000
   -5.999   -3.566   -3.562   -3.530   -3.447   -3.035    0.408    2.615    2.650    7.337
    7.443   12.242   12.359   13.473   15.299   15.633   15.786   17.260   18.696   19.037
   19.892
            0.117851  0.707107  0.000000
   -5.999   -3.566   -3.561   -3.531   -3.447   -3.035    0.406    2.620    2.654    7.324
    7.428   12.265   12.393   13.468   15.298   15.634   15.791   17.221   18.672   19.058
   19.908
            0.114905  0.707107 -0.000000
   -5.999   -3.566   -3.561   -3.531   -3.447   -3.036    0.405    2.625    2.657    7.312
    7.414   12.288   12.426   13.462   15.296   15.635   15.796   17.182   18.648   19.079
   19.925
            0.111959  0.707107  0.000000
   -5.999   -3.565   -3.560   -3.532   -3.447   -3.037    0.404    2.630    2.660    7.299
    7.399   12.310   12.459   13.456   15.295   15.636   15.801   17.143   18.625   19.100
   19.934
            0.109012  0.707107  0.000000
   -5.999   -3.565   -3.560   -3.532   -3.447   -3.038    0.403    2.634    2.664    7.287
    7.386   12.333   12.492   13.450   15.293   15.637   15.805   17.105   18.602   19.121
   19.945
            0.106066  0.707107  0.000000
   -5.999   -3.565   -3.560   -3.533   -3.447   -3.038    0.402    2.639    2.667    7.275
    7.372   12.355   12.524   13.444   15.292   15.638   15.810   17.066   18.579   19.143
   19.955
            0.103120  0.707107 -0.000000
   -5.999   -3.564   -3.559   -3.533   -3.446   -3.039    0.401    2.644    2.670    7.263
    7.359   12.377   12.557   13.438   15.291   15.640   15.814   17.028   18.557   19.164
   19.965
            0.100173  0.707107  0.000000
   -5.999   -3.564   -3.559   -3.534   -3.446   -3.040    0.399    2.648    2.673    7.252
    7.346   12.399   12.588   13.432   15.289   15.642   15.819   16.990   18.535   19.186
   19.974
            0.097227  0.707107  0.000000
   -5.999   -3.564   -3.558   -3.534   -3.446   -3.040    0.398    2.653    2.676    7.241
    7.334   12.421   12.619   13.425   15.288   15.644   15.823   16.952   18.514   19.209
   19.984
            0.094281  0.707107 -0.000000
   -5.999   -3.563   -3.558   -3.535   -3.446   -3.041    0.397    2.657    2.679    7.230
    7.321   12.442   12.650   13.419   15.286   15.647   15.828   16.915   18.493   19.231
   19.994
            0.091335  0.707107 -0.000000
   -5.999   -3.563   -3.558   -3.536   -3.446   -3.042    0.396    2.661    2.682    7.219
    7.310   12.463   12.681   13.413   15.285   15.649   15.832   16.878   18.473   19.253
   20.003
            0.088388  0.707107  0.000000
   -5.999   -3.563   -3.557   -3.536   -3.446   -3.042    0.395    2.665    2.685    7.209
    7.298   12.484   12.711   13.406   15.284   15.652   15.836   16.841   18.453   19.276
   20.012
            0.085442  0.707107  0.000000
   -5.999   -3.562   -3.557   -3.537   -3.445   -3.043    0.394    2.669    2.688    7.199
    7.287   12.504   12.740   13.399   15.282   15.656   15.840   16.804   18.434   19.299
   20.021
            0.082496  0.707107  0.000000
   -5.999   -3.562   -3.557   -3.537   -3.445   -3.043    0.393    2.673    2.691    7.189
    7.276   12.525   12.769   13.392   15.281   15.659   15.845   16.768   18.415   19.322
   20.030
            0.079550  0.707107  0.000000
   -5.999   -3.562   -3.556   -3.538   -3.445   -3.044    0.392    2.677    2.693    7.179
    7.266   12.545   12.797   13.385   15.280   15.663   15.849   16.732   18.397   19.345
   20.039
            0.076603  0.707107  0.000000
   -5.999   -3.561   -3.556   -3.538   -3.445   -3.045    0.392    2.681    2.696    7.170
    7.256   12.564   12.825   13.378   15.278   15.668   15.853   16.697   18.379   19.369
   20.047
            0.073657  0.707107  0.000000
   -5.999   -3.561   -3.556   -3.539   -3.445   -3.045    0.391    2.684    2.698    7.162
    7.246   12.584   12.852   13.371   15.277   15.672   15.856   16.662   18.362   19.393
   20.055
            0.070711  0.707107 -0.000000
   -5.999   -3.561   -3.556   -3.539   -3.445   -3.046    0.390    2.688    2.701    7.153
    7.237   12.603   12.878   13.364   15.276   15.677   15.860   16.627   18.345   19.416
   20.063
            0.067764  0.707107  0.000000
   -5.999   -3.560   -3.555   -3.540   -3.445   -3.046    0.389    2.691    2.703    7.145
    7.228   12.621   12.904   13.357   15.275   15.683   15.864   16.593   18.329   19.440
   20.070
            0.064818  0.707107  0.000000
   -5.999   -3.560   -3.555   -3.540   -3.445   -3.047    0.388    2.695    2.705    7.137
    7.219   12.640   12.929   13.350   15.273   15.689   15.867   16.559   18.313   19.464
   20.077
            0.061872  0.707107  0.000000
   -5.999   -3.560   -3.555   -3.541   -3.445   -3.047    0.388    2.698    2.708    7.129
    7.211   12.658   12.953   13.342   15.272   15.695   15.871   16.526   18.299   19.488
   20.084
            0.058926  0.707107  0.000000
   -5.999   -3.559   -3.554   -3.541   -3.444   -3.047    0.387    2.701    2.710    7.122
    7.203   12.675   12.976   13.335   15.271   15.702   15.874   16.494   18.284   19.513
   20.090
            0.055979  0.707107  0.000000
   -5.999   -3.559   -3.554   -3.542   -3.444   -3.048    0.386    2.704    2.712    7.115
    7.195   12.692   12.999   13.327   15.270   15.709   15.877   16.461   18.271   19.537
   20.097
            0.053033  0.707107  0.000000
   -5.999   -3.558   -3.554   -3.542   -3.444   -3.048    0.386    2.706    2.714    7.109
    7.188   12.709   13.020   13.320   15.269   15.716   15.880   16.430   18.258   19.562
   20.103
            0.050087  0.707107 -0.000000
   -5.999   -3.558   -3.554   -3.543   -3.444   -3.049    0.385    2.709    2.715    7.103
    7.182   12.725   13.041   13.312   15.268   15.724   15.883   16.399   18.245   19.586
   20.108
            0.047140  0.707107  0.000000
   -5.999   -3.558   -3.554   -3.543   -3.444   -3.049    0.384    2.711    2.717    7.097
    7.175   12.741   13.061   13.305   15.267   15.733   15.886   16.368   18.233   19.611
   20.113
            0.044194  0.707107  0.000000
   -5.999   -3.557   -3.553   -3.544   -3.444   -3.049    0.384    2.714    2.719    7.091
    7.169   12.756   13.080   13.298   15.266   15.742   15.889   16.338   18.222   19.635
   20.118
            0.041248  0.707107  0.000000
   -5.999   -3.557   -3.553   -3.544   -3.444   -3.050    0.383    2.716    2.720    7.086
    7.164   12.771   13.098   13.290   15.265   15.752   15.891   16.309   18.212   19.660
   20.123
            0.038302  0.707107  0.000000
   -5.999   -3.557   -3.553   -3.545   -3.444   -3.050    0.383    2.718    2.722    7.081
    7.158   12.785   13.115   13.283   15.264   15.762   15.894   16.280   18.202   19.685
   20.127
            0.035355  0.707107  0.000000
   -5.999   -3.556   -3.553   -3.545   -3.444   -3.050    0.382    2.720    2.723    7.077
    7.153   12.799   13.130   13.276   15.263   15.772   15.896   16.253   18.193   19.710
   20.131
            0.032409  0.707107  0.000000
   -5.999   -3.556   -3.553   -3.546   -3.444   -3.051    0.382    2.722    2.724    7.073
    7.149   12.812   13.145   13.269   15.263   15.783   15.898   16.225   18.185   19.734
   20.135
            0.029463  0.707107  0.000000
   -5.999   -3.555   -3.553   -3.546   -3.444   -3.051    0.382    2.723    2.725    7.069
    7.145   12.824   13.158   13.262   15.262   15.795   15.900   16.199   18.177   19.759
   20.138
            0.026517  0.707107  0.000000
   -5.999   -3.555   -3.553   -3.547   -3.444   -3.051    0.381    2.725    2.727    7.065
    7.141   12.835   13.171   13.256   15.261   15.807   15.902   16.173   18.170   19.783
   20.141
            0.023570  0.707107  0.000000
   -5.999   -3.555   -3.552   -3.547   -3.444   -3.051    0.381    2.726    2.727    7.062
    7.138   12.845   13.182   13.250   15.261   15.820   15.903   16.149   18.164   19.807
   20.144
            0.020624  0.707107  0.000000
   -5.999   -3.554   -3.552   -3.548   -3.444   -3.051    0.381    2.727    2.728    7.060
    7.135   12.855   13.191   13.244   15.260   15.833   15.905   16.125   18.158   19.830
   20.147
            0.017678  0.707107  0.000000
   -5.999   -3.554   -3.552   -3.548   -3.444   -3.052    0.381    2.728    2.729    7.057
    7.132   12.863   13.200   13.239   15.260   15.846   15.906   16.102   18.153   19.852
   20.149
            0.014731  0.707107  0.000000
   -5.999   -3.553   -3.552   -3.548   -3.444   -3.052    0.380    2.729    2.730    7.055
    7.130   12.871   13.207   13.235   15.259   15.860   15.907   16.081   18.149   19.874
   20.150
            0.011785  0.707107  0.000000
   -5.999   -3.553   -3.552   -3.549   -3.444   -3.052    0.380    2.730    2.730    7.054
    7.128   12.877   13.213   13.231   15.259   15.873   15.908   16.061   18.146   19.893
   20.152
            0.008839  0.707107  0.000000
   -5.999   -3.553   -3.552   -3.549   -3.443   -3.052    0.380    2.730    2.730    7.052
    7.127   12.882   13.218   13.228   15.259   15.886   15.908   16.043   18.143   19.911
   20.154
            0.005893  0.707107 -0.000000
   -5.999   -3.552   -3.552   -3.550   -3.443   -3.052    0.380    2.731    2.731    7.052
    7.126   12.885   13.221   13.226   15.258   15.898   15.909   16.027   18.142   19.924
   20.155
            0.002946  0.707107  0.000000
   -5.999   -3.552   -3.552   -3.550   -3.443   -3.052    0.380    2.731    2.731    7.051
    7.125   12.887   13.223   13.224   15.258   15.906   15.909   16.017   18.140   19.934
   20.155
            0.000000  0.707107  0.000000
   -5.999   -3.552   -3.552   -3.550   -3.443   -3.052    0.380    2.731    2.731    7.051
    7.125   12.888   13.224   13.224   15.258   15.909   15.909   16.013   18.140   19.937
   20.154
