 &plot nbnd=  25, nks=  1401 /
            0.000000  0.000000  0.000000
 -108.586  -56.917  -56.917  -56.917   -5.239   -0.704   -0.704   -0.704   -0.271   -0.271
    5.254    6.177    6.177    6.177   10.560   10.560   10.560   12.720   15.733   15.733
   16.185   16.185   16.185   18.177   24.924
            0.000000  0.002210  0.000000
 -108.586  -56.917  -56.917  -56.917   -5.239   -0.704   -0.704   -0.704   -0.271   -0.271
    5.254    6.177    6.177    6.177   10.560   10.560   10.560   12.721   15.732   15.733
   16.185   16.185   16.186   18.177   24.924
            0.000000  0.004419  0.000000
 -108.586  -56.917  -56.917  -56.917   -5.239   -0.704   -0.704   -0.704   -0.271   -0.271
    5.253    6.177    6.177    6.178   10.560   10.561   10.561   12.721   15.728   15.733
   16.185   16.185   16.189   18.178   24.923
            0.000000  0.006629  0.000000
 -108.586  -56.917  -56.917  -56.917   -5.239   -0.704   -0.704   -0.704   -0.271   -0.271
    5.251    6.176    6.176    6.180   10.559   10.561   10.561   12.722   15.722   15.733
   16.185   16.185   16.195   18.180   24.922
            0.000000  0.008839  0.000000
 -108.586  -56.917  -56.917  -56.917   -5.239   -0.704   -0.704   -0.704   -0.271   -0.271
    5.249    6.176    6.176    6.182   10.558   10.562   10.562   12.724   15.713   15.733
   16.186   16.186   16.202   18.182   24.921
            0.000000  0.011049  0.000000
 -108.586  -56.917  -56.917  -56.917   -5.239   -0.704   -0.704   -0.704   -0.271   -0.271
    5.246    6.175    6.175    6.185   10.556   10.563   10.563   12.726   15.703   15.733
   16.186   16.186   16.211   18.185   24.918
            0.000000  0.013258  0.000000
 -108.586  -56.917  -56.917  -56.917   -5.239   -0.704   -0.704   -0.704   -0.271   -0.271
    5.242    6.175    6.175    6.189   10.554   10.564   10.564   12.729   15.691   15.734
   16.187   16.187   16.222   18.188   24.916
            0.000000  0.015468  0.000000
 -108.586  -56.917  -56.917  -56.917   -5.238   -0.704   -0.704   -0.704   -0.271   -0.271
    5.238    6.174    6.174    6.193   10.552   10.565   10.565   12.732   15.677   15.734
   16.188   16.188   16.234   18.192   24.913
            0.000000  0.017678  0.000000
 -108.586  -56.917  -56.917  -56.917   -5.238   -0.704   -0.704   -0.704   -0.271   -0.271
    5.233    6.173    6.173    6.198   10.550   10.566   10.566   12.736   15.662   15.734
   16.189   16.189   16.247   18.196   24.909
            0.000000  0.019887  0.000000
 -108.586  -56.917  -56.917  -56.917   -5.238   -0.704   -0.704   -0.704   -0.271   -0.271
    5.227    6.171    6.171    6.204   10.547   10.568   10.568   12.740   15.645   15.734
   16.190   16.190   16.261   18.201   24.906
            0.000000  0.022097  0.000000
 -108.586  -56.917  -56.917  -56.917   -5.238   -0.704   -0.703   -0.703   -0.271   -0.271
    5.221    6.170    6.170    6.210   10.544   10.569   10.569   12.745   15.628   15.734
   16.191   16.191   16.276   18.207   24.901
            0.000000  0.024307  0.000000
 -108.586  -56.917  -56.917  -56.917   -5.237   -0.704   -0.703   -0.703   -0.271   -0.271
    5.214    6.169    6.169    6.217   10.541   10.571   10.571   12.750   15.610   15.735
   16.193   16.193   16.291   18.213   24.896
            0.000000  0.026517  0.000000
 -108.586  -56.917  -56.917  -56.917   -5.237   -0.704   -0.703   -0.703   -0.271   -0.271
    5.207    6.167    6.167    6.224   10.537   10.573   10.573   12.755   15.591   15.735
   16.194   16.194   16.307   18.220   24.891
            0.000000  0.028726  0.000000
 -108.586  -56.917  -56.917  -56.917   -5.237   -0.704   -0.703   -0.703   -0.271   -0.271
    5.199    6.166    6.166    6.232   10.533   10.576   10.576   12.761   15.571   15.735
   16.196   16.196   16.323   18.227   24.886
            0.000000  0.030936  0.000000
 -108.586  -56.917  -56.917  -56.917   -5.236   -0.704   -0.703   -0.703   -0.271   -0.271
    5.191    6.164    6.164    6.240   10.529   10.578   10.578   12.768   15.551   15.735
   16.197   16.197   16.340   18.235   24.879
            0.000000  0.033146  0.000000
 -108.586  -56.917  -56.917  -56.917   -5.236   -0.703   -0.703   -0.703   -0.272   -0.271
    5.182    6.162    6.162    6.248   10.524   10.581   10.581   12.775   15.530   15.736
   16.199   16.199   16.356   18.244   24.873
            0.000000  0.035355  0.000000
 -108.586  -56.917  -56.917  -56.917   -5.236   -0.703   -0.703   -0.703   -0.272   -0.271
    5.173    6.160    6.160    6.258   10.519   10.584   10.584   12.782   15.509   15.736
   16.201   16.201   16.373   18.253   24.866
            0.000000  0.037565  0.000000
 -108.586  -56.917  -56.917  -56.917   -5.235   -0.703   -0.702   -0.702   -0.272   -0.271
    5.164    6.158    6.158    6.267   10.514   10.586   10.586   12.790   15.487   15.737
   16.204   16.204   16.390   18.263   24.859
            0.000000  0.039775  0.000000
 -108.586  -56.917  -56.917  -56.917   -5.235   -0.703   -0.702   -0.702   -0.272   -0.271
    5.154    6.155    6.155    6.277   10.509   10.590   10.590   12.798   15.465   15.737
   16.206   16.206   16.407   18.273   24.851
            0.000000  0.041984  0.000000
 -108.586  -56.917  -56.917  -56.917   -5.234   -0.703   -0.702   -0.702   -0.272   -0.271
    5.143    6.153    6.153    6.287   10.503   10.593   10.593   12.807   15.443   15.737
   16.208   16.208   16.425   18.284   24.843
            0.000000  0.044194  0.000000
 -108.586  -56.917  -56.917  -56.917   -5.234   -0.703   -0.702   -0.702   -0.272   -0.271
    5.132    6.150    6.150    6.298   10.497   10.597   10.597   12.816   15.420   15.738
   16.211   16.211   16.442   18.296   24.834
            0.000000  0.046404  0.000000
 -108.586  -56.917  -56.917  -56.917   -5.233   -0.703   -0.702   -0.702   -0.272   -0.271
    5.121    6.147    6.147    6.309   10.491   10.600   10.600   12.826   15.398   15.738
   16.214   16.214   16.459   18.308   24.825
            0.000000  0.048614  0.000000
 -108.586  -56.917  -56.917  -56.917   -5.232   -0.703   -0.701   -0.701   -0.272   -0.270
    5.110    6.145    6.145    6.320   10.485   10.604   10.604   12.835   15.375   15.739
   16.216   16.216   16.476   18.321   24.816
            0.000000  0.050823  0.000000
 -108.586  -56.917  -56.917  -56.917   -5.232   -0.703   -0.701   -0.701   -0.272   -0.270
    5.098    6.142    6.142    6.332   10.478   10.608   10.608   12.846   15.352   15.739
   16.219   16.219   16.492   18.334   24.806
            0.000000  0.053033  0.000000
 -108.586  -56.917  -56.917  -56.917   -5.231   -0.703   -0.701   -0.701   -0.272   -0.270
    5.086    6.138    6.138    6.343   10.471   10.612   10.612   12.856   15.329   15.740
   16.222   16.222   16.509   18.348   24.796
            0.000000  0.055243  0.000000
 -108.586  -56.917  -56.917  -56.917   -5.230   -0.703   -0.701   -0.701   -0.272   -0.270
    5.074    6.135    6.135    6.356   10.464   10.617   10.617   12.867   15.306   15.741
   16.226   16.226   16.526   18.362   24.786
            0.000000  0.057452  0.000000
 -108.586  -56.917  -56.917  -56.917   -5.230   -0.702   -0.700   -0.700   -0.272   -0.270
    5.062    6.132    6.132    6.368   10.457   10.621   10.621   12.879   15.282   15.741
   16.229   16.229   16.542   18.377   24.775
            0.000000  0.059662  0.000000
 -108.586  -56.917  -56.917  -56.917   -5.229   -0.702   -0.700   -0.700   -0.273   -0.270
    5.049    6.128    6.128    6.380   10.450   10.626   10.626   12.891   15.259   15.742
   16.233   16.233   16.558   18.393   24.764
            0.000000  0.061872  0.000000
 -108.586  -56.917  -56.917  -56.917   -5.228   -0.702   -0.700   -0.700   -0.273   -0.270
    5.036    6.125    6.125    6.393   10.442   10.631   10.631   12.903   15.235   15.743
   16.236   16.236   16.575   18.409   24.752
            0.000000  0.064082  0.000000
 -108.586  -56.917  -56.917  -56.917   -5.227   -0.702   -0.699   -0.699   -0.273   -0.270
    5.023    6.121    6.121    6.406   10.434   10.636   10.636   12.915   15.212   15.743
   16.240   16.240   16.590   18.426   24.740
            0.000000  0.066291  0.000000
 -108.586  -56.917  -56.917  -56.917   -5.227   -0.702   -0.699   -0.699   -0.273   -0.270
    5.010    6.117    6.117    6.419   10.426   10.641   10.641   12.928   15.188   15.744
   16.244   16.244   16.606   18.443   24.728
            0.000000  0.068501  0.000000
 -108.586  -56.917  -56.917  -56.917   -5.226   -0.702   -0.699   -0.699   -0.273   -0.270
    4.996    6.113    6.113    6.433   10.418   10.647   10.647   12.941   15.164   15.745
   16.248   16.248   16.622   18.461   24.716
            0.000000  0.070711  0.000000
 -108.586  -56.917  -56.917  -56.917   -5.225   -0.702   -0.698   -0.698   -0.273   -0.270
    4.982    6.109    6.109    6.446   10.409   10.652   10.652   12.955   15.140   15.745
   16.252   16.252   16.637   18.479   24.703
            0.000000  0.072920  0.000000
 -108.586  -56.917  -56.917  -56.917   -5.224   -0.701   -0.698   -0.698   -0.273   -0.270
    4.968    6.105    6.105    6.460   10.401   10.658   10.658   12.969   15.117   15.746
   16.256   16.256   16.652   18.498   24.690
            0.000000  0.075130  0.000000
 -108.586  -56.917  -56.917  -56.917   -5.223   -0.701   -0.698   -0.698   -0.273   -0.270
    4.954    6.101    6.101    6.474   10.392   10.664   10.664   12.983   15.093   15.747
   16.261   16.261   16.667   18.518   24.677
            0.000000  0.077340  0.000000
 -108.586  -56.917  -56.917  -56.917   -5.222   -0.701   -0.697   -0.697   -0.274   -0.270
    4.940    6.096    6.096    6.488   10.383   10.670   10.670   12.997   15.069   15.748
   16.265   16.265   16.682   18.538   24.663
            0.000000  0.079550  0.000000
 -108.586  -56.917  -56.917  -56.917   -5.221   -0.701   -0.697   -0.697   -0.274   -0.269
    4.926    6.092    6.092    6.502   10.374   10.676   10.676   13.012   15.045   15.749
   16.270   16.270   16.697   18.558   24.649
            0.000000  0.081759  0.000000
 -108.586  -56.917  -56.917  -56.917   -5.220   -0.701   -0.696   -0.696   -0.274   -0.269
    4.911    6.087    6.087    6.516   10.365   10.682   10.682   13.027   15.022   15.750
   16.275   16.275   16.711   18.579   24.635
            0.000000  0.083969  0.000000
 -108.586  -56.917  -56.917  -56.917   -5.219   -0.701   -0.696   -0.696   -0.274   -0.269
    4.897    6.083    6.083    6.530   10.356   10.689   10.689   13.042   14.998   15.751
   16.280   16.280   16.726   18.601   24.620
            0.000000  0.086179  0.000000
 -108.586  -56.917  -56.917  -56.917   -5.218   -0.700   -0.696   -0.696   -0.274   -0.269
    4.882    6.078    6.078    6.545   10.347   10.696   10.696   13.058   14.974   15.751
   16.285   16.285   16.740   18.623   24.606
            0.000000  0.088388  0.000000
 -108.586  -56.917  -56.917  -56.917   -5.217   -0.700   -0.695   -0.695   -0.274   -0.269
    4.867    6.073    6.073    6.559   10.337   10.702   10.702   13.074   14.951   15.752
   16.290   16.290   16.753   18.645   24.591
            0.000000  0.090598  0.000000
 -108.586  -56.917  -56.917  -56.917   -5.216   -0.700   -0.695   -0.695   -0.274   -0.269
    4.853    6.068    6.068    6.574   10.327   10.709   10.709   13.090   14.927   15.753
   16.295   16.295   16.767   18.668   24.575
            0.000000  0.092808  0.000000
 -108.586  -56.917  -56.917  -56.917   -5.215   -0.700   -0.694   -0.694   -0.275   -0.269
    4.838    6.062    6.062    6.588   10.318   10.717   10.717   13.106   14.903   15.754
   16.300   16.300   16.781   18.692   24.560
            0.000000  0.095017  0.000000
 -108.586  -56.917  -56.917  -56.917   -5.214   -0.700   -0.694   -0.694   -0.275   -0.269
    4.822    6.057    6.057    6.603   10.308   10.724   10.724   13.123   14.880   15.755
   16.306   16.306   16.794   18.715   24.544
            0.000000  0.097227  0.000000
 -108.586  -56.917  -56.917  -56.917   -5.212   -0.699   -0.693   -0.693   -0.275   -0.269
    4.807    6.052    6.052    6.618   10.298   10.731   10.731   13.140   14.856   15.756
   16.312   16.312   16.807   18.740   24.528
            0.000000  0.099437  0.000000
 -108.586  -56.917  -56.917  -56.917   -5.211   -0.699   -0.693   -0.693   -0.275   -0.269
    4.792    6.046    6.046    6.633   10.288   10.739   10.739   13.157   14.833   15.758
   16.318   16.318   16.820   18.765   24.512
            0.000000  0.101647  0.000000
 -108.586  -56.917  -56.917  -56.917   -5.210   -0.699   -0.692   -0.692   -0.275   -0.268
    4.777    6.041    6.041    6.647   10.278   10.747   10.747   13.174   14.810   15.759
   16.324   16.324   16.833   18.790   24.493
            0.000000  0.103856  0.000000
 -108.586  -56.917  -56.917  -56.917   -5.209   -0.699   -0.692   -0.692   -0.275   -0.268
    4.761    6.035    6.035    6.662   10.268   10.755   10.755   13.192   14.786   15.760
   16.330   16.330   16.845   18.815   24.473
            0.000000  0.106066  0.000000
 -108.586  -56.917  -56.917  -56.917   -5.207   -0.698   -0.691   -0.691   -0.276   -0.268
    4.746    6.029    6.029    6.677   10.258   10.763   10.763   13.210   14.763   15.761
   16.336   16.336   16.858   18.842   24.451
            0.000000  0.108276  0.000000
 -108.586  -56.917  -56.917  -56.917   -5.206   -0.698   -0.691   -0.691   -0.276   -0.268
    4.730    6.023    6.023    6.692   10.247   10.771   10.771   13.228   14.740   15.762
   16.342   16.342   16.870   18.868   24.429
            0.000000  0.110485  0.000000
 -108.586  -56.917  -56.917  -56.917   -5.205   -0.698   -0.690   -0.690   -0.276   -0.268
    4.715    6.017    6.017    6.708   10.237   10.779   10.779   13.246   14.717   15.763
   16.349   16.349   16.882   18.895   24.407
            0.000000  0.112695  0.000000
 -108.586  -56.917  -56.917  -56.917   -5.203   -0.698   -0.690   -0.690   -0.276   -0.268
    4.699    6.011    6.011    6.723   10.227   10.788   10.788   13.264   14.694   15.764
   16.355   16.355   16.894   18.922   24.384
            0.000000  0.114905  0.000000
 -108.586  -56.917  -56.917  -56.917   -5.202   -0.697   -0.689   -0.689   -0.276   -0.268
    4.683    6.005    6.005    6.738   10.216   10.796   10.796   13.283   14.671   15.766
   16.362   16.362   16.906   18.950   24.361
            0.000000  0.117115  0.000000
 -108.586  -56.917  -56.917  -56.917   -5.201   -0.697   -0.688   -0.688   -0.277   -0.268
    4.668    5.999    5.999    6.753   10.206   10.805   10.805   13.302   14.649   15.767
   16.369   16.369   16.918   18.978   24.338
            0.000000  0.119324  0.000000
 -108.586  -56.917  -56.917  -56.917   -5.199   -0.697   -0.688   -0.688   -0.277   -0.267
    4.652    5.993    5.993    6.768   10.195   10.814   10.814   13.321   14.626   15.768
   16.376   16.376   16.930   19.006   24.314
            0.000000  0.121534  0.000000
 -108.586  -56.917  -56.917  -56.917   -5.198   -0.696   -0.687   -0.687   -0.277   -0.267
    4.636    5.986    5.986    6.783   10.185   10.823   10.823   13.340   14.604   15.770
   16.383   16.383   16.941   19.035   24.290
            0.000000  0.123744  0.000000
 -108.586  -56.917  -56.917  -56.917   -5.196   -0.696   -0.687   -0.687   -0.277   -0.267
    4.620    5.980    5.980    6.799   10.174   10.832   10.832   13.359   14.581   15.771
   16.390   16.390   16.953   19.064   24.265
            0.000000  0.125953  0.000000
 -108.586  -56.917  -56.917  -56.917   -5.195   -0.696   -0.686   -0.686   -0.277   -0.267
    4.604    5.973    5.973    6.814   10.163   10.841   10.841   13.378   14.559   15.772
   16.398   16.398   16.964   19.094   24.240
            0.000000  0.128163  0.000000
 -108.586  -56.917  -56.917  -56.917   -5.193   -0.696   -0.685   -0.685   -0.278   -0.267
    4.588    5.966    5.966    6.829   10.153   10.851   10.851   13.398   14.537   15.774
   16.405   16.405   16.975   19.124   24.215
            0.000000  0.130373  0.000000
 -108.586  -56.917  -56.917  -56.917   -5.192   -0.695   -0.685   -0.685   -0.278   -0.267
    4.572    5.960    5.960    6.844   10.142   10.860   10.860   13.417   14.515   15.775
   16.413   16.413   16.987   19.154   24.189
            0.000000  0.132583  0.000000
 -108.586  -56.917  -56.917  -56.917   -5.190   -0.695   -0.684   -0.684   -0.278   -0.267
    4.556    5.953    5.953    6.860   10.131   10.870   10.870   13.437   14.493   15.776
   16.421   16.421   16.998   19.184   24.163
            0.000000  0.134792  0.000000
 -108.586  -56.917  -56.917  -56.917   -5.188   -0.695   -0.683   -0.683   -0.278   -0.266
    4.540    5.946    5.946    6.875   10.121   10.880   10.880   13.457   14.472   15.778
   16.428   16.428   17.009   19.215   24.137
            0.000000  0.137002  0.000000
 -108.586  -56.917  -56.917  -56.917   -5.187   -0.694   -0.683   -0.683   -0.278   -0.266
    4.524    5.939    5.939    6.890   10.110   10.890   10.890   13.477   14.451   15.779
   16.436   16.436   17.019   19.246   24.110
            0.000000  0.139212  0.000000
 -108.586  -56.917  -56.917  -56.917   -5.185   -0.694   -0.682   -0.682   -0.279   -0.266
    4.508    5.932    5.932    6.905   10.099   10.900   10.900   13.497   14.430   15.781
   16.445   16.445   17.030   19.278   24.083
            0.000000  0.141421  0.000000
 -108.586  -56.917  -56.917  -56.917   -5.183   -0.694   -0.681   -0.681   -0.279   -0.266
    4.492    5.925    5.925    6.921   10.089   10.910   10.910   13.517   14.409   15.782
   16.453   16.453   17.041   19.310   24.056
            0.000000  0.143631  0.000000
 -108.586  -56.917  -56.917  -56.917   -5.182   -0.693   -0.681   -0.681   -0.279   -0.266
    4.475    5.917    5.917    6.936   10.078   10.920   10.920   13.537   14.388   15.784
   16.461   16.461   17.052   19.342   24.029
            0.000000  0.145841  0.000000
 -108.586  -56.917  -56.917  -56.917   -5.180   -0.693   -0.680   -0.680   -0.279   -0.266
    4.459    5.910    5.910    6.951   10.067   10.931   10.931   13.557   14.368   15.785
   16.470   16.470   17.062   19.374   24.001
            0.000000  0.148050  0.000000
 -108.586  -56.917  -56.917  -56.917   -5.178   -0.692   -0.679   -0.679   -0.280   -0.266
    4.443    5.903    5.903    6.966   10.056   10.941   10.941   13.577   14.348   15.787
   16.478   16.478   17.073   19.407   23.973
            0.000000  0.150260  0.000000
 -108.586  -56.917  -56.917  -56.917   -5.176   -0.692   -0.679   -0.679   -0.280   -0.265
    4.427    5.895    5.895    6.981   10.046   10.952   10.952   13.597   14.328   15.789
   16.487   16.487   17.083   19.439   23.945
            0.000000  0.152470  0.000000
 -108.586  -56.917  -56.917  -56.917   -5.175   -0.692   -0.678   -0.678   -0.280   -0.265
    4.410    5.888    5.888    6.997   10.035   10.963   10.963   13.617   14.308   15.790
   16.496   16.496   17.094   19.473   23.917
            0.000000  0.154680  0.000000
 -108.586  -56.917  -56.917  -56.917   -5.173   -0.691   -0.677   -0.677   -0.280   -0.265
    4.394    5.880    5.880    7.012   10.024   10.974   10.974   13.637   14.290   15.792
   16.505   16.505   17.104   19.506   23.888
            0.000000  0.156889  0.000000
 -108.586  -56.917  -56.917  -56.917   -5.171   -0.691   -0.676   -0.676   -0.280   -0.265
    4.378    5.873    5.873    7.027   10.014   10.985   10.985   13.656   14.271   15.794
   16.514   16.514   17.115   19.540   23.860
            0.000000  0.159099  0.000000
 -108.586  -56.917  -56.917  -56.917   -5.169   -0.690   -0.676   -0.676   -0.281   -0.265
    4.362    5.865    5.865    7.042   10.003   10.996   10.996   13.675   14.253   15.795
   16.524   16.524   17.125   19.574   23.831
            0.000000  0.161309  0.000000
 -108.586  -56.917  -56.917  -56.917   -5.167   -0.690   -0.675   -0.675   -0.281   -0.265
    4.345    5.857    5.857    7.057    9.992   11.007   11.007   13.694   14.236   15.797
   16.533   16.533   17.135   19.608   23.802
            0.000000  0.163518  0.000000
 -108.586  -56.917  -56.917  -56.917   -5.165   -0.690   -0.674   -0.674   -0.281   -0.264
    4.329    5.849    5.849    7.072    9.982   11.019   11.019   13.712   14.220   15.799
   16.543   16.543   17.146   19.642   23.773
            0.000000  0.165728  0.000000
 -108.586  -56.917  -56.917  -56.917   -5.163   -0.689   -0.673   -0.673   -0.281   -0.264
    4.313    5.841    5.841    7.087    9.971   11.030   11.030   13.730   14.204   15.801
   16.552   16.552   17.156   19.677   23.743
            0.000000  0.167938  0.000000
 -108.586  -56.917  -56.917  -56.917   -5.161   -0.689   -0.672   -0.672   -0.282   -0.264
    4.296    5.833    5.833    7.102    9.961   11.042   11.042   13.747   14.190   15.802
   16.562   16.562   17.166   19.711   23.714
            0.000000  0.170148  0.000000
 -108.586  -56.917  -56.917  -56.917   -5.159   -0.688   -0.672   -0.672   -0.282   -0.264
    4.280    5.825    5.825    7.117    9.950   11.054   11.054   13.762   14.177   15.804
   16.572   16.572   17.177   19.747   23.684
            0.000000  0.172357  0.000000
 -108.586  -56.917  -56.917  -56.917   -5.157   -0.688   -0.671   -0.671   -0.282   -0.264
    4.263    5.817    5.817    7.132    9.940   11.065   11.065   13.777   14.165   15.806
   16.582   16.582   17.187   19.782   23.654
            0.000000  0.174567  0.000000
 -108.586  -56.917  -56.917  -56.917   -5.155   -0.687   -0.670   -0.670   -0.282   -0.263
    4.247    5.809    5.809    7.147    9.929   11.077   11.077   13.790   14.155   15.808
   16.592   16.592   17.197   19.817   23.624
            0.000000  0.176777  0.000000
 -108.586  -56.917  -56.917  -56.917   -5.153   -0.687   -0.669   -0.669   -0.283   -0.263
    4.231    5.801    5.801    7.161    9.919   11.089   11.089   13.801   14.148   15.810
   16.602   16.602   17.207   19.853   23.594
            0.000000  0.178986  0.000000
 -108.586  -56.917  -56.917  -56.917   -5.151   -0.686   -0.668   -0.668   -0.283   -0.263
    4.214    5.793    5.793    7.176    9.909   11.101   11.101   13.809   14.143   15.812
   16.613   16.613   17.218   19.889   23.564
            0.000000  0.181196  0.000000
 -108.586  -56.917  -56.917  -56.917   -5.149   -0.686   -0.667   -0.667   -0.283   -0.263
    4.198    5.785    5.785    7.191    9.898   11.114   11.114   13.815   14.141   15.814
   16.623   16.623   17.228   19.925   23.534
            0.000000  0.183406  0.000000
 -108.586  -56.917  -56.917  -56.917   -5.147   -0.685   -0.667   -0.667   -0.283   -0.263
    4.181    5.776    5.776    7.205    9.888   11.126   11.126   13.818   14.142   15.815
   16.634   16.634   17.238   19.961   23.503
            0.000000  0.185616  0.000000
 -108.586  -56.917  -56.917  -56.917   -5.145   -0.685   -0.666   -0.666   -0.284   -0.263
    4.165    5.768    5.768    7.220    9.878   11.138   11.138   13.819   14.146   15.817
   16.645   16.645   17.249   19.998   23.473
            0.000000  0.187825  0.000000
 -108.586  -56.917  -56.917  -56.917   -5.143   -0.684   -0.665   -0.665   -0.284   -0.262
    4.148    5.759    5.759    7.234    9.868   11.151   11.151   13.816   14.154   15.819
   16.656   16.656   17.259   20.034   23.442
            0.000000  0.190035  0.000000
 -108.586  -56.917  -56.917  -56.917   -5.140   -0.684   -0.664   -0.664   -0.284   -0.262
    4.132    5.751    5.751    7.249    9.858   11.164   11.164   13.811   14.164   15.821
   16.667   16.667   17.269   20.071   23.411
            0.000000  0.192245  0.000000
 -108.586  -56.917  -56.917  -56.917   -5.138   -0.683   -0.663   -0.663   -0.284   -0.262
    4.116    5.743    5.743    7.263    9.847   11.176   11.176   13.804   14.176   15.823
   16.678   16.678   17.280   20.108   23.381
            0.000000  0.194454  0.000000
 -108.586  -56.917  -56.917  -56.917   -5.136   -0.683   -0.662   -0.662   -0.285   -0.262
    4.099    5.734    5.734    7.278    9.837   11.189   11.189   13.795   14.191   15.826
   16.689   16.689   17.290   20.146   23.350
            0.000000  0.196664  0.000000
 -108.586  -56.917  -56.917  -56.917   -5.134   -0.682   -0.661   -0.661   -0.285   -0.262
    4.083    5.725    5.725    7.292    9.828   11.202   11.202   13.785   14.207   15.828
   16.701   16.701   17.300   20.183   23.319
            0.000000  0.198874  0.000000
 -108.586  -56.917  -56.917  -56.917   -5.131   -0.681   -0.660   -0.660   -0.285   -0.261
    4.066    5.717    5.717    7.306    9.818   11.215   11.215   13.773   14.225   15.830
   16.712   16.712   17.311   20.221   23.288
            0.000000  0.201083  0.000000
 -108.586  -56.917  -56.917  -56.917   -5.129   -0.681   -0.659   -0.659   -0.285   -0.261
    4.050    5.708    5.708    7.320    9.808   11.228   11.228   13.760   14.244   15.832
   16.724   16.724   17.321   20.258   23.257
            0.000000  0.203293  0.000000
 -108.586  -56.917  -56.917  -56.917   -5.127   -0.680   -0.658   -0.658   -0.286   -0.261
    4.033    5.699    5.699    7.334    9.798   11.241   11.241   13.747   14.264   15.834
   16.736   16.736   17.332   20.296   23.226
            0.000000  0.205503  0.000000
 -108.586  -56.917  -56.917  -56.917   -5.125   -0.680   -0.657   -0.657   -0.286   -0.261
    4.017    5.691    5.691    7.348    9.788   11.255   11.255   13.733   14.285   15.836
   16.747   16.747   17.342   20.334   23.195
            0.000000  0.207713  0.000000
 -108.586  -56.917  -56.917  -56.917   -5.122   -0.679   -0.656   -0.656   -0.286   -0.261
    4.000    5.682    5.682    7.362    9.779   11.268   11.268   13.719   14.306   15.838
   16.759   16.759   17.353   20.372   23.163
            0.000000  0.209922  0.000000
 -108.586  -56.917  -56.917  -56.917   -5.120   -0.678   -0.655   -0.655   -0.286   -0.260
    3.984    5.673    5.673    7.376    9.769   11.282   11.282   13.704   14.328   15.841
   16.772   16.772   17.363   20.411   23.132
            0.000000  0.212132  0.000000
 -108.586  -56.917  -56.917  -56.917   -5.117   -0.678   -0.654   -0.654   -0.287   -0.260
    3.967    5.664    5.664    7.390    9.760   11.295   11.295   13.689   14.351   15.843
   16.784   16.784   17.374   20.449   23.101
            0.000000  0.214342  0.000000
 -108.586  -56.917  -56.917  -56.917   -5.115   -0.677   -0.653   -0.653   -0.287   -0.260
    3.951    5.655    5.655    7.403    9.750   11.309   11.309   13.674   14.374   15.845
   16.796   16.796   17.384   20.488   23.069
            0.000000  0.216551  0.000000
 -108.586  -56.917  -56.917  -56.917   -5.113   -0.676   -0.652   -0.652   -0.287   -0.260
    3.935    5.646    5.646    7.417    9.741   11.323   11.323   13.658   14.398   15.847
   16.809   16.809   17.395   20.527   23.038
            0.000000  0.218761  0.000000
 -108.586  -56.917  -56.917  -56.917   -5.110   -0.676   -0.651   -0.651   -0.287   -0.259
    3.918    5.637    5.637    7.430    9.731   11.336   11.336   13.643   14.421   15.850
   16.821   16.821   17.406   20.566   23.006
            0.000000  0.220971  0.000000
 -108.586  -56.917  -56.917  -56.917   -5.108   -0.675   -0.650   -0.650   -0.287   -0.259
    3.902    5.628    5.628    7.444    9.722   11.350   11.350   13.628   14.445   15.852
   16.834   16.834   17.417   20.605   22.975
            0.000000  0.223181  0.000000
 -108.586  -56.917  -56.917  -56.917   -5.105   -0.674   -0.649   -0.649   -0.288   -0.259
    3.885    5.619    5.619    7.457    9.713   11.364   11.364   13.612   14.470   15.854
   16.847   16.847   17.428   20.644   22.943
            0.000000  0.225390  0.000000
 -108.586  -56.917  -56.917  -56.917   -5.103   -0.674   -0.648   -0.648   -0.288   -0.259
    3.869    5.610    5.610    7.470    9.704   11.378   11.378   13.597   14.495   15.857
   16.860   16.860   17.439   20.684   22.912
            0.000000  0.227600  0.000000
 -108.586  -56.917  -56.917  -56.917   -5.100   -0.673   -0.647   -0.647   -0.288   -0.259
    3.852    5.601    5.601    7.483    9.695   11.392   11.392   13.582   14.519   15.859
   16.873   16.873   17.449   20.723   22.880
            0.000000  0.229810  0.000000
 -108.586  -56.917  -56.917  -56.917   -5.098   -0.672   -0.646   -0.646   -0.288   -0.258
    3.836    5.592    5.592    7.496    9.686   11.407   11.407   13.566   14.545   15.861
   16.886   16.886   17.461   20.763   22.849
            0.000000  0.232019  0.000000
 -108.586  -56.917  -56.917  -56.917   -5.095   -0.672   -0.645   -0.645   -0.289   -0.258
    3.820    5.583    5.583    7.509    9.677   11.421   11.421   13.551   14.570   15.864
   16.899   16.899   17.472   20.802   22.817
            0.000000  0.234229  0.000000
 -108.586  -56.917  -56.917  -56.917   -5.093   -0.671   -0.644   -0.644   -0.289   -0.258
    3.803    5.574    5.574    7.522    9.668   11.435   11.435   13.536   14.595   15.866
   16.913   16.913   17.483   20.842   22.785
            0.000000  0.236439  0.000000
 -108.586  -56.917  -56.917  -56.917   -5.090   -0.670   -0.643   -0.643   -0.289   -0.258
    3.787    5.565    5.565    7.535    9.660   11.450   11.450   13.521   14.621   15.869
   16.926   16.926   17.494   20.882   22.754
            0.000000  0.238649  0.000000
 -108.586  -56.917  -56.917  -56.917   -5.087   -0.669   -0.642   -0.642   -0.289   -0.257
    3.770    5.556    5.556    7.547    9.651   11.464   11.464   13.506   14.647   15.871
   16.940   16.940   17.505   20.922   22.722
            0.000000  0.240858  0.000000
 -108.586  -56.917  -56.917  -56.917   -5.085   -0.669   -0.641   -0.641   -0.289   -0.257
    3.754    5.547    5.547    7.560    9.643   11.479   11.479   13.491   14.673   15.874
   16.954   16.954   17.516   20.963   22.690
            0.000000  0.243068  0.000000
 -108.586  -56.917  -56.917  -56.917   -5.082   -0.668   -0.640   -0.640   -0.290   -0.257
    3.738    5.537    5.537    7.572    9.634   11.493   11.493   13.477   14.699   15.876
   16.968   16.968   17.528   21.003   22.659
            0.000000  0.245278  0.000000
 -108.586  -56.917  -56.917  -56.917   -5.080   -0.667   -0.639   -0.639   -0.290   -0.257
    3.721    5.528    5.528    7.584    9.626   11.508   11.508   13.462   14.725   15.879
   16.982   16.982   17.539   21.044   22.627
            0.000000  0.247487  0.000000
 -108.586  -56.917  -56.917  -56.917   -5.077   -0.666   -0.638   -0.638   -0.290   -0.257
    3.705    5.519    5.519    7.597    9.618   11.523   11.523   13.448   14.751   15.881
   16.996   16.996   17.551   21.084   22.595
            0.000000  0.249697  0.000000
 -108.586  -56.917  -56.917  -56.917   -5.074   -0.665   -0.637   -0.637   -0.290   -0.256
    3.689    5.510    5.510    7.609    9.609   11.538   11.538   13.434   14.778   15.884
   17.010   17.010   17.562   21.125   22.563
            0.000000  0.251907  0.000000
 -108.586  -56.917  -56.917  -56.917   -5.072   -0.665   -0.635   -0.635   -0.290   -0.256
    3.672    5.500    5.500    7.621    9.601   11.553   11.553   13.420   14.804   15.887
   17.025   17.025   17.574   21.166   22.532
            0.000000  0.254116  0.000000
 -108.586  -56.917  -56.917  -56.917   -5.069   -0.664   -0.634   -0.634   -0.291   -0.256
    3.656    5.491    5.491    7.632    9.593   11.568   11.568   13.406   14.831   15.889
   17.039   17.039   17.586   21.206   22.500
            0.000000  0.256326  0.000000
 -108.586  -56.917  -56.917  -56.917   -5.066   -0.663   -0.633   -0.633   -0.291   -0.256
    3.640    5.482    5.482    7.644    9.585   11.583   11.583   13.392   14.858   15.892
   17.054   17.054   17.598   21.247   22.468
            0.000000  0.258536  0.000000
 -108.586  -56.917  -56.917  -56.917   -5.063   -0.662   -0.632   -0.632   -0.291   -0.255
    3.623    5.473    5.473    7.656    9.577   11.598   11.598   13.379   14.885   15.894
   17.069   17.069   17.609   21.289   22.436
            0.000000  0.260746  0.000000
 -108.586  -56.917  -56.917  -56.917   -5.061   -0.661   -0.631   -0.631   -0.291   -0.255
    3.607    5.463    5.463    7.667    9.570   11.613   11.613   13.365   14.912   15.897
   17.083   17.083   17.621   21.330   22.405
            0.000000  0.262955  0.000000
 -108.586  -56.917  -56.917  -56.917   -5.058   -0.660   -0.630   -0.630   -0.291   -0.255
    3.591    5.454    5.454    7.678    9.562   11.629   11.629   13.352   14.939   15.900
   17.098   17.098   17.633   21.371   22.373
            0.000000  0.265165  0.000000
 -108.586  -56.917  -56.917  -56.917   -5.055   -0.659   -0.629   -0.629   -0.291   -0.255
    3.574    5.445    5.445    7.689    9.554   11.644   11.644   13.339   14.966   15.903
   17.113   17.113   17.646   21.412   22.341
            0.000000  0.267375  0.000000
 -108.586  -56.917  -56.917  -56.917   -5.052   -0.659   -0.627   -0.627   -0.292   -0.254
    3.558    5.435    5.435    7.700    9.547   11.659   11.659   13.326   14.993   15.905
   17.129   17.129   17.658   21.454   22.310
            0.000000  0.269584  0.000000
 -108.586  -56.917  -56.917  -56.917   -5.050   -0.658   -0.626   -0.626   -0.292   -0.254
    3.542    5.426    5.426    7.711    9.540   11.675   11.675   13.314   15.021   15.908
   17.144   17.144   17.670   21.495   22.278
            0.000000  0.271794  0.000000
 -108.586  -56.917  -56.917  -56.917   -5.047   -0.657   -0.625   -0.625   -0.292   -0.254
    3.526    5.417    5.417    7.722    9.532   11.690   11.690   13.301   15.048   15.911
   17.159   17.159   17.682   21.537   22.246
            0.000000  0.274004  0.000000
 -108.586  -56.917  -56.917  -56.917   -5.044   -0.656   -0.624   -0.624   -0.292   -0.254
    3.509    5.407    5.407    7.733    9.525   11.706   11.706   13.289   15.075   15.914
   17.175   17.175   17.695   21.578   22.215
            0.000000  0.276214  0.000000
 -108.586  -56.917  -56.917  -56.917   -5.041   -0.655   -0.623   -0.623   -0.292   -0.253
    3.493    5.398    5.398    7.743    9.518   11.722   11.722   13.277   15.103   15.916
   17.190   17.190   17.707   21.620   22.183
            0.000000  0.278423  0.000000
 -108.586  -56.917  -56.917  -56.917   -5.038   -0.654   -0.621   -0.621   -0.292   -0.253
    3.477    5.389    5.389    7.754    9.511   11.737   11.737   13.265   15.131   15.919
   17.206   17.206   17.720   21.661   22.151
            0.000000  0.280633  0.000000
 -108.586  -56.917  -56.917  -56.917   -5.035   -0.653   -0.620   -0.620   -0.292   -0.253
    3.461    5.379    5.379    7.764    9.504   11.753   11.753   13.254   15.158   15.922
   17.222   17.222   17.732   21.703   22.120
            0.000000  0.282843  0.000000
 -108.586  -56.917  -56.917  -56.917   -5.032   -0.652   -0.619   -0.619   -0.293   -0.253
    3.445    5.370    5.370    7.774    9.497   11.769   11.769   13.242   15.186   15.925
   17.238   17.238   17.745   21.745   22.088
            0.000000  0.285052  0.000000
 -108.586  -56.917  -56.917  -56.917   -5.030   -0.651   -0.618   -0.618   -0.293   -0.252
    3.428    5.360    5.360    7.784    9.491   11.785   11.785   13.231   15.214   15.928
   17.254   17.254   17.758   21.786   22.057
            0.000000  0.287262  0.000000
 -108.586  -56.917  -56.917  -56.917   -5.027   -0.650   -0.617   -0.617   -0.293   -0.252
    3.412    5.351    5.351    7.794    9.484   11.801   11.801   13.220   15.242   15.931
   17.270   17.270   17.771   21.828   22.025
            0.000000  0.289472  0.000000
 -108.586  -56.917  -56.917  -56.917   -5.024   -0.649   -0.615   -0.615   -0.293   -0.252
    3.396    5.342    5.342    7.803    9.477   11.817   11.817   13.209   15.270   15.934
   17.287   17.287   17.784   21.869   21.993
            0.000000  0.291682  0.000000
 -108.586  -56.917  -56.917  -56.917   -5.021   -0.648   -0.614   -0.614   -0.293   -0.252
    3.380    5.332    5.332    7.813    9.471   11.833   11.833   13.199   15.298   15.937
   17.303   17.303   17.797   21.911   21.962
            0.000000  0.293891  0.000000
 -108.586  -56.917  -56.917  -56.917   -5.018   -0.647   -0.613   -0.613   -0.293   -0.251
    3.364    5.323    5.323    7.822    9.465   11.849   11.849   13.189   15.326   15.940
   17.319   17.319   17.810   21.930   21.930
            0.000000  0.296101  0.000000
 -108.586  -56.917  -56.917  -56.917   -5.015   -0.646   -0.612   -0.612   -0.293   -0.251
    3.348    5.314    5.314    7.831    9.458   11.865   11.865   13.179   15.354   15.943
   17.336   17.336   17.824   21.899   21.899
            0.000000  0.298311  0.000000
 -108.586  -56.917  -56.917  -56.917   -5.012   -0.645   -0.610   -0.610   -0.293   -0.251
    3.332    5.304    5.304    7.840    9.452   11.881   11.881   13.169   15.382   15.945
   17.353   17.353   17.837   21.868   21.868
            0.000000  0.300520  0.000000
 -108.586  -56.917  -56.917  -56.917   -5.009   -0.644   -0.609   -0.609   -0.293   -0.251
    3.316    5.295    5.295    7.849    9.446   11.898   11.898   13.159   15.411   15.949
   17.370   17.370   17.850   21.836   21.836
            0.000000  0.302730  0.000000
 -108.586  -56.917  -56.917  -56.917   -5.006   -0.643   -0.608   -0.608   -0.293   -0.250
    3.300    5.286    5.286    7.858    9.440   11.914   11.914   13.150   15.439   15.952
   17.387   17.387   17.864   21.805   21.805
            0.000000  0.304940  0.000000
 -108.586  -56.917  -56.917  -56.917   -5.003   -0.642   -0.607   -0.607   -0.293   -0.250
    3.284    5.276    5.276    7.866    9.434   11.930   11.930   13.140   15.467   15.955
   17.404   17.404   17.878   21.773   21.773
            0.000000  0.307150  0.000000
 -108.586  -56.917  -56.917  -56.917   -5.000   -0.641   -0.605   -0.605   -0.293   -0.250
    3.268    5.267    5.267    7.875    9.428   11.947   11.947   13.131   15.496   15.958
   17.421   17.421   17.891   21.742   21.742
            0.000000  0.309359  0.000000
 -108.586  -56.917  -56.917  -56.917   -4.997   -0.640   -0.604   -0.604   -0.293   -0.250
    3.252    5.258    5.258    7.883    9.423   11.963   11.963   13.123   15.524   15.961
   17.438   17.438   17.905   21.711   21.711
            0.000000  0.311569  0.000000
 -108.586  -56.917  -56.917  -56.917   -4.994   -0.638   -0.603   -0.603   -0.293   -0.249
    3.236    5.248    5.248    7.891    9.417   11.980   11.980   13.114   15.553   15.964
   17.455   17.455   17.919   21.680   21.680
            0.000000  0.313779  0.000000
 -108.586  -56.917  -56.917  -56.917   -4.991   -0.637   -0.602   -0.602   -0.293   -0.249
    3.220    5.239    5.239    7.899    9.411   11.996   11.996   13.106   15.581   15.967
   17.473   17.473   17.933   21.648   21.648
            0.000000  0.315988  0.000000
 -108.586  -56.917  -56.917  -56.917   -4.988   -0.636   -0.600   -0.600   -0.293   -0.249
    3.204    5.230    5.230    7.907    9.406   12.013   12.013   13.098   15.610   15.970
   17.490   17.490   17.948   21.617   21.617
            0.000000  0.318198  0.000000
 -108.586  -56.917  -56.917  -56.917   -4.985   -0.635   -0.599   -0.599   -0.293   -0.249
    3.188    5.221    5.221    7.914    9.401   12.030   12.030   13.090   15.638   15.973
   17.508   17.508   17.962   21.586   21.586
            0.000000  0.320408  0.000000
 -108.586  -56.917  -56.917  -56.917   -4.982   -0.634   -0.598   -0.598   -0.293   -0.248
    3.172    5.211    5.211    7.922    9.395   12.046   12.046   13.083   15.667   15.976
   17.526   17.526   17.976   21.555   21.555
            0.000000  0.322617  0.000000
 -108.586  -56.917  -56.917  -56.917   -4.979   -0.633   -0.596   -0.596   -0.293   -0.248
    3.156    5.202    5.202    7.929    9.390   12.063   12.063   13.075   15.696   15.979
   17.544   17.544   17.991   21.524   21.524
            0.000000  0.324827  0.000000
 -108.586  -56.917  -56.917  -56.917   -4.976   -0.632   -0.595   -0.595   -0.293   -0.248
    3.140    5.193    5.193    7.936    9.385   12.080   12.080   13.068   15.724   15.983
   17.562   17.562   18.005   21.493   21.493
            0.000000  0.327037  0.000000
 -108.586  -56.917  -56.917  -56.917   -4.973   -0.631   -0.594   -0.594   -0.292   -0.248
    3.124    5.184    5.184    7.943    9.380   12.097   12.097   13.062   15.753   15.986
   17.580   17.580   18.020   21.462   21.462
            0.000000  0.329247  0.000000
 -108.586  -56.917  -56.917  -56.917   -4.970   -0.629   -0.592   -0.592   -0.292   -0.247
    3.108    5.175    5.175    7.950    9.375   12.114   12.114   13.055   15.782   15.989
   17.598   17.598   18.035   21.431   21.431
            0.000000  0.331456  0.000000
 -108.586  -56.917  -56.917  -56.917   -4.967   -0.628   -0.591   -0.591   -0.292   -0.247
    3.092    5.165    5.165    7.957    9.370   12.131   12.131   13.049   15.811   15.992
   17.616   17.616   18.050   21.400   21.400
            0.000000  0.333666  0.000000
 -108.586  -56.917  -56.917  -56.917   -4.964   -0.627   -0.590   -0.590   -0.292   -0.247
    3.077    5.156    5.156    7.963    9.365   12.148   12.148   13.043   15.840   15.996
   17.634   17.634   18.065   21.369   21.369
            0.000000  0.335876  0.000000
 -108.586  -56.917  -56.917  -56.917   -4.960   -0.626   -0.588   -0.588   -0.292   -0.247
    3.061    5.147    5.147    7.969    9.361   12.165   12.165   13.037   15.868   15.999
   17.653   17.653   18.080   21.338   21.338
            0.000000  0.338085  0.000000
 -108.586  -56.917  -56.917  -56.917   -4.957   -0.625   -0.587   -0.587   -0.292   -0.246
    3.045    5.138    5.138    7.976    9.356   12.182   12.182   13.031   15.897   16.002
   17.671   17.671   18.095   21.308   21.308
            0.000000  0.340295  0.000000
 -108.586  -56.917  -56.917  -56.917   -4.954   -0.623   -0.586   -0.586   -0.291   -0.246
    3.029    5.129    5.129    7.982    9.351   12.199   12.199   13.026   15.926   16.005
   17.690   17.690   18.110   21.277   21.277
            0.000000  0.342505  0.000000
 -108.586  -56.917  -56.917  -56.917   -4.951   -0.622   -0.585   -0.585   -0.291   -0.246
    3.014    5.120    5.120    7.987    9.347   12.216   12.216   13.021   15.955   16.009
   17.709   17.709   18.126   21.246   21.246
            0.000000  0.344715  0.000000
 -108.586  -56.917  -56.917  -56.917   -4.948   -0.621   -0.583   -0.583   -0.291   -0.245
    2.998    5.111    5.111    7.993    9.343   12.233   12.233   13.016   15.984   16.012
   17.728   17.728   18.141   21.216   21.216
            0.000000  0.346924  0.000000
 -108.586  -56.917  -56.917  -56.917   -4.945   -0.620   -0.582   -0.582   -0.291   -0.245
    2.982    5.102    5.102    7.999    9.338   12.251   12.251   13.011   16.013   16.015
   17.746   17.746   18.157   21.185   21.185
            0.000000  0.349134  0.000000
 -108.586  -56.917  -56.917  -56.917   -4.942   -0.618   -0.581   -0.581   -0.290   -0.245
    2.967    5.093    5.093    8.004    9.334   12.268   12.268   13.007   16.019   16.042
   17.765   17.765   18.173   21.155   21.155
            0.000000  0.351344  0.000000
 -108.586  -56.917  -56.917  -56.917   -4.939   -0.617   -0.579   -0.579   -0.290   -0.245
    2.951    5.084    5.084    8.009    9.330   12.285   12.285   13.003   16.022   16.071
   17.785   17.785   18.188   21.124   21.124
            0.000000  0.353553  0.000000
 -108.586  -56.917  -56.917  -56.917   -4.936   -0.616   -0.578   -0.578   -0.290   -0.244
    2.935    5.075    5.075    8.014    9.326   12.303   12.303   12.999   16.025   16.099
   17.804   17.804   18.204   21.094   21.094
            0.000000  0.355763  0.000000
 -108.586  -56.917  -56.917  -56.917   -4.932   -0.615   -0.576   -0.576   -0.289   -0.244
    2.920    5.066    5.066    8.019    9.321   12.320   12.320   12.996   16.029   16.128
   17.823   17.823   18.221   21.063   21.063
            0.000000  0.357973  0.000000
 -108.586  -56.917  -56.917  -56.917   -4.929   -0.613   -0.575   -0.575   -0.289   -0.244
    2.904    5.057    5.057    8.024    9.317   12.337   12.337   12.992   16.032   16.157
   17.842   17.842   18.237   21.033   21.033
            0.000000  0.360183  0.000000
 -108.586  -56.917  -56.917  -56.917   -4.926   -0.612   -0.574   -0.574   -0.289   -0.244
    2.889    5.048    5.048    8.029    9.313   12.355   12.355   12.989   16.035   16.186
   17.862   17.862   18.253   21.003   21.003
            0.000000  0.362392  0.000000
 -108.586  -56.917  -56.917  -56.917   -4.923   -0.611   -0.572   -0.572   -0.288   -0.243
    2.873    5.039    5.039    8.033    9.310   12.372   12.372   12.987   16.039   16.215
   17.881   17.881   18.270   20.973   20.973
            0.000000  0.364602  0.000000
 -108.586  -56.917  -56.917  -56.917   -4.920   -0.610   -0.571   -0.571   -0.288   -0.243
    2.858    5.030    5.030    8.037    9.306   12.390   12.390   12.984   16.042   16.244
   17.901   17.901   18.286   20.943   20.943
            0.000000  0.366812  0.000000
 -108.586  -56.917  -56.917  -56.917   -4.917   -0.608   -0.570   -0.570   -0.287   -0.243
    2.842    5.021    5.021    8.042    9.302   12.408   12.408   12.982   16.046   16.273
   17.921   17.921   18.303   20.913   20.913
            0.000000  0.369021  0.000000
 -108.586  -56.917  -56.917  -56.917   -4.914   -0.607   -0.568   -0.568   -0.287   -0.243
    2.827    5.012    5.012    8.046    9.298   12.425   12.425   12.980   16.049   16.302
   17.940   17.940   18.320   20.883   20.883
            0.000000  0.371231  0.000000
 -108.586  -56.917  -56.917  -56.917   -4.911   -0.606   -0.567   -0.567   -0.286   -0.242
    2.811    5.004    5.004    8.050    9.294   12.443   12.443   12.978   16.053   16.330
   17.960   17.960   18.337   20.853   20.853
            0.000000  0.373441  0.000000
 -108.586  -56.917  -56.917  -56.917   -4.907   -0.605   -0.566   -0.566   -0.286   -0.242
    2.796    4.995    4.995    8.053    9.291   12.461   12.461   12.976   16.056   16.359
   17.980   17.980   18.354   20.823   20.823
            0.000000  0.375650  0.000000
 -108.586  -56.917  -56.917  -56.917   -4.904   -0.603   -0.564   -0.564   -0.285   -0.242
    2.781    4.986    4.986    8.057    9.287   12.478   12.478   12.975   16.059   16.388
   18.000   18.000   18.371   20.793   20.793
            0.000000  0.377860  0.000000
 -108.586  -56.917  -56.917  -56.917   -4.901   -0.602   -0.563   -0.563   -0.284   -0.242
    2.765    4.978    4.978    8.060    9.284   12.496   12.496   12.974   16.063   16.417
   18.020   18.020   18.388   20.764   20.764
            0.000000  0.380070  0.000000
 -108.586  -56.917  -56.917  -56.917   -4.898   -0.601   -0.562   -0.562   -0.284   -0.241
    2.750    4.969    4.969    8.064    9.280   12.514   12.514   12.973   16.066   16.446
   18.040   18.040   18.406   20.734   20.734
            0.000000  0.382280  0.000000
 -108.586  -56.917  -56.917  -56.917   -4.895   -0.599   -0.560   -0.560   -0.283   -0.241
    2.735    4.960    4.960    8.067    9.277   12.532   12.532   12.973   16.070   16.474
   18.061   18.061   18.423   20.704   20.704
            0.000000  0.384489  0.000000
 -108.586  -56.917  -56.917  -56.917   -4.892   -0.598   -0.559   -0.559   -0.282   -0.241
    2.719    4.952    4.952    8.070    9.273   12.549   12.549   12.973   16.073   16.503
   18.081   18.081   18.441   20.675   20.675
            0.000000  0.386699  0.000000
 -108.586  -56.917  -56.917  -56.917   -4.889   -0.597   -0.557   -0.557   -0.282   -0.240
    2.704    4.943    4.943    8.073    9.270   12.567   12.567   12.973   16.077   16.532
   18.101   18.101   18.459   20.646   20.646
            0.000000  0.388909  0.000000
 -108.586  -56.917  -56.917  -56.917   -4.885   -0.596   -0.556   -0.556   -0.281   -0.240
    2.689    4.935    4.935    8.076    9.266   12.585   12.585   12.973   16.080   16.560
   18.122   18.122   18.477   20.616   20.616
            0.000000  0.391118  0.000000
 -108.586  -56.917  -56.917  -56.917   -4.882   -0.594   -0.555   -0.555   -0.280   -0.240
    2.674    4.926    4.926    8.079    9.263   12.603   12.603   12.973   16.084   16.589
   18.142   18.142   18.495   20.587   20.587
            0.000000  0.393328  0.000000
 -108.586  -56.917  -56.917  -56.917   -4.879   -0.593   -0.553   -0.553   -0.279   -0.240
    2.659    4.918    4.918    8.081    9.260   12.621   12.621   12.974   16.088   16.617
   18.162   18.162   18.513   20.558   20.558
            0.000000  0.395538  0.000000
 -108.586  -56.917  -56.917  -56.917   -4.876   -0.592   -0.552   -0.552   -0.279   -0.239
    2.644    4.909    4.909    8.084    9.256   12.639   12.639   12.975   16.091   16.646
   18.183   18.183   18.532   20.529   20.529
            0.000000  0.397748  0.000000
 -108.586  -56.917  -56.917  -56.917   -4.873   -0.591   -0.551   -0.551   -0.278   -0.239
    2.628    4.901    4.901    8.086    9.253   12.657   12.657   12.976   16.095   16.674
   18.204   18.204   18.550   20.500   20.500
            0.000000  0.399957  0.000000
 -108.586  -56.917  -56.917  -56.917   -4.870   -0.589   -0.549   -0.549   -0.277   -0.239
    2.613    4.892    4.892    8.088    9.250   12.675   12.675   12.978   16.098   16.702
   18.224   18.224   18.569   20.472   20.472
            0.000000  0.402167  0.000000
 -108.586  -56.917  -56.917  -56.917   -4.867   -0.588   -0.548   -0.548   -0.276   -0.239
    2.598    4.884    4.884    8.091    9.246   12.693   12.693   12.979   16.102   16.730
   18.245   18.245   18.587   20.443   20.443
            0.000000  0.404377  0.000000
 -108.586  -56.917  -56.917  -56.917   -4.864   -0.587   -0.547   -0.547   -0.275   -0.238
    2.583    4.876    4.876    8.093    9.243   12.711   12.711   12.981   16.105   16.759
   18.266   18.266   18.606   20.414   20.414
            0.000000  0.406586  0.000000
 -108.586  -56.917  -56.917  -56.917   -4.860   -0.586   -0.545   -0.545   -0.274   -0.238
    2.568    4.868    4.868    8.095    9.240   12.729   12.729   12.984   16.109   16.787
   18.286   18.286   18.625   20.386   20.386
            0.000000  0.408796  0.000000
 -108.586  -56.917  -56.917  -56.917   -4.857   -0.584   -0.544   -0.544   -0.273   -0.238
    2.554    4.859    4.859    8.096    9.237   12.748   12.748   12.986   16.113   16.815
   18.307   18.307   18.645   20.358   20.358
            0.000000  0.411006  0.000000
 -108.586  -56.917  -56.917  -56.917   -4.854   -0.583   -0.542   -0.542   -0.272   -0.238
    2.539    4.851    4.851    8.098    9.234   12.766   12.766   12.989   16.116   16.842
   18.328   18.328   18.664   20.329   20.329
            0.000000  0.413216  0.000000
 -108.586  -56.917  -56.917  -56.917   -4.851   -0.582   -0.541   -0.541   -0.271   -0.237
    2.524    4.843    4.843    8.100    9.230   12.784   12.784   12.992   16.120   16.870
   18.349   18.349   18.683   20.301   20.301
            0.000000  0.415425  0.000000
 -108.586  -56.917  -56.917  -56.917   -4.848   -0.581   -0.540   -0.540   -0.269   -0.237
    2.509    4.835    4.835    8.101    9.227   12.802   12.802   12.995   16.123   16.898
   18.370   18.370   18.703   20.273   20.273
            0.000000  0.417635  0.000000
 -108.586  -56.917  -56.917  -56.917   -4.845   -0.579   -0.538   -0.538   -0.268   -0.237
    2.494    4.827    4.827    8.103    9.224   12.820   12.820   12.998   16.127   16.926
   18.391   18.391   18.722   20.246   20.246
            0.000000  0.419845  0.000000
 -108.586  -56.917  -56.917  -56.917   -4.842   -0.578   -0.537   -0.537   -0.267   -0.237
    2.479    4.819    4.819    8.104    9.221   12.839   12.839   13.002   16.130   16.953
   18.411   18.411   18.742   20.218   20.218
            0.000000  0.422054  0.000000
 -108.586  -56.917  -56.917  -56.917   -4.839   -0.577   -0.536   -0.536   -0.266   -0.236
    2.465    4.811    4.811    8.106    9.218   12.857   12.857   13.005   16.134   16.980
   18.432   18.432   18.762   20.190   20.190
            0.000000  0.424264  0.000000
 -108.586  -56.917  -56.917  -56.917   -4.836   -0.576   -0.534   -0.534   -0.264   -0.236
    2.450    4.803    4.803    8.107    9.215   12.875   12.875   13.010   16.138   17.008
   18.453   18.453   18.782   20.163   20.163
            0.000000  0.426474  0.000000
 -108.586  -56.917  -56.917  -56.917   -4.833   -0.575   -0.533   -0.533   -0.263   -0.236
    2.435    4.795    4.795    8.108    9.211   12.893   12.893   13.014   16.141   17.035
   18.474   18.474   18.803   20.136   20.136
            0.000000  0.428683  0.000000
 -108.586  -56.917  -56.917  -56.917   -4.830   -0.573   -0.532   -0.532   -0.262   -0.236
    2.421    4.787    4.787    8.109    9.208   12.912   12.912   13.018   16.145   17.062
   18.495   18.495   18.823   20.109   20.109
            0.000000  0.430893  0.000000
 -108.586  -56.917  -56.917  -56.917   -4.827   -0.572   -0.530   -0.530   -0.260   -0.235
    2.406    4.779    4.779    8.110    9.205   12.930   12.930   13.023   16.149   17.089
   18.515   18.515   18.844   20.082   20.082
            0.000000  0.433103  0.000000
 -108.586  -56.917  -56.917  -56.917   -4.824   -0.571   -0.529   -0.529   -0.259   -0.235
    2.391    4.772    4.772    8.111    9.202   12.949   12.949   13.028   16.152   17.116
   18.536   18.536   18.864   20.056   20.056
            0.000000  0.435313  0.000000
 -108.586  -56.917  -56.917  -56.917   -4.821   -0.570   -0.528   -0.528   -0.257   -0.235
    2.377    4.764    4.764    8.112    9.199   12.967   12.967   13.033   16.156   17.142
   18.556   18.556   18.885   20.030   20.030
            0.000000  0.437522  0.000000
 -108.586  -56.917  -56.917  -56.917   -4.818   -0.569   -0.526   -0.526   -0.256   -0.235
    2.362    4.756    4.756    8.112    9.196   12.985   12.985   13.038   16.159   17.169
   18.577   18.577   18.906   20.004   20.004
            0.000000  0.439732  0.000000
 -108.586  -56.917  -56.917  -56.917   -4.815   -0.568   -0.525   -0.525   -0.254   -0.234
    2.348    4.749    4.749    8.113    9.192   13.004   13.004   13.044   16.163   17.195
   18.597   18.597   18.927   19.978   19.978
            0.000000  0.441942  0.000000
 -108.586  -56.917  -56.917  -56.917   -4.812   -0.566   -0.524   -0.524   -0.252   -0.234
    2.334    4.741    4.741    8.114    9.189   13.022   13.022   13.050   16.167   17.221
   18.617   18.617   18.948   19.952   19.952
            0.000000  0.444151  0.000000
 -108.586  -56.917  -56.917  -56.917   -4.809   -0.565   -0.522   -0.522   -0.251   -0.234
    2.319    4.733    4.733    8.114    9.186   13.041   13.041   13.056   16.170   17.247
   18.637   18.637   18.970   19.927   19.927
            0.000000  0.446361  0.000000
 -108.586  -56.917  -56.917  -56.917   -4.806   -0.564   -0.521   -0.521   -0.249   -0.234
    2.305    4.726    4.726    8.115    9.183   13.059   13.059   13.062   16.174   17.272
   18.657   18.657   18.991   19.903   19.903
            0.000000  0.448571  0.000000
 -108.586  -56.917  -56.917  -56.917   -4.803   -0.563   -0.520   -0.520   -0.247   -0.233
    2.291    4.718    4.718    8.115    9.180   13.068   13.077   13.077   16.178   17.298
   18.677   18.677   19.013   19.878   19.878
            0.000000  0.450781  0.000000
 -108.586  -56.917  -56.917  -56.917   -4.800   -0.562   -0.518   -0.518   -0.245   -0.233
    2.276    4.711    4.711    8.115    9.177   13.075   13.096   13.096   16.181   17.323
   18.696   18.696   19.034   19.854   19.854
            0.000000  0.452990  0.000000
 -108.586  -56.917  -56.917  -56.917   -4.797   -0.561   -0.517   -0.517   -0.243   -0.233
    2.262    4.704    4.704    8.116    9.173   13.082   13.114   13.114   16.185   17.348
   18.715   18.715   19.056   19.831   19.831
            0.000000  0.455200  0.000000
 -108.586  -56.917  -56.917  -56.917   -4.794   -0.560   -0.516   -0.516   -0.241   -0.233
    2.248    4.696    4.696    8.116    9.170   13.089   13.133   13.133   16.188   17.373
   18.734   18.734   19.078   19.808   19.808
            0.000000  0.457410  0.000000
 -108.586  -56.917  -56.917  -56.917   -4.791   -0.559   -0.514   -0.514   -0.239   -0.232
    2.234    4.689    4.689    8.116    9.167   13.096   13.151   13.151   16.192   17.398
   18.752   18.752   19.100   19.785   19.785
            0.000000  0.459619  0.000000
 -108.586  -56.917  -56.917  -56.917   -4.788   -0.558   -0.513   -0.513   -0.237   -0.232
    2.220    4.682    4.682    8.116    9.164   13.103   13.170   13.170   16.196   17.422
   18.770   18.770   19.122   19.763   19.763
            0.000000  0.461829  0.000000
 -108.586  -56.917  -56.917  -56.917   -4.785   -0.557   -0.512   -0.512   -0.235   -0.232
    2.206    4.675    4.675    8.117    9.160   13.111   13.188   13.188   16.199   17.446
   18.787   18.787   19.145   19.742   19.742
            0.000000  0.464039  0.000000
 -108.586  -56.917  -56.917  -56.917   -4.782   -0.556   -0.510   -0.510   -0.233   -0.232
    2.192    4.667    4.667    8.117    9.157   13.118   13.207   13.207   16.203   17.470
   18.803   18.803   19.167   19.722   19.722
            0.000000  0.466249  0.000000
 -108.586  -56.917  -56.917  -56.917   -4.779   -0.555   -0.509   -0.509   -0.232   -0.231
    2.178    4.660    4.660    8.117    9.154   13.126   13.225   13.225   16.206   17.494
   18.819   18.819   19.190   19.702   19.702
            0.000000  0.468458  0.000000
 -108.586  -56.917  -56.917  -56.917   -4.776   -0.554   -0.508   -0.508   -0.231   -0.229
    2.164    4.653    4.653    8.117    9.151   13.134   13.244   13.244   16.210   17.517
   18.835   18.835   19.212   19.684   19.684
            0.000000  0.470668  0.000000
 -108.586  -56.917  -56.917  -56.917   -4.774   -0.553   -0.507   -0.507   -0.231   -0.227
    2.150    4.646    4.646    8.117    9.147   13.142   13.262   13.262   16.214   17.540
   18.849   18.849   19.235   19.666   19.666
            0.000000  0.472878  0.000000
 -108.586  -56.917  -56.917  -56.917   -4.771   -0.552   -0.505   -0.505   -0.231   -0.224
    2.136    4.639    4.639    8.117    9.144   13.151   13.281   13.281   16.217   17.563
   18.862   18.862   19.258   19.650   19.650
            0.000000  0.475087  0.000000
 -108.586  -56.917  -56.917  -56.917   -4.768   -0.551   -0.504   -0.504   -0.231   -0.222
    2.122    4.632    4.632    8.117    9.141   13.159   13.299   13.299   16.221   17.585
   18.874   18.874   19.281   19.635   19.635
            0.000000  0.477297  0.000000
 -108.586  -56.917  -56.917  -56.917   -4.765   -0.551   -0.503   -0.503   -0.230   -0.220
    2.109    4.626    4.626    8.116    9.137   13.168   13.318   13.318   16.224   17.607
   18.885   18.885   19.304   19.621   19.621
            0.000000  0.479507  0.000000
 -108.586  -56.917  -56.917  -56.917   -4.762   -0.550   -0.501   -0.501   -0.230   -0.217
    2.095    4.619    4.619    8.116    9.134   13.177   13.337   13.337   16.228   17.629
   18.894   18.894   19.327   19.609   19.609
            0.000000  0.481716  0.000000
 -108.586  -56.917  -56.917  -56.917   -4.760   -0.549   -0.500   -0.500   -0.230   -0.215
    2.081    4.612    4.612    8.116    9.131   13.186   13.355   13.355   16.231   17.650
   18.902   18.902   19.350   19.599   19.599
            0.000000  0.483926  0.000000
 -108.586  -56.917  -56.917  -56.917   -4.757   -0.548   -0.499   -0.499   -0.230   -0.212
    2.068    4.605    4.605    8.116    9.127   13.195   13.374   13.374   16.235   17.671
   18.908   18.908   19.373   19.590   19.590
            0.000000  0.486136  0.000000
 -108.586  -56.917  -56.917  -56.917   -4.754   -0.547   -0.498   -0.498   -0.230   -0.209
    2.054    4.599    4.599    8.116    9.124   13.204   13.392   13.392   16.238   17.692
   18.913   18.913   19.396   19.584   19.584
            0.000000  0.488346  0.000000
 -108.586  -56.917  -56.917  -56.917   -4.751   -0.546   -0.496   -0.496   -0.229   -0.207
    2.041    4.592    4.592    8.115    9.121   13.214   13.411   13.411   16.242   17.712
   18.915   18.915   19.420   19.579   19.579
            0.000000  0.490555  0.000000
 -108.586  -56.917  -56.917  -56.917   -4.749   -0.546   -0.495   -0.495   -0.229   -0.204
    2.027    4.586    4.586    8.115    9.117   13.223   13.429   13.429   16.245   17.731
   18.916   18.916   19.443   19.577   19.577
            0.000000  0.492765  0.000000
 -108.586  -56.917  -56.917  -56.917   -4.746   -0.545   -0.494   -0.494   -0.229   -0.201
    2.014    4.579    4.579    8.115    9.114   13.233   13.447   13.447   16.249   17.751
   18.914   18.914   19.466   19.576   19.576
            0.000000  0.494975  0.000000
 -108.586  -56.917  -56.917  -56.917   -4.743   -0.544   -0.493   -0.493   -0.229   -0.199
    2.001    4.573    4.573    8.114    9.110   13.243   13.466   13.466   16.252   17.770
   18.911   18.911   19.489   19.578   19.578
            0.000000  0.497184  0.000000
 -108.586  -56.917  -56.917  -56.917   -4.741   -0.543   -0.492   -0.492   -0.228   -0.196
    1.987    4.566    4.566    8.114    9.107   13.253   13.484   13.484   16.256   17.788
   18.905   18.905   19.512   19.582   19.582
            0.000000  0.499394  0.000000
 -108.586  -56.917  -56.917  -56.917   -4.738   -0.543   -0.490   -0.490   -0.228   -0.193
    1.974    4.560    4.560    8.114    9.104   13.263   13.503   13.503   16.259   17.806
   18.898   18.898   19.535   19.588   19.588
            0.000000  0.501604  0.000000
 -108.586  -56.917  -56.917  -56.917   -4.735   -0.542   -0.489   -0.489   -0.228   -0.190
    1.961    4.554    4.554    8.113    9.100   13.273   13.521   13.521   16.263   17.823
   18.889   18.889   19.558   19.596   19.596
            0.000000  0.503814  0.000000
 -108.586  -56.917  -56.917  -56.917   -4.733   -0.541   -0.488   -0.488   -0.228   -0.187
    1.948    4.548    4.548    8.113    9.097   13.283   13.540   13.540   16.266   17.840
   18.879   18.879   19.581   19.605   19.605
            0.000000  0.506023  0.000000
 -108.586  -56.917  -56.917  -56.917   -4.730   -0.541   -0.487   -0.487   -0.228   -0.184
    1.935    4.542    4.542    8.113    9.093   13.293   13.558   13.558   16.270   17.856
   18.867   18.867   19.603   19.616   19.616
            0.000000  0.508233  0.000000
 -108.586  -56.917  -56.917  -56.917   -4.727   -0.540   -0.486   -0.486   -0.227   -0.181
    1.922    4.535    4.535    8.112    9.090   13.304   13.576   13.576   16.273   17.872
   18.854   18.854   19.625   19.629   19.629
            0.000000  0.510443  0.000000
 -108.586  -56.917  -56.917  -56.917   -4.725   -0.539   -0.485   -0.485   -0.227   -0.178
    1.909    4.529    4.529    8.112    9.087   13.314   13.595   13.595   16.276   17.887
   18.840   18.840   19.643   19.643   19.647
            0.000000  0.512652  0.000000
 -108.586  -56.917  -56.917  -56.917   -4.722   -0.539   -0.483   -0.483   -0.227   -0.175
    1.896    4.523    4.523    8.111    9.083   13.325   13.613   13.613   16.280   17.902
   18.824   18.824   19.658   19.658   19.669
            0.000000  0.514862  0.000000
 -108.586  -56.917  -56.917  -56.917   -4.720   -0.538   -0.482   -0.482   -0.227   -0.172
    1.883    4.518    4.518    8.111    9.080   13.336   13.631   13.631   16.283   17.916
   18.808   18.808   19.674   19.674   19.689
            0.000000  0.517072  0.000000
 -108.586  -56.917  -56.917  -56.917   -4.717   -0.538   -0.481   -0.481   -0.227   -0.168
    1.871    4.512    4.512    8.110    9.076   13.347   13.650   13.650   16.287   17.929
   18.791   18.791   19.691   19.691   19.710
            0.000000  0.519282  0.000000
 -108.586  -56.917  -56.917  -56.917   -4.715   -0.537   -0.480   -0.480   -0.226   -0.165
    1.858    4.506    4.506    8.110    9.073   13.358   13.668   13.668   16.290   17.942
   18.773   18.773   19.709   19.709   19.730
            0.000000  0.521491  0.000000
 -108.586  -56.917  -56.917  -56.917   -4.712   -0.537   -0.479   -0.479   -0.226   -0.162
    1.845    4.500    4.500    8.109    9.069   13.369   13.686   13.686   16.293   17.954
   18.755   18.755   19.728   19.728   19.749
            0.000000  0.523701  0.000000
 -108.586  -56.917  -56.917  -56.917   -4.710   -0.536   -0.478   -0.478   -0.226   -0.158
    1.833    4.494    4.494    8.109    9.066   13.380   13.704   13.704   16.297   17.965
   18.736   18.736   19.747   19.747   19.767
            0.000000  0.525911  0.000000
 -108.586  -56.917  -56.917  -56.917   -4.708   -0.536   -0.477   -0.477   -0.226   -0.155
    1.820    4.489    4.489    8.108    9.063   13.391   13.723   13.723   16.300   17.976
   18.716   18.716   19.767   19.767   19.785
            0.000000  0.528120  0.000000
 -108.586  -56.917  -56.917  -56.917   -4.705   -0.535   -0.475   -0.475   -0.226   -0.152
    1.808    4.483    4.483    8.108    9.059   13.402   13.741   13.741   16.303   17.986
   18.697   18.697   19.788   19.788   19.801
            0.000000  0.530330  0.000000
 -108.586  -56.917  -56.917  -56.917   -4.703   -0.535   -0.474   -0.474   -0.225   -0.148
    1.796    4.478    4.478    8.107    9.056   13.414   13.759   13.759   16.306   17.996
   18.677   18.677   19.809   19.809   19.817
            0.000000  0.532540  0.000000
 -108.586  -56.917  -56.917  -56.917   -4.700   -0.534   -0.473   -0.473   -0.225   -0.145
    1.783    4.472    4.472    8.107    9.052   13.425   13.777   13.777   16.310   18.005
   18.656   18.656   19.830   19.830   19.832
            0.000000  0.534750  0.000000
 -108.586  -56.917  -56.917  -56.917   -4.698   -0.534   -0.472   -0.472   -0.225   -0.141
    1.771    4.467    4.467    8.106    9.049   13.436   13.795   13.795   16.313   18.013
   18.636   18.636   19.846   19.852   19.852
            0.000000  0.536959  0.000000
 -108.586  -56.917  -56.917  -56.917   -4.696   -0.533   -0.471   -0.471   -0.225   -0.138
    1.759    4.462    4.462    8.106    9.045   13.448   13.813   13.813   16.316   18.020
   18.615   18.615   19.859   19.874   19.874
            0.000000  0.539169  0.000000
 -108.586  -56.917  -56.917  -56.917   -4.694   -0.533   -0.470   -0.470   -0.225   -0.134
    1.747    4.456    4.456    8.105    9.042   13.459   13.831   13.831   16.319   18.027
   18.594   18.594   19.872   19.897   19.897
            0.000000  0.541379  0.000000
 -108.586  -56.917  -56.917  -56.917   -4.691   -0.532   -0.469   -0.469   -0.225   -0.130
    1.735    4.451    4.451    8.105    9.039   13.471   13.848   13.848   16.322   18.033
   18.573   18.573   19.884   19.920   19.920
            0.000000  0.543588  0.000000
 -108.586  -56.917  -56.917  -56.917   -4.689   -0.532   -0.468   -0.468   -0.224   -0.127
    1.723    4.446    4.446    8.104    9.035   13.482   13.866   13.866   16.325   18.038
   18.552   18.552   19.895   19.943   19.943
            0.000000  0.545798  0.000000
 -108.586  -56.917  -56.917  -56.917   -4.687   -0.531   -0.467   -0.467   -0.224   -0.123
    1.711    4.441    4.441    8.104    9.032   13.494   13.884   13.884   16.328   18.043
   18.531   18.531   19.906   19.966   19.966
            0.000000  0.548008  0.000000
 -108.586  -56.917  -56.917  -56.917   -4.685   -0.531   -0.466   -0.466   -0.224   -0.119
    1.700    4.436    4.436    8.104    9.029   13.506   13.902   13.902   16.331   18.047
   18.509   18.509   19.917   19.990   19.990
            0.000000  0.550217  0.000000
 -108.586  -56.917  -56.917  -56.917   -4.682   -0.531   -0.465   -0.465   -0.224   -0.116
    1.688    4.431    4.431    8.103    9.025   13.517   13.919   13.919   16.335   18.050
   18.488   18.488   19.927   20.013   20.013
            0.000000  0.552427  0.000000
 -108.586  -56.917  -56.917  -56.917   -4.680   -0.530   -0.464   -0.464   -0.224   -0.112
    1.676    4.426    4.426    8.103    9.022   13.529   13.937   13.937   16.338   18.053
   18.467   18.467   19.938   20.037   20.037
            0.000000  0.554637  0.000000
 -108.586  -56.917  -56.917  -56.917   -4.678   -0.530   -0.463   -0.463   -0.223   -0.108
    1.665    4.421    4.421    8.102    9.019   13.541   13.954   13.954   16.341   18.055
   18.445   18.445   19.949   20.061   20.061
            0.000000  0.556847  0.000000
 -108.586  -56.917  -56.917  -56.917   -4.676   -0.530   -0.462   -0.462   -0.223   -0.104
    1.653    4.416    4.416    8.102    9.016   13.552   13.972   13.972   16.344   18.056
   18.424   18.424   19.959   20.086   20.086
            0.000000  0.559056  0.000000
 -108.586  -56.917  -56.917  -56.917   -4.674   -0.529   -0.461   -0.461   -0.223   -0.100
    1.642    4.412    4.412    8.101    9.012   13.564   13.989   13.989   16.346   18.057
   18.403   18.403   19.970   20.110   20.110
            0.000000  0.561266  0.000000
 -108.586  -56.917  -56.917  -56.917   -4.672   -0.529   -0.460   -0.460   -0.223   -0.097
    1.631    4.407    4.407    8.101    9.009   13.576   14.006   14.006   16.349   18.057
   18.382   18.382   19.982   20.135   20.135
            0.000000  0.563476  0.000000
 -108.586  -56.917  -56.917  -56.917   -4.670   -0.529   -0.459   -0.459   -0.223   -0.093
    1.620    4.403    4.403    8.100    9.006   13.587   14.024   14.024   16.352   18.056
   18.360   18.360   19.993   20.159   20.159
            0.000000  0.565685  0.000000
 -108.586  -56.917  -56.917  -56.917   -4.668   -0.529   -0.458   -0.458   -0.223   -0.089
    1.609    4.398    4.398    8.100    9.003   13.599   14.041   14.041   16.355   18.055
   18.339   18.339   20.005   20.184   20.184
            0.000000  0.567895  0.000000
 -108.586  -56.917  -56.917  -56.917   -4.666   -0.528   -0.457   -0.457   -0.223   -0.085
    1.598    4.394    4.394    8.099    8.999   13.611   14.058   14.058   16.358   18.054
   18.318   18.318   20.018   20.209   20.209
            0.000000  0.570105  0.000000
 -108.586  -56.917  -56.917  -56.917   -4.664   -0.528   -0.456   -0.456   -0.222   -0.081
    1.587    4.389    4.389    8.099    8.996   13.622   14.075   14.075   16.361   18.052
   18.297   18.297   20.030   20.234   20.234
            0.000000  0.572315  0.000000
 -108.586  -56.917  -56.917  -56.917   -4.662   -0.528   -0.456   -0.456   -0.222   -0.077
    1.576    4.385    4.385    8.098    8.993   13.634   14.092   14.092   16.363   18.049
   18.277   18.277   20.044   20.259   20.259
            0.000000  0.574524  0.000000
 -108.586  -56.917  -56.917  -56.917   -4.660   -0.527   -0.455   -0.455   -0.222   -0.073
    1.565    4.381    4.381    8.098    8.990   13.645   14.108   14.108   16.366   18.046
   18.256   18.256   20.057   20.284   20.284
            0.000000  0.576734  0.000000
 -108.586  -56.917  -56.917  -56.917   -4.658   -0.527   -0.454   -0.454   -0.222   -0.069
    1.555    4.376    4.376    8.097    8.987   13.657   14.125   14.125   16.369   18.042
   18.235   18.235   20.071   20.309   20.309
            0.000000  0.578944  0.000000
 -108.586  -56.917  -56.917  -56.917   -4.657   -0.527   -0.453   -0.453   -0.222   -0.065
    1.544    4.372    4.372    8.097    8.984   13.668   14.142   14.142   16.372   18.038
   18.215   18.215   20.086   20.334   20.334
            0.000000  0.581153  0.000000
 -108.586  -56.917  -56.917  -56.917   -4.655   -0.527   -0.452   -0.452   -0.222   -0.061
    1.534    4.368    4.368    8.097    8.981   13.680   14.158   14.158   16.374   18.034
   18.195   18.195   20.101   20.359   20.359
            0.000000  0.583363  0.000000
 -108.586  -56.917  -56.917  -56.917   -4.653   -0.527   -0.451   -0.451   -0.222   -0.057
    1.523    4.364    4.364    8.096    8.978   13.691   14.174   14.174   16.377   18.029
   18.174   18.174   20.116   20.384   20.384
            0.000000  0.585573  0.000000
 -108.586  -56.917  -56.917  -56.917   -4.651   -0.526   -0.450   -0.450   -0.221   -0.053
    1.513    4.360    4.360    8.096    8.975   13.703   14.191   14.191   16.379   18.024
   18.154   18.154   20.132   20.409   20.409
            0.000000  0.587783  0.000000
 -108.586  -56.917  -56.917  -56.917   -4.649   -0.526   -0.450   -0.450   -0.221   -0.049
    1.503    4.356    4.356    8.095    8.972   13.714   14.207   14.207   16.382   18.018
   18.134   18.134   20.149   20.434   20.434
            0.000000  0.589992  0.000000
 -108.586  -56.917  -56.917  -56.917   -4.648   -0.526   -0.449   -0.449   -0.221   -0.045
    1.493    4.353    4.353    8.095    8.969   13.725   14.223   14.223   16.384   18.013
   18.115   18.115   20.166   20.460   20.460
            0.000000  0.592202  0.000000
 -108.586  -56.917  -56.917  -56.917   -4.646   -0.526   -0.448   -0.448   -0.221   -0.041
    1.483    4.349    4.349    8.095    8.966   13.736   14.239   14.239   16.387   18.007
   18.095   18.095   20.183   20.485   20.485
            0.000000  0.594412  0.000000
 -108.586  -56.917  -56.917  -56.917   -4.644   -0.526   -0.447   -0.447   -0.221   -0.037
    1.474    4.345    4.345    8.094    8.964   13.747   14.254   14.254   16.389   18.000
   18.076   18.076   20.201   20.510   20.510
            0.000000  0.596621  0.000000
 -108.586  -56.917  -56.917  -56.917   -4.643   -0.525   -0.447   -0.447   -0.221   -0.033
    1.464    4.342    4.342    8.094    8.961   13.758   14.270   14.270   16.392   17.993
   18.057   18.057   20.219   20.535   20.535
            0.000000  0.598831  0.000000
 -108.586  -56.917  -56.917  -56.917   -4.641   -0.525   -0.446   -0.446   -0.221   -0.029
    1.454    4.338    4.338    8.094    8.958   13.769   14.285   14.285   16.394   17.987
   18.038   18.038   20.237   20.560   20.560
            0.000000  0.601041  0.000000
 -108.586  -56.917  -56.917  -56.917   -4.640   -0.525   -0.445   -0.445   -0.220   -0.025
    1.445    4.335    4.335    8.093    8.955   13.780   14.301   14.301   16.396   17.980
   18.019   18.019   20.256   20.585   20.585
            0.000000  0.603250  0.000000
 -108.586  -56.917  -56.917  -56.917   -4.638   -0.525   -0.444   -0.444   -0.220   -0.021
    1.436    4.331    4.331    8.093    8.953   13.790   14.316   14.316   16.399   17.972
   18.000   18.000   20.275   20.610   20.610
            0.000000  0.605460  0.000000
 -108.586  -56.917  -56.917  -56.917   -4.637   -0.525   -0.444   -0.444   -0.220   -0.017
    1.427    4.328    4.328    8.093    8.950   13.801   14.331   14.331   16.401   17.965
   17.982   17.982   20.295   20.635   20.635
            0.000000  0.607670  0.000000
 -108.586  -56.917  -56.917  -56.917   -4.635   -0.525   -0.443   -0.443   -0.220   -0.013
    1.418    4.325    4.325    8.092    8.948   13.811   14.345   14.345   16.403   17.957
   17.964   17.964   20.315   20.659   20.660
            0.000000  0.609880  0.000000
 -108.586  -56.917  -56.917  -56.917   -4.634   -0.525   -0.442   -0.442   -0.220   -0.010
    1.409    4.322    4.322    8.092    8.945   13.822   14.360   14.360   16.405   17.946
   17.946   17.950   20.335   20.652   20.685
            0.000000  0.612089  0.000000
 -108.586  -56.917  -56.917  -56.917   -4.632   -0.524   -0.442   -0.442   -0.220   -0.006
    1.400    4.318    4.318    8.092    8.943   13.832   14.374   14.374   16.407   17.928
   17.928   17.942   20.356   20.646   20.709
            0.000000  0.614299  0.000000
 -108.586  -56.917  -56.917  -56.917   -4.631   -0.524   -0.441   -0.441   -0.220   -0.002
    1.391    4.315    4.315    8.091    8.940   13.842   14.389   14.389   16.409   17.911
   17.911   17.934   20.377   20.639   20.734
            0.000000  0.616509  0.000000
 -108.586  -56.917  -56.917  -56.917   -4.630   -0.524   -0.440   -0.440   -0.220    0.002
    1.383    4.312    4.312    8.091    8.938   13.852   14.403   14.403   16.411   17.894
   17.894   17.926   20.398   20.633   20.758
            0.000000  0.618718  0.000000
 -108.586  -56.917  -56.917  -56.917   -4.628   -0.524   -0.440   -0.440   -0.220    0.006
    1.375    4.310    4.310    8.091    8.935   13.862   14.417   14.417   16.413   17.877
   17.877   17.918   20.420   20.627   20.782
            0.000000  0.620928  0.000000
 -108.586  -56.917  -56.917  -56.917   -4.627   -0.524   -0.439   -0.439   -0.219    0.009
    1.367    4.307    4.307    8.090    8.933   13.871   14.430   14.430   16.415   17.860
   17.860   17.910   20.442   20.620   20.807
            0.000000  0.623138  0.000000
 -108.586  -56.917  -56.917  -56.917   -4.626   -0.524   -0.438   -0.438   -0.219    0.013
    1.359    4.304    4.304    8.090    8.931   13.881   14.444   14.444   16.417   17.844
   17.844   17.902   20.464   20.615   20.831
            0.000000  0.625348  0.000000
 -108.586  -56.917  -56.917  -56.917   -4.624   -0.524   -0.438   -0.438   -0.219    0.017
    1.351    4.301    4.301    8.090    8.929   13.890   14.457   14.457   16.419   17.828
   17.828   17.894   20.487   20.609   20.854
            0.000000  0.627557  0.000000
 -108.586  -56.917  -56.917  -56.917   -4.623   -0.524   -0.437   -0.437   -0.219    0.020
    1.343    4.299    4.299    8.090    8.926   13.899   14.470   14.470   16.421   17.812
   17.812   17.886   20.509   20.603   20.878
            0.000000  0.629767  0.000000
 -108.586  -56.917  -56.917  -56.917   -4.622   -0.524   -0.437   -0.437   -0.219    0.024
    1.335    4.296    4.296    8.089    8.924   13.908   14.483   14.483   16.423   17.797
   17.797   17.878   20.532   20.598   20.901
            0.000000  0.631977  0.000000
 -108.586  -56.917  -56.917  -56.917   -4.621   -0.524   -0.436   -0.436   -0.219    0.027
    1.328    4.294    4.294    8.089    8.922   13.917   14.495   14.495   16.425   17.782
   17.782   17.871   20.555   20.592   20.925
            0.000000  0.634186  0.000000
 -108.586  -56.917  -56.917  -56.917   -4.620   -0.524   -0.436   -0.436   -0.219    0.031
    1.321    4.291    4.291    8.089    8.920   13.926   14.507   14.507   16.426   17.767
   17.767   17.863   20.579   20.587   20.948
            0.000000  0.636396  0.000000
 -108.586  -56.917  -56.917  -56.917   -4.619   -0.523   -0.435   -0.435   -0.219    0.034
    1.314    4.289    4.289    8.089    8.918   13.934   14.519   14.519   16.428   17.752
   17.752   17.855   20.582   20.602   20.970
            0.000000  0.638606  0.000000
 -108.586  -56.917  -56.917  -56.917   -4.618   -0.523   -0.435   -0.435   -0.219    0.038
    1.307    4.287    4.287    8.089    8.916   13.942   14.531   14.531   16.429   17.738
   17.738   17.848   20.577   20.626   20.993
            0.000000  0.640816  0.000000
 -108.586  -56.917  -56.917  -56.917   -4.617   -0.523   -0.434   -0.434   -0.219    0.041
    1.300    4.284    4.284    8.088    8.914   13.950   14.542   14.542   16.431   17.725
   17.725   17.840   20.572   20.650   21.015
            0.000000  0.643025  0.000000
 -108.586  -56.917  -56.917  -56.917   -4.616   -0.523   -0.434   -0.434   -0.219    0.044
    1.294    4.282    4.282    8.088    8.913   13.958   14.554   14.554   16.433   17.711
   17.711   17.833   20.568   20.675   21.037
            0.000000  0.645235  0.000000
 -108.586  -56.917  -56.917  -56.917   -4.615   -0.523   -0.433   -0.433   -0.219    0.047
    1.287    4.280    4.280    8.088    8.911   13.966   14.565   14.565   16.434   17.698
   17.698   17.825   20.563   20.699   21.058
            0.000000  0.647445  0.000000
 -108.586  -56.917  -56.917  -56.917   -4.614   -0.523   -0.433   -0.433   -0.218    0.050
    1.281    4.278    4.278    8.088    8.909   13.973   14.575   14.575   16.435   17.685
   17.685   17.818   20.559   20.724   21.080
            0.000000  0.649654  0.000000
 -108.586  -56.917  -56.917  -56.917   -4.613   -0.523   -0.433   -0.433   -0.218    0.053
    1.275    4.276    4.276    8.088    8.908   13.980   14.586   14.586   16.437   17.673
   17.673   17.811   20.555   20.748   21.100
            0.000000  0.651864  0.000000
 -108.586  -56.917  -56.917  -56.917   -4.612   -0.523   -0.432   -0.432   -0.218    0.056
    1.269    4.274    4.274    8.088    8.906   13.987   14.596   14.596   16.438   17.661
   17.661   17.805   20.551   20.773   21.121
            0.000000  0.654074  0.000000
 -108.586  -56.917  -56.917  -56.917   -4.611   -0.523   -0.432   -0.432   -0.218    0.059
    1.264    4.273    4.273    8.087    8.904   13.994   14.605   14.605   16.439   17.649
   17.649   17.798   20.547   20.798   21.141
            0.000000  0.656283  0.000000
 -108.586  -56.917  -56.917  -56.917   -4.611   -0.523   -0.431   -0.431   -0.218    0.062
    1.258    4.271    4.271    8.087    8.903   14.001   14.615   14.615   16.441   17.638
   17.638   17.792   20.544   20.823   21.160
            0.000000  0.658493  0.000000
 -108.586  -56.917  -56.917  -56.917   -4.610   -0.523   -0.431   -0.431   -0.218    0.065
    1.253    4.269    4.269    8.087    8.902   14.007   14.624   14.624   16.442   17.627
   17.627   17.786   20.540   20.849   21.179
            0.000000  0.660703  0.000000
 -108.586  -56.917  -56.917  -56.917   -4.609   -0.523   -0.431   -0.431   -0.218    0.067
    1.248    4.268    4.268    8.087    8.900   14.013   14.632   14.632   16.443   17.617
   17.617   17.780   20.537   20.874   21.198
            0.000000  0.662913  0.000000
 -108.586  -56.917  -56.917  -56.917   -4.608   -0.523   -0.430   -0.430   -0.218    0.070
    1.243    4.266    4.266    8.087    8.899   14.019   14.641   14.641   16.444   17.607
   17.607   17.774   20.533   20.899   21.216
            0.000000  0.665122  0.000000
 -108.586  -56.917  -56.917  -56.917   -4.608   -0.523   -0.430   -0.430   -0.218    0.072
    1.239    4.265    4.265    8.087    8.898   14.024   14.649   14.649   16.445   17.598
   17.598   17.768   20.530   20.925   21.233
            0.000000  0.667332  0.000000
 -108.586  -56.917  -56.917  -56.917   -4.607   -0.523   -0.430   -0.430   -0.218    0.074
    1.234    4.263    4.263    8.087    8.897   14.029   14.656   14.656   16.446   17.588
   17.588   17.763   20.528   20.950   21.250
            0.000000  0.669542  0.000000
 -108.586  -56.917  -56.917  -56.917   -4.607   -0.523   -0.429   -0.429   -0.218    0.076
    1.230    4.262    4.262    8.086    8.895   14.035   14.664   14.664   16.447   17.580
   17.580   17.758   20.525   20.975   21.266
            0.000000  0.671751  0.000000
 -108.586  -56.917  -56.917  -56.917   -4.606   -0.523   -0.429   -0.429   -0.218    0.079
    1.226    4.261    4.261    8.086    8.894   14.039   14.670   14.670   16.448   17.572
   17.572   17.753   20.522   21.001   21.281
            0.000000  0.673961  0.000000
 -108.586  -56.917  -56.917  -56.917   -4.606   -0.523   -0.429   -0.429   -0.218    0.081
    1.223    4.260    4.260    8.086    8.893   14.044   14.677   14.677   16.448   17.564
   17.564   17.749   20.520   21.026   21.296
            0.000000  0.676171  0.000000
 -108.586  -56.917  -56.917  -56.917   -4.605   -0.523   -0.429   -0.429   -0.218    0.082
    1.219    4.259    4.259    8.086    8.892   14.048   14.683   14.683   16.449   17.557
   17.557   17.744   20.517   21.051   21.310
            0.000000  0.678381  0.000000
 -108.586  -56.917  -56.917  -56.917   -4.605   -0.523   -0.428   -0.428   -0.218    0.084
    1.216    4.258    4.258    8.086    8.892   14.052   14.689   14.689   16.450   17.550
   17.550   17.740   20.515   21.076   21.323
            0.000000  0.680590  0.000000
 -108.586  -56.917  -56.917  -56.917   -4.604   -0.523   -0.428   -0.428   -0.218    0.086
    1.213    4.257    4.257    8.086    8.891   14.056   14.694   14.694   16.451   17.544
   17.544   17.737   20.513   21.101   21.336
            0.000000  0.682800  0.000000
 -108.586  -56.917  -56.917  -56.917   -4.604   -0.523   -0.428   -0.428   -0.218    0.087
    1.210    4.256    4.256    8.086    8.890   14.059   14.699   14.699   16.451   17.538
   17.538   17.733   20.512   21.126   21.347
            0.000000  0.685010  0.000000
 -108.586  -56.917  -56.917  -56.917   -4.603   -0.523   -0.428   -0.428   -0.218    0.089
    1.208    4.255    4.255    8.086    8.889   14.062   14.704   14.704   16.452   17.532
   17.532   17.730   20.510   21.150   21.358
            0.000000  0.687219  0.000000
 -108.586  -56.917  -56.917  -56.917   -4.603   -0.523   -0.428   -0.428   -0.218    0.090
    1.205    4.255    4.255    8.086    8.889   14.065   14.708   14.708   16.452   17.528
   17.528   17.727   20.508   21.173   21.368
            0.000000  0.689429  0.000000
 -108.586  -56.917  -56.917  -56.917   -4.603   -0.523   -0.428   -0.428   -0.218    0.091
    1.203    4.254    4.254    8.086    8.888   14.067   14.711   14.711   16.453   17.523
   17.523   17.725   20.507   21.196   21.377
            0.000000  0.691639  0.000000
 -108.586  -56.917  -56.917  -56.917   -4.603   -0.523   -0.428   -0.428   -0.218    0.092
    1.201    4.253    4.253    8.086    8.888   14.070   14.715   14.715   16.453   17.519
   17.519   17.722   20.506   21.217   21.385
            0.000000  0.693849  0.000000
 -108.586  -56.917  -56.917  -56.917   -4.602   -0.523   -0.427   -0.427   -0.218    0.093
    1.200    4.253    4.253    8.086    8.887   14.071   14.717   14.717   16.453   17.516
   17.516   17.720   20.505   21.238   21.392
            0.000000  0.696058  0.000000
 -108.586  -56.917  -56.917  -56.917   -4.602   -0.523   -0.427   -0.427   -0.218    0.094
    1.198    4.253    4.253    8.086    8.887   14.073   14.720   14.720   16.454   17.513
   17.513   17.719   20.504   21.257   21.398
            0.000000  0.698268  0.000000
 -108.586  -56.917  -56.917  -56.917   -4.602   -0.523   -0.427   -0.427   -0.218    0.094
    1.197    4.252    4.252    8.086    8.887   14.074   14.722   14.722   16.454   17.511
   17.511   17.717   20.503   21.273   21.402
            0.000000  0.700478  0.000000
 -108.586  -56.917  -56.917  -56.917   -4.602   -0.523   -0.427   -0.427   -0.218    0.095
    1.196    4.252    4.252    8.086    8.886   14.076   14.723   14.723   16.454   17.509
   17.509   17.716   20.503   21.287   21.406
            0.000000  0.702687  0.000000
 -108.586  -56.917  -56.917  -56.917   -4.602   -0.523   -0.427   -0.427   -0.218    0.095
    1.196    4.252    4.252    8.086    8.886   14.076   14.724   14.724   16.454   17.508
   17.508   17.715   20.502   21.298   21.409
            0.000000  0.704897  0.000000
 -108.586  -56.917  -56.917  -56.917   -4.602   -0.523   -0.427   -0.427   -0.218    0.095
    1.195    4.252    4.252    8.086    8.886   14.077   14.725   14.725   16.454   17.507
   17.507   17.715   20.502   21.304   21.410
            0.000000  0.707107  0.000000
 -108.586  -56.917  -56.917  -56.917   -4.602   -0.523   -0.427   -0.427   -0.218    0.095
    1.195    4.252    4.252    8.086    8.886   14.077   14.725   14.725   16.454   17.507
   17.507   17.715   20.502   21.307   21.411
            0.002210  0.707107  0.002210
 -108.586  -56.917  -56.917  -56.917   -4.602   -0.523   -0.427   -0.427   -0.218    0.095
    1.195    4.252    4.252    8.086    8.886   14.076   14.725   14.725   16.455   17.505
   17.507   17.717   20.502   21.299   21.411
            0.004419  0.707107  0.004419
 -108.586  -56.917  -56.917  -56.917   -4.602   -0.523   -0.427   -0.427   -0.218    0.095
    1.195    4.251    4.252    8.086    8.887   14.075   14.723   14.725   16.455   17.501
   17.507   17.723   20.503   21.279   21.412
            0.006629  0.707107  0.006629
 -108.586  -56.917  -56.917  -56.917   -4.602   -0.522   -0.427   -0.427   -0.218    0.095
    1.195    4.250    4.252    8.087    8.888   14.072   14.721   14.726   16.457   17.494
   17.507   17.732   20.504   21.255   21.413
            0.008839  0.707107  0.008839
 -108.586  -56.917  -56.917  -56.917   -4.602   -0.522   -0.427   -0.427   -0.218    0.096
    1.195    4.249    4.253    8.088    8.890   14.069   14.718   14.726   16.458   17.485
   17.507   17.745   20.506   21.227   21.414
            0.011049  0.707107  0.011049
 -108.586  -56.917  -56.917  -56.917   -4.602   -0.522   -0.427   -0.427   -0.218    0.096
    1.195    4.247    4.253    8.090    8.892   14.065   14.713   14.726   16.460   17.475
   17.507   17.759   20.508   21.199   21.415
            0.013258  0.707107  0.013258
 -108.586  -56.917  -56.917  -56.917   -4.602   -0.522   -0.427   -0.427   -0.218    0.096
    1.195    4.245    4.254    8.091    8.894   14.059   14.708   14.726   16.463   17.464
   17.508   17.776   20.510   21.169   21.417
            0.015468  0.707107  0.015468
 -108.586  -56.917  -56.917  -56.917   -4.602   -0.522   -0.428   -0.427   -0.218    0.096
    1.195    4.243    4.254    8.094    8.897   14.053   14.702   14.727   16.466   17.453
   17.508   17.794   20.513   21.139   21.419
            0.017678  0.707107  0.017678
 -108.586  -56.917  -56.917  -56.917   -4.602   -0.522   -0.428   -0.427   -0.218    0.097
    1.195    4.240    4.255    8.096    8.900   14.046   14.695   14.727   16.469   17.442
   17.508   17.813   20.516   21.109   21.422
            0.019887  0.707107  0.019887
 -108.586  -56.917  -56.917  -56.917   -4.602   -0.522   -0.428   -0.427   -0.218    0.097
    1.195    4.237    4.256    8.099    8.904   14.038   14.688   14.727   16.473   17.430
   17.509   17.833   20.520   21.079   21.425
            0.022097  0.707107  0.022097
 -108.586  -56.917  -56.917  -56.917   -4.602   -0.522   -0.428   -0.426   -0.218    0.098
    1.194    4.234    4.257    8.102    8.908   14.030   14.679   14.727   16.477   17.419
   17.510   17.854   20.524   21.048   21.428
            0.024307  0.707107  0.024307
 -108.586  -56.917  -56.917  -56.917   -4.602   -0.522   -0.428   -0.426   -0.218    0.098
    1.194    4.230    4.258    8.105    8.912   14.021   14.670   14.726   16.481   17.408
   17.511   17.875   20.529   21.017   21.431
            0.026517  0.707107  0.026517
 -108.586  -56.917  -56.917  -56.917   -4.602   -0.522   -0.428   -0.426   -0.218    0.099
    1.194    4.226    4.260    8.108    8.918   14.010   14.660   14.726   16.485   17.397
   17.512   17.898   20.534   20.986   21.435
            0.028726  0.707107  0.028726
 -108.586  -56.917  -56.917  -56.917   -4.602   -0.522   -0.428   -0.426   -0.218    0.099
    1.194    4.222    4.261    8.112    8.923   14.000   14.649   14.725   16.489   17.387
   17.513   17.920   20.539   20.956   21.440
            0.030936  0.707107  0.030936
 -108.586  -56.917  -56.917  -56.917   -4.602   -0.522   -0.429   -0.426   -0.219    0.100
    1.194    4.217    4.262    8.116    8.929   13.988   14.637   14.724   16.494   17.378
   17.515   17.944   20.545   20.925   21.444
            0.033146  0.707107  0.033146
 -108.586  -56.917  -56.917  -56.917   -4.602   -0.522   -0.429   -0.426   -0.219    0.101
    1.193    4.213    4.264    8.120    8.935   13.977   14.625   14.723   16.498   17.369
   17.517   17.967   20.551   20.894   21.449
            0.035355  0.707107  0.035355
 -108.586  -56.917  -56.917  -56.917   -4.602   -0.522   -0.429   -0.425   -0.219    0.102
    1.193    4.207    4.266    8.125    8.942   13.964   14.612   14.721   16.502   17.361
   17.519   17.991   20.558   20.863   21.454
            0.037565  0.707107  0.037565
 -108.586  -56.917  -56.917  -56.917   -4.602   -0.522   -0.429   -0.425   -0.219    0.102
    1.193    4.202    4.268    8.129    8.950   13.951   14.598   14.719   16.507   17.353
   17.522   18.016   20.565   20.832   21.460
            0.039775  0.707107  0.039775
 -108.586  -56.917  -56.917  -56.917   -4.602   -0.522   -0.430   -0.425   -0.219    0.103
    1.193    4.196    4.270    8.134    8.958   13.938   14.584   14.717   16.511   17.347
   17.525   18.040   20.572   20.801   21.466
            0.041984  0.707107  0.041984
 -108.586  -56.917  -56.917  -56.917   -4.602   -0.522   -0.430   -0.425   -0.220    0.104
    1.192    4.190    4.272    8.139    8.966   13.924   14.569   14.714   16.514   17.341
   17.529   18.065   20.580   20.770   21.472
            0.044194  0.707107  0.044194
 -108.586  -56.917  -56.917  -56.917   -4.602   -0.521   -0.430   -0.424   -0.220    0.105
    1.192    4.184    4.274    8.144    8.975   13.910   14.554   14.710   16.518   17.335
   17.533   18.090   20.588   20.739   21.468
            0.046404  0.707107  0.046404
 -108.586  -56.917  -56.917  -56.917   -4.602   -0.521   -0.430   -0.424   -0.220    0.106
    1.192    4.177    4.276    8.149    8.984   13.895   14.538   14.706   16.521   17.331
   17.538   18.115   20.596   20.708   21.449
            0.048614  0.707107  0.048614
 -108.586  -56.917  -56.917  -56.917   -4.602   -0.521   -0.431   -0.424   -0.220    0.107
    1.191    4.170    4.278    8.155    8.994   13.880   14.521   14.702   16.524   17.327
   17.543   18.141   20.605   20.677   21.428
            0.050823  0.707107  0.050823
 -108.586  -56.917  -56.917  -56.917   -4.602   -0.521   -0.431   -0.423   -0.221    0.108
    1.191    4.163    4.281    8.160    9.005   13.865   14.504   14.696   16.526   17.324
   17.550   18.166   20.614   20.646   21.406
            0.053033  0.707107  0.053033
 -108.586  -56.917  -56.917  -56.917   -4.602   -0.521   -0.431   -0.423   -0.221    0.109
    1.191    4.156    4.283    8.166    9.016   13.850   14.487   14.691   16.528   17.321
   17.556   18.192   20.615   20.623   21.384
            0.055243  0.707107  0.055243
 -108.586  -56.917  -56.917  -56.917   -4.602   -0.521   -0.432   -0.422   -0.221    0.110
    1.190    4.149    4.286    8.172    9.027   13.834   14.469   14.684   16.529   17.320
   17.564   18.218   20.584   20.633   21.361
            0.057452  0.707107  0.057452
 -108.586  -56.917  -56.917  -56.917   -4.602   -0.521   -0.432   -0.422   -0.221    0.111
    1.190    4.141    4.289    8.177    9.039   13.818   14.451   14.677   16.530   17.319
   17.572   18.244   20.554   20.642   21.337
            0.059662  0.707107  0.059662
 -108.586  -56.917  -56.917  -56.917   -4.602   -0.521   -0.433   -0.421   -0.222    0.112
    1.189    4.133    4.292    8.183    9.051   13.802   14.432   14.670   16.530   17.319
   17.581   18.270   20.523   20.653   21.312
            0.061872  0.707107  0.061872
 -108.586  -56.917  -56.917  -56.917   -4.602   -0.521   -0.433   -0.421   -0.222    0.114
    1.189    4.125    4.295    8.189    9.064   13.786   14.414   14.662   16.529   17.320
   17.590   18.296   20.492   20.663   21.287
            0.064082  0.707107  0.064082
 -108.586  -56.917  -56.917  -56.917   -4.602   -0.521   -0.433   -0.420   -0.222    0.115
    1.188    4.117    4.298    8.195    9.078   13.769   14.394   14.653   16.528   17.321
   17.601   18.322   20.462   20.674   21.261
            0.066291  0.707107  0.066291
 -108.586  -56.917  -56.917  -56.917   -4.602   -0.521   -0.434   -0.420   -0.223    0.116
    1.188    4.108    4.301    8.201    9.092   13.753   14.375   14.644   16.525   17.324
   17.612   18.348   20.431   20.685   21.235
            0.068501  0.707107  0.068501
 -108.586  -56.917  -56.917  -56.917   -4.602   -0.521   -0.434   -0.419   -0.223    0.117
    1.188    4.100    4.304    8.207    9.106   13.736   14.355   14.633   16.523   17.327
   17.624   18.374   20.401   20.696   21.209
            0.070711  0.707107  0.070711
 -108.586  -56.917  -56.917  -56.917   -4.602   -0.521   -0.435   -0.419   -0.223    0.119
    1.187    4.091    4.308    8.212    9.121   13.719   14.335   14.623   16.519   17.331
   17.637   18.400   20.371   20.708   21.182
            0.072920  0.707107  0.072920
 -108.586  -56.917  -56.917  -56.917   -4.602   -0.521   -0.435   -0.418   -0.224    0.120
    1.187    4.082    4.311    8.218    9.137   13.703   14.314   14.611   16.515   17.335
   17.651   18.426   20.341   20.719   21.155
            0.075130  0.707107  0.075130
 -108.586  -56.917  -56.917  -56.917   -4.602   -0.521   -0.436   -0.417   -0.224    0.121
    1.186    4.073    4.315    8.224    9.153   13.686   14.294   14.600   16.510   17.340
   17.665   18.452   20.311   20.731   21.128
            0.077340  0.707107  0.077340
 -108.586  -56.917  -56.917  -56.917   -4.602   -0.521   -0.436   -0.416   -0.224    0.123
    1.186    4.064    4.318    8.230    9.169   13.669   14.273   14.587   16.504   17.346
   17.680   18.478   20.281   20.743   21.101
            0.079550  0.707107  0.079550
 -108.586  -56.917  -56.917  -56.917   -4.603   -0.521   -0.437   -0.416   -0.225    0.124
    1.185    4.055    4.322    8.236    9.186   13.652   14.252   14.574   16.497   17.353
   17.696   18.504   20.251   20.756   21.073
            0.081759  0.707107  0.081759
 -108.586  -56.917  -56.917  -56.917   -4.603   -0.521   -0.437   -0.415   -0.225    0.125
    1.185    4.046    4.326    8.241    9.204   13.636   14.231   14.560   16.490   17.360
   17.713   18.529   20.221   20.768   21.046
            0.083969  0.707107  0.083969
 -108.586  -56.917  -56.917  -56.917   -4.603   -0.521   -0.438   -0.414   -0.225    0.127
    1.184    4.036    4.330    8.247    9.222   13.619   14.209   14.546   16.482   17.368
   17.730   18.555   20.192   20.781   21.018
            0.086179  0.707107  0.086179
 -108.586  -56.917  -56.917  -56.917   -4.603   -0.521   -0.439   -0.413   -0.226    0.128
    1.184    4.027    4.334    8.253    9.240   13.602   14.188   14.531   16.473   17.377
   17.748   18.580   20.162   20.794   20.990
            0.088388  0.707107  0.088388
 -108.586  -56.917  -56.917  -56.917   -4.603   -0.521   -0.439   -0.412   -0.226    0.130
    1.183    4.018    4.339    8.258    9.259   13.586   14.166   14.515   16.464   17.386
   17.767   18.605   20.133   20.807   20.963
            0.090598  0.707107  0.090598
 -108.586  -56.917  -56.917  -56.917   -4.603   -0.521   -0.440   -0.411   -0.227    0.131
    1.183    4.008    4.343    8.264    9.278   13.570   14.144   14.499   16.454   17.395
   17.786   18.630   20.103   20.821   20.935
            0.092808  0.707107  0.092808
 -108.586  -56.917  -56.917  -56.917   -4.603   -0.522   -0.440   -0.410   -0.227    0.133
    1.182    3.999    4.347    8.269    9.298   13.553   14.122   14.483   16.444   17.406
   17.806   18.654   20.074   20.834   20.907
            0.095017  0.707107  0.095017
 -108.586  -56.917  -56.917  -56.917   -4.603   -0.522   -0.441   -0.409   -0.227    0.134
    1.182    3.989    4.352    8.274    9.318   13.537   14.100   14.466   16.432   17.416
   17.827   18.679   20.045   20.848   20.879
            0.097227  0.707107  0.097227
 -108.586  -56.917  -56.917  -56.917   -4.603   -0.522   -0.442   -0.408   -0.228    0.135
    1.181    3.980    4.356    8.279    9.338   13.521   14.078   14.448   16.421   17.428
   17.848   18.703   20.017   20.852   20.861
            0.099437  0.707107  0.099437
 -108.586  -56.917  -56.917  -56.917   -4.604   -0.522   -0.442   -0.407   -0.228    0.137
    1.181    3.970    4.361    8.284    9.359   13.505   14.056   14.430   16.408   17.439
   17.870   18.727   19.988   20.824   20.875
            0.101647  0.707107  0.101647
 -108.586  -56.917  -56.917  -56.917   -4.604   -0.522   -0.443   -0.406   -0.229    0.138
    1.181    3.960    4.366    8.289    9.381   13.490   14.033   14.412   16.396   17.451
   17.892   18.750   19.959   20.797   20.889
            0.103856  0.707107  0.103856
 -108.586  -56.917  -56.917  -56.917   -4.604   -0.523   -0.444   -0.405   -0.229    0.140
    1.180    3.951    4.371    8.294    9.402   13.474   14.011   14.393   16.382   17.464
   17.915   18.773   19.931   20.769   20.904
            0.106066  0.707107  0.106066
 -108.586  -56.917  -56.917  -56.917   -4.604   -0.523   -0.444   -0.404   -0.230    0.141
    1.180    3.941    4.376    8.299    9.424   13.459   13.988   14.373   16.368   17.477
   17.938   18.796   19.903   20.742   20.918
            0.108276  0.707107  0.108276
 -108.586  -56.917  -56.917  -56.917   -4.604   -0.523   -0.445   -0.403   -0.230    0.143
    1.179    3.932    4.381    8.304    9.447   13.444   13.965   14.354   16.354   17.490
   17.962   18.818   19.875   20.715   20.933
            0.110485  0.707107  0.110485
 -108.586  -56.917  -56.917  -56.917   -4.604   -0.523   -0.446   -0.402   -0.231    0.144
    1.179    3.922    4.386    8.309    9.469   13.429   13.943   14.333   16.339   17.504
   17.986   18.840   19.847   20.688   20.947
            0.112695  0.707107  0.112695
 -108.586  -56.917  -56.917  -56.917   -4.605   -0.523   -0.446   -0.400   -0.231    0.145
    1.178    3.913    4.391    8.313    9.492   13.414   13.920   14.313   16.324   17.518
   18.011   18.861   19.820   20.661   20.962
            0.114905  0.707107  0.114905
 -108.586  -56.917  -56.917  -56.917   -4.605   -0.524   -0.447   -0.399   -0.231    0.147
    1.178    3.903    4.397    8.318    9.516   13.400   13.897   14.292   16.309   17.533
   18.035   18.882   19.792   20.634   20.977
            0.117115  0.707107  0.117115
 -108.586  -56.917  -56.917  -56.917   -4.605   -0.524   -0.448   -0.398   -0.232    0.148
    1.178    3.894    4.402    8.322    9.539   13.386   13.874   14.270   16.293   17.547
   18.061   18.902   19.765   20.608   20.992
            0.119324  0.707107  0.119324
 -108.586  -56.917  -56.917  -56.917   -4.605   -0.524   -0.449   -0.396   -0.232    0.149
    1.178    3.885    4.408    8.326    9.563   13.373   13.852   14.249   16.277   17.562
   18.086   18.922   19.738   20.582   21.007
            0.121534  0.707107  0.121534
 -108.586  -56.917  -56.917  -56.917   -4.605   -0.525   -0.450   -0.395   -0.233    0.151
    1.177    3.876    4.413    8.330    9.587   13.359   13.829   14.227   16.260   17.577
   18.112   18.941   19.712   20.556   21.022
            0.123744  0.707107  0.123744
 -108.586  -56.917  -56.917  -56.917   -4.606   -0.525   -0.450   -0.394   -0.233    0.152
    1.177    3.867    4.419    8.335    9.611   13.346   13.806   14.204   16.243   17.592
   18.138   18.960   19.685   20.530   21.037
            0.125953  0.707107  0.125953
 -108.586  -56.917  -56.917  -56.917   -4.606   -0.525   -0.451   -0.392   -0.234    0.153
    1.177    3.858    4.425    8.339    9.636   13.333   13.783   14.182   16.226   17.608
   18.165   18.977   19.659   20.505   21.052
            0.128163  0.707107  0.128163
 -108.586  -56.917  -56.917  -56.917   -4.606   -0.526   -0.452   -0.391   -0.234    0.154
    1.177    3.849    4.431    8.342    9.660   13.321   13.760   14.159   16.209   17.623
   18.192   18.994   19.633   20.480   21.068
            0.130373  0.707107  0.130373
 -108.586  -56.917  -56.917  -56.917   -4.607   -0.526   -0.453   -0.389   -0.235    0.155
    1.177    3.840    4.437    8.346    9.685   13.309   13.737   14.136   16.191   17.639
   18.219   19.011   19.608   20.455   21.083
            0.132583  0.707107  0.132583
 -108.586  -56.917  -56.917  -56.917   -4.607   -0.526   -0.454   -0.388   -0.236    0.156
    1.176    3.831    4.443    8.350    9.710   13.298   13.714   14.112   16.173   17.655
   18.246   19.026   19.583   20.431   21.099
            0.134792  0.707107  0.134792
 -108.586  -56.917  -56.917  -56.917   -4.607   -0.527   -0.454   -0.386   -0.236    0.157
    1.176    3.823    4.449    8.354    9.735   13.287   13.691   14.089   16.155   17.671
   18.273   19.041   19.558   20.407   21.114
            0.137002  0.707107  0.137002
 -108.586  -56.917  -56.917  -56.917   -4.608   -0.527   -0.455   -0.385   -0.237    0.158
    1.176    3.814    4.456    8.357    9.760   13.276   13.669   14.065   16.136   17.686
   18.301   19.055   19.533   20.383   21.130
            0.139212  0.707107  0.139212
 -108.586  -56.917  -56.917  -56.917   -4.608   -0.527   -0.456   -0.383   -0.237    0.159
    1.177    3.806    4.462    8.361    9.785   13.266   13.646   14.040   16.118   17.702
   18.329   19.068   19.509   20.360   21.146
            0.141421  0.707107  0.141421
 -108.586  -56.917  -56.917  -56.917   -4.608   -0.528   -0.457   -0.382   -0.238    0.160
    1.177    3.798    4.468    8.364    9.811   13.256   13.623   14.016   16.099   17.718
   18.357   19.080   19.485   20.337   21.162
            0.143631  0.707107  0.143631
 -108.586  -56.917  -56.917  -56.917   -4.609   -0.528   -0.458   -0.380   -0.238    0.161
    1.177    3.790    4.475    8.367    9.836   13.247   13.600   13.991   16.080   17.734
   18.385   19.091   19.462   20.315   21.177
            0.145841  0.707107  0.145841
 -108.586  -56.917  -56.917  -56.917   -4.609   -0.529   -0.459   -0.379   -0.239    0.162
    1.177    3.782    4.481    8.370    9.861   13.238   13.577   13.967   16.060   17.749
   18.414   19.101   19.439   20.293   21.193
            0.148050  0.707107  0.148050
 -108.586  -56.917  -56.917  -56.917   -4.610   -0.529   -0.460   -0.377   -0.239    0.162
    1.177    3.775    4.488    8.373    9.887   13.230   13.554   13.942   16.041   17.765
   18.442   19.110   19.417   20.272   21.209
            0.150260  0.707107  0.150260
 -108.586  -56.917  -56.917  -56.917   -4.610   -0.530   -0.461   -0.375   -0.240    0.163
    1.178    3.767    4.495    8.376    9.912   13.222   13.532   13.917   16.022   17.780
   18.471   19.117   19.395   20.251   21.225
            0.152470  0.707107  0.152470
 -108.586  -56.917  -56.917  -56.917   -4.610   -0.530   -0.462   -0.374   -0.240    0.164
    1.178    3.760    4.502    8.379    9.937   13.215   13.509   13.891   16.002   17.795
   18.500   19.124   19.373   20.230   21.241
            0.154680  0.707107  0.154680
 -108.586  -56.917  -56.917  -56.917   -4.611   -0.530   -0.463   -0.372   -0.241    0.164
    1.179    3.753    4.509    8.382    9.962   13.208   13.486   13.866   15.982   17.809
   18.529   19.129   19.353   20.210   21.257
            0.156889  0.707107  0.156889
 -108.586  -56.917  -56.917  -56.917   -4.611   -0.531   -0.464   -0.371   -0.241    0.164
    1.180    3.746    4.516    8.385    9.988   13.202   13.464   13.840   15.962   17.824
   18.558   19.134   19.333   20.191   21.274
            0.159099  0.707107  0.159099
 -108.586  -56.917  -56.917  -56.917   -4.612   -0.531   -0.465   -0.369   -0.242    0.165
    1.180    3.739    4.523    8.388   10.013   13.197   13.441   13.815   15.942   17.838
   18.587   19.137   19.313   20.172   21.290
            0.161309  0.707107  0.161309
 -108.586  -56.917  -56.917  -56.917   -4.612   -0.532   -0.466   -0.367   -0.243    0.165
    1.181    3.733    4.530    8.390   10.038   13.192   13.419   13.789   15.922   17.851
   18.616   19.138   19.294   20.153   21.306
            0.163518  0.707107  0.163518
 -108.586  -56.917  -56.917  -56.917   -4.613   -0.532   -0.467   -0.366   -0.243    0.165
    1.182    3.726    4.537    8.393   10.063   13.188   13.396   13.763   15.902   17.864
   18.645   19.139   19.277   20.135   21.322
            0.165728  0.707107  0.165728
 -108.586  -56.917  -56.917  -56.917   -4.614   -0.533   -0.468   -0.364   -0.244    0.165
    1.183    3.720    4.544    8.395   10.087   13.184   13.374   13.737   15.882   17.877
   18.675   19.138   19.259   20.118   21.338
            0.167938  0.707107  0.167938
 -108.586  -56.917  -56.917  -56.917   -4.614   -0.533   -0.469   -0.362   -0.244    0.165
    1.184    3.714    4.552    8.397   10.112   13.181   13.352   13.711   15.861   17.889
   18.704   19.136   19.243   20.101   21.355
            0.170148  0.707107  0.170148
 -108.586  -56.917  -56.917  -56.917   -4.615   -0.534   -0.470   -0.361   -0.245    0.165
    1.185    3.709    4.559    8.399   10.136   13.179   13.329   13.684   15.841   17.900
   18.734   19.132   19.228   20.084   21.371
            0.172357  0.707107  0.172357
 -108.586  -56.917  -56.917  -56.917   -4.615   -0.534   -0.471   -0.359   -0.245    0.164
    1.187    3.703    4.567    8.402   10.160   13.178   13.307   13.658   15.820   17.911
   18.764   19.128   19.213   20.068   21.387
            0.174567  0.707107  0.174567
 -108.586  -56.917  -56.917  -56.917   -4.616   -0.534   -0.472   -0.357   -0.246    0.164
    1.188    3.698    4.574    8.404   10.184   13.177   13.285   13.632   15.800   17.921
   18.793   19.122   19.199   20.052   21.403
            0.176777  0.707107  0.176777
 -108.586  -56.917  -56.917  -56.917   -4.617   -0.535   -0.473   -0.356   -0.247    0.164
    1.190    3.693    4.582    8.405   10.207   13.177   13.263   13.605   15.779   17.930
   18.823   19.116   19.186   20.036   21.419
            0.185616  0.702687  0.172357
 -108.586  -56.917  -56.917  -56.917   -4.617   -0.535   -0.474   -0.354   -0.247    0.163
    1.192    3.688    4.588    8.410   10.232   13.171   13.219   13.605   15.762   17.935
   18.827   19.096   19.210   20.024   21.439
            0.194454  0.698268  0.167938
 -108.586  -56.917  -56.917  -56.917   -4.618   -0.536   -0.475   -0.352   -0.248    0.162
    1.194    3.686    4.591    8.419   10.257   13.111   13.185   13.644   15.753   17.934
   18.786   19.078   19.272   20.021   21.466
            0.203293  0.693849  0.163518
 -108.586  -56.917  -56.917  -56.917   -4.619   -0.536   -0.477   -0.350   -0.249    0.161
    1.196    3.685    4.591    8.432   10.283   13.007   13.176   13.698   15.752   17.926
   18.719   19.067   19.346   20.027   21.500
            0.212132  0.689429  0.159099
 -108.586  -56.917  -56.917  -56.917   -4.620   -0.536   -0.478   -0.348   -0.250    0.160
    1.199    3.685    4.588    8.450   10.311   12.892   13.167   13.757   15.759   17.912
   18.640   19.061   19.423   20.040   21.541
            0.220971  0.685010  0.154680
 -108.586  -56.917  -56.917  -56.917   -4.620   -0.536   -0.480   -0.345   -0.252    0.160
    1.202    3.687    4.582    8.472   10.340   12.773   13.158   13.818   15.773   17.892
   18.557   19.056   19.498   20.061   21.589
            0.229810  0.680590  0.150260
 -108.586  -56.917  -56.917  -56.917   -4.621   -0.535   -0.482   -0.343   -0.253    0.159
    1.204    3.691    4.573    8.498   10.370   12.654   13.149   13.877   15.795   17.865
   18.472   19.052   19.568   20.087   21.643
            0.238649  0.676171  0.145841
 -108.586  -56.917  -56.917  -56.917   -4.622   -0.535   -0.484   -0.340   -0.255    0.158
    1.207    3.695    4.562    8.527   10.401   12.534   13.138   13.933   15.824   17.832
   18.389   19.049   19.632   20.119   21.702
            0.247487  0.671751  0.141421
 -108.586  -56.917  -56.917  -56.917   -4.623   -0.534   -0.486   -0.337   -0.257    0.157
    1.210    3.701    4.549    8.558   10.433   12.415   13.127   13.986   15.860   17.792
   18.309   19.047   19.692   20.153   21.764
            0.256326  0.667332  0.137002
 -108.586  -56.917  -56.917  -56.917   -4.623   -0.534   -0.488   -0.335   -0.259    0.156
    1.213    3.708    4.535    8.591   10.467   12.298   13.115   14.035   15.903   17.746
   18.234   19.046   19.747   20.189   21.818
            0.265165  0.662913  0.132583
 -108.586  -56.917  -56.917  -56.917   -4.624   -0.533   -0.490   -0.332   -0.261    0.155
    1.216    3.716    4.519    8.626   10.502   12.184   13.104   14.080   15.952   17.692
   18.164   19.046   19.798   20.225   21.828
            0.274004  0.658493  0.128163
 -108.586  -56.917  -56.917  -56.917   -4.625   -0.532   -0.492   -0.329   -0.263    0.154
    1.218    3.725    4.503    8.660   10.538   12.072   13.093   14.121   16.007   17.632
   18.102   19.047   19.845   20.260   21.779
            0.282843  0.654074  0.123744
 -108.586  -56.917  -56.917  -56.917   -4.625   -0.532   -0.494   -0.326   -0.265    0.153
    1.221    3.734    4.487    8.694   10.576   11.965   13.082   14.158   16.067   17.565
   18.047   19.049   19.890   20.293   21.712
            0.291682  0.649654  0.119324
 -108.586  -56.917  -56.917  -56.917   -4.626   -0.531   -0.495   -0.323   -0.267    0.153
    1.223    3.743    4.470    8.727   10.614   11.862   13.072   14.190   16.130   17.494
   18.000   19.050   19.931   20.324   21.643
            0.300520  0.645235  0.114905
 -108.586  -56.917  -56.917  -56.917   -4.626   -0.530   -0.497   -0.321   -0.270    0.152
    1.225    3.752    4.455    8.758   10.654   11.766   13.062   14.218   16.196   17.419
   17.960   19.052   19.968   20.352   21.578
            0.309359  0.640816  0.110485
 -108.586  -56.917  -56.917  -56.917   -4.626   -0.529   -0.499   -0.318   -0.272    0.152
    1.227    3.761    4.440    8.786   10.694   11.676   13.054   14.241   16.264   17.343
   17.927   19.054   20.002   20.377   21.517
            0.318198  0.636396  0.106066
 -108.586  -56.917  -56.917  -56.917   -4.627   -0.528   -0.500   -0.316   -0.274    0.151
    1.228    3.768    4.428    8.809   10.734   11.595   13.047   14.260   16.331   17.269
   17.901   19.056   20.031   20.399   21.465
            0.327037  0.631977  0.101647
 -108.586  -56.917  -56.917  -56.917   -4.627   -0.527   -0.501   -0.314   -0.276    0.151
    1.229    3.775    4.417    8.829   10.770   11.525   13.041   14.275   16.394   17.200
   17.881   19.057   20.054   20.417   21.421
            0.335876  0.627557  0.097227
 -108.586  -56.917  -56.917  -56.917   -4.627   -0.527   -0.502   -0.312   -0.278    0.151
    1.230    3.779    4.409    8.843   10.802   11.469   13.037   14.286   16.448   17.141
   17.866   19.058   20.072   20.431   21.388
            0.344715  0.623138  0.092808
 -108.586  -56.917  -56.917  -56.917   -4.627   -0.527   -0.503   -0.311   -0.278    0.150
    1.230    3.783    4.404    8.852   10.823   11.433   13.035   14.292   16.486   17.100
   17.858   19.059   20.082   20.440   21.368
            0.353553  0.618718  0.088388
 -108.586  -56.917  -56.917  -56.917   -4.627   -0.526   -0.503   -0.311   -0.279    0.150
    1.231    3.784    4.403    8.855   10.831   11.421   13.034   14.294   16.500   17.085
   17.855   19.059   20.086   20.443   21.361
            0.362392  0.614299  0.083969
 -108.586  -56.917  -56.917  -56.917   -4.627   -0.527   -0.503   -0.311   -0.278    0.150
    1.230    3.783    4.404    8.852   10.823   11.433   13.035   14.292   16.486   17.100
   17.858   19.059   20.082   20.440   21.368
            0.371231  0.609880  0.079550
 -108.586  -56.917  -56.917  -56.917   -4.627   -0.527   -0.502   -0.312   -0.278    0.151
    1.230    3.779    4.409    8.843   10.802   11.469   13.037   14.286   16.448   17.141
   17.866   19.058   20.072   20.431   21.388
            0.380070  0.605460  0.075130
 -108.586  -56.917  -56.917  -56.917   -4.627   -0.527   -0.501   -0.314   -0.276    0.151
    1.229    3.775    4.417    8.829   10.770   11.525   13.041   14.275   16.394   17.200
   17.881   19.057   20.054   20.417   21.421
            0.388909  0.601041  0.070711
 -108.586  -56.917  -56.917  -56.917   -4.627   -0.528   -0.500   -0.316   -0.274    0.151
    1.228    3.768    4.428    8.809   10.734   11.595   13.047   14.260   16.331   17.269
   17.901   19.056   20.031   20.399   21.465
            0.397748  0.596621  0.066291
 -108.586  -56.917  -56.917  -56.917   -4.626   -0.529   -0.499   -0.318   -0.272    0.152
    1.227    3.761    4.440    8.786   10.694   11.676   13.054   14.241   16.264   17.343
   17.927   19.054   20.002   20.377   21.517
            0.406586  0.592202  0.061872
 -108.586  -56.917  -56.917  -56.917   -4.626   -0.530   -0.497   -0.321   -0.270    0.152
    1.225    3.752    4.455    8.758   10.654   11.766   13.062   14.218   16.196   17.419
   17.960   19.052   19.968   20.352   21.578
            0.415425  0.587783  0.057452
 -108.586  -56.917  -56.917  -56.917   -4.626   -0.531   -0.495   -0.323   -0.267    0.153
    1.223    3.743    4.470    8.727   10.614   11.862   13.072   14.190   16.130   17.494
   18.000   19.050   19.931   20.324   21.643
            0.424264  0.583363  0.053033
 -108.586  -56.917  -56.917  -56.917   -4.625   -0.532   -0.494   -0.326   -0.265    0.153
    1.221    3.734    4.487    8.694   10.576   11.965   13.082   14.158   16.067   17.565
   18.047   19.049   19.890   20.293   21.712
            0.433103  0.578944  0.048614
 -108.586  -56.917  -56.917  -56.917   -4.625   -0.532   -0.492   -0.329   -0.263    0.154
    1.218    3.725    4.503    8.660   10.538   12.072   13.093   14.121   16.007   17.632
   18.102   19.047   19.845   20.260   21.779
            0.441942  0.574524  0.044194
 -108.586  -56.917  -56.917  -56.917   -4.624   -0.533   -0.490   -0.332   -0.261    0.155
    1.216    3.716    4.519    8.626   10.502   12.184   13.104   14.080   15.952   17.692
   18.164   19.046   19.798   20.225   21.828
            0.450781  0.570105  0.039775
 -108.586  -56.917  -56.917  -56.917   -4.623   -0.534   -0.488   -0.335   -0.259    0.156
    1.213    3.708    4.535    8.591   10.467   12.298   13.115   14.035   15.903   17.746
   18.234   19.046   19.747   20.189   21.818
            0.459619  0.565685  0.035355
 -108.586  -56.917  -56.917  -56.917   -4.623   -0.534   -0.486   -0.337   -0.257    0.157
    1.210    3.701    4.549    8.558   10.433   12.415   13.127   13.986   15.860   17.792
   18.309   19.047   19.692   20.153   21.764
            0.468458  0.561266  0.030936
 -108.586  -56.917  -56.917  -56.917   -4.622   -0.535   -0.484   -0.340   -0.255    0.158
    1.207    3.695    4.562    8.527   10.401   12.534   13.138   13.933   15.824   17.832
   18.389   19.049   19.632   20.119   21.702
            0.477297  0.556847  0.026517
 -108.586  -56.917  -56.917  -56.917   -4.621   -0.535   -0.482   -0.343   -0.253    0.159
    1.204    3.691    4.573    8.498   10.370   12.654   13.149   13.877   15.795   17.865
   18.472   19.052   19.568   20.087   21.643
            0.486136  0.552427  0.022097
 -108.586  -56.917  -56.917  -56.917   -4.620   -0.536   -0.480   -0.345   -0.252    0.160
    1.202    3.687    4.582    8.472   10.340   12.773   13.158   13.818   15.773   17.892
   18.557   19.056   19.498   20.061   21.589
            0.494975  0.548008  0.017678
 -108.586  -56.917  -56.917  -56.917   -4.620   -0.536   -0.478   -0.348   -0.250    0.160
    1.199    3.685    4.588    8.450   10.311   12.892   13.167   13.757   15.759   17.912
   18.640   19.061   19.423   20.040   21.541
            0.503814  0.543588  0.013258
 -108.586  -56.917  -56.917  -56.917   -4.619   -0.536   -0.477   -0.350   -0.249    0.161
    1.196    3.685    4.591    8.432   10.283   13.007   13.176   13.698   15.752   17.926
   18.719   19.067   19.346   20.027   21.500
            0.512652  0.539169  0.008839
 -108.586  -56.917  -56.917  -56.917   -4.618   -0.536   -0.475   -0.352   -0.248    0.162
    1.194    3.686    4.591    8.419   10.257   13.111   13.185   13.644   15.753   17.934
   18.786   19.078   19.272   20.021   21.466
            0.521491  0.534750  0.004419
 -108.586  -56.917  -56.917  -56.917   -4.617   -0.535   -0.474   -0.354   -0.247    0.163
    1.192    3.688    4.588    8.410   10.232   13.171   13.219   13.605   15.762   17.935
   18.827   19.096   19.210   20.024   21.439
            0.530330  0.530330  0.000000
 -108.586  -56.917  -56.917  -56.917   -4.617   -0.535   -0.473   -0.356   -0.247    0.164
    1.190    3.693    4.582    8.405   10.207   13.177   13.263   13.605   15.779   17.930
   18.823   19.116   19.186   20.036   21.419
            0.528857  0.528857 -0.000000
 -108.586  -56.917  -56.917  -56.917   -4.617   -0.535   -0.474   -0.355   -0.247    0.163
    1.191    3.689    4.587    8.407   10.223   13.178   13.248   13.587   15.765   17.936
   18.843   19.111   19.178   20.025   21.430
            0.527384  0.527384  0.000000
 -108.586  -56.917  -56.917  -56.917   -4.618   -0.536   -0.474   -0.353   -0.247    0.163
    1.192    3.686    4.592    8.408   10.239   13.179   13.233   13.570   15.752   17.941
   18.863   19.106   19.170   20.015   21.441
            0.525911  0.525911  0.000000
 -108.586  -56.917  -56.917  -56.917   -4.618   -0.536   -0.475   -0.352   -0.248    0.162
    1.193    3.683    4.598    8.409   10.254   13.180   13.219   13.552   15.738   17.946
   18.883   19.100   19.163   20.005   21.452
            0.524438  0.524438 -0.000000
 -108.586  -56.917  -56.917  -56.917   -4.619   -0.536   -0.476   -0.351   -0.248    0.162
    1.195    3.680    4.603    8.410   10.269   13.181   13.204   13.534   15.724   17.950
   18.902   19.094   19.155   19.995   21.463
            0.522964  0.522964  0.000000
 -108.586  -56.917  -56.917  -56.917   -4.619   -0.536   -0.477   -0.350   -0.248    0.161
    1.196    3.677    4.608    8.411   10.284   13.183   13.190   13.516   15.710   17.954
   18.922   19.088   19.148   19.985   21.473
            0.521491  0.521491  0.000000
 -108.586  -56.917  -56.917  -56.917   -4.620   -0.537   -0.477   -0.349   -0.249    0.160
    1.197    3.675    4.613    8.412   10.299   13.175   13.186   13.498   15.696   17.957
   18.942   19.082   19.141   19.975   21.484
            0.520018  0.520018 -0.000000
 -108.586  -56.917  -56.917  -56.917   -4.620   -0.537   -0.478   -0.348   -0.249    0.160
    1.199    3.672    4.619    8.413   10.314   13.161   13.188   13.481   15.683   17.960
   18.962   19.076   19.135   19.965   21.495
            0.518545  0.518545  0.000000
 -108.586  -56.917  -56.917  -56.917   -4.621   -0.537   -0.479   -0.347   -0.250    0.159
    1.201    3.669    4.624    8.414   10.328   13.146   13.191   13.463   15.669   17.963
   18.982   19.069   19.129   19.955   21.506
            0.517072  0.517072  0.000000
 -108.586  -56.917  -56.917  -56.917   -4.621   -0.538   -0.479   -0.346   -0.250    0.158
    1.202    3.667    4.629    8.415   10.343   13.132   13.195   13.445   15.655   17.965
   19.002   19.062   19.124   19.945   21.516
            0.515599  0.515599 -0.000000
 -108.586  -56.917  -56.917  -56.917   -4.622   -0.538   -0.480   -0.345   -0.250    0.157
    1.204    3.665    4.635    8.416   10.357   13.117   13.198   13.427   15.641   17.966
   19.022   19.054   19.119   19.935   21.527
            0.514126  0.514126  0.000000
 -108.586  -56.917  -56.917  -56.917   -4.622   -0.538   -0.481   -0.344   -0.251    0.156
    1.206    3.662    4.640    8.416   10.371   13.103   13.202   13.409   15.627   17.967
   19.042   19.046   19.114   19.925   21.538
            0.512652  0.512652  0.000000
 -108.586  -56.917  -56.917  -56.917   -4.623   -0.539   -0.482   -0.342   -0.251    0.155
    1.207    3.660    4.646    8.417   10.385   13.088   13.207   13.391   15.614   17.968
   19.038   19.062   19.110   19.915   21.548
            0.511179  0.511179 -0.000000
 -108.586  -56.917  -56.917  -56.917   -4.624   -0.539   -0.482   -0.341   -0.251    0.154
    1.209    3.658    4.651    8.418   10.399   13.074   13.212   13.373   15.600   17.968
   19.029   19.082   19.107   19.905   21.559
            0.509706  0.509706  0.000000
 -108.586  -56.917  -56.917  -56.917   -4.624   -0.539   -0.483   -0.340   -0.252    0.153
    1.211    3.656    4.657    8.418   10.412   13.060   13.217   13.355   15.586   17.967
   19.020   19.102   19.105   19.894   21.570
            0.508233  0.508233  0.000000
 -108.586  -56.917  -56.917  -56.917   -4.625   -0.540   -0.484   -0.339   -0.252    0.152
    1.213    3.655    4.662    8.419   10.426   13.046   13.223   13.337   15.572   17.966
   19.010   19.103   19.122   19.884   21.580
            0.506760  0.506760 -0.000000
 -108.586  -56.917  -56.917  -56.917   -4.625   -0.540   -0.485   -0.338   -0.253    0.151
    1.215    3.653    4.668    8.420   10.439   13.031   13.229   13.319   15.558   17.965
   19.000   19.102   19.142   19.874   21.591
            0.505287  0.505287  0.000000
 -108.586  -56.917  -56.917  -56.917   -4.626   -0.540   -0.486   -0.337   -0.253    0.150
    1.218    3.651    4.674    8.420   10.452   13.017   13.235   13.301   15.544   17.963
   18.990   19.101   19.162   19.864   21.602
            0.503814  0.503814  0.000000
 -108.586  -56.917  -56.917  -56.917   -4.627   -0.541   -0.486   -0.336   -0.253    0.148
    1.220    3.650    4.679    8.420   10.464   13.003   13.242   13.284   15.531   17.960
   18.979   19.101   19.182   19.853   21.612
            0.502340  0.502340 -0.000000
 -108.586  -56.917  -56.917  -56.917   -4.627   -0.541   -0.487   -0.335   -0.254    0.147
    1.222    3.649    4.685    8.421   10.477   12.989   13.249   13.266   15.517   17.957
   18.968   19.101   19.202   19.842   21.623
            0.500867  0.500867  0.000000
 -108.586  -56.917  -56.917  -56.917   -4.628   -0.541   -0.488   -0.334   -0.254    0.145
    1.225    3.647    4.691    8.421   10.489   12.975   13.247   13.258   15.503   17.953
   18.957   19.102   19.222   19.832   21.633
            0.499394  0.499394  0.000000
 -108.586  -56.917  -56.917  -56.917   -4.629   -0.542   -0.489   -0.333   -0.254    0.144
    1.227    3.646    4.696    8.421   10.502   12.961   13.229   13.266   15.489   17.949
   18.945   19.103   19.242   19.821   21.644
            0.497921  0.497921 -0.000000
 -108.586  -56.917  -56.917  -56.917   -4.630   -0.542   -0.489   -0.332   -0.255    0.142
    1.230    3.645    4.702    8.422   10.514   12.947   13.211   13.274   15.476   17.944
   18.933   19.105   19.262   19.810   21.654
            0.496448  0.496448  0.000000
 -108.586  -56.917  -56.917  -56.917   -4.630   -0.542   -0.490   -0.331   -0.255    0.141
    1.232    3.644    4.708    8.422   10.525   12.933   13.193   13.283   15.462   17.939
   18.921   19.107   19.282   19.799   21.665
            0.494975  0.494975  0.000000
 -108.586  -56.917  -56.917  -56.917   -4.631   -0.542   -0.491   -0.330   -0.256    0.139
    1.235    3.644    4.714    8.422   10.537   12.919   13.175   13.292   15.448   17.934
   18.909   19.110   19.302   19.788   21.675
            0.493502  0.493502 -0.000000
 -108.586  -56.917  -56.917  -56.917   -4.632   -0.543   -0.492   -0.329   -0.256    0.137
    1.238    3.643    4.719    8.422   10.548   12.905   13.158   13.302   15.435   17.928
   18.896   19.113   19.322   19.777   21.685
            0.492028  0.492028  0.000000
 -108.586  -56.917  -56.917  -56.917   -4.633   -0.543   -0.493   -0.328   -0.256    0.135
    1.241    3.642    4.725    8.422   10.560   12.891   13.140   13.312   15.421   17.921
   18.883   19.116   19.342   19.766   21.696
            0.490555  0.490555  0.000000
 -108.586  -56.917  -56.917  -56.917   -4.633   -0.543   -0.493   -0.327   -0.257    0.134
    1.244    3.642    4.731    8.422   10.571   12.878   13.122   13.323   15.407   17.914
   18.871   19.120   19.362   19.755   21.706
            0.489082  0.489082 -0.000000
 -108.586  -56.917  -56.917  -56.917   -4.634   -0.544   -0.494   -0.326   -0.257    0.132
    1.247    3.642    4.737    8.422   10.581   12.864   13.104   13.334   15.394   17.907
   18.857   19.124   19.382   19.744   21.716
            0.487609  0.487609  0.000000
 -108.586  -56.917  -56.917  -56.917   -4.635   -0.544   -0.495   -0.325   -0.257    0.130
    1.250    3.641    4.743    8.422   10.592   12.850   13.086   13.345   15.380   17.899
   18.844   19.128   19.401   19.733   21.726
            0.486136  0.486136  0.000000
 -108.586  -56.917  -56.917  -56.917   -4.636   -0.544   -0.496   -0.324   -0.258    0.128
    1.253    3.641    4.749    8.422   10.602   12.836   13.068   13.357   15.366   17.891
   18.831   19.132   19.421   19.722   21.737
            0.484663  0.484663 -0.000000
 -108.586  -56.917  -56.917  -56.917   -4.637   -0.545   -0.497   -0.323   -0.258    0.126
    1.257    3.641    4.755    8.422   10.613   12.823   13.050   13.369   15.353   17.883
   18.817   19.136   19.441   19.711   21.747
            0.483190  0.483190  0.000000
 -108.586  -56.917  -56.917  -56.917   -4.637   -0.545   -0.498   -0.322   -0.258    0.123
    1.260    3.641    4.761    8.421   10.622   12.809   13.032   13.382   15.339   17.874
   18.803   19.140   19.461   19.700   21.757
            0.481716  0.481716  0.000000
 -108.586  -56.917  -56.917  -56.917   -4.638   -0.545   -0.498   -0.321   -0.259    0.121
    1.263    3.642    4.767    8.421   10.632   12.796   13.014   13.395   15.326   17.865
   18.790   19.145   19.481   19.690   21.767
            0.480243  0.480243 -0.000000
 -108.586  -56.917  -56.917  -56.917   -4.639   -0.546   -0.499   -0.320   -0.259    0.119
    1.267    3.642    4.773    8.421   10.642   12.782   12.996   13.408   15.312   17.855
   18.776   19.149   19.501   19.679   21.777
            0.478770  0.478770  0.000000
 -108.586  -56.917  -56.917  -56.917   -4.640   -0.546   -0.500   -0.320   -0.260    0.117
    1.271    3.642    4.779    8.420   10.651   12.769   12.978   13.422   15.299   17.846
   18.761   19.152   19.521   19.669   21.787
            0.477297  0.477297  0.000000
 -108.586  -56.917  -56.917  -56.917   -4.641   -0.546   -0.501   -0.319   -0.260    0.114
    1.274    3.643    4.785    8.420   10.660   12.755   12.961   13.436   15.286   17.835
   18.747   19.156   19.541   19.660   21.797
            0.475824  0.475824 -0.000000
 -108.586  -56.917  -56.917  -56.917   -4.642   -0.546   -0.502   -0.318   -0.260    0.112
    1.278    3.644    4.791    8.419   10.669   12.742   12.943   13.450   15.272   17.825
   18.733   19.159   19.561   19.651   21.807
            0.474351  0.474351  0.000000
 -108.586  -56.917  -56.917  -56.917   -4.643   -0.547   -0.502   -0.317   -0.261    0.109
    1.282    3.644    4.797    8.418   10.678   12.729   12.925   13.465   15.259   17.814
   18.719   19.162   19.580   19.642   21.817
            0.472878  0.472878  0.000000
 -108.586  -56.917  -56.917  -56.917   -4.644   -0.547   -0.503   -0.316   -0.261    0.107
    1.286    3.645    4.803    8.418   10.687   12.715   12.907   13.481   15.246   17.804
   18.704   19.164   19.600   19.634   21.826
            0.471405  0.471405 -0.000000
 -108.586  -56.917  -56.917  -56.917   -4.645   -0.547   -0.504   -0.315   -0.261    0.104
    1.290    3.646    4.809    8.417   10.695   12.702   12.889   13.496   15.232   17.793
   18.689   19.165   19.620   19.627   21.836
            0.469931  0.469931  0.000000
 -108.586  -56.917  -56.917  -56.917   -4.646   -0.548   -0.505   -0.314   -0.262    0.101
    1.294    3.647    4.815    8.416   10.703   12.689   12.872   13.513   15.219   17.781
   18.675   19.166   19.621   19.640   21.846
            0.468458  0.468458  0.000000
 -108.586  -56.917  -56.917  -56.917   -4.647   -0.548   -0.506   -0.314   -0.262    0.099
    1.299    3.649    4.822    8.415   10.711   12.676   12.854   13.529   15.206   17.770
   18.660   19.165   19.615   19.660   21.856
            0.466985  0.466985 -0.000000
 -108.586  -56.917  -56.917  -56.917   -4.648   -0.548   -0.507   -0.313   -0.262    0.096
    1.303    3.650    4.828    8.415   10.719   12.662   12.836   13.546   15.193   17.758
   18.645   19.164   19.611   19.679   21.865
            0.465512  0.465512  0.000000
 -108.586  -56.917  -56.917  -56.917   -4.649   -0.549   -0.508   -0.312   -0.263    0.093
    1.308    3.651    4.834    8.414   10.727   12.649   12.819   13.563   15.180   17.746
   18.630   19.162   19.608   19.699   21.875
            0.464039  0.464039  0.000000
 -108.586  -56.917  -56.917  -56.917   -4.650   -0.549   -0.508   -0.311   -0.263    0.090
    1.312    3.653    4.840    8.413   10.734   12.636   12.801   13.581   15.167   17.734
   18.615   19.158   19.605   19.719   21.884
            0.462566  0.462566 -0.000000
 -108.586  -56.917  -56.917  -56.917   -4.651   -0.549   -0.509   -0.310   -0.263    0.087
    1.317    3.655    4.846    8.411   10.742   12.623   12.783   13.598   15.154   17.722
   18.600   19.154   19.604   19.739   21.894
            0.461093  0.461093  0.000000
 -108.586  -56.917  -56.917  -56.917   -4.652   -0.549   -0.510   -0.310   -0.264    0.085
    1.321    3.656    4.853    8.410   10.749   12.610   12.766   13.617   15.141   17.709
   18.585   19.148   19.605   19.758   21.903
            0.459619  0.459619  0.000000
 -108.586  -56.917  -56.917  -56.917   -4.653   -0.550   -0.511   -0.309   -0.264    0.082
    1.326    3.658    4.859    8.409   10.756   12.597   12.748   13.635   15.128   17.696
   18.570   19.141   19.606   19.778   21.913
            0.458146  0.458146 -0.000000
 -108.586  -56.917  -56.917  -56.917   -4.654   -0.550   -0.512   -0.308   -0.264    0.078
    1.331    3.660    4.865    8.408   10.763   12.584   12.731   13.654   15.115   17.684
   18.554   19.133   19.609   19.798   21.922
            0.456673  0.456673  0.000000
 -108.586  -56.917  -56.917  -56.917   -4.655   -0.550   -0.513   -0.308   -0.265    0.075
    1.336    3.663    4.871    8.406   10.769   12.572   12.713   13.674   15.102   17.671
   18.539   19.124   19.612   19.817   21.931
            0.455200  0.455200  0.000000
 -108.586  -56.917  -56.917  -56.917   -4.656   -0.551   -0.514   -0.307   -0.265    0.072
    1.341    3.665    4.878    8.405   10.776   12.559   12.696   13.693   15.089   17.658
   18.524   19.113   19.617   19.837   21.941
            0.453727  0.453727 -0.000000
 -108.586  -56.917  -56.917  -56.917   -4.657   -0.551   -0.514   -0.306   -0.265    0.069
    1.346    3.667    4.884    8.404   10.782   12.546   12.678   13.713   15.077   17.645
   18.508   19.102   19.623   19.857   21.950
            0.452254  0.452254  0.000000
 -108.586  -56.917  -56.917  -56.917   -4.658   -0.551   -0.515   -0.306   -0.266    0.066
    1.352    3.670    4.891    8.402   10.789   12.533   12.661   13.733   15.064   17.631
   18.493   19.090   19.630   19.876   21.959
            0.450781  0.450781  0.000000
 -108.586  -56.917  -56.917  -56.917   -4.659   -0.552   -0.516   -0.305   -0.266    0.063
    1.357    3.672    4.897    8.401   10.795   12.521   12.643   13.754   15.051   17.618
   18.477   19.077   19.637   19.896   21.968
            0.449307  0.449307 -0.000000
 -108.586  -56.917  -56.917  -56.917   -4.661   -0.552   -0.517   -0.304   -0.266    0.059
    1.362    3.675    4.903    8.399   10.801   12.508   12.626   13.775   15.039   17.605
   18.461   19.063   19.646   19.916   21.977
            0.447834  0.447834  0.000000
 -108.586  -56.917  -56.917  -56.917   -4.662   -0.552   -0.518   -0.304   -0.267    0.056
    1.368    3.678    4.910    8.397   10.807   12.496   12.609   13.796   15.026   17.591
   18.445   19.048   19.655   19.935   21.986
            0.446361  0.446361  0.000000
 -108.586  -56.917  -56.917  -56.917   -4.663   -0.552   -0.519   -0.303   -0.267    0.053
    1.374    3.681    4.916    8.395   10.812   12.483   12.591   13.817   15.014   17.577
   18.430   19.033   19.665   19.955   21.995
            0.444888  0.444888 -0.000000
 -108.586  -56.917  -56.917  -56.917   -4.664   -0.553   -0.520   -0.302   -0.267    0.049
    1.379    3.684    4.922    8.394   10.818   12.470   12.574   13.839   15.001   17.564
   18.414   19.017   19.676   19.974   22.003
            0.443415  0.443415  0.000000
 -108.586  -56.917  -56.917  -56.917   -4.665   -0.553   -0.520   -0.302   -0.268    0.046
    1.385    3.687    4.929    8.392   10.824   12.458   12.557   13.861   14.989   17.550
   18.398   19.000   19.687   19.994   22.012
            0.441942  0.441942  0.000000
 -108.586  -56.917  -56.917  -56.917   -4.667   -0.553   -0.521   -0.301   -0.268    0.042
    1.391    3.690    4.935    8.390   10.829   12.446   12.540   13.883   14.977   17.536
   18.382   18.983   19.699   20.014   22.021
            0.440469  0.440469 -0.000000
 -108.586  -56.917  -56.917  -56.917   -4.668   -0.554   -0.522   -0.301   -0.268    0.039
    1.397    3.693    4.942    8.388   10.834   12.433   12.522   13.906   14.964   17.522
   18.365   18.966   19.711   20.033   22.029
            0.438995  0.438995  0.000000
 -108.586  -56.917  -56.917  -56.917   -4.669   -0.554   -0.523   -0.300   -0.269    0.035
    1.403    3.697    4.948    8.386   10.840   12.421   12.505   13.928   14.952   17.508
   18.349   18.948   19.724   20.053   22.038
            0.437522  0.437522  0.000000
 -108.586  -56.917  -56.917  -56.917   -4.671   -0.554   -0.524   -0.300   -0.269    0.031
    1.409    3.700    4.955    8.384   10.845   12.409   12.488   13.951   14.940   17.494
   18.333   18.930   19.737   20.072   22.046
            0.436049  0.436049 -0.000000
 -108.586  -56.917  -56.917  -56.917   -4.672   -0.555   -0.525   -0.299   -0.269    0.028
    1.415    3.704    4.961    8.381   10.850   12.396   12.471   13.975   14.928   17.480
   18.317   18.912   19.750   20.092   22.055
            0.434576  0.434576  0.000000
 -108.586  -56.917  -56.917  -56.917   -4.673   -0.555   -0.526   -0.299   -0.270    0.024
    1.422    3.708    4.968    8.379   10.855   12.384   12.454   13.998   14.916   17.465
   18.300   18.893   19.764   20.111   22.063
            0.433103  0.433103  0.000000
 -108.586  -56.917  -56.917  -56.917   -4.675   -0.555   -0.527   -0.298   -0.270    0.021
    1.428    3.711    4.974    8.377   10.860   12.372   12.437   14.022   14.904   17.451
   18.284   18.874   19.778   20.130   22.071
            0.431630  0.431630 -0.000000
 -108.586  -56.917  -56.917  -56.917   -4.676   -0.555   -0.527   -0.298   -0.270    0.017
    1.435    3.715    4.981    8.374   10.864   12.360   12.420   14.046   14.892   17.437
   18.267   18.855   19.792   20.150   22.079
            0.430157  0.430157  0.000000
 -108.586  -56.917  -56.917  -56.917   -4.677   -0.556   -0.528   -0.298   -0.271    0.013
    1.441    3.719    4.987    8.372   10.869   12.348   12.403   14.070   14.880   17.423
   18.250   18.835   19.807   20.169   22.087
            0.428683  0.428683  0.000000
 -108.586  -56.917  -56.917  -56.917   -4.679   -0.556   -0.529   -0.297   -0.271    0.009
    1.448    3.724    4.994    8.369   10.874   12.336   12.387   14.094   14.868   17.408
   18.233   18.816   19.822   20.189   22.095
            0.427210  0.427210 -0.000000
 -108.586  -56.917  -56.917  -56.917   -4.680   -0.556   -0.530   -0.297   -0.271    0.006
    1.455    3.728    5.000    8.367   10.878   12.324   12.370   14.119   14.856   17.394
   18.216   18.797   19.837   20.208   22.103
            0.425737  0.425737  0.000000
 -108.586  -56.917  -56.917  -56.917   -4.682   -0.557   -0.531   -0.297   -0.272    0.002
    1.461    3.732    5.007    8.364   10.883   12.312   12.353   14.144   14.845   17.379
   18.199   18.777   19.853   20.228   22.111
            0.424264  0.424264  0.000000
 -108.586  -56.917  -56.917  -56.917   -4.683   -0.557   -0.532   -0.296   -0.272   -0.002
    1.468    3.737    5.014    8.361   10.887   12.300   12.336   14.169   14.833   17.365
   18.182   18.757   19.869   20.247   22.118
            0.422791  0.422791 -0.000000
 -108.586  -56.917  -56.917  -56.917   -4.684   -0.557   -0.533   -0.296   -0.272   -0.006
    1.475    3.741    5.020    8.359   10.891   12.288   12.320   14.194   14.822   17.350
   18.165   18.737   19.884   20.266   22.126
            0.421318  0.421318  0.000000
 -108.586  -56.917  -56.917  -56.917   -4.686   -0.558   -0.534   -0.296   -0.272   -0.010
    1.482    3.746    5.027    8.356   10.896   12.277   12.303   14.219   14.810   17.336
   18.148   18.718   19.901   20.286   22.133
            0.419845  0.419845  0.000000
 -108.586  -56.917  -56.917  -56.917   -4.687   -0.558   -0.535   -0.295   -0.273   -0.014
    1.490    3.751    5.033    8.353   10.900   12.265   12.287   14.245   14.799   17.321
   18.130   18.698   19.917   20.305   22.141
            0.418372  0.418372 -0.000000
 -108.586  -56.917  -56.917  -56.917   -4.689   -0.558   -0.535   -0.295   -0.273   -0.018
    1.497    3.755    5.040    8.350   10.904   12.253   12.270   14.271   14.787   17.307
   18.112   18.678   19.933   20.324   22.148
            0.416898  0.416898  0.000000
 -108.586  -56.917  -56.917  -56.917   -4.690   -0.558   -0.536   -0.295   -0.273   -0.021
    1.504    3.760    5.046    8.347   10.908   12.241   12.254   14.296   14.776   17.292
   18.095   18.658   19.950   20.344   22.155
            0.415425  0.415425  0.000000
 -108.586  -56.917  -56.917  -56.917   -4.692   -0.559   -0.537   -0.295   -0.274   -0.025
    1.512    3.765    5.053    8.344   10.912   12.230   12.237   14.322   14.765   17.278
   18.077   18.639   19.966   20.363   22.162
            0.413952  0.413952 -0.000000
 -108.586  -56.917  -56.917  -56.917   -4.694   -0.559   -0.538   -0.295   -0.274   -0.029
    1.519    3.771    5.060    8.341   10.916   12.218   12.221   14.348   14.754   17.263
   18.059   18.619   19.983   20.382   22.169
            0.412479  0.412479  0.000000
 -108.586  -56.917  -56.917  -56.917   -4.695   -0.559   -0.539   -0.294   -0.274   -0.033
    1.527    3.776    5.066    8.338   10.920   12.205   12.207   14.375   14.743   17.248
   18.041   18.600   20.000   20.401   22.175
            0.411006  0.411006  0.000000
 -108.586  -56.917  -56.917  -56.917   -4.697   -0.560   -0.540   -0.294   -0.274   -0.037
    1.534    3.781    5.073    8.334   10.924   12.188   12.195   14.401   14.732   17.234
   18.023   18.580   20.017   20.421   22.182
            0.409533  0.409533 -0.000000
 -108.586  -56.917  -56.917  -56.917   -4.698   -0.560   -0.541   -0.294   -0.275   -0.041
    1.542    3.787    5.080    8.331   10.928   12.172   12.184   14.428   14.721   17.219
   18.004   18.561   20.035   20.440   22.188
            0.408060  0.408060  0.000000
 -108.586  -56.917  -56.917  -56.917   -4.700   -0.560   -0.542   -0.294   -0.275   -0.045
    1.550    3.792    5.086    8.328   10.932   12.156   12.172   14.454   14.710   17.204
   17.986   18.542   20.052   20.459   22.194
            0.406586  0.406586  0.000000
 -108.586  -56.917  -56.917  -56.917   -4.702   -0.561   -0.543   -0.294   -0.275   -0.049
    1.558    3.798    5.093    8.324   10.936   12.140   12.161   14.481   14.699   17.190
   17.967   18.523   20.069   20.478   22.200
            0.405113  0.405113 -0.000000
 -108.586  -56.917  -56.917  -56.917   -4.703   -0.561   -0.543   -0.294   -0.275   -0.053
    1.566    3.804    5.099    8.321   10.940   12.124   12.150   14.508   14.689   17.175
   17.948   18.504   20.087   20.498   22.206
            0.403640  0.403640  0.000000
 -108.586  -56.917  -56.917  -56.917   -4.705   -0.561   -0.544   -0.294   -0.276   -0.057
    1.574    3.809    5.106    8.317   10.943   12.108   12.138   14.534   14.678   17.160
   17.929   18.486   20.105   20.517   22.212
            0.402167  0.402167  0.000000
 -108.586  -56.917  -56.917  -56.917   -4.707   -0.562   -0.545   -0.294   -0.276   -0.061
    1.582    3.815    5.113    8.313   10.947   12.092   12.127   14.561   14.667   17.146
   17.910   18.467   20.122   20.536   22.184
            0.400694  0.400694 -0.000000
 -108.586  -56.917  -56.917  -56.917   -4.708   -0.562   -0.546   -0.294   -0.276   -0.065
    1.591    3.821    5.119    8.310   10.951   12.076   12.116   14.588   14.657   17.131
   17.891   18.449   20.140   20.555   22.149
            0.399221  0.399221  0.000000
 -108.586  -56.917  -56.917  -56.917   -4.710   -0.562   -0.547   -0.294   -0.276   -0.069
    1.599    3.827    5.126    8.306   10.954   12.061   12.105   14.615   14.647   17.116
   17.872   18.431   20.158   20.574   22.114
            0.397748  0.397748  0.000000
 -108.586  -56.917  -56.917  -56.917   -4.712   -0.563   -0.548   -0.294   -0.277   -0.073
    1.607    3.834    5.133    8.302   10.958   12.045   12.094   14.636   14.643   17.101
   17.852   18.413   20.176   20.593   22.079
            0.396274  0.396274 -0.000000
 -108.586  -56.917  -56.917  -56.917   -4.713   -0.563   -0.549   -0.295   -0.277   -0.077
    1.616    3.840    5.139    8.298   10.962   12.029   12.083   14.626   14.670   17.087
   17.833   18.395   20.194   20.613   22.044
            0.394801  0.394801  0.000000
 -108.586  -56.917  -56.917  -56.917   -4.715   -0.563   -0.550   -0.295   -0.277   -0.080
    1.624    3.846    5.146    8.294   10.965   12.014   12.072   14.616   14.697   17.072
   17.813   18.378   20.213   20.632   22.008
            0.393328  0.393328  0.000000
 -108.586  -56.917  -56.917  -56.917   -4.717   -0.564   -0.551   -0.295   -0.277   -0.084
    1.633    3.853    5.153    8.290   10.969   11.998   12.061   14.606   14.724   17.057
   17.793   18.361   20.231   20.651   21.973
            0.391855  0.391855 -0.000000
 -108.586  -56.917  -56.917  -56.917   -4.719   -0.564   -0.552   -0.295   -0.278   -0.088
    1.642    3.859    5.159    8.286   10.973   11.983   12.050   14.596   14.751   17.043
   17.773   18.344   20.249   20.670   21.937
            0.390382  0.390382  0.000000
 -108.586  -56.917  -56.917  -56.917   -4.721   -0.564   -0.552   -0.296   -0.278   -0.092
    1.651    3.866    5.166    8.282   10.976   11.967   12.039   14.586   14.778   17.028
   17.754   18.327   20.268   20.689   21.901
            0.388909  0.388909  0.000000
 -108.586  -56.917  -56.917  -56.917   -4.722   -0.565   -0.553   -0.296   -0.278   -0.096
    1.659    3.873    5.173    8.278   10.980   11.952   12.028   14.576   14.806   17.013
   17.733   18.310   20.286   20.708   21.866
            0.387436  0.387436 -0.000000
 -108.586  -56.917  -56.917  -56.917   -4.724   -0.565   -0.554   -0.296   -0.278   -0.100
    1.668    3.879    5.179    8.274   10.983   11.937   12.017   14.566   14.833   16.998
   17.713   18.294   20.305   20.727   21.830
            0.385962  0.385962  0.000000
 -108.586  -56.917  -56.917  -56.917   -4.726   -0.565   -0.555   -0.297   -0.279   -0.103
    1.677    3.886    5.186    8.269   10.987   11.922   12.007   14.557   14.860   16.984
   17.693   18.278   20.323   20.746   21.794
            0.384489  0.384489  0.000000
 -108.586  -56.917  -56.917  -56.917   -4.728   -0.566   -0.556   -0.297   -0.279   -0.107
    1.687    3.893    5.193    8.265   10.990   11.907   11.996   14.547   14.887   16.969
   17.673   18.263   20.342   20.765   21.759
            0.383016  0.383016 -0.000000
 -108.586  -56.917  -56.917  -56.917   -4.730   -0.566   -0.557   -0.298   -0.279   -0.111
    1.696    3.900    5.199    8.260   10.993   11.892   11.985   14.537   14.914   16.954
   17.653   18.247   20.360   20.784   21.723
            0.381543  0.381543  0.000000
 -108.586  -56.917  -56.917  -56.917   -4.732   -0.566   -0.558   -0.298   -0.279   -0.115
    1.705    3.908    5.206    8.256   10.997   11.877   11.975   14.528   14.941   16.939
   17.632   18.232   20.379   20.803   21.687
            0.380070  0.380070  0.000000
 -108.586  -56.917  -56.917  -56.917   -4.734   -0.567   -0.559   -0.299   -0.280   -0.118
    1.714    3.915    5.213    8.252   11.000   11.863   11.964   14.519   14.968   16.925
   17.612   18.217   20.398   20.822   21.651
            0.378597  0.378597 -0.000000
 -108.586  -56.917  -56.917  -56.917   -4.736   -0.567   -0.560   -0.299   -0.280   -0.122
    1.724    3.922    5.219    8.247   11.004   11.848   11.954   14.509   14.994   16.910
   17.592   18.202   20.416   20.841   21.616
            0.377124  0.377124  0.000000
 -108.586  -56.917  -56.917  -56.917   -4.738   -0.567   -0.560   -0.300   -0.280   -0.126
    1.733    3.930    5.226    8.242   11.007   11.833   11.943   14.500   15.021   16.895
   17.572   18.188   20.435   20.860   21.580
            0.375650  0.375650  0.000000
 -108.586  -56.917  -56.917  -56.917   -4.740   -0.568   -0.561   -0.301   -0.280   -0.129
    1.743    3.937    5.233    8.238   11.010   11.819   11.933   14.491   15.047   16.880
   17.551   18.174   20.454   20.879   21.544
            0.374177  0.374177 -0.000000
 -108.586  -56.917  -56.917  -56.917   -4.742   -0.568   -0.562   -0.302   -0.280   -0.133
    1.753    3.945    5.239    8.233   11.013   11.805   11.922   14.482   15.074   16.865
   17.531   18.160   20.472   20.898   21.509
            0.372704  0.372704  0.000000
 -108.586  -56.917  -56.917  -56.917   -4.744   -0.568   -0.563   -0.302   -0.281   -0.136
    1.762    3.952    5.246    8.228   11.017   11.790   11.912   14.473   15.100   16.851
   17.511   18.147   20.491   20.917   21.474
            0.371231  0.371231  0.000000
 -108.586  -56.917  -56.917  -56.917   -4.746   -0.569   -0.564   -0.303   -0.281   -0.140
    1.772    3.960    5.252    8.223   11.020   11.776   11.902   14.465   15.126   16.836
   17.491   18.134   20.509   20.936   21.438
            0.369758  0.369758 -0.000000
 -108.586  -56.917  -56.917  -56.917   -4.748   -0.569   -0.565   -0.304   -0.281   -0.143
    1.782    3.968    5.259    8.218   11.023   11.762   11.891   14.456   15.151   16.821
   17.471   18.121   20.528   20.955   21.403
            0.368285  0.368285  0.000000
 -108.586  -56.917  -56.917  -56.917   -4.750   -0.569   -0.566   -0.305   -0.281   -0.146
    1.792    3.976    5.266    8.213   11.026   11.748   11.881   14.447   15.177   16.806
   17.452   18.108   20.546   20.974   21.368
            0.366812  0.366812  0.000000
 -108.586  -56.917  -56.917  -56.917   -4.752   -0.570   -0.567   -0.306   -0.281   -0.150
    1.802    3.984    5.272    8.208   11.029   11.735   11.871   14.439   15.202   16.791
   17.432   18.096   20.564   20.993   21.334
            0.365339  0.365339 -0.000000
 -108.586  -56.917  -56.917  -56.917   -4.754   -0.570   -0.568   -0.307   -0.282   -0.153
    1.812    3.992    5.279    8.203   11.032   11.721   11.861   14.430   15.227   16.776
   17.413   18.084   20.582   21.012   21.300
            0.363865  0.363865  0.000000
 -108.586  -56.917  -56.917  -56.917   -4.756   -0.571   -0.568   -0.309   -0.282   -0.156
    1.822    4.000    5.286    8.198   11.035   11.707   11.851   14.422   15.252   16.761
   17.394   18.072   20.600   21.030   21.266
            0.362392  0.362392  0.000000
 -108.586  -56.917  -56.917  -56.917   -4.758   -0.571   -0.569   -0.310   -0.282   -0.159
    1.832    4.008    5.292    8.193   11.038   11.694   11.841   14.414   15.276   16.746
   17.375   18.060   20.618   21.049   21.232
            0.360919  0.360919 -0.000000
 -108.586  -56.917  -56.917  -56.917   -4.760   -0.571   -0.570   -0.311   -0.282   -0.162
    1.843    4.016    5.299    8.188   11.040   11.681   11.831   14.406   15.300   16.731
   17.356   18.049   20.634   21.068   21.199
            0.359446  0.359446  0.000000
 -108.586  -56.917  -56.917  -56.917   -4.762   -0.572   -0.571   -0.312   -0.282   -0.165
    1.853    4.025    5.305    8.183   11.043   11.668   11.821   14.398   15.324   16.716
   17.338   18.038   20.651   21.087   21.167
            0.357973  0.357973  0.000000
 -108.586  -56.917  -56.917  -56.917   -4.764   -0.572   -0.572   -0.314   -0.282   -0.168
    1.863    4.033    5.312    8.177   11.046   11.655   11.811   14.390   15.347   16.701
   17.320   18.028   20.666   21.105   21.135
            0.356500  0.356500 -0.000000
 -108.586  -56.917  -56.917  -56.917   -4.766   -0.573   -0.573   -0.315   -0.283   -0.171
    1.874    4.042    5.318    8.172   11.048   11.642   11.801   14.382   15.370   16.685
   17.302   18.018   20.681   21.105   21.124
            0.355027  0.355027  0.000000
 -108.586  -56.917  -56.917  -56.917   -4.769   -0.574   -0.573   -0.317   -0.283   -0.174
    1.884    4.050    5.325    8.167   11.051   11.630   11.791   14.374   15.392   16.670
   17.285   18.008   20.694   21.076   21.143
            0.353553  0.353553  0.000000
 -108.586  -56.917  -56.917  -56.917   -4.771   -0.575   -0.573   -0.319   -0.283   -0.176
    1.895    4.059    5.332    8.161   11.053   11.617   11.781   14.366   15.414   16.655
   17.268   17.998   20.705   21.050   21.161
            0.352080  0.352080 -0.000000
 -108.586  -56.917  -56.917  -56.917   -4.773   -0.576   -0.574   -0.320   -0.283   -0.179
    1.906    4.067    5.338    8.156   11.055   11.605   11.771   14.359   15.435   16.639
   17.251   17.989   20.713   21.026   21.180
            0.350607  0.350607  0.000000
 -108.586  -56.917  -56.917  -56.917   -4.775   -0.576   -0.574   -0.322   -0.283   -0.182
    1.917    4.076    5.345    8.150   11.057   11.593   11.762   14.351   15.456   16.624
   17.235   17.980   20.718   21.007   21.198
            0.349134  0.349134  0.000000
 -108.586  -56.917  -56.917  -56.917   -4.777   -0.577   -0.575   -0.324   -0.283   -0.184
    1.927    4.085    5.351    8.145   11.059   11.581   11.752   14.344   15.476   16.608
   17.220   17.972   20.718   20.992   21.217
            0.347661  0.347661 -0.000000
 -108.586  -56.917  -56.917  -56.917   -4.780   -0.578   -0.575   -0.326   -0.284   -0.186
    1.938    4.094    5.358    8.139   11.061   11.570   11.742   14.337   15.496   16.592
   17.205   17.964   20.712   20.982   21.235
            0.346188  0.346188  0.000000
 -108.586  -56.917  -56.917  -56.917   -4.782   -0.579   -0.575   -0.328   -0.284   -0.189
    1.949    4.103    5.364    8.134   11.062   11.559   11.733   14.329   15.515   16.576
   17.190   17.956   20.701   20.979   21.253
            0.344715  0.344715  0.000000
 -108.586  -56.917  -56.917  -56.917   -4.784   -0.580   -0.576   -0.330   -0.284   -0.191
    1.960    4.112    5.371    8.128   11.064   11.548   11.723   14.322   15.533   16.560
   17.177   17.948   20.685   20.980   21.271
            0.343241  0.343241 -0.000000
 -108.586  -56.917  -56.917  -56.917   -4.786   -0.581   -0.576   -0.332   -0.284   -0.193
    1.972    4.121    5.377    8.122   11.065   11.537   11.713   14.315   15.551   16.544
   17.163   17.942   20.664   20.987   21.289
            0.341768  0.341768  0.000000
 -108.586  -56.917  -56.917  -56.917   -4.789   -0.582   -0.577   -0.334   -0.284   -0.195
    1.983    4.130    5.384    8.116   11.066   11.527   11.704   14.308   15.567   16.528
   17.151   17.935   20.640   20.996   21.307
            0.340295  0.340295  0.000000
 -108.586  -56.917  -56.917  -56.917   -4.791   -0.583   -0.577   -0.336   -0.284   -0.197
    1.994    4.140    5.390    8.111   11.066   11.517   11.695   14.302   15.583   16.511
   17.139   17.929   20.613   21.009   21.325
            0.338822  0.338822 -0.000000
 -108.586  -56.917  -56.917  -56.917   -4.793   -0.583   -0.578   -0.339   -0.284   -0.199
    2.005    4.149    5.396    8.105   11.067   11.507   11.685   14.295   15.599   16.495
   17.127   17.923   20.585   21.023   21.342
            0.337349  0.337349  0.000000
 -108.586  -56.917  -56.917  -56.917   -4.795   -0.584   -0.578   -0.341   -0.285   -0.201
    2.017    4.158    5.403    8.099   11.067   11.497   11.676   14.288   15.613   16.478
   17.117   17.918   20.556   21.038   21.360
            0.335876  0.335876  0.000000
 -108.586  -56.917  -56.917  -56.917   -4.798   -0.585   -0.578   -0.343   -0.285   -0.203
    2.028    4.168    5.409    8.093   11.067   11.488   11.666   14.282   15.626   16.461
   17.107   17.913   20.526   21.055   21.377
            0.334403  0.334403 -0.000000
 -108.586  -56.917  -56.917  -56.917   -4.800   -0.586   -0.579   -0.346   -0.285   -0.205
    2.040    4.177    5.416    8.087   11.067   11.480   11.657   14.276   15.639   16.444
   17.098   17.909   20.495   21.072   21.394
            0.332929  0.332929  0.000000
 -108.586  -56.917  -56.917  -56.917   -4.802   -0.587   -0.579   -0.348   -0.285   -0.207
    2.051    4.187    5.422    8.081   11.066   11.471   11.648   14.269   15.651   16.427
   17.089   17.905   20.463   21.090   21.410
            0.331456  0.331456  0.000000
 -108.586  -56.917  -56.917  -56.917   -4.805   -0.588   -0.580   -0.351   -0.285   -0.208
    2.063    4.196    5.428    8.075   11.065   11.463   11.639   14.263   15.662   16.410
   17.081   17.902   20.432   21.109   21.426
            0.329983  0.329983 -0.000000
 -108.586  -56.917  -56.917  -56.917   -4.807   -0.589   -0.580   -0.354   -0.285   -0.210
    2.075    4.206    5.435    8.069   11.064   11.456   11.630   14.257   15.671   16.393
   17.074   17.899   20.400   21.128   21.442
            0.328510  0.328510  0.000000
 -108.586  -56.917  -56.917  -56.917   -4.810   -0.590   -0.581   -0.356   -0.285   -0.211
    2.086    4.216    5.441    8.063   11.062   11.449   11.620   14.251   15.680   16.375
   17.068   17.897   20.368   21.147   21.457
            0.327037  0.327037  0.000000
 -108.586  -56.917  -56.917  -56.917   -4.812   -0.590   -0.581   -0.359   -0.285   -0.213
    2.098    4.226    5.447    8.056   11.060   11.442   11.611   14.246   15.688   16.357
   17.062   17.896   20.336   21.166   21.471
            0.325564  0.325564 -0.000000
 -108.586  -56.917  -56.917  -56.917   -4.814   -0.591   -0.582   -0.362   -0.286   -0.214
    2.110    4.236    5.454    8.050   11.057   11.436   11.602   14.240   15.695   16.340
   17.057   17.895   20.304   21.186   21.484
            0.324091  0.324091  0.000000
 -108.586  -56.917  -56.917  -56.917   -4.817   -0.592   -0.582   -0.365   -0.286   -0.216
    2.122    4.246    5.460    8.044   11.054   11.430   11.593   14.234   15.701   16.322
   17.052   17.895   20.272   21.206   21.496
            0.322617  0.322617  0.000000
 -108.586  -56.917  -56.917  -56.917   -4.819   -0.593   -0.583   -0.368   -0.286   -0.217
    2.134    4.256    5.466    8.038   11.051   11.425   11.584   14.229   15.706   16.304
   17.048   17.895   20.240   21.226   21.507
            0.321144  0.321144 -0.000000
 -108.586  -56.917  -56.917  -56.917   -4.822   -0.594   -0.583   -0.370   -0.286   -0.218
    2.146    4.266    5.473    8.031   11.047   11.420   11.575   14.223   15.710   16.286
   17.045   17.896   20.208   21.246   21.515
            0.319671  0.319671  0.000000
 -108.586  -56.917  -56.917  -56.917   -4.824   -0.595   -0.584   -0.373   -0.286   -0.219
    2.158    4.276    5.479    8.025   11.043   11.416   11.567   14.218   15.712   16.268
   17.042   17.898   20.177   21.267   21.521
            0.318198  0.318198  0.000000
 -108.586  -56.917  -56.917  -56.917   -4.827   -0.596   -0.584   -0.376   -0.286   -0.220
    2.171    4.286    5.485    8.019   11.039   11.412   11.558   14.213   15.714   16.250
   17.039   17.900   20.145   21.287   21.524
            0.316725  0.316725 -0.000000
 -108.586  -56.917  -56.917  -56.917   -4.829   -0.596   -0.585   -0.379   -0.286   -0.222
    2.183    4.296    5.491    8.012   11.034   11.409   11.549   14.208   15.715   16.231
   17.037   17.903   20.114   21.308   21.524
            0.315252  0.315252  0.000000
 -108.586  -56.917  -56.917  -56.917   -4.832   -0.597   -0.585   -0.382   -0.286   -0.223
    2.195    4.306    5.498    8.006   11.029   11.406   11.540   14.203   15.715   16.213
   17.036   17.907   20.083   21.328   21.521
            0.313779  0.313779  0.000000
 -108.586  -56.917  -56.917  -56.917   -4.834   -0.598   -0.586   -0.385   -0.286   -0.224
    2.208    4.317    5.504    7.999   11.023   11.403   11.531   14.198   15.715   16.195
   17.034   17.911   20.052   21.349   21.514
            0.312305  0.312305 -0.000000
 -108.586  -56.917  -56.917  -56.917   -4.837   -0.599   -0.586   -0.388   -0.286   -0.225
    2.220    4.327    5.510    7.993   11.017   11.401   11.523   14.193   15.713   16.176
   17.033   17.917   20.021   21.370   21.503
            0.310832  0.310832  0.000000
 -108.586  -56.917  -56.917  -56.917   -4.839   -0.600   -0.587   -0.391   -0.286   -0.226
    2.232    4.338    5.516    7.986   11.011   11.399   11.514   14.189   15.710   16.158
   17.032   17.923   19.991   21.391   21.490
            0.309359  0.309359  0.000000
 -108.586  -56.917  -56.917  -56.917   -4.842   -0.601   -0.587   -0.394   -0.286   -0.227
    2.245    4.348    5.522    7.980   11.004   11.398   11.505   14.184   15.707   16.140
   17.031   17.929   19.960   21.411   21.474
            0.307886  0.307886 -0.000000
 -108.586  -56.917  -56.917  -56.917   -4.844   -0.601   -0.588   -0.397   -0.287   -0.228
    2.258    4.359    5.528    7.973   10.997   11.397   11.497   14.180   15.702   16.121
   17.030   17.937   19.931   21.432   21.456
            0.306413  0.306413  0.000000
 -108.586  -56.917  -56.917  -56.917   -4.847   -0.602   -0.588   -0.400   -0.287   -0.228
    2.270    4.369    5.534    7.967   10.990   11.396   11.488   14.176   15.697   16.103
   17.030   17.945   19.901   21.436   21.453
            0.304940  0.304940  0.000000
 -108.586  -56.917  -56.917  -56.917   -4.849   -0.603   -0.589   -0.404   -0.287   -0.229
    2.283    4.380    5.540    7.960   10.982   11.396   11.480   14.171   15.691   16.085
   17.029   17.953   19.872   21.415   21.474
            0.303467  0.303467 -0.000000
 -108.586  -56.917  -56.917  -56.917   -4.852   -0.604   -0.589   -0.407   -0.287   -0.230
    2.296    4.391    5.547    7.953   10.975   11.396   11.471   14.167   15.685   16.067
   17.028   17.963   19.843   21.392   21.495
            0.301994  0.301994  0.000000
 -108.586  -56.917  -56.917  -56.917   -4.854   -0.605   -0.590   -0.410   -0.287   -0.231
    2.309    4.401    5.553    7.946   10.967   11.396   11.463   14.164   15.678   16.049
   17.028   17.973   19.815   21.369   21.516
            0.300520  0.300520  0.000000
 -108.586  -56.917  -56.917  -56.917   -4.857   -0.606   -0.590   -0.413   -0.287   -0.232
    2.322    4.412    5.559    7.940   10.959   11.396   11.455   14.160   15.670   16.031
   17.027   17.983   19.787   21.345   21.537
            0.299047  0.299047 -0.000000
 -108.586  -56.917  -56.917  -56.917   -4.859   -0.606   -0.591   -0.416   -0.287   -0.232
    2.335    4.423    5.565    7.933   10.951   11.397   11.446   14.156   15.661   16.013
   17.026   17.994   19.760   21.320   21.558
            0.297574  0.297574  0.000000
 -108.586  -56.917  -56.917  -56.917   -4.862   -0.607   -0.591   -0.419   -0.287   -0.233
    2.348    4.434    5.571    7.926   10.942   11.398   11.438   14.152   15.652   15.995
   17.025   18.006   19.733   21.295   21.579
            0.296101  0.296101  0.000000
 -108.586  -56.917  -56.917  -56.917   -4.865   -0.608   -0.592   -0.422   -0.287   -0.234
    2.361    4.445    5.577    7.919   10.934   11.399   11.430   14.149   15.642   15.977
   17.024   18.018   19.706   21.269   21.600
            0.294628  0.294628 -0.000000
 -108.586  -56.917  -56.917  -56.917   -4.867   -0.609   -0.593   -0.425   -0.287   -0.235
    2.374    4.456    5.582    7.912   10.925   11.400   11.421   14.146   15.632   15.959
   17.022   18.030   19.681   21.242   21.620
            0.293155  0.293155  0.000000
 -108.586  -56.917  -56.917  -56.917   -4.870   -0.610   -0.593   -0.428   -0.287   -0.235
    2.387    4.467    5.588    7.906   10.916   11.401   11.413   14.143   15.621   15.942
   17.021   18.043   19.656   21.216   21.641
            0.291682  0.291682  0.000000
 -108.586  -56.917  -56.917  -56.917   -4.872   -0.611   -0.594   -0.431   -0.287   -0.236
    2.400    4.478    5.594    7.899   10.907   11.403   11.405   14.139   15.610   15.924
   17.019   18.056   19.631   21.189   21.662
            0.290208  0.290208 -0.000000
 -108.586  -56.917  -56.917  -56.917   -4.875   -0.611   -0.594   -0.435   -0.287   -0.237
    2.414    4.489    5.600    7.892   10.898   11.397   11.404   14.136   15.598   15.907
   17.017   18.069   19.608   21.161   21.683
            0.288735  0.288735  0.000000
 -108.586  -56.917  -56.917  -56.917   -4.878   -0.612   -0.595   -0.438   -0.287   -0.237
    2.427    4.500    5.606    7.885   10.889   11.389   11.406   14.134   15.586   15.890
   17.015   18.082   19.585   21.134   21.703
            0.287262  0.287262  0.000000
 -108.586  -56.917  -56.917  -56.917   -4.880   -0.613   -0.596   -0.441   -0.287   -0.238
    2.441    4.511    5.612    7.878   10.880   11.381   11.408   14.131   15.573   15.873
   17.013   18.095   19.563   21.106   21.724
            0.285789  0.285789 -0.000000
 -108.586  -56.917  -56.917  -56.917   -4.883   -0.614   -0.596   -0.444   -0.287   -0.238
    2.454    4.522    5.618    7.871   10.871   11.373   11.410   14.128   15.560   15.856
   17.011   18.108   19.542   21.078   21.744
            0.284316  0.284316  0.000000
 -108.586  -56.917  -56.917  -56.917   -4.885   -0.615   -0.597   -0.447   -0.287   -0.239
    2.468    4.533    5.623    7.864   10.862   11.365   11.412   14.126   15.547   15.839
   17.008   18.121   19.522   21.050   21.764
            0.282843  0.282843  0.000000
 -108.586  -56.917  -56.917  -56.917   -4.888   -0.615   -0.597   -0.450   -0.287   -0.240
    2.481    4.545    5.629    7.857   10.852   11.357   11.414   14.123   15.533   15.822
   17.005   18.134   19.503   21.022   21.784
            0.281370  0.281370 -0.000000
 -108.586  -56.917  -56.917  -56.917   -4.891   -0.616   -0.598   -0.453   -0.287   -0.240
    2.495    4.556    5.635    7.849   10.843   11.349   11.416   14.121   15.519   15.805
   17.002   18.146   19.485   20.993   21.804
            0.279896  0.279896  0.000000
 -108.586  -56.917  -56.917  -56.917   -4.893   -0.617   -0.599   -0.456   -0.287   -0.241
    2.509    4.567    5.641    7.842   10.834   11.341   11.418   14.119   15.505   15.789
   16.999   18.158   19.469   20.965   21.824
            0.278423  0.278423  0.000000
 -108.586  -56.917  -56.917  -56.917   -4.896   -0.618   -0.599   -0.459   -0.287   -0.241
    2.522    4.579    5.646    7.835   10.825   11.333   11.420   14.117   15.491   15.772
   16.995   18.169   19.454   20.936   21.843
            0.276950  0.276950 -0.000000
 -108.586  -56.917  -56.917  -56.917   -4.899   -0.619   -0.600   -0.462   -0.287   -0.242
    2.536    4.590    5.652    7.828   10.815   11.326   11.422   14.115   15.476   15.755
   16.992   18.179   19.440   20.907   21.862
            0.275477  0.275477  0.000000
 -108.586  -56.917  -56.917  -56.917   -4.901   -0.619   -0.600   -0.465   -0.287   -0.242
    2.550    4.602    5.657    7.821   10.806   11.318   11.424   14.113   15.461   15.739
   16.988   18.189   19.428   20.878   21.881
            0.274004  0.274004  0.000000
 -108.586  -56.917  -56.917  -56.917   -4.904   -0.620   -0.601   -0.468   -0.287   -0.243
    2.564    4.613    5.663    7.814   10.797   11.310   11.426   14.112   15.446   15.723
   16.984   18.197   19.417   20.849   21.899
            0.272531  0.272531 -0.000000
 -108.586  -56.917  -56.917  -56.917   -4.907   -0.621   -0.602   -0.471   -0.287   -0.243
    2.578    4.625    5.669    7.806   10.788   11.302   11.428   14.110   15.431   15.706
   16.980   18.205   19.408   20.820   21.917
            0.271058  0.271058  0.000000
 -108.586  -56.917  -56.917  -56.917   -4.909   -0.622   -0.602   -0.474   -0.287   -0.244
    2.592    4.636    5.674    7.799   10.778   11.295   11.430   14.109   15.416   15.690
   16.976   18.211   19.401   20.791   21.934
            0.269584  0.269584  0.000000
 -108.586  -56.917  -56.917  -56.917   -4.912   -0.623   -0.603   -0.477   -0.287   -0.244
    2.606    4.648    5.680    7.792   10.769   11.287   11.432   14.107   15.401   15.674
   16.972   18.217   19.396   20.762   21.951
            0.268111  0.268111 -0.000000
 -108.586  -56.917  -56.917  -56.917   -4.915   -0.623   -0.604   -0.480   -0.287   -0.245
    2.620    4.659    5.685    7.784   10.760   11.280   11.434   14.106   15.386   15.658
   16.967   18.220   19.393   20.733   21.967
            0.266638  0.266638  0.000000
 -108.586  -56.917  -56.917  -56.917   -4.917   -0.624   -0.604   -0.483   -0.287   -0.245
    2.634    4.671    5.691    7.777   10.751   11.272   11.436   14.105   15.370   15.642
   16.963   18.223   19.392   20.704   21.982
            0.265165  0.265165  0.000000
 -108.586  -56.917  -56.917  -56.917   -4.920   -0.625   -0.605   -0.486   -0.287   -0.245
    2.648    4.683    5.696    7.770   10.742   11.265   11.438   14.104   15.355   15.625
   16.958   18.224   19.392   20.674   21.996
            0.263692  0.263692 -0.000000
 -108.586  -56.917  -56.917  -56.917   -4.923   -0.626   -0.605   -0.488   -0.287   -0.246
    2.663    4.694    5.702    7.762   10.733   11.257   11.440   14.104   15.340   15.609
   16.954   18.223   19.395   20.645   22.009
            0.262219  0.262219  0.000000
 -108.586  -56.917  -56.917  -56.917   -4.925   -0.627   -0.606   -0.491   -0.287   -0.246
    2.677    4.706    5.707    7.755   10.724   11.250   11.442   14.103   15.324   15.593
   16.949   18.221   19.400   20.615   22.021
            0.260746  0.260746  0.000000
 -108.586  -56.917  -56.917  -56.917   -4.928   -0.627   -0.607   -0.494   -0.287   -0.247
    2.691    4.718    5.712    7.747   10.715   11.242   11.444   14.102   15.309   15.577
   16.944   18.218   19.407   20.586   22.031
            0.259272  0.259272 -0.000000
 -108.586  -56.917  -56.917  -56.917   -4.931   -0.628   -0.607   -0.497   -0.287   -0.247
    2.706    4.730    5.718    7.740   10.706   11.235   11.445   14.102   15.294   15.561
   16.939   18.213   19.416   20.556   22.040
            0.257799  0.257799  0.000000
 -108.586  -56.917  -56.917  -56.917   -4.934   -0.629   -0.608   -0.500   -0.287   -0.248
    2.720    4.741    5.723    7.733   10.697   11.228   11.447   14.102   15.279   15.545
   16.934   18.206   19.426   20.527   22.046
            0.256326  0.256326  0.000000
 -108.586  -56.917  -56.917  -56.917   -4.936   -0.630   -0.609   -0.503   -0.287   -0.248
    2.735    4.753    5.728    7.725   10.688   11.220   11.448   14.102   15.263   15.529
   16.929   18.199   19.439   20.497   22.050
            0.254853  0.254853 -0.000000
 -108.586  -56.917  -56.917  -56.917   -4.939   -0.630   -0.610   -0.505   -0.287   -0.248
    2.749    4.765    5.734    7.718   10.680   11.213   11.450   14.102   15.248   15.513
   16.923   18.190   19.453   20.468   22.052
            0.253380  0.253380  0.000000
 -108.586  -56.917  -56.917  -56.917   -4.942   -0.631   -0.610   -0.508   -0.287   -0.249
    2.764    4.777    5.739    7.710   10.671   11.206   11.451   14.102   15.233   15.497
   16.918   18.179   19.469   20.438   22.052
            0.251907  0.251907  0.000000
 -108.586  -56.917  -56.917  -56.917   -4.944   -0.632   -0.611   -0.511   -0.287   -0.249
    2.778    4.789    5.744    7.702   10.662   11.199   11.453   14.102   15.219   15.480
   16.913   18.168   19.486   20.409   22.049
            0.250434  0.250434 -0.000000
 -108.586  -56.917  -56.917  -56.917   -4.947   -0.633   -0.612   -0.513   -0.287   -0.249
    2.793    4.801    5.749    7.695   10.654   11.192   11.454   14.102   15.204   15.464
   16.907   18.155   19.505   20.379   22.043
            0.248961  0.248961  0.000000
 -108.586  -56.917  -56.917  -56.917   -4.950   -0.633   -0.612   -0.516   -0.287   -0.250
    2.808    4.813    5.754    7.687   10.645   11.185   11.455   14.103   15.189   15.448
   16.902   18.142   19.526   20.349   22.034
            0.247487  0.247487  0.000000
 -108.586  -56.917  -56.917  -56.917   -4.952   -0.634   -0.613   -0.519   -0.287   -0.250
    2.823    4.824    5.760    7.680   10.637   11.178   11.456   14.103   15.175   15.432
   16.897   18.127   19.548   20.320   22.023
            0.246014  0.246014 -0.000000
 -108.586  -56.917  -56.917  -56.917   -4.955   -0.635   -0.614   -0.521   -0.287   -0.251
    2.838    4.836    5.765    7.672   10.629   11.171   11.457   14.104   15.161   15.416
   16.891   18.112   19.571   20.290   22.010
            0.244541  0.244541  0.000000
 -108.586  -56.917  -56.917  -56.917   -4.958   -0.636   -0.614   -0.524   -0.287   -0.251
    2.852    4.848    5.770    7.664   10.621   11.164   11.458   14.105   15.146   15.399
   16.885   18.096   19.595   20.261   21.994
            0.243068  0.243068  0.000000
 -108.586  -56.917  -56.917  -56.917   -4.961   -0.636   -0.615   -0.527   -0.287   -0.251
    2.867    4.860    5.775    7.656   10.612   11.157   11.458   14.106   15.132   15.383
   16.880   18.079   19.620   20.231   21.976
            0.241595  0.241595 -0.000000
 -108.586  -56.917  -56.917  -56.917   -4.963   -0.637   -0.616   -0.529   -0.287   -0.252
    2.882    4.872    5.780    7.649   10.604   11.150   11.459   14.107   15.119   15.367
   16.874   18.062   19.647   20.201   21.956
            0.240122  0.240122  0.000000
 -108.586  -56.917  -56.917  -56.917   -4.966   -0.638   -0.616   -0.532   -0.287   -0.252
    2.897    4.884    5.785    7.641   10.596   11.143   11.459   14.108   15.105   15.350
   16.869   18.044   19.674   20.172   21.935
            0.238649  0.238649  0.000000
 -108.586  -56.917  -56.917  -56.917   -4.969   -0.639   -0.617   -0.534   -0.287   -0.252
    2.912    4.896    5.790    7.633   10.589   11.136   11.460   14.110   15.092   15.334
   16.863   18.025   19.702   20.142   21.912
            0.237175  0.237175 -0.000000
 -108.586  -56.917  -56.917  -56.917   -4.971   -0.639   -0.618   -0.537   -0.287   -0.253
    2.927    4.908    5.795    7.625   10.581   11.129   11.460   14.111   15.078   15.317
   16.857   18.006   19.731   20.113   21.889
            0.235702  0.235702  0.000000
 -108.586  -56.917  -56.917  -56.917   -4.974   -0.640   -0.619   -0.539   -0.287   -0.253
    2.943    4.920    5.799    7.618   10.573   11.123   11.460   14.113   15.065   15.301
   16.852   17.987   19.761   20.083   21.864
            0.234229  0.234229  0.000000
 -108.586  -56.917  -56.917  -56.917   -4.977   -0.641   -0.619   -0.542   -0.286   -0.253
    2.958    4.932    5.804    7.610   10.565   11.116   11.460   14.114   15.053   15.284
   16.846   17.967   19.791   20.053   21.838
            0.232756  0.232756 -0.000000
 -108.586  -56.917  -56.917  -56.917   -4.979   -0.642   -0.620   -0.544   -0.286   -0.254
    2.973    4.944    5.809    7.602   10.558   11.109   11.460   14.116   15.040   15.268
   16.840   17.947   19.822   20.024   21.812
            0.231283  0.231283  0.000000
 -108.586  -56.917  -56.917  -56.917   -4.982   -0.642   -0.621   -0.547   -0.286   -0.254
    2.988    4.956    5.814    7.594   10.550   11.103   11.459   14.118   15.028   15.251
   16.835   17.927   19.854   19.994   21.785
            0.229810  0.229810  0.000000
 -108.586  -56.917  -56.917  -56.917   -4.985   -0.643   -0.622   -0.549   -0.286   -0.254
    3.004    4.968    5.819    7.586   10.543   11.096   11.459   14.120   15.015   15.235
   16.829   17.906   19.886   19.965   21.757
            0.228337  0.228337 -0.000000
 -108.586  -56.917  -56.917  -56.917   -4.987   -0.644   -0.622   -0.551   -0.286   -0.254
    3.019    4.980    5.823    7.578   10.536   11.089   11.458   14.123   15.003   15.218
   16.823   17.886   19.918   19.935   21.729
            0.226863  0.226863  0.000000
 -108.586  -56.917  -56.917  -56.917   -4.990   -0.644   -0.623   -0.554   -0.286   -0.255
    3.034    4.992    5.828    7.570   10.529   11.083   11.457   14.125   14.992   15.201
   16.817   17.865   19.906   19.951   21.701
            0.225390  0.225390  0.000000
 -108.586  -56.917  -56.917  -56.917   -4.993   -0.645   -0.624   -0.556   -0.286   -0.255
    3.050    5.004    5.833    7.562   10.521   11.076   11.456   14.128   14.980   15.185
   16.812   17.844   19.876   19.985   21.672
            0.223917  0.223917 -0.000000
 -108.586  -56.917  -56.917  -56.917   -4.995   -0.646   -0.625   -0.558   -0.286   -0.255
    3.065    5.016    5.837    7.554   10.515   11.070   11.455   14.130   14.969   15.168
   16.806   17.823   19.847   20.019   21.643
            0.222444  0.222444  0.000000
 -108.586  -56.917  -56.917  -56.917   -4.998   -0.646   -0.625   -0.561   -0.286   -0.256
    3.081    5.028    5.842    7.546   10.508   11.064   11.454   14.133   14.958   15.151
   16.800   17.801   19.818   20.053   21.614
            0.220971  0.220971  0.000000
 -108.586  -56.917  -56.917  -56.917   -5.001   -0.647   -0.626   -0.563   -0.286   -0.256
    3.096    5.040    5.847    7.538   10.501   11.057   11.453   14.136   14.947   15.135
   16.795   17.780   19.788   20.088   21.584
            0.219498  0.219498 -0.000000
 -108.586  -56.917  -56.917  -56.917   -5.003   -0.648   -0.627   -0.565   -0.286   -0.256
    3.112    5.052    5.851    7.530   10.494   11.051   11.451   14.139   14.936   15.118
   16.789   17.759   19.759   20.122   21.555
            0.218025  0.218025  0.000000
 -108.586  -56.917  -56.917  -56.917   -5.006   -0.649   -0.627   -0.567   -0.286   -0.256
    3.127    5.065    5.856    7.522   10.488   11.044   11.449   14.142   14.926   15.101
   16.783   17.738   19.729   20.158   21.525
            0.216551  0.216551  0.000000
 -108.586  -56.917  -56.917  -56.917   -5.009   -0.649   -0.628   -0.570   -0.286   -0.257
    3.143    5.077    5.860    7.514   10.481   11.038   11.447   14.145   14.915   15.085
   16.778   17.716   19.700   20.193   21.496
            0.215078  0.215078 -0.000000
 -108.586  -56.917  -56.917  -56.917   -5.011   -0.650   -0.629   -0.572   -0.285   -0.257
    3.159    5.089    5.865    7.506   10.475   11.032   11.445   14.149   14.905   15.068
   16.772   17.695   19.671   20.228   21.466
            0.213605  0.213605  0.000000
 -108.586  -56.917  -56.917  -56.917   -5.014   -0.651   -0.630   -0.574   -0.285   -0.257
    3.174    5.101    5.869    7.497   10.468   11.026   11.443   14.152   14.895   15.052
   16.766   17.674   19.642   20.264   21.437
            0.212132  0.212132  0.000000
 -108.586  -56.917  -56.917  -56.917   -5.017   -0.651   -0.631   -0.576   -0.285   -0.258
    3.190    5.113    5.873    7.489   10.462   11.020   11.441   14.156   14.885   15.035
   16.761   17.652   19.612   20.300   21.408
            0.210659  0.210659 -0.000000
 -108.586  -56.917  -56.917  -56.917   -5.019   -0.652   -0.631   -0.578   -0.285   -0.258
    3.206    5.124    5.878    7.481   10.456   11.013   11.438   14.160   14.875   15.019
   16.755   17.631   19.583   20.335   21.378
            0.209186  0.209186  0.000000
 -108.586  -56.917  -56.917  -56.917   -5.022   -0.653   -0.632   -0.580   -0.285   -0.258
    3.222    5.136    5.882    7.473   10.450   11.007   11.435   14.164   14.866   15.003
   16.749   17.610   19.554   20.371   21.349
            0.207713  0.207713  0.000000
 -108.586  -56.917  -56.917  -56.917   -5.024   -0.653   -0.633   -0.582   -0.285   -0.258
    3.238    5.148    5.886    7.464   10.444   11.001   11.433   14.168   14.856   14.988
   16.744   17.589   19.525   20.407   21.321
            0.206239  0.206239 -0.000000
 -108.586  -56.917  -56.917  -56.917   -5.027   -0.654   -0.634   -0.584   -0.285   -0.259
    3.254    5.160    5.891    7.456   10.439   10.995   11.430   14.172   14.846   14.972
   16.738   17.568   19.496   20.442   21.292
            0.204766  0.204766  0.000000
 -108.586  -56.917  -56.917  -56.917   -5.030   -0.655   -0.634   -0.586   -0.285   -0.259
    3.270    5.172    5.895    7.448   10.433   10.989   11.426   14.176   14.836   14.957
   16.733   17.547   19.467   20.477   21.265
            0.203293  0.203293  0.000000
 -108.586  -56.917  -56.917  -56.917   -5.032   -0.655   -0.635   -0.588   -0.285   -0.259
    3.285    5.184    5.899    7.439   10.427   10.983   11.423   14.181   14.826   14.943
   16.727   17.526   19.438   20.512   21.237
            0.201820  0.201820 -0.000000
 -108.586  -56.917  -56.917  -56.917   -5.035   -0.656   -0.636   -0.590   -0.285   -0.259
    3.301    5.196    5.903    7.431   10.422   10.978   11.419   14.185   14.815   14.929
   16.722   17.505   19.409   20.546   21.211
            0.200347  0.200347  0.000000
 -108.586  -56.917  -56.917  -56.917   -5.037   -0.657   -0.637   -0.592   -0.284   -0.259
    3.318    5.208    5.908    7.423   10.417   10.972   11.416   14.190   14.804   14.915
   16.716   17.484   19.380   20.579   21.186
            0.198874  0.198874  0.000000
 -108.586  -56.917  -56.917  -56.917   -5.040   -0.657   -0.637   -0.594   -0.284   -0.260
    3.334    5.220    5.912    7.414   10.412   10.966   11.412   14.195   14.792   14.903
   16.711   17.464   19.351   20.611   21.162
            0.197401  0.197401 -0.000000
 -108.586  -56.917  -56.917  -56.917   -5.043   -0.658   -0.638   -0.596   -0.284   -0.260
    3.350    5.232    5.916    7.406   10.406   10.960   11.408   14.200   14.780   14.891
   16.705   17.444   19.322   20.641   21.140
            0.195928  0.195928  0.000000
 -108.586  -56.917  -56.917  -56.917   -5.045   -0.659   -0.639   -0.598   -0.284   -0.260
    3.366    5.243    5.920    7.397   10.402   10.954   11.403   14.205   14.767   14.881
   16.700   17.423   19.293   20.668   21.121
            0.194454  0.194454  0.000000
 -108.586  -56.917  -56.917  -56.917   -5.048   -0.659   -0.640   -0.600   -0.284   -0.260
    3.382    5.255    5.924    7.389   10.397   10.949   11.399   14.210   14.753   14.871
   16.694   17.403   19.264   20.693   21.105
            0.192981  0.192981 -0.000000
 -108.586  -56.917  -56.917  -56.917   -5.050   -0.660   -0.640   -0.602   -0.284   -0.261
    3.398    5.267    5.928    7.380   10.392   10.943   11.394   14.216   14.739   14.862
   16.689   17.383   19.236   20.712   21.094
            0.191508  0.191508  0.000000
 -108.586  -56.917  -56.917  -56.917   -5.053   -0.660   -0.641   -0.604   -0.284   -0.261
    3.414    5.279    5.932    7.372   10.387   10.937   11.390   14.221   14.724   14.854
   16.684   17.363   19.207   20.726   21.089
            0.190035  0.190035  0.000000
 -108.586  -56.917  -56.917  -56.917   -5.055   -0.661   -0.642   -0.605   -0.284   -0.261
    3.431    5.290    5.936    7.363   10.383   10.932   11.385   14.227   14.708   14.847
   16.678   17.344   19.178   20.734   21.091
            0.188562  0.188562 -0.000000
 -108.586  -56.917  -56.917  -56.917   -5.058   -0.662   -0.643   -0.607   -0.284   -0.261
    3.447    5.302    5.939    7.354   10.378   10.926   11.380   14.232   14.692   14.841
   16.673   17.324   19.150   20.734   21.099
            0.187089  0.187089  0.000000
 -108.586  -56.917  -56.917  -56.917   -5.060   -0.662   -0.643   -0.609   -0.283   -0.261
    3.463    5.314    5.943    7.346   10.374   10.921   11.374   14.238   14.676   14.836
   16.668   17.305   19.121   20.728   21.115
            0.185616  0.185616  0.000000
 -108.586  -56.917  -56.917  -56.917   -5.063   -0.663   -0.644   -0.611   -0.283   -0.262
    3.479    5.325    5.947    7.337   10.370   10.915   11.369   14.244   14.659   14.831
   16.663   17.285   19.092   20.716   21.136
            0.184142  0.184142 -0.000000
 -108.586  -56.917  -56.917  -56.917   -5.065   -0.664   -0.645   -0.612   -0.283   -0.262
    3.496    5.337    5.951    7.328   10.366   10.910   11.364   14.250   14.641   14.826
   16.657   17.266   19.064   20.700   21.162
            0.182669  0.182669  0.000000
 -108.586  -56.917  -56.917  -56.917   -5.068   -0.664   -0.646   -0.614   -0.283   -0.262
    3.512    5.349    5.955    7.319   10.362   10.904   11.358   14.257   14.624   14.823
   16.652   17.247   19.035   20.680   21.191
            0.181196  0.181196  0.000000
 -108.586  -56.917  -56.917  -56.917   -5.070   -0.665   -0.647   -0.616   -0.283   -0.262
    3.529    5.360    5.958    7.311   10.358   10.899   11.352   14.263   14.606   14.819
   16.647   17.229   19.007   20.659   21.223
            0.179723  0.179723 -0.000000
 -108.586  -56.917  -56.917  -56.917   -5.073   -0.665   -0.647   -0.617   -0.283   -0.262
    3.545    5.372    5.962    7.302   10.355   10.894   11.346   14.269   14.588   14.817
   16.642   17.210   18.979   20.635   21.257
            0.178250  0.178250  0.000000
 -108.586  -56.917  -56.917  -56.917   -5.075   -0.666   -0.648   -0.619   -0.283   -0.263
    3.561    5.383    5.966    7.293   10.351   10.888   11.340   14.276   14.569   14.814
   16.637   17.192   18.950   20.610   21.292
            0.176777  0.176777  0.000000
 -108.586  -56.917  -56.917  -56.917   -5.077   -0.667   -0.649   -0.621   -0.283   -0.263
    3.578    5.394    5.969    7.284   10.348   10.883   11.334   14.283   14.551   14.813
   16.632   17.173   18.922   20.584   21.328
            0.175304  0.175304 -0.000000
 -108.586  -56.917  -56.917  -56.917   -5.080   -0.667   -0.650   -0.622   -0.282   -0.263
    3.594    5.406    5.973    7.275   10.344   10.878   11.327   14.290   14.532   14.811
   16.627   17.155   18.894   20.558   21.366
            0.173830  0.173830  0.000000
 -108.586  -56.917  -56.917  -56.917   -5.082   -0.668   -0.650   -0.624   -0.282   -0.263
    3.611    5.417    5.976    7.266   10.341   10.873   11.321   14.297   14.513   14.810
   16.621   17.138   18.866   20.530   21.403
            0.172357  0.172357  0.000000
 -108.586  -56.917  -56.917  -56.917   -5.085   -0.668   -0.651   -0.625   -0.282   -0.263
    3.628    5.428    5.980    7.257   10.338   10.868   11.314   14.304   14.494   14.809
   16.616   17.120   18.838   20.503   21.442
            0.170884  0.170884 -0.000000
 -108.586  -56.917  -56.917  -56.917   -5.087   -0.669   -0.652   -0.627   -0.282   -0.263
    3.644    5.440    5.983    7.248   10.335   10.863   11.307   14.311   14.475   14.809
   16.611   17.102   18.810   20.475   21.481
            0.169411  0.169411  0.000000
 -108.586  -56.917  -56.917  -56.917   -5.089   -0.669   -0.653   -0.628   -0.282   -0.264
    3.661    5.451    5.987    7.239   10.332   10.858   11.300   14.318   14.456   14.809
   16.607   17.085   18.782   20.447   21.520
            0.167938  0.167938  0.000000
 -108.586  -56.917  -56.917  -56.917   -5.092   -0.670   -0.653   -0.630   -0.282   -0.264
    3.677    5.462    5.990    7.230   10.330   10.852   11.293   14.326   14.437   14.810
   16.602   17.068   18.754   20.418   21.560
            0.166465  0.166465 -0.000000
 -108.586  -56.917  -56.917  -56.917   -5.094   -0.671   -0.654   -0.631   -0.282   -0.264
    3.694    5.473    5.994    7.221   10.327   10.848   11.286   14.333   14.417   14.810
   16.597   17.051   18.726   20.390   21.600
            0.164992  0.164992  0.000000
 -108.586  -56.917  -56.917  -56.917   -5.096   -0.671   -0.655   -0.633   -0.281   -0.264
    3.711    5.484    5.997    7.212   10.325   10.843   11.278   14.341   14.398   14.811
   16.592   17.034   18.698   20.361   21.640
            0.163518  0.163518  0.000000
 -108.586  -56.917  -56.917  -56.917   -5.099   -0.672   -0.656   -0.634   -0.281   -0.264
    3.727    5.495    6.000    7.203   10.322   10.838   11.271   14.349   14.378   14.813
   16.587   17.017   18.670   20.332   21.680
            0.162045  0.162045 -0.000000
 -108.586  -56.917  -56.917  -56.917   -5.101   -0.672   -0.656   -0.636   -0.281   -0.264
    3.744    5.506    6.004    7.193   10.320   10.833   11.263   14.357   14.359   14.815
   16.582   17.001   18.642   20.303   21.721
            0.160572  0.160572  0.000000
 -108.586  -56.917  -56.917  -56.917   -5.103   -0.673   -0.657   -0.637   -0.281   -0.265
    3.761    5.517    6.007    7.184   10.318   10.828   11.256   14.339   14.365   14.817
   16.577   16.985   18.615   20.275   21.761
            0.159099  0.159099  0.000000
 -108.586  -56.917  -56.917  -56.917   -5.106   -0.673   -0.658   -0.639   -0.281   -0.265
    3.777    5.528    6.010    7.175   10.316   10.823   11.248   14.319   14.373   14.819
   16.573   16.969   18.587   20.246   21.802
            0.157626  0.157626 -0.000000
 -108.586  -56.917  -56.917  -56.917   -5.108   -0.674   -0.659   -0.640   -0.281   -0.265
    3.794    5.539    6.013    7.166   10.315   10.819   11.240   14.299   14.382   14.822
   16.568   16.953   18.559   20.217   21.843
            0.156153  0.156153  0.000000
 -108.586  -56.917  -56.917  -56.917   -5.110   -0.674   -0.659   -0.641   -0.281   -0.265
    3.811    5.550    6.016    7.156   10.313   10.814   11.232   14.279   14.390   14.824
   16.563   16.937   18.532   20.188   21.884
            0.154680  0.154680  0.000000
 -108.586  -56.917  -56.917  -56.917   -5.112   -0.675   -0.660   -0.643   -0.281   -0.265
    3.827    5.560    6.020    7.147   10.311   10.809   11.224   14.259   14.399   14.828
   16.559   16.922   18.504   20.159   21.925
            0.153206  0.153206 -0.000000
 -108.586  -56.917  -56.917  -56.917   -5.115   -0.675   -0.661   -0.644   -0.280   -0.265
    3.844    5.571    6.023    7.137   10.310   10.805   11.216   14.240   14.408   14.831
   16.554   16.907   18.477   20.131   21.967
            0.151733  0.151733  0.000000
 -108.586  -56.917  -56.917  -56.917   -5.117   -0.676   -0.662   -0.645   -0.280   -0.265
    3.861    5.581    6.026    7.128   10.309   10.800   11.208   14.219   14.416   14.835
   16.549   16.891   18.449   20.102   22.008
            0.150260  0.150260  0.000000
 -108.586  -56.917  -56.917  -56.917   -5.119   -0.677   -0.662   -0.647   -0.280   -0.266
    3.878    5.592    6.029    7.118   10.307   10.795   11.199   14.199   14.425   14.839
   16.545   16.877   18.422   20.073   22.049
            0.148787  0.148787 -0.000000
 -108.586  -56.917  -56.917  -56.917   -5.121   -0.677   -0.663   -0.648   -0.280   -0.266
    3.895    5.602    6.032    7.109   10.306   10.791   11.191   14.179   14.434   14.843
   16.540   16.862   18.395   20.045   22.090
            0.147314  0.147314  0.000000
 -108.586  -56.917  -56.917  -56.917   -5.123   -0.678   -0.664   -0.649   -0.280   -0.266
    3.911    5.613    6.035    7.099   10.306   10.787   11.182   14.159   14.444   14.848
   16.536   16.847   18.368   20.016   22.132
            0.145841  0.145841  0.000000
 -108.586  -56.917  -56.917  -56.917   -5.125   -0.678   -0.664   -0.650   -0.280   -0.266
    3.928    5.623    6.038    7.090   10.305   10.782   11.174   14.139   14.453   14.853
   16.531   16.833   18.341   19.988   22.173
            0.144368  0.144368 -0.000000
 -108.586  -56.917  -56.917  -56.917   -5.128   -0.679   -0.665   -0.651   -0.280   -0.266
    3.945    5.633    6.041    7.080   10.304   10.778   11.165   14.119   14.462   14.858
   16.527   16.819   18.313   19.959   22.215
            0.142894  0.142894  0.000000
 -108.586  -56.917  -56.917  -56.917   -5.130   -0.679   -0.666   -0.653   -0.279   -0.266
    3.962    5.644    6.043    7.070   10.304   10.773   11.156   14.099   14.472   14.863
   16.522   16.805   18.286   19.931   22.256
            0.141421  0.141421  0.000000
 -108.586  -56.917  -56.917  -56.917   -5.132   -0.680   -0.667   -0.654   -0.279   -0.266
    3.979    5.654    6.046    7.061   10.303   10.769   11.148   14.078   14.482   14.869
   16.518   16.791   18.259   19.903   22.298
            0.139948  0.139948 -0.000000
 -108.586  -56.917  -56.917  -56.917   -5.134   -0.680   -0.667   -0.655   -0.279   -0.266
    3.996    5.664    6.049    7.051   10.303   10.765   11.139   14.058   14.492   14.874
   16.513   16.777   18.232   19.875   22.339
            0.138475  0.138475  0.000000
 -108.586  -56.917  -56.917  -56.917   -5.136   -0.681   -0.668   -0.656   -0.279   -0.267
    4.012    5.674    6.052    7.041   10.303   10.761   11.130   14.038   14.501   14.880
   16.509   16.764   18.206   19.847   22.381
            0.137002  0.137002  0.000000
 -108.586  -56.917  -56.917  -56.917   -5.138   -0.681   -0.669   -0.657   -0.279   -0.267
    4.029    5.684    6.055    7.031   10.303   10.757   11.121   14.018   14.512   14.887
   16.505   16.751   18.179   19.819   22.422
            0.135529  0.135529 -0.000000
 -108.586  -56.917  -56.917  -56.917   -5.140   -0.681   -0.669   -0.658   -0.279   -0.267
    4.046    5.694    6.057    7.021   10.303   10.752   11.112   13.997   14.522   14.893
   16.500   16.738   18.152   19.791   22.463
            0.134056  0.134056  0.000000
 -108.586  -56.917  -56.917  -56.917   -5.142   -0.682   -0.670   -0.659   -0.279   -0.267
    4.063    5.703    6.060    7.011   10.303   10.748   11.103   13.977   14.532   14.900
   16.496   16.725   18.125   19.763   22.505
            0.132583  0.132583  0.000000
 -108.586  -56.917  -56.917  -56.917   -5.144   -0.682   -0.671   -0.660   -0.279   -0.267
    4.080    5.713    6.063    7.002   10.303   10.744   11.094   13.957   14.542   14.907
   16.492   16.712   18.099   19.736   22.546
            0.131109  0.131109 -0.000000
 -108.586  -56.917  -56.917  -56.917   -5.146   -0.683   -0.671   -0.662   -0.278   -0.267
    4.097    5.723    6.065    6.992   10.304   10.740   11.085   13.937   14.553   14.914
   16.487   16.699   18.072   19.708   22.588
            0.129636  0.129636  0.000000
 -108.586  -56.917  -56.917  -56.917   -5.148   -0.683   -0.672   -0.663   -0.278   -0.267
    4.113    5.732    6.068    6.982   10.305   10.736   11.076   13.917   14.564   14.921
   16.483   16.687   18.046   19.681   22.629
            0.128163  0.128163  0.000000
 -108.586  -56.917  -56.917  -56.917   -5.150   -0.684   -0.673   -0.664   -0.278   -0.267
    4.130    5.742    6.070    6.971   10.305   10.732   11.067   13.896   14.574   14.929
   16.479   16.675   18.019   19.653   22.670
            0.126690  0.126690 -0.000000
 -108.586  -56.917  -56.917  -56.917   -5.152   -0.684   -0.673   -0.665   -0.278   -0.267
    4.147    5.751    6.073    6.961   10.306   10.729   11.058   13.876   14.585   14.936
   16.475   16.663   17.993   19.626   22.711
            0.125217  0.125217  0.000000
 -108.586  -56.917  -56.917  -56.917   -5.154   -0.685   -0.674   -0.666   -0.278   -0.268
    4.164    5.760    6.075    6.951   10.307   10.725   11.049   13.856   14.596   14.944
   16.471   16.651   17.967   19.599   22.752
            0.123744  0.123744  0.000000
 -108.586  -56.917  -56.917  -56.917   -5.156   -0.685   -0.675   -0.667   -0.278   -0.268
    4.181    5.770    6.078    6.941   10.308   10.721   11.040   13.836   14.607   14.953
   16.466   16.640   17.941   19.572   22.793
            0.122271  0.122271 -0.000000
 -108.586  -56.917  -56.917  -56.917   -5.158   -0.686   -0.675   -0.668   -0.278   -0.268
    4.198    5.779    6.080    6.931   10.309   10.717   11.031   13.816   14.618   14.961
   16.462   16.628   17.914   19.546   22.834
            0.120797  0.120797  0.000000
 -108.586  -56.917  -56.917  -56.917   -5.159   -0.686   -0.676   -0.668   -0.277   -0.268
    4.214    5.788    6.083    6.921   10.311   10.713   11.022   13.796   14.630   14.969
   16.458   16.617   17.888   19.519   22.875
            0.119324  0.119324  0.000000
 -108.586  -56.917  -56.917  -56.917   -5.161   -0.686   -0.677   -0.669   -0.277   -0.268
    4.231    5.797    6.085    6.910   10.312   10.710   11.012   13.776   14.641   14.978
   16.454   16.606   17.862   19.492   22.916
            0.117851  0.117851 -0.000000
 -108.586  -56.917  -56.917  -56.917   -5.163   -0.687   -0.677   -0.670   -0.277   -0.268
    4.248    5.806    6.087    6.900   10.314   10.706   11.003   13.756   14.653   14.987
   16.450   16.595   17.836   19.466   22.957
            0.116378  0.116378  0.000000
 -108.586  -56.917  -56.917  -56.917   -5.165   -0.687   -0.678   -0.671   -0.277   -0.268
    4.265    5.814    6.089    6.890   10.315   10.703   10.994   13.736   14.664   14.996
   16.446   16.584   17.810   19.440   22.998
            0.114905  0.114905  0.000000
 -108.586  -56.917  -56.917  -56.917   -5.167   -0.688   -0.678   -0.672   -0.277   -0.268
    4.282    5.823    6.092    6.879   10.317   10.699   10.985   13.716   14.676   15.005
   16.442   16.573   17.785   19.414   23.038
            0.113432  0.113432 -0.000000
 -108.586  -56.917  -56.917  -56.917   -5.169   -0.688   -0.679   -0.673   -0.277   -0.268
    4.298    5.832    6.094    6.869   10.319   10.696   10.976   13.696   14.688   15.014
   16.438   16.563   17.759   19.388   23.078
            0.111959  0.111959  0.000000
 -108.586  -56.917  -56.917  -56.917   -5.170   -0.688   -0.680   -0.674   -0.277   -0.268
    4.315    5.840    6.096    6.858   10.321   10.692   10.967   13.676   14.700   15.024
   16.434   16.553   17.733   19.362   23.119
            0.110485  0.110485  0.000000
 -108.586  -56.917  -56.917  -56.917   -5.172   -0.689   -0.680   -0.675   -0.277   -0.268
    4.332    5.849    6.098    6.848   10.323   10.689   10.958   13.656   14.712   15.033
   16.430   16.543   17.708   19.336   23.159
            0.109012  0.109012 -0.000000
 -108.586  -56.917  -56.917  -56.917   -5.174   -0.689   -0.681   -0.675   -0.276   -0.269
    4.348    5.857    6.100    6.837   10.325   10.685   10.949   13.637   14.724   15.043
   16.426   16.533   17.682   19.311   23.199
            0.107539  0.107539  0.000000
 -108.586  -56.917  -56.917  -56.917   -5.175   -0.690   -0.682   -0.676   -0.276   -0.269
    4.365    5.865    6.103    6.827   10.328   10.682   10.940   13.617   14.737   15.053
   16.422   16.523   17.657   19.285   23.239
            0.106066  0.106066  0.000000
 -108.586  -56.917  -56.917  -56.917   -5.177   -0.690   -0.682   -0.677   -0.276   -0.269
    4.382    5.874    6.105    6.816   10.330   10.679   10.931   13.597   14.749   15.063
   16.418   16.513   17.631   19.260   23.278
            0.104593  0.104593 -0.000000
 -108.586  -56.917  -56.917  -56.917   -5.179   -0.690   -0.683   -0.678   -0.276   -0.269
    4.398    5.882    6.107    6.805   10.333   10.676   10.922   13.578   14.762   15.073
   16.414   16.504   17.606   19.235   23.318
            0.103120  0.103120  0.000000
 -108.586  -56.917  -56.917  -56.917   -5.180   -0.691   -0.683   -0.679   -0.276   -0.269
    4.415    5.890    6.109    6.795   10.335   10.672   10.914   13.559   14.774   15.084
   16.410   16.495   17.581   19.210   23.357
            0.101647  0.101647  0.000000
 -108.586  -56.917  -56.917  -56.917   -5.182   -0.691   -0.684   -0.679   -0.276   -0.269
    4.432    5.898    6.111    6.784   10.338   10.669   10.905   13.539   14.787   15.094
   16.406   16.486   17.555   19.186   23.396
            0.100173  0.100173 -0.000000
 -108.586  -56.917  -56.917  -56.917   -5.184   -0.692   -0.684   -0.680   -0.276   -0.269
    4.448    5.905    6.113    6.773   10.341   10.666   10.896   13.520   14.800   15.105
   16.402   16.477   17.530   19.161   23.435
            0.098700  0.098700  0.000000
 -108.586  -56.917  -56.917  -56.917   -5.185   -0.692   -0.685   -0.681   -0.276   -0.269
    4.465    5.913    6.115    6.762   10.344   10.663   10.888   13.501   14.813   15.115
   16.398   16.468   17.505   19.137   23.474
            0.097227  0.097227  0.000000
 -108.586  -56.917  -56.917  -56.917   -5.187   -0.692   -0.685   -0.682   -0.275   -0.269
    4.481    5.921    6.116    6.752   10.347   10.660   10.879   13.482   14.826   15.126
   16.394   16.460   17.480   19.113   23.512
            0.095754  0.095754 -0.000000
 -108.586  -56.917  -56.917  -56.917   -5.188   -0.693   -0.686   -0.682   -0.275   -0.269
    4.498    5.928    6.118    6.741   10.350   10.657   10.870   13.463   14.839   15.137
   16.391   16.451   17.455   19.089   23.551
            0.094281  0.094281  0.000000
 -108.586  -56.917  -56.917  -56.917   -5.190   -0.693   -0.687   -0.683   -0.275   -0.269
    4.514    5.936    6.120    6.730   10.353   10.654   10.862   13.444   14.852   15.148
   16.387   16.443   17.430   19.065   23.589
            0.092808  0.092808  0.000000
 -108.586  -56.917  -56.917  -56.917   -5.191   -0.693   -0.687   -0.684   -0.275   -0.269
    4.530    5.943    6.122    6.719   10.357   10.651   10.854   13.426   14.866   15.159
   16.383   16.435   17.406   19.041   23.626
            0.091335  0.091335 -0.000000
 -108.586  -56.917  -56.917  -56.917   -5.193   -0.694   -0.688   -0.684   -0.275   -0.269
    4.547    5.950    6.124    6.708   10.360   10.648   10.845   13.407   14.879   15.170
   16.379   16.427   17.381   19.018   23.664
            0.089861  0.089861  0.000000
 -108.586  -56.917  -56.917  -56.917   -5.194   -0.694   -0.688   -0.685   -0.275   -0.269
    4.563    5.957    6.125    6.697   10.363   10.646   10.837   13.389   14.893   15.181
   16.375   16.419   17.357   18.995   23.701
            0.088388  0.088388  0.000000
 -108.586  -56.917  -56.917  -56.917   -5.196   -0.694   -0.689   -0.686   -0.275   -0.269
    4.579    5.964    6.127    6.686   10.367   10.643   10.829   13.370   14.907   15.192
   16.371   16.412   17.332   18.972   23.738
            0.086915  0.086915 -0.000000
 -108.586  -56.917  -56.917  -56.917   -5.197   -0.695   -0.689   -0.686   -0.275   -0.270
    4.595    5.971    6.129    6.675   10.371   10.640   10.821   13.352   14.920   15.204
   16.367   16.404   17.308   18.949   23.775
            0.085442  0.085442  0.000000
 -108.586  -56.917  -56.917  -56.917   -5.198   -0.695   -0.690   -0.687   -0.275   -0.270
    4.611    5.978    6.130    6.664   10.374   10.637   10.813   13.334   14.934   15.215
   16.363   16.397   17.283   18.926   23.811
            0.083969  0.083969  0.000000
 -108.586  -56.917  -56.917  -56.917   -5.200   -0.695   -0.690   -0.687   -0.274   -0.270
    4.628    5.984    6.132    6.653   10.378   10.635   10.805   13.316   14.948   15.227
   16.358   16.390   17.259   18.904   23.847
            0.082496  0.082496 -0.000000
 -108.586  -56.917  -56.917  -56.917   -5.201   -0.695   -0.691   -0.688   -0.274   -0.270
    4.644    5.991    6.134    6.642   10.382   10.632   10.797   13.298   14.962   15.238
   16.354   16.384   17.235   18.882   23.882
            0.081023  0.081023  0.000000
 -108.586  -56.917  -56.917  -56.917   -5.202   -0.696   -0.691   -0.689   -0.274   -0.270
    4.660    5.997    6.135    6.631   10.386   10.630   10.789   13.281   14.977   15.250
   16.350   16.377   17.211   18.860   23.918
            0.079550  0.079550  0.000000
 -108.586  -56.917  -56.917  -56.917   -5.204   -0.696   -0.692   -0.689   -0.274   -0.270
    4.675    6.004    6.137    6.620   10.390   10.627   10.782   13.263   14.991   15.261
   16.346   16.371   17.187   18.838   23.952
            0.078076  0.078076 -0.000000
 -108.586  -56.917  -56.917  -56.917   -5.205   -0.696   -0.692   -0.690   -0.274   -0.270
    4.691    6.010    6.138    6.609   10.394   10.625   10.774   13.246   15.005   15.273
   16.341   16.365   17.163   18.817   23.987
            0.076603  0.076603  0.000000
 -108.586  -56.917  -56.917  -56.917   -5.206   -0.697   -0.692   -0.690   -0.274   -0.270
    4.707    6.016    6.140    6.598   10.398   10.622   10.766   13.229   15.020   15.285
   16.337   16.359   17.139   18.796   24.021
            0.075130  0.075130  0.000000
 -108.586  -56.917  -56.917  -56.917   -5.207   -0.697   -0.693   -0.691   -0.274   -0.270
    4.723    6.022    6.141    6.587   10.402   10.620   10.759   13.212   15.034   15.297
   16.332   16.353   17.115   18.775   24.054
            0.073657  0.073657 -0.000000
 -108.586  -56.917  -56.917  -56.917   -5.209   -0.697   -0.693   -0.691   -0.274   -0.270
    4.738    6.028    6.143    6.576   10.406   10.618   10.752   13.195   15.049   15.308
   16.327   16.348   17.092   18.754   24.087
            0.072184  0.072184  0.000000
 -108.586  -56.917  -56.917  -56.917   -5.210   -0.697   -0.694   -0.692   -0.274   -0.270
    4.754    6.034    6.144    6.565   10.410   10.615   10.745   13.179   15.064   15.320
   16.323   16.343   17.068   18.734   24.120
            0.070711  0.070711  0.000000
 -108.586  -56.917  -56.917  -56.917   -5.211   -0.698   -0.694   -0.692   -0.273   -0.270
    4.769    6.040    6.145    6.554   10.414   10.613   10.738   13.162   15.078   15.332
   16.318   16.338   17.045   18.713   24.152
            0.069238  0.069238 -0.000000
 -108.586  -56.917  -56.917  -56.917   -5.212   -0.698   -0.695   -0.693   -0.273   -0.270
    4.785    6.045    6.147    6.543   10.419   10.611   10.731   13.146   15.093   15.344
   16.313   16.333   17.021   18.693   24.184
            0.067764  0.067764  0.000000
 -108.586  -56.917  -56.917  -56.917   -5.213   -0.698   -0.695   -0.693   -0.273   -0.270
    4.800    6.051    6.148    6.532   10.423   10.609   10.724   13.130   15.108   15.355
   16.308   16.329   16.998   18.674   24.215
            0.066291  0.066291  0.000000
 -108.586  -56.917  -56.917  -56.917   -5.214   -0.698   -0.695   -0.694   -0.273   -0.270
    4.815    6.056    6.149    6.521   10.427   10.607   10.717   13.114   15.123   15.367
   16.303   16.325   16.975   18.654   24.245
            0.064818  0.064818 -0.000000
 -108.586  -56.917  -56.917  -56.917   -5.215   -0.699   -0.696   -0.694   -0.273   -0.270
    4.830    6.061    6.150    6.510   10.431   10.605   10.711   13.099   15.138   15.379
   16.298   16.320   16.952   18.635   24.275
            0.063345  0.063345  0.000000
 -108.586  -56.917  -56.917  -56.917   -5.217   -0.699   -0.696   -0.695   -0.273   -0.270
    4.845    6.067    6.152    6.499   10.436   10.603   10.704   13.083   15.154   15.391
   16.293   16.316   16.929   18.617   24.305
            0.061872  0.061872  0.000000
 -108.586  -56.917  -56.917  -56.917   -5.218   -0.699   -0.696   -0.695   -0.273   -0.270
    4.860    6.072    6.153    6.488   10.440   10.601   10.698   13.068   15.169   15.402
   16.288   16.312   16.906   18.598   24.333
            0.060399  0.060399 -0.000000
 -108.586  -56.917  -56.917  -56.917   -5.219   -0.699   -0.697   -0.696   -0.273   -0.270
    4.875    6.076    6.154    6.477   10.444   10.599   10.692   13.053   15.184   15.414
   16.283   16.308   16.883   18.580   24.362
            0.058926  0.058926  0.000000
 -108.586  -56.917  -56.917  -56.917   -5.220   -0.700   -0.697   -0.696   -0.273   -0.270
    4.889    6.081    6.155    6.466   10.449   10.597   10.686   13.039   15.200   15.426
   16.279   16.304   16.860   18.562   24.389
            0.057452  0.057452  0.000000
 -108.586  -56.917  -56.917  -56.917   -5.220   -0.700   -0.697   -0.696   -0.273   -0.270
    4.904    6.086    6.156    6.455   10.453   10.595   10.680   13.024   15.215   15.437
   16.274   16.300   16.838   18.545   24.416
            0.055979  0.055979 -0.000000
 -108.586  -56.917  -56.917  -56.917   -5.221   -0.700   -0.698   -0.697   -0.273   -0.270
    4.918    6.091    6.157    6.444   10.457   10.594   10.674   13.010   15.231   15.449
   16.270   16.296   16.815   18.527   24.442
            0.054506  0.054506  0.000000
 -108.586  -56.917  -56.917  -56.917   -5.222   -0.700   -0.698   -0.697   -0.273   -0.271
    4.932    6.095    6.158    6.434   10.462   10.592   10.668   12.996   15.247   15.460
   16.265   16.292   16.793   18.510   24.468
            0.053033  0.053033  0.000000
 -108.586  -56.917  -56.917  -56.917   -5.223   -0.700   -0.698   -0.698   -0.272   -0.271
    4.946    6.099    6.159    6.423   10.466   10.590   10.662   12.983   15.262   15.472
   16.261   16.288   16.771   18.494   24.493
            0.051560  0.051560 -0.000000
 -108.586  -56.917  -56.917  -56.917   -5.224   -0.701   -0.699   -0.698   -0.272   -0.271
    4.960    6.104    6.160    6.413   10.470   10.589   10.657   12.969   15.278   15.483
   16.257   16.284   16.749   18.478   24.517
            0.050087  0.050087  0.000000
 -108.586  -56.917  -56.917  -56.917   -5.225   -0.701   -0.699   -0.698   -0.272   -0.271
    4.974    6.108    6.161    6.402   10.474   10.587   10.652   12.956   15.294   15.494
   16.253   16.280   16.727   18.462   24.541
            0.048614  0.048614  0.000000
 -108.586  -56.917  -56.917  -56.917   -5.226   -0.701   -0.699   -0.699   -0.272   -0.271
    4.988    6.112    6.162    6.392   10.479   10.585   10.647   12.943   15.310   15.505
   16.249   16.276   16.705   18.446   24.564
            0.047140  0.047140 -0.000000
 -108.586  -56.917  -56.917  -56.917   -5.227   -0.701   -0.700   -0.699   -0.272   -0.271
    5.001    6.116    6.163    6.381   10.483   10.584   10.642   12.931   15.326   15.516
   16.245   16.272   16.683   18.431   24.586
            0.045667  0.045667  0.000000
 -108.586  -56.917  -56.917  -56.917   -5.227   -0.701   -0.700   -0.699   -0.272   -0.271
    5.014    6.119    6.164    6.371   10.487   10.582   10.637   12.919   15.341   15.527
   16.241   16.268   16.662   18.416   24.608
            0.044194  0.044194  0.000000
 -108.586  -56.917  -56.917  -56.917   -5.228   -0.702   -0.700   -0.700   -0.272   -0.271
    5.027    6.123    6.165    6.361   10.491   10.581   10.632   12.907   15.357   15.538
   16.238   16.264   16.640   18.402   24.628
            0.042721  0.042721 -0.000000
 -108.586  -56.917  -56.917  -56.917   -5.229   -0.702   -0.700   -0.700   -0.272   -0.271
    5.040    6.126    6.165    6.351   10.495   10.580   10.627   12.895   15.373   15.549
   16.234   16.261   16.619   18.388   24.648
            0.041248  0.041248  0.000000
 -108.586  -56.917  -56.917  -56.917   -5.229   -0.702   -0.701   -0.700   -0.272   -0.271
    5.053    6.130    6.166    6.341   10.499   10.578   10.623   12.884   15.389   15.559
   16.231   16.257   16.598   18.374   24.668
            0.039775  0.039775  0.000000
 -108.586  -56.917  -56.917  -56.917   -5.230   -0.702   -0.701   -0.700   -0.272   -0.271
    5.065    6.133    6.167    6.331   10.503   10.577   10.618   12.873   15.405   15.569
   16.227   16.253   16.577   18.361   24.686
            0.038302  0.038302 -0.000000
 -108.586  -56.917  -56.917  -56.917   -5.231   -0.702   -0.701   -0.701   -0.272   -0.271
    5.077    6.136    6.168    6.322   10.506   10.576   10.614   12.862   15.421   15.580
   16.224   16.249   16.556   18.348   24.704
            0.036828  0.036828  0.000000
 -108.586  -56.917  -56.917  -56.917   -5.231   -0.702   -0.701   -0.701   -0.272   -0.271
    5.089    6.139    6.168    6.313   10.510   10.575   10.610   12.852   15.437   15.590
   16.221   16.245   16.536   18.336   24.721
            0.035355  0.035355  0.000000
 -108.586  -56.917  -56.917  -56.917   -5.232   -0.702   -0.702   -0.701   -0.272   -0.271
    5.100    6.142    6.169    6.303   10.514   10.574   10.606   12.842   15.453   15.599
   16.218   16.242   16.516   18.324   24.738
            0.033882  0.033882 -0.000000
 -108.586  -56.917  -56.917  -56.917   -5.233   -0.703   -0.702   -0.701   -0.272   -0.271
    5.111    6.145    6.170    6.294   10.517   10.572   10.603   12.832   15.469   15.609
   16.216   16.238   16.496   18.312   24.753
            0.032409  0.032409  0.000000
 -108.586  -56.917  -56.917  -56.917   -5.233   -0.703   -0.702   -0.702   -0.272   -0.271
    5.122    6.148    6.170    6.286   10.521   10.571   10.599   12.823   15.485   15.618
   16.213   16.234   16.476   18.301   24.768
            0.030936  0.030936  0.000000
 -108.586  -56.917  -56.917  -56.917   -5.234   -0.703   -0.702   -0.702   -0.272   -0.271
    5.133    6.150    6.171    6.277   10.524   10.570   10.596   12.814   15.501   15.627
   16.210   16.231   16.456   18.290   24.782
            0.029463  0.029463 -0.000000
 -108.586  -56.917  -56.917  -56.917   -5.234   -0.703   -0.702   -0.702   -0.272   -0.271
    5.143    6.153    6.172    6.269   10.527   10.569   10.592   12.806   15.517   15.636
   16.208   16.227   16.437   18.280   24.796
            0.027990  0.027990  0.000000
 -108.586  -56.917  -56.917  -56.917   -5.235   -0.703   -0.702   -0.702   -0.271   -0.271
    5.153    6.155    6.172    6.261   10.530   10.569   10.589   12.798   15.532   15.645
   16.206   16.224   16.418   18.270   24.809
            0.026517  0.026517  0.000000
 -108.586  -56.917  -56.917  -56.917   -5.235   -0.703   -0.703   -0.702   -0.271   -0.271
    5.163    6.157    6.173    6.253   10.533   10.568   10.586   12.790   15.548   15.653
   16.204   16.220   16.399   18.261   24.821
            0.025043  0.025043 -0.000000
 -108.586  -56.917  -56.917  -56.917   -5.236   -0.703   -0.703   -0.703   -0.271   -0.271
    5.172    6.160    6.173    6.245   10.536   10.567   10.584   12.782   15.563   15.661
   16.202   16.217   16.381   18.252   24.832
            0.023570  0.023570  0.000000
 -108.586  -56.917  -56.917  -56.917   -5.236   -0.703   -0.703   -0.703   -0.271   -0.271
    5.181    6.162    6.173    6.238   10.538   10.566   10.581   12.776   15.578   15.668
   16.200   16.214   16.363   18.244   24.843
            0.022097  0.022097  0.000000
 -108.586  -56.917  -56.917  -56.917   -5.236   -0.703   -0.703   -0.703   -0.271   -0.271
    5.189    6.163    6.174    6.231   10.541   10.565   10.578   12.769   15.593   15.676
   16.198   16.211   16.345   18.236   24.853
            0.020624  0.020624 -0.000000
 -108.586  -56.917  -56.917  -56.917   -5.237   -0.703   -0.703   -0.703   -0.271   -0.271
    5.197    6.165    6.174    6.225   10.543   10.565   10.576   12.763   15.607   15.683
   16.196   16.208   16.328   18.228   24.862
            0.019151  0.019151  0.000000
 -108.586  -56.917  -56.917  -56.917   -5.237   -0.704   -0.703   -0.703   -0.271   -0.271
    5.205    6.167    6.175    6.218   10.546   10.564   10.574   12.757   15.621   15.689
   16.194   16.205   16.311   18.221   24.871
            0.017678  0.017678  0.000000
 -108.586  -56.917  -56.917  -56.917   -5.237   -0.704   -0.703   -0.703   -0.271   -0.271
    5.212    6.168    6.175    6.212   10.548   10.564   10.572   12.752   15.635   15.695
   16.193   16.202   16.295   18.215   24.879
            0.016205  0.016205 -0.000000
 -108.586  -56.917  -56.917  -56.917   -5.238   -0.704   -0.703   -0.703   -0.271   -0.271
    5.218    6.170    6.175    6.207   10.550   10.563   10.570   12.747   15.649   15.701
   16.192   16.199   16.280   18.209   24.886
            0.014731  0.014731  0.000000
 -108.586  -56.917  -56.917  -56.917   -5.238   -0.704   -0.704   -0.704   -0.271   -0.271
    5.224    6.171    6.176    6.202   10.552   10.563   10.568   12.742   15.661   15.707
   16.190   16.197   16.265   18.203   24.893
            0.013258  0.013258  0.000000
 -108.586  -56.917  -56.917  -56.917   -5.238   -0.704   -0.704   -0.704   -0.271   -0.271
    5.230    6.172    6.176    6.197   10.553   10.562   10.567   12.738   15.673   15.711
   16.189   16.195   16.252   18.198   24.899
            0.011785  0.011785 -0.000000
 -108.586  -56.917  -56.917  -56.917   -5.238   -0.704   -0.704   -0.704   -0.271   -0.271
    5.235    6.173    6.176    6.193   10.555   10.562   10.565   12.734   15.685   15.716
   16.188   16.193   16.239   18.194   24.904
            0.010312  0.010312  0.000000
 -108.586  -56.917  -56.917  -56.917   -5.239   -0.704   -0.704   -0.704   -0.271   -0.271
    5.239    6.174    6.176    6.189   10.556   10.561   10.564   12.731   15.695   15.720
   16.187   16.191   16.227   18.190   24.909
            0.008839  0.008839  0.000000
 -108.586  -56.917  -56.917  -56.917   -5.239   -0.704   -0.704   -0.704   -0.271   -0.271
    5.243    6.175    6.176    6.186   10.557   10.561   10.563   12.728   15.705   15.723
   16.187   16.189   16.216   18.187   24.913
            0.007366  0.007366 -0.000000
 -108.586  -56.917  -56.917  -56.917   -5.239   -0.704   -0.704   -0.704   -0.271   -0.271
    5.247    6.175    6.177    6.183   10.558   10.561   10.562   12.726   15.713   15.726
   16.186   16.188   16.207   18.184   24.916
            0.005893  0.005893  0.000000
 -108.586  -56.917  -56.917  -56.917   -5.239   -0.704   -0.704   -0.704   -0.271   -0.271
    5.249    6.176    6.177    6.181   10.559   10.561   10.562   12.724   15.720   15.729
   16.186   16.187   16.199   18.181   24.919
            0.004419  0.004419  0.000000
 -108.586  -56.917  -56.917  -56.917   -5.239   -0.704   -0.704   -0.704   -0.271   -0.271
    5.252    6.176    6.177    6.179   10.559   10.560   10.561   12.722   15.726   15.731
   16.185   16.186   16.193   18.179   24.921
            0.002946  0.002946 -0.000000
 -108.586  -56.917  -56.917  -56.917   -5.239   -0.704   -0.704   -0.704   -0.271   -0.271
    5.253    6.177    6.177    6.178   10.560   10.560   10.561   12.721   15.730   15.732
   16.185   16.185   16.188   18.178   24.923
            0.001473  0.001473  0.000000
 -108.586  -56.917  -56.917  -56.917   -5.239   -0.704   -0.704   -0.704   -0.271   -0.271
    5.254    6.177    6.177    6.177   10.560   10.560   10.560   12.720   15.732   15.733
   16.185   16.185   16.186   18.177   24.924
            0.000000  0.000000  0.000000
 -108.586  -56.917  -56.917  -56.917   -5.239   -0.704   -0.704   -0.704   -0.271   -0.271
    5.254    6.177    6.177    6.177   10.560   10.560   10.560   12.720   15.733   15.733
   16.185   16.185   16.185   18.177   24.924
            0.001263  0.001263  0.001263
 -108.586  -56.917  -56.917  -56.917   -5.239   -0.704   -0.704   -0.704   -0.271   -0.271
    5.254    6.177    6.177    6.177   10.560   10.560   10.560   12.720   15.732   15.732
   16.184   16.185   16.185   18.177   24.924
            0.002525  0.002525  0.002525
 -108.586  -56.917  -56.917  -56.917   -5.239   -0.704   -0.704   -0.704   -0.271   -0.271
    5.253    6.177    6.177    6.178   10.560   10.560   10.560   12.721   15.731   15.731
   16.184   16.187   16.187   18.178   24.923
            0.003788  0.003788  0.003788
 -108.586  -56.917  -56.917  -56.917   -5.239   -0.704   -0.704   -0.704   -0.271   -0.271
    5.251    6.177    6.177    6.179   10.560   10.561   10.561   12.722   15.728   15.728
   16.183   16.191   16.191   18.180   24.922
            0.005051  0.005051  0.005051
 -108.586  -56.917  -56.917  -56.917   -5.239   -0.704   -0.704   -0.704   -0.271   -0.271
    5.249    6.176    6.176    6.181   10.559   10.561   10.561   12.724   15.723   15.723
   16.182   16.196   16.196   18.182   24.920
            0.006313  0.006313  0.006313
 -108.586  -56.917  -56.917  -56.917   -5.239   -0.704   -0.704   -0.704   -0.271   -0.271
    5.246    6.176    6.176    6.184   10.558   10.561   10.561   12.726   15.718   15.718
   16.180   16.202   16.202   18.184   24.917
            0.007576  0.007576  0.007576
 -108.586  -56.917  -56.917  -56.917   -5.239   -0.704   -0.704   -0.704   -0.271   -0.271
    5.242    6.176    6.176    6.186   10.558   10.562   10.562   12.729   15.712   15.712
   16.178   16.209   16.209   18.188   24.914
            0.008839  0.008839  0.008839
 -108.586  -56.917  -56.917  -56.917   -5.239   -0.704   -0.704   -0.704   -0.271   -0.271
    5.238    6.175    6.175    6.190   10.557   10.563   10.563   12.732   15.705   15.705
   16.176   16.217   16.217   18.191   24.910
            0.010102  0.010102  0.010102
 -108.586  -56.917  -56.917  -56.917   -5.238   -0.704   -0.704   -0.704   -0.271   -0.271
    5.233    6.175    6.175    6.194   10.555   10.563   10.563   12.736   15.697   15.697
   16.173   16.227   16.227   18.196   24.906
            0.011364  0.011364  0.011364
 -108.586  -56.917  -56.917  -56.917   -5.238   -0.704   -0.704   -0.704   -0.271   -0.271
    5.228    6.174    6.174    6.198   10.554   10.564   10.564   12.740   15.688   15.688
   16.170   16.237   16.237   18.200   24.901
            0.012627  0.012627  0.012627
 -108.586  -56.917  -56.917  -56.917   -5.238   -0.704   -0.704   -0.703   -0.271   -0.271
    5.221    6.174    6.174    6.203   10.553   10.565   10.565   12.744   15.679   15.679
   16.167   16.248   16.248   18.206   24.896
            0.013890  0.013890  0.013890
 -108.586  -56.917  -56.917  -56.917   -5.238   -0.704   -0.704   -0.703   -0.271   -0.271
    5.215    6.173    6.173    6.208   10.551   10.566   10.566   12.749   15.669   15.669
   16.164   16.260   16.260   18.212   24.890
            0.015152  0.015152  0.015152
 -108.586  -56.917  -56.917  -56.917   -5.237   -0.703   -0.703   -0.703   -0.271   -0.271
    5.208    6.172    6.172    6.214   10.550   10.567   10.567   12.755   15.659   15.659
   16.160   16.272   16.272   18.218   24.883
            0.016415  0.016415  0.016415
 -108.586  -56.917  -56.917  -56.917   -5.237   -0.703   -0.703   -0.703   -0.271   -0.271
    5.200    6.172    6.172    6.219   10.548   10.568   10.568   12.761   15.648   15.648
   16.156   16.285   16.285   18.225   24.876
            0.017678  0.017678  0.017678
 -108.586  -56.917  -56.917  -56.917   -5.236   -0.703   -0.703   -0.703   -0.271   -0.271
    5.192    6.171    6.171    6.226   10.546   10.569   10.569   12.767   15.637   15.637
   16.151   16.299   16.299   18.233   24.869
            0.018940  0.018940  0.018940
 -108.586  -56.917  -56.917  -56.917   -5.236   -0.703   -0.703   -0.703   -0.271   -0.271
    5.183    6.170    6.170    6.232   10.544   10.571   10.571   12.774   15.625   15.625
   16.146   16.313   16.313   18.241   24.860
            0.020203  0.020203  0.020203
 -108.586  -56.917  -56.917  -56.917   -5.236   -0.703   -0.703   -0.703   -0.271   -0.271
    5.174    6.169    6.169    6.240   10.542   10.572   10.572   12.781   15.613   15.613
   16.141   16.328   16.328   18.250   24.851
            0.021466  0.021466  0.021466
 -108.586  -56.917  -56.917  -56.917   -5.235   -0.703   -0.703   -0.702   -0.271   -0.271
    5.164    6.168    6.168    6.247   10.540   10.574   10.574   12.789   15.601   15.601
   16.136   16.343   16.343   18.259   24.842
            0.022728  0.022728  0.022728
 -108.586  -56.917  -56.917  -56.917   -5.235   -0.703   -0.703   -0.702   -0.271   -0.271
    5.154    6.167    6.167    6.254   10.537   10.575   10.575   12.797   15.589   15.589
   16.130   16.358   16.358   18.268   24.832
            0.023991  0.023991  0.023991
 -108.586  -56.917  -56.917  -56.917   -5.234   -0.703   -0.703   -0.702   -0.271   -0.271
    5.143    6.165    6.165    6.262   10.535   10.577   10.577   12.805   15.577   15.577
   16.124   16.374   16.374   18.279   24.821
            0.025254  0.025254  0.025254
 -108.586  -56.917  -56.917  -56.917   -5.234   -0.702   -0.702   -0.702   -0.271   -0.271
    5.133    6.164    6.164    6.270   10.532   10.579   10.579   12.814   15.564   15.564
   16.118   16.390   16.390   18.289   24.810
            0.026517  0.026517  0.026517
 -108.586  -56.917  -56.917  -56.917   -5.233   -0.702   -0.702   -0.702   -0.271   -0.271
    5.121    6.163    6.163    6.279   10.530   10.581   10.581   12.824   15.552   15.552
   16.112   16.406   16.406   18.300   24.798
            0.027779  0.027779  0.027779
 -108.586  -56.917  -56.917  -56.917   -5.233   -0.702   -0.702   -0.701   -0.271   -0.271
    5.110    6.162    6.162    6.287   10.527   10.583   10.583   12.833   15.539   15.539
   16.105   16.423   16.423   18.312   24.786
            0.029042  0.029042  0.029042
 -108.586  -56.917  -56.917  -56.917   -5.232   -0.702   -0.702   -0.701   -0.271   -0.271
    5.098    6.160    6.160    6.296   10.524   10.585   10.585   12.843   15.526   15.526
   16.099   16.440   16.440   18.324   24.773
            0.030305  0.030305  0.030305
 -108.586  -56.917  -56.917  -56.917   -5.231   -0.702   -0.702   -0.701   -0.271   -0.271
    5.085    6.159    6.159    6.305   10.522   10.587   10.587   12.854   15.513   15.513
   16.092   16.457   16.457   18.336   24.760
            0.031567  0.031567  0.031567
 -108.586  -56.917  -56.917  -56.917   -5.231   -0.702   -0.702   -0.700   -0.271   -0.271
    5.073    6.157    6.157    6.314   10.519   10.589   10.589   12.865   15.500   15.500
   16.085   16.474   16.474   18.349   24.746
            0.032830  0.032830  0.032830
 -108.586  -56.917  -56.917  -56.917   -5.230   -0.701   -0.701   -0.700   -0.271   -0.271
    5.060    6.156    6.156    6.323   10.516   10.591   10.591   12.876   15.487   15.487
   16.077   16.492   16.492   18.362   24.731
            0.034093  0.034093  0.034093
 -108.586  -56.917  -56.917  -56.917   -5.229   -0.701   -0.701   -0.700   -0.271   -0.271
    5.047    6.154    6.154    6.333   10.513   10.594   10.594   12.888   15.474   15.474
   16.070   16.510   16.510   18.376   24.716
            0.035355  0.035355  0.035355
 -108.586  -56.917  -56.917  -56.917   -5.229   -0.701   -0.701   -0.700   -0.271   -0.271
    5.033    6.152    6.152    6.342   10.510   10.596   10.596   12.900   15.461   15.461
   16.062   16.528   16.528   18.390   24.700
            0.036618  0.036618  0.036618
 -108.586  -56.917  -56.917  -56.917   -5.228   -0.701   -0.701   -0.699   -0.271   -0.271
    5.019    6.150    6.150    6.352   10.507   10.599   10.599   12.912   15.449   15.449
   16.054   16.546   16.546   18.404   24.684
            0.037881  0.037881  0.037881
 -108.586  -56.917  -56.917  -56.917   -5.227   -0.701   -0.701   -0.699   -0.271   -0.271
    5.006    6.149    6.149    6.362   10.504   10.601   10.601   12.925   15.436   15.436
   16.047   16.564   16.564   18.419   24.667
            0.039143  0.039143  0.039143
 -108.586  -56.917  -56.917  -56.917   -5.226   -0.700   -0.700   -0.699   -0.271   -0.271
    4.991    6.147    6.147    6.371   10.501   10.604   10.604   12.937   15.423   15.423
   16.038   16.583   16.583   18.434   24.650
            0.040406  0.040406  0.040406
 -108.586  -56.917  -56.917  -56.917   -5.225   -0.700   -0.700   -0.698   -0.271   -0.271
    4.977    6.145    6.145    6.381   10.498   10.607   10.607   12.951   15.410   15.410
   16.030   16.601   16.601   18.450   24.632
            0.041669  0.041669  0.041669
 -108.586  -56.917  -56.917  -56.917   -5.224   -0.700   -0.700   -0.698   -0.271   -0.271
    4.962    6.143    6.143    6.391   10.495   10.610   10.610   12.964   15.397   15.397
   16.022   16.620   16.620   18.466   24.614
            0.042931  0.042931  0.042931
 -108.586  -56.917  -56.917  -56.917   -5.224   -0.700   -0.700   -0.697   -0.271   -0.271
    4.947    6.141    6.141    6.401   10.492   10.613   10.613   12.978   15.384   15.384
   16.014   16.639   16.639   18.482   24.595
            0.044194  0.044194  0.044194
 -108.586  -56.917  -56.917  -56.917   -5.223   -0.699   -0.699   -0.697   -0.272   -0.272
    4.932    6.139    6.139    6.411   10.489   10.616   10.616   12.992   15.372   15.372
   16.005   16.658   16.658   18.499   24.575
            0.045457  0.045457  0.045457
 -108.586  -56.917  -56.917  -56.917   -5.222   -0.699   -0.699   -0.697   -0.272   -0.272
    4.917    6.136    6.136    6.421   10.486   10.619   10.619   13.007   15.359   15.359
   15.997   16.677   16.677   18.516   24.556
            0.046720  0.046720  0.046720
 -108.586  -56.917  -56.917  -56.917   -5.221   -0.699   -0.699   -0.696   -0.272   -0.272
    4.902    6.134    6.134    6.431   10.483   10.622   10.622   13.022   15.346   15.346
   15.988   16.696   16.696   18.533   24.535
            0.047982  0.047982  0.047982
 -108.586  -56.917  -56.917  -56.917   -5.220   -0.699   -0.699   -0.696   -0.272   -0.272
    4.886    6.132    6.132    6.441   10.480   10.626   10.626   13.037   15.334   15.334
   15.979   16.716   16.716   18.551   24.514
            0.049245  0.049245  0.049245
 -108.586  -56.917  -56.917  -56.917   -5.219   -0.698   -0.698   -0.695   -0.272   -0.272
    4.871    6.130    6.130    6.452   10.477   10.629   10.629   13.052   15.321   15.321
   15.971   16.735   16.735   18.569   24.493
            0.050508  0.050508  0.050508
 -108.586  -56.917  -56.917  -56.917   -5.218   -0.698   -0.698   -0.695   -0.272   -0.272
    4.855    6.127    6.127    6.462   10.474   10.632   10.632   13.067   15.309   15.309
   15.962   16.755   16.755   18.587   24.471
            0.051770  0.051770  0.051770
 -108.586  -56.917  -56.917  -56.917   -5.216   -0.698   -0.698   -0.694   -0.272   -0.272
    4.839    6.125    6.125    6.472   10.472   10.636   10.636   13.083   15.296   15.296
   15.953   16.775   16.775   18.606   24.449
            0.053033  0.053033  0.053033
 -108.586  -56.917  -56.917  -56.917   -5.215   -0.697   -0.697   -0.694   -0.272   -0.272
    4.823    6.122    6.122    6.482   10.469   10.639   10.639   13.099   15.284   15.284
   15.945   16.795   16.795   18.624   24.427
            0.054296  0.054296  0.054296
 -108.586  -56.917  -56.917  -56.917   -5.214   -0.697   -0.697   -0.693   -0.272   -0.272
    4.806    6.120    6.120    6.492   10.466   10.643   10.643   13.115   15.272   15.272
   15.936   16.815   16.815   18.644   24.404
            0.055558  0.055558  0.055558
 -108.586  -56.917  -56.917  -56.917   -5.213   -0.697   -0.697   -0.693   -0.272   -0.272
    4.790    6.117    6.117    6.502   10.464   10.647   10.647   13.132   15.260   15.260
   15.927   16.835   16.835   18.663   24.380
            0.056821  0.056821  0.056821
 -108.586  -56.917  -56.917  -56.917   -5.212   -0.696   -0.696   -0.692   -0.272   -0.272
    4.773    6.114    6.114    6.512   10.461   10.651   10.651   13.148   15.248   15.248
   15.918   16.855   16.855   18.683   24.357
            0.058084  0.058084  0.058084
 -108.586  -56.917  -56.917  -56.917   -5.211   -0.696   -0.696   -0.692   -0.272   -0.272
    4.757    6.112    6.112    6.522   10.459   10.654   10.654   13.165   15.236   15.236
   15.910   16.875   16.875   18.703   24.333
            0.059346  0.059346  0.059346
 -108.586  -56.917  -56.917  -56.917   -5.209   -0.696   -0.696   -0.691   -0.272   -0.272
    4.740    6.109    6.109    6.532   10.456   10.658   10.658   13.182   15.224   15.224
   15.901   16.896   16.896   18.723   24.308
            0.060609  0.060609  0.060609
 -108.586  -56.917  -56.917  -56.917   -5.208   -0.695   -0.695   -0.691   -0.272   -0.272
    4.723    6.106    6.106    6.542   10.454   10.662   10.662   13.199   15.213   15.213
   15.892   16.916   16.916   18.743   24.283
            0.061872  0.061872  0.061872
 -108.586  -56.917  -56.917  -56.917   -5.207   -0.695   -0.695   -0.690   -0.272   -0.272
    4.706    6.103    6.103    6.551   10.452   10.666   10.666   13.216   15.201   15.201
   15.884   16.937   16.937   18.764   24.258
            0.063135  0.063135  0.063135
 -108.586  -56.917  -56.917  -56.917   -5.206   -0.695   -0.695   -0.689   -0.272   -0.272
    4.689    6.100    6.100    6.561   10.450   10.671   10.671   13.234   15.189   15.189
   15.875   16.958   16.958   18.785   24.233
            0.064397  0.064397  0.064397
 -108.586  -56.917  -56.917  -56.917   -5.204   -0.694   -0.694   -0.689   -0.272   -0.272
    4.672    6.098    6.098    6.571   10.448   10.675   10.675   13.251   15.178   15.178
   15.867   16.978   16.978   18.806   24.207
            0.065660  0.065660  0.065660
 -108.586  -56.917  -56.917  -56.917   -5.203   -0.694   -0.694   -0.688   -0.272   -0.272
    4.655    6.095    6.095    6.580   10.446   10.679   10.679   13.269   15.167   15.167
   15.858   16.999   16.999   18.828   24.181
            0.066923  0.066923  0.066923
 -108.586  -56.917  -56.917  -56.917   -5.202   -0.694   -0.694   -0.687   -0.272   -0.272
    4.637    6.091    6.091    6.590   10.445   10.683   10.683   13.287   15.156   15.156
   15.850   17.020   17.020   18.849   24.154
            0.068185  0.068185  0.068185
 -108.586  -56.917  -56.917  -56.917   -5.200   -0.693   -0.693   -0.687   -0.272   -0.272
    4.620    6.088    6.088    6.600   10.443   10.688   10.688   13.305   15.145   15.145
   15.842   17.041   17.041   18.871   24.127
            0.069448  0.069448  0.069448
 -108.586  -56.917  -56.917  -56.917   -5.199   -0.693   -0.693   -0.686   -0.272   -0.272
    4.602    6.085    6.085    6.609   10.442   10.692   10.692   13.323   15.134   15.134
   15.834   17.062   17.062   18.893   24.100
            0.070711  0.070711  0.070711
 -108.586  -56.917  -56.917  -56.917   -5.197   -0.692   -0.692   -0.685   -0.272   -0.272
    4.585    6.082    6.082    6.618   10.440   10.697   10.697   13.341   15.123   15.123
   15.826   17.083   17.083   18.916   24.073
            0.071973  0.071973  0.071973
 -108.586  -56.917  -56.917  -56.917   -5.196   -0.692   -0.692   -0.685   -0.272   -0.272
    4.567    6.079    6.079    6.628   10.439   10.701   10.701   13.360   15.112   15.112
   15.818   17.105   17.105   18.938   24.046
            0.073236  0.073236  0.073236
 -108.586  -56.917  -56.917  -56.917   -5.194   -0.692   -0.692   -0.684   -0.272   -0.272
    4.549    6.076    6.076    6.637   10.438   10.706   10.706   13.378   15.101   15.101
   15.810   17.126   17.126   18.961   24.018
            0.074499  0.074499  0.074499
 -108.586  -56.917  -56.917  -56.917   -5.193   -0.691   -0.691   -0.683   -0.272   -0.272
    4.531    6.072    6.072    6.646   10.437   10.710   10.710   13.396   15.091   15.091
   15.803   17.148   17.148   18.984   23.990
            0.075761  0.075761  0.075761
 -108.586  -56.917  -56.917  -56.917   -5.191   -0.691   -0.691   -0.682   -0.272   -0.272
    4.514    6.069    6.069    6.655   10.437   10.715   10.715   13.415   15.080   15.080
   15.795   17.169   17.169   19.007   23.962
            0.077024  0.077024  0.077024
 -108.586  -56.917  -56.917  -56.917   -5.190   -0.690   -0.690   -0.682   -0.272   -0.272
    4.496    6.066    6.066    6.664   10.436   10.720   10.720   13.433   15.070   15.070
   15.788   17.191   17.191   19.030   23.933
            0.078287  0.078287  0.078287
 -108.586  -56.917  -56.917  -56.917   -5.188   -0.690   -0.690   -0.681   -0.272   -0.272
    4.478    6.062    6.062    6.672   10.436   10.725   10.725   13.452   15.060   15.060
   15.781   17.212   17.212   19.054   23.905
            0.079550  0.079550  0.079550
 -108.586  -56.917  -56.917  -56.917   -5.187   -0.690   -0.690   -0.680   -0.272   -0.272
    4.459    6.059    6.059    6.681   10.435   10.729   10.729   13.470   15.050   15.050
   15.774   17.234   17.234   19.078   23.876
            0.080812  0.080812  0.080812
 -108.586  -56.917  -56.917  -56.917   -5.185   -0.689   -0.689   -0.679   -0.272   -0.272
    4.441    6.055    6.055    6.690   10.435   10.734   10.734   13.489   15.040   15.040
   15.768   17.256   17.256   19.102   23.847
            0.082075  0.082075  0.082075
 -108.586  -56.917  -56.917  -56.917   -5.183   -0.689   -0.689   -0.678   -0.272   -0.272
    4.423    6.052    6.052    6.698   10.436   10.739   10.739   13.507   15.030   15.030
   15.761   17.278   17.278   19.126   23.818
            0.083338  0.083338  0.083338
 -108.586  -56.917  -56.917  -56.917   -5.182   -0.688   -0.688   -0.677   -0.272   -0.272
    4.405    6.048    6.048    6.706   10.436   10.744   10.744   13.526   15.021   15.021
   15.755   17.300   17.300   19.150   23.788
            0.084600  0.084600  0.084600
 -108.586  -56.917  -56.917  -56.917   -5.180   -0.688   -0.688   -0.677   -0.272   -0.272
    4.387    6.045    6.045    6.715   10.436   10.749   10.749   13.544   15.011   15.011
   15.749   17.322   17.322   19.174   23.759
            0.085863  0.085863  0.085863
 -108.586  -56.917  -56.917  -56.917   -5.178   -0.687   -0.687   -0.676   -0.272   -0.272
    4.368    6.041    6.041    6.723   10.437   10.754   10.754   13.563   15.002   15.002
   15.744   17.344   17.344   19.199   23.729
            0.087126  0.087126  0.087126
 -108.586  -56.917  -56.917  -56.917   -5.177   -0.687   -0.687   -0.675   -0.272   -0.272
    4.350    6.037    6.037    6.731   10.438   10.759   10.759   13.581   14.992   14.992
   15.738   17.366   17.366   19.224   23.699
            0.088388  0.088388  0.088388
 -108.586  -56.917  -56.917  -56.917   -5.175   -0.686   -0.686   -0.674   -0.272   -0.272
    4.331    6.033    6.033    6.739   10.439   10.764   10.764   13.599   14.983   14.983
   15.733   17.388   17.388   19.249   23.669
            0.089651  0.089651  0.089651
 -108.586  -56.917  -56.917  -56.917   -5.173   -0.686   -0.686   -0.673   -0.272   -0.272
    4.313    6.030    6.030    6.747   10.440   10.770   10.770   13.617   14.974   14.974
   15.728   17.411   17.411   19.274   23.639
            0.090914  0.090914  0.090914
 -108.586  -56.917  -56.917  -56.917   -5.171   -0.685   -0.685   -0.672   -0.272   -0.272
    4.294    6.026    6.026    6.754   10.441   10.775   10.775   13.635   14.965   14.965
   15.724   17.433   17.433   19.299   23.609
            0.092176  0.092176  0.092176
 -108.586  -56.917  -56.917  -56.917   -5.169   -0.685   -0.685   -0.671   -0.272   -0.272
    4.276    6.022    6.022    6.762   10.443   10.780   10.780   13.653   14.957   14.957
   15.720   17.455   17.455   19.325   23.579
            0.093439  0.093439  0.093439
 -108.586  -56.917  -56.917  -56.917   -5.168   -0.684   -0.684   -0.670   -0.272   -0.272
    4.257    6.018    6.018    6.769   10.445   10.785   10.785   13.671   14.948   14.948
   15.716   17.478   17.478   19.350   23.548
            0.094702  0.094702  0.094702
 -108.586  -56.917  -56.917  -56.917   -5.166   -0.684   -0.684   -0.669   -0.272   -0.272
    4.238    6.014    6.014    6.777   10.447   10.791   10.791   13.689   14.940   14.940
   15.712   17.500   17.500   19.376   23.517
            0.095964  0.095964  0.095964
 -108.586  -56.917  -56.917  -56.917   -5.164   -0.683   -0.683   -0.668   -0.273   -0.273
    4.220    6.010    6.010    6.784   10.449   10.796   10.796   13.706   14.931   14.931
   15.709   17.523   17.523   19.402   23.487
            0.097227  0.097227  0.097227
 -108.586  -56.917  -56.917  -56.917   -5.162   -0.683   -0.683   -0.667   -0.273   -0.273
    4.201    6.007    6.007    6.791   10.451   10.801   10.801   13.724   14.923   14.923
   15.707   17.546   17.546   19.428   23.456
            0.098490  0.098490  0.098490
 -108.586  -56.917  -56.917  -56.917   -5.160   -0.682   -0.682   -0.666   -0.273   -0.273
    4.182    6.003    6.003    6.798   10.454   10.807   10.807   13.741   14.915   14.915
   15.704   17.569   17.569   19.454   23.425
            0.099753  0.099753  0.099753
 -108.586  -56.917  -56.917  -56.917   -5.158   -0.682   -0.682   -0.665   -0.273   -0.273
    4.163    5.999    5.999    6.805   10.457   10.812   10.812   13.758   14.907   14.907
   15.702   17.591   17.591   19.481   23.394
            0.101015  0.101015  0.101015
 -108.586  -56.917  -56.917  -56.917   -5.156   -0.681   -0.681   -0.663   -0.273   -0.273
    4.145    5.995    5.995    6.811   10.460   10.817   10.817   13.775   14.899   14.899
   15.701   17.614   17.614   19.507   23.363
            0.102278  0.102278  0.102278
 -108.586  -56.917  -56.917  -56.917   -5.154   -0.681   -0.681   -0.662   -0.273   -0.273
    4.126    5.990    5.990    6.818   10.463   10.823   10.823   13.791   14.892   14.892
   15.700   17.637   17.637   19.534   23.332
            0.103541  0.103541  0.103541
 -108.586  -56.917  -56.917  -56.917   -5.152   -0.680   -0.680   -0.661   -0.273   -0.273
    4.107    5.986    5.986    6.824   10.466   10.828   10.828   13.807   14.884   14.884
   15.699   17.660   17.660   19.561   23.301
            0.104803  0.104803  0.104803
 -108.586  -56.917  -56.917  -56.917   -5.150   -0.680   -0.680   -0.660   -0.273   -0.273
    4.088    5.982    5.982    6.831   10.470   10.834   10.834   13.823   14.877   14.877
   15.699   17.683   17.683   19.588   23.269
            0.106066  0.106066  0.106066
 -108.586  -56.917  -56.917  -56.917   -5.148   -0.679   -0.679   -0.659   -0.273   -0.273
    4.069    5.978    5.978    6.837   10.474   10.839   10.839   13.839   14.870   14.870
   15.699   17.706   17.706   19.615   23.238
            0.107329  0.107329  0.107329
 -108.586  -56.917  -56.917  -56.917   -5.146   -0.679   -0.679   -0.657   -0.273   -0.273
    4.050    5.974    5.974    6.843   10.478   10.845   10.845   13.854   14.863   14.863
   15.700   17.729   17.729   19.642   23.207
            0.108591  0.108591  0.108591
 -108.586  -56.917  -56.917  -56.917   -5.144   -0.678   -0.678   -0.656   -0.273   -0.273
    4.031    5.970    5.970    6.849   10.482   10.850   10.850   13.869   14.856   14.856
   15.701   17.753   17.753   19.669   23.175
            0.109854  0.109854  0.109854
 -108.586  -56.917  -56.917  -56.917   -5.142   -0.678   -0.678   -0.655   -0.273   -0.273
    4.012    5.966    5.966    6.855   10.487   10.856   10.856   13.884   14.849   14.849
   15.703   17.776   17.776   19.697   23.144
            0.111117  0.111117  0.111117
 -108.586  -56.917  -56.917  -56.917   -5.140   -0.677   -0.677   -0.654   -0.273   -0.273
    3.993    5.961    5.961    6.860   10.492   10.862   10.862   13.898   14.843   14.843
   15.705   17.799   17.799   19.724   23.112
            0.112379  0.112379  0.112379
 -108.586  -56.917  -56.917  -56.917   -5.138   -0.677   -0.677   -0.652   -0.273   -0.273
    3.974    5.957    5.957    6.866   10.497   10.867   10.867   13.912   14.837   14.837
   15.708   17.823   17.823   19.752   23.080
            0.113642  0.113642  0.113642
 -108.586  -56.917  -56.917  -56.917   -5.136   -0.676   -0.676   -0.651   -0.273   -0.273
    3.955    5.953    5.953    6.871   10.502   10.873   10.873   13.926   14.830   14.830
   15.711   17.846   17.846   19.780   23.049
            0.114905  0.114905  0.114905
 -108.586  -56.917  -56.917  -56.917   -5.133   -0.676   -0.676   -0.650   -0.273   -0.273
    3.936    5.948    5.948    6.876   10.507   10.878   10.878   13.939   14.824   14.824
   15.715   17.870   17.870   19.808   23.017
            0.116168  0.116168  0.116168
 -108.586  -56.917  -56.917  -56.917   -5.131   -0.675   -0.675   -0.648   -0.273   -0.273
    3.917    5.944    5.944    6.882   10.513   10.884   10.884   13.952   14.818   14.818
   15.720   17.893   17.893   19.836   22.985
            0.117430  0.117430  0.117430
 -108.586  -56.917  -56.917  -56.917   -5.129   -0.674   -0.674   -0.647   -0.273   -0.273
    3.898    5.940    5.940    6.887   10.518   10.889   10.889   13.965   14.813   14.813
   15.725   17.917   17.917   19.864   22.954
            0.118693  0.118693  0.118693
 -108.586  -56.917  -56.917  -56.917   -5.127   -0.674   -0.674   -0.645   -0.273   -0.273
    3.879    5.935    5.935    6.891   10.525   10.895   10.895   13.977   14.807   14.807
   15.731   17.940   17.940   19.892   22.922
            0.119956  0.119956  0.119956
 -108.586  -56.917  -56.917  -56.917   -5.125   -0.673   -0.673   -0.644   -0.273   -0.273
    3.860    5.931    5.931    6.896   10.531   10.901   10.901   13.988   14.802   14.802
   15.737   17.964   17.964   19.921   22.890
            0.121218  0.121218  0.121218
 -108.586  -56.917  -56.917  -56.917   -5.122   -0.673   -0.673   -0.642   -0.273   -0.273
    3.840    5.927    5.927    6.901   10.537   10.906   10.906   13.999   14.796   14.796
   15.744   17.988   17.988   19.949   22.858
            0.122481  0.122481  0.122481
 -108.586  -56.917  -56.917  -56.917   -5.120   -0.672   -0.672   -0.641   -0.273   -0.273
    3.821    5.922    5.922    6.905   10.544   10.912   10.912   14.010   14.791   14.791
   15.752   18.011   18.011   19.978   22.826
            0.123744  0.123744  0.123744
 -108.586  -56.917  -56.917  -56.917   -5.118   -0.672   -0.672   -0.639   -0.273   -0.273
    3.802    5.918    5.918    6.910   10.551   10.917   10.917   14.020   14.786   14.786
   15.760   18.035   18.035   20.006   22.794
            0.125006  0.125006  0.125006
 -108.586  -56.917  -56.917  -56.917   -5.116   -0.671   -0.671   -0.638   -0.273   -0.273
    3.783    5.913    5.913    6.914   10.558   10.923   10.923   14.030   14.782   14.782
   15.769   18.059   18.059   20.035   22.763
            0.126269  0.126269  0.126269
 -108.586  -56.917  -56.917  -56.917   -5.113   -0.670   -0.670   -0.636   -0.273   -0.273
    3.764    5.909    5.909    6.918   10.565   10.929   10.929   14.040   14.777   14.777
   15.778   18.083   18.083   20.064   22.731
            0.127532  0.127532  0.127532
 -108.586  -56.917  -56.917  -56.917   -5.111   -0.670   -0.670   -0.635   -0.273   -0.273
    3.745    5.904    5.904    6.922   10.573   10.934   10.934   14.048   14.773   14.773
   15.788   18.107   18.107   20.093   22.699
            0.128794  0.128794  0.128794
 -108.586  -56.917  -56.917  -56.917   -5.109   -0.669   -0.669   -0.633   -0.273   -0.273
    3.726    5.900    5.900    6.926   10.581   10.940   10.940   14.057   14.768   14.768
   15.799   18.131   18.131   20.122   22.667
            0.130057  0.130057  0.130057
 -108.586  -56.917  -56.917  -56.917   -5.106   -0.669   -0.669   -0.631   -0.273   -0.273
    3.706    5.895    5.895    6.930   10.589   10.945   10.945   14.065   14.764   14.764
   15.810   18.155   18.155   20.152   22.635
            0.131320  0.131320  0.131320
 -108.586  -56.917  -56.917  -56.917   -5.104   -0.668   -0.668   -0.630   -0.273   -0.273
    3.687    5.891    5.891    6.933   10.597   10.951   10.951   14.072   14.760   14.760
   15.822   18.179   18.179   20.181   22.603
            0.132583  0.132583  0.132583
 -108.586  -56.917  -56.917  -56.917   -5.102   -0.668   -0.668   -0.628   -0.273   -0.273
    3.668    5.886    5.886    6.937   10.605   10.956   10.956   14.079   14.757   14.757
   15.835   18.203   18.203   20.210   22.572
            0.133845  0.133845  0.133845
 -108.586  -56.917  -56.917  -56.917   -5.099   -0.667   -0.667   -0.626   -0.273   -0.273
    3.649    5.882    5.882    6.940   10.614   10.962   10.962   14.086   14.753   14.753
   15.848   18.227   18.227   20.240   22.540
            0.135108  0.135108  0.135108
 -108.586  -56.917  -56.917  -56.917   -5.097   -0.666   -0.666   -0.625   -0.273   -0.273
    3.630    5.877    5.877    6.944   10.623   10.967   10.967   14.092   14.750   14.750
   15.862   18.251   18.251   20.269   22.508
            0.136371  0.136371  0.136371
 -108.586  -56.917  -56.917  -56.917   -5.094   -0.666   -0.666   -0.623   -0.273   -0.273
    3.610    5.873    5.873    6.947   10.632   10.973   10.973   14.098   14.746   14.746
   15.877   18.276   18.276   20.299   22.476
            0.137633  0.137633  0.137633
 -108.586  -56.917  -56.917  -56.917   -5.092   -0.665   -0.665   -0.621   -0.273   -0.273
    3.591    5.868    5.868    6.950   10.641   10.978   10.978   14.103   14.743   14.743
   15.892   18.300   18.300   20.329   22.444
            0.138896  0.138896  0.138896
 -108.586  -56.917  -56.917  -56.917   -5.090   -0.665   -0.665   -0.619   -0.272   -0.272
    3.572    5.864    5.864    6.953   10.651   10.983   10.983   14.107   14.741   14.741
   15.907   18.324   18.324   20.358   22.413
            0.140159  0.140159  0.140159
 -108.586  -56.917  -56.917  -56.917   -5.087   -0.664   -0.664   -0.617   -0.272   -0.272
    3.553    5.859    5.859    6.956   10.660   10.989   10.989   14.112   14.738   14.738
   15.924   18.348   18.348   20.388   22.381
            0.141421  0.141421  0.141421
 -108.586  -56.917  -56.917  -56.917   -5.085   -0.663   -0.663   -0.615   -0.272   -0.272
    3.534    5.855    5.855    6.958   10.670   10.994   10.994   14.116   14.735   14.735
   15.941   18.373   18.373   20.418   22.349
            0.142684  0.142684  0.142684
 -108.586  -56.917  -56.917  -56.917   -5.082   -0.663   -0.663   -0.613   -0.272   -0.272
    3.515    5.850    5.850    6.961   10.680   11.000   11.000   14.119   14.733   14.733
   15.958   18.397   18.397   20.448   22.318
            0.143947  0.143947  0.143947
 -108.586  -56.917  -56.917  -56.917   -5.080   -0.662   -0.662   -0.612   -0.272   -0.272
    3.496    5.845    5.845    6.963   10.690   11.005   11.005   14.122   14.731   14.731
   15.976   18.421   18.421   20.478   22.286
            0.145209  0.145209  0.145209
 -108.586  -56.917  -56.917  -56.917   -5.077   -0.662   -0.662   -0.610   -0.272   -0.272
    3.476    5.841    5.841    6.966   10.701   11.010   11.010   14.125   14.729   14.729
   15.995   18.446   18.446   20.508   22.255
            0.146472  0.146472  0.146472
 -108.586  -56.917  -56.917  -56.917   -5.075   -0.661   -0.661   -0.608   -0.272   -0.272
    3.457    5.836    5.836    6.968   10.712   11.015   11.015   14.127   14.727   14.727
   16.014   18.470   18.470   20.538   22.223
            0.147735  0.147735  0.147735
 -108.586  -56.917  -56.917  -56.917   -5.072   -0.660   -0.660   -0.606   -0.272   -0.272
    3.438    5.831    5.831    6.970   10.723   11.021   11.021   14.129   14.725   14.725
   16.033   18.494   18.494   20.568   22.192
            0.148998  0.148998  0.148998
 -108.586  -56.917  -56.917  -56.917   -5.070   -0.660   -0.660   -0.604   -0.272   -0.272
    3.419    5.827    5.827    6.972   10.734   11.026   11.026   14.131   14.724   14.724
   16.053   18.519   18.519   20.598   22.160
            0.150260  0.150260  0.150260
 -108.586  -56.917  -56.917  -56.917   -5.067   -0.659   -0.659   -0.601   -0.272   -0.272
    3.400    5.822    5.822    6.974   10.745   11.031   11.031   14.132   14.723   14.723
   16.074   18.543   18.543   20.628   22.129
            0.151523  0.151523  0.151523
 -108.586  -56.917  -56.917  -56.917   -5.065   -0.659   -0.659   -0.599   -0.272   -0.272
    3.381    5.818    5.818    6.976   10.756   11.036   11.036   14.133   14.722   14.722
   16.095   18.568   18.568   20.658   22.098
            0.152786  0.152786  0.152786
 -108.586  -56.917  -56.917  -56.917   -5.062   -0.658   -0.658   -0.597   -0.272   -0.272
    3.362    5.813    5.813    6.978   10.768   11.041   11.041   14.133   14.721   14.721
   16.116   18.592   18.592   20.688   22.067
            0.154048  0.154048  0.154048
 -108.586  -56.917  -56.917  -56.917   -5.060   -0.657   -0.657   -0.595   -0.272   -0.272
    3.343    5.808    5.808    6.980   10.780   11.046   11.046   14.133   14.720   14.720
   16.138   18.617   18.617   20.718   22.036
            0.155311  0.155311  0.155311
 -108.586  -56.917  -56.917  -56.917   -5.057   -0.657   -0.657   -0.593   -0.272   -0.272
    3.324    5.804    5.804    6.981   10.792   11.051   11.051   14.133   14.720   14.720
   16.161   18.641   18.641   20.747   22.004
            0.156574  0.156574  0.156574
 -108.586  -56.917  -56.917  -56.917   -5.055   -0.656   -0.656   -0.591   -0.272   -0.272
    3.305    5.799    5.799    6.983   10.804   11.056   11.056   14.133   14.719   14.719
   16.183   18.665   18.665   20.777   21.974
            0.157836  0.157836  0.157836
 -108.586  -56.917  -56.917  -56.917   -5.052   -0.656   -0.656   -0.588   -0.272   -0.272
    3.286    5.794    5.794    6.984   10.817   11.061   11.061   14.132   14.719   14.719
   16.207   18.690   18.690   20.806   21.943
            0.159099  0.159099  0.159099
 -108.586  -56.917  -56.917  -56.917   -5.049   -0.655   -0.655   -0.586   -0.272   -0.272
    3.267    5.790    5.790    6.985   10.829   11.066   11.066   14.131   14.719   14.719
   16.230   18.714   18.714   20.835   21.911
            0.160362  0.160362  0.160362
 -108.586  -56.917  -56.917  -56.917   -5.047   -0.654   -0.654   -0.584   -0.272   -0.272
    3.248    5.785    5.785    6.987   10.842   11.071   11.071   14.130   14.720   14.720
   16.254   18.739   18.739   20.864   21.876
            0.161624  0.161624  0.161624
 -108.586  -56.917  -56.917  -56.917   -5.044   -0.654   -0.654   -0.581   -0.272   -0.272
    3.229    5.781    5.781    6.988   10.855   11.076   11.076   14.128   14.720   14.720
   16.279   18.763   18.763   20.892   21.840
            0.162887  0.162887  0.162887
 -108.586  -56.917  -56.917  -56.917   -5.042   -0.653   -0.653   -0.579   -0.272   -0.272
    3.210    5.776    5.776    6.989   10.868   11.080   11.080   14.127   14.721   14.721
   16.303   18.787   18.787   20.920   21.806
            0.164150  0.164150  0.164150
 -108.586  -56.917  -56.917  -56.917   -5.039   -0.653   -0.653   -0.577   -0.272   -0.272
    3.191    5.771    5.771    6.990   10.881   11.085   11.085   14.125   14.722   14.722
   16.328   18.812   18.812   20.947   21.773
            0.165412  0.165412  0.165412
 -108.586  -56.917  -56.917  -56.917   -5.036   -0.652   -0.652   -0.574   -0.272   -0.272
    3.172    5.767    5.767    6.991   10.895   11.090   11.090   14.123   14.723   14.723
   16.354   18.836   18.836   20.973   21.740
            0.166675  0.166675  0.166675
 -108.586  -56.917  -56.917  -56.917   -5.034   -0.652   -0.652   -0.572   -0.271   -0.271
    3.153    5.762    5.762    6.991   10.909   11.094   11.094   14.120   14.724   14.724
   16.379   18.860   18.860   20.998   21.709
            0.167938  0.167938  0.167938
 -108.586  -56.917  -56.917  -56.917   -5.031   -0.651   -0.651   -0.569   -0.271   -0.271
    3.134    5.758    5.758    6.992   10.922   11.099   11.099   14.118   14.725   14.725
   16.405   18.884   18.884   21.022   21.679
            0.169201  0.169201  0.169201
 -108.586  -56.917  -56.917  -56.917   -5.029   -0.650   -0.650   -0.567   -0.271   -0.271
    3.116    5.753    5.753    6.993   10.936   11.104   11.104   14.115   14.727   14.727
   16.431   18.909   18.909   21.044   21.652
            0.170463  0.170463  0.170463
 -108.586  -56.917  -56.917  -56.917   -5.026   -0.650   -0.650   -0.564   -0.271   -0.271
    3.097    5.748    5.748    6.993   10.951   11.108   11.108   14.112   14.728   14.728
   16.458   18.933   18.933   21.064   21.627
            0.171726  0.171726  0.171726
 -108.586  -56.917  -56.917  -56.917   -5.023   -0.649   -0.649   -0.561   -0.271   -0.271
    3.078    5.744    5.744    6.994   10.965   11.112   11.112   14.109   14.730   14.730
   16.485   18.957   18.957   21.080   21.605
            0.172989  0.172989  0.172989
 -108.586  -56.917  -56.917  -56.917   -5.021   -0.649   -0.649   -0.559   -0.271   -0.271
    3.059    5.739    5.739    6.994   10.979   11.117   11.117   14.106   14.733   14.733
   16.512   18.981   18.981   21.094   21.580
            0.174251  0.174251  0.174251
 -108.586  -56.917  -56.917  -56.917   -5.018   -0.648   -0.648   -0.556   -0.271   -0.271
    3.040    5.735    5.735    6.995   10.994   11.121   11.121   14.103   14.735   14.735
   16.539   19.005   19.005   21.103   21.551
            0.175514  0.175514  0.175514
 -108.586  -56.917  -56.917  -56.917   -5.015   -0.647   -0.647   -0.554   -0.271   -0.271
    3.022    5.730    5.730    6.995   11.009   11.125   11.125   14.099   14.738   14.738
   16.566   19.028   19.028   21.107   21.522
            0.176777  0.176777  0.176777
 -108.586  -56.917  -56.917  -56.917   -5.013   -0.647   -0.647   -0.551   -0.271   -0.271
    3.003    5.726    5.726    6.995   11.024   11.130   11.130   14.096   14.740   14.740
   16.594   19.052   19.052   21.105   21.493
            0.178039  0.178039  0.178039
 -108.586  -56.917  -56.917  -56.917   -5.010   -0.646   -0.646   -0.548   -0.271   -0.271
    2.985    5.721    5.721    6.995   11.039   11.134   11.134   14.092   14.743   14.743
   16.621   19.076   19.076   21.099   21.464
            0.179302  0.179302  0.179302
 -108.586  -56.917  -56.917  -56.917   -5.007   -0.646   -0.646   -0.545   -0.271   -0.271
    2.966    5.716    5.716    6.995   11.054   11.138   11.138   14.088   14.746   14.746
   16.649   19.099   19.099   21.087   21.436
            0.180565  0.180565  0.180565
 -108.586  -56.917  -56.917  -56.917   -5.005   -0.645   -0.645   -0.542   -0.271   -0.271
    2.947    5.712    5.712    6.995   11.069   11.142   11.142   14.085   14.750   14.750
   16.678   19.122   19.122   21.071   21.407
            0.181827  0.181827  0.181827
 -108.586  -56.917  -56.917  -56.917   -5.002   -0.644   -0.644   -0.540   -0.270   -0.270
    2.929    5.707    5.707    6.995   11.085   11.146   11.146   14.081   14.753   14.753
   16.706   19.146   19.146   21.051   21.379
            0.183090  0.183090  0.183090
 -108.586  -56.917  -56.917  -56.917   -4.999   -0.644   -0.644   -0.537   -0.270   -0.270
    2.910    5.703    5.703    6.995   11.100   11.150   11.150   14.076   14.757   14.757
   16.734   19.169   19.169   21.028   21.352
            0.184353  0.184353  0.184353
 -108.586  -56.917  -56.917  -56.917   -4.997   -0.643   -0.643   -0.534   -0.270   -0.270
    2.892    5.698    5.698    6.995   11.116   11.154   11.154   14.072   14.761   14.761
   16.763   19.191   19.191   21.003   21.324
            0.185616  0.185616  0.185616
 -108.586  -56.917  -56.917  -56.917   -4.994   -0.643   -0.643   -0.531   -0.270   -0.270
    2.873    5.694    5.694    6.995   11.132   11.158   11.158   14.068   14.765   14.765
   16.791   19.214   19.214   20.976   21.297
            0.186878  0.186878  0.186878
 -108.586  -56.917  -56.917  -56.917   -4.991   -0.642   -0.642   -0.528   -0.270   -0.270
    2.855    5.689    5.689    6.995   11.148   11.161   11.161   14.064   14.769   14.769
   16.820   19.237   19.237   20.948   21.270
            0.188141  0.188141  0.188141
 -108.586  -56.917  -56.917  -56.917   -4.989   -0.642   -0.642   -0.525   -0.270   -0.270
    2.837    5.685    5.685    6.994   11.164   11.165   11.165   14.059   14.773   14.773
   16.849   19.259   19.259   20.919   21.243
            0.189404  0.189404  0.189404
 -108.586  -56.917  -56.917  -56.917   -4.986   -0.641   -0.641   -0.522   -0.270   -0.270
    2.818    5.681    5.681    6.994   11.169   11.169   11.181   14.055   14.778   14.778
   16.878   19.281   19.281   20.889   21.217
            0.190666  0.190666  0.190666
 -108.586  -56.917  -56.917  -56.917   -4.983   -0.640   -0.640   -0.519   -0.270   -0.270
    2.800    5.676    5.676    6.994   11.172   11.172   11.197   14.050   14.783   14.783
   16.907   19.302   19.302   20.858   21.191
            0.191929  0.191929  0.191929
 -108.586  -56.917  -56.917  -56.917   -4.981   -0.640   -0.640   -0.515   -0.270   -0.270
    2.782    5.672    5.672    6.993   11.176   11.176   11.214   14.046   14.788   14.788
   16.936   19.324   19.324   20.827   21.165
            0.193192  0.193192  0.193192
 -108.586  -56.917  -56.917  -56.917   -4.978   -0.639   -0.639   -0.512   -0.269   -0.269
    2.764    5.667    5.667    6.993   11.180   11.180   11.230   14.041   14.793   14.793
   16.965   19.345   19.345   20.796   21.140
            0.194454  0.194454  0.194454
 -108.586  -56.917  -56.917  -56.917   -4.976   -0.639   -0.639   -0.509   -0.269   -0.269
    2.745    5.663    5.663    6.992   11.183   11.183   11.247   14.037   14.799   14.799
   16.994   19.366   19.366   20.764   21.115
            0.195717  0.195717  0.195717
 -108.586  -56.917  -56.917  -56.917   -4.973   -0.638   -0.638   -0.506   -0.269   -0.269
    2.727    5.659    5.659    6.992   11.186   11.186   11.264   14.032   14.804   14.804
   17.023   19.386   19.386   20.733   21.091
            0.196980  0.196980  0.196980
 -108.586  -56.917  -56.917  -56.917   -4.970   -0.638   -0.638   -0.503   -0.269   -0.269
    2.709    5.654    5.654    6.991   11.190   11.190   11.281   14.027   14.810   14.810
   17.052   19.406   19.406   20.701   21.068
            0.198242  0.198242  0.198242
 -108.586  -56.917  -56.917  -56.917   -4.968   -0.637   -0.637   -0.499   -0.269   -0.269
    2.691    5.650    5.650    6.990   11.193   11.193   11.298   14.023   14.816   14.816
   17.081   19.425   19.425   20.670   21.044
            0.199505  0.199505  0.199505
 -108.586  -56.917  -56.917  -56.917   -4.965   -0.637   -0.637   -0.496   -0.269   -0.269
    2.673    5.646    5.646    6.989   11.196   11.196   11.315   14.018   14.822   14.822
   17.110   19.444   19.444   20.638   21.022
            0.200768  0.200768  0.200768
 -108.586  -56.917  -56.917  -56.917   -4.962   -0.636   -0.636   -0.492   -0.269   -0.269
    2.655    5.641    5.641    6.989   11.199   11.199   11.333   14.013   14.828   14.828
   17.139   19.463   19.463   20.607   21.000
            0.202031  0.202031  0.202031
 -108.586  -56.917  -56.917  -56.917   -4.960   -0.636   -0.636   -0.489   -0.269   -0.269
    2.637    5.637    5.637    6.988   11.202   11.202   11.350   14.008   14.835   14.835
   17.168   19.480   19.480   20.575   20.979
            0.203293  0.203293  0.203293
 -108.586  -56.917  -56.917  -56.917   -4.957   -0.635   -0.635   -0.486   -0.268   -0.268
    2.619    5.633    5.633    6.987   11.205   11.205   11.368   14.004   14.842   14.842
   17.197   19.498   19.498   20.544   20.958
            0.204556  0.204556  0.204556
 -108.586  -56.917  -56.917  -56.917   -4.954   -0.634   -0.634   -0.482   -0.268   -0.268
    2.602    5.628    5.628    6.986   11.208   11.208   11.385   13.999   14.848   14.848
   17.225   19.514   19.514   20.513   20.939
            0.205819  0.205819  0.205819
 -108.586  -56.917  -56.917  -56.917   -4.952   -0.634   -0.634   -0.479   -0.268   -0.268
    2.584    5.624    5.624    6.985   11.211   11.211   11.403   13.994   14.855   14.855
   17.254   19.530   19.530   20.483   20.920
            0.207081  0.207081  0.207081
 -108.586  -56.917  -56.917  -56.917   -4.949   -0.633   -0.633   -0.475   -0.268   -0.268
    2.566    5.620    5.620    6.984   11.214   11.214   11.421   13.989   14.863   14.863
   17.282   19.544   19.544   20.452   20.902
            0.208344  0.208344  0.208344
 -108.586  -56.917  -56.917  -56.917   -4.947   -0.633   -0.633   -0.471   -0.268   -0.268
    2.549    5.616    5.616    6.983   11.217   11.217   11.439   13.985   14.870   14.870
   17.311   19.558   19.558   20.422   20.885
            0.209607  0.209607  0.209607
 -108.586  -56.917  -56.917  -56.917   -4.944   -0.632   -0.632   -0.468   -0.268   -0.268
    2.531    5.612    5.612    6.982   11.220   11.220   11.457   13.980   14.878   14.878
   17.339   19.571   19.571   20.393   20.870
            0.210869  0.210869  0.210869
 -108.586  -56.917  -56.917  -56.917   -4.941   -0.632   -0.632   -0.464   -0.268   -0.268
    2.513    5.608    5.608    6.981   11.222   11.222   11.475   13.975   14.885   14.885
   17.366   19.583   19.583   20.364   20.855
            0.212132  0.212132  0.212132
 -108.586  -56.917  -56.917  -56.917   -4.939   -0.631   -0.631   -0.460   -0.267   -0.267
    2.496    5.603    5.603    6.980   11.225   11.225   11.493   13.971   14.893   14.893
   17.394   19.594   19.594   20.335   20.841
            0.213395  0.213395  0.213395
 -108.586  -56.917  -56.917  -56.917   -4.936   -0.631   -0.631   -0.457   -0.267   -0.267
    2.478    5.599    5.599    6.979   11.227   11.227   11.511   13.966   14.902   14.902
   17.421   19.604   19.604   20.306   20.829
            0.214657  0.214657  0.214657
 -108.586  -56.917  -56.917  -56.917   -4.934   -0.630   -0.630   -0.453   -0.267   -0.267
    2.461    5.595    5.595    6.978   11.230   11.230   11.529   13.961   14.910   14.910
   17.448   19.613   19.613   20.278   20.818
            0.215920  0.215920  0.215920
 -108.586  -56.917  -56.917  -56.917   -4.931   -0.630   -0.630   -0.449   -0.267   -0.267
    2.444    5.591    5.591    6.977   11.232   11.232   11.548   13.957   14.918   14.918
   17.475   19.620   19.620   20.251   20.809
            0.217183  0.217183  0.217183
 -108.586  -56.917  -56.917  -56.917   -4.928   -0.629   -0.629   -0.445   -0.267   -0.267
    2.426    5.587    5.587    6.976   11.235   11.235   11.566   13.952   14.927   14.927
   17.501   19.626   19.626   20.224   20.801
            0.218445  0.218445  0.218445
 -108.586  -56.917  -56.917  -56.917   -4.926   -0.629   -0.629   -0.441   -0.267   -0.267
    2.409    5.583    5.583    6.975   11.237   11.237   11.584   13.947   14.936   14.936
   17.527   19.630   19.630   20.198   20.794
            0.219708  0.219708  0.219708
 -108.586  -56.917  -56.917  -56.917   -4.923   -0.628   -0.628   -0.438   -0.267   -0.267
    2.392    5.579    5.579    6.974   11.239   11.239   11.603   13.943   14.945   14.945
   17.553   19.633   19.633   20.172   20.789
            0.220971  0.220971  0.220971
 -108.586  -56.917  -56.917  -56.917   -4.921   -0.628   -0.628   -0.434   -0.266   -0.266
    2.375    5.575    5.575    6.973   11.242   11.242   11.622   13.938   14.954   14.954
   17.578   19.635   19.635   20.147   20.786
            0.222234  0.222234  0.222234
 -108.586  -56.917  -56.917  -56.917   -4.918   -0.627   -0.627   -0.430   -0.266   -0.266
    2.358    5.571    5.571    6.971   11.244   11.244   11.640   13.934   14.963   14.963
   17.603   19.635   19.635   20.122   20.784
            0.223496  0.223496  0.223496
 -108.586  -56.917  -56.917  -56.917   -4.916   -0.627   -0.627   -0.426   -0.266   -0.266
    2.341    5.567    5.567    6.970   11.246   11.246   11.659   13.930   14.973   14.973
   17.627   19.634   19.634   20.098   20.783
            0.224759  0.224759  0.224759
 -108.586  -56.917  -56.917  -56.917   -4.913   -0.626   -0.626   -0.422   -0.266   -0.266
    2.324    5.563    5.563    6.969   11.248   11.248   11.678   13.925   14.982   14.982
   17.650   19.631   19.631   20.075   20.784
            0.226022  0.226022  0.226022
 -108.586  -56.917  -56.917  -56.917   -4.911   -0.626   -0.626   -0.418   -0.266   -0.266
    2.307    5.560    5.560    6.968   11.250   11.250   11.696   13.921   14.992   14.992
   17.673   19.627   19.627   20.053   20.787
            0.227284  0.227284  0.227284
 -108.586  -56.917  -56.917  -56.917   -4.908   -0.625   -0.625   -0.413   -0.266   -0.266
    2.290    5.556    5.556    6.966   11.252   11.252   11.715   13.917   15.002   15.002
   17.696   19.621   19.621   20.032   20.792
            0.228547  0.228547  0.228547
 -108.586  -56.917  -56.917  -56.917   -4.906   -0.625   -0.625   -0.409   -0.265   -0.265
    2.273    5.552    5.552    6.965   11.254   11.254   11.734   13.912   15.012   15.012
   17.717   19.614   19.614   20.011   20.797
            0.229810  0.229810  0.229810
 -108.586  -56.917  -56.917  -56.917   -4.903   -0.625   -0.625   -0.405   -0.265   -0.265
    2.257    5.548    5.548    6.964   11.256   11.256   11.753   13.908   15.023   15.023
   17.738   19.606   19.606   19.992   20.805
            0.231072  0.231072  0.231072
 -108.586  -56.917  -56.917  -56.917   -4.901   -0.624   -0.624   -0.401   -0.265   -0.265
    2.240    5.544    5.544    6.962   11.258   11.258   11.772   13.904   15.033   15.033
   17.758   19.596   19.596   19.973   20.813
            0.232335  0.232335  0.232335
 -108.586  -56.917  -56.917  -56.917   -4.898   -0.624   -0.624   -0.397   -0.265   -0.265
    2.224    5.541    5.541    6.961   11.259   11.259   11.791   13.900   15.044   15.044
   17.777   19.586   19.586   19.955   20.823
            0.233598  0.233598  0.233598
 -108.586  -56.917  -56.917  -56.917   -4.896   -0.623   -0.623   -0.392   -0.265   -0.265
    2.207    5.537    5.537    6.960   11.261   11.261   11.810   13.896   15.054   15.054
   17.796   19.574   19.574   19.939   20.834
            0.234860  0.234860  0.234860
 -108.586  -56.917  -56.917  -56.917   -4.894   -0.623   -0.623   -0.388   -0.265   -0.265
    2.191    5.533    5.533    6.958   11.263   11.263   11.829   13.892   15.065   15.065
   17.813   19.561   19.561   19.924   20.847
            0.236123  0.236123  0.236123
 -108.586  -56.917  -56.917  -56.917   -4.891   -0.622   -0.622   -0.384   -0.264   -0.264
    2.174    5.530    5.530    6.957   11.264   11.264   11.848   13.888   15.076   15.076
   17.830   19.547   19.547   19.909   20.860
            0.237386  0.237386  0.237386
 -108.586  -56.917  -56.917  -56.917   -4.889   -0.622   -0.622   -0.379   -0.264   -0.264
    2.158    5.526    5.526    6.956   11.266   11.266   11.867   13.885   15.087   15.087
   17.845   19.532   19.532   19.896   20.875
            0.238649  0.238649  0.238649
 -108.586  -56.917  -56.917  -56.917   -4.887   -0.621   -0.621   -0.375   -0.264   -0.264
    2.142    5.522    5.522    6.954   11.267   11.267   11.886   13.881   15.099   15.099
   17.860   19.516   19.516   19.885   20.890
            0.239911  0.239911  0.239911
 -108.586  -56.917  -56.917  -56.917   -4.884   -0.621   -0.621   -0.370   -0.264   -0.264
    2.126    5.519    5.519    6.953   11.269   11.269   11.905   13.877   15.110   15.110
   17.873   19.499   19.499   19.874   20.907
            0.241174  0.241174  0.241174
 -108.586  -56.917  -56.917  -56.917   -4.882   -0.621   -0.621   -0.366   -0.264   -0.264
    2.110    5.515    5.515    6.952   11.270   11.270   11.924   13.874   15.122   15.122
   17.885   19.482   19.482   19.865   20.924
            0.242437  0.242437  0.242437
 -108.586  -56.917  -56.917  -56.917   -4.879   -0.620   -0.620   -0.362   -0.264   -0.264
    2.094    5.512    5.512    6.950   11.272   11.272   11.943   13.870   15.134   15.134
   17.896   19.464   19.464   19.857   20.942
            0.243699  0.243699  0.243699
 -108.586  -56.917  -56.917  -56.917   -4.877   -0.620   -0.620   -0.357   -0.263   -0.263
    2.078    5.508    5.508    6.949   11.273   11.273   11.962   13.867   15.145   15.145
   17.906   19.445   19.445   19.851   20.961
            0.244962  0.244962  0.244962
 -108.586  -56.917  -56.917  -56.917   -4.875   -0.619   -0.619   -0.352   -0.263   -0.263
    2.062    5.505    5.505    6.948   11.274   11.274   11.981   13.864   15.157   15.157
   17.915   19.426   19.426   19.846   20.981
            0.246225  0.246225  0.246225
 -108.586  -56.917  -56.917  -56.917   -4.873   -0.619   -0.619   -0.348   -0.263   -0.263
    2.046    5.502    5.502    6.946   11.276   11.276   12.000   13.860   15.170   15.170
   17.922   19.406   19.406   19.842   21.001
            0.247487  0.247487  0.247487
 -108.586  -56.917  -56.917  -56.917   -4.870   -0.619   -0.619   -0.343   -0.263   -0.263
    2.031    5.498    5.498    6.945   11.277   11.277   12.019   13.857   15.182   15.182
   17.928   19.385   19.385   19.840   21.021
            0.248750  0.248750  0.248750
 -108.586  -56.917  -56.917  -56.917   -4.868   -0.618   -0.618   -0.339   -0.263   -0.263
    2.015    5.495    5.495    6.943   11.278   11.278   12.038   13.854   15.194   15.194
   17.933   19.365   19.365   19.840   21.043
            0.250013  0.250013  0.250013
 -108.586  -56.917  -56.917  -56.917   -4.866   -0.618   -0.618   -0.334   -0.262   -0.262
    2.000    5.492    5.492    6.942   11.279   11.279   12.057   13.851   15.207   15.207
   17.936   19.344   19.344   19.841   21.065
            0.251275  0.251275  0.251275
 -108.586  -56.917  -56.917  -56.917   -4.864   -0.617   -0.617   -0.329   -0.262   -0.262
    1.984    5.488    5.488    6.941   11.280   11.280   12.075   13.848   15.219   15.219
   17.938   19.322   19.322   19.844   21.087
            0.252538  0.252538  0.252538
 -108.586  -56.917  -56.917  -56.917   -4.861   -0.617   -0.617   -0.325   -0.262   -0.262
    1.969    5.485    5.485    6.939   11.281   11.281   12.094   13.846   15.232   15.232
   17.939   19.300   19.300   19.848   21.110
            0.253801  0.253801  0.253801
 -108.586  -56.917  -56.917  -56.917   -4.859   -0.617   -0.617   -0.320   -0.262   -0.262
    1.954    5.482    5.482    6.938   11.282   11.282   12.113   13.843   15.245   15.245
   17.938   19.278   19.278   19.853   21.133
            0.255064  0.255064  0.255064
 -108.586  -56.917  -56.917  -56.917   -4.857   -0.616   -0.616   -0.315   -0.262   -0.262
    1.939    5.479    5.479    6.937   11.283   11.283   12.132   13.840   15.258   15.258
   17.937   19.256   19.256   19.860   21.156
            0.256326  0.256326  0.256326
 -108.586  -56.917  -56.917  -56.917   -4.855   -0.616   -0.616   -0.310   -0.262   -0.262
    1.924    5.475    5.475    6.935   11.284   11.284   12.150   13.838   15.271   15.271
   17.934   19.234   19.234   19.868   21.180
            0.257589  0.257589  0.257589
 -108.586  -56.917  -56.917  -56.917   -4.853   -0.616   -0.616   -0.305   -0.261   -0.261
    1.909    5.472    5.472    6.934   11.285   11.285   12.169   13.835   15.284   15.284
   17.929   19.211   19.211   19.878   21.204
            0.258852  0.258852  0.258852
 -108.586  -56.917  -56.917  -56.917   -4.851   -0.615   -0.615   -0.301   -0.261   -0.261
    1.894    5.469    5.469    6.933   11.286   11.286   12.187   13.833   15.298   15.298
   17.924   19.188   19.188   19.889   21.229
            0.260114  0.260114  0.260114
 -108.586  -56.917  -56.917  -56.917   -4.849   -0.615   -0.615   -0.296   -0.261   -0.261
    1.879    5.466    5.466    6.931   11.287   11.287   12.206   13.831   15.311   15.311
   17.918   19.165   19.165   19.902   21.253
            0.261377  0.261377  0.261377
 -108.586  -56.917  -56.917  -56.917   -4.847   -0.614   -0.614   -0.291   -0.261   -0.261
    1.864    5.463    5.463    6.930   11.288   11.288   12.224   13.829   15.325   15.325
   17.910   19.142   19.142   19.916   21.278
            0.262640  0.262640  0.262640
 -108.586  -56.917  -56.917  -56.917   -4.845   -0.614   -0.614   -0.286   -0.261   -0.261
    1.850    5.460    5.460    6.929   11.289   11.289   12.242   13.827   15.338   15.338
   17.901   19.118   19.118   19.931   21.303
            0.263902  0.263902  0.263902
 -108.586  -56.917  -56.917  -56.917   -4.843   -0.614   -0.614   -0.281   -0.260   -0.260
    1.835    5.457    5.457    6.927   11.289   11.289   12.260   13.825   15.352   15.352
   17.892   19.095   19.095   19.947   21.329
            0.265165  0.265165  0.265165
 -108.586  -56.917  -56.917  -56.917   -4.841   -0.613   -0.613   -0.276   -0.260   -0.260
    1.821    5.454    5.454    6.926   11.290   11.290   12.279   13.824   15.366   15.366
   17.881   19.072   19.072   19.964   21.355
            0.266428  0.266428  0.266428
 -108.586  -56.917  -56.917  -56.917   -4.839   -0.613   -0.613   -0.271   -0.260   -0.260
    1.807    5.452    5.452    6.925   11.291   11.291   12.296   13.822   15.380   15.380
   17.870   19.048   19.048   19.983   21.380
            0.267690  0.267690  0.267690
 -108.586  -56.917  -56.917  -56.917   -4.837   -0.613   -0.613   -0.266   -0.260   -0.260
    1.793    5.449    5.449    6.923   11.292   11.292   12.314   13.821   15.394   15.394
   17.858   19.024   19.024   20.002   21.406
            0.268953  0.268953  0.268953
 -108.586  -56.917  -56.917  -56.917   -4.835   -0.613   -0.613   -0.261   -0.260   -0.260
    1.779    5.446    5.446    6.922   11.292   11.292   12.332   13.819   15.408   15.408
   17.845   19.001   19.001   20.023   21.433
            0.270216  0.270216  0.270216
 -108.586  -56.917  -56.917  -56.917   -4.833   -0.612   -0.612   -0.260   -0.260   -0.256
    1.765    5.443    5.443    6.921   11.293   11.293   12.350   13.818   15.422   15.422
   17.831   18.977   18.977   20.044   21.459
            0.271478  0.271478  0.271478
 -108.586  -56.917  -56.917  -56.917   -4.831   -0.612   -0.612   -0.259   -0.259   -0.251
    1.751    5.440    5.440    6.920   11.293   11.293   12.367   13.817   15.436   15.436
   17.816   18.953   18.953   20.066   21.485
            0.272741  0.272741  0.272741
 -108.586  -56.917  -56.917  -56.917   -4.829   -0.612   -0.612   -0.259   -0.259   -0.246
    1.737    5.438    5.438    6.918   11.294   11.294   12.384   13.816   15.451   15.451
   17.801   18.930   18.930   20.089   21.512
            0.274004  0.274004  0.274004
 -108.586  -56.917  -56.917  -56.917   -4.827   -0.611   -0.611   -0.259   -0.259   -0.241
    1.724    5.435    5.435    6.917   11.294   11.294   12.401   13.816   15.465   15.465
   17.786   18.906   18.906   20.113   21.539
            0.275267  0.275267  0.275267
 -108.586  -56.917  -56.917  -56.917   -4.825   -0.611   -0.611   -0.259   -0.259   -0.236
    1.710    5.432    5.432    6.916   11.295   11.295   12.419   13.815   15.479   15.479
   17.770   18.882   18.882   20.137   21.565
            0.276529  0.276529  0.276529
 -108.586  -56.917  -56.917  -56.917   -4.824   -0.611   -0.611   -0.259   -0.259   -0.231
    1.697    5.430    5.430    6.915   11.295   11.295   12.435   13.815   15.494   15.494
   17.753   18.859   18.859   20.163   21.592
            0.277792  0.277792  0.277792
 -108.586  -56.917  -56.917  -56.917   -4.822   -0.610   -0.610   -0.259   -0.259   -0.226
    1.684    5.427    5.427    6.913   11.296   11.296   12.452   13.814   15.508   15.508
   17.736   18.835   18.835   20.188   21.619
            0.279055  0.279055  0.279055
 -108.586  -56.917  -56.917  -56.917   -4.820   -0.610   -0.610   -0.258   -0.258   -0.221
    1.670    5.425    5.425    6.912   11.296   11.296   12.469   13.814   15.523   15.523
   17.719   18.812   18.812   20.215   21.646
            0.280317  0.280317  0.280317
 -108.586  -56.917  -56.917  -56.917   -4.818   -0.610   -0.610   -0.258   -0.258   -0.216
    1.657    5.422    5.422    6.911   11.297   11.297   12.485   13.814   15.538   15.538
   17.701   18.788   18.788   20.242   21.674
            0.281580  0.281580  0.281580
 -108.586  -56.917  -56.917  -56.917   -4.817   -0.610   -0.610   -0.258   -0.258   -0.211
    1.645    5.420    5.420    6.910   11.297   11.297   12.501   13.814   15.552   15.552
   17.683   18.765   18.765   20.269   21.701
            0.282843  0.282843  0.282843
 -108.586  -56.917  -56.917  -56.917   -4.815   -0.609   -0.609   -0.258   -0.258   -0.206
    1.632    5.418    5.418    6.909   11.298   11.298   12.517   13.814   15.567   15.567
   17.664   18.742   18.742   20.297   21.728
            0.284105  0.284105  0.284105
 -108.586  -56.917  -56.917  -56.917   -4.813   -0.609   -0.609   -0.258   -0.258   -0.201
    1.619    5.415    5.415    6.908   11.298   11.298   12.533   13.815   15.582   15.582
   17.646   18.718   18.718   20.326   21.755
            0.285368  0.285368  0.285368
 -108.586  -56.917  -56.917  -56.917   -4.812   -0.609   -0.609   -0.258   -0.258   -0.196
    1.607    5.413    5.413    6.906   11.298   11.298   12.548   13.815   15.596   15.596
   17.627   18.695   18.695   20.355   21.783
            0.286631  0.286631  0.286631
 -108.586  -56.917  -56.917  -56.917   -4.810   -0.609   -0.609   -0.257   -0.257   -0.191
    1.594    5.411    5.411    6.905   11.299   11.299   12.564   13.816   15.611   15.611
   17.608   18.672   18.672   20.384   21.810
            0.287893  0.287893  0.287893
 -108.586  -56.917  -56.917  -56.917   -4.808   -0.608   -0.608   -0.257   -0.257   -0.186
    1.582    5.408    5.408    6.904   11.299   11.299   12.579   13.817   15.626   15.626
   17.589   18.649   18.649   20.413   21.838
            0.289156  0.289156  0.289156
 -108.586  -56.917  -56.917  -56.917   -4.807   -0.608   -0.608   -0.257   -0.257   -0.181
    1.570    5.406    5.406    6.903   11.299   11.299   12.593   13.818   15.641   15.641
   17.570   18.627   18.627   20.443   21.865
            0.290419  0.290419  0.290419
 -108.586  -56.917  -56.917  -56.917   -4.805   -0.608   -0.608   -0.257   -0.257   -0.176
    1.558    5.404    5.404    6.902   11.299   11.299   12.608   13.819   15.656   15.656
   17.550   18.604   18.604   20.473   21.892
            0.291682  0.291682  0.291682
 -108.586  -56.917  -56.917  -56.917   -4.804   -0.608   -0.608   -0.257   -0.257   -0.171
    1.547    5.402    5.402    6.901   11.300   11.300   12.622   13.821   15.670   15.670
   17.531   18.581   18.581   20.504   21.920
            0.292944  0.292944  0.292944
 -108.586  -56.917  -56.917  -56.917   -4.802   -0.607   -0.607   -0.257   -0.257   -0.166
    1.535    5.400    5.400    6.900   11.300   11.300   12.637   13.822   15.685   15.685
   17.512   18.559   18.559   20.534   21.947
            0.294207  0.294207  0.294207
 -108.586  -56.917  -56.917  -56.917   -4.801   -0.607   -0.607   -0.256   -0.256   -0.161
    1.524    5.398    5.398    6.899   11.300   11.300   12.650   13.824   15.700   15.700
   17.492   18.537   18.537   20.565   21.975
            0.295470  0.295470  0.295470
 -108.586  -56.917  -56.917  -56.917   -4.799   -0.607   -0.607   -0.256   -0.256   -0.156
    1.512    5.396    5.396    6.898   11.300   11.300   12.664   13.825   15.715   15.715
   17.473   18.515   18.515   20.596   22.002
            0.296732  0.296732  0.296732
 -108.586  -56.917  -56.917  -56.917   -4.798   -0.607   -0.607   -0.256   -0.256   -0.152
    1.501    5.394    5.394    6.897   11.300   11.300   12.677   13.827   15.729   15.729
   17.454   18.493   18.493   20.627   22.029
            0.297995  0.297995  0.297995
 -108.586  -56.917  -56.917  -56.917   -4.797   -0.607   -0.607   -0.256   -0.256   -0.147
    1.490    5.392    5.392    6.896   11.301   11.301   12.690   13.829   15.744   15.744
   17.435   18.471   18.471   20.658   22.057
            0.299258  0.299258  0.299258
 -108.586  -56.917  -56.917  -56.917   -4.795   -0.606   -0.606   -0.256   -0.256   -0.142
    1.479    5.390    5.390    6.895   11.301   11.301   12.703   13.832   15.759   15.759
   17.415   18.450   18.450   20.689   22.084
            0.300520  0.300520  0.300520
 -108.586  -56.917  -56.917  -56.917   -4.794   -0.606   -0.606   -0.256   -0.256   -0.137
    1.469    5.388    5.388    6.894   11.301   11.301   12.716   13.834   15.773   15.773
   17.396   18.428   18.428   20.721   22.111
            0.301783  0.301783  0.301783
 -108.586  -56.917  -56.917  -56.917   -4.793   -0.606   -0.606   -0.256   -0.256   -0.133
    1.458    5.386    5.386    6.893   11.301   11.301   12.728   13.837   15.788   15.788
   17.377   18.407   18.407   20.752   22.138
            0.303046  0.303046  0.303046
 -108.586  -56.917  -56.917  -56.917   -4.792   -0.606   -0.606   -0.256   -0.256   -0.128
    1.448    5.385    5.385    6.893   11.301   11.301   12.740   13.839   15.802   15.802
   17.359   18.386   18.386   20.783   22.165
            0.304308  0.304308  0.304308
 -108.586  -56.917  -56.917  -56.917   -4.790   -0.606   -0.606   -0.255   -0.255   -0.123
    1.438    5.383    5.383    6.892   11.301   11.301   12.751   13.842   15.816   15.816
   17.340   18.366   18.366   20.815   22.192
            0.305571  0.305571  0.305571
 -108.586  -56.917  -56.917  -56.917   -4.789   -0.605   -0.605   -0.255   -0.255   -0.119
    1.428    5.381    5.381    6.891   11.302   11.302   12.763   13.845   15.831   15.831
   17.322   18.345   18.345   20.846   22.219
            0.306834  0.306834  0.306834
 -108.586  -56.917  -56.917  -56.917   -4.788   -0.605   -0.605   -0.255   -0.255   -0.114
    1.418    5.380    5.380    6.890   11.302   11.302   12.774   13.848   15.845   15.845
   17.304   18.325   18.325   20.877   22.245
            0.308097  0.308097  0.308097
 -108.586  -56.917  -56.917  -56.917   -4.787   -0.605   -0.605   -0.255   -0.255   -0.110
    1.409    5.378    5.378    6.889   11.302   11.302   12.784   13.851   15.859   15.859
   17.286   18.305   18.305   20.908   22.272
            0.309359  0.309359  0.309359
 -108.586  -56.917  -56.917  -56.917   -4.786   -0.605   -0.605   -0.255   -0.255   -0.105
    1.399    5.377    5.377    6.888   11.302   11.302   12.795   13.854   15.873   15.873
   17.268   18.286   18.286   20.939   22.298
            0.310622  0.310622  0.310622
 -108.586  -56.917  -56.917  -56.917   -4.785   -0.605   -0.605   -0.255   -0.255   -0.101
    1.390    5.375    5.375    6.888   11.302   11.302   12.805   13.857   15.887   15.887
   17.251   18.267   18.267   20.970   22.324
            0.311885  0.311885  0.311885
 -108.586  -56.917  -56.917  -56.917   -4.784   -0.605   -0.605   -0.255   -0.255   -0.097
    1.381    5.374    5.374    6.887   11.302   11.302   12.814   13.861   15.900   15.900
   17.234   18.248   18.248   21.001   22.350
            0.313147  0.313147  0.313147
 -108.586  -56.917  -56.917  -56.917   -4.783   -0.604   -0.604   -0.255   -0.255   -0.093
    1.373    5.372    5.372    6.886   11.302   11.302   12.824   13.864   15.914   15.914
   17.217   18.229   18.229   21.031   22.376
            0.314410  0.314410  0.314410
 -108.586  -56.917  -56.917  -56.917   -4.782   -0.604   -0.604   -0.254   -0.254   -0.088
    1.364    5.371    5.371    6.885   11.302   11.302   12.833   13.868   15.927   15.927
   17.200   18.211   18.211   21.061   22.401
            0.315673  0.315673  0.315673
 -108.586  -56.917  -56.917  -56.917   -4.781   -0.604   -0.604   -0.254   -0.254   -0.084
    1.356    5.370    5.370    6.885   11.302   11.302   12.842   13.871   15.940   15.940
   17.184   18.193   18.193   21.091   22.427
            0.316935  0.316935  0.316935
 -108.586  -56.917  -56.917  -56.917   -4.780   -0.604   -0.604   -0.254   -0.254   -0.080
    1.348    5.368    5.368    6.884   11.302   11.302   12.850   13.875   15.953   15.953
   17.168   18.175   18.175   21.121   22.452
            0.318198  0.318198  0.318198
 -108.586  -56.917  -56.917  -56.917   -4.779   -0.604   -0.604   -0.254   -0.254   -0.077
    1.340    5.367    5.367    6.883   11.302   11.302   12.858   13.879   15.966   15.966
   17.153   18.158   18.158   21.150   22.476
            0.319461  0.319461  0.319461
 -108.586  -56.917  -56.917  -56.917   -4.778   -0.604   -0.604   -0.254   -0.254   -0.073
    1.332    5.366    5.366    6.883   11.302   11.302   12.866   13.882   15.978   15.978
   17.138   18.141   18.141   21.179   22.501
            0.320723  0.320723  0.320723
 -108.586  -56.917  -56.917  -56.917   -4.777   -0.604   -0.604   -0.254   -0.254   -0.069
    1.325    5.365    5.365    6.882   11.302   11.302   12.874   13.886   15.990   15.990
   17.123   18.124   18.124   21.207   22.525
            0.321986  0.321986  0.321986
 -108.586  -56.917  -56.917  -56.917   -4.776   -0.604   -0.604   -0.254   -0.254   -0.066
    1.318    5.364    5.364    6.882   11.302   11.302   12.881   13.890   16.002   16.002
   17.109   18.108   18.108   21.235   22.548
            0.323249  0.323249  0.323249
 -108.586  -56.917  -56.917  -56.917   -4.775   -0.603   -0.603   -0.254   -0.254   -0.062
    1.311    5.362    5.362    6.881   11.302   11.302   12.888   13.894   16.014   16.014
   17.095   18.093   18.093   21.263   22.572
            0.324512  0.324512  0.324512
 -108.586  -56.917  -56.917  -56.917   -4.775   -0.603   -0.603   -0.254   -0.254   -0.059
    1.304    5.361    5.361    6.881   11.302   11.302   12.894   13.897   16.025   16.025
   17.082   18.077   18.077   21.290   22.594
            0.325774  0.325774  0.325774
 -108.586  -56.917  -56.917  -56.917   -4.774   -0.603   -0.603   -0.254   -0.254   -0.055
    1.298    5.360    5.360    6.880   11.302   11.302   12.901   13.901   16.037   16.037
   17.069   18.063   18.063   21.316   22.617
            0.327037  0.327037  0.327037
 -108.586  -56.917  -56.917  -56.917   -4.773   -0.603   -0.603   -0.254   -0.254   -0.052
    1.291    5.359    5.359    6.880   11.302   11.302   12.907   13.905   16.047   16.047
   17.056   18.048   18.048   21.342   22.639
            0.328300  0.328300  0.328300
 -108.586  -56.917  -56.917  -56.917   -4.773   -0.603   -0.603   -0.253   -0.253   -0.049
    1.285    5.359    5.359    6.879   11.302   11.302   12.912   13.908   16.058   16.058
   17.044   18.035   18.035   21.367   22.660
            0.329562  0.329562  0.329562
 -108.586  -56.917  -56.917  -56.917   -4.772   -0.603   -0.603   -0.253   -0.253   -0.046
    1.280    5.358    5.358    6.879   11.302   11.302   12.918   13.912   16.068   16.068
   17.033   18.021   18.021   21.391   22.681
            0.330825  0.330825  0.330825
 -108.586  -56.917  -56.917  -56.917   -4.771   -0.603   -0.603   -0.253   -0.253   -0.043
    1.274    5.357    5.357    6.878   11.302   11.302   12.923   13.915   16.078   16.078
   17.022   18.009   18.009   21.415   22.701
            0.332088  0.332088  0.332088
 -108.586  -56.917  -56.917  -56.917   -4.771   -0.603   -0.603   -0.253   -0.253   -0.041
    1.269    5.356    5.356    6.878   11.302   11.302   12.927   13.918   16.087   16.087
   17.011   17.997   17.997   21.438   22.720
            0.333350  0.333350  0.333350
 -108.586  -56.917  -56.917  -56.917   -4.770   -0.603   -0.603   -0.253   -0.253   -0.038
    1.264    5.355    5.355    6.877   11.302   11.302   12.932   13.921   16.096   16.096
   17.001   17.985   17.985   21.460   22.739
            0.334613  0.334613  0.334613
 -108.586  -56.917  -56.917  -56.917   -4.770   -0.603   -0.603   -0.253   -0.253   -0.036
    1.260    5.355    5.355    6.877   11.302   11.302   12.936   13.924   16.104   16.104
   16.992   17.974   17.974   21.480   22.757
            0.335876  0.335876  0.335876
 -108.586  -56.917  -56.917  -56.917   -4.769   -0.603   -0.603   -0.253   -0.253   -0.034
    1.255    5.354    5.354    6.877   11.302   11.302   12.940   13.927   16.112   16.112
   16.983   17.964   17.964   21.500   22.774
            0.337138  0.337138  0.337138
 -108.586  -56.917  -56.917  -56.917   -4.769   -0.602   -0.602   -0.253   -0.253   -0.031
    1.251    5.353    5.353    6.876   11.302   11.302   12.944   13.930   16.120   16.120
   16.975   17.954   17.954   21.519   22.791
            0.338401  0.338401  0.338401
 -108.586  -56.917  -56.917  -56.917   -4.768   -0.602   -0.602   -0.253   -0.253   -0.029
    1.248    5.353    5.353    6.876   11.302   11.302   12.947   13.933   16.127   16.127
   16.967   17.945   17.945   21.537   22.806
            0.339664  0.339664  0.339664
 -108.586  -56.917  -56.917  -56.917   -4.768   -0.602   -0.602   -0.253   -0.253   -0.028
    1.244    5.352    5.352    6.876   11.302   11.302   12.950   13.935   16.133   16.133
   16.960   17.936   17.936   21.554   22.820
            0.340926  0.340926  0.340926
 -108.586  -56.917  -56.917  -56.917   -4.768   -0.602   -0.602   -0.253   -0.253   -0.026
    1.241    5.352    5.352    6.876   11.302   11.302   12.953   13.937   16.139   16.139
   16.953   17.929   17.929   21.569   22.834
            0.342189  0.342189  0.342189
 -108.586  -56.917  -56.917  -56.917   -4.767   -0.602   -0.602   -0.253   -0.253   -0.024
    1.238    5.352    5.352    6.875   11.302   11.302   12.955   13.939   16.145   16.145
   16.948   17.922   17.922   21.583   22.846
            0.343452  0.343452  0.343452
 -108.586  -56.917  -56.917  -56.917   -4.767   -0.602   -0.602   -0.253   -0.253   -0.023
    1.236    5.351    5.351    6.875   11.302   11.302   12.958   13.941   16.150   16.150
   16.942   17.915   17.915   21.596   22.857
            0.344715  0.344715  0.344715
 -108.586  -56.917  -56.917  -56.917   -4.767   -0.602   -0.602   -0.253   -0.253   -0.022
    1.233    5.351    5.351    6.875   11.302   11.302   12.960   13.943   16.154   16.154
   16.937   17.910   17.910   21.608   22.867
            0.345977  0.345977  0.345977
 -108.586  -56.917  -56.917  -56.917   -4.767   -0.602   -0.602   -0.253   -0.253   -0.021
    1.231    5.351    5.351    6.875   11.302   11.302   12.961   13.944   16.158   16.158
   16.933   17.905   17.905   21.618   22.876
            0.347240  0.347240  0.347240
 -108.586  -56.917  -56.917  -56.917   -4.767   -0.602   -0.602   -0.253   -0.253   -0.020
    1.230    5.350    5.350    6.875   11.302   11.302   12.963   13.946   16.162   16.162
   16.930   17.900   17.900   21.626   22.884
            0.348503  0.348503  0.348503
 -108.586  -56.917  -56.917  -56.917   -4.766   -0.602   -0.602   -0.253   -0.253   -0.019
    1.228    5.350    5.350    6.875   11.302   11.302   12.964   13.947   16.164   16.164
   16.927   17.897   17.897   21.633   22.890
            0.349765  0.349765  0.349765
 -108.586  -56.917  -56.917  -56.917   -4.766   -0.602   -0.602   -0.253   -0.253   -0.018
    1.227    5.350    5.350    6.875   11.302   11.302   12.965   13.948   16.166   16.166
   16.925   17.894   17.894   21.639   22.895
            0.351028  0.351028  0.351028
 -108.586  -56.917  -56.917  -56.917   -4.766   -0.602   -0.602   -0.253   -0.253   -0.018
    1.226    5.350    5.350    6.875   11.302   11.302   12.965   13.948   16.168   16.168
   16.923   17.892   17.892   21.643   22.898
            0.352291  0.352291  0.352291
 -108.586  -56.917  -56.917  -56.917   -4.766   -0.602   -0.602   -0.253   -0.253   -0.018
    1.226    5.350    5.350    6.875   11.302   11.302   12.966   13.949   16.169   16.169
   16.922   17.891   17.891   21.645   22.900
            0.353553  0.353553  0.353553
 -108.586  -56.917  -56.917  -56.917   -4.766   -0.602   -0.602   -0.253   -0.253   -0.018
    1.226    5.350    5.350    6.875   11.302   11.302   12.966   13.949   16.169   16.169
   16.922   17.891   17.891   21.646   22.901
            0.353553  0.355321  0.351786
 -108.586  -56.917  -56.917  -56.917   -4.766   -0.602   -0.602   -0.253   -0.253   -0.018
    1.226    5.349    5.350    6.875   11.302   11.303   12.966   13.949   16.169   16.169
   16.922   17.891   17.892   21.646   22.901
            0.353553  0.357089  0.350018
 -108.586  -56.917  -56.917  -56.917   -4.766   -0.602   -0.602   -0.253   -0.253   -0.018
    1.226    5.348    5.350    6.876   11.302   11.303   12.966   13.949   16.168   16.169
   16.921   17.892   17.893   21.645   22.900
            0.353553  0.358857  0.348250
 -108.586  -56.917  -56.917  -56.917   -4.766   -0.602   -0.602   -0.253   -0.253   -0.018
    1.226    5.347    5.349    6.878   11.301   11.303   12.966   13.950   16.168   16.168
   16.920   17.892   17.897   21.645   22.900
            0.353553  0.360624  0.346482
 -108.586  -56.917  -56.917  -56.917   -4.766   -0.602   -0.602   -0.253   -0.253   -0.018
    1.226    5.344    5.349    6.880   11.300   11.304   12.966   13.951   16.166   16.168
   16.918   17.893   17.901   21.644   22.899
            0.353553  0.362392  0.344715
 -108.586  -56.917  -56.917  -56.917   -4.766   -0.602   -0.602   -0.253   -0.253   -0.018
    1.226    5.342    5.349    6.883   11.298   11.305   12.966   13.953   16.165   16.167
   16.916   17.895   17.907   21.643   22.898
            0.353553  0.364160  0.342947
 -108.586  -56.917  -56.917  -56.917   -4.766   -0.602   -0.602   -0.253   -0.253   -0.017
    1.226    5.338    5.348    6.887   11.296   11.306   12.967   13.955   16.163   16.166
   16.913   17.896   17.914   21.642   22.896
            0.353553  0.365928  0.341179
 -108.586  -56.917  -56.917  -56.917   -4.766   -0.602   -0.602   -0.253   -0.253   -0.017
    1.227    5.334    5.347    6.891   11.294   11.308   12.967   13.957   16.161   16.165
   16.910   17.898   17.922   21.641   22.894
            0.353553  0.367696  0.339411
 -108.586  -56.917  -56.917  -56.917   -4.766   -0.602   -0.602   -0.253   -0.253   -0.017
    1.227    5.329    5.347    6.896   11.292   11.309   12.967   13.960   16.158   16.163
   16.907   17.901   17.931   21.640   22.892
            0.353553  0.369463  0.337643
 -108.586  -56.917  -56.917  -56.917   -4.765   -0.602   -0.601   -0.253   -0.253   -0.017
    1.227    5.323    5.346    6.902   11.289   11.311   12.967   13.963   16.155   16.162
   16.903   17.903   17.941   21.638   22.890
            0.353553  0.371231  0.335876
 -108.586  -56.917  -56.917  -56.917   -4.765   -0.602   -0.601   -0.253   -0.253   -0.017
    1.227    5.317    5.345    6.908   11.286   11.313   12.968   13.966   16.151   16.160
   16.899   17.906   17.952   21.636   22.887
            0.353553  0.372999  0.334108
 -108.586  -56.917  -56.917  -56.917   -4.765   -0.602   -0.601   -0.254   -0.253   -0.017
    1.228    5.311    5.344    6.915   11.283   11.315   12.968   13.970   16.147   16.159
   16.895   17.910   17.964   21.634   22.884
            0.353553  0.374767  0.332340
 -108.586  -56.917  -56.917  -56.917   -4.765   -0.602   -0.601   -0.254   -0.253   -0.017
    1.228    5.304    5.343    6.923   11.279   11.317   12.968   13.974   16.142   16.157
   16.891   17.913   17.978   21.632   22.881
            0.353553  0.376534  0.330572
 -108.586  -56.917  -56.917  -56.917   -4.765   -0.601   -0.601   -0.254   -0.253   -0.016
    1.228    5.296    5.341    6.931   11.275   11.320   12.968   13.979   16.137   16.156
   16.887   17.917   17.992   21.630   22.878
            0.353553  0.378302  0.328805
 -108.586  -56.917  -56.917  -56.917   -4.764   -0.601   -0.601   -0.254   -0.253   -0.016
    1.229    5.288    5.340    6.939   11.271   11.323   12.968   13.983   16.131   16.154
   16.883   17.921   18.006   21.627   22.874
            0.353553  0.380070  0.327037
 -108.586  -56.917  -56.917  -56.917   -4.764   -0.601   -0.600   -0.254   -0.253   -0.016
    1.229    5.279    5.339    6.948   11.266   11.326   12.968   13.989   16.125   16.152
   16.879   17.926   18.022   21.624   22.869
            0.353553  0.381838  0.325269
 -108.586  -56.917  -56.917  -56.917   -4.764   -0.601   -0.600   -0.254   -0.253   -0.016
    1.229    5.270    5.337    6.958   11.261   11.329   12.968   13.994   16.118   16.150
   16.875   17.930   18.038   21.621   22.865
            0.353553  0.383605  0.323501
 -108.586  -56.917  -56.917  -56.917   -4.763   -0.601   -0.600   -0.255   -0.253   -0.016
    1.230    5.260    5.335    6.968   11.256   11.332   12.968   14.000   16.110   16.149
   16.872   17.936   18.055   21.618   22.860
            0.353553  0.385373  0.321734
 -108.586  -56.917  -56.917  -56.917   -4.763   -0.601   -0.600   -0.255   -0.253   -0.015
    1.230    5.250    5.334    6.978   11.251   11.336   12.968   14.007   16.102   16.147
   16.868   17.941   18.073   21.615   22.855
            0.353553  0.387141  0.319966
 -108.586  -56.917  -56.917  -56.917   -4.763   -0.601   -0.599   -0.255   -0.253   -0.015
    1.231    5.240    5.332    6.989   11.246   11.339   12.968   14.014   16.094   16.145
   16.865   17.947   18.091   21.611   22.849
            0.353553  0.388909  0.318198
 -108.586  -56.917  -56.917  -56.917   -4.762   -0.601   -0.599   -0.255   -0.253   -0.015
    1.232    5.229    5.330    7.001   11.240   11.343   12.968   14.021   16.084   16.143
   16.861   17.953   18.109   21.607   22.843
            0.353553  0.390676  0.316430
 -108.586  -56.917  -56.917  -56.917   -4.762   -0.600   -0.599   -0.256   -0.253   -0.014
    1.232    5.217    5.328    7.013   11.234   11.348   12.967   14.028   16.075   16.142
   16.858   17.959   18.129   21.603   22.837
            0.353553  0.392444  0.314663
 -108.586  -56.917  -56.917  -56.917   -4.761   -0.600   -0.598   -0.256   -0.253   -0.014
    1.233    5.206    5.326    7.025   11.228   11.352   12.967   14.036   16.064   16.140
   16.856   17.966   18.148   21.599   22.831
            0.353553  0.394212  0.312895
 -108.586  -56.917  -56.917  -56.917   -4.761   -0.600   -0.598   -0.256   -0.253   -0.014
    1.233    5.194    5.324    7.038   11.222   11.356   12.966   14.044   16.053   16.138
   16.854   17.973   18.168   21.595   22.824
            0.353553  0.395980  0.311127
 -108.586  -56.917  -56.917  -56.917   -4.761   -0.600   -0.598   -0.257   -0.253   -0.014
    1.234    5.181    5.321    7.051   11.215   11.361   12.965   14.053   16.042   16.137
   16.852   17.980   18.189   21.590   22.817
            0.353553  0.397748  0.309359
 -108.586  -56.917  -56.917  -56.917   -4.760   -0.600   -0.597   -0.257   -0.253   -0.013
    1.235    5.169    5.319    7.064   11.208   11.366   12.964   14.062   16.030   16.135
   16.850   17.987   18.210   21.585   22.809
            0.353553  0.399515  0.307591
 -108.586  -56.917  -56.917  -56.917   -4.760   -0.600   -0.597   -0.257   -0.253   -0.013
    1.235    5.156    5.316    7.077   11.202   11.371   12.963   14.072   16.017   16.134
   16.848   17.995   18.231   21.580   22.801
            0.353553  0.401283  0.305824
 -108.586  -56.917  -56.917  -56.917   -4.759   -0.599   -0.597   -0.258   -0.253   -0.012
    1.236    5.143    5.314    7.091   11.195   11.376   12.962   14.082   16.005   16.132
   16.847   18.004   18.253   21.575   22.793
            0.353553  0.403051  0.304056
 -108.586  -56.917  -56.917  -56.917   -4.759   -0.599   -0.596   -0.258   -0.253   -0.012
    1.237    5.129    5.311    7.106   11.187   11.382   12.961   14.092   15.991   16.131
   16.847   18.012   18.275   21.569   22.784
            0.353553  0.404819  0.302288
 -108.586  -56.917  -56.917  -56.917   -4.758   -0.599   -0.596   -0.258   -0.253   -0.012
    1.237    5.115    5.308    7.120   11.180   11.388   12.959   14.102   15.977   16.130
   16.846   18.021   18.297   21.563   22.776
            0.353553  0.406586  0.300520
 -108.586  -56.917  -56.917  -56.917   -4.758   -0.599   -0.595   -0.259   -0.253   -0.011
    1.238    5.101    5.305    7.135   11.173   11.393   12.957   14.113   15.963   16.128
   16.846   18.030   18.319   21.557   22.767
            0.353553  0.408354  0.298753
 -108.586  -56.917  -56.917  -56.917   -4.757   -0.599   -0.595   -0.259   -0.253   -0.011
    1.239    5.087    5.302    7.150   11.165   11.399   12.955   14.124   15.949   16.127
   16.846   18.039   18.342   21.551   22.757
            0.353553  0.410122  0.296985
 -108.586  -56.917  -56.917  -56.917   -4.756   -0.598   -0.594   -0.259   -0.253   -0.010
    1.240    5.073    5.299    7.165   11.158   11.405   12.953   14.136   15.934   16.126
   16.846   18.049   18.364   21.544   22.747
            0.353553  0.411890  0.295217
 -108.586  -56.917  -56.917  -56.917   -4.756   -0.598   -0.594   -0.260   -0.253   -0.010
    1.241    5.058    5.296    7.180   11.150   11.412   12.951   14.148   15.919   16.125
   16.847   18.059   18.387   21.538   22.737
            0.353553  0.413657  0.293449
 -108.586  -56.917  -56.917  -56.917   -4.755   -0.598   -0.593   -0.260   -0.254   -0.009
    1.242    5.044    5.293    7.196   11.142   11.418   12.949   14.160   15.903   16.124
   16.848   18.069   18.411   21.531   22.727
            0.353553  0.415425  0.291682
 -108.586  -56.917  -56.917  -56.917   -4.754   -0.598   -0.593   -0.261   -0.254   -0.009
    1.242    5.029    5.289    7.212   11.134   11.425   12.946   14.172   15.888   16.124
   16.849   18.080   18.434   21.523   22.716
            0.353553  0.417193  0.289914
 -108.586  -56.917  -56.917  -56.917   -4.754   -0.597   -0.592   -0.261   -0.254   -0.008
    1.243    5.014    5.286    7.228   11.126   11.432   12.944   14.185   15.872   16.123
   16.850   18.091   18.457   21.516   22.706
            0.353553  0.418961  0.288146
 -108.586  -56.917  -56.917  -56.917   -4.753   -0.597   -0.592   -0.262   -0.254   -0.008
    1.244    4.999    5.282    7.244   11.118   11.439   12.941   14.198   15.856   16.122
   16.852   18.102   18.481   21.508   22.694
            0.353553  0.420729  0.286378
 -108.586  -56.917  -56.917  -56.917   -4.752   -0.597   -0.591   -0.262   -0.254   -0.007
    1.245    4.983    5.279    7.260   11.110   11.446   12.938   14.211   15.840   16.122
   16.853   18.114   18.505   21.501   22.683
            0.353553  0.422496  0.284610
 -108.586  -56.917  -56.917  -56.917   -4.752   -0.596   -0.591   -0.263   -0.254   -0.007
    1.246    4.968    5.275    7.276   11.102   11.453   12.935   14.224   15.824   16.121
   16.855   18.125   18.529   21.492   22.671
            0.353553  0.424264  0.282843
 -108.586  -56.917  -56.917  -56.917   -4.751   -0.596   -0.590   -0.263   -0.254   -0.006
    1.247    4.952    5.271    7.293   11.094   11.460   12.932   14.238   15.807   16.121
   16.857   18.137   18.553   21.484   22.660
            0.353553  0.426032  0.281075
 -108.586  -56.917  -56.917  -56.917   -4.750   -0.596   -0.590   -0.263   -0.254   -0.006
    1.248    4.937    5.267    7.310   11.086   11.468   12.928   14.252   15.791   16.121
   16.860   18.150   18.576   21.476   22.647
            0.353553  0.427800  0.279307
 -108.586  -56.917  -56.917  -56.917   -4.750   -0.595   -0.589   -0.264   -0.254   -0.005
    1.249    4.921    5.263    7.326   11.078   11.475   12.925   14.265   15.775   16.121
   16.862   18.162   18.601   21.467   22.635
            0.353553  0.429567  0.277539
 -108.586  -56.917  -56.917  -56.917   -4.749   -0.595   -0.588   -0.264   -0.254   -0.004
    1.250    4.905    5.259    7.343   11.069   11.483   12.922   14.279   15.759   16.121
   16.864   18.175   18.625   21.458   22.623
            0.353553  0.431335  0.275772
 -108.586  -56.917  -56.917  -56.917   -4.748   -0.595   -0.588   -0.265   -0.254   -0.004
    1.251    4.890    5.255    7.360   11.061   11.491   12.918   14.293   15.743   16.121
   16.867   18.188   18.649   21.449   22.610
            0.353553  0.433103  0.274004
 -108.586  -56.917  -56.917  -56.917   -4.747   -0.594   -0.587   -0.265   -0.254   -0.003
    1.252    4.874    5.250    7.377   11.053   11.499   12.914   14.307   15.727   16.121
   16.870   18.202   18.673   21.439   22.597
            0.353553  0.434871  0.272236
 -108.586  -56.917  -56.917  -56.917   -4.746   -0.594   -0.587   -0.266   -0.254   -0.003
    1.253    4.858    5.246    7.394   11.045   11.507   12.910   14.321   15.711   16.122
   16.873   18.216   18.697   21.430   22.584
            0.353553  0.436638  0.270468
 -108.586  -56.917  -56.917  -56.917   -4.746   -0.594   -0.586   -0.266   -0.254   -0.002
    1.254    4.842    5.241    7.412   11.037   11.515   12.907   14.335   15.696   16.122
   16.875   18.230   18.721   21.420   22.570
            0.353553  0.438406  0.268701
 -108.586  -56.917  -56.917  -56.917   -4.745   -0.593   -0.585   -0.267   -0.254   -0.001
    1.255    4.826    5.237    7.429   11.029   11.523   12.903   14.349   15.680   16.123
   16.878   18.244   18.745   21.410   22.557
            0.353553  0.440174  0.266933
 -108.586  -56.917  -56.917  -56.917   -4.744   -0.593   -0.585   -0.268   -0.254   -0.000
    1.256    4.810    5.232    7.446   11.020   11.531   12.899   14.362   15.666   16.123
   16.881   18.258   18.769   21.400   22.543
            0.353553  0.441942  0.265165
 -108.586  -56.917  -56.917  -56.917   -4.743   -0.593   -0.584   -0.268   -0.255    0.000
    1.257    4.794    5.227    7.463   11.012   11.540   12.895   14.376   15.651   16.124
   16.885   18.273   18.793   21.389   22.530
            0.353553  0.443710  0.263397
 -108.586  -56.917  -56.917  -56.917   -4.742   -0.592   -0.583   -0.269   -0.255    0.001
    1.258    4.778    5.222    7.481   11.004   11.548   12.891   14.389   15.637   16.125
   16.888   18.288   18.818   21.379   22.516
            0.353553  0.445477  0.261630
 -108.586  -56.917  -56.917  -56.917   -4.741   -0.592   -0.583   -0.269   -0.255    0.002
    1.259    4.762    5.217    7.498   10.996   11.557   12.887   14.402   15.624   16.126
   16.891   18.304   18.842   21.368   22.502
            0.353553  0.447245  0.259862
 -108.586  -56.917  -56.917  -56.917   -4.740   -0.591   -0.582   -0.270   -0.255    0.002
    1.260    4.746    5.212    7.516   10.989   11.565   12.883   14.414   15.611   16.127
   16.894   18.319   18.865   21.357   22.487
            0.353553  0.449013  0.258094
 -108.586  -56.917  -56.917  -56.917   -4.739   -0.591   -0.581   -0.270   -0.255    0.003
    1.262    4.730    5.207    7.533   10.981   11.574   12.879   14.426   15.598   16.129
   16.897   18.335   18.889   21.346   22.473
            0.353553  0.450781  0.256326
 -108.586  -56.917  -56.917  -56.917   -4.738   -0.591   -0.580   -0.271   -0.255    0.004
    1.263    4.714    5.202    7.550   10.973   11.582   12.875   14.438   15.587   16.130
   16.901   18.351   18.913   21.335   22.459
            0.353553  0.452548  0.254558
 -108.586  -56.917  -56.917  -56.917   -4.737   -0.590   -0.580   -0.271   -0.255    0.005
    1.264    4.698    5.197    7.568   10.965   11.591   12.871   14.449   15.576   16.132
   16.904   18.367   18.937   21.323   22.444
            0.353553  0.454316  0.252791
 -108.586  -56.917  -56.917  -56.917   -4.736   -0.590   -0.579   -0.272   -0.255    0.006
    1.265    4.682    5.191    7.585   10.958   11.599   12.868   14.459   15.566   16.134
   16.907   18.384   18.960   21.312   22.430
            0.353553  0.456084  0.251023
 -108.586  -56.917  -56.917  -56.917   -4.735   -0.589   -0.578   -0.273   -0.255    0.006
    1.266    4.666    5.186    7.603   10.950   11.608   12.864   14.469   15.557   16.135
   16.911   18.400   18.984   21.300   22.415
            0.353553  0.457852  0.249255
 -108.586  -56.917  -56.917  -56.917   -4.734   -0.589   -0.577   -0.273   -0.255    0.007
    1.267    4.650    5.180    7.620   10.943   11.616   12.861   14.478   15.549   16.137
   16.914   18.417   19.007   21.288   22.400
            0.353553  0.459619  0.247487
 -108.586  -56.917  -56.917  -56.917   -4.733   -0.588   -0.577   -0.274   -0.256    0.008
    1.268    4.634    5.174    7.638   10.935   11.624   12.857   14.486   15.542   16.139
   16.918   18.434   19.030   21.276   22.385
            0.353553  0.461387  0.245720
 -108.586  -56.917  -56.917  -56.917   -4.732   -0.588   -0.576   -0.274   -0.256    0.009
    1.269    4.618    5.169    7.655   10.928   11.633   12.854   14.493   15.536   16.142
   16.921   18.452   19.053   21.263   22.370
            0.353553  0.463155  0.243952
 -108.586  -56.917  -56.917  -56.917   -4.731   -0.587   -0.575   -0.275   -0.256    0.010
    1.270    4.602    5.163    7.673   10.921   11.641   12.851   14.499   15.531   16.144
   16.924   18.469   19.076   21.251   22.355
            0.353553  0.464923  0.242184
 -108.586  -56.917  -56.917  -56.917   -4.730   -0.587   -0.574   -0.275   -0.256    0.011
    1.271    4.587    5.157    7.690   10.914   11.649   12.849   14.504   15.527   16.147
   16.928   18.487   19.099   21.239   22.340
            0.353553  0.466690  0.240416
 -108.586  -56.917  -56.917  -56.917   -4.729   -0.586   -0.573   -0.276   -0.256    0.012
    1.272    4.571    5.151    7.707   10.907   11.657   12.846   14.509   15.525   16.149
   16.931   18.505   19.122   21.226   22.325
            0.353553  0.468458  0.238649
 -108.586  -56.917  -56.917  -56.917   -4.728   -0.586   -0.573   -0.277   -0.256    0.012
    1.273    4.555    5.145    7.725   10.900   11.665   12.844   14.511   15.524   16.152
   16.935   18.523   19.144   21.213   22.310
            0.353553  0.470226  0.236881
 -108.586  -56.917  -56.917  -56.917   -4.727   -0.585   -0.572   -0.277   -0.256    0.013
    1.274    4.540    5.138    7.742   10.893   11.673   12.842   14.513   15.524   16.155
   16.938   18.541   19.166   21.200   22.295
            0.353553  0.471994  0.235113
 -108.586  -56.917  -56.917  -56.917   -4.726   -0.585   -0.571   -0.278   -0.256    0.014
    1.275    4.525    5.132    7.759   10.887   11.681   12.840   14.514   15.526   16.158
   16.941   18.560   19.188   21.187   22.280
            0.353553  0.473762  0.233345
 -108.586  -56.917  -56.917  -56.917   -4.725   -0.584   -0.570   -0.278   -0.256    0.015
    1.276    4.509    5.126    7.776   10.880   11.688   12.839   14.513   15.529   16.161
   16.945   18.579   19.210   21.174   22.265
            0.353553  0.475529  0.231577
 -108.586  -56.917  -56.917  -56.917   -4.724   -0.584   -0.569   -0.279   -0.257    0.016
    1.277    4.494    5.119    7.793   10.874   11.695   12.838   14.511   15.533   16.165
   16.948   18.597   19.231   21.161   22.249
            0.353553  0.477297  0.229810
 -108.586  -56.917  -56.917  -56.917   -4.723   -0.583   -0.568   -0.280   -0.257    0.017
    1.278    4.479    5.113    7.811   10.867   11.702   12.837   14.508   15.539   16.168
   16.951   18.616   19.252   21.148   22.234
            0.353553  0.479065  0.228042
 -108.586  -56.917  -56.917  -56.917   -4.722   -0.583   -0.568   -0.280   -0.257    0.018
    1.279    4.464    5.106    7.828   10.861   11.709   12.837   14.504   15.546   16.172
   16.955   18.636   19.273   21.134   22.219
            0.353553  0.480833  0.226274
 -108.586  -56.917  -56.917  -56.917   -4.720   -0.582   -0.567   -0.281   -0.257    0.019
    1.280    4.449    5.099    7.845   10.855   11.715   12.837   14.498   15.554   16.176
   16.958   18.655   19.294   21.121   22.204
            0.353553  0.482600  0.224506
 -108.586  -56.917  -56.917  -56.917   -4.719   -0.582   -0.566   -0.281   -0.257    0.020
    1.281    4.434    5.092    7.861   10.849   11.721   12.838   14.492   15.564   16.180
   16.961   18.675   19.314   21.107   22.189
            0.353553  0.484368  0.222739
 -108.586  -56.917  -56.917  -56.917   -4.718   -0.581   -0.565   -0.282   -0.257    0.021
    1.282    4.419    5.085    7.878   10.844   11.727   12.839   14.484   15.575   16.184
   16.965   18.694   19.335   21.094   22.174
            0.353553  0.486136  0.220971
 -108.586  -56.917  -56.917  -56.917   -4.717   -0.581   -0.564   -0.282   -0.258    0.023
    1.283    4.404    5.079    7.895   10.838   11.733   12.840   14.475   15.587   16.189
   16.968   18.714   19.354   21.080   22.159
            0.353553  0.487904  0.219203
 -108.586  -56.917  -56.917  -56.917   -4.716   -0.580   -0.563   -0.283   -0.258    0.024
    1.284    4.390    5.071    7.912   10.833   11.738   12.842   14.466   15.600   16.193
   16.971   18.734   19.374   21.066   22.144
            0.353553  0.489671  0.217435
 -108.586  -56.917  -56.917  -56.917   -4.715   -0.579   -0.562   -0.284   -0.258    0.025
    1.285    4.375    5.064    7.929   10.827   11.743   12.845   14.455   15.614   16.198
   16.974   18.754   19.393   21.052   22.129
            0.353553  0.491439  0.215668
 -108.586  -56.917  -56.917  -56.917   -4.713   -0.579   -0.561   -0.284   -0.258    0.026
    1.286    4.361    5.057    7.945   10.822   11.748   12.848   14.443   15.629   16.203
   16.977   18.774   19.411   21.039   22.114
            0.353553  0.493207  0.213900
 -108.586  -56.917  -56.917  -56.917   -4.712   -0.578   -0.561   -0.285   -0.258    0.027
    1.287    4.347    5.050    7.962   10.817   11.752   12.851   14.431   15.645   16.209
   16.981   18.795   19.430   21.025   22.099
            0.353553  0.494975  0.212132
 -108.586  -56.917  -56.917  -56.917   -4.711   -0.578   -0.560   -0.285   -0.258    0.028
    1.287    4.333    5.043    7.978   10.812   11.756   12.856   14.418   15.662   16.214
   16.984   18.815   19.448   21.011   22.084
            0.353553  0.496743  0.210364
 -108.586  -56.917  -56.917  -56.917   -4.710   -0.577   -0.559   -0.286   -0.259    0.029
    1.288    4.319    5.035    7.994   10.808   11.759   12.860   14.404   15.679   16.220
   16.987   18.836   19.465   20.997   22.070
            0.353553  0.498510  0.208597
 -108.586  -56.917  -56.917  -56.917   -4.709   -0.576   -0.558   -0.287   -0.259    0.031
    1.289    4.305    5.028    8.011   10.803   11.762   12.866   14.389   15.697   16.226
   16.990   18.857   19.482   20.982   22.055
            0.353553  0.500278  0.206829
 -108.586  -56.917  -56.917  -56.917   -4.707   -0.576   -0.557   -0.287   -0.259    0.032
    1.290    4.291    5.020    8.027   10.799   11.764   12.872   14.374   15.716   16.233
   16.993   18.877   19.499   20.968   22.041
            0.353553  0.502046  0.205061
 -108.586  -56.917  -56.917  -56.917   -4.706   -0.575   -0.556   -0.288   -0.259    0.033
    1.290    4.277    5.012    8.043   10.794   11.767   12.878   14.358   15.735   16.239
   16.996   18.898   19.515   20.954   22.027
            0.353553  0.503814  0.203293
 -108.586  -56.917  -56.917  -56.917   -4.705   -0.574   -0.555   -0.288   -0.259    0.034
    1.291    4.264    5.005    8.059   10.790   11.768   12.885   14.342   15.754   16.247
   16.999   18.919   19.530   20.940   22.012
            0.353553  0.505581  0.201525
 -108.586  -56.917  -56.917  -56.917   -4.704   -0.574   -0.554   -0.289   -0.259    0.035
    1.291    4.251    4.997    8.075   10.786   11.770   12.893   14.325   15.774   16.254
   17.002   18.941   19.546   20.926   21.998
            0.353553  0.507349  0.199758
 -108.586  -56.917  -56.917  -56.917   -4.702   -0.573   -0.553   -0.289   -0.260    0.037
    1.292    4.237    4.989    8.091   10.783   11.770   12.902   14.308   15.795   16.262
   17.005   18.962   19.560   20.911   21.984
            0.353553  0.509117  0.197990
 -108.586  -56.917  -56.917  -56.917   -4.701   -0.572   -0.552   -0.290   -0.260    0.038
    1.293    4.224    4.981    8.106   10.779   11.771   12.911   14.291   15.815   16.271
   17.008   18.983   19.574   20.897   21.971
            0.353553  0.510885  0.196222
 -108.586  -56.917  -56.917  -56.917   -4.700   -0.572   -0.551   -0.290   -0.260    0.039
    1.293    4.212    4.973    8.122   10.776   11.771   12.920   14.273   15.835   16.280
   17.011   19.005   19.588   20.883   21.957
            0.353553  0.512652  0.194454
 -108.586  -56.917  -56.917  -56.917   -4.699   -0.571   -0.551   -0.291   -0.260    0.041
    1.294    4.199    4.965    8.138   10.772   11.770   12.931   14.254   15.856   16.289
   17.014   19.026   19.601   20.868   21.943
            0.353553  0.514420  0.192687
 -108.586  -56.917  -56.917  -56.917   -4.697   -0.570   -0.550   -0.291   -0.260    0.042
    1.294    4.186    4.957    8.153   10.769   11.770   12.941   14.236   15.876   16.299
   17.017   19.048   19.613   20.854   21.930
            0.353553  0.516188  0.190919
 -108.586  -56.917  -56.917  -56.917   -4.696   -0.570   -0.549   -0.292   -0.261    0.043
    1.294    4.174    4.949    8.168   10.766   11.768   12.953   14.217   15.897   16.310
   17.020   19.069   19.624   20.840   21.917
            0.353553  0.517956  0.189151
 -108.586  -56.917  -56.917  -56.917   -4.695   -0.569   -0.548   -0.293   -0.261    0.045
    1.295    4.162    4.940    8.184   10.763   11.767   12.965   14.198   15.917   16.321
   17.023   19.091   19.635   20.826   21.904
            0.353553  0.519723  0.187383
 -108.586  -56.917  -56.917  -56.917   -4.693   -0.568   -0.547   -0.293   -0.261    0.046
    1.295    4.150    4.932    8.199   10.761   11.765   12.978   14.178   15.937   16.333
   17.026   19.113   19.646   20.811   21.891
            0.353553  0.521491  0.185616
 -108.586  -56.917  -56.917  -56.917   -4.692   -0.567   -0.546   -0.294   -0.261    0.048
    1.295    4.138    4.924    8.214   10.758   11.762   12.991   14.159   15.956   16.346
   17.029   19.135   19.655   20.797   21.879
            0.353553  0.523259  0.183848
 -108.586  -56.917  -56.917  -56.917   -4.691   -0.567   -0.545   -0.294   -0.262    0.049
    1.295    4.126    4.915    8.229   10.756   11.759   13.005   14.139   15.976   16.360
   17.032   19.157   19.664   20.783   21.866
            0.353553  0.525027  0.182080
 -108.586  -56.917  -56.917  -56.917   -4.690   -0.566   -0.544   -0.295   -0.262    0.051
    1.296    4.114    4.907    8.244   10.754   11.756   13.020   14.119   15.994   16.375
   17.035   19.179   19.673   20.768   21.854
            0.353553  0.526795  0.180312
 -108.586  -56.917  -56.917  -56.917   -4.688   -0.565   -0.543   -0.295   -0.262    0.052
    1.296    4.103    4.898    8.258   10.752   11.753   13.035   14.099   16.012   16.390
   17.038   19.201   19.680   20.754   21.842
            0.353553  0.528562  0.178544
 -108.586  -56.917  -56.917  -56.917   -4.687   -0.565   -0.542   -0.296   -0.262    0.053
    1.296    4.092    4.890    8.273   10.750   11.749   13.050   14.079   16.030   16.407
   17.041   19.223   19.687   20.740   21.830
            0.353553  0.530330  0.176777
 -108.586  -56.917  -56.917  -56.917   -4.686   -0.564   -0.541   -0.296   -0.263    0.055
    1.296    4.081    4.881    8.287   10.749   11.745   13.066   14.058   16.046   16.424
   17.044   19.245   19.693   20.726   21.819
            0.353553  0.532098  0.175009
 -108.586  -56.917  -56.917  -56.917   -4.685   -0.563   -0.541   -0.297   -0.263    0.057
    1.296    4.070    4.872    8.302   10.747   11.740   13.083   14.038   16.063   16.443
   17.047   19.267   19.698   20.712   21.807
            0.353553  0.533866  0.173241
 -108.586  -56.917  -56.917  -56.917   -4.683   -0.562   -0.540   -0.297   -0.263    0.058
    1.296    4.059    4.863    8.316   10.746   11.736   13.100   14.017   16.078   16.462
   17.050   19.289   19.702   20.698   21.796
            0.353553  0.535633  0.171473
 -108.586  -56.917  -56.917  -56.917   -4.682   -0.562   -0.539   -0.297   -0.263    0.060
    1.296    4.049    4.855    8.330   10.745   11.731   13.118   13.997   16.093   16.482
   17.053   19.311   19.705   20.684   21.785
            0.353553  0.537401  0.169706
 -108.586  -56.917  -56.917  -56.917   -4.681   -0.561   -0.538   -0.298   -0.264    0.061
    1.296    4.038    4.846    8.344   10.744   11.725   13.136   13.976   16.107   16.504
   17.056   19.334   19.708   20.670   21.775
            0.353553  0.539169  0.167938
 -108.586  -56.917  -56.917  -56.917   -4.679   -0.560   -0.537   -0.298   -0.264    0.063
    1.295    4.028    4.837    8.358   10.743   11.720   13.154   13.955   16.120   16.526
   17.059   19.356   19.710   20.656   21.764
            0.353553  0.540937  0.166170
 -108.586  -56.917  -56.917  -56.917   -4.678   -0.559   -0.536   -0.299   -0.264    0.064
    1.295    4.018    4.828    8.372   10.742   11.714   13.173   13.934   16.133   16.548
   17.062   19.378   19.711   20.642   21.754
            0.353553  0.542704  0.164402
 -108.586  -56.917  -56.917  -56.917   -4.677   -0.559   -0.535   -0.299   -0.264    0.066
    1.295    4.008    4.819    8.386   10.742   11.708   13.193   13.913   16.145   16.572
   17.065   19.400   19.711   20.628   21.744
            0.353553  0.544472  0.162635
 -108.586  -56.917  -56.917  -56.917   -4.676   -0.558   -0.534   -0.300   -0.265    0.068
    1.294    3.999    4.810    8.399   10.741   11.702   13.212   13.892   16.157   16.596
   17.068   19.422   19.710   20.615   21.734
            0.353553  0.546240  0.160867
 -108.586  -56.917  -56.917  -56.917   -4.674   -0.557   -0.533   -0.300   -0.265    0.069
    1.294    3.990    4.800    8.413   10.741   11.696   13.233   13.871   16.168   16.621
   17.072   19.444   19.708   20.601   21.724
            0.353553  0.548008  0.159099
 -108.586  -56.917  -56.917  -56.917   -4.673   -0.556   -0.533   -0.300   -0.265    0.071
    1.293    3.980    4.791    8.426   10.741   11.689   13.253   13.851   16.179   16.646
   17.075   19.466   19.706   20.588   21.715
            0.353553  0.549776  0.157331
 -108.586  -56.917  -56.917  -56.917   -4.672   -0.555   -0.532   -0.301   -0.266    0.073
    1.293    3.971    4.782    8.439   10.741   11.683   13.274   13.830   16.190   16.672
   17.079   19.488   19.702   20.575   21.705
            0.353553  0.551543  0.155563
 -108.586  -56.917  -56.917  -56.917   -4.670   -0.555   -0.531   -0.301   -0.266    0.075
    1.292    3.963    4.773    8.452   10.742   11.676   13.296   13.809   16.200   16.697
   17.083   19.510   19.698   20.561   21.696
            0.353553  0.553311  0.153796
 -108.586  -56.917  -56.917  -56.917   -4.669   -0.554   -0.530   -0.302   -0.266    0.076
    1.292    3.954    4.763    8.465   10.742   11.669   13.317   13.788   16.209   16.723
   17.087   19.532   19.693   20.548   21.687
            0.353553  0.555079  0.152028
 -108.586  -56.917  -56.917  -56.917   -4.668   -0.553   -0.529   -0.302   -0.266    0.078
    1.291    3.946    4.754    8.478   10.743   11.662   13.339   13.767   16.219   16.750
   17.092   19.553   19.687   20.536   21.678
            0.353553  0.556847  0.150260
 -108.586  -56.917  -56.917  -56.917   -4.667   -0.552   -0.528   -0.302   -0.267    0.080
    1.290    3.937    4.745    8.491   10.743   11.655   13.361   13.746   16.228   16.776
   17.097   19.574   19.681   20.523   21.669
            0.353553  0.558614  0.148492
 -108.586  -56.917  -56.917  -56.917   -4.665   -0.552   -0.527   -0.303   -0.267    0.082
    1.289    3.929    4.735    8.503   10.744   11.648   13.384   13.726   16.237   16.802
   17.103   19.594   19.675   20.511   21.660
            0.353553  0.560382  0.146725
 -108.586  -56.917  -56.917  -56.917   -4.664   -0.551   -0.527   -0.303   -0.267    0.084
    1.288    3.922    4.726    8.516   10.745   11.640   13.406   13.705   16.246   16.827
   17.109   19.611   19.671   20.498   21.652
            0.353553  0.562150  0.144957
 -108.586  -56.917  -56.917  -56.917   -4.663   -0.550   -0.526   -0.304   -0.268    0.085
    1.287    3.914    4.716    8.528   10.746   11.633   13.429   13.685   16.254   16.852
   17.116   19.622   19.672   20.486   21.643
            0.353553  0.563918  0.143189
 -108.586  -56.917  -56.917  -56.917   -4.662   -0.549   -0.525   -0.304   -0.268    0.087
    1.286    3.907    4.707    8.540   10.748   11.625   13.451   13.665   16.262   16.877
   17.124   19.623   19.682   20.474   21.635
            0.353553  0.565685  0.141421
 -108.586  -56.917  -56.917  -56.917   -4.660   -0.548   -0.524   -0.304   -0.268    0.089
    1.285    3.900    4.697    8.553   10.749   11.618   13.473   13.646   16.271   16.900
   17.133   19.616   19.698   20.463   21.626
            0.353553  0.567453  0.139654
 -108.586  -56.917  -56.917  -56.917   -4.659   -0.548   -0.523   -0.305   -0.269    0.091
    1.284    3.893    4.688    8.565   10.751   11.610   13.494   13.629   16.279   16.922
   17.144   19.606   19.718   20.451   21.618
            0.353553  0.569221  0.137886
 -108.586  -56.917  -56.917  -56.917   -4.658   -0.547   -0.523   -0.305   -0.269    0.093
    1.283    3.886    4.678    8.576   10.752   11.603   13.512   13.614   16.287   16.942
   17.156   19.595   19.738   20.440   21.609
            0.353553  0.570989  0.136118
 -108.586  -56.917  -56.917  -56.917   -4.657   -0.546   -0.522   -0.305   -0.269    0.095
    1.282    3.879    4.668    8.588   10.754   11.595   13.524   13.607   16.295   16.960
   17.171   19.581   19.758   20.429   21.601
            0.353553  0.572756  0.134350
 -108.586  -56.917  -56.917  -56.917   -4.656   -0.545   -0.521   -0.305   -0.270    0.097
    1.280    3.873    4.659    8.600   10.756   11.588   13.524   13.611   16.303   16.976
   17.188   19.567   19.779   20.419   21.592
            0.353553  0.574524  0.132583
 -108.586  -56.917  -56.917  -56.917   -4.654   -0.544   -0.520   -0.306   -0.270    0.099
    1.279    3.867    4.649    8.611   10.758   11.580   13.514   13.626   16.310   16.990
   17.206   19.552   19.800   20.409   21.584
            0.353553  0.576292  0.130815
 -108.586  -56.917  -56.917  -56.917   -4.653   -0.544   -0.519   -0.306   -0.270    0.101
    1.278    3.861    4.639    8.623   10.760   11.573   13.498   13.646   16.318   17.003
   17.227   19.536   19.820   20.399   21.575
            0.353553  0.578060  0.129047
 -108.586  -56.917  -56.917  -56.917   -4.652   -0.543   -0.519   -0.306   -0.271    0.103
    1.276    3.856    4.630    8.634   10.763   11.565   13.480   13.669   16.326   17.013
   17.250   19.519   19.840   20.389   21.567
            0.353553  0.579828  0.127279
 -108.586  -56.917  -56.917  -56.917   -4.651   -0.542   -0.518   -0.307   -0.271    0.105
    1.275    3.850    4.620    8.645   10.765   11.557   13.461   13.693   16.333   17.022
   17.274   19.502   19.861   20.380   21.558
            0.353553  0.581595  0.125511
 -108.586  -56.917  -56.917  -56.917   -4.650   -0.541   -0.517   -0.307   -0.271    0.107
    1.273    3.845    4.610    8.656   10.768   11.550   13.442   13.718   16.341   17.030
   17.299   19.484   19.881   20.372   21.550
            0.353553  0.583363  0.123744
 -108.586  -56.917  -56.917  -56.917   -4.648   -0.541   -0.516   -0.307   -0.272    0.109
    1.272    3.840    4.600    8.667   10.770   11.543   13.422   13.744   16.348   17.036
   17.326   19.465   19.900   20.364   21.541
            0.353553  0.585131  0.121976
 -108.586  -56.917  -56.917  -56.917   -4.647   -0.540   -0.516   -0.307   -0.272    0.111
    1.270    3.835    4.590    8.677   10.773   11.535   13.402   13.770   16.356   17.042
   17.353   19.446   19.919   20.356   21.532
            0.353553  0.586899  0.120208
 -108.586  -56.917  -56.917  -56.917   -4.646   -0.539   -0.515   -0.308   -0.272    0.113
    1.268    3.830    4.581    8.688   10.775   11.528   13.382   13.796   16.363   17.046
   17.381   19.426   19.938   20.349   21.523
            0.353553  0.588666  0.118440
 -108.586  -56.917  -56.917  -56.917   -4.645   -0.538   -0.514   -0.308   -0.273    0.115
    1.267    3.826    4.571    8.698   10.778   11.521   13.363   13.823   16.371   17.051
   17.409   19.406   19.956   20.343   21.515
            0.353553  0.590434  0.116673
 -108.586  -56.917  -56.917  -56.917   -4.644   -0.538   -0.513   -0.308   -0.273    0.117
    1.265    3.822    4.561    8.709   10.781   11.514   13.343   13.849   16.378   17.055
   17.437   19.386   19.973   20.338   21.506
            0.353553  0.592202  0.114905
 -108.586  -56.917  -56.917  -56.917   -4.643   -0.537   -0.513   -0.308   -0.273    0.119
    1.263    3.818    4.551    8.719   10.784   11.507   13.323   13.876   16.386   17.058
   17.466   19.365   19.990   20.334   21.497
            0.353553  0.593970  0.113137
 -108.586  -56.917  -56.917  -56.917   -4.642   -0.536   -0.512   -0.308   -0.274    0.121
    1.261    3.814    4.541    8.729   10.787   11.500   13.303   13.903   16.393   17.061
   17.495   19.344   20.005   20.331   21.488
            0.353553  0.595737  0.111369
 -108.586  -56.917  -56.917  -56.917   -4.640   -0.535   -0.511   -0.309   -0.274    0.123
    1.259    3.811    4.531    8.739   10.790   11.493   13.283   13.931   16.401   17.064
   17.523   19.323   20.020   20.329   21.479
            0.353553  0.597505  0.109602
 -108.586  -56.917  -56.917  -56.917   -4.639   -0.535   -0.511   -0.309   -0.274    0.125
    1.257    3.807    4.521    8.748   10.793   11.487   13.263   13.958   16.408   17.066
   17.552   19.302   20.033   20.328   21.470
            0.353553  0.599273  0.107834
 -108.586  -56.917  -56.917  -56.917   -4.638   -0.534   -0.510   -0.309   -0.275    0.127
    1.255    3.804    4.511    8.758   10.796   11.480   13.243   13.986   16.416   17.069
   17.580   19.280   20.045   20.329   21.461
            0.353553  0.601041  0.106066
 -108.586  -56.917  -56.917  -56.917   -4.637   -0.533   -0.509   -0.309   -0.275    0.129
    1.253    3.801    4.502    8.768   10.800   11.474   13.224   14.013   16.423   17.071
   17.608   19.258   20.056   20.332   21.452
            0.353553  0.602809  0.104298
 -108.586  -56.917  -56.917  -56.917   -4.636   -0.532   -0.509   -0.309   -0.276    0.131
    1.251    3.799    4.492    8.777   10.803   11.468   13.204   14.041   16.431   17.073
   17.636   19.237   20.065   20.336   21.443
            0.353553  0.604576  0.102530
 -108.586  -56.917  -56.917  -56.917   -4.635   -0.532   -0.508   -0.310   -0.276    0.134
    1.249    3.796    4.482    8.786   10.806   11.462   13.185   14.069   16.438   17.075
   17.663   19.216   20.072   20.343   21.434
            0.353553  0.606344  0.100763
 -108.586  -56.917  -56.917  -56.917   -4.634   -0.531   -0.507   -0.310   -0.276    0.136
    1.247    3.794    4.472    8.795   10.809   11.456   13.166   14.097   16.446   17.076
   17.690   19.194   20.078   20.351   21.425
            0.353553  0.608112  0.098995
 -108.586  -56.917  -56.917  -56.917   -4.633   -0.530   -0.507   -0.310   -0.277    0.138
    1.244    3.792    4.462    8.804   10.812   11.450   13.146   14.125   16.453   17.078
   17.716   19.173   20.082   20.360   21.415
            0.353553  0.609880  0.097227
 -108.586  -56.917  -56.917  -56.917   -4.632   -0.530   -0.506   -0.310   -0.277    0.140
    1.242    3.790    4.452    8.813   10.816   11.445   13.127   14.153   16.461   17.079
   17.742   19.153   20.085   20.371   21.406
            0.353553  0.611647  0.095459
 -108.586  -56.917  -56.917  -56.917   -4.631   -0.529   -0.505   -0.310   -0.277    0.142
    1.240    3.788    4.442    8.822   10.819   11.439   13.108   14.181   16.468   17.081
   17.766   19.133   20.087   20.383   21.397
            0.353553  0.613415  0.093692
 -108.586  -56.917  -56.917  -56.917   -4.630   -0.528   -0.505   -0.310   -0.278    0.144
    1.238    3.787    4.432    8.830   10.822   11.434   13.090   14.210   16.476   17.082
   17.790   19.113   20.087   20.397   21.388
            0.353553  0.615183  0.091924
 -108.586  -56.917  -56.917  -56.917   -4.629   -0.528   -0.504   -0.310   -0.278    0.146
    1.235    3.785    4.422    8.839   10.825   11.429   13.071   14.238   16.484   17.083
   17.813   19.094   20.088   20.411   21.379
            0.353553  0.616951  0.090156
 -108.586  -56.917  -56.917  -56.917   -4.628   -0.527   -0.504   -0.311   -0.278    0.148
    1.233    3.784    4.413    8.847   10.828   11.425   13.052   14.266   16.492   17.084
   17.835   19.076   20.087   20.427   21.370
            0.353553  0.618718  0.088388
 -108.586  -56.917  -56.917  -56.917   -4.627   -0.526   -0.503   -0.311   -0.279    0.150
    1.231    3.784    4.403    8.855   10.831   11.421   13.034   14.294   16.500   17.085
   17.855   19.059   20.086   20.443   21.361
            0.353553  0.620486  0.086621
 -108.586  -56.917  -56.917  -56.917   -4.626   -0.526   -0.502   -0.311   -0.279    0.152
    1.228    3.783    4.393    8.863   10.834   11.416   13.015   14.322   16.507   17.086
   17.874   19.043   20.085   20.459   21.352
            0.353553  0.622254  0.084853
 -108.586  -56.917  -56.917  -56.917   -4.625   -0.525   -0.502   -0.311   -0.280    0.155
    1.226    3.782    4.383    8.871   10.837   11.413   12.997   14.350   16.515   17.087
   17.891   19.029   20.083   20.476   21.343
            0.353553  0.624022  0.083085
 -108.586  -56.917  -56.917  -56.917   -4.625   -0.525   -0.501   -0.311   -0.280    0.157
    1.223    3.782    4.373    8.878   10.840   11.409   12.979   14.378   16.523   17.088
   17.907   19.015   20.082   20.493   21.334
            0.353553  0.625790  0.081317
 -108.586  -56.917  -56.917  -56.917   -4.624   -0.524   -0.501   -0.311   -0.280    0.159
    1.221    3.782    4.364    8.886   10.842   11.406   12.962   14.406   16.531   17.089
   17.921   19.003   20.080   20.511   21.325
            0.353553  0.627557  0.079550
 -108.586  -56.917  -56.917  -56.917   -4.623   -0.523   -0.500   -0.311   -0.281    0.161
    1.219    3.782    4.354    8.893   10.845   11.403   12.944   14.434   16.540   17.089
   17.933   18.993   20.079   20.528   21.316
            0.353553  0.629325  0.077782
 -108.586  -56.917  -56.917  -56.917   -4.622   -0.523   -0.499   -0.311   -0.281    0.163
    1.216    3.783    4.344    8.901   10.847   11.400   12.926   14.462   16.548   17.090
   17.943   18.984   20.077   20.546   21.307
            0.353553  0.631093  0.076014
 -108.586  -56.917  -56.917  -56.917   -4.621   -0.522   -0.499   -0.311   -0.281    0.165
    1.214    3.783    4.334    8.908   10.850   11.397   12.909   14.490   16.556   17.091
   17.951   18.978   20.076   20.564   21.299
            0.353553  0.632861  0.074246
 -108.586  -56.917  -56.917  -56.917   -4.620   -0.522   -0.498   -0.311   -0.282    0.167
    1.211    3.784    4.325    8.915   10.852   11.395   12.892   14.517   16.564   17.091
   17.956   18.973   20.075   20.582   21.290
            0.353553  0.634628  0.072478
 -108.586  -56.917  -56.917  -56.917   -4.619   -0.521   -0.498   -0.311   -0.282    0.169
    1.209    3.785    4.315    8.922   10.854   11.393   12.875   14.545   16.573   17.092
   17.959   18.970   20.074   20.599   21.281
            0.353553  0.636396  0.070711
 -108.586  -56.917  -56.917  -56.917   -4.619   -0.521   -0.497   -0.312   -0.282    0.171
    1.207    3.786    4.305    8.928   10.856   11.391   12.858   14.572   16.582   17.092
   17.960   18.969   20.074   20.617   21.272
            0.353553  0.638164  0.068943
 -108.586  -56.917  -56.917  -56.917   -4.618   -0.520   -0.497   -0.312   -0.283    0.173
    1.204    3.787    4.296    8.935   10.858   11.390   12.842   14.599   16.590   17.092
   17.958   18.970   20.074   20.635   21.263
            0.353553  0.639932  0.067175
 -108.586  -56.917  -56.917  -56.917   -4.617   -0.520   -0.496   -0.312   -0.283    0.175
    1.202    3.789    4.286    8.941   10.860   11.389   12.825   14.626   16.599   17.093
   17.954   18.973   20.075   20.653   21.255
            0.353553  0.641699  0.065407
 -108.586  -56.917  -56.917  -56.917   -4.616   -0.519   -0.496   -0.312   -0.283    0.177
    1.200    3.790    4.277    8.947   10.862   11.388   12.809   14.653   16.608   17.093
   17.948   18.978   20.076   20.670   21.246
            0.353553  0.643467  0.063640
 -108.586  -56.917  -56.917  -56.917   -4.616   -0.519   -0.495   -0.312   -0.284    0.179
    1.197    3.792    4.267    8.954   10.863   11.388   12.793   14.679   16.617   17.093
   17.940   18.984   20.077   20.688   21.237
            0.353553  0.645235  0.061872
 -108.586  -56.917  -56.917  -56.917   -4.615   -0.518   -0.495   -0.312   -0.284    0.180
    1.195    3.794    4.258    8.959   10.864   11.387   12.778   14.706   16.626   17.094
   17.929   18.992   20.079   20.705   21.228
            0.353553  0.647003  0.060104
 -108.586  -56.917  -56.917  -56.917   -4.614   -0.518   -0.494   -0.312   -0.284    0.182
    1.193    3.796    4.248    8.965   10.866   11.387   12.762   14.732   16.636   17.094
   17.917   19.001   20.082   20.722   21.219
            0.353553  0.648770  0.058336
 -108.586  -56.917  -56.917  -56.917   -4.614   -0.518   -0.494   -0.312   -0.285    0.184
    1.190    3.799    4.239    8.971   10.867   11.388   12.747   14.757   16.645   17.094
   17.903   19.012   20.085   20.739   21.210
            0.353553  0.650538  0.056569
 -108.586  -56.917  -56.917  -56.917   -4.613   -0.517   -0.493   -0.312   -0.285    0.186
    1.188    3.801    4.230    8.976   10.868   11.388   12.732   14.783   16.655   17.094
   17.888   19.024   20.089   20.755   21.201
            0.353553  0.652306  0.054801
 -108.586  -56.917  -56.917  -56.917   -4.612   -0.517   -0.493   -0.312   -0.285    0.188
    1.186    3.804    4.220    8.982   10.868   11.389   12.718   14.807   16.665   17.094
   17.871   19.036   20.094   20.772   21.192
            0.353553  0.654074  0.053033
 -108.586  -56.917  -56.917  -56.917   -4.612   -0.516   -0.493   -0.312   -0.285    0.189
    1.184    3.807    4.211    8.987   10.869   11.390   12.703   14.832   16.675   17.095
   17.852   19.050   20.099   20.788   21.183
            0.353553  0.655842  0.051265
 -108.586  -56.917  -56.917  -56.917   -4.611   -0.516   -0.492   -0.312   -0.286    0.191
    1.182    3.810    4.202    8.992   10.870   11.391   12.689   14.856   16.685   17.095
   17.833   19.063   20.106   20.804   21.174
            0.353553  0.657609  0.049497
 -108.586  -56.917  -56.917  -56.917   -4.611   -0.516   -0.492   -0.312   -0.286    0.193
    1.180    3.813    4.193    8.997   10.870   11.393   12.676   14.880   16.696   17.095
   17.812   19.078   20.113   20.820   21.164
            0.353553  0.659377  0.047730
 -108.586  -56.917  -56.917  -56.917   -4.610   -0.515   -0.491   -0.312   -0.286    0.194
    1.177    3.816    4.184    9.001   10.871   11.394   12.662   14.904   16.706   17.095
   17.791   19.092   20.121   20.835   21.154
            0.353553  0.661145  0.045962
 -108.586  -56.917  -56.917  -56.917   -4.610   -0.515   -0.491   -0.312   -0.286    0.196
    1.175    3.819    4.175    9.006   10.871   11.396   12.649   14.926   16.717   17.095
   17.769   19.107   20.129   20.850   21.144
            0.353553  0.662913  0.044194
 -108.586  -56.917  -56.917  -56.917   -4.609   -0.515   -0.491   -0.312   -0.287    0.197
    1.174    3.823    4.166    9.010   10.871   11.398   12.636   14.949   16.729   17.095
   17.746   19.121   20.139   20.865   21.134
            0.353553  0.664680  0.042426
 -108.586  -56.917  -56.917  -56.917   -4.609   -0.514   -0.490   -0.312   -0.287    0.199
    1.172    3.827    4.157    9.015   10.871   11.400   12.624   14.971   16.740   17.095
   17.722   19.136   20.150   20.879   21.124
            0.353553  0.666448  0.040659
 -108.586  -56.917  -56.917  -56.917   -4.608   -0.514   -0.490   -0.312   -0.287    0.200
    1.170    3.831    4.148    9.019   10.871   11.402   12.612   14.992   16.752   17.095
   17.698   19.150   20.161   20.893   21.113
            0.353553  0.668216  0.038891
 -108.586  -56.917  -56.917  -56.917   -4.608   -0.514   -0.489   -0.312   -0.287    0.202
    1.168    3.835    4.139    9.022   10.871   11.405   12.600   15.013   16.764   17.095
   17.674   19.164   20.174   20.906   21.102
            0.353553  0.669984  0.037123
 -108.586  -56.917  -56.917  -56.917   -4.607   -0.514   -0.489   -0.312   -0.288    0.203
    1.166    3.839    4.131    9.026   10.871   11.407   12.589   15.033   16.776   17.095
   17.649   19.178   20.187   20.919   21.090
            0.353553  0.671751  0.035355
 -108.586  -56.917  -56.917  -56.917   -4.607   -0.513   -0.489   -0.312   -0.288    0.204
    1.165    3.843    4.122    9.030   10.871   11.410   12.578   15.052   16.789   17.095
   17.624   19.191   20.202   20.932   21.078
            0.353553  0.673519  0.033588
 -108.586  -56.917  -56.917  -56.917   -4.606   -0.513   -0.488   -0.312   -0.288    0.205
    1.163    3.848    4.114    9.033   10.870   11.412   12.568   15.071   16.802   17.095
   17.599   19.203   20.217   20.944   21.065
            0.353553  0.675287  0.031820
 -108.586  -56.917  -56.917  -56.917   -4.606   -0.513   -0.488   -0.312   -0.288    0.207
    1.162    3.853    4.105    9.036   10.870   11.415   12.558   15.089   16.816   17.094
   17.573   19.215   20.233   20.956   21.052
            0.353553  0.677055  0.030052
 -108.586  -56.917  -56.917  -56.917   -4.606   -0.513   -0.488   -0.312   -0.288    0.208
    1.160    3.857    4.097    9.039   10.870   11.417   12.548   15.106   16.829   17.094
   17.548   19.227   20.250   20.967   21.038
            0.353553  0.678823  0.028284
 -108.586  -56.917  -56.917  -56.917   -4.605   -0.512   -0.488   -0.312   -0.289    0.209
    1.159    3.862    4.088    9.042   10.869   11.420   12.539   15.122   16.843   17.094
   17.522   19.238   20.268   20.978   21.023
            0.353553  0.680590  0.026517
 -108.586  -56.917  -56.917  -56.917   -4.605   -0.512   -0.487   -0.312   -0.289    0.210
    1.157    3.867    4.080    9.045   10.869   11.422   12.530   15.138   16.858   17.094
   17.496   19.248   20.287   20.988   21.008
            0.353553  0.682358  0.024749
 -108.586  -56.917  -56.917  -56.917   -4.605   -0.512   -0.487   -0.312   -0.289    0.211
    1.156    3.872    4.072    9.047   10.869   11.425   12.522   15.153   16.873   17.094
   17.471   19.257   20.307   20.991   20.999
            0.353553  0.684126  0.022981
 -108.586  -56.917  -56.917  -56.917   -4.604   -0.512   -0.487   -0.312   -0.289    0.212
    1.155    3.878    4.064    9.050   10.868   11.427   12.514   15.167   16.888   17.094
   17.446   19.266   20.327   20.975   21.007
            0.353553  0.685894  0.021213
 -108.586  -56.917  -56.917  -56.917   -4.604   -0.512   -0.487   -0.312   -0.289    0.212
    1.154    3.883    4.056    9.052   10.868   11.429   12.507   15.180   16.904   17.094
   17.420   19.274   20.348   20.957   21.016
            0.353553  0.687661  0.019445
 -108.586  -56.917  -56.917  -56.917   -4.604   -0.512   -0.487   -0.312   -0.289    0.213
    1.153    3.888    4.048    9.054   10.867   11.431   12.500   15.192   16.920   17.094
   17.395   19.281   20.370   20.939   21.024
            0.353553  0.689429  0.017678
 -108.586  -56.917  -56.917  -56.917   -4.604   -0.512   -0.486   -0.312   -0.289    0.214
    1.152    3.894    4.041    9.056   10.867   11.433   12.494   15.203   16.936   17.094
   17.370   19.288   20.392   20.921   21.031
            0.353553  0.691197  0.015910
 -108.586  -56.917  -56.917  -56.917   -4.603   -0.511   -0.486   -0.312   -0.290    0.215
    1.151    3.899    4.033    9.058   10.867   11.435   12.488   15.213   16.953   17.094
   17.346   19.294   20.414   20.901   21.038
            0.353553  0.692965  0.014142
 -108.586  -56.917  -56.917  -56.917   -4.603   -0.511   -0.486   -0.312   -0.290    0.215
    1.150    3.905    4.026    9.059   10.866   11.437   12.483   15.222   16.971   17.094
   17.322   19.299   20.436   20.882   21.044
            0.353553  0.694732  0.012374
 -108.586  -56.917  -56.917  -56.917   -4.603   -0.511   -0.486   -0.312   -0.290    0.216
    1.150    3.910    4.019    9.060   10.866   11.439   12.479   15.230   16.988   17.094
   17.298   19.304   20.459   20.862   21.049
            0.353553  0.696500  0.010607
 -108.586  -56.917  -56.917  -56.917   -4.603   -0.511   -0.486   -0.312   -0.290    0.216
    1.149    3.916    4.012    9.061   10.866   11.440   12.475   15.238   17.006   17.094
   17.274   19.308   20.481   20.842   21.054
            0.353553  0.698268  0.008839
 -108.586  -56.917  -56.917  -56.917   -4.603   -0.511   -0.486   -0.312   -0.290    0.216
    1.149    3.921    4.005    9.062   10.866   11.441   12.472   15.244   17.024   17.094
   17.251   19.311   20.502   20.822   21.057
            0.353553  0.700036  0.007071
 -108.586  -56.917  -56.917  -56.917   -4.603   -0.511   -0.486   -0.312   -0.290    0.217
    1.148    3.926    3.999    9.063   10.865   11.442   12.469   15.249   17.042   17.094
   17.229   19.314   20.522   20.804   21.061
            0.353553  0.701803  0.005303
 -108.586  -56.917  -56.917  -56.917   -4.603   -0.511   -0.486   -0.312   -0.290    0.217
    1.148    3.931    3.994    9.064   10.865   11.443   12.467   15.252   17.060   17.094
   17.208   19.316   20.540   20.787   21.063
            0.353553  0.703571  0.003536
 -108.586  -56.917  -56.917  -56.917   -4.603   -0.511   -0.486   -0.312   -0.290    0.217
    1.148    3.935    3.989    9.064   10.865   11.444   12.465   15.255   17.076   17.096
   17.189   19.317   20.555   20.773   21.065
            0.353553  0.705339  0.001768
 -108.586  -56.917  -56.917  -56.917   -4.603   -0.511   -0.486   -0.312   -0.290    0.217
    1.148    3.938    3.986    9.065   10.865   11.444   12.464   15.257   17.086   17.100
   17.174   19.318   20.565   20.763   21.066
            0.353553  0.707107  0.000000
 -108.586  -56.917  -56.917  -56.917   -4.603   -0.511   -0.486   -0.312   -0.290    0.217
    1.147    3.939    3.985    9.065   10.865   11.444   12.464   15.257   17.088   17.103
   17.167   19.319   20.569   20.760   21.067
            0.350607  0.707107  0.000000
 -108.586  -56.917  -56.917  -56.917   -4.603   -0.511   -0.486   -0.312   -0.290    0.217
    1.147    3.939    3.985    9.064   10.863   11.446   12.464   15.257   17.088   17.104
   17.168   19.319   20.569   20.760   21.066
            0.347661  0.707107  0.000000
 -108.586  -56.917  -56.917  -56.917   -4.603   -0.511   -0.486   -0.313   -0.290    0.217
    1.148    3.939    3.985    9.064   10.858   11.451   12.465   15.257   17.086   17.105
   17.168   19.319   20.569   20.760   21.065
            0.344715  0.707107  0.000000
 -108.586  -56.917  -56.917  -56.917   -4.603   -0.511   -0.486   -0.313   -0.289    0.217
    1.148    3.939    3.986    9.063   10.850   11.460   12.467   15.257   17.084   17.106
   17.168   19.320   20.569   20.760   21.062
            0.341768  0.707107  0.000000
 -108.586  -56.917  -56.917  -56.917   -4.603   -0.511   -0.485   -0.314   -0.289    0.217
    1.148    3.939    3.986    9.061   10.839   11.472   12.468   15.257   17.082   17.108
   17.168   19.321   20.570   20.761   21.059
            0.338822  0.707107  0.000000
 -108.586  -56.917  -56.917  -56.917   -4.603   -0.511   -0.485   -0.314   -0.288    0.217
    1.148    3.940    3.986    9.060   10.826   11.487   12.471   15.256   17.079   17.110
   17.169   19.323   20.571   20.761   21.054
            0.335876  0.707107  0.000000
 -108.586  -56.917  -56.917  -56.917   -4.603   -0.511   -0.485   -0.315   -0.287    0.217
    1.148    3.940    3.987    9.057   10.810   11.504   12.474   15.256   17.076   17.112
   17.170   19.324   20.571   20.762   21.049
            0.332929  0.707107  0.000000
 -108.586  -56.917  -56.917  -56.917   -4.603   -0.511   -0.485   -0.316   -0.286    0.216
    1.148    3.941    3.987    9.055   10.792   11.523   12.477   15.255   17.073   17.114
   17.170   19.326   20.572   20.762   21.042
            0.329983  0.707107  0.000000
 -108.586  -56.917  -56.917  -56.917   -4.603   -0.511   -0.485   -0.317   -0.286    0.216
    1.148    3.942    3.988    9.052   10.773   11.545   12.481   15.254   17.070   17.116
   17.171   19.329   20.573   20.763   21.035
            0.327037  0.707107  0.000000
 -108.586  -56.917  -56.917  -56.917   -4.603   -0.511   -0.485   -0.318   -0.285    0.216
    1.148    3.943    3.989    9.048   10.752   11.568   12.486   15.253   17.067   17.118
   17.172   19.331   20.574   20.764   21.027
            0.324091  0.707107  0.000000
 -108.586  -56.917  -56.917  -56.917   -4.603   -0.511   -0.485   -0.319   -0.284    0.215
    1.148    3.944    3.989    9.044   10.731   11.592   12.491   15.252   17.063   17.120
   17.173   19.334   20.575   20.765   21.018
            0.321144  0.707107  0.000000
 -108.586  -56.917  -56.917  -56.917   -4.603   -0.511   -0.485   -0.321   -0.283    0.215
    1.149    3.945    3.990    9.040   10.708   11.617   12.496   15.251   17.060   17.121
   17.174   19.338   20.577   20.766   21.008
            0.318198  0.707107  0.000000
 -108.586  -56.917  -56.917  -56.917   -4.603   -0.511   -0.484   -0.322   -0.282    0.214
    1.149    3.946    3.991    9.035   10.684   11.644   12.502   15.250   17.056   17.123
   17.176   19.341   20.578   20.767   20.998
            0.315252  0.707107  0.000000
 -108.586  -56.917  -56.917  -56.917   -4.603   -0.511   -0.484   -0.323   -0.280    0.214
    1.149    3.947    3.992    9.030   10.660   11.671   12.509   15.249   17.052   17.125
   17.177   19.345   20.579   20.768   20.987
            0.312305  0.707107  0.000000
 -108.586  -56.917  -56.917  -56.917   -4.603   -0.511   -0.484   -0.324   -0.279    0.213
    1.149    3.948    3.993    9.025   10.636   11.699   12.516   15.248   17.049   17.126
   17.179   19.349   20.580   20.769   20.976
            0.309359  0.707107  0.000000
 -108.586  -56.917  -56.917  -56.917   -4.603   -0.511   -0.484   -0.326   -0.278    0.213
    1.149    3.950    3.994    9.019   10.611   11.728   12.523   15.246   17.045   17.128
   17.180   19.354   20.580   20.771   20.964
            0.306413  0.707107  0.000000
 -108.586  -56.917  -56.917  -56.917   -4.603   -0.511   -0.483   -0.327   -0.277    0.212
    1.150    3.951    3.996    9.013   10.586   11.757   12.531   15.245   17.041   17.129
   17.182   19.358   20.581   20.772   20.951
            0.303467  0.707107  0.000000
 -108.586  -56.917  -56.917  -56.917   -4.603   -0.511   -0.483   -0.329   -0.276    0.212
    1.150    3.953    3.997    9.007   10.560   11.787   12.540   15.243   17.037   17.131
   17.184   19.363   20.581   20.774   20.938
            0.300520  0.707107  0.000000
 -108.586  -56.917  -56.917  -56.917   -4.603   -0.511   -0.483   -0.330   -0.275    0.211
    1.150    3.955    3.998    9.000   10.534   11.818   12.549   15.241   17.032   17.132
   17.186   19.369   20.581   20.776   20.926
            0.297574  0.707107  0.000000
 -108.586  -56.917  -56.917  -56.917   -4.603   -0.511   -0.483   -0.331   -0.274    0.210
    1.151    3.956    4.000    8.993   10.508   11.848   12.558   15.239   17.028   17.133
   17.188   19.374   20.580   20.777   20.913
            0.294628  0.707107  0.000000
 -108.586  -56.917  -56.917  -56.917   -4.602   -0.511   -0.482   -0.333   -0.273    0.209
    1.151    3.958    4.001    8.985   10.482   11.879   12.568   15.237   17.024   17.134
   17.190   19.380   20.578   20.779   20.901
            0.291682  0.707107 -0.000000
 -108.586  -56.917  -56.917  -56.917   -4.602   -0.511   -0.482   -0.334   -0.272    0.209
    1.151    3.960    4.003    8.978   10.456   11.911   12.578   15.235   17.020   17.136
   17.193   19.386   20.576   20.781   20.889
            0.288735  0.707107  0.000000
 -108.586  -56.917  -56.917  -56.917   -4.602   -0.512   -0.482   -0.336   -0.271    0.208
    1.152    3.962    4.005    8.970   10.430   11.943   12.589   15.233   17.015   17.137
   17.195   19.392   20.572   20.783   20.877
            0.285789  0.707107  0.000000
 -108.586  -56.917  -56.917  -56.917   -4.602   -0.512   -0.481   -0.337   -0.270    0.207
    1.152    3.964    4.006    8.961   10.404   11.975   12.600   15.231   17.010   17.138
   17.197   19.399   20.567   20.785   20.867
            0.282843  0.707107  0.000000
 -108.586  -56.917  -56.917  -56.917   -4.602   -0.512   -0.481   -0.338   -0.268    0.206
    1.152    3.967    4.008    8.953   10.378   12.007   12.612   15.229   17.006   17.139
   17.200   19.406   20.560   20.788   20.858
            0.279896  0.707107  0.000000
 -108.586  -56.917  -56.917  -56.917   -4.602   -0.512   -0.480   -0.340   -0.267    0.205
    1.153    3.969    4.010    8.944   10.352   12.040   12.624   15.226   17.001   17.140
   17.203   19.413   20.552   20.790   20.850
            0.276950  0.707107 -0.000000
 -108.586  -56.917  -56.917  -56.917   -4.602   -0.512   -0.480   -0.341   -0.266    0.204
    1.153    3.971    4.012    8.935   10.326   12.072   12.636   15.224   16.996   17.141
   17.205   19.420   20.542   20.793   20.843
            0.274004  0.707107  0.000000
 -108.586  -56.917  -56.917  -56.917   -4.602   -0.512   -0.480   -0.343   -0.265    0.203
    1.154    3.974    4.014    8.925   10.300   12.105   12.648   15.221   16.992   17.142
   17.208   19.427   20.530   20.795   20.838
            0.271058  0.707107  0.000000
 -108.586  -56.917  -56.917  -56.917   -4.602   -0.512   -0.479   -0.344   -0.264    0.202
    1.154    3.976    4.016    8.915   10.274   12.139   12.662   15.219   16.987   17.142
   17.211   19.435   20.516   20.798   20.835
            0.268111  0.707107 -0.000000
 -108.586  -56.917  -56.917  -56.917   -4.602   -0.512   -0.479   -0.346   -0.263    0.201
    1.154    3.979    4.018    8.906   10.248   12.172   12.675   15.216   16.982   17.143
   17.214   19.443   20.501   20.801   20.833
            0.265165  0.707107  0.000000
 -108.586  -56.917  -56.917  -56.917   -4.602   -0.512   -0.478   -0.347   -0.262    0.200
    1.155    3.982    4.021    8.895   10.222   12.206   12.689   15.213   16.977   17.144
   17.217   19.450   20.484   20.804   20.833
            0.262219  0.707107  0.000000
 -108.586  -56.917  -56.917  -56.917   -4.602   -0.512   -0.478   -0.349   -0.261    0.199
    1.155    3.984    4.023    8.885   10.196   12.239   12.703   15.210   16.971   17.145
   17.220   19.458   20.465   20.807   20.833
            0.259272  0.707107  0.000000
 -108.586  -56.917  -56.917  -56.917   -4.602   -0.512   -0.477   -0.350   -0.260    0.198
    1.156    3.987    4.025    8.875   10.171   12.273   12.717   15.207   16.966   17.145
   17.224   19.466   20.445   20.810   20.836
            0.256326  0.707107  0.000000
 -108.586  -56.917  -56.917  -56.917   -4.602   -0.512   -0.477   -0.352   -0.259    0.197
    1.156    3.990    4.028    8.864   10.145   12.307   12.732   15.204   16.961   17.146
   17.227   19.475   20.424   20.813   20.839
            0.253380  0.707107  0.000000
 -108.586  -56.917  -56.917  -56.917   -4.602   -0.512   -0.476   -0.353   -0.258    0.196
    1.157    3.993    4.030    8.853   10.120   12.341   12.747   15.200   16.956   17.147
   17.230   19.483   20.402   20.817   20.843
            0.250434  0.707107  0.000000
 -108.586  -56.917  -56.917  -56.917   -4.602   -0.512   -0.476   -0.355   -0.257    0.194
    1.157    3.996    4.033    8.842   10.095   12.375   12.762   15.197   16.950   17.147
   17.234   19.491   20.380   20.820   20.848
            0.247487  0.707107  0.000000
 -108.586  -56.917  -56.917  -56.917   -4.602   -0.512   -0.475   -0.356   -0.256    0.193
    1.158    3.999    4.035    8.830   10.070   12.409   12.778   15.194   16.945   17.148
   17.237   19.499   20.356   20.824   20.854
            0.244541  0.707107  0.000000
 -108.586  -56.917  -56.917  -56.917   -4.602   -0.513   -0.474   -0.357   -0.255    0.192
    1.158    4.002    4.038    8.819   10.045   12.444   12.794   15.190   16.939   17.149
   17.241   19.507   20.332   20.827   20.861
            0.241595  0.707107  0.000000
 -108.586  -56.917  -56.917  -56.917   -4.602   -0.513   -0.474   -0.359   -0.254    0.191
    1.159    4.006    4.041    8.807   10.020   12.478   12.810   15.187   16.934   17.149
   17.245   19.515   20.308   20.831   20.869
            0.238649  0.707107  0.000000
 -108.586  -56.917  -56.917  -56.917   -4.602   -0.513   -0.473   -0.360   -0.253    0.189
    1.159    4.009    4.043    8.796    9.996   12.513   12.826   15.183   16.928   17.150
   17.248   19.522   20.283   20.835   20.877
            0.235702  0.707107  0.000000
 -108.586  -56.917  -56.917  -56.917   -4.602   -0.513   -0.473   -0.362   -0.252    0.188
    1.160    4.012    4.046    8.784    9.971   12.548   12.843   15.179   16.923   17.151
   17.252   19.530   20.258   20.839   20.885
            0.232756  0.707107  0.000000
 -108.586  -56.917  -56.917  -56.917   -4.602   -0.513   -0.472   -0.363   -0.252    0.187
    1.161    4.016    4.049    8.772    9.947   12.582   12.860   15.175   16.917   17.151
   17.256   19.536   20.234   20.843   20.894
            0.229810  0.707107  0.000000
 -108.586  -56.917  -56.917  -56.917   -4.602   -0.513   -0.471   -0.365   -0.251    0.185
    1.161    4.019    4.052    8.760    9.923   12.617   12.877   15.171   16.911   17.152
   17.260   19.543   20.209   20.847   20.903
            0.226863  0.707107 -0.000000
 -108.586  -56.917  -56.917  -56.917   -4.602   -0.513   -0.471   -0.366   -0.250    0.184
    1.162    4.023    4.055    8.748    9.899   12.652   12.894   15.167   16.905   17.152
   17.264   19.548   20.185   20.852   20.913
            0.223917  0.707107  0.000000
 -108.586  -56.917  -56.917  -56.917   -4.602   -0.513   -0.470   -0.367   -0.249    0.182
    1.162    4.026    4.058    8.735    9.875   12.687   12.911   15.163   16.900   17.153
   17.268   19.553   20.162   20.856   20.924
            0.220971  0.707107  0.000000
 -108.586  -56.917  -56.917  -56.917   -4.602   -0.513   -0.470   -0.369   -0.248    0.181
    1.163    4.030    4.061    8.723    9.852   12.722   12.929   15.159   16.894   17.154
   17.272   19.557   20.139   20.861   20.934
            0.218025  0.707107  0.000000
 -108.586  -56.917  -56.917  -56.917   -4.602   -0.513   -0.469   -0.370   -0.247    0.180
    1.163    4.034    4.064    8.710    9.829   12.757   12.947   15.154   16.888   17.154
   17.276   19.559   20.118   20.865   20.945
            0.215078  0.707107  0.000000
 -108.586  -56.917  -56.917  -56.917   -4.602   -0.514   -0.468   -0.372   -0.246    0.178
    1.164    4.037    4.067    8.698    9.806   12.792   12.965   15.150   16.882   17.155
   17.280   19.560   20.098   20.870   20.957
            0.212132  0.707107  0.000000
 -108.586  -56.917  -56.917  -56.917   -4.602   -0.514   -0.468   -0.373   -0.246    0.177
    1.165    4.041    4.070    8.685    9.783   12.827   12.983   15.146   16.876   17.156
   17.284   19.559   20.080   20.875   20.968
            0.209186  0.707107  0.000000
 -108.586  -56.917  -56.917  -56.917   -4.602   -0.514   -0.467   -0.374   -0.245    0.175
    1.165    4.045    4.073    8.673    9.760   12.862   13.001   15.141   16.870   17.156
   17.289   19.556   20.063   20.880   20.980
            0.206239  0.707107  0.000000
 -108.586  -56.917  -56.917  -56.917   -4.602   -0.514   -0.466   -0.376   -0.244    0.174
    1.166    4.049    4.077    8.660    9.738   12.897   13.020   15.136   16.864   17.157
   17.293   19.551   20.049   20.885   20.993
            0.203293  0.707107 -0.000000
 -108.586  -56.917  -56.917  -56.917   -4.602   -0.514   -0.465   -0.377   -0.243    0.172
    1.167    4.053    4.080    8.648    9.716   12.932   13.038   15.132   16.858   17.158
   17.297   19.544   20.037   20.890   21.005
            0.200347  0.707107  0.000000
 -108.586  -56.917  -56.917  -56.917   -4.602   -0.514   -0.465   -0.378   -0.242    0.171
    1.167    4.057    4.083    8.635    9.694   12.968   13.057   15.127   16.851   17.159
   17.302   19.534   20.028   20.896   21.018
            0.197401  0.707107  0.000000
 -108.586  -56.917  -56.917  -56.917   -4.602   -0.514   -0.464   -0.380   -0.242    0.169
    1.168    4.061    4.087    8.622    9.672   13.003   13.076   15.122   16.845   17.160
   17.306   19.521   20.022   20.901   21.031
            0.194454  0.707107  0.000000
 -108.586  -56.917  -56.917  -56.917   -4.602   -0.514   -0.463   -0.381   -0.241    0.167
    1.168    4.065    4.090    8.610    9.650   13.038   13.095   15.117   16.839   17.161
   17.310   19.506   20.018   20.906   21.044
            0.191508  0.707107  0.000000
 -108.586  -56.917  -56.917  -56.917   -4.602   -0.515   -0.463   -0.382   -0.240    0.166
    1.169    4.069    4.093    8.597    9.629   13.073   13.114   15.112   16.833   17.161
   17.315   19.488   20.016   20.912   21.058
            0.188562  0.707107  0.000000
 -108.586  -56.917  -56.917  -56.917   -4.602   -0.515   -0.462   -0.384   -0.239    0.164
    1.170    4.073    4.097    8.584    9.608   13.108   13.133   15.106   16.826   17.162
   17.319   19.468   20.017   20.918   21.072
            0.185616  0.707107  0.000000
 -108.586  -56.917  -56.917  -56.917   -4.602   -0.515   -0.461   -0.385   -0.239    0.163
    1.170    4.077    4.100    8.572    9.587   13.143   13.152   15.101   16.820   17.164
   17.323   19.446   20.020   20.923   21.086
            0.182669  0.707107  0.000000
 -108.586  -56.917  -56.917  -56.917   -4.602   -0.515   -0.460   -0.386   -0.238    0.161
    1.171    4.081    4.104    8.559    9.567   13.171   13.178   15.096   16.814   17.165
   17.328   19.423   20.025   20.929   21.100
            0.179723  0.707107  0.000000
 -108.586  -56.917  -56.917  -56.917   -4.602   -0.515   -0.460   -0.388   -0.237    0.160
    1.172    4.085    4.107    8.546    9.546   13.191   13.213   15.090   16.807   17.166
   17.332   19.397   20.032   20.935   21.114
            0.176777  0.707107  0.000000
 -108.586  -56.917  -56.917  -56.917   -4.602   -0.515   -0.459   -0.389   -0.237    0.158
    1.172    4.089    4.110    8.534    9.526   13.210   13.248   15.085   16.801   17.167
   17.337   19.370   20.040   20.940   21.129
            0.173830  0.707107  0.000000
 -108.586  -56.917  -56.917  -56.917   -4.602   -0.515   -0.458   -0.390   -0.236    0.156
    1.173    4.093    4.114    8.521    9.506   13.230   13.283   15.079   16.794   17.168
   17.341   19.342   20.050   20.946   21.134
            0.170884  0.707107  0.000000
 -108.586  -56.917  -56.917  -56.917   -4.602   -0.516   -0.457   -0.391   -0.235    0.155
    1.173    4.097    4.117    8.509    9.487   13.249   13.318   15.074   16.788   17.170
   17.346   19.313   20.061   20.951   21.117
            0.167938  0.707107  0.000000
 -108.586  -56.917  -56.917  -56.917   -4.602   -0.516   -0.457   -0.392   -0.235    0.153
    1.174    4.101    4.121    8.497    9.467   13.269   13.353   15.068   16.781   17.171
   17.350   19.283   20.073   20.956   21.100
            0.164992  0.707107  0.000000
 -108.586  -56.917  -56.917  -56.917   -4.602   -0.516   -0.456   -0.394   -0.234    0.152
    1.175    4.105    4.124    8.484    9.448   13.288   13.388   15.062   16.774   17.173
   17.354   19.252   20.085   20.961   21.085
            0.162045  0.707107  0.000000
 -108.586  -56.917  -56.917  -56.917   -4.602   -0.516   -0.455   -0.395   -0.234    0.150
    1.175    4.109    4.128    8.472    9.430   13.308   13.422   15.056   16.768   17.175
   17.359   19.221   20.099   20.965   21.070
            0.159099  0.707107  0.000000
 -108.586  -56.917  -56.917  -56.917   -4.602   -0.516   -0.454   -0.396   -0.233    0.149
    1.176    4.113    4.131    8.460    9.411   13.327   13.457   15.050   16.761   17.176
   17.363   19.189   20.113   20.966   21.058
            0.156153  0.707107  0.000000
 -108.586  -56.917  -56.917  -56.917   -4.602   -0.516   -0.454   -0.397   -0.232    0.147
    1.176    4.117    4.135    8.448    9.393   13.347   13.492   15.044   16.755   17.178
   17.368   19.156   20.129   20.966   21.048
            0.153206  0.707107  0.000000
 -108.586  -56.917  -56.917  -56.917   -4.602   -0.516   -0.453   -0.398   -0.232    0.145
    1.177    4.121    4.138    8.436    9.375   13.366   13.526   15.038   16.748   17.180
   17.372   19.123   20.144   20.962   21.042
            0.150260  0.707107  0.000000
 -108.586  -56.917  -56.917  -56.917   -4.602   -0.517   -0.452   -0.399   -0.231    0.144
    1.178    4.125    4.142    8.424    9.357   13.385   13.560   15.031   16.741   17.182
   17.376   19.090   20.160   20.954   21.040
            0.147314  0.707107  0.000000
 -108.586  -56.917  -56.917  -56.917   -4.602   -0.517   -0.451   -0.400   -0.231    0.142
    1.178    4.130    4.145    8.413    9.340   13.405   13.594   15.025   16.734   17.184
   17.381   19.057   20.177   20.944   21.041
            0.144368  0.707107  0.000000
 -108.586  -56.917  -56.917  -56.917   -4.602   -0.517   -0.450   -0.401   -0.230    0.141
    1.179    4.134    4.149    8.401    9.323   13.424   13.628   15.019   16.728   17.187
   17.385   19.023   20.194   20.931   21.045
            0.141421  0.707107  0.000000
 -108.586  -56.917  -56.917  -56.917   -4.602   -0.517   -0.450   -0.402   -0.230    0.139
    1.179    4.138    4.152    8.390    9.306   13.444   13.662   15.012   16.721   17.189
   17.389   18.990   20.212   20.918   21.050
            0.138475  0.707107 -0.000000
 -108.586  -56.917  -56.917  -56.917   -4.602   -0.517   -0.449   -0.403   -0.229    0.138
    1.180    4.141    4.156    8.378    9.289   13.463   13.696   15.006   16.714   17.192
   17.393   18.956   20.230   20.904   21.056
            0.135529  0.707107 -0.000000
 -108.586  -56.917  -56.917  -56.917   -4.602   -0.517   -0.448   -0.404   -0.229    0.136
    1.181    4.145    4.159    8.367    9.273   13.482   13.729   14.999   16.707   17.194
   17.397   18.922   20.249   20.889   21.062
            0.132583  0.707107  0.000000
 -108.586  -56.917  -56.917  -56.917   -4.602   -0.518   -0.447   -0.405   -0.228    0.135
    1.181    4.149    4.162    8.356    9.257   13.501   13.763   14.992   16.700   17.197
   17.402   18.888   20.267   20.874   21.069
            0.129636  0.707107  0.000000
 -108.586  -56.917  -56.917  -56.917   -4.602   -0.518   -0.447   -0.406   -0.228    0.133
    1.182    4.153    4.166    8.345    9.241   13.520   13.796   14.986   16.693   17.200
   17.406   18.854   20.286   20.860   21.077
            0.126690  0.707107  0.000000
 -108.586  -56.917  -56.917  -56.917   -4.602   -0.518   -0.446   -0.407   -0.227    0.132
    1.182    4.157    4.169    8.335    9.226   13.539   13.829   14.979   16.686   17.203
   17.410   18.820   20.306   20.845   21.085
            0.123744  0.707107 -0.000000
 -108.586  -56.917  -56.917  -56.917   -4.602   -0.518   -0.445   -0.408   -0.227    0.130
    1.183    4.161    4.172    8.324    9.211   13.558   13.861   14.972   16.679   17.207
   17.414   18.786   20.326   20.831   21.093
            0.120797  0.707107  0.000000
 -108.586  -56.917  -56.917  -56.917   -4.602   -0.518   -0.444   -0.409   -0.226    0.129
    1.183    4.165    4.176    8.314    9.196   13.577   13.894   14.965   16.672   17.210
   17.418   18.752   20.346   20.816   21.101
            0.117851  0.707107  0.000000
 -108.586  -56.917  -56.917  -56.917   -4.602   -0.518   -0.444   -0.410   -0.226    0.127
    1.184    4.168    4.179    8.303    9.182   13.595   13.926   14.958   16.665   17.214
   17.421   18.718   20.366   20.802   21.109
            0.114905  0.707107 -0.000000
 -108.586  -56.917  -56.917  -56.917   -4.602   -0.519   -0.443   -0.411   -0.225    0.126
    1.184    4.172    4.182    8.293    9.167   13.614   13.958   14.951   16.658   17.217
   17.425   18.685   20.387   20.788   21.118
            0.111959  0.707107 -0.000000
 -108.586  -56.917  -56.917  -56.917   -4.602   -0.519   -0.442   -0.411   -0.225    0.124
    1.185    4.176    4.185    8.284    9.154   13.632   13.990   14.943   16.651   17.221
   17.429   18.651   20.408   20.775   21.126
            0.109012  0.707107  0.000000
 -108.586  -56.917  -56.917  -56.917   -4.602   -0.519   -0.442   -0.412   -0.225    0.123
    1.185    4.179    4.188    8.274    9.140   13.650   14.021   14.936   16.644   17.225
   17.433   18.618   20.429   20.761   21.135
            0.106066  0.707107  0.000000
 -108.586  -56.917  -56.917  -56.917   -4.602   -0.519   -0.441   -0.413   -0.224    0.122
    1.186    4.183    4.191    8.264    9.127   13.668   14.052   14.929   16.637   17.230
   17.436   18.584   20.450   20.748   21.144
            0.103120  0.707107 -0.000000
 -108.586  -56.917  -56.917  -56.917   -4.602   -0.519   -0.440   -0.414   -0.224    0.120
    1.186    4.186    4.194    8.255    9.114   13.686   14.083   14.922   16.630   17.234
   17.440   18.551   20.472   20.735   21.153
            0.100173  0.707107  0.000000
 -108.586  -56.917  -56.917  -56.917   -4.602   -0.519   -0.440   -0.415   -0.224    0.119
    1.187    4.190    4.197    8.246    9.101   13.704   14.113   14.914   16.623   17.239
   17.443   18.519   20.494   20.723   21.162
            0.097227  0.707107  0.000000
 -108.586  -56.917  -56.917  -56.917   -4.602   -0.520   -0.439   -0.415   -0.223    0.118
    1.187    4.193    4.200    8.237    9.089   13.721   14.143   14.907   16.616   17.244
   17.447   18.486   20.516   20.710   21.171
            0.094281  0.707107 -0.000000
 -108.586  -56.917  -56.917  -56.917   -4.602   -0.520   -0.438   -0.416   -0.223    0.117
    1.188    4.196    4.203    8.229    9.077   13.738   14.172   14.900   16.609   17.249
   17.450   18.454   20.538   20.698   21.181
            0.091335  0.707107 -0.000000
 -108.586  -56.917  -56.917  -56.917   -4.602   -0.520   -0.438   -0.417   -0.222    0.115
    1.188    4.199    4.206    8.220    9.066   13.755   14.201   14.892   16.602   17.254
   17.453   18.422   20.561   20.687   21.190
            0.088388  0.707107  0.000000
 -108.586  -56.917  -56.917  -56.917   -4.602   -0.520   -0.437   -0.417   -0.222    0.114
    1.189    4.202    4.208    8.212    9.055   13.772   14.230   14.885   16.595   17.260
   17.457   18.390   20.584   20.675   21.199
            0.085442  0.707107  0.000000
 -108.586  -56.917  -56.917  -56.917   -4.602   -0.520   -0.436   -0.418   -0.222    0.113
    1.189    4.205    4.211    8.204    9.044   13.789   14.258   14.877   16.588   17.266
   17.460   18.358   20.607   20.664   21.209
            0.082496  0.707107  0.000000
 -108.586  -56.917  -56.917  -56.917   -4.602   -0.520   -0.436   -0.419   -0.222    0.112
    1.189    4.208    4.214    8.196    9.033   13.805   14.286   14.870   16.581   17.272
   17.463   18.327   20.630   20.654   21.218
            0.079550  0.707107 -0.000000
 -108.586  -56.917  -56.917  -56.917   -4.602   -0.520   -0.435   -0.419   -0.221    0.111
    1.190    4.211    4.216    8.189    9.023   13.821   14.313   14.862   16.574   17.278
   17.466   18.297   20.643   20.653   21.228
            0.076603  0.707107  0.000000
 -108.586  -56.917  -56.917  -56.917   -4.602   -0.521   -0.435   -0.420   -0.221    0.110
    1.190    4.214    4.219    8.181    9.013   13.837   14.339   14.855   16.567   17.285
   17.469   18.266   20.633   20.677   21.237
            0.073657  0.707107  0.000000
 -108.586  -56.917  -56.917  -56.917   -4.602   -0.521   -0.434   -0.420   -0.221    0.109
    1.191    4.217    4.221    8.174    9.004   13.852   14.365   14.847   16.560   17.292
   17.471   18.236   20.624   20.701   21.246
            0.070711  0.707107 -0.000000
 -108.586  -56.917  -56.917  -56.917   -4.602   -0.521   -0.434   -0.421   -0.220    0.108
    1.191    4.219    4.223    8.168    8.995   13.868   14.390   14.840   16.554   17.299
   17.474   18.207   20.614   20.725   21.256
            0.067764  0.707107  0.000000
 -108.586  -56.917  -56.917  -56.917   -4.602   -0.521   -0.433   -0.421   -0.220    0.107
    1.191    4.222    4.225    8.161    8.986   13.882   14.415   14.833   16.547   17.306
   17.477   18.177   20.605   20.749   21.265
            0.064818  0.707107  0.000000
 -108.586  -56.917  -56.917  -56.917   -4.602   -0.521   -0.433   -0.422   -0.220    0.106
    1.192    4.224    4.228    8.155    8.978   13.897   14.439   14.825   16.540   17.314
   17.479   18.149   20.597   20.773   21.275
            0.061872  0.707107  0.000000
 -108.586  -56.917  -56.917  -56.917   -4.602   -0.521   -0.432   -0.422   -0.220    0.105
    1.192    4.227    4.230    8.149    8.970   13.911   14.462   14.818   16.534   17.322
   17.482   18.120   20.588   20.798   21.284
            0.058926  0.707107  0.000000
 -108.586  -56.917  -56.917  -56.917   -4.602   -0.521   -0.432   -0.423   -0.220    0.104
    1.192    4.229    4.232    8.143    8.962   13.925   14.485   14.811   16.528   17.330
   17.484   18.092   20.580   20.823   21.293
            0.055979  0.707107  0.000000
 -108.586  -56.917  -56.917  -56.917   -4.602   -0.521   -0.431   -0.423   -0.219    0.103
    1.193    4.231    4.234    8.138    8.955   13.938   14.507   14.804   16.521   17.339
   17.486   18.065   20.573   20.848   21.302
            0.053033  0.707107  0.000000
 -108.586  -56.917  -56.917  -56.917   -4.602   -0.522   -0.431   -0.424   -0.219    0.102
    1.193    4.233    4.235    8.132    8.948   13.951   14.528   14.797   16.515   17.348
   17.488   18.038   20.566   20.873   21.311
            0.050087  0.707107 -0.000000
 -108.586  -56.917  -56.917  -56.917   -4.602   -0.522   -0.431   -0.424   -0.219    0.102
    1.193    4.235    4.237    8.127    8.941   13.963   14.548   14.791   16.510   17.357
   17.490   18.012   20.559   20.898   21.320
            0.047140  0.707107 -0.000000
 -108.586  -56.917  -56.917  -56.917   -4.602   -0.522   -0.430   -0.424   -0.219    0.101
    1.193    4.237    4.239    8.123    8.935   13.975   14.567   14.784   16.504   17.366
   17.492   17.986   20.553   20.923   21.328
            0.044194  0.707107  0.000000
 -108.586  -56.917  -56.917  -56.917   -4.602   -0.522   -0.430   -0.425   -0.219    0.100
    1.194    4.239    4.240    8.118    8.929   13.987   14.585   14.778   16.499   17.376
   17.494   17.961   20.546   20.949   21.337
            0.041248  0.707107  0.000000
 -108.586  -56.917  -56.917  -56.917   -4.602   -0.522   -0.429   -0.425   -0.219    0.100
    1.194    4.240    4.242    8.114    8.923   13.997   14.602   14.772   16.493   17.386
   17.495   17.937   20.541   20.975   21.345
            0.038302  0.707107  0.000000
 -108.586  -56.917  -56.917  -56.917   -4.602   -0.522   -0.429   -0.425   -0.218    0.099
    1.194    4.242    4.243    8.110    8.918   14.008   14.619   14.766   16.488   17.396
   17.497   17.913   20.535   21.001   21.353
            0.035355  0.707107  0.000000
 -108.586  -56.917  -56.917  -56.917   -4.602   -0.522   -0.429   -0.426   -0.218    0.098
    1.194    4.243    4.244    8.107    8.914   14.017   14.634   14.761   16.484   17.406
   17.498   17.890   20.531   21.027   21.360
            0.032409  0.707107  0.000000
 -108.586  -56.917  -56.917  -56.917   -4.602   -0.522   -0.429   -0.426   -0.218    0.098
    1.194    4.245    4.245    8.103    8.909   14.026   14.648   14.755   16.479   17.417
   17.500   17.868   20.526   21.053   21.368
            0.029463  0.707107  0.000000
 -108.586  -56.917  -56.917  -56.917   -4.602   -0.522   -0.428   -0.426   -0.218    0.097
    1.195    4.246    4.247    8.100    8.905   14.035   14.661   14.750   16.475   17.427
   17.501   17.846   20.522   21.079   21.374
            0.026517  0.707107 -0.000000
 -108.586  -56.917  -56.917  -56.917   -4.602   -0.522   -0.428   -0.426   -0.218    0.097
    1.195    4.247    4.248    8.097    8.902   14.043   14.673   14.746   16.471   17.438
   17.502   17.826   20.518   21.105   21.381
            0.023570  0.707107  0.000000
 -108.586  -56.917  -56.917  -56.917   -4.602   -0.522   -0.428   -0.426   -0.218    0.097
    1.195    4.248    4.248    8.095    8.898   14.050   14.684   14.742   16.468   17.449
   17.503   17.806   20.515   21.132   21.387
            0.020624  0.707107  0.000000
 -108.586  -56.917  -56.917  -56.917   -4.602   -0.522   -0.428   -0.427   -0.218    0.096
    1.195    4.249    4.249    8.093    8.896   14.056   14.693   14.738   16.465   17.459
   17.504   17.788   20.512   21.158   21.392
            0.017678  0.707107  0.000000
 -108.586  -56.917  -56.917  -56.917   -4.602   -0.522   -0.428   -0.427   -0.218    0.096
    1.195    4.250    4.250    8.091    8.893   14.061   14.702   14.735   16.462   17.470
   17.505   17.771   20.509   21.184   21.397
            0.014731  0.707107  0.000000
 -108.586  -56.917  -56.917  -56.917   -4.602   -0.522   -0.427   -0.427   -0.218    0.096
    1.195    4.250    4.250    8.089    8.891   14.066   14.709   14.732   16.460   17.479
   17.505   17.755   20.507   21.210   21.401
            0.011785  0.707107  0.000000
 -108.586  -56.917  -56.917  -56.917   -4.602   -0.522   -0.427   -0.427   -0.218    0.096
    1.195    4.251    4.251    8.088    8.889   14.070   14.715   14.730   16.458   17.488
   17.506   17.742   20.505   21.235   21.405
            0.008839  0.707107  0.000000
 -108.586  -56.917  -56.917  -56.917   -4.602   -0.522   -0.427   -0.427   -0.218    0.095
    1.195    4.251    4.251    8.087    8.888   14.073   14.719   14.728   16.456   17.496
   17.506   17.731   20.504   21.260   21.407
            0.005893  0.707107 -0.000000
 -108.586  -56.917  -56.917  -56.917   -4.602   -0.523   -0.427   -0.427   -0.218    0.095
    1.195    4.251    4.251    8.086    8.887   14.075   14.723   14.726   16.455   17.502
   17.507   17.722   20.503   21.282   21.409
            0.002946  0.707107  0.000000
 -108.586  -56.917  -56.917  -56.917   -4.602   -0.523   -0.427   -0.427   -0.218    0.095
    1.195    4.252    4.252    8.086    8.886   14.076   14.725   14.726   16.455   17.505
   17.507   17.717   20.502   21.299   21.411
            0.000000  0.707107  0.000000
 -108.586  -56.917  -56.917  -56.917   -4.602   -0.523   -0.427   -0.427   -0.218    0.095
    1.195    4.252    4.252    8.086    8.886   14.077   14.725   14.725   16.454   17.507
   17.507   17.715   20.502   21.307   21.411
