 &plot nbnd=  21, nks=  1401 /
            0.000000  0.000000  0.000000
   -6.432   -6.432   -4.024   -4.024   -4.024   -4.024   -3.454   -3.454   -3.280   -3.280
   -3.280   -3.280    3.797    3.797    4.646    4.646    4.646    4.646    4.950    4.950
    8.784
            0.000000  0.002210  0.000000
   -6.432   -6.432   -4.024   -4.024   -4.024   -4.024   -3.454   -3.454   -3.280   -3.280
   -3.280   -3.280    3.797    3.797    4.645    4.645    4.645    4.645    4.951    4.951
    8.784
            0.000000  0.004419  0.000000
   -6.432   -6.432   -4.024   -4.024   -4.024   -4.024   -3.454   -3.454   -3.281   -3.281
   -3.280   -3.280    3.796    3.796    4.642    4.642    4.645    4.645    4.953    4.953
    8.784
            0.000000  0.006629  0.000000
   -6.432   -6.432   -4.024   -4.024   -4.024   -4.024   -3.454   -3.454   -3.281   -3.281
   -3.280   -3.280    3.796    3.796    4.638    4.638    4.645    4.645    4.958    4.958
    8.785
            0.000000  0.008839  0.000000
   -6.432   -6.432   -4.024   -4.024   -4.024   -4.024   -3.454   -3.454   -3.281   -3.281
   -3.280   -3.280    3.795    3.795    4.632    4.632    4.644    4.644    4.964    4.964
    8.785
            0.000000  0.011049  0.000000
   -6.432   -6.432   -4.024   -4.024   -4.023   -4.023   -3.454   -3.454   -3.281   -3.281
   -3.280   -3.280    3.794    3.794    4.626    4.626    4.644    4.644    4.972    4.972
    8.785
            0.000000  0.013258  0.000000
   -6.432   -6.432   -4.024   -4.024   -4.023   -4.023   -3.454   -3.454   -3.281   -3.281
   -3.280   -3.280    3.792    3.792    4.618    4.618    4.643    4.643    4.981    4.981
    8.785
            0.000000  0.015468  0.000000
   -6.431   -6.431   -4.024   -4.024   -4.023   -4.023   -3.454   -3.454   -3.281   -3.281
   -3.280   -3.280    3.791    3.791    4.609    4.609    4.642    4.642    4.991    4.991
    8.786
            0.000000  0.017678  0.000000
   -6.431   -6.431   -4.024   -4.024   -4.023   -4.023   -3.454   -3.454   -3.281   -3.281
   -3.279   -3.279    3.789    3.789    4.599    4.599    4.641    4.641    5.002    5.002
    8.786
            0.000000  0.019887  0.000000
   -6.431   -6.431   -4.024   -4.024   -4.023   -4.023   -3.454   -3.454   -3.281   -3.281
   -3.279   -3.279    3.786    3.786    4.588    4.588    4.640    4.640    5.014    5.014
    8.787
            0.000000  0.022097  0.000000
   -6.431   -6.431   -4.024   -4.024   -4.023   -4.023   -3.454   -3.454   -3.281   -3.281
   -3.279   -3.279    3.784    3.784    4.577    4.577    4.639    4.639    5.027    5.027
    8.787
            0.000000  0.024307  0.000000
   -6.431   -6.431   -4.025   -4.025   -4.023   -4.023   -3.454   -3.454   -3.281   -3.281
   -3.279   -3.279    3.781    3.781    4.566    4.566    4.638    4.638    5.040    5.040
    8.787
            0.000000  0.026517  0.000000
   -6.430   -6.430   -4.025   -4.025   -4.022   -4.022   -3.454   -3.454   -3.282   -3.282
   -3.279   -3.279    3.778    3.778    4.554    4.554    4.636    4.636    5.054    5.054
    8.788
            0.000000  0.028726  0.000000
   -6.430   -6.430   -4.025   -4.025   -4.022   -4.022   -3.454   -3.454   -3.282   -3.282
   -3.279   -3.279    3.775    3.775    4.542    4.542    4.634    4.634    5.068    5.068
    8.788
            0.000000  0.030936  0.000000
   -6.430   -6.430   -4.025   -4.025   -4.022   -4.022   -3.453   -3.453   -3.282   -3.282
   -3.279   -3.279    3.771    3.771    4.530    4.530    4.633    4.633    5.083    5.083
    8.789
            0.000000  0.033146  0.000000
   -6.429   -6.429   -4.025   -4.025   -4.022   -4.022   -3.453   -3.453   -3.282   -3.282
   -3.279   -3.279    3.767    3.767    4.517    4.517    4.631    4.631    5.098    5.098
    8.789
            0.000000  0.035355  0.000000
   -6.429   -6.429   -4.025   -4.025   -4.022   -4.022   -3.453   -3.453   -3.282   -3.282
   -3.278   -3.278    3.763    3.763    4.505    4.505    4.629    4.629    5.113    5.113
    8.790
            0.000000  0.037565  0.000000
   -6.429   -6.429   -4.025   -4.025   -4.022   -4.022   -3.453   -3.453   -3.282   -3.282
   -3.278   -3.278    3.759    3.759    4.492    4.492    4.627    4.627    5.129    5.129
    8.790
            0.000000  0.039775  0.000000
   -6.428   -6.428   -4.025   -4.025   -4.021   -4.021   -3.453   -3.453   -3.282   -3.282
   -3.278   -3.278    3.754    3.754    4.480    4.480    4.624    4.624    5.144    5.144
    8.791
            0.000000  0.041984  0.000000
   -6.428   -6.428   -4.025   -4.025   -4.021   -4.021   -3.453   -3.453   -3.282   -3.282
   -3.278   -3.278    3.749    3.749    4.467    4.467    4.622    4.622    5.161    5.161
    8.791
            0.000000  0.044194  0.000000
   -6.428   -6.428   -4.025   -4.025   -4.021   -4.021   -3.453   -3.453   -3.282   -3.282
   -3.278   -3.278    3.744    3.744    4.454    4.454    4.619    4.619    5.177    5.177
    8.791
            0.000000  0.046404  0.000000
   -6.427   -6.427   -4.024   -4.024   -4.021   -4.021   -3.452   -3.452   -3.282   -3.282
   -3.278   -3.278    3.739    3.739    4.442    4.442    4.617    4.617    5.193    5.193
    8.791
            0.000000  0.048614  0.000000
   -6.427   -6.427   -4.024   -4.024   -4.020   -4.020   -3.452   -3.452   -3.282   -3.282
   -3.277   -3.277    3.733    3.733    4.429    4.429    4.614    4.614    5.210    5.210
    8.791
            0.000000  0.050823  0.000000
   -6.426   -6.426   -4.024   -4.024   -4.020   -4.020   -3.452   -3.452   -3.282   -3.282
   -3.277   -3.277    3.727    3.727    4.416    4.416    4.611    4.611    5.226    5.226
    8.791
            0.000000  0.053033  0.000000
   -6.426   -6.426   -4.024   -4.024   -4.020   -4.020   -3.452   -3.452   -3.282   -3.282
   -3.277   -3.277    3.720    3.720    4.404    4.404    4.608    4.608    5.243    5.243
    8.791
            0.000000  0.055243  0.000000
   -6.425   -6.425   -4.024   -4.024   -4.020   -4.020   -3.452   -3.452   -3.283   -3.283
   -3.277   -3.277    3.714    3.714    4.391    4.391    4.605    4.605    5.260    5.260
    8.790
            0.000000  0.057452  0.000000
   -6.425   -6.425   -4.024   -4.024   -4.019   -4.019   -3.451   -3.451   -3.283   -3.283
   -3.277   -3.277    3.707    3.707    4.379    4.379    4.602    4.602    5.277    5.277
    8.790
            0.000000  0.059662  0.000000
   -6.424   -6.424   -4.024   -4.024   -4.019   -4.019   -3.451   -3.451   -3.283   -3.283
   -3.277   -3.277    3.700    3.700    4.367    4.367    4.598    4.598    5.294    5.294
    8.789
            0.000000  0.061872  0.000000
   -6.423   -6.423   -4.024   -4.024   -4.019   -4.019   -3.451   -3.451   -3.283   -3.283
   -3.276   -3.276    3.693    3.693    4.355    4.355    4.595    4.595    5.312    5.312
    8.788
            0.000000  0.064082  0.000000
   -6.423   -6.423   -4.024   -4.024   -4.019   -4.019   -3.451   -3.451   -3.283   -3.283
   -3.276   -3.276    3.685    3.685    4.343    4.343    4.591    4.591    5.329    5.329
    8.787
            0.000000  0.066291  0.000000
   -6.422   -6.422   -4.024   -4.024   -4.018   -4.018   -3.450   -3.450   -3.283   -3.283
   -3.276   -3.276    3.677    3.677    4.331    4.331    4.587    4.587    5.346    5.346
    8.785
            0.000000  0.068501  0.000000
   -6.422   -6.422   -4.024   -4.024   -4.018   -4.018   -3.450   -3.450   -3.283   -3.283
   -3.276   -3.276    3.669    3.669    4.319    4.319    4.584    4.584    5.364    5.364
    8.783
            0.000000  0.070711  0.000000
   -6.421   -6.421   -4.024   -4.024   -4.018   -4.018   -3.450   -3.450   -3.283   -3.283
   -3.276   -3.276    3.660    3.660    4.307    4.307    4.580    4.580    5.381    5.381
    8.781
            0.000000  0.072920  0.000000
   -6.420   -6.420   -4.024   -4.024   -4.017   -4.017   -3.450   -3.450   -3.283   -3.283
   -3.276   -3.276    3.651    3.651    4.296    4.296    4.576    4.576    5.399    5.399
    8.779
            0.000000  0.075130  0.000000
   -6.419   -6.419   -4.024   -4.024   -4.017   -4.017   -3.449   -3.449   -3.283   -3.283
   -3.275   -3.275    3.642    3.642    4.284    4.284    4.571    4.571    5.416    5.416
    8.776
            0.000000  0.077340  0.000000
   -6.419   -6.419   -4.024   -4.024   -4.017   -4.017   -3.449   -3.449   -3.283   -3.283
   -3.275   -3.275    3.633    3.633    4.273    4.273    4.567    4.567    5.434    5.434
    8.773
            0.000000  0.079550  0.000000
   -6.418   -6.418   -4.024   -4.024   -4.016   -4.016   -3.449   -3.449   -3.283   -3.283
   -3.275   -3.275    3.624    3.624    4.262    4.262    4.563    4.563    5.452    5.452
    8.770
            0.000000  0.081759  0.000000
   -6.417   -6.417   -4.024   -4.024   -4.016   -4.016   -3.448   -3.448   -3.283   -3.283
   -3.275   -3.275    3.614    3.614    4.251    4.251    4.558    4.558    5.469    5.469
    8.766
            0.000000  0.083969  0.000000
   -6.416   -6.416   -4.023   -4.023   -4.016   -4.016   -3.448   -3.448   -3.283   -3.283
   -3.275   -3.275    3.604    3.604    4.240    4.240    4.554    4.554    5.487    5.487
    8.762
            0.000000  0.086179  0.000000
   -6.416   -6.416   -4.023   -4.023   -4.015   -4.015   -3.448   -3.448   -3.283   -3.283
   -3.274   -3.274    3.594    3.594    4.229    4.229    4.549    4.549    5.505    5.505
    8.758
            0.000000  0.088388  0.000000
   -6.415   -6.415   -4.023   -4.023   -4.015   -4.015   -3.447   -3.447   -3.284   -3.284
   -3.274   -3.274    3.583    3.583    4.218    4.218    4.544    4.544    5.523    5.523
    8.754
            0.000000  0.090598  0.000000
   -6.414   -6.414   -4.023   -4.023   -4.014   -4.014   -3.447   -3.447   -3.284   -3.284
   -3.274   -3.274    3.572    3.572    4.208    4.208    4.539    4.539    5.541    5.541
    8.749
            0.000000  0.092808  0.000000
   -6.413   -6.413   -4.023   -4.023   -4.014   -4.014   -3.447   -3.447   -3.284   -3.284
   -3.274   -3.274    3.561    3.561    4.197    4.197    4.534    4.534    5.559    5.559
    8.744
            0.000000  0.095017  0.000000
   -6.412   -6.412   -4.023   -4.023   -4.014   -4.014   -3.446   -3.446   -3.284   -3.284
   -3.273   -3.273    3.550    3.550    4.187    4.187    4.529    4.529    5.576    5.576
    8.738
            0.000000  0.097227  0.000000
   -6.411   -6.411   -4.023   -4.023   -4.013   -4.013   -3.446   -3.446   -3.284   -3.284
   -3.273   -3.273    3.539    3.539    4.177    4.177    4.524    4.524    5.594    5.594
    8.733
            0.000000  0.099437  0.000000
   -6.410   -6.410   -4.023   -4.023   -4.013   -4.013   -3.445   -3.445   -3.284   -3.284
   -3.273   -3.273    3.527    3.527    4.167    4.167    4.519    4.519    5.612    5.612
    8.727
            0.000000  0.101647  0.000000
   -6.409   -6.409   -4.023   -4.023   -4.012   -4.012   -3.445   -3.445   -3.284   -3.284
   -3.273   -3.273    3.515    3.515    4.157    4.157    4.513    4.513    5.630    5.630
    8.721
            0.000000  0.103856  0.000000
   -6.408   -6.408   -4.023   -4.023   -4.012   -4.012   -3.445   -3.445   -3.284   -3.284
   -3.272   -3.272    3.503    3.503    4.147    4.147    4.508    4.508    5.648    5.648
    8.714
            0.000000  0.106066  0.000000
   -6.407   -6.407   -4.022   -4.022   -4.011   -4.011   -3.444   -3.444   -3.284   -3.284
   -3.272   -3.272    3.491    3.491    4.137    4.137    4.502    4.502    5.666    5.666
    8.708
            0.000000  0.108276  0.000000
   -6.406   -6.406   -4.022   -4.022   -4.011   -4.011   -3.444   -3.444   -3.284   -3.284
   -3.272   -3.272    3.479    3.479    4.128    4.128    4.497    4.497    5.684    5.684
    8.701
            0.000000  0.110485  0.000000
   -6.405   -6.405   -4.022   -4.022   -4.011   -4.011   -3.443   -3.443   -3.284   -3.284
   -3.272   -3.272    3.466    3.466    4.118    4.118    4.491    4.491    5.702    5.702
    8.694
            0.000000  0.112695  0.000000
   -6.404   -6.404   -4.022   -4.022   -4.010   -4.010   -3.443   -3.443   -3.284   -3.284
   -3.271   -3.271    3.454    3.454    4.109    4.109    4.485    4.485    5.720    5.720
    8.686
            0.000000  0.114905  0.000000
   -6.403   -6.403   -4.022   -4.022   -4.010   -4.010   -3.442   -3.442   -3.284   -3.284
   -3.271   -3.271    3.441    3.441    4.100    4.100    4.479    4.479    5.738    5.738
    8.679
            0.000000  0.117115  0.000000
   -6.402   -6.402   -4.022   -4.022   -4.009   -4.009   -3.442   -3.442   -3.284   -3.284
   -3.271   -3.271    3.428    3.428    4.090    4.090    4.473    4.473    5.756    5.756
    8.671
            0.000000  0.119324  0.000000
   -6.401   -6.401   -4.022   -4.022   -4.009   -4.009   -3.442   -3.442   -3.284   -3.284
   -3.271   -3.271    3.414    3.414    4.081    4.081    4.467    4.467    5.774    5.774
    8.663
            0.000000  0.121534  0.000000
   -6.400   -6.400   -4.021   -4.021   -4.008   -4.008   -3.441   -3.441   -3.284   -3.284
   -3.270   -3.270    3.401    3.401    4.072    4.072    4.461    4.461    5.792    5.792
    8.655
            0.000000  0.123744  0.000000
   -6.399   -6.399   -4.021   -4.021   -4.008   -4.008   -3.441   -3.441   -3.284   -3.284
   -3.270   -3.270    3.387    3.387    4.063    4.063    4.454    4.454    5.810    5.810
    8.647
            0.000000  0.125953  0.000000
   -6.398   -6.398   -4.021   -4.021   -4.007   -4.007   -3.440   -3.440   -3.284   -3.284
   -3.270   -3.270    3.374    3.374    4.054    4.054    4.448    4.448    5.828    5.828
    8.639
            0.000000  0.128163  0.000000
   -6.396   -6.396   -4.021   -4.021   -4.006   -4.006   -3.440   -3.440   -3.285   -3.285
   -3.269   -3.269    3.360    3.360    4.045    4.045    4.442    4.442    5.846    5.846
    8.631
            0.000000  0.130373  0.000000
   -6.395   -6.395   -4.021   -4.021   -4.006   -4.006   -3.439   -3.439   -3.285   -3.285
   -3.269   -3.269    3.346    3.346    4.036    4.036    4.435    4.435    5.864    5.864
    8.622
            0.000000  0.132583  0.000000
   -6.394   -6.394   -4.021   -4.021   -4.005   -4.005   -3.439   -3.439   -3.285   -3.285
   -3.269   -3.269    3.332    3.332    4.028    4.028    4.429    4.429    5.882    5.882
    8.613
            0.000000  0.134792  0.000000
   -6.393   -6.393   -4.021   -4.021   -4.005   -4.005   -3.438   -3.438   -3.285   -3.285
   -3.269   -3.269    3.318    3.318    4.019    4.019    4.422    4.422    5.900    5.900
    8.605
            0.000000  0.137002  0.000000
   -6.391   -6.391   -4.020   -4.020   -4.004   -4.004   -3.437   -3.437   -3.285   -3.285
   -3.268   -3.268    3.304    3.304    4.010    4.010    4.415    4.415    5.918    5.918
    8.596
            0.000000  0.139212  0.000000
   -6.390   -6.390   -4.020   -4.020   -4.004   -4.004   -3.437   -3.437   -3.285   -3.285
   -3.268   -3.268    3.289    3.289    4.002    4.002    4.408    4.408    5.935    5.935
    8.587
            0.000000  0.141421  0.000000
   -6.389   -6.389   -4.020   -4.020   -4.003   -4.003   -3.436   -3.436   -3.285   -3.285
   -3.268   -3.268    3.275    3.275    3.993    3.993    4.402    4.402    5.953    5.953
    8.578
            0.000000  0.143631  0.000000
   -6.388   -6.388   -4.020   -4.020   -4.002   -4.002   -3.436   -3.436   -3.285   -3.285
   -3.267   -3.267    3.260    3.260    3.985    3.985    4.395    4.395    5.971    5.971
    8.569
            0.000000  0.145841  0.000000
   -6.386   -6.386   -4.020   -4.020   -4.002   -4.002   -3.435   -3.435   -3.285   -3.285
   -3.267   -3.267    3.245    3.245    3.976    3.976    4.388    4.388    5.989    5.989
    8.559
            0.000000  0.148050  0.000000
   -6.385   -6.385   -4.019   -4.019   -4.001   -4.001   -3.435   -3.435   -3.285   -3.285
   -3.267   -3.267    3.231    3.231    3.968    3.968    4.381    4.381    6.007    6.007
    8.550
            0.000000  0.150260  0.000000
   -6.384   -6.384   -4.019   -4.019   -4.001   -4.001   -3.434   -3.434   -3.285   -3.285
   -3.266   -3.266    3.216    3.216    3.959    3.959    4.373    4.373    6.024    6.024
    8.540
            0.000000  0.152470  0.000000
   -6.382   -6.382   -4.019   -4.019   -4.000   -4.000   -3.433   -3.433   -3.285   -3.285
   -3.266   -3.266    3.201    3.201    3.951    3.951    4.366    4.366    6.042    6.042
    8.531
            0.000000  0.154680  0.000000
   -6.381   -6.381   -4.019   -4.019   -3.999   -3.999   -3.433   -3.433   -3.285   -3.285
   -3.266   -3.266    3.186    3.186    3.942    3.942    4.359    4.359    6.060    6.060
    8.521
            0.000000  0.156889  0.000000
   -6.379   -6.379   -4.019   -4.019   -3.999   -3.999   -3.432   -3.432   -3.285   -3.285
   -3.265   -3.265    3.171    3.171    3.934    3.934    4.352    4.352    6.077    6.077
    8.512
            0.000000  0.159099  0.000000
   -6.378   -6.378   -4.019   -4.019   -3.998   -3.998   -3.432   -3.432   -3.285   -3.285
   -3.265   -3.265    3.156    3.156    3.926    3.926    4.344    4.344    6.095    6.095
    8.502
            0.000000  0.161309  0.000000
   -6.376   -6.376   -4.018   -4.018   -3.997   -3.997   -3.431   -3.431   -3.285   -3.285
   -3.265   -3.265    3.141    3.141    3.918    3.918    4.337    4.337    6.112    6.112
    8.493
            0.000000  0.163518  0.000000
   -6.375   -6.375   -4.018   -4.018   -3.997   -3.997   -3.430   -3.430   -3.285   -3.285
   -3.264   -3.264    3.125    3.125    3.909    3.909    4.330    4.330    6.130    6.130
    8.483
            0.000000  0.165728  0.000000
   -6.374   -6.374   -4.018   -4.018   -3.996   -3.996   -3.430   -3.430   -3.285   -3.285
   -3.264   -3.264    3.110    3.110    3.901    3.901    4.322    4.322    6.147    6.147
    8.473
            0.000000  0.167938  0.000000
   -6.372   -6.372   -4.018   -4.018   -3.995   -3.995   -3.429   -3.429   -3.285   -3.285
   -3.263   -3.263    3.095    3.095    3.893    3.893    4.314    4.314    6.165    6.165
    8.463
            0.000000  0.170148  0.000000
   -6.371   -6.371   -4.018   -4.018   -3.995   -3.995   -3.428   -3.428   -3.285   -3.285
   -3.263   -3.263    3.079    3.079    3.885    3.885    4.307    4.307    6.182    6.182
    8.453
            0.000000  0.172357  0.000000
   -6.369   -6.369   -4.017   -4.017   -3.994   -3.994   -3.428   -3.428   -3.285   -3.285
   -3.263   -3.263    3.064    3.064    3.876    3.876    4.299    4.299    6.199    6.199
    8.443
            0.000000  0.174567  0.000000
   -6.367   -6.367   -4.017   -4.017   -3.993   -3.993   -3.427   -3.427   -3.285   -3.285
   -3.262   -3.262    3.048    3.048    3.868    3.868    4.291    4.291    6.217    6.217
    8.433
            0.000000  0.176777  0.000000
   -6.366   -6.366   -4.017   -4.017   -3.992   -3.992   -3.426   -3.426   -3.286   -3.286
   -3.262   -3.262    3.033    3.033    3.860    3.860    4.284    4.284    6.234    6.234
    8.424
            0.000000  0.178986  0.000000
   -6.364   -6.364   -4.017   -4.017   -3.992   -3.992   -3.426   -3.426   -3.286   -3.286
   -3.261   -3.261    3.017    3.017    3.852    3.852    4.276    4.276    6.251    6.251
    8.414
            0.000000  0.181196  0.000000
   -6.363   -6.363   -4.017   -4.017   -3.991   -3.991   -3.425   -3.425   -3.286   -3.286
   -3.261   -3.261    3.002    3.002    3.844    3.844    4.268    4.268    6.268    6.268
    8.404
            0.000000  0.183406  0.000000
   -6.361   -6.361   -4.016   -4.016   -3.990   -3.990   -3.424   -3.424   -3.286   -3.286
   -3.261   -3.261    2.986    2.986    3.836    3.836    4.260    4.260    6.285    6.285
    8.394
            0.000000  0.185616  0.000000
   -6.360   -6.360   -4.016   -4.016   -3.989   -3.989   -3.423   -3.423   -3.286   -3.286
   -3.260   -3.260    2.970    2.970    3.827    3.827    4.252    4.252    6.302    6.302
    8.384
            0.000000  0.187825  0.000000
   -6.358   -6.358   -4.016   -4.016   -3.989   -3.989   -3.423   -3.423   -3.286   -3.286
   -3.260   -3.260    2.955    2.955    3.819    3.819    4.244    4.244    6.319    6.319
    8.374
            0.000000  0.190035  0.000000
   -6.356   -6.356   -4.016   -4.016   -3.988   -3.988   -3.422   -3.422   -3.286   -3.286
   -3.259   -3.259    2.939    2.939    3.811    3.811    4.236    4.236    6.336    6.336
    8.364
            0.000000  0.192245  0.000000
   -6.355   -6.355   -4.015   -4.015   -3.987   -3.987   -3.421   -3.421   -3.286   -3.286
   -3.259   -3.259    2.923    2.923    3.803    3.803    4.228    4.228    6.353    6.353
    8.354
            0.000000  0.194454  0.000000
   -6.353   -6.353   -4.015   -4.015   -3.986   -3.986   -3.421   -3.421   -3.286   -3.286
   -3.258   -3.258    2.907    2.907    3.795    3.795    4.220    4.220    6.369    6.369
    8.344
            0.000000  0.196664  0.000000
   -6.351   -6.351   -4.015   -4.015   -3.985   -3.985   -3.420   -3.420   -3.286   -3.286
   -3.258   -3.258    2.892    2.892    3.787    3.787    4.212    4.212    6.386    6.386
    8.334
            0.000000  0.198874  0.000000
   -6.350   -6.350   -4.015   -4.015   -3.984   -3.984   -3.419   -3.419   -3.286   -3.286
   -3.257   -3.257    2.876    2.876    3.779    3.779    4.204    4.204    6.403    6.403
    8.324
            0.000000  0.201083  0.000000
   -6.348   -6.348   -4.015   -4.015   -3.984   -3.984   -3.418   -3.418   -3.286   -3.286
   -3.257   -3.257    2.860    2.860    3.770    3.770    4.195    4.195    6.419    6.419
    8.314
            0.000000  0.203293  0.000000
   -6.346   -6.346   -4.014   -4.014   -3.983   -3.983   -3.417   -3.417   -3.286   -3.286
   -3.256   -3.256    2.844    2.844    3.762    3.762    4.187    4.187    6.435    6.435
    8.304
            0.000000  0.205503  0.000000
   -6.344   -6.344   -4.014   -4.014   -3.982   -3.982   -3.417   -3.417   -3.286   -3.286
   -3.256   -3.256    2.828    2.828    3.754    3.754    4.179    4.179    6.452    6.452
    8.294
            0.000000  0.207713  0.000000
   -6.343   -6.343   -4.014   -4.014   -3.981   -3.981   -3.416   -3.416   -3.286   -3.286
   -3.255   -3.255    2.812    2.812    3.746    3.746    4.171    4.171    6.468    6.468
    8.284
            0.000000  0.209922  0.000000
   -6.341   -6.341   -4.014   -4.014   -3.980   -3.980   -3.415   -3.415   -3.286   -3.286
   -3.255   -3.255    2.796    2.796    3.738    3.738    4.162    4.162    6.484    6.484
    8.274
            0.000000  0.212132  0.000000
   -6.339   -6.339   -4.013   -4.013   -3.979   -3.979   -3.414   -3.414   -3.286   -3.286
   -3.254   -3.254    2.781    2.781    3.730    3.730    4.154    4.154    6.500    6.500
    8.264
            0.000000  0.214342  0.000000
   -6.337   -6.337   -4.013   -4.013   -3.978   -3.978   -3.413   -3.413   -3.286   -3.286
   -3.254   -3.254    2.765    2.765    3.722    3.722    4.146    4.146    6.516    6.516
    8.254
            0.000000  0.216551  0.000000
   -6.335   -6.335   -4.013   -4.013   -3.978   -3.978   -3.413   -3.413   -3.286   -3.286
   -3.253   -3.253    2.749    2.749    3.714    3.714    4.137    4.137    6.532    6.532
    8.244
            0.000000  0.218761  0.000000
   -6.334   -6.334   -4.013   -4.013   -3.977   -3.977   -3.412   -3.412   -3.286   -3.286
   -3.253   -3.253    2.733    2.733    3.705    3.705    4.129    4.129    6.548    6.548
    8.234
            0.000000  0.220971  0.000000
   -6.332   -6.332   -4.012   -4.012   -3.976   -3.976   -3.411   -3.411   -3.286   -3.286
   -3.252   -3.252    2.717    2.717    3.697    3.697    4.120    4.120    6.563    6.563
    8.224
            0.000000  0.223181  0.000000
   -6.330   -6.330   -4.012   -4.012   -3.975   -3.975   -3.410   -3.410   -3.286   -3.286
   -3.252   -3.252    2.701    2.701    3.689    3.689    4.112    4.112    6.579    6.579
    8.215
            0.000000  0.225390  0.000000
   -6.328   -6.328   -4.012   -4.012   -3.974   -3.974   -3.409   -3.409   -3.286   -3.286
   -3.251   -3.251    2.685    2.685    3.681    3.681    4.104    4.104    6.594    6.594
    8.205
            0.000000  0.227600  0.000000
   -6.326   -6.326   -4.012   -4.012   -3.973   -3.973   -3.408   -3.408   -3.286   -3.286
   -3.251   -3.251    2.669    2.669    3.673    3.673    4.095    4.095    6.609    6.609
    8.195
            0.000000  0.229810  0.000000
   -6.324   -6.324   -4.011   -4.011   -3.972   -3.972   -3.407   -3.407   -3.286   -3.286
   -3.250   -3.250    2.653    2.653    3.665    3.665    4.087    4.087    6.625    6.625
    8.185
            0.000000  0.232019  0.000000
   -6.323   -6.323   -4.011   -4.011   -3.971   -3.971   -3.407   -3.407   -3.286   -3.286
   -3.250   -3.250    2.637    2.637    3.657    3.657    4.078    4.078    6.640    6.640
    8.176
            0.000000  0.234229  0.000000
   -6.321   -6.321   -4.011   -4.011   -3.970   -3.970   -3.406   -3.406   -3.286   -3.286
   -3.249   -3.249    2.621    2.621    3.648    3.648    4.069    4.069    6.655    6.655
    8.166
            0.000000  0.236439  0.000000
   -6.319   -6.319   -4.011   -4.011   -3.969   -3.969   -3.405   -3.405   -3.286   -3.286
   -3.248   -3.248    2.605    2.605    3.640    3.640    4.061    4.061    6.669    6.669
    8.157
            0.000000  0.238649  0.000000
   -6.317   -6.317   -4.010   -4.010   -3.968   -3.968   -3.404   -3.404   -3.286   -3.286
   -3.248   -3.248    2.589    2.589    3.632    3.632    4.052    4.052    6.684    6.684
    8.147
            0.000000  0.240858  0.000000
   -6.315   -6.315   -4.010   -4.010   -3.967   -3.967   -3.403   -3.403   -3.286   -3.286
   -3.247   -3.247    2.574    2.574    3.624    3.624    4.044    4.044    6.699    6.699
    8.138
            0.000000  0.243068  0.000000
   -6.313   -6.313   -4.010   -4.010   -3.966   -3.966   -3.402   -3.402   -3.286   -3.286
   -3.246   -3.246    2.558    2.558    3.616    3.616    4.035    4.035    6.713    6.713
    8.128
            0.000000  0.245278  0.000000
   -6.311   -6.311   -4.010   -4.010   -3.965   -3.965   -3.401   -3.401   -3.286   -3.286
   -3.246   -3.246    2.542    2.542    3.608    3.608    4.027    4.027    6.727    6.727
    8.119
            0.000000  0.247487  0.000000
   -6.309   -6.309   -4.009   -4.009   -3.964   -3.964   -3.400   -3.400   -3.287   -3.287
   -3.245   -3.245    2.526    2.526    3.600    3.600    4.018    4.018    6.742    6.742
    8.109
            0.000000  0.249697  0.000000
   -6.307   -6.307   -4.009   -4.009   -3.963   -3.963   -3.399   -3.399   -3.287   -3.287
   -3.245   -3.245    2.510    2.510    3.592    3.592    4.009    4.009    6.756    6.756
    8.100
            0.000000  0.251907  0.000000
   -6.305   -6.305   -4.009   -4.009   -3.962   -3.962   -3.398   -3.398   -3.287   -3.287
   -3.244   -3.244    2.494    2.494    3.583    3.583    4.001    4.001    6.769    6.769
    8.091
            0.000000  0.254116  0.000000
   -6.303   -6.303   -4.009   -4.009   -3.961   -3.961   -3.397   -3.397   -3.287   -3.287
   -3.243   -3.243    2.478    2.478    3.575    3.575    3.992    3.992    6.783    6.783
    8.082
            0.000000  0.256326  0.000000
   -6.301   -6.301   -4.008   -4.008   -3.960   -3.960   -3.397   -3.397   -3.287   -3.287
   -3.243   -3.243    2.462    2.462    3.567    3.567    3.983    3.983    6.797    6.797
    8.073
            0.000000  0.258536  0.000000
   -6.299   -6.299   -4.008   -4.008   -3.959   -3.959   -3.396   -3.396   -3.287   -3.287
   -3.242   -3.242    2.447    2.447    3.559    3.559    3.975    3.975    6.810    6.810
    8.064
            0.000000  0.260746  0.000000
   -6.297   -6.297   -4.008   -4.008   -3.958   -3.958   -3.395   -3.395   -3.287   -3.287
   -3.241   -3.241    2.431    2.431    3.551    3.551    3.966    3.966    6.823    6.823
    8.055
            0.000000  0.262955  0.000000
   -6.295   -6.295   -4.007   -4.007   -3.957   -3.957   -3.394   -3.394   -3.287   -3.287
   -3.240   -3.240    2.415    2.415    3.543    3.543    3.957    3.957    6.836    6.836
    8.046
            0.000000  0.265165  0.000000
   -6.293   -6.293   -4.007   -4.007   -3.956   -3.956   -3.393   -3.393   -3.287   -3.287
   -3.240   -3.240    2.399    2.399    3.535    3.535    3.949    3.949    6.849    6.849
    8.037
            0.000000  0.267375  0.000000
   -6.291   -6.291   -4.007   -4.007   -3.955   -3.955   -3.392   -3.392   -3.287   -3.287
   -3.239   -3.239    2.383    2.383    3.527    3.527    3.940    3.940    6.862    6.862
    8.028
            0.000000  0.269584  0.000000
   -6.289   -6.289   -4.007   -4.007   -3.954   -3.954   -3.391   -3.391   -3.287   -3.287
   -3.238   -3.238    2.368    2.368    3.518    3.518    3.931    3.931    6.875    6.875
    8.019
            0.000000  0.271794  0.000000
   -6.287   -6.287   -4.006   -4.006   -3.953   -3.953   -3.390   -3.390   -3.287   -3.287
   -3.238   -3.238    2.352    2.352    3.510    3.510    3.923    3.923    6.887    6.887
    8.010
            0.000000  0.274004  0.000000
   -6.285   -6.285   -4.006   -4.006   -3.952   -3.952   -3.389   -3.389   -3.287   -3.287
   -3.237   -3.237    2.336    2.336    3.502    3.502    3.914    3.914    6.899    6.899
    8.002
            0.000000  0.276214  0.000000
   -6.283   -6.283   -4.006   -4.006   -3.950   -3.950   -3.388   -3.388   -3.287   -3.287
   -3.236   -3.236    2.320    2.320    3.494    3.494    3.905    3.905    6.911    6.911
    7.993
            0.000000  0.278423  0.000000
   -6.281   -6.281   -4.006   -4.006   -3.949   -3.949   -3.387   -3.387   -3.287   -3.287
   -3.235   -3.235    2.305    2.305    3.486    3.486    3.897    3.897    6.923    6.923
    7.985
            0.000000  0.280633  0.000000
   -6.279   -6.279   -4.005   -4.005   -3.948   -3.948   -3.386   -3.386   -3.287   -3.287
   -3.234   -3.234    2.289    2.289    3.478    3.478    3.888    3.888    6.935    6.935
    7.976
            0.000000  0.282843  0.000000
   -6.277   -6.277   -4.005   -4.005   -3.947   -3.947   -3.385   -3.385   -3.287   -3.287
   -3.234   -3.234    2.273    2.273    3.470    3.470    3.879    3.879    6.946    6.946
    7.968
            0.000000  0.285052  0.000000
   -6.275   -6.275   -4.005   -4.005   -3.946   -3.946   -3.384   -3.384   -3.287   -3.287
   -3.233   -3.233    2.258    2.258    3.462    3.462    3.871    3.871    6.957    6.957
    7.960
            0.000000  0.287262  0.000000
   -6.273   -6.273   -4.004   -4.004   -3.945   -3.945   -3.383   -3.383   -3.287   -3.287
   -3.232   -3.232    2.242    2.242    3.454    3.454    3.862    3.862    6.968    6.968
    7.952
            0.000000  0.289472  0.000000
   -6.270   -6.270   -4.004   -4.004   -3.944   -3.944   -3.382   -3.382   -3.287   -3.287
   -3.231   -3.231    2.227    2.227    3.446    3.446    3.853    3.853    6.979    6.979
    7.944
            0.000000  0.291682  0.000000
   -6.268   -6.268   -4.004   -4.004   -3.943   -3.943   -3.381   -3.381   -3.287   -3.287
   -3.230   -3.230    2.211    2.211    3.438    3.438    3.845    3.845    6.990    6.990
    7.936
            0.000000  0.293891  0.000000
   -6.266   -6.266   -4.004   -4.004   -3.941   -3.941   -3.380   -3.380   -3.287   -3.287
   -3.229   -3.229    2.195    2.195    3.430    3.430    3.836    3.836    7.000    7.000
    7.928
            0.000000  0.296101  0.000000
   -6.264   -6.264   -4.003   -4.003   -3.940   -3.940   -3.379   -3.379   -3.287   -3.287
   -3.229   -3.229    2.180    2.180    3.422    3.422    3.828    3.828    7.011    7.011
    7.920
            0.000000  0.298311  0.000000
   -6.262   -6.262   -4.003   -4.003   -3.939   -3.939   -3.378   -3.378   -3.287   -3.287
   -3.228   -3.228    2.164    2.164    3.414    3.414    3.819    3.819    7.020    7.020
    7.912
            0.000000  0.300520  0.000000
   -6.260   -6.260   -4.003   -4.003   -3.938   -3.938   -3.377   -3.377   -3.287   -3.287
   -3.227   -3.227    2.149    2.149    3.406    3.406    3.810    3.810    7.030    7.030
    7.905
            0.000000  0.302730  0.000000
   -6.258   -6.258   -4.002   -4.002   -3.937   -3.937   -3.376   -3.376   -3.287   -3.287
   -3.226   -3.226    2.134    2.134    3.398    3.398    3.802    3.802    7.040    7.040
    7.897
            0.000000  0.304940  0.000000
   -6.256   -6.256   -4.002   -4.002   -3.936   -3.936   -3.375   -3.375   -3.287   -3.287
   -3.225   -3.225    2.118    2.118    3.390    3.390    3.793    3.793    7.049    7.049
    7.890
            0.000000  0.307150  0.000000
   -6.253   -6.253   -4.002   -4.002   -3.934   -3.934   -3.374   -3.374   -3.287   -3.287
   -3.224   -3.224    2.103    2.103    3.382    3.382    3.785    3.785    7.058    7.058
    7.882
            0.000000  0.309359  0.000000
   -6.251   -6.251   -4.002   -4.002   -3.933   -3.933   -3.373   -3.373   -3.287   -3.287
   -3.223   -3.223    2.087    2.087    3.374    3.374    3.776    3.776    7.067    7.067
    7.875
            0.000000  0.311569  0.000000
   -6.249   -6.249   -4.001   -4.001   -3.932   -3.932   -3.372   -3.372   -3.286   -3.286
   -3.222   -3.222    2.072    2.072    3.366    3.366    3.768    3.768    7.075    7.075
    7.868
            0.000000  0.313779  0.000000
   -6.247   -6.247   -4.001   -4.001   -3.931   -3.931   -3.371   -3.371   -3.286   -3.286
   -3.221   -3.221    2.057    2.057    3.358    3.358    3.759    3.759    7.084    7.084
    7.861
            0.000000  0.315988  0.000000
   -6.245   -6.245   -4.001   -4.001   -3.930   -3.930   -3.370   -3.370   -3.286   -3.286
   -3.220   -3.220    2.041    2.041    3.350    3.350    3.751    3.751    7.092    7.092
    7.854
            0.000000  0.318198  0.000000
   -6.243   -6.243   -4.000   -4.000   -3.928   -3.928   -3.369   -3.369   -3.286   -3.286
   -3.219   -3.219    2.026    2.026    3.342    3.342    3.742    3.742    7.100    7.100
    7.847
            0.000000  0.320408  0.000000
   -6.241   -6.241   -4.000   -4.000   -3.927   -3.927   -3.368   -3.368   -3.286   -3.286
   -3.218   -3.218    2.011    2.011    3.335    3.335    3.734    3.734    7.107    7.107
    7.840
            0.000000  0.322617  0.000000
   -6.238   -6.238   -4.000   -4.000   -3.926   -3.926   -3.367   -3.367   -3.286   -3.286
   -3.217   -3.217    1.996    1.996    3.327    3.327    3.725    3.725    7.115    7.115
    7.834
            0.000000  0.324827  0.000000
   -6.236   -6.236   -4.000   -4.000   -3.925   -3.925   -3.365   -3.365   -3.286   -3.286
   -3.216   -3.216    1.981    1.981    3.319    3.319    3.717    3.717    7.122    7.122
    7.827
            0.000000  0.327037  0.000000
   -6.234   -6.234   -3.999   -3.999   -3.923   -3.923   -3.364   -3.364   -3.286   -3.286
   -3.215   -3.215    1.965    1.965    3.311    3.311    3.708    3.708    7.128    7.128
    7.821
            0.000000  0.329247  0.000000
   -6.232   -6.232   -3.999   -3.999   -3.922   -3.922   -3.363   -3.363   -3.286   -3.286
   -3.214   -3.214    1.950    1.950    3.303    3.303    3.700    3.700    7.135    7.135
    7.814
            0.000000  0.331456  0.000000
   -6.230   -6.230   -3.999   -3.999   -3.921   -3.921   -3.362   -3.362   -3.286   -3.286
   -3.213   -3.213    1.935    1.935    3.295    3.295    3.692    3.692    7.141    7.141
    7.808
            0.000000  0.333666  0.000000
   -6.228   -6.228   -3.998   -3.998   -3.920   -3.920   -3.361   -3.361   -3.286   -3.286
   -3.211   -3.211    1.920    1.920    3.288    3.288    3.683    3.683    7.147    7.147
    7.802
            0.000000  0.335876  0.000000
   -6.226   -6.226   -3.998   -3.998   -3.918   -3.918   -3.360   -3.360   -3.286   -3.286
   -3.210   -3.210    1.905    1.905    3.280    3.280    3.675    3.675    7.153    7.153
    7.796
            0.000000  0.338085  0.000000
   -6.223   -6.223   -3.998   -3.998   -3.917   -3.917   -3.359   -3.359   -3.286   -3.286
   -3.209   -3.209    1.890    1.890    3.272    3.272    3.667    3.667    7.158    7.158
    7.790
            0.000000  0.340295  0.000000
   -6.221   -6.221   -3.998   -3.998   -3.916   -3.916   -3.358   -3.358   -3.286   -3.286
   -3.208   -3.208    1.875    1.875    3.265    3.265    3.658    3.658    7.164    7.164
    7.785
            0.000000  0.342505  0.000000
   -6.219   -6.219   -3.997   -3.997   -3.915   -3.915   -3.357   -3.357   -3.286   -3.286
   -3.207   -3.207    1.860    1.860    3.257    3.257    3.650    3.650    7.169    7.169
    7.779
            0.000000  0.344715  0.000000
   -6.217   -6.217   -3.997   -3.997   -3.913   -3.913   -3.356   -3.356   -3.286   -3.286
   -3.206   -3.206    1.845    1.845    3.249    3.249    3.642    3.642    7.173    7.173
    7.773
            0.000000  0.346924  0.000000
   -6.215   -6.215   -3.997   -3.997   -3.912   -3.912   -3.355   -3.355   -3.286   -3.286
   -3.204   -3.204    1.831    1.831    3.242    3.242    3.634    3.634    7.178    7.178
    7.768
            0.000000  0.349134  0.000000
   -6.213   -6.213   -3.996   -3.996   -3.911   -3.911   -3.354   -3.354   -3.286   -3.286
   -3.203   -3.203    1.816    1.816    3.234    3.234    3.625    3.625    7.182    7.182
    7.763
            0.000000  0.351344  0.000000
   -6.210   -6.210   -3.996   -3.996   -3.910   -3.910   -3.353   -3.353   -3.286   -3.286
   -3.202   -3.202    1.801    1.801    3.226    3.226    3.617    3.617    7.186    7.186
    7.757
            0.000000  0.353553  0.000000
   -6.208   -6.208   -3.996   -3.996   -3.908   -3.908   -3.352   -3.352   -3.286   -3.286
   -3.200   -3.200    1.786    1.786    3.219    3.219    3.609    3.609    7.189    7.189
    7.752
            0.000000  0.355763  0.000000
   -6.206   -6.206   -3.996   -3.996   -3.907   -3.907   -3.351   -3.351   -3.285   -3.285
   -3.199   -3.199    1.771    1.771    3.211    3.211    3.601    3.601    7.193    7.193
    7.747
            0.000000  0.357973  0.000000
   -6.204   -6.204   -3.995   -3.995   -3.906   -3.906   -3.350   -3.350   -3.285   -3.285
   -3.198   -3.198    1.757    1.757    3.204    3.204    3.593    3.593    7.196    7.196
    7.742
            0.000000  0.360183  0.000000
   -6.202   -6.202   -3.995   -3.995   -3.905   -3.905   -3.349   -3.349   -3.285   -3.285
   -3.197   -3.197    1.742    1.742    3.196    3.196    3.585    3.585    7.199    7.199
    7.737
            0.000000  0.362392  0.000000
   -6.200   -6.200   -3.995   -3.995   -3.903   -3.903   -3.348   -3.348   -3.285   -3.285
   -3.195   -3.195    1.728    1.728    3.189    3.189    3.577    3.577    7.201    7.201
    7.733
            0.000000  0.364602  0.000000
   -6.197   -6.197   -3.994   -3.994   -3.902   -3.902   -3.348   -3.348   -3.285   -3.285
   -3.194   -3.194    1.713    1.713    3.181    3.181    3.569    3.569    7.204    7.204
    7.728
            0.000000  0.366812  0.000000
   -6.195   -6.195   -3.994   -3.994   -3.901   -3.901   -3.347   -3.347   -3.285   -3.285
   -3.192   -3.192    1.699    1.699    3.174    3.174    3.561    3.561    7.206    7.206
    7.724
            0.000000  0.369021  0.000000
   -6.193   -6.193   -3.994   -3.994   -3.899   -3.899   -3.346   -3.346   -3.285   -3.285
   -3.191   -3.191    1.684    1.684    3.166    3.166    3.553    3.553    7.207    7.207
    7.719
            0.000000  0.371231  0.000000
   -6.191   -6.191   -3.994   -3.994   -3.898   -3.898   -3.345   -3.345   -3.285   -3.285
   -3.190   -3.190    1.670    1.670    3.159    3.159    3.545    3.545    7.209    7.209
    7.715
            0.000000  0.373441  0.000000
   -6.189   -6.189   -3.993   -3.993   -3.897   -3.897   -3.344   -3.344   -3.285   -3.285
   -3.188   -3.188    1.655    1.655    3.152    3.152    3.537    3.537    7.210    7.210
    7.710
            0.000000  0.375650  0.000000
   -6.187   -6.187   -3.993   -3.993   -3.896   -3.896   -3.343   -3.343   -3.285   -3.285
   -3.187   -3.187    1.641    1.641    3.144    3.144    3.529    3.529    7.212    7.212
    7.706
            0.000000  0.377860  0.000000
   -6.185   -6.185   -3.993   -3.993   -3.894   -3.894   -3.342   -3.342   -3.285   -3.285
   -3.185   -3.185    1.627    1.627    3.137    3.137    3.521    3.521    7.213    7.213
    7.702
            0.000000  0.380070  0.000000
   -6.182   -6.182   -3.992   -3.992   -3.893   -3.893   -3.341   -3.341   -3.284   -3.284
   -3.184   -3.184    1.612    1.612    3.130    3.130    3.514    3.514    7.213    7.213
    7.698
            0.000000  0.382280  0.000000
   -6.180   -6.180   -3.992   -3.992   -3.892   -3.892   -3.340   -3.340   -3.284   -3.284
   -3.182   -3.182    1.598    1.598    3.122    3.122    3.506    3.506    7.214    7.214
    7.694
            0.000000  0.384489  0.000000
   -6.178   -6.178   -3.992   -3.992   -3.890   -3.890   -3.339   -3.339   -3.284   -3.284
   -3.180   -3.180    1.584    1.584    3.115    3.115    3.498    3.498    7.214    7.214
    7.690
            0.000000  0.386699  0.000000
   -6.176   -6.176   -3.992   -3.992   -3.889   -3.889   -3.338   -3.338   -3.284   -3.284
   -3.179   -3.179    1.570    1.570    3.108    3.108    3.491    3.491    7.214    7.214
    7.686
            0.000000  0.388909  0.000000
   -6.174   -6.174   -3.991   -3.991   -3.888   -3.888   -3.337   -3.337   -3.284   -3.284
   -3.177   -3.177    1.556    1.556    3.101    3.101    3.483    3.483    7.214    7.214
    7.682
            0.000000  0.391118  0.000000
   -6.172   -6.172   -3.991   -3.991   -3.886   -3.886   -3.337   -3.337   -3.284   -3.284
   -3.176   -3.176    1.542    1.542    3.094    3.094    3.475    3.475    7.214    7.214
    7.679
            0.000000  0.393328  0.000000
   -6.170   -6.170   -3.991   -3.991   -3.885   -3.885   -3.336   -3.336   -3.284   -3.284
   -3.174   -3.174    1.528    1.528    3.087    3.087    3.468    3.468    7.213    7.213
    7.675
            0.000000  0.395538  0.000000
   -6.168   -6.168   -3.990   -3.990   -3.884   -3.884   -3.335   -3.335   -3.283   -3.283
   -3.172   -3.172    1.514    1.514    3.080    3.080    3.460    3.460    7.213    7.213
    7.671
            0.000000  0.397748  0.000000
   -6.166   -6.166   -3.990   -3.990   -3.883   -3.883   -3.334   -3.334   -3.283   -3.283
   -3.171   -3.171    1.500    1.500    3.073    3.073    3.453    3.453    7.212    7.212
    7.667
            0.000000  0.399957  0.000000
   -6.163   -6.163   -3.990   -3.990   -3.881   -3.881   -3.333   -3.333   -3.283   -3.283
   -3.169   -3.169    1.486    1.486    3.066    3.066    3.445    3.445    7.211    7.211
    7.664
            0.000000  0.402167  0.000000
   -6.161   -6.161   -3.990   -3.990   -3.880   -3.880   -3.332   -3.332   -3.283   -3.283
   -3.167   -3.167    1.472    1.472    3.059    3.059    3.438    3.438    7.210    7.210
    7.660
            0.000000  0.404377  0.000000
   -6.159   -6.159   -3.989   -3.989   -3.879   -3.879   -3.332   -3.332   -3.283   -3.283
   -3.166   -3.166    1.458    1.458    3.052    3.052    3.430    3.430    7.208    7.208
    7.656
            0.000000  0.406586  0.000000
   -6.157   -6.157   -3.989   -3.989   -3.877   -3.877   -3.331   -3.331   -3.283   -3.283
   -3.164   -3.164    1.445    1.445    3.045    3.045    3.423    3.423    7.207    7.207
    7.653
            0.000000  0.408796  0.000000
   -6.155   -6.155   -3.989   -3.989   -3.876   -3.876   -3.330   -3.330   -3.282   -3.282
   -3.162   -3.162    1.431    1.431    3.038    3.038    3.416    3.416    7.205    7.205
    7.649
            0.000000  0.411006  0.000000
   -6.153   -6.153   -3.989   -3.989   -3.875   -3.875   -3.329   -3.329   -3.282   -3.282
   -3.160   -3.160    1.417    1.417    3.031    3.031    3.408    3.408    7.204    7.204
    7.646
            0.000000  0.413216  0.000000
   -6.151   -6.151   -3.988   -3.988   -3.874   -3.874   -3.328   -3.328   -3.282   -3.282
   -3.158   -3.158    1.404    1.404    3.024    3.024    3.401    3.401    7.202    7.202
    7.642
            0.000000  0.415425  0.000000
   -6.149   -6.149   -3.988   -3.988   -3.872   -3.872   -3.328   -3.328   -3.282   -3.282
   -3.157   -3.157    1.390    1.390    3.017    3.017    3.394    3.394    7.200    7.200
    7.638
            0.000000  0.417635  0.000000
   -6.147   -6.147   -3.988   -3.988   -3.871   -3.871   -3.327   -3.327   -3.282   -3.282
   -3.155   -3.155    1.377    1.377    3.011    3.011    3.387    3.387    7.198    7.198
    7.635
            0.000000  0.419845  0.000000
   -6.145   -6.145   -3.987   -3.987   -3.870   -3.870   -3.326   -3.326   -3.281   -3.281
   -3.153   -3.153    1.363    1.363    3.004    3.004    3.379    3.379    7.196    7.196
    7.631
            0.000000  0.422054  0.000000
   -6.143   -6.143   -3.987   -3.987   -3.868   -3.868   -3.326   -3.326   -3.281   -3.281
   -3.151   -3.151    1.350    1.350    2.997    2.997    3.372    3.372    7.194    7.194
    7.627
            0.000000  0.424264  0.000000
   -6.141   -6.141   -3.987   -3.987   -3.867   -3.867   -3.325   -3.325   -3.281   -3.281
   -3.149   -3.149    1.337    1.337    2.991    2.991    3.365    3.365    7.192    7.192
    7.624
            0.000000  0.426474  0.000000
   -6.139   -6.139   -3.987   -3.987   -3.866   -3.866   -3.324   -3.324   -3.281   -3.281
   -3.147   -3.147    1.323    1.323    2.984    2.984    3.358    3.358    7.189    7.189
    7.620
            0.000000  0.428683  0.000000
   -6.137   -6.137   -3.986   -3.986   -3.865   -3.865   -3.324   -3.324   -3.281   -3.281
   -3.145   -3.145    1.310    1.310    2.978    2.978    3.351    3.351    7.187    7.187
    7.616
            0.000000  0.430893  0.000000
   -6.135   -6.135   -3.986   -3.986   -3.863   -3.863   -3.323   -3.323   -3.280   -3.280
   -3.143   -3.143    1.297    1.297    2.971    2.971    3.344    3.344    7.185    7.185
    7.612
            0.000000  0.433103  0.000000
   -6.133   -6.133   -3.986   -3.986   -3.862   -3.862   -3.322   -3.322   -3.280   -3.280
   -3.141   -3.141    1.284    1.284    2.965    2.965    3.337    3.337    7.182    7.182
    7.609
            0.000000  0.435313  0.000000
   -6.131   -6.131   -3.986   -3.986   -3.861   -3.861   -3.322   -3.322   -3.280   -3.280
   -3.139   -3.139    1.271    1.271    2.958    2.958    3.331    3.331    7.179    7.179
    7.605
            0.000000  0.437522  0.000000
   -6.129   -6.129   -3.985   -3.985   -3.860   -3.860   -3.321   -3.321   -3.280   -3.280
   -3.137   -3.137    1.258    1.258    2.952    2.952    3.324    3.324    7.177    7.177
    7.601
            0.000000  0.439732  0.000000
   -6.127   -6.127   -3.985   -3.985   -3.858   -3.858   -3.320   -3.320   -3.279   -3.279
   -3.135   -3.135    1.245    1.245    2.945    2.945    3.317    3.317    7.174    7.174
    7.597
            0.000000  0.441942  0.000000
   -6.125   -6.125   -3.985   -3.985   -3.857   -3.857   -3.320   -3.320   -3.279   -3.279
   -3.133   -3.133    1.232    1.232    2.939    2.939    3.310    3.310    7.171    7.171
    7.593
            0.000000  0.444151  0.000000
   -6.123   -6.123   -3.985   -3.985   -3.856   -3.856   -3.319   -3.319   -3.279   -3.279
   -3.131   -3.131    1.219    1.219    2.933    2.933    3.304    3.304    7.169    7.169
    7.589
            0.000000  0.446361  0.000000
   -6.121   -6.121   -3.984   -3.984   -3.855   -3.855   -3.319   -3.319   -3.278   -3.278
   -3.129   -3.129    1.207    1.207    2.926    2.926    3.297    3.297    7.166    7.166
    7.585
            0.000000  0.448571  0.000000
   -6.119   -6.119   -3.984   -3.984   -3.853   -3.853   -3.318   -3.318   -3.278   -3.278
   -3.127   -3.127    1.194    1.194    2.920    2.920    3.290    3.290    7.163    7.163
    7.581
            0.000000  0.450781  0.000000
   -6.117   -6.117   -3.984   -3.984   -3.852   -3.852   -3.318   -3.318   -3.278   -3.278
   -3.124   -3.124    1.181    1.181    2.914    2.914    3.284    3.284    7.160    7.160
    7.577
            0.000000  0.452990  0.000000
   -6.115   -6.115   -3.984   -3.984   -3.851   -3.851   -3.317   -3.317   -3.278   -3.278
   -3.122   -3.122    1.169    1.169    2.908    2.908    3.277    3.277    7.157    7.157
    7.573
            0.000000  0.455200  0.000000
   -6.114   -6.114   -3.983   -3.983   -3.850   -3.850   -3.317   -3.317   -3.277   -3.277
   -3.120   -3.120    1.156    1.156    2.902    2.902    3.271    3.271    7.154    7.154
    7.569
            0.000000  0.457410  0.000000
   -6.112   -6.112   -3.983   -3.983   -3.848   -3.848   -3.316   -3.316   -3.277   -3.277
   -3.118   -3.118    1.144    1.144    2.896    2.896    3.264    3.264    7.151    7.151
    7.565
            0.000000  0.459619  0.000000
   -6.110   -6.110   -3.983   -3.983   -3.847   -3.847   -3.316   -3.316   -3.277   -3.277
   -3.116   -3.116    1.132    1.132    2.890    2.890    3.258    3.258    7.148    7.148
    7.561
            0.000000  0.461829  0.000000
   -6.108   -6.108   -3.983   -3.983   -3.846   -3.846   -3.315   -3.315   -3.276   -3.276
   -3.114   -3.114    1.119    1.119    2.884    2.884    3.252    3.252    7.146    7.146
    7.556
            0.000000  0.464039  0.000000
   -6.106   -6.106   -3.982   -3.982   -3.845   -3.845   -3.315   -3.315   -3.276   -3.276
   -3.111   -3.111    1.107    1.107    2.878    2.878    3.245    3.245    7.143    7.143
    7.552
            0.000000  0.466249  0.000000
   -6.104   -6.104   -3.982   -3.982   -3.844   -3.844   -3.314   -3.314   -3.276   -3.276
   -3.109   -3.109    1.095    1.095    2.872    2.872    3.239    3.239    7.140    7.140
    7.548
            0.000000  0.468458  0.000000
   -6.102   -6.102   -3.982   -3.982   -3.842   -3.842   -3.314   -3.314   -3.275   -3.275
   -3.107   -3.107    1.083    1.083    2.866    2.866    3.233    3.233    7.137    7.137
    7.543
            0.000000  0.470668  0.000000
   -6.101   -6.101   -3.982   -3.982   -3.841   -3.841   -3.313   -3.313   -3.275   -3.275
   -3.105   -3.105    1.071    1.071    2.860    2.860    3.227    3.227    7.134    7.134
    7.539
            0.000000  0.472878  0.000000
   -6.099   -6.099   -3.981   -3.981   -3.840   -3.840   -3.313   -3.313   -3.275   -3.275
   -3.102   -3.102    1.059    1.059    2.855    2.855    3.221    3.221    7.131    7.131
    7.534
            0.000000  0.475087  0.000000
   -6.097   -6.097   -3.981   -3.981   -3.839   -3.839   -3.312   -3.312   -3.274   -3.274
   -3.100   -3.100    1.047    1.047    2.849    2.849    3.215    3.215    7.128    7.128
    7.530
            0.000000  0.477297  0.000000
   -6.095   -6.095   -3.981   -3.981   -3.838   -3.838   -3.312   -3.312   -3.274   -3.274
   -3.098   -3.098    1.035    1.035    2.843    2.843    3.209    3.209    7.125    7.125
    7.525
            0.000000  0.479507  0.000000
   -6.093   -6.093   -3.981   -3.981   -3.837   -3.837   -3.312   -3.312   -3.274   -3.274
   -3.095   -3.095    1.023    1.023    2.838    2.838    3.203    3.203    7.122    7.122
    7.521
            0.000000  0.481716  0.000000
   -6.092   -6.092   -3.980   -3.980   -3.835   -3.835   -3.311   -3.311   -3.273   -3.273
   -3.093   -3.093    1.012    1.012    2.832    2.832    3.197    3.197    7.119    7.119
    7.516
            0.000000  0.483926  0.000000
   -6.090   -6.090   -3.980   -3.980   -3.834   -3.834   -3.311   -3.311   -3.273   -3.273
   -3.091   -3.091    1.000    1.000    2.826    2.826    3.191    3.191    7.116    7.116
    7.512
            0.000000  0.486136  0.000000
   -6.088   -6.088   -3.980   -3.980   -3.833   -3.833   -3.311   -3.311   -3.272   -3.272
   -3.088   -3.088    0.988    0.988    2.821    2.821    3.185    3.185    7.114    7.114
    7.507
            0.000000  0.488346  0.000000
   -6.086   -6.086   -3.980   -3.980   -3.832   -3.832   -3.310   -3.310   -3.272   -3.272
   -3.086   -3.086    0.977    0.977    2.815    2.815    3.179    3.179    7.111    7.111
    7.502
            0.000000  0.490555  0.000000
   -6.085   -6.085   -3.979   -3.979   -3.831   -3.831   -3.310   -3.310   -3.272   -3.272
   -3.084   -3.084    0.966    0.966    2.810    2.810    3.174    3.174    7.108    7.108
    7.497
            0.000000  0.492765  0.000000
   -6.083   -6.083   -3.979   -3.979   -3.830   -3.830   -3.310   -3.310   -3.271   -3.271
   -3.081   -3.081    0.954    0.954    2.805    2.805    3.168    3.168    7.105    7.105
    7.493
            0.000000  0.494975  0.000000
   -6.081   -6.081   -3.979   -3.979   -3.829   -3.829   -3.309   -3.309   -3.271   -3.271
   -3.079   -3.079    0.943    0.943    2.799    2.799    3.162    3.162    7.102    7.102
    7.488
            0.000000  0.497184  0.000000
   -6.080   -6.080   -3.979   -3.979   -3.828   -3.828   -3.309   -3.309   -3.271   -3.271
   -3.076   -3.076    0.932    0.932    2.794    2.794    3.157    3.157    7.100    7.100
    7.483
            0.000000  0.499394  0.000000
   -6.078   -6.078   -3.979   -3.979   -3.826   -3.826   -3.309   -3.309   -3.270   -3.270
   -3.074   -3.074    0.921    0.921    2.789    2.789    3.151    3.151    7.097    7.097
    7.478
            0.000000  0.501604  0.000000
   -6.076   -6.076   -3.978   -3.978   -3.825   -3.825   -3.308   -3.308   -3.270   -3.270
   -3.072   -3.072    0.910    0.910    2.784    2.784    3.146    3.146    7.094    7.094
    7.473
            0.000000  0.503814  0.000000
   -6.075   -6.075   -3.978   -3.978   -3.824   -3.824   -3.308   -3.308   -3.269   -3.269
   -3.069   -3.069    0.899    0.899    2.779    2.779    3.140    3.140    7.092    7.092
    7.469
            0.000000  0.506023  0.000000
   -6.073   -6.073   -3.978   -3.978   -3.823   -3.823   -3.308   -3.308   -3.269   -3.269
   -3.067   -3.067    0.888    0.888    2.774    2.774    3.135    3.135    7.089    7.089
    7.464
            0.000000  0.508233  0.000000
   -6.072   -6.072   -3.978   -3.978   -3.822   -3.822   -3.308   -3.308   -3.269   -3.269
   -3.064   -3.064    0.877    0.877    2.769    2.769    3.130    3.130    7.086    7.086
    7.459
            0.000000  0.510443  0.000000
   -6.070   -6.070   -3.978   -3.978   -3.821   -3.821   -3.307   -3.307   -3.268   -3.268
   -3.062   -3.062    0.867    0.867    2.764    2.764    3.125    3.125    7.084    7.084
    7.454
            0.000000  0.512652  0.000000
   -6.068   -6.068   -3.977   -3.977   -3.820   -3.820   -3.307   -3.307   -3.268   -3.268
   -3.059   -3.059    0.856    0.856    2.759    2.759    3.119    3.119    7.081    7.081
    7.449
            0.000000  0.514862  0.000000
   -6.067   -6.067   -3.977   -3.977   -3.819   -3.819   -3.307   -3.307   -3.268   -3.268
   -3.057   -3.057    0.846    0.846    2.754    2.754    3.114    3.114    7.079    7.079
    7.444
            0.000000  0.517072  0.000000
   -6.065   -6.065   -3.977   -3.977   -3.818   -3.818   -3.307   -3.307   -3.267   -3.267
   -3.055   -3.055    0.835    0.835    2.749    2.749    3.109    3.109    7.077    7.077
    7.439
            0.000000  0.519282  0.000000
   -6.064   -6.064   -3.977   -3.977   -3.817   -3.817   -3.306   -3.306   -3.267   -3.267
   -3.052   -3.052    0.825    0.825    2.744    2.744    3.104    3.104    7.074    7.074
    7.434
            0.000000  0.521491  0.000000
   -6.062   -6.062   -3.977   -3.977   -3.816   -3.816   -3.306   -3.306   -3.266   -3.266
   -3.050   -3.050    0.815    0.815    2.739    2.739    3.099    3.099    7.072    7.072
    7.429
            0.000000  0.523701  0.000000
   -6.061   -6.061   -3.976   -3.976   -3.815   -3.815   -3.306   -3.306   -3.266   -3.266
   -3.047   -3.047    0.804    0.804    2.735    2.735    3.094    3.094    7.070    7.070
    7.424
            0.000000  0.525911  0.000000
   -6.059   -6.059   -3.976   -3.976   -3.814   -3.814   -3.306   -3.306   -3.266   -3.266
   -3.045   -3.045    0.794    0.794    2.730    2.730    3.089    3.089    7.067    7.067
    7.419
            0.000000  0.528120  0.000000
   -6.058   -6.058   -3.976   -3.976   -3.813   -3.813   -3.306   -3.306   -3.265   -3.265
   -3.042   -3.042    0.784    0.784    2.725    2.725    3.084    3.084    7.065    7.065
    7.414
            0.000000  0.530330  0.000000
   -6.056   -6.056   -3.976   -3.976   -3.812   -3.812   -3.305   -3.305   -3.265   -3.265
   -3.040   -3.040    0.774    0.774    2.721    2.721    3.080    3.080    7.063    7.063
    7.409
            0.000000  0.532540  0.000000
   -6.055   -6.055   -3.976   -3.976   -3.811   -3.811   -3.305   -3.305   -3.265   -3.265
   -3.037   -3.037    0.765    0.765    2.716    2.716    3.075    3.075    7.061    7.061
    7.404
            0.000000  0.534750  0.000000
   -6.053   -6.053   -3.975   -3.975   -3.810   -3.810   -3.305   -3.305   -3.264   -3.264
   -3.035   -3.035    0.755    0.755    2.712    2.712    3.070    3.070    7.059    7.059
    7.399
            0.000000  0.536959  0.000000
   -6.052   -6.052   -3.975   -3.975   -3.809   -3.809   -3.305   -3.305   -3.264   -3.264
   -3.033   -3.033    0.745    0.745    2.708    2.708    3.066    3.066    7.057    7.057
    7.394
            0.000000  0.539169  0.000000
   -6.051   -6.051   -3.975   -3.975   -3.808   -3.808   -3.305   -3.305   -3.263   -3.263
   -3.030   -3.030    0.736    0.736    2.703    2.703    3.061    3.061    7.055    7.055
    7.389
            0.000000  0.541379  0.000000
   -6.049   -6.049   -3.975   -3.975   -3.807   -3.807   -3.304   -3.304   -3.263   -3.263
   -3.028   -3.028    0.726    0.726    2.699    2.699    3.057    3.057    7.053    7.053
    7.383
            0.000000  0.543588  0.000000
   -6.048   -6.048   -3.975   -3.975   -3.807   -3.807   -3.304   -3.304   -3.263   -3.263
   -3.025   -3.025    0.717    0.717    2.695    2.695    3.052    3.052    7.051    7.051
    7.378
            0.000000  0.545798  0.000000
   -6.047   -6.047   -3.974   -3.974   -3.806   -3.806   -3.304   -3.304   -3.262   -3.262
   -3.023   -3.023    0.708    0.708    2.691    2.691    3.048    3.048    7.049    7.049
    7.373
            0.000000  0.548008  0.000000
   -6.045   -6.045   -3.974   -3.974   -3.805   -3.805   -3.304   -3.304   -3.262   -3.262
   -3.021   -3.021    0.698    0.698    2.686    2.686    3.043    3.043    7.047    7.047
    7.368
            0.000000  0.550217  0.000000
   -6.044   -6.044   -3.974   -3.974   -3.804   -3.804   -3.304   -3.304   -3.262   -3.262
   -3.018   -3.018    0.689    0.689    2.682    2.682    3.039    3.039    7.045    7.045
    7.363
            0.000000  0.552427  0.000000
   -6.043   -6.043   -3.974   -3.974   -3.803   -3.803   -3.304   -3.304   -3.261   -3.261
   -3.016   -3.016    0.680    0.680    2.678    2.678    3.035    3.035    7.044    7.044
    7.358
            0.000000  0.554637  0.000000
   -6.041   -6.041   -3.974   -3.974   -3.802   -3.802   -3.303   -3.303   -3.261   -3.261
   -3.013   -3.013    0.672    0.672    2.674    2.674    3.031    3.031    7.042    7.042
    7.353
            0.000000  0.556847  0.000000
   -6.040   -6.040   -3.974   -3.974   -3.801   -3.801   -3.303   -3.303   -3.261   -3.261
   -3.011   -3.011    0.663    0.663    2.670    2.670    3.027    3.027    7.041    7.041
    7.348
            0.000000  0.559056  0.000000
   -6.039   -6.039   -3.973   -3.973   -3.800   -3.800   -3.303   -3.303   -3.260   -3.260
   -3.009   -3.009    0.654    0.654    2.667    2.667    3.023    3.023    7.039    7.039
    7.343
            0.000000  0.561266  0.000000
   -6.038   -6.038   -3.973   -3.973   -3.800   -3.800   -3.303   -3.303   -3.260   -3.260
   -3.006   -3.006    0.646    0.646    2.663    2.663    3.019    3.019    7.037    7.037
    7.338
            0.000000  0.563476  0.000000
   -6.036   -6.036   -3.973   -3.973   -3.799   -3.799   -3.303   -3.303   -3.260   -3.260
   -3.004   -3.004    0.637    0.637    2.659    2.659    3.015    3.015    7.036    7.036
    7.333
            0.000000  0.565685  0.000000
   -6.035   -6.035   -3.973   -3.973   -3.798   -3.798   -3.303   -3.303   -3.259   -3.259
   -3.002   -3.002    0.629    0.629    2.655    2.655    3.011    3.011    7.035    7.035
    7.328
            0.000000  0.567895  0.000000
   -6.034   -6.034   -3.973   -3.973   -3.797   -3.797   -3.303   -3.303   -3.259   -3.259
   -2.999   -2.999    0.621    0.621    2.652    2.652    3.007    3.007    7.033    7.033
    7.324
            0.000000  0.570105  0.000000
   -6.033   -6.033   -3.973   -3.973   -3.796   -3.796   -3.303   -3.303   -3.259   -3.259
   -2.997   -2.997    0.612    0.612    2.648    2.648    3.003    3.003    7.032    7.032
    7.319
            0.000000  0.572315  0.000000
   -6.032   -6.032   -3.973   -3.973   -3.796   -3.796   -3.302   -3.302   -3.258   -3.258
   -2.995   -2.995    0.604    0.604    2.645    2.645    3.000    3.000    7.031    7.031
    7.314
            0.000000  0.574524  0.000000
   -6.031   -6.031   -3.972   -3.972   -3.795   -3.795   -3.302   -3.302   -3.258   -3.258
   -2.993   -2.993    0.597    0.597    2.641    2.641    2.996    2.996    7.030    7.030
    7.309
            0.000000  0.576734  0.000000
   -6.029   -6.029   -3.972   -3.972   -3.794   -3.794   -3.302   -3.302   -3.258   -3.258
   -2.990   -2.990    0.589    0.589    2.638    2.638    2.992    2.992    7.028    7.028
    7.304
            0.000000  0.578944  0.000000
   -6.028   -6.028   -3.972   -3.972   -3.793   -3.793   -3.302   -3.302   -3.257   -3.257
   -2.988   -2.988    0.581    0.581    2.634    2.634    2.989    2.989    7.027    7.027
    7.299
            0.000000  0.581153  0.000000
   -6.027   -6.027   -3.972   -3.972   -3.793   -3.793   -3.302   -3.302   -3.257   -3.257
   -2.986   -2.986    0.573    0.573    2.631    2.631    2.985    2.985    7.026    7.026
    7.294
            0.000000  0.583363  0.000000
   -6.026   -6.026   -3.972   -3.972   -3.792   -3.792   -3.302   -3.302   -3.257   -3.257
   -2.984   -2.984    0.566    0.566    2.628    2.628    2.982    2.982    7.025    7.025
    7.290
            0.000000  0.585573  0.000000
   -6.025   -6.025   -3.972   -3.972   -3.791   -3.791   -3.302   -3.302   -3.256   -3.256
   -2.982   -2.982    0.559    0.559    2.624    2.624    2.978    2.978    7.024    7.024
    7.285
            0.000000  0.587783  0.000000
   -6.024   -6.024   -3.972   -3.972   -3.791   -3.791   -3.302   -3.302   -3.256   -3.256
   -2.980   -2.980    0.551    0.551    2.621    2.621    2.975    2.975    7.024    7.024
    7.280
            0.000000  0.589992  0.000000
   -6.023   -6.023   -3.971   -3.971   -3.790   -3.790   -3.302   -3.302   -3.256   -3.256
   -2.978   -2.978    0.544    0.544    2.618    2.618    2.972    2.972    7.023    7.023
    7.276
            0.000000  0.592202  0.000000
   -6.022   -6.022   -3.971   -3.971   -3.789   -3.789   -3.302   -3.302   -3.255   -3.255
   -2.975   -2.975    0.537    0.537    2.615    2.615    2.969    2.969    7.022    7.022
    7.271
            0.000000  0.594412  0.000000
   -6.021   -6.021   -3.971   -3.971   -3.789   -3.789   -3.301   -3.301   -3.255   -3.255
   -2.973   -2.973    0.530    0.530    2.612    2.612    2.966    2.966    7.021    7.021
    7.266
            0.000000  0.596621  0.000000
   -6.020   -6.020   -3.971   -3.971   -3.788   -3.788   -3.301   -3.301   -3.255   -3.255
   -2.971   -2.971    0.523    0.523    2.609    2.609    2.962    2.962    7.021    7.021
    7.262
            0.000000  0.598831  0.000000
   -6.019   -6.019   -3.971   -3.971   -3.787   -3.787   -3.301   -3.301   -3.255   -3.255
   -2.969   -2.969    0.517    0.517    2.606    2.606    2.959    2.959    7.020    7.020
    7.257
            0.000000  0.601041  0.000000
   -6.018   -6.018   -3.971   -3.971   -3.787   -3.787   -3.301   -3.301   -3.254   -3.254
   -2.967   -2.967    0.510    0.510    2.603    2.603    2.957    2.957    7.020    7.020
    7.253
            0.000000  0.603250  0.000000
   -6.017   -6.017   -3.971   -3.971   -3.786   -3.786   -3.301   -3.301   -3.254   -3.254
   -2.965   -2.965    0.504    0.504    2.601    2.601    2.954    2.954    7.019    7.019
    7.248
            0.000000  0.605460  0.000000
   -6.017   -6.017   -3.971   -3.971   -3.786   -3.786   -3.301   -3.301   -3.254   -3.254
   -2.963   -2.963    0.497    0.497    2.598    2.598    2.951    2.951    7.019    7.019
    7.244
            0.000000  0.607670  0.000000
   -6.016   -6.016   -3.970   -3.970   -3.785   -3.785   -3.301   -3.301   -3.254   -3.254
   -2.962   -2.962    0.491    0.491    2.595    2.595    2.948    2.948    7.018    7.018
    7.239
            0.000000  0.609880  0.000000
   -6.015   -6.015   -3.970   -3.970   -3.784   -3.784   -3.301   -3.301   -3.253   -3.253
   -2.960   -2.960    0.485    0.485    2.593    2.593    2.945    2.945    7.018    7.018
    7.235
            0.000000  0.612089  0.000000
   -6.014   -6.014   -3.970   -3.970   -3.784   -3.784   -3.301   -3.301   -3.253   -3.253
   -2.958   -2.958    0.479    0.479    2.590    2.590    2.943    2.943    7.018    7.018
    7.231
            0.000000  0.614299  0.000000
   -6.013   -6.013   -3.970   -3.970   -3.783   -3.783   -3.301   -3.301   -3.253   -3.253
   -2.956   -2.956    0.473    0.473    2.588    2.588    2.940    2.940    7.017    7.017
    7.226
            0.000000  0.616509  0.000000
   -6.012   -6.012   -3.970   -3.970   -3.783   -3.783   -3.301   -3.301   -3.253   -3.253
   -2.954   -2.954    0.468    0.468    2.585    2.585    2.937    2.937    7.017    7.017
    7.222
            0.000000  0.618718  0.000000
   -6.012   -6.012   -3.970   -3.970   -3.782   -3.782   -3.301   -3.301   -3.252   -3.252
   -2.953   -2.953    0.462    0.462    2.583    2.583    2.935    2.935    7.017    7.017
    7.218
            0.000000  0.620928  0.000000
   -6.011   -6.011   -3.970   -3.970   -3.782   -3.782   -3.301   -3.301   -3.252   -3.252
   -2.951   -2.951    0.457    0.457    2.581    2.581    2.933    2.933    7.017    7.017
    7.214
            0.000000  0.623138  0.000000
   -6.010   -6.010   -3.970   -3.970   -3.781   -3.781   -3.300   -3.300   -3.252   -3.252
   -2.949   -2.949    0.451    0.451    2.578    2.578    2.930    2.930    7.017    7.017
    7.210
            0.000000  0.625348  0.000000
   -6.009   -6.009   -3.970   -3.970   -3.781   -3.781   -3.300   -3.300   -3.252   -3.252
   -2.947   -2.947    0.446    0.446    2.576    2.576    2.928    2.928    7.017    7.017
    7.206
            0.000000  0.627557  0.000000
   -6.009   -6.009   -3.970   -3.970   -3.780   -3.780   -3.300   -3.300   -3.252   -3.252
   -2.946   -2.946    0.441    0.441    2.574    2.574    2.926    2.926    7.017    7.017
    7.202
            0.000000  0.629767  0.000000
   -6.008   -6.008   -3.969   -3.969   -3.780   -3.780   -3.300   -3.300   -3.251   -3.251
   -2.944   -2.944    0.436    0.436    2.572    2.572    2.923    2.923    7.017    7.017
    7.198
            0.000000  0.631977  0.000000
   -6.007   -6.007   -3.969   -3.969   -3.779   -3.779   -3.300   -3.300   -3.251   -3.251
   -2.943   -2.943    0.431    0.431    2.570    2.570    2.921    2.921    7.018    7.018
    7.194
            0.000000  0.634186  0.000000
   -6.007   -6.007   -3.969   -3.969   -3.779   -3.779   -3.300   -3.300   -3.251   -3.251
   -2.941   -2.941    0.427    0.427    2.568    2.568    2.919    2.919    7.018    7.018
    7.190
            0.000000  0.636396  0.000000
   -6.006   -6.006   -3.969   -3.969   -3.779   -3.779   -3.300   -3.300   -3.251   -3.251
   -2.940   -2.940    0.422    0.422    2.566    2.566    2.917    2.917    7.018    7.018
    7.186
            0.000000  0.638606  0.000000
   -6.006   -6.006   -3.969   -3.969   -3.778   -3.778   -3.300   -3.300   -3.251   -3.251
   -2.938   -2.938    0.418    0.418    2.564    2.564    2.915    2.915    7.018    7.018
    7.182
            0.000000  0.640816  0.000000
   -6.005   -6.005   -3.969   -3.969   -3.778   -3.778   -3.300   -3.300   -3.250   -3.250
   -2.937   -2.937    0.414    0.414    2.562    2.562    2.913    2.913    7.019    7.019
    7.179
            0.000000  0.643025  0.000000
   -6.004   -6.004   -3.969   -3.969   -3.777   -3.777   -3.300   -3.300   -3.250   -3.250
   -2.936   -2.936    0.409    0.409    2.561    2.561    2.912    2.912    7.019    7.019
    7.175
            0.000000  0.645235  0.000000
   -6.004   -6.004   -3.969   -3.969   -3.777   -3.777   -3.300   -3.300   -3.250   -3.250
   -2.934   -2.934    0.405    0.405    2.559    2.559    2.910    2.910    7.020    7.020
    7.171
            0.000000  0.647445  0.000000
   -6.003   -6.003   -3.969   -3.969   -3.777   -3.777   -3.300   -3.300   -3.250   -3.250
   -2.933   -2.933    0.401    0.401    2.557    2.557    2.908    2.908    7.020    7.020
    7.168
            0.000000  0.649654  0.000000
   -6.003   -6.003   -3.969   -3.969   -3.776   -3.776   -3.300   -3.300   -3.250   -3.250
   -2.932   -2.932    0.398    0.398    2.556    2.556    2.907    2.907    7.021    7.021
    7.164
            0.000000  0.651864  0.000000
   -6.002   -6.002   -3.969   -3.969   -3.776   -3.776   -3.300   -3.300   -3.250   -3.250
   -2.931   -2.931    0.394    0.394    2.554    2.554    2.905    2.905    7.021    7.021
    7.161
            0.000000  0.654074  0.000000
   -6.002   -6.002   -3.969   -3.969   -3.776   -3.776   -3.300   -3.300   -3.249   -3.249
   -2.929   -2.929    0.391    0.391    2.553    2.553    2.904    2.904    7.022    7.022
    7.158
            0.000000  0.656283  0.000000
   -6.001   -6.001   -3.969   -3.969   -3.775   -3.775   -3.300   -3.300   -3.249   -3.249
   -2.928   -2.928    0.387    0.387    2.551    2.551    2.902    2.902    7.023    7.023
    7.154
            0.000000  0.658493  0.000000
   -6.001   -6.001   -3.969   -3.969   -3.775   -3.775   -3.300   -3.300   -3.249   -3.249
   -2.927   -2.927    0.384    0.384    2.550    2.550    2.901    2.901    7.023    7.023
    7.151
            0.000000  0.660703  0.000000
   -6.001   -6.001   -3.968   -3.968   -3.775   -3.775   -3.300   -3.300   -3.249   -3.249
   -2.926   -2.926    0.381    0.381    2.549    2.549    2.899    2.899    7.024    7.024
    7.148
            0.000000  0.662913  0.000000
   -6.000   -6.000   -3.968   -3.968   -3.775   -3.775   -3.300   -3.300   -3.249   -3.249
   -2.925   -2.925    0.378    0.378    2.548    2.548    2.898    2.898    7.025    7.025
    7.145
            0.000000  0.665122  0.000000
   -6.000   -6.000   -3.968   -3.968   -3.774   -3.774   -3.300   -3.300   -3.249   -3.249
   -2.924   -2.924    0.375    0.375    2.546    2.546    2.897    2.897    7.026    7.026
    7.142
            0.000000  0.667332  0.000000
   -5.999   -5.999   -3.968   -3.968   -3.774   -3.774   -3.300   -3.300   -3.249   -3.249
   -2.924   -2.924    0.373    0.373    2.545    2.545    2.896    2.896    7.026    7.026
    7.139
            0.000000  0.669542  0.000000
   -5.999   -5.999   -3.968   -3.968   -3.774   -3.774   -3.300   -3.300   -3.249   -3.249
   -2.923   -2.923    0.370    0.370    2.544    2.544    2.895    2.895    7.027    7.027
    7.137
            0.000000  0.671751  0.000000
   -5.999   -5.999   -3.968   -3.968   -3.774   -3.774   -3.300   -3.300   -3.249   -3.249
   -2.922   -2.922    0.368    0.368    2.543    2.543    2.894    2.894    7.028    7.028
    7.134
            0.000000  0.673961  0.000000
   -5.998   -5.998   -3.968   -3.968   -3.773   -3.773   -3.300   -3.300   -3.248   -3.248
   -2.921   -2.921    0.366    0.366    2.542    2.542    2.893    2.893    7.029    7.029
    7.131
            0.000000  0.676171  0.000000
   -5.998   -5.998   -3.968   -3.968   -3.773   -3.773   -3.300   -3.300   -3.248   -3.248
   -2.920   -2.920    0.364    0.364    2.541    2.541    2.892    2.892    7.030    7.030
    7.129
            0.000000  0.678381  0.000000
   -5.998   -5.998   -3.968   -3.968   -3.773   -3.773   -3.299   -3.299   -3.248   -3.248
   -2.920   -2.920    0.362    0.362    2.541    2.541    2.891    2.891    7.031    7.031
    7.127
            0.000000  0.680590  0.000000
   -5.998   -5.998   -3.968   -3.968   -3.773   -3.773   -3.299   -3.299   -3.248   -3.248
   -2.919   -2.919    0.360    0.360    2.540    2.540    2.890    2.890    7.031    7.031
    7.125
            0.000000  0.682800  0.000000
   -5.997   -5.997   -3.968   -3.968   -3.773   -3.773   -3.299   -3.299   -3.248   -3.248
   -2.919   -2.919    0.358    0.358    2.539    2.539    2.889    2.889    7.032    7.032
    7.122
            0.000000  0.685010  0.000000
   -5.997   -5.997   -3.968   -3.968   -3.773   -3.773   -3.299   -3.299   -3.248   -3.248
   -2.918   -2.918    0.357    0.357    2.539    2.539    2.889    2.889    7.033    7.033
    7.121
            0.000000  0.687219  0.000000
   -5.997   -5.997   -3.968   -3.968   -3.772   -3.772   -3.299   -3.299   -3.248   -3.248
   -2.918   -2.918    0.355    0.355    2.538    2.538    2.888    2.888    7.034    7.034
    7.119
            0.000000  0.689429  0.000000
   -5.997   -5.997   -3.968   -3.968   -3.772   -3.772   -3.299   -3.299   -3.248   -3.248
   -2.917   -2.917    0.354    0.354    2.538    2.538    2.888    2.888    7.034    7.034
    7.117
            0.000000  0.691639  0.000000
   -5.997   -5.997   -3.968   -3.968   -3.772   -3.772   -3.299   -3.299   -3.248   -3.248
   -2.917   -2.917    0.353    0.353    2.537    2.537    2.887    2.887    7.035    7.035
    7.116
            0.000000  0.693849  0.000000
   -5.997   -5.997   -3.968   -3.968   -3.772   -3.772   -3.299   -3.299   -3.248   -3.248
   -2.917   -2.917    0.352    0.352    2.537    2.537    2.887    2.887    7.036    7.036
    7.114
            0.000000  0.696058  0.000000
   -5.997   -5.997   -3.968   -3.968   -3.772   -3.772   -3.299   -3.299   -3.248   -3.248
   -2.916   -2.916    0.351    0.351    2.536    2.536    2.886    2.886    7.036    7.036
    7.113
            0.000000  0.698268  0.000000
   -5.996   -5.996   -3.968   -3.968   -3.772   -3.772   -3.299   -3.299   -3.248   -3.248
   -2.916   -2.916    0.351    0.351    2.536    2.536    2.886    2.886    7.036    7.036
    7.112
            0.000000  0.700478  0.000000
   -5.996   -5.996   -3.968   -3.968   -3.772   -3.772   -3.299   -3.299   -3.248   -3.248
   -2.916   -2.916    0.350    0.350    2.536    2.536    2.886    2.886    7.037    7.037
    7.112
            0.000000  0.702687  0.000000
   -5.996   -5.996   -3.968   -3.968   -3.772   -3.772   -3.299   -3.299   -3.248   -3.248
   -2.916   -2.916    0.350    0.350    2.536    2.536    2.886    2.886    7.037    7.037
    7.111
            0.000000  0.704897  0.000000
   -5.996   -5.996   -3.968   -3.968   -3.772   -3.772   -3.299   -3.299   -3.248   -3.248
   -2.916   -2.916    0.350    0.350    2.536    2.536    2.886    2.886    7.037    7.037
    7.111
            0.000000  0.707107  0.000000
   -5.996   -5.996   -3.968   -3.968   -3.772   -3.772   -3.299   -3.299   -3.248   -3.248
   -2.916   -2.916    0.350    0.350    2.536    2.536    2.886    2.886    7.037    7.037
    7.111
            0.002210  0.707107  0.002210
   -5.996   -5.996   -3.968   -3.968   -3.774   -3.770   -3.300   -3.299   -3.248   -3.247
   -2.917   -2.915    0.348    0.351    2.533    2.538    2.885    2.886    7.036    7.039
    7.111
            0.004419  0.707107  0.004419
   -5.997   -5.996   -3.968   -3.967   -3.775   -3.769   -3.300   -3.299   -3.249   -3.247
   -2.917   -2.914    0.347    0.352    2.530    2.540    2.884    2.887    7.034    7.042
    7.112
            0.006629  0.707107  0.006629
   -5.997   -5.996   -3.969   -3.967   -3.777   -3.767   -3.301   -3.298   -3.250   -3.246
   -2.918   -2.913    0.346    0.354    2.528    2.543    2.883    2.887    7.033    7.045
    7.112
            0.008839  0.707107  0.008839
   -5.997   -5.996   -3.969   -3.967   -3.779   -3.765   -3.301   -3.298   -3.250   -3.245
   -2.919   -2.912    0.344    0.355    2.525    2.545    2.882    2.887    7.033    7.048
    7.114
            0.011049  0.707107  0.011049
   -5.997   -5.995   -3.969   -3.967   -3.780   -3.764   -3.301   -3.297   -3.251   -3.245
   -2.920   -2.911    0.343    0.357    2.521    2.546    2.881    2.887    7.033    7.051
    7.117
            0.013258  0.707107  0.013258
   -5.997   -5.995   -3.969   -3.966   -3.782   -3.762   -3.302   -3.297   -3.252   -3.244
   -2.921   -2.910    0.342    0.359    2.518    2.548    2.879    2.886    7.033    7.055
    7.117
            0.015468  0.707107  0.015468
   -5.997   -5.995   -3.970   -3.966   -3.784   -3.760   -3.302   -3.296   -3.252   -3.244
   -2.921   -2.909    0.341    0.360    2.515    2.550    2.878    2.886    7.033    7.058
    7.120
            0.017678  0.707107  0.017678
   -5.998   -5.995   -3.970   -3.966   -3.785   -3.759   -3.302   -3.296   -3.253   -3.243
   -2.922   -2.908    0.340    0.362    2.511    2.551    2.876    2.886    7.034    7.062
    7.124
            0.019887  0.707107  0.019887
   -5.998   -5.995   -3.970   -3.965   -3.787   -3.757   -3.303   -3.296   -3.254   -3.243
   -2.923   -2.907    0.339    0.364    2.507    2.553    2.874    2.885    7.035    7.065
    7.133
            0.022097  0.707107  0.022097
   -5.998   -5.995   -3.970   -3.965   -3.789   -3.756   -3.303   -3.295   -3.254   -3.242
   -2.924   -2.906    0.338    0.365    2.503    2.554    2.872    2.884    7.037    7.068
    7.136
            0.024307  0.707107  0.024307
   -5.998   -5.994   -3.970   -3.965   -3.790   -3.754   -3.303   -3.295   -3.255   -3.242
   -2.924   -2.905    0.337    0.367    2.499    2.555    2.870    2.884    7.038    7.071
    7.142
            0.026517  0.707107  0.026517
   -5.998   -5.994   -3.971   -3.965   -3.792   -3.752   -3.304   -3.294   -3.256   -3.241
   -2.925   -2.904    0.336    0.369    2.495    2.556    2.867    2.883    7.040    7.074
    7.151
            0.028726  0.707107  0.028726
   -5.999   -5.994   -3.971   -3.964   -3.794   -3.751   -3.304   -3.294   -3.256   -3.241
   -2.926   -2.903    0.335    0.371    2.490    2.557    2.865    2.882    7.042    7.077
    7.159
            0.030936  0.707107  0.030936
   -5.999   -5.994   -3.971   -3.964   -3.795   -3.749   -3.304   -3.293   -3.257   -3.240
   -2.926   -2.902    0.334    0.373    2.485    2.557    2.863    2.881    7.044    7.079
    7.168
            0.033146  0.707107  0.033146
   -5.999   -5.994   -3.971   -3.964   -3.797   -3.748   -3.305   -3.293   -3.258   -3.240
   -2.927   -2.901    0.333    0.375    2.481    2.558    2.860    2.880    7.046    7.081
    7.177
            0.035355  0.707107  0.035355
   -5.999   -5.994   -3.971   -3.963   -3.799   -3.746   -3.305   -3.292   -3.259   -3.239
   -2.928   -2.899    0.333    0.377    2.475    2.558    2.857    2.879    7.048    7.084
    7.186
            0.037565  0.707107  0.037565
   -5.999   -5.994   -3.972   -3.963   -3.800   -3.745   -3.305   -3.292   -3.259   -3.239
   -2.928   -2.898    0.332    0.379    2.470    2.558    2.855    2.878    7.050    7.086
    7.195
            0.039775  0.707107  0.039775
   -5.999   -5.993   -3.972   -3.963   -3.802   -3.743   -3.306   -3.292   -3.260   -3.238
   -2.929   -2.897    0.331    0.381    2.464    2.558    2.852    2.878    7.052    7.088
    7.210
            0.041984  0.707107  0.041984
   -6.000   -5.993   -3.972   -3.962   -3.804   -3.742   -3.306   -3.291   -3.261   -3.238
   -2.929   -2.896    0.330    0.383    2.458    2.558    2.849    2.877    7.054    7.090
    7.217
            0.044194  0.707107  0.044194
   -6.000   -5.993   -3.972   -3.962   -3.805   -3.740   -3.306   -3.291   -3.261   -3.238
   -2.930   -2.895    0.330    0.385    2.452    2.557    2.846    2.876    7.056    7.092
    7.230
            0.046404  0.707107  0.046404
   -6.000   -5.993   -3.972   -3.962   -3.807   -3.739   -3.307   -3.290   -3.262   -3.237
   -2.930   -2.894    0.329    0.388    2.446    2.557    2.844    2.875    7.058    7.094
    7.242
            0.048614  0.707107  0.048614
   -6.000   -5.993   -3.973   -3.961   -3.809   -3.737   -3.307   -3.290   -3.263   -3.237
   -2.931   -2.892    0.329    0.390    2.439    2.556    2.841    2.874    7.061    7.096
    7.259
            0.050823  0.707107  0.050823
   -6.000   -5.993   -3.973   -3.961   -3.810   -3.736   -3.307   -3.289   -3.264   -3.236
   -2.931   -2.891    0.328    0.392    2.433    2.554    2.839    2.874    7.063    7.098
    7.270
            0.053033  0.707107  0.053033
   -6.000   -5.993   -3.973   -3.961   -3.812   -3.734   -3.307   -3.289   -3.264   -3.236
   -2.932   -2.890    0.328    0.394    2.426    2.553    2.836    2.873    7.065    7.100
    7.285
            0.055243  0.707107  0.055243
   -6.001   -5.992   -3.973   -3.960   -3.814   -3.733   -3.308   -3.288   -3.265   -3.236
   -2.932   -2.889    0.327    0.397    2.418    2.551    2.834    2.873    7.067    7.103
    7.300
            0.057452  0.707107  0.057452
   -6.001   -5.992   -3.973   -3.960   -3.815   -3.731   -3.308   -3.288   -3.266   -3.235
   -2.933   -2.887    0.327    0.399    2.411    2.549    2.832    2.872    7.070    7.105
    7.317
            0.059662  0.707107  0.059662
   -6.001   -5.992   -3.973   -3.960   -3.817   -3.730   -3.308   -3.287   -3.266   -3.235
   -2.933   -2.886    0.326    0.402    2.403    2.547    2.830    2.872    7.072    7.107
    7.333
            0.061872  0.707107  0.061872
   -6.001   -5.992   -3.974   -3.959   -3.819   -3.728   -3.308   -3.287   -3.267   -3.235
   -2.934   -2.885    0.326    0.404    2.395    2.544    2.828    2.872    7.074    7.109
    7.351
            0.064082  0.707107  0.064082
   -6.001   -5.992   -3.974   -3.959   -3.820   -3.727   -3.309   -3.287   -3.268   -3.234
   -2.934   -2.884    0.325    0.407    2.387    2.541    2.826    2.872    7.077    7.112
    7.369
            0.066291  0.707107  0.066291
   -6.002   -5.992   -3.974   -3.959   -3.822   -3.726   -3.309   -3.286   -3.268   -3.234
   -2.934   -2.882    0.325    0.409    2.379    2.538    2.825    2.872    7.079    7.114
    7.387
            0.068501  0.707107  0.068501
   -6.002   -5.992   -3.974   -3.958   -3.824   -3.724   -3.309   -3.286   -3.269   -3.234
   -2.935   -2.881    0.325    0.412    2.370    2.534    2.824    2.872    7.082    7.117
    7.406
            0.070711  0.707107  0.070711
   -6.002   -5.992   -3.974   -3.958   -3.825   -3.723   -3.309   -3.286   -3.270   -3.233
   -2.935   -2.880    0.325    0.414    2.361    2.530    2.823    2.873    7.084    7.120
    7.426
            0.072920  0.707107  0.072920
   -6.002   -5.991   -3.974   -3.958   -3.827   -3.721   -3.310   -3.285   -3.270   -3.233
   -2.935   -2.879    0.324    0.417    2.352    2.526    2.822    2.873    7.087    7.122
    7.446
            0.075130  0.707107  0.075130
   -6.002   -5.991   -3.975   -3.957   -3.828   -3.720   -3.310   -3.285   -3.271   -3.233
   -2.936   -2.877    0.324    0.420    2.343    2.521    2.822    2.874    7.089    7.125
    7.467
            0.077340  0.707107  0.077340
   -6.002   -5.991   -3.975   -3.957   -3.830   -3.719   -3.310   -3.285   -3.271   -3.232
   -2.936   -2.876    0.324    0.422    2.334    2.517    2.821    2.875    7.092    7.128
    7.488
            0.079550  0.707107  0.079550
   -6.003   -5.991   -3.975   -3.956   -3.832   -3.718   -3.310   -3.285   -3.271   -3.232
   -2.936   -2.875    0.324    0.425    2.324    2.511    2.822    2.876    7.095    7.131
    7.510
            0.081759  0.707107  0.081759
   -6.003   -5.991   -3.975   -3.956   -3.833   -3.716   -3.311   -3.285   -3.272   -3.232
   -2.937   -2.874    0.324    0.428    2.315    2.506    2.822    2.877    7.097    7.134
    7.532
            0.083969  0.707107  0.083969
   -6.003   -5.991   -3.975   -3.956   -3.835   -3.715   -3.311   -3.285   -3.272   -3.232
   -2.937   -2.872    0.324    0.431    2.305    2.500    2.822    2.878    7.100    7.137
    7.555
            0.086179  0.707107  0.086179
   -6.003   -5.991   -3.975   -3.955   -3.836   -3.714   -3.311   -3.285   -3.272   -3.231
   -2.937   -2.871    0.324    0.434    2.295    2.494    2.823    2.879    7.103    7.140
    7.578
            0.088388  0.707107  0.088388
   -6.003   -5.991   -3.975   -3.955   -3.838   -3.712   -3.311   -3.285   -3.272   -3.231
   -2.938   -2.870    0.324    0.436    2.285    2.488    2.824    2.881    7.106    7.143
    7.602
            0.090598  0.707107  0.090598
   -6.004   -5.991   -3.975   -3.955   -3.840   -3.711   -3.312   -3.286   -3.272   -3.231
   -2.938   -2.869    0.324    0.439    2.275    2.482    2.826    2.883    7.108    7.146
    7.626
            0.092808  0.707107  0.092808
   -6.004   -5.991   -3.976   -3.954   -3.841   -3.710   -3.312   -3.286   -3.272   -3.231
   -2.938   -2.867    0.324    0.442    2.264    2.475    2.827    2.884    7.111    7.149
    7.650
            0.095017  0.707107  0.095017
   -6.004   -5.991   -3.976   -3.954   -3.843   -3.709   -3.312   -3.287   -3.272   -3.231
   -2.938   -2.866    0.324    0.445    2.254    2.468    2.829    2.886    7.114    7.153
    7.675
            0.097227  0.707107  0.097227
   -6.004   -5.991   -3.976   -3.953   -3.844   -3.708   -3.312   -3.287   -3.271   -3.230
   -2.939   -2.865    0.324    0.448    2.244    2.461    2.831    2.889    7.117    7.156
    7.703
            0.099437  0.707107  0.099437
   -6.005   -5.991   -3.976   -3.953   -3.846   -3.707   -3.312   -3.288   -3.271   -3.230
   -2.939   -2.864    0.324    0.451    2.233    2.454    2.833    2.891    7.120    7.160
    7.725
            0.101647  0.707107  0.101647
   -6.005   -5.991   -3.976   -3.953   -3.847   -3.705   -3.313   -3.288   -3.271   -3.230
   -2.939   -2.863    0.324    0.454    2.223    2.447    2.836    2.893    7.123    7.163
    7.751
            0.103856  0.707107  0.103856
   -6.005   -5.991   -3.976   -3.952   -3.849   -3.704   -3.313   -3.289   -3.270   -3.230
   -2.939   -2.861    0.324    0.457    2.212    2.439    2.838    2.896    7.127    7.167
    7.777
            0.106066  0.707107  0.106066
   -6.005   -5.990   -3.976   -3.952   -3.850   -3.703   -3.313   -3.290   -3.270   -3.230
   -2.940   -2.860    0.324    0.460    2.201    2.432    2.841    2.898    7.130    7.170
    7.804
            0.108276  0.707107  0.108276
   -6.005   -5.990   -3.976   -3.951   -3.852   -3.702   -3.313   -3.290   -3.270   -3.230
   -2.940   -2.859    0.324    0.463    2.191    2.424    2.844    2.901    7.133    7.174
    7.830
            0.110485  0.707107  0.110485
   -6.006   -5.990   -3.977   -3.951   -3.853   -3.701   -3.313   -3.291   -3.269   -3.229
   -2.940   -2.858    0.324    0.467    2.180    2.417    2.847    2.904    7.136    7.178
    7.857
            0.112695  0.707107  0.112695
   -6.006   -5.990   -3.977   -3.951   -3.855   -3.700   -3.313   -3.292   -3.269   -3.229
   -2.940   -2.857    0.325    0.470    2.169    2.409    2.851    2.907    7.140    7.182
    7.885
            0.114905  0.707107  0.114905
   -6.006   -5.991   -3.977   -3.950   -3.856   -3.699   -3.314   -3.292   -3.268   -3.229
   -2.941   -2.856    0.325    0.473    2.158    2.401    2.854    2.910    7.143    7.186
    7.912
            0.117115  0.707107  0.117115
   -6.006   -5.991   -3.977   -3.950   -3.858   -3.698   -3.314   -3.293   -3.268   -3.229
   -2.941   -2.854    0.325    0.476    2.148    2.393    2.858    2.914    7.146    7.190
    7.940
            0.119324  0.707107  0.119324
   -6.007   -5.991   -3.977   -3.949   -3.859   -3.697   -3.314   -3.294   -3.267   -3.229
   -2.941   -2.853    0.325    0.479    2.137    2.386    2.862    2.917    7.150    7.194
    7.968
            0.121534  0.707107  0.121534
   -6.007   -5.991   -3.977   -3.949   -3.861   -3.696   -3.314   -3.295   -3.267   -3.229
   -2.942   -2.852    0.326    0.482    2.127    2.378    2.866    2.921    7.153    7.198
    7.996
            0.123744  0.707107  0.123744
   -6.007   -5.991   -3.977   -3.949   -3.862   -3.695   -3.314   -3.296   -3.266   -3.229
   -2.942   -2.851    0.326    0.485    2.116    2.370    2.870    2.924    7.157    7.202
    8.024
            0.125953  0.707107  0.125953
   -6.008   -5.991   -3.977   -3.948   -3.863   -3.694   -3.315   -3.296   -3.266   -3.229
   -2.942   -2.850    0.327    0.489    2.106    2.362    2.874    2.928    7.160    7.206
    8.052
            0.128163  0.707107  0.128163
   -6.008   -5.991   -3.977   -3.948   -3.865   -3.693   -3.315   -3.297   -3.265   -3.229
   -2.942   -2.849    0.327    0.492    2.095    2.355    2.878    2.932    7.164    7.210
    8.081
            0.130373  0.707107  0.130373
   -6.008   -5.991   -3.977   -3.948   -3.866   -3.693   -3.315   -3.298   -3.265   -3.228
   -2.943   -2.848    0.327    0.495    2.085    2.347    2.883    2.936    7.167    7.214
    8.109
            0.132583  0.707107  0.132583
   -6.008   -5.991   -3.978   -3.947   -3.868   -3.692   -3.315   -3.299   -3.264   -3.228
   -2.943   -2.847    0.328    0.498    2.075    2.339    2.887    2.940    7.171    7.219
    8.138
            0.134792  0.707107  0.134792
   -6.009   -5.991   -3.978   -3.947   -3.869   -3.691   -3.315   -3.300   -3.263   -3.228
   -2.943   -2.846    0.328    0.502    2.064    2.332    2.892    2.945    7.175    7.223
    8.167
            0.137002  0.707107  0.137002
   -6.009   -5.991   -3.978   -3.947   -3.870   -3.690   -3.315   -3.301   -3.263   -3.228
   -2.944   -2.846    0.329    0.505    2.054    2.324    2.897    2.949    7.178    7.227
    8.196
            0.139212  0.707107  0.139212
   -6.009   -5.991   -3.978   -3.946   -3.872   -3.689   -3.316   -3.301   -3.262   -3.228
   -2.944   -2.845    0.329    0.508    2.045    2.317    2.902    2.954    7.182    7.232
    8.225
            0.141421  0.707107  0.141421
   -6.010   -5.991   -3.978   -3.946   -3.873   -3.689   -3.316   -3.302   -3.262   -3.228
   -2.944   -2.844    0.330    0.511    2.035    2.310    2.907    2.958    7.186    7.236
    8.254
            0.143631  0.707107  0.143631
   -6.010   -5.992   -3.978   -3.946   -3.874   -3.688   -3.316   -3.303   -3.261   -3.228
   -2.945   -2.843    0.330    0.515    2.025    2.303    2.912    2.963    7.190    7.241
    8.282
            0.145841  0.707107  0.145841
   -6.010   -5.992   -3.978   -3.945   -3.875   -3.687   -3.316   -3.304   -3.261   -3.228
   -2.945   -2.842    0.331    0.518    2.016    2.296    2.918    2.968    7.193    7.245
    8.311
            0.148050  0.707107  0.148050
   -6.011   -5.992   -3.978   -3.945   -3.877   -3.686   -3.316   -3.305   -3.260   -3.228
   -2.945   -2.842    0.331    0.521    2.007    2.289    2.923    2.973    7.197    7.250
    8.340
            0.150260  0.707107  0.150260
   -6.011   -5.992   -3.978   -3.945   -3.878   -3.686   -3.316   -3.306   -3.260   -3.228
   -2.946   -2.841    0.332    0.524    1.997    2.282    2.929    2.978    7.201    7.254
    8.369
            0.152470  0.707107  0.152470
   -6.011   -5.992   -3.978   -3.944   -3.879   -3.685   -3.317   -3.306   -3.259   -3.228
   -2.946   -2.840    0.333    0.528    1.988    2.275    2.934    2.983    7.205    7.259
    8.398
            0.154680  0.707107  0.154680
   -6.012   -5.992   -3.979   -3.944   -3.880   -3.684   -3.317   -3.307   -3.259   -3.228
   -2.946   -2.840    0.333    0.531    1.980    2.269    2.940    2.988    7.209    7.264
    8.426
            0.156889  0.707107  0.156889
   -6.012   -5.993   -3.979   -3.944   -3.882   -3.684   -3.317   -3.308   -3.258   -3.228
   -2.947   -2.839    0.334    0.534    1.971    2.263    2.946    2.993    7.213    7.269
    8.455
            0.159099  0.707107  0.159099
   -6.013   -5.993   -3.979   -3.943   -3.883   -3.683   -3.317   -3.309   -3.257   -3.228
   -2.947   -2.838    0.335    0.537    1.963    2.256    2.952    2.999    7.217    7.273
    8.483
            0.161309  0.707107  0.161309
   -6.013   -5.993   -3.979   -3.943   -3.884   -3.683   -3.317   -3.310   -3.257   -3.228
   -2.948   -2.838    0.336    0.540    1.955    2.250    2.958    3.004    7.221    7.278
    8.511
            0.163518  0.707107  0.163518
   -6.013   -5.993   -3.979   -3.943   -3.885   -3.682   -3.317   -3.311   -3.256   -3.228
   -2.948   -2.837    0.337    0.544    1.947    2.245    2.964    3.010    7.224    7.283
    8.539
            0.165728  0.707107  0.165728
   -6.014   -5.994   -3.979   -3.943   -3.886   -3.682   -3.317   -3.311   -3.256   -3.228
   -2.949   -2.837    0.337    0.547    1.939    2.239    2.970    3.016    7.228    7.288
    8.567
            0.167938  0.707107  0.167938
   -6.014   -5.994   -3.979   -3.942   -3.887   -3.681   -3.318   -3.312   -3.255   -3.228
   -2.949   -2.837    0.338    0.550    1.932    2.234    2.976    3.021    7.232    7.293
    8.595
            0.170148  0.707107  0.170148
   -6.015   -5.994   -3.979   -3.942   -3.888   -3.681   -3.318   -3.313   -3.255   -3.228
   -2.950   -2.836    0.339    0.553    1.924    2.228    2.982    3.027    7.236    7.297
    8.622
            0.172357  0.707107  0.172357
   -6.015   -5.995   -3.979   -3.942   -3.889   -3.680   -3.318   -3.314   -3.254   -3.228
   -2.951   -2.836    0.340    0.556    1.917    2.223    2.989    3.033    7.240    7.302
    8.649
            0.174567  0.707107  0.174567
   -6.015   -5.995   -3.979   -3.942   -3.890   -3.680   -3.318   -3.315   -3.254   -3.228
   -2.951   -2.836    0.341    0.560    1.911    2.219    2.995    3.039    7.244    7.307
    8.676
            0.176777  0.707107  0.176777
   -6.016   -5.995   -3.979   -3.942   -3.891   -3.680   -3.318   -3.315   -3.253   -3.228
   -2.952   -2.836    0.342    0.563    1.904    2.214    3.002    3.045    7.248    7.312
    8.702
            0.185616  0.702687  0.172357
   -6.016   -5.996   -3.979   -3.942   -3.892   -3.679   -3.318   -3.316   -3.253   -3.228
   -2.953   -2.835    0.344    0.566    1.898    2.210    3.006    3.050    7.255    7.321
    8.728
            0.194454  0.698268  0.167938
   -6.017   -5.996   -3.979   -3.942   -3.893   -3.679   -3.319   -3.316   -3.252   -3.228
   -2.953   -2.835    0.345    0.569    1.894    2.208    3.007    3.053    7.267    7.337
    8.755
            0.203293  0.693849  0.163518
   -6.017   -5.996   -3.979   -3.942   -3.895   -3.678   -3.320   -3.317   -3.252   -3.228
   -2.954   -2.835    0.347    0.573    1.891    2.207    3.005    3.052    7.286    7.360
    8.781
            0.212132  0.689429  0.159099
   -6.018   -5.997   -3.979   -3.942   -3.896   -3.678   -3.320   -3.317   -3.252   -3.228
   -2.955   -2.835    0.349    0.577    1.890    2.208    2.998    3.050    7.309    7.390
    8.807
            0.220971  0.685010  0.154680
   -6.018   -5.997   -3.979   -3.942   -3.897   -3.677   -3.321   -3.317   -3.251   -3.229
   -2.955   -2.835    0.351    0.580    1.890    2.211    2.989    3.045    7.338    7.427
    8.832
            0.229810  0.680590  0.150260
   -6.019   -5.998   -3.979   -3.942   -3.898   -3.677   -3.322   -3.317   -3.251   -3.229
   -2.956   -2.835    0.353    0.584    1.892    2.214    2.977    3.038    7.373    7.470
    8.857
            0.238649  0.676171  0.145841
   -6.020   -5.998   -3.978   -3.943   -3.899   -3.676   -3.323   -3.317   -3.250   -3.229
   -2.956   -2.835    0.355    0.588    1.895    2.220    2.962    3.029    7.411    7.518
    8.881
            0.247487  0.671751  0.141421
   -6.020   -5.998   -3.978   -3.943   -3.900   -3.676   -3.324   -3.316   -3.250   -3.230
   -2.957   -2.835    0.357    0.591    1.899    2.226    2.946    3.018    7.454    7.572
    8.905
            0.256326  0.667332  0.137002
   -6.021   -5.999   -3.977   -3.944   -3.901   -3.675   -3.325   -3.316   -3.249   -3.230
   -2.957   -2.835    0.360    0.594    1.904    2.234    2.928    3.006    7.500    7.630
    8.927
            0.265165  0.662913  0.132583
   -6.021   -5.999   -3.976   -3.945   -3.902   -3.675   -3.326   -3.316   -3.249   -3.230
   -2.958   -2.835    0.362    0.597    1.910    2.243    2.908    2.993    7.549    7.692
    8.947
            0.274004  0.658493  0.128163
   -6.021   -5.999   -3.976   -3.946   -3.903   -3.674   -3.326   -3.316   -3.248   -3.231
   -2.958   -2.835    0.364    0.600    1.917    2.252    2.888    2.979    7.600    7.757
    8.967
            0.282843  0.654074  0.123744
   -6.022   -5.999   -3.975   -3.946   -3.904   -3.674   -3.327   -3.316   -3.248   -3.231
   -2.959   -2.835    0.366    0.603    1.924    2.263    2.868    2.965    7.652    7.824
    8.984
            0.291682  0.649654  0.119324
   -6.022   -6.000   -3.974   -3.947   -3.904   -3.673   -3.328   -3.316   -3.248   -3.231
   -2.959   -2.835    0.368    0.605    1.931    2.273    2.848    2.951    7.703    7.892
    8.999
            0.300520  0.645235  0.114905
   -6.022   -6.000   -3.974   -3.948   -3.905   -3.673   -3.328   -3.316   -3.247   -3.232
   -2.959   -2.835    0.369    0.607    1.938    2.284    2.829    2.938    7.753    7.959
    9.013
            0.309359  0.640816  0.110485
   -6.023   -6.000   -3.973   -3.949   -3.905   -3.673   -3.329   -3.316   -3.247   -3.232
   -2.959   -2.835    0.370    0.608    1.945    2.294    2.812    2.926    7.799    8.025
    9.024
            0.318198  0.636396  0.106066
   -6.023   -6.000   -3.972   -3.950   -3.906   -3.672   -3.329   -3.316   -3.247   -3.233
   -2.960   -2.835    0.372    0.610    1.951    2.303    2.796    2.915    7.841    8.086
    9.033
            0.327037  0.631977  0.101647
   -6.023   -6.000   -3.972   -3.950   -3.906   -3.672   -3.329   -3.316   -3.246   -3.233
   -2.960   -2.835    0.373    0.611    1.956    2.311    2.783    2.906    7.876    8.139
    9.040
            0.335876  0.627557  0.097227
   -6.023   -6.000   -3.971   -3.951   -3.906   -3.672   -3.330   -3.316   -3.246   -3.233
   -2.960   -2.835    0.373    0.611    1.959    2.317    2.773    2.900    7.902    8.181
    9.045
            0.344715  0.623138  0.092808
   -6.023   -6.000   -3.971   -3.951   -3.906   -3.672   -3.330   -3.315   -3.246   -3.233
   -2.960   -2.835    0.374    0.612    1.962    2.321    2.767    2.896    7.919    8.209
    9.048
            0.353553  0.618718  0.088388
   -6.023   -6.000   -3.971   -3.951   -3.906   -3.672   -3.330   -3.315   -3.246   -3.233
   -2.960   -2.835    0.374    0.612    1.963    2.322    2.765    2.894    7.924    8.218
    9.049
            0.362392  0.614299  0.083969
   -6.023   -6.000   -3.971   -3.951   -3.906   -3.672   -3.330   -3.315   -3.246   -3.233
   -2.960   -2.835    0.374    0.612    1.962    2.321    2.767    2.896    7.919    8.209
    9.048
            0.371231  0.609880  0.079550
   -6.023   -6.000   -3.971   -3.951   -3.906   -3.672   -3.330   -3.316   -3.246   -3.233
   -2.960   -2.835    0.373    0.611    1.959    2.317    2.773    2.900    7.902    8.181
    9.045
            0.380070  0.605460  0.075130
   -6.023   -6.000   -3.972   -3.950   -3.906   -3.672   -3.329   -3.316   -3.246   -3.233
   -2.960   -2.835    0.373    0.611    1.956    2.311    2.783    2.906    7.876    8.139
    9.040
            0.388909  0.601041  0.070711
   -6.023   -6.000   -3.972   -3.950   -3.906   -3.672   -3.329   -3.316   -3.247   -3.233
   -2.960   -2.835    0.372    0.610    1.951    2.303    2.796    2.915    7.841    8.086
    9.033
            0.397748  0.596621  0.066291
   -6.023   -6.000   -3.973   -3.949   -3.905   -3.673   -3.329   -3.316   -3.247   -3.232
   -2.959   -2.835    0.370    0.608    1.945    2.294    2.812    2.926    7.799    8.025
    9.024
            0.406586  0.592202  0.061872
   -6.022   -6.000   -3.974   -3.948   -3.905   -3.673   -3.328   -3.316   -3.247   -3.232
   -2.959   -2.835    0.369    0.607    1.938    2.284    2.829    2.938    7.753    7.959
    9.013
            0.415425  0.587783  0.057452
   -6.022   -6.000   -3.974   -3.947   -3.904   -3.673   -3.328   -3.316   -3.248   -3.231
   -2.959   -2.835    0.368    0.605    1.931    2.273    2.848    2.951    7.703    7.892
    8.999
            0.424264  0.583363  0.053033
   -6.022   -5.999   -3.975   -3.946   -3.904   -3.674   -3.327   -3.316   -3.248   -3.231
   -2.959   -2.835    0.366    0.603    1.924    2.263    2.868    2.965    7.652    7.824
    8.984
            0.433103  0.578944  0.048614
   -6.021   -5.999   -3.976   -3.946   -3.903   -3.674   -3.326   -3.316   -3.248   -3.231
   -2.958   -2.835    0.364    0.600    1.917    2.252    2.888    2.979    7.600    7.757
    8.967
            0.441942  0.574524  0.044194
   -6.021   -5.999   -3.976   -3.945   -3.902   -3.675   -3.326   -3.316   -3.249   -3.230
   -2.958   -2.835    0.362    0.597    1.910    2.243    2.908    2.993    7.549    7.692
    8.947
            0.450781  0.570105  0.039775
   -6.021   -5.999   -3.977   -3.944   -3.901   -3.675   -3.325   -3.316   -3.249   -3.230
   -2.957   -2.835    0.360    0.594    1.904    2.234    2.928    3.006    7.500    7.630
    8.927
            0.459619  0.565685  0.035355
   -6.020   -5.998   -3.978   -3.943   -3.900   -3.676   -3.324   -3.316   -3.250   -3.230
   -2.957   -2.835    0.357    0.591    1.899    2.226    2.946    3.018    7.454    7.572
    8.905
            0.468458  0.561266  0.030936
   -6.020   -5.998   -3.978   -3.943   -3.899   -3.676   -3.323   -3.317   -3.250   -3.229
   -2.956   -2.835    0.355    0.588    1.895    2.220    2.962    3.029    7.411    7.518
    8.881
            0.477297  0.556847  0.026517
   -6.019   -5.998   -3.979   -3.942   -3.898   -3.677   -3.322   -3.317   -3.251   -3.229
   -2.956   -2.835    0.353    0.584    1.892    2.214    2.977    3.038    7.373    7.470
    8.857
            0.486136  0.552427  0.022097
   -6.018   -5.997   -3.979   -3.942   -3.897   -3.677   -3.321   -3.317   -3.251   -3.229
   -2.955   -2.835    0.351    0.580    1.890    2.211    2.989    3.045    7.338    7.427
    8.832
            0.494975  0.548008  0.017678
   -6.018   -5.997   -3.979   -3.942   -3.896   -3.678   -3.320   -3.317   -3.252   -3.228
   -2.955   -2.835    0.349    0.577    1.890    2.208    2.998    3.050    7.309    7.390
    8.807
            0.503814  0.543588  0.013258
   -6.017   -5.996   -3.979   -3.942   -3.895   -3.678   -3.320   -3.317   -3.252   -3.228
   -2.954   -2.835    0.347    0.573    1.891    2.207    3.005    3.052    7.286    7.360
    8.781
            0.512652  0.539169  0.008839
   -6.017   -5.996   -3.979   -3.942   -3.893   -3.679   -3.319   -3.316   -3.252   -3.228
   -2.953   -2.835    0.345    0.569    1.894    2.208    3.007    3.053    7.267    7.337
    8.755
            0.521491  0.534750  0.004419
   -6.016   -5.996   -3.979   -3.942   -3.892   -3.679   -3.318   -3.316   -3.253   -3.228
   -2.953   -2.835    0.344    0.566    1.898    2.210    3.006    3.050    7.255    7.321
    8.728
            0.530330  0.530330  0.000000
   -6.016   -5.995   -3.979   -3.942   -3.891   -3.680   -3.318   -3.315   -3.253   -3.228
   -2.952   -2.836    0.342    0.563    1.904    2.214    3.002    3.045    7.248    7.312
    8.702
            0.528857  0.528857 -0.000000
   -6.016   -5.996   -3.979   -3.942   -3.892   -3.679   -3.318   -3.316   -3.253   -3.228
   -2.952   -2.835    0.343    0.565    1.900    2.211    3.006    3.049    7.251    7.315
    8.719
            0.527384  0.527384  0.000000
   -6.017   -5.996   -3.979   -3.942   -3.893   -3.679   -3.318   -3.316   -3.253   -3.228
   -2.953   -2.835    0.344    0.567    1.896    2.208    3.011    3.053    7.253    7.319
    8.737
            0.525911  0.525911  0.000000
   -6.017   -5.996   -3.980   -3.942   -3.893   -3.679   -3.318   -3.317   -3.252   -3.228
   -2.953   -2.835    0.345    0.569    1.892    2.205    3.015    3.058    7.256    7.322
    8.754
            0.524438  0.524438 -0.000000
   -6.017   -5.996   -3.980   -3.941   -3.894   -3.679   -3.319   -3.317   -3.252   -3.228
   -2.954   -2.835    0.345    0.571    1.888    2.203    3.020    3.062    7.259    7.325
    8.771
            0.522964  0.522964  0.000000
   -6.018   -5.997   -3.980   -3.941   -3.894   -3.679   -3.319   -3.318   -3.252   -3.228
   -2.954   -2.835    0.346    0.573    1.884    2.200    3.024    3.066    7.261    7.329
    8.787
            0.521491  0.521491  0.000000
   -6.018   -5.997   -3.980   -3.941   -3.895   -3.678   -3.319   -3.318   -3.252   -3.228
   -2.955   -2.835    0.347    0.575    1.881    2.198    3.029    3.070    7.264    7.332
    8.804
            0.520018  0.520018 -0.000000
   -6.018   -5.997   -3.980   -3.941   -3.896   -3.678   -3.319   -3.319   -3.251   -3.228
   -2.955   -2.835    0.348    0.577    1.877    2.195    3.033    3.075    7.266    7.335
    8.820
            0.518545  0.518545  0.000000
   -6.019   -5.997   -3.980   -3.941   -3.896   -3.678   -3.320   -3.319   -3.251   -3.228
   -2.956   -2.835    0.349    0.579    1.874    2.193    3.038    3.079    7.269    7.338
    8.836
            0.517072  0.517072  0.000000
   -6.019   -5.998   -3.980   -3.941   -3.897   -3.678   -3.320   -3.319   -3.251   -3.228
   -2.957   -2.835    0.350    0.581    1.871    2.191    3.043    3.083    7.271    7.342
    8.852
            0.515599  0.515599 -0.000000
   -6.019   -5.998   -3.980   -3.941   -3.897   -3.678   -3.321   -3.319   -3.250   -3.228
   -2.957   -2.836    0.351    0.583    1.868    2.189    3.047    3.088    7.274    7.345
    8.868
            0.514126  0.514126  0.000000
   -6.020   -5.998   -3.980   -3.941   -3.898   -3.678   -3.321   -3.319   -3.250   -3.228
   -2.958   -2.836    0.352    0.585    1.865    2.187    3.052    3.092    7.277    7.348
    8.883
            0.512652  0.512652  0.000000
   -6.020   -5.999   -3.980   -3.941   -3.898   -3.678   -3.322   -3.319   -3.250   -3.228
   -2.958   -2.836    0.353    0.588    1.862    2.185    3.057    3.097    7.279    7.352
    8.898
            0.511179  0.511179 -0.000000
   -6.020   -5.999   -3.980   -3.942   -3.899   -3.678   -3.322   -3.319   -3.250   -3.228
   -2.959   -2.836    0.354    0.590    1.859    2.183    3.061    3.101    7.282    7.355
    8.913
            0.509706  0.509706  0.000000
   -6.021   -5.999   -3.980   -3.942   -3.899   -3.678   -3.323   -3.320   -3.249   -3.228
   -2.960   -2.836    0.355    0.592    1.857    2.181    3.066    3.106    7.284    7.358
    8.928
            0.508233  0.508233  0.000000
   -6.021   -6.000   -3.980   -3.942   -3.900   -3.677   -3.323   -3.320   -3.249   -3.228
   -2.960   -2.836    0.356    0.594    1.854    2.180    3.071    3.110    7.287    7.361
    8.942
            0.506760  0.506760 -0.000000
   -6.022   -6.000   -3.980   -3.942   -3.900   -3.677   -3.324   -3.320   -3.249   -3.228
   -2.961   -2.837    0.357    0.596    1.852    2.178    3.076    3.115    7.289    7.365
    8.957
            0.505287  0.505287  0.000000
   -6.022   -6.000   -3.980   -3.942   -3.900   -3.677   -3.324   -3.320   -3.249   -3.229
   -2.962   -2.837    0.358    0.598    1.850    2.177    3.081    3.120    7.292    7.368
    8.971
            0.503814  0.503814  0.000000
   -6.022   -6.001   -3.980   -3.942   -3.901   -3.677   -3.325   -3.320   -3.248   -3.229
   -2.962   -2.837    0.359    0.600    1.848    2.176    3.086    3.124    7.294    7.371
    8.984
            0.502340  0.502340 -0.000000
   -6.023   -6.001   -3.980   -3.942   -3.901   -3.677   -3.325   -3.320   -3.248   -3.229
   -2.963   -2.838    0.361    0.602    1.846    2.175    3.091    3.129    7.296    7.374
    8.998
            0.500867  0.500867  0.000000
   -6.023   -6.002   -3.981   -3.942   -3.902   -3.677   -3.326   -3.320   -3.248   -3.229
   -2.964   -2.838    0.362    0.604    1.844    2.174    3.096    3.134    7.299    7.378
    9.011
            0.499394  0.499394  0.000000
   -6.024   -6.002   -3.981   -3.942   -3.902   -3.677   -3.326   -3.320   -3.248   -3.229
   -2.965   -2.838    0.363    0.606    1.843    2.173    3.101    3.138    7.301    7.381
    9.024
            0.497921  0.497921 -0.000000
   -6.024   -6.002   -3.981   -3.943   -3.902   -3.677   -3.326   -3.320   -3.247   -3.229
   -2.965   -2.839    0.364    0.608    1.841    2.172    3.106    3.143    7.304    7.384
    9.037
            0.496448  0.496448  0.000000
   -6.025   -6.003   -3.981   -3.943   -3.903   -3.677   -3.327   -3.320   -3.247   -3.229
   -2.966   -2.839    0.366    0.610    1.840    2.171    3.111    3.148    7.306    7.387
    9.049
            0.494975  0.494975  0.000000
   -6.025   -6.003   -3.981   -3.943   -3.903   -3.677   -3.327   -3.321   -3.247   -3.229
   -2.967   -2.840    0.367    0.612    1.838    2.171    3.116    3.153    7.308    7.390
    9.061
            0.493502  0.493502 -0.000000
   -6.025   -6.004   -3.981   -3.943   -3.903   -3.677   -3.328   -3.321   -3.247   -3.229
   -2.968   -2.840    0.369    0.614    1.837    2.170    3.121    3.158    7.311    7.394
    9.073
            0.492028  0.492028  0.000000
   -6.026   -6.004   -3.981   -3.944   -3.904   -3.678   -3.328   -3.321   -3.246   -3.229
   -2.969   -2.841    0.370    0.616    1.837    2.170    3.126    3.163    7.313    7.397
    9.084
            0.490555  0.490555  0.000000
   -6.026   -6.005   -3.981   -3.944   -3.904   -3.678   -3.329   -3.321   -3.246   -3.229
   -2.969   -2.841    0.372    0.618    1.836    2.169    3.131    3.167    7.315    7.400
    9.096
            0.489082  0.489082 -0.000000
   -6.027   -6.005   -3.981   -3.944   -3.904   -3.678   -3.329   -3.321   -3.246   -3.229
   -2.970   -2.842    0.373    0.620    1.835    2.169    3.136    3.172    7.317    7.403
    9.107
            0.487609  0.487609  0.000000
   -6.027   -6.005   -3.981   -3.944   -3.904   -3.678   -3.330   -3.321   -3.246   -3.229
   -2.971   -2.843    0.375    0.622    1.835    2.169    3.141    3.177    7.319    7.406
    9.117
            0.486136  0.486136  0.000000
   -6.028   -6.006   -3.981   -3.945   -3.904   -3.678   -3.330   -3.321   -3.246   -3.229
   -2.972   -2.843    0.376    0.624    1.834    2.169    3.147    3.182    7.322    7.409
    9.128
            0.484663  0.484663 -0.000000
   -6.028   -6.006   -3.981   -3.945   -3.905   -3.678   -3.331   -3.321   -3.245   -3.229
   -2.973   -2.844    0.378    0.627    1.834    2.169    3.152    3.187    7.324    7.412
    9.138
            0.483190  0.483190  0.000000
   -6.029   -6.007   -3.981   -3.945   -3.905   -3.678   -3.331   -3.321   -3.245   -3.229
   -2.974   -2.845    0.380    0.629    1.834    2.170    3.157    3.192    7.326    7.415
    9.148
            0.481716  0.481716  0.000000
   -6.029   -6.007   -3.981   -3.946   -3.905   -3.678   -3.332   -3.321   -3.245   -3.229
   -2.975   -2.845    0.382    0.631    1.834    2.170    3.162    3.197    7.328    7.418
    9.157
            0.480243  0.480243 -0.000000
   -6.030   -6.008   -3.981   -3.946   -3.905   -3.679   -3.332   -3.322   -3.245   -3.230
   -2.976   -2.846    0.383    0.633    1.834    2.171    3.168    3.203    7.330    7.421
    9.167
            0.478770  0.478770  0.000000
   -6.030   -6.008   -3.981   -3.946   -3.905   -3.679   -3.333   -3.322   -3.245   -3.230
   -2.977   -2.847    0.385    0.635    1.834    2.171    3.173    3.208    7.332    7.424
    9.176
            0.477297  0.477297  0.000000
   -6.031   -6.009   -3.981   -3.947   -3.906   -3.679   -3.333   -3.322   -3.245   -3.230
   -2.978   -2.848    0.387    0.637    1.835    2.172    3.178    3.213    7.334    7.427
    9.185
            0.475824  0.475824 -0.000000
   -6.032   -6.010   -3.981   -3.947   -3.906   -3.679   -3.333   -3.322   -3.244   -3.230
   -2.979   -2.848    0.389    0.639    1.835    2.173    3.184    3.218    7.336    7.430
    9.193
            0.474351  0.474351  0.000000
   -6.032   -6.010   -3.982   -3.947   -3.906   -3.679   -3.334   -3.322   -3.244   -3.230
   -2.980   -2.849    0.391    0.642    1.836    2.174    3.189    3.223    7.338    7.433
    9.201
            0.472878  0.472878  0.000000
   -6.033   -6.011   -3.982   -3.948   -3.906   -3.680   -3.334   -3.322   -3.244   -3.230
   -2.981   -2.850    0.393    0.644    1.837    2.175    3.194    3.228    7.339    7.436
    9.209
            0.471405  0.471405 -0.000000
   -6.033   -6.011   -3.982   -3.948   -3.906   -3.680   -3.335   -3.322   -3.244   -3.230
   -2.982   -2.851    0.395    0.646    1.838    2.176    3.200    3.234    7.341    7.438
    9.217
            0.469931  0.469931  0.000000
   -6.034   -6.012   -3.982   -3.949   -3.906   -3.680   -3.335   -3.322   -3.244   -3.230
   -2.983   -2.852    0.397    0.648    1.839    2.177    3.205    3.239    7.343    7.441
    9.224
            0.468458  0.468458  0.000000
   -6.034   -6.012   -3.982   -3.949   -3.906   -3.680   -3.336   -3.322   -3.244   -3.230
   -2.985   -2.853    0.400    0.651    1.840    2.178    3.211    3.244    7.345    7.444
    9.232
            0.466985  0.466985 -0.000000
   -6.035   -6.013   -3.982   -3.949   -3.906   -3.681   -3.336   -3.322   -3.243   -3.230
   -2.986   -2.854    0.402    0.653    1.842    2.180    3.216    3.249    7.346    7.447
    9.239
            0.465512  0.465512  0.000000
   -6.036   -6.014   -3.982   -3.950   -3.906   -3.681   -3.336   -3.323   -3.243   -3.230
   -2.987   -2.855    0.404    0.655    1.843    2.181    3.222    3.255    7.348    7.449
    9.245
            0.464039  0.464039  0.000000
   -6.036   -6.014   -3.982   -3.950   -3.906   -3.681   -3.337   -3.323   -3.243   -3.230
   -2.988   -2.856    0.407    0.658    1.845    2.183    3.227    3.260    7.350    7.452
    9.252
            0.462566  0.462566 -0.000000
   -6.037   -6.015   -3.982   -3.951   -3.906   -3.682   -3.337   -3.323   -3.243   -3.230
   -2.989   -2.857    0.409    0.660    1.847    2.185    3.233    3.265    7.351    7.454
    9.258
            0.461093  0.461093  0.000000
   -6.037   -6.016   -3.982   -3.951   -3.906   -3.682   -3.338   -3.323   -3.243   -3.231
   -2.991   -2.859    0.411    0.662    1.849    2.187    3.238    3.271    7.353    7.457
    9.264
            0.459619  0.459619  0.000000
   -6.038   -6.016   -3.982   -3.952   -3.907   -3.682   -3.338   -3.323   -3.243   -3.231
   -2.992   -2.860    0.414    0.665    1.851    2.189    3.244    3.276    7.354    7.459
    9.270
            0.458146  0.458146 -0.000000
   -6.039   -6.017   -3.982   -3.952   -3.907   -3.683   -3.339   -3.323   -3.243   -3.231
   -2.993   -2.861    0.417    0.667    1.853    2.191    3.249    3.281    7.355    7.462
    9.276
            0.456673  0.456673  0.000000
   -6.039   -6.018   -3.982   -3.953   -3.907   -3.683   -3.339   -3.323   -3.243   -3.231
   -2.994   -2.862    0.419    0.670    1.855    2.193    3.255    3.287    7.357    7.464
    9.281
            0.455200  0.455200  0.000000
   -6.040   -6.018   -3.982   -3.953   -3.907   -3.684   -3.339   -3.323   -3.243   -3.231
   -2.996   -2.863    0.422    0.672    1.858    2.195    3.261    3.292    7.358    7.467
    9.286
            0.453727  0.453727 -0.000000
   -6.041   -6.019   -3.982   -3.954   -3.907   -3.684   -3.340   -3.323   -3.242   -3.231
   -2.997   -2.865    0.425    0.675    1.860    2.198    3.266    3.298    7.359    7.469
    9.291
            0.452254  0.452254  0.000000
   -6.041   -6.020   -3.982   -3.954   -3.907   -3.684   -3.340   -3.323   -3.242   -3.231
   -2.998   -2.866    0.428    0.677    1.863    2.200    3.272    3.303    7.360    7.471
    9.296
            0.450781  0.450781  0.000000
   -6.042   -6.020   -3.983   -3.954   -3.907   -3.685   -3.341   -3.324   -3.242   -3.231
   -3.000   -2.867    0.431    0.680    1.866    2.203    3.278    3.309    7.361    7.473
    9.301
            0.449307  0.449307 -0.000000
   -6.043   -6.021   -3.983   -3.955   -3.907   -3.685   -3.341   -3.324   -3.242   -3.231
   -3.001   -2.869    0.434    0.683    1.869    2.206    3.283    3.314    7.363    7.476
    9.305
            0.447834  0.447834  0.000000
   -6.043   -6.022   -3.983   -3.955   -3.907   -3.686   -3.341   -3.324   -3.242   -3.231
   -3.003   -2.870    0.437    0.685    1.872    2.208    3.289    3.320    7.364    7.478
    9.310
            0.446361  0.446361  0.000000
   -6.044   -6.023   -3.983   -3.956   -3.907   -3.686   -3.342   -3.324   -3.242   -3.231
   -3.004   -2.872    0.440    0.688    1.875    2.211    3.295    3.325    7.364    7.480
    9.314
            0.444888  0.444888 -0.000000
   -6.045   -6.023   -3.983   -3.956   -3.907   -3.687   -3.342   -3.324   -3.242   -3.232
   -3.005   -2.873    0.443    0.691    1.879    2.214    3.300    3.331    7.365    7.482
    9.318
            0.443415  0.443415  0.000000
   -6.045   -6.024   -3.983   -3.957   -3.907   -3.687   -3.342   -3.324   -3.242   -3.232
   -3.007   -2.874    0.446    0.694    1.882    2.217    3.306    3.336    7.366    7.484
    9.322
            0.441942  0.441942  0.000000
   -6.046   -6.025   -3.983   -3.957   -3.907   -3.688   -3.343   -3.324   -3.242   -3.232
   -3.008   -2.876    0.449    0.697    1.886    2.221    3.312    3.342    7.367    7.486
    9.325
            0.440469  0.440469 -0.000000
   -6.047   -6.026   -3.983   -3.958   -3.907   -3.688   -3.343   -3.324   -3.242   -3.232
   -3.010   -2.878    0.453    0.699    1.889    2.224    3.317    3.347    7.368    7.488
    9.329
            0.438995  0.438995  0.000000
   -6.048   -6.026   -3.983   -3.958   -3.907   -3.689   -3.344   -3.324   -3.242   -3.232
   -3.011   -2.879    0.456    0.702    1.893    2.227    3.323    3.353    7.368    7.489
    9.332
            0.437522  0.437522  0.000000
   -6.048   -6.027   -3.983   -3.959   -3.907   -3.689   -3.344   -3.325   -3.242   -3.232
   -3.013   -2.881    0.460    0.705    1.897    2.231    3.329    3.359    7.369    7.491
    9.336
            0.436049  0.436049 -0.000000
   -6.049   -6.028   -3.983   -3.960   -3.907   -3.690   -3.344   -3.325   -3.242   -3.232
   -3.014   -2.882    0.463    0.708    1.901    2.235    3.335    3.364    7.369    7.493
    9.339
            0.434576  0.434576  0.000000
   -6.050   -6.029   -3.983   -3.960   -3.907   -3.691   -3.345   -3.325   -3.242   -3.232
   -3.016   -2.884    0.467    0.712    1.905    2.238    3.341    3.370    7.370    7.494
    9.342
            0.433103  0.433103  0.000000
   -6.051   -6.030   -3.983   -3.961   -3.907   -3.691   -3.345   -3.325   -3.242   -3.232
   -3.018   -2.886    0.471    0.715    1.909    2.242    3.346    3.376    7.370    7.496
    9.345
            0.431630  0.431630 -0.000000
   -6.052   -6.031   -3.983   -3.961   -3.907   -3.692   -3.345   -3.325   -3.242   -3.233
   -3.019   -2.887    0.474    0.718    1.914    2.246    3.352    3.381    7.370    7.497
    9.348
            0.430157  0.430157  0.000000
   -6.052   -6.031   -3.983   -3.962   -3.907   -3.692   -3.346   -3.325   -3.242   -3.233
   -3.021   -2.889    0.478    0.721    1.918    2.250    3.358    3.387    7.371    7.499
    9.351
            0.428683  0.428683  0.000000
   -6.053   -6.032   -3.984   -3.962   -3.907   -3.693   -3.346   -3.325   -3.242   -3.233
   -3.022   -2.891    0.482    0.725    1.923    2.254    3.364    3.393    7.371    7.500
    9.354
            0.427210  0.427210 -0.000000
   -6.054   -6.033   -3.984   -3.963   -3.907   -3.694   -3.347   -3.325   -3.242   -3.233
   -3.024   -2.893    0.486    0.728    1.927    2.258    3.370    3.398    7.371    7.501
    9.357
            0.425737  0.425737  0.000000
   -6.055   -6.034   -3.984   -3.963   -3.907   -3.694   -3.347   -3.325   -3.242   -3.233
   -3.026   -2.894    0.490    0.731    1.932    2.262    3.375    3.404    7.371    7.502
    9.359
            0.424264  0.424264  0.000000
   -6.056   -6.035   -3.984   -3.964   -3.907   -3.695   -3.347   -3.326   -3.242   -3.233
   -3.027   -2.896    0.494    0.735    1.937    2.267    3.381    3.410    7.371    7.504
    9.362
            0.422791  0.422791 -0.000000
   -6.056   -6.036   -3.984   -3.964   -3.907   -3.696   -3.348   -3.326   -3.242   -3.233
   -3.029   -2.898    0.499    0.738    1.942    2.271    3.387    3.416    7.371    7.505
    9.364
            0.421318  0.421318  0.000000
   -6.057   -6.037   -3.984   -3.965   -3.907   -3.697   -3.348   -3.326   -3.242   -3.233
   -3.031   -2.900    0.503    0.742    1.947    2.276    3.393    3.421    7.370    7.506
    9.367
            0.419845  0.419845  0.000000
   -6.058   -6.038   -3.984   -3.965   -3.907   -3.697   -3.348   -3.326   -3.242   -3.233
   -3.033   -2.902    0.507    0.746    1.953    2.280    3.399    3.427    7.370    7.506
    9.369
            0.418372  0.418372 -0.000000
   -6.059   -6.039   -3.984   -3.966   -3.907   -3.698   -3.349   -3.326   -3.242   -3.234
   -3.034   -2.904    0.512    0.749    1.958    2.285    3.405    3.433    7.370    7.507
    9.371
            0.416898  0.416898  0.000000
   -6.060   -6.040   -3.984   -3.966   -3.907   -3.699   -3.349   -3.326   -3.242   -3.234
   -3.036   -2.906    0.516    0.753    1.963    2.290    3.411    3.439    7.369    7.508
    9.374
            0.415425  0.415425  0.000000
   -6.061   -6.041   -3.984   -3.967   -3.907   -3.700   -3.349   -3.326   -3.242   -3.234
   -3.038   -2.908    0.521    0.757    1.969    2.295    3.417    3.445    7.369    7.509
    9.376
            0.413952  0.413952 -0.000000
   -6.062   -6.042   -3.984   -3.967   -3.907   -3.700   -3.350   -3.326   -3.242   -3.234
   -3.039   -2.910    0.526    0.761    1.974    2.300    3.423    3.450    7.368    7.509
    9.378
            0.412479  0.412479  0.000000
   -6.063   -6.043   -3.984   -3.968   -3.907   -3.701   -3.350   -3.327   -3.242   -3.234
   -3.041   -2.912    0.530    0.765    1.980    2.305    3.428    3.456    7.368    7.510
    9.380
            0.411006  0.411006  0.000000
   -6.064   -6.044   -3.984   -3.968   -3.907   -3.702   -3.350   -3.327   -3.242   -3.234
   -3.043   -2.914    0.535    0.769    1.986    2.310    3.434    3.462    7.367    7.510
    9.383
            0.409533  0.409533 -0.000000
   -6.065   -6.045   -3.985   -3.969   -3.907   -3.703   -3.351   -3.327   -3.242   -3.234
   -3.045   -2.916    0.540    0.773    1.992    2.315    3.440    3.468    7.366    7.510
    9.385
            0.408060  0.408060  0.000000
   -6.065   -6.046   -3.985   -3.969   -3.907   -3.704   -3.351   -3.327   -3.242   -3.235
   -3.047   -2.918    0.545    0.777    1.998    2.321    3.446    3.474    7.365    7.511
    9.387
            0.406586  0.406586  0.000000
   -6.066   -6.047   -3.985   -3.970   -3.907   -3.705   -3.351   -3.327   -3.242   -3.235
   -3.049   -2.920    0.550    0.782    2.004    2.326    3.452    3.479    7.364    7.511
    9.389
            0.405113  0.405113 -0.000000
   -6.067   -6.048   -3.985   -3.970   -3.907   -3.705   -3.352   -3.327   -3.242   -3.235
   -3.050   -2.922    0.556    0.786    2.010    2.332    3.458    3.485    7.363    7.511
    9.391
            0.403640  0.403640  0.000000
   -6.068   -6.049   -3.985   -3.971   -3.907   -3.706   -3.352   -3.327   -3.242   -3.235
   -3.052   -2.925    0.561    0.791    2.016    2.337    3.464    3.491    7.362    7.511
    9.394
            0.402167  0.402167  0.000000
   -6.069   -6.050   -3.985   -3.971   -3.908   -3.707   -3.352   -3.327   -3.243   -3.235
   -3.054   -2.927    0.566    0.795    2.023    2.343    3.470    3.497    7.361    7.511
    9.396
            0.400694  0.400694 -0.000000
   -6.070   -6.051   -3.985   -3.972   -3.908   -3.708   -3.353   -3.328   -3.243   -3.235
   -3.056   -2.929    0.572    0.800    2.029    2.349    3.476    3.503    7.359    7.511
    9.398
            0.399221  0.399221  0.000000
   -6.071   -6.052   -3.985   -3.972   -3.908   -3.709   -3.353   -3.328   -3.243   -3.235
   -3.058   -2.931    0.577    0.804    2.036    2.355    3.482    3.509    7.358    7.510
    9.400
            0.397748  0.397748  0.000000
   -6.072   -6.053   -3.985   -3.973   -3.908   -3.710   -3.353   -3.328   -3.243   -3.235
   -3.060   -2.933    0.583    0.809    2.042    2.360    3.488    3.515    7.356    7.510
    9.402
            0.396274  0.396274 -0.000000
   -6.073   -6.054   -3.985   -3.973   -3.908   -3.711   -3.354   -3.328   -3.243   -3.236
   -3.062   -2.936    0.588    0.814    2.049    2.366    3.494    3.520    7.355    7.510
    9.404
            0.394801  0.394801  0.000000
   -6.074   -6.056   -3.985   -3.974   -3.908   -3.712   -3.354   -3.328   -3.243   -3.236
   -3.063   -2.938    0.594    0.819    2.056    2.372    3.500    3.526    7.353    7.509
    9.407
            0.393328  0.393328  0.000000
   -6.075   -6.057   -3.985   -3.974   -3.908   -3.713   -3.354   -3.328   -3.243   -3.236
   -3.065   -2.940    0.600    0.824    2.063    2.379    3.506    3.532    7.351    7.508
    9.409
            0.391855  0.391855 -0.000000
   -6.077   -6.058   -3.985   -3.975   -3.908   -3.714   -3.355   -3.328   -3.243   -3.236
   -3.067   -2.943    0.606    0.829    2.070    2.385    3.512    3.538    7.350    7.508
    9.411
            0.390382  0.390382  0.000000
   -6.078   -6.059   -3.986   -3.975   -3.908   -3.715   -3.355   -3.328   -3.243   -3.236
   -3.069   -2.945    0.612    0.834    2.077    2.391    3.518    3.544    7.348    7.507
    9.413
            0.388909  0.388909  0.000000
   -6.079   -6.060   -3.986   -3.976   -3.908   -3.716   -3.355   -3.329   -3.243   -3.236
   -3.071   -2.947    0.618    0.839    2.084    2.398    3.524    3.550    7.346    7.506
    9.416
            0.387436  0.387436 -0.000000
   -6.080   -6.061   -3.986   -3.976   -3.908   -3.717   -3.355   -3.329   -3.244   -3.236
   -3.073   -2.950    0.624    0.844    2.091    2.404    3.530    3.556    7.344    7.505
    9.418
            0.385962  0.385962  0.000000
   -6.081   -6.063   -3.986   -3.977   -3.909   -3.718   -3.356   -3.329   -3.244   -3.237
   -3.075   -2.952    0.631    0.849    2.098    2.410    3.536    3.562    7.342    7.504
    9.420
            0.384489  0.384489  0.000000
   -6.082   -6.064   -3.986   -3.977   -3.909   -3.719   -3.356   -3.329   -3.244   -3.237
   -3.077   -2.955    0.637    0.855    2.106    2.417    3.542    3.568    7.339    7.502
    9.423
            0.383016  0.383016 -0.000000
   -6.083   -6.065   -3.986   -3.978   -3.909   -3.720   -3.356   -3.329   -3.244   -3.237
   -3.079   -2.957    0.643    0.860    2.113    2.424    3.548    3.573    7.337    7.501
    9.425
            0.381543  0.381543  0.000000
   -6.084   -6.066   -3.986   -3.978   -3.909   -3.721   -3.357   -3.329   -3.244   -3.237
   -3.081   -2.959    0.650    0.866    2.121    2.430    3.554    3.579    7.335    7.500
    9.427
            0.380070  0.380070  0.000000
   -6.085   -6.067   -3.986   -3.979   -3.909   -3.723   -3.357   -3.329   -3.244   -3.237
   -3.083   -2.962    0.657    0.872    2.128    2.437    3.560    3.585    7.332    7.498
    9.430
            0.378597  0.378597 -0.000000
   -6.086   -6.069   -3.986   -3.979   -3.909   -3.724   -3.357   -3.330   -3.244   -3.237
   -3.085   -2.964    0.663    0.877    2.136    2.444    3.566    3.591    7.330    7.497
    9.432
            0.377124  0.377124  0.000000
   -6.088   -6.070   -3.986   -3.980   -3.909   -3.725   -3.358   -3.330   -3.245   -3.238
   -3.087   -2.967    0.670    0.883    2.144    2.451    3.571    3.597    7.327    7.495
    9.435
            0.375650  0.375650  0.000000
   -6.089   -6.071   -3.986   -3.980   -3.909   -3.726   -3.358   -3.330   -3.245   -3.238
   -3.089   -2.969    0.677    0.889    2.151    2.458    3.577    3.603    7.324    7.493
    9.437
            0.374177  0.374177 -0.000000
   -6.090   -6.073   -3.987   -3.981   -3.910   -3.727   -3.358   -3.330   -3.245   -3.238
   -3.091   -2.972    0.684    0.895    2.159    2.465    3.583    3.609    7.321    7.491
    9.440
            0.372704  0.372704  0.000000
   -6.091   -6.074   -3.987   -3.981   -3.910   -3.728   -3.358   -3.330   -3.245   -3.238
   -3.093   -2.974    0.691    0.901    2.167    2.472    3.589    3.615    7.318    7.489
    9.443
            0.371231  0.371231  0.000000
   -6.092   -6.075   -3.987   -3.982   -3.910   -3.730   -3.359   -3.330   -3.245   -3.238
   -3.095   -2.977    0.698    0.907    2.175    2.480    3.595    3.621    7.316    7.487
    9.445
            0.369758  0.369758 -0.000000
   -6.094   -6.076   -3.987   -3.982   -3.910   -3.731   -3.359   -3.331   -3.245   -3.238
   -3.097   -2.979    0.705    0.914    2.183    2.487    3.601    3.627    7.312    7.485
    9.448
            0.368285  0.368285  0.000000
   -6.095   -6.078   -3.987   -3.983   -3.910   -3.732   -3.359   -3.331   -3.246   -3.239
   -3.099   -2.982    0.713    0.920    2.191    2.494    3.607    3.633    7.309    7.483
    9.451
            0.366812  0.366812  0.000000
   -6.096   -6.079   -3.987   -3.983   -3.911   -3.733   -3.360   -3.331   -3.246   -3.239
   -3.101   -2.984    0.720    0.926    2.200    2.502    3.613    3.638    7.306    7.480
    9.453
            0.365339  0.365339 -0.000000
   -6.097   -6.081   -3.987   -3.983   -3.911   -3.734   -3.360   -3.331   -3.246   -3.239
   -3.103   -2.987    0.727    0.933    2.208    2.509    3.619    3.644    7.303    7.478
    9.456
            0.363865  0.363865  0.000000
   -6.098   -6.082   -3.987   -3.984   -3.911   -3.736   -3.360   -3.331   -3.246   -3.239
   -3.105   -2.990    0.735    0.939    2.216    2.517    3.625    3.650    7.299    7.475
    9.459
            0.362392  0.362392  0.000000
   -6.100   -6.083   -3.987   -3.984   -3.911   -3.737   -3.361   -3.331   -3.246   -3.239
   -3.107   -2.992    0.743    0.946    2.225    2.524    3.631    3.656    7.296    7.473
    9.462
            0.360919  0.360919 -0.000000
   -6.101   -6.085   -3.987   -3.985   -3.911   -3.738   -3.361   -3.332   -3.247   -3.239
   -3.109   -2.995    0.750    0.953    2.233    2.532    3.637    3.662    7.293    7.470
    9.465
            0.359446  0.359446  0.000000
   -6.102   -6.086   -3.987   -3.985   -3.912   -3.740   -3.361   -3.332   -3.247   -3.240
   -3.111   -2.997    0.758    0.960    2.242    2.540    3.643    3.668    7.289    7.467
    9.468
            0.357973  0.357973  0.000000
   -6.104   -6.087   -3.988   -3.986   -3.912   -3.741   -3.361   -3.332   -3.247   -3.240
   -3.112   -3.000    0.766    0.967    2.250    2.548    3.649    3.674    7.285    7.464
    9.470
            0.356500  0.356500 -0.000000
   -6.105   -6.089   -3.988   -3.986   -3.912   -3.742   -3.362   -3.332   -3.247   -3.240
   -3.114   -3.003    0.774    0.974    2.259    2.555    3.655    3.680    7.281    7.461
    9.473
            0.355027  0.355027  0.000000
   -6.106   -6.090   -3.988   -3.987   -3.912   -3.744   -3.362   -3.332   -3.247   -3.240
   -3.116   -3.005    0.782    0.981    2.268    2.563    3.661    3.686    7.278    7.458
    9.476
            0.353553  0.353553  0.000000
   -6.107   -6.092   -3.988   -3.987   -3.912   -3.745   -3.362   -3.332   -3.248   -3.240
   -3.118   -3.008    0.790    0.988    2.276    2.571    3.667    3.691    7.274    7.455
    9.479
            0.352080  0.352080 -0.000000
   -6.109   -6.093   -3.988   -3.988   -3.913   -3.746   -3.363   -3.333   -3.248   -3.240
   -3.120   -3.010    0.799    0.995    2.285    2.579    3.672    3.697    7.270    7.451
    9.482
            0.350607  0.350607  0.000000
   -6.110   -6.095   -3.988   -3.988   -3.913   -3.748   -3.363   -3.333   -3.248   -3.241
   -3.122   -3.013    0.807    1.003    2.294    2.587    3.678    3.703    7.266    7.448
    9.485
            0.349134  0.349134  0.000000
   -6.111   -6.096   -3.988   -3.988   -3.913   -3.749   -3.363   -3.333   -3.248   -3.241
   -3.124   -3.016    0.816    1.010    2.303    2.596    3.684    3.709    7.262    7.444
    9.488
            0.347661  0.347661 -0.000000
   -6.113   -6.098   -3.989   -3.988   -3.913   -3.750   -3.363   -3.333   -3.249   -3.241
   -3.126   -3.018    0.824    1.018    2.312    2.604    3.690    3.715    7.257    7.441
    9.491
            0.346188  0.346188  0.000000
   -6.114   -6.099   -3.989   -3.988   -3.914   -3.752   -3.364   -3.333   -3.249   -3.241
   -3.128   -3.021    0.833    1.025    2.321    2.612    3.696    3.721    7.253    7.437
    9.494
            0.344715  0.344715  0.000000
   -6.116   -6.101   -3.990   -3.989   -3.914   -3.753   -3.364   -3.334   -3.249   -3.241
   -3.130   -3.024    0.841    1.033    2.330    2.620    3.702    3.726    7.249    7.433
    9.497
            0.343241  0.343241 -0.000000
   -6.117   -6.102   -3.990   -3.989   -3.914   -3.755   -3.364   -3.334   -3.249   -3.242
   -3.132   -3.026    0.850    1.041    2.339    2.629    3.708    3.732    7.244    7.429
    9.500
            0.341768  0.341768  0.000000
   -6.118   -6.104   -3.991   -3.989   -3.915   -3.756   -3.365   -3.334   -3.249   -3.242
   -3.134   -3.029    0.859    1.049    2.348    2.637    3.714    3.738    7.240    7.425
    9.503
            0.340295  0.340295  0.000000
   -6.120   -6.105   -3.991   -3.989   -3.915   -3.758   -3.365   -3.334   -3.250   -3.242
   -3.136   -3.032    0.868    1.057    2.358    2.646    3.719    3.744    7.235    7.421
    9.506
            0.338822  0.338822 -0.000000
   -6.121   -6.107   -3.991   -3.989   -3.915   -3.759   -3.365   -3.334   -3.250   -3.242
   -3.138   -3.034    0.877    1.065    2.367    2.654    3.725    3.750    7.231    7.417
    9.508
            0.337349  0.337349  0.000000
   -6.123   -6.108   -3.992   -3.989   -3.916   -3.761   -3.365   -3.335   -3.250   -3.242
   -3.140   -3.037    0.886    1.073    2.376    2.663    3.731    3.756    7.226    7.413
    9.511
            0.335876  0.335876  0.000000
   -6.124   -6.110   -3.992   -3.989   -3.916   -3.762   -3.366   -3.335   -3.250   -3.243
   -3.142   -3.040    0.895    1.081    2.386    2.671    3.737    3.761    7.221    7.408
    9.514
            0.334403  0.334403 -0.000000
   -6.125   -6.111   -3.993   -3.989   -3.916   -3.764   -3.366   -3.335   -3.251   -3.243
   -3.144   -3.042    0.905    1.089    2.395    2.680    3.743    3.767    7.216    7.404
    9.516
            0.332929  0.332929  0.000000
   -6.127   -6.113   -3.993   -3.989   -3.916   -3.765   -3.366   -3.335   -3.251   -3.243
   -3.145   -3.045    0.914    1.098    2.405    2.689    3.748    3.773    7.212    7.399
    9.519
            0.331456  0.331456  0.000000
   -6.128   -6.115   -3.993   -3.989   -3.917   -3.767   -3.367   -3.336   -3.251   -3.243
   -3.147   -3.047    0.923    1.106    2.414    2.697    3.754    3.779    7.207    7.395
    9.521
            0.329983  0.329983 -0.000000
   -6.130   -6.116   -3.994   -3.990   -3.917   -3.768   -3.367   -3.336   -3.251   -3.243
   -3.149   -3.050    0.933    1.115    2.424    2.706    3.760    3.784    7.202    7.390
    9.524
            0.328510  0.328510  0.000000
   -6.131   -6.118   -3.994   -3.990   -3.917   -3.770   -3.367   -3.336   -3.252   -3.244
   -3.151   -3.053    0.943    1.124    2.433    2.715    3.766    3.790    7.197    7.385
    9.526
            0.327037  0.327037  0.000000
   -6.133   -6.119   -3.995   -3.990   -3.918   -3.771   -3.368   -3.336   -3.252   -3.244
   -3.153   -3.055    0.952    1.132    2.443    2.724    3.772    3.796    7.191    7.380
    9.548
            0.325564  0.325564 -0.000000
   -6.134   -6.121   -3.995   -3.990   -3.918   -3.773   -3.368   -3.337   -3.252   -3.244
   -3.155   -3.058    0.962    1.141    2.453    2.733    3.777    3.802    7.186    7.375
    9.529
            0.324091  0.324091  0.000000
   -6.136   -6.123   -3.995   -3.990   -3.919   -3.774   -3.368   -3.337   -3.252   -3.244
   -3.157   -3.061    0.972    1.150    2.463    2.742    3.783    3.807    7.181    7.370
    9.543
            0.322617  0.322617  0.000000
   -6.137   -6.124   -3.996   -3.990   -3.919   -3.776   -3.368   -3.337   -3.253   -3.244
   -3.158   -3.063    0.982    1.159    2.472    2.751    3.789    3.813    7.176    7.365
    9.538
            0.321144  0.321144 -0.000000
   -6.139   -6.126   -3.996   -3.990   -3.919   -3.778   -3.369   -3.337   -3.253   -3.245
   -3.160   -3.066    0.992    1.168    2.482    2.760    3.794    3.819    7.170    7.360
    9.526
            0.319671  0.319671  0.000000
   -6.140   -6.128   -3.997   -3.990   -3.920   -3.779   -3.369   -3.338   -3.253   -3.245
   -3.162   -3.068    1.002    1.177    2.492    2.769    3.800    3.824    7.165    7.354
    9.515
            0.318198  0.318198  0.000000
   -6.142   -6.129   -3.997   -3.991   -3.920   -3.781   -3.369   -3.338   -3.254   -3.245
   -3.164   -3.071    1.012    1.187    2.502    2.778    3.806    3.830    7.159    7.349
    9.503
            0.316725  0.316725 -0.000000
   -6.143   -6.131   -3.997   -3.991   -3.920   -3.782   -3.370   -3.338   -3.254   -3.245
   -3.165   -3.074    1.023    1.196    2.512    2.787    3.812    3.836    7.154    7.344
    9.491
            0.315252  0.315252  0.000000
   -6.145   -6.133   -3.998   -3.991   -3.921   -3.784   -3.370   -3.338   -3.254   -3.245
   -3.167   -3.076    1.033    1.206    2.522    2.797    3.817    3.842    7.148    7.338
    9.480
            0.313779  0.313779  0.000000
   -6.147   -6.134   -3.998   -3.991   -3.921   -3.786   -3.370   -3.339   -3.254   -3.246
   -3.169   -3.079    1.044    1.215    2.532    2.806    3.823    3.847    7.142    7.332
    9.468
            0.312305  0.312305 -0.000000
   -6.148   -6.136   -3.999   -3.991   -3.922   -3.787   -3.371   -3.339   -3.255   -3.246
   -3.171   -3.081    1.054    1.225    2.542    2.815    3.828    3.853    7.137    7.327
    9.457
            0.310832  0.310832  0.000000
   -6.150   -6.138   -3.999   -3.991   -3.922   -3.789   -3.371   -3.339   -3.255   -3.246
   -3.172   -3.084    1.065    1.234    2.552    2.824    3.834    3.858    7.131    7.321
    9.445
            0.309359  0.309359  0.000000
   -6.151   -6.139   -3.999   -3.991   -3.922   -3.791   -3.371   -3.340   -3.255   -3.246
   -3.174   -3.086    1.075    1.244    2.562    2.834    3.840    3.864    7.125    7.315
    9.434
            0.307886  0.307886 -0.000000
   -6.153   -6.141   -4.000   -3.991   -3.923   -3.792   -3.372   -3.340   -3.255   -3.246
   -3.176   -3.089    1.086    1.254    2.572    2.843    3.845    3.870    7.119    7.309
    9.423
            0.306413  0.306413  0.000000
   -6.154   -6.143   -4.000   -3.991   -3.923   -3.794   -3.372   -3.340   -3.256   -3.247
   -3.178   -3.092    1.097    1.264    2.582    2.853    3.851    3.875    7.113    7.303
    9.412
            0.304940  0.304940  0.000000
   -6.156   -6.145   -4.000   -3.992   -3.924   -3.796   -3.372   -3.340   -3.256   -3.247
   -3.179   -3.094    1.108    1.274    2.593    2.862    3.856    3.881    7.107    7.297
    9.401
            0.303467  0.303467 -0.000000
   -6.158   -6.146   -4.001   -3.992   -3.924   -3.797   -3.373   -3.341   -3.256   -3.247
   -3.181   -3.097    1.119    1.284    2.603    2.872    3.862    3.886    7.101    7.291
    9.390
            0.301994  0.301994  0.000000
   -6.159   -6.148   -4.001   -3.992   -3.925   -3.799   -3.373   -3.341   -3.257   -3.247
   -3.183   -3.099    1.130    1.294    2.613    2.881    3.868    3.892    7.095    7.285
    9.379
            0.300520  0.300520  0.000000
   -6.161   -6.150   -4.002   -3.992   -3.925   -3.801   -3.373   -3.341   -3.257   -3.248
   -3.184   -3.102    1.141    1.305    2.624    2.891    3.873    3.897    7.089    7.278
    9.368
            0.299047  0.299047 -0.000000
   -6.163   -6.152   -4.002   -3.992   -3.926   -3.802   -3.374   -3.342   -3.257   -3.248
   -3.186   -3.104    1.153    1.315    2.634    2.900    3.879    3.903    7.083    7.272
    9.357
            0.297574  0.297574  0.000000
   -6.164   -6.153   -4.002   -3.992   -3.926   -3.804   -3.374   -3.342   -3.257   -3.248
   -3.187   -3.106    1.164    1.325    2.644    2.910    3.884    3.908    7.077    7.265
    9.347
            0.296101  0.296101  0.000000
   -6.166   -6.155   -4.003   -3.992   -3.927   -3.806   -3.374   -3.342   -3.258   -3.248
   -3.189   -3.109    1.175    1.336    2.655    2.920    3.890    3.914    7.070    7.259
    9.336
            0.294628  0.294628 -0.000000
   -6.168   -6.157   -4.003   -3.993   -3.927   -3.808   -3.375   -3.343   -3.258   -3.248
   -3.191   -3.111    1.187    1.346    2.665    2.929    3.895    3.919    7.064    7.252
    9.326
            0.293155  0.293155  0.000000
   -6.169   -6.159   -4.003   -3.993   -3.928   -3.809   -3.375   -3.343   -3.258   -3.249
   -3.192   -3.114    1.199    1.357    2.675    2.939    3.900    3.925    7.058    7.246
    9.315
            0.291682  0.291682  0.000000
   -6.171   -6.161   -4.004   -3.993   -3.928   -3.811   -3.375   -3.344   -3.259   -3.249
   -3.194   -3.116    1.210    1.368    2.686    2.949    3.906    3.930    7.051    7.239
    9.305
            0.290208  0.290208 -0.000000
   -6.173   -6.162   -4.004   -3.993   -3.928   -3.813   -3.376   -3.344   -3.259   -3.249
   -3.195   -3.118    1.222    1.379    2.696    2.958    3.911    3.936    7.045    7.232
    9.295
            0.288735  0.288735  0.000000
   -6.174   -6.164   -4.004   -3.993   -3.929   -3.815   -3.376   -3.344   -3.259   -3.249
   -3.197   -3.121    1.234    1.390    2.707    2.968    3.917    3.941    7.038    7.225
    9.285
            0.287262  0.287262  0.000000
   -6.176   -6.166   -4.005   -3.993   -3.929   -3.816   -3.376   -3.345   -3.260   -3.250
   -3.198   -3.123    1.246    1.401    2.717    2.978    3.922    3.947    7.032    7.218
    9.275
            0.285789  0.285789 -0.000000
   -6.178   -6.168   -4.005   -3.993   -3.930   -3.818   -3.377   -3.345   -3.260   -3.250
   -3.200   -3.126    1.258    1.412    2.728    2.988    3.927    3.952    7.025    7.211
    9.265
            0.284316  0.284316  0.000000
   -6.179   -6.170   -4.005   -3.993   -3.931   -3.820   -3.377   -3.345   -3.260   -3.250
   -3.201   -3.128    1.270    1.423    2.739    2.998    3.933    3.957    7.018    7.204
    9.255
            0.282843  0.282843  0.000000
   -6.181   -6.171   -4.006   -3.994   -3.931   -3.822   -3.377   -3.346   -3.260   -3.250
   -3.203   -3.130    1.282    1.434    2.749    3.007    3.938    3.963    7.012    7.197
    9.245
            0.281370  0.281370 -0.000000
   -6.183   -6.173   -4.006   -3.994   -3.932   -3.823   -3.378   -3.346   -3.261   -3.251
   -3.204   -3.132    1.294    1.445    2.760    3.017    3.944    3.968    7.005    7.190
    9.236
            0.279896  0.279896  0.000000
   -6.185   -6.175   -4.006   -3.994   -3.932   -3.825   -3.378   -3.347   -3.261   -3.251
   -3.205   -3.135    1.306    1.457    2.770    3.027    3.949    3.973    6.998    7.183
    9.226
            0.278423  0.278423  0.000000
   -6.186   -6.177   -4.007   -3.994   -3.933   -3.827   -3.378   -3.347   -3.261   -3.251
   -3.207   -3.137    1.319    1.468    2.781    3.037    3.954    3.979    6.991    7.176
    9.217
            0.276950  0.276950 -0.000000
   -6.188   -6.179   -4.007   -3.994   -3.933   -3.829   -3.379   -3.348   -3.262   -3.251
   -3.208   -3.139    1.331    1.480    2.792    3.047    3.959    3.984    6.985    7.168
    9.207
            0.275477  0.275477  0.000000
   -6.190   -6.181   -4.007   -3.994   -3.934   -3.830   -3.379   -3.348   -3.262   -3.251
   -3.210   -3.141    1.343    1.492    2.802    3.057    3.965    3.989    6.978    7.161
    9.198
            0.274004  0.274004  0.000000
   -6.191   -6.183   -4.008   -3.994   -3.934   -3.832   -3.380   -3.348   -3.262   -3.252
   -3.211   -3.144    1.356    1.503    2.813    3.067    3.970    3.995    6.971    7.153
    9.189
            0.272531  0.272531 -0.000000
   -6.193   -6.184   -4.008   -3.995   -3.935   -3.834   -3.380   -3.349   -3.263   -3.252
   -3.212   -3.146    1.369    1.515    2.824    3.077    3.975    4.000    6.964    7.146
    9.180
            0.271058  0.271058  0.000000
   -6.195   -6.186   -4.008   -3.995   -3.935   -3.836   -3.380   -3.349   -3.263   -3.252
   -3.214   -3.148    1.381    1.527    2.835    3.087    3.980    4.005    6.957    7.138
    9.171
            0.269584  0.269584  0.000000
   -6.197   -6.188   -4.008   -3.995   -3.936   -3.837   -3.381   -3.350   -3.263   -3.252
   -3.215   -3.150    1.394    1.539    2.845    3.097    3.986    4.010    6.950    7.130
    9.162
            0.268111  0.268111 -0.000000
   -6.199   -6.190   -4.009   -3.995   -3.936   -3.839   -3.381   -3.350   -3.263   -3.253
   -3.216   -3.152    1.407    1.551    2.856    3.107    3.991    4.016    6.942    7.123
    9.153
            0.266638  0.266638  0.000000
   -6.200   -6.192   -4.009   -3.995   -3.937   -3.841   -3.382   -3.351   -3.264   -3.253
   -3.217   -3.154    1.420    1.563    2.867    3.117    3.996    4.021    6.935    7.115
    9.144
            0.265165  0.265165  0.000000
   -6.202   -6.194   -4.009   -3.995   -3.938   -3.843   -3.382   -3.351   -3.264   -3.253
   -3.219   -3.156    1.433    1.575    2.878    3.127    4.001    4.026    6.928    7.107
    9.135
            0.263692  0.263692 -0.000000
   -6.204   -6.196   -4.010   -3.995   -3.938   -3.845   -3.382   -3.352   -3.264   -3.253
   -3.220   -3.158    1.446    1.587    2.888    3.137    4.006    4.031    6.921    7.099
    9.127
            0.262219  0.262219  0.000000
   -6.206   -6.198   -4.010   -3.996   -3.939   -3.846   -3.383   -3.352   -3.265   -3.254
   -3.221   -3.160    1.459    1.599    2.899    3.147    4.011    4.036    6.914    7.091
    9.118
            0.260746  0.260746  0.000000
   -6.207   -6.200   -4.010   -3.996   -3.939   -3.848   -3.383   -3.353   -3.265   -3.254
   -3.222   -3.162    1.472    1.612    2.910    3.157    4.017    4.041    6.906    7.083
    9.110
            0.259272  0.259272 -0.000000
   -6.209   -6.202   -4.011   -3.996   -3.940   -3.850   -3.384   -3.353   -3.265   -3.254
   -3.224   -3.164    1.485    1.624    2.921    3.167    4.022    4.046    6.899    7.075
    9.102
            0.257799  0.257799  0.000000
   -6.211   -6.203   -4.011   -3.996   -3.941   -3.852   -3.384   -3.354   -3.266   -3.254
   -3.225   -3.166    1.499    1.637    2.932    3.177    4.027    4.052    6.892    7.067
    9.094
            0.256326  0.256326  0.000000
   -6.213   -6.205   -4.011   -3.996   -3.941   -3.853   -3.384   -3.354   -3.266   -3.255
   -3.226   -3.168    1.512    1.649    2.942    3.187    4.032    4.057    6.884    7.059
    9.086
            0.254853  0.254853 -0.000000
   -6.215   -6.207   -4.011   -3.996   -3.942   -3.855   -3.385   -3.355   -3.266   -3.255
   -3.227   -3.170    1.526    1.662    2.953    3.197    4.037    4.062    6.877    7.051
    9.078
            0.253380  0.253380  0.000000
   -6.216   -6.209   -4.012   -3.996   -3.942   -3.857   -3.385   -3.356   -3.266   -3.255
   -3.228   -3.172    1.539    1.675    2.964    3.207    4.042    4.067    6.869    7.042
    9.070
            0.251907  0.251907  0.000000
   -6.218   -6.211   -4.012   -3.997   -3.943   -3.859   -3.386   -3.356   -3.267   -3.255
   -3.229   -3.174    1.553    1.688    2.975    3.217    4.047    4.072    6.862    7.034
    9.062
            0.250434  0.250434 -0.000000
   -6.220   -6.213   -4.012   -3.997   -3.944   -3.860   -3.386   -3.357   -3.267   -3.256
   -3.230   -3.176    1.566    1.700    2.986    3.227    4.052    4.077    6.854    7.026
    9.054
            0.248961  0.248961  0.000000
   -6.222   -6.215   -4.013   -3.997   -3.944   -3.862   -3.387   -3.357   -3.267   -3.256
   -3.231   -3.177    1.580    1.713    2.996    3.237    4.057    4.082    6.846    7.017
    9.047
            0.247487  0.247487  0.000000
   -6.224   -6.217   -4.013   -3.997   -3.945   -3.864   -3.387   -3.358   -3.268   -3.256
   -3.232   -3.179    1.594    1.726    3.007    3.247    4.062    4.087    6.839    7.009
    9.039
            0.246014  0.246014 -0.000000
   -6.225   -6.219   -4.013   -3.997   -3.945   -3.866   -3.388   -3.359   -3.268   -3.256
   -3.234   -3.181    1.608    1.739    3.018    3.257    4.067    4.092    6.831    7.000
    9.032
            0.244541  0.244541  0.000000
   -6.227   -6.221   -4.013   -3.997   -3.946   -3.867   -3.388   -3.359   -3.268   -3.257
   -3.235   -3.183    1.622    1.753    3.029    3.267    4.072    4.097    6.823    6.992
    9.024
            0.243068  0.243068  0.000000
   -6.229   -6.223   -4.014   -3.997   -3.947   -3.869   -3.388   -3.360   -3.268   -3.257
   -3.236   -3.184    1.636    1.766    3.040    3.277    4.077    4.102    6.816    6.983
    9.017
            0.241595  0.241595 -0.000000
   -6.231   -6.225   -4.014   -3.998   -3.947   -3.871   -3.389   -3.360   -3.269   -3.257
   -3.237   -3.186    1.650    1.779    3.051    3.287    4.081    4.107    6.808    6.974
    9.010
            0.240122  0.240122  0.000000
   -6.233   -6.227   -4.014   -3.998   -3.948   -3.873   -3.389   -3.361   -3.269   -3.257
   -3.238   -3.188    1.664    1.792    3.061    3.297    4.086    4.111    6.800    6.965
    9.003
            0.238649  0.238649  0.000000
   -6.235   -6.228   -4.014   -3.998   -3.949   -3.874   -3.390   -3.362   -3.269   -3.258
   -3.238   -3.190    1.678    1.806    3.072    3.307    4.091    4.116    6.792    6.957
    8.996
            0.237175  0.237175 -0.000000
   -6.236   -6.230   -4.015   -3.998   -3.949   -3.876   -3.390   -3.362   -3.270   -3.258
   -3.239   -3.191    1.692    1.819    3.083    3.317    4.096    4.121    6.784    6.948
    8.990
            0.235702  0.235702  0.000000
   -6.238   -6.232   -4.015   -3.998   -3.950   -3.878   -3.391   -3.363   -3.270   -3.258
   -3.240   -3.193    1.707    1.833    3.094    3.327    4.101    4.126    6.776    6.939
    8.983
            0.234229  0.234229  0.000000
   -6.240   -6.234   -4.015   -3.998   -3.951   -3.880   -3.391   -3.364   -3.270   -3.258
   -3.241   -3.194    1.721    1.846    3.105    3.337    4.106    4.131    6.768    6.930
    8.976
            0.232756  0.232756 -0.000000
   -6.242   -6.236   -4.015   -3.999   -3.951   -3.881   -3.392   -3.364   -3.270   -3.259
   -3.242   -3.196    1.735    1.860    3.115    3.347    4.111    4.136    6.760    6.921
    8.970
            0.231283  0.231283  0.000000
   -6.244   -6.238   -4.016   -3.999   -3.952   -3.883   -3.392   -3.365   -3.271   -3.259
   -3.243   -3.197    1.750    1.874    3.126    3.357    4.115    4.140    6.752    6.912
    8.963
            0.229810  0.229810  0.000000
   -6.246   -6.240   -4.016   -3.999   -3.952   -3.885   -3.393   -3.366   -3.271   -3.259
   -3.244   -3.199    1.764    1.887    3.137    3.367    4.120    4.145    6.744    6.903
    8.957
            0.228337  0.228337 -0.000000
   -6.247   -6.242   -4.016   -3.999   -3.953   -3.886   -3.393   -3.367   -3.271   -3.259
   -3.245   -3.200    1.779    1.901    3.148    3.377    4.125    4.150    6.736    6.893
    8.951
            0.226863  0.226863  0.000000
   -6.249   -6.244   -4.016   -3.999   -3.954   -3.888   -3.394   -3.367   -3.271   -3.259
   -3.246   -3.202    1.794    1.915    3.158    3.387    4.130    4.155    6.728    6.884
    8.945
            0.225390  0.225390  0.000000
   -6.251   -6.246   -4.017   -3.999   -3.954   -3.890   -3.394   -3.368   -3.272   -3.260
   -3.246   -3.203    1.808    1.929    3.169    3.397    4.134    4.159    6.719    6.875
    8.939
            0.223917  0.223917 -0.000000
   -6.253   -6.248   -4.017   -4.000   -3.955   -3.891   -3.395   -3.369   -3.272   -3.260
   -3.247   -3.205    1.823    1.943    3.180    3.407    4.139    4.164    6.711    6.866
    8.933
            0.222444  0.222444  0.000000
   -6.255   -6.250   -4.017   -4.000   -3.956   -3.893   -3.395   -3.370   -3.272   -3.260
   -3.248   -3.206    1.838    1.957    3.190    3.416    4.144    4.169    6.703    6.856
    8.927
            0.220971  0.220971  0.000000
   -6.257   -6.252   -4.017   -4.000   -3.956   -3.895   -3.396   -3.370   -3.273   -3.260
   -3.249   -3.207    1.853    1.971    3.201    3.426    4.149    4.174    6.694    6.847
    8.922
            0.219498  0.219498 -0.000000
   -6.259   -6.254   -4.017   -4.000   -3.957   -3.896   -3.396   -3.371   -3.273   -3.261
   -3.250   -3.209    1.868    1.986    3.212    3.436    4.153    4.178    6.686    6.837
    8.916
            0.218025  0.218025  0.000000
   -6.260   -6.256   -4.018   -4.000   -3.958   -3.898   -3.397   -3.372   -3.273   -3.261
   -3.250   -3.210    1.883    2.000    3.222    3.446    4.158    4.183    6.678    6.828
    8.911
            0.216551  0.216551  0.000000
   -6.262   -6.258   -4.018   -4.000   -3.958   -3.900   -3.397   -3.373   -3.273   -3.261
   -3.251   -3.211    1.898    2.014    3.233    3.455    4.163    4.188    6.669    6.818
    8.905
            0.215078  0.215078 -0.000000
   -6.264   -6.259   -4.018   -4.001   -3.959   -3.901   -3.398   -3.373   -3.274   -3.261
   -3.252   -3.213    1.913    2.028    3.243    3.465    4.167    4.192    6.661    6.808
    8.900
            0.213605  0.213605  0.000000
   -6.266   -6.261   -4.018   -4.001   -3.960   -3.903   -3.398   -3.374   -3.274   -3.262
   -3.253   -3.214    1.928    2.043    3.254    3.475    4.172    4.197    6.652    6.799
    8.895
            0.212132  0.212132  0.000000
   -6.268   -6.263   -4.019   -4.001   -3.960   -3.905   -3.399   -3.375   -3.274   -3.262
   -3.253   -3.215    1.943    2.057    3.265    3.484    4.177    4.201    6.643    6.789
    8.890
            0.210659  0.210659 -0.000000
   -6.270   -6.265   -4.019   -4.001   -3.961   -3.906   -3.399   -3.376   -3.274   -3.262
   -3.254   -3.216    1.959    2.072    3.275    3.494    4.181    4.206    6.635    6.779
    8.885
            0.209186  0.209186  0.000000
   -6.271   -6.267   -4.019   -4.001   -3.962   -3.908   -3.400   -3.377   -3.275   -3.262
   -3.255   -3.218    1.974    2.086    3.286    3.503    4.186    4.210    6.626    6.769
    8.880
            0.207713  0.207713  0.000000
   -6.273   -6.269   -4.019   -4.001   -3.962   -3.909   -3.400   -3.377   -3.275   -3.263
   -3.255   -3.219    1.989    2.101    3.296    3.513    4.191    4.215    6.617    6.759
    8.875
            0.206239  0.206239 -0.000000
   -6.275   -6.271   -4.019   -4.002   -3.963   -3.911   -3.401   -3.378   -3.275   -3.263
   -3.256   -3.220    2.005    2.116    3.307    3.522    4.195    4.220    6.609    6.749
    8.871
            0.204766  0.204766  0.000000
   -6.277   -6.273   -4.020   -4.002   -3.964   -3.913   -3.402   -3.379   -3.275   -3.263
   -3.257   -3.221    2.020    2.131    3.317    3.532    4.200    4.224    6.600    6.739
    8.866
            0.203293  0.203293  0.000000
   -6.279   -6.275   -4.020   -4.002   -3.964   -3.914   -3.402   -3.380   -3.276   -3.263
   -3.257   -3.222    2.036    2.145    3.327    3.541    4.204    4.229    6.591    6.729
    8.862
            0.201820  0.201820 -0.000000
   -6.281   -6.277   -4.020   -4.002   -3.965   -3.916   -3.403   -3.381   -3.276   -3.264
   -3.258   -3.223    2.051    2.160    3.338    3.551    4.209    4.233    6.582    6.719
    8.858
            0.200347  0.200347  0.000000
   -6.282   -6.279   -4.020   -4.002   -3.966   -3.917   -3.403   -3.382   -3.276   -3.264
   -3.258   -3.224    2.067    2.175    3.348    3.560    4.213    4.237    6.573    6.709
    8.853
            0.198874  0.198874  0.000000
   -6.284   -6.280   -4.020   -4.002   -3.966   -3.919   -3.404   -3.382   -3.276   -3.264
   -3.259   -3.225    2.083    2.190    3.358    3.569    4.218    4.242    6.564    6.699
    8.849
            0.197401  0.197401 -0.000000
   -6.286   -6.282   -4.020   -4.003   -3.967   -3.920   -3.404   -3.383   -3.276   -3.264
   -3.259   -3.226    2.098    2.205    3.369    3.579    4.223    4.246    6.555    6.689
    8.845
            0.195928  0.195928  0.000000
   -6.288   -6.284   -4.021   -4.003   -3.968   -3.922   -3.405   -3.384   -3.277   -3.264
   -3.260   -3.227    2.114    2.220    3.379    3.588    4.227    4.251    6.546    6.678
    8.841
            0.194454  0.194454  0.000000
   -6.290   -6.286   -4.021   -4.003   -3.968   -3.923   -3.405   -3.385   -3.277   -3.265
   -3.261   -3.228    2.130    2.235    3.389    3.597    4.232    4.255    6.537    6.668
    8.838
            0.192981  0.192981 -0.000000
   -6.291   -6.288   -4.021   -4.003   -3.969   -3.925   -3.406   -3.386   -3.277   -3.265
   -3.261   -3.229    2.146    2.250    3.399    3.606    4.236    4.260    6.528    6.657
    8.834
            0.191508  0.191508  0.000000
   -6.293   -6.290   -4.021   -4.003   -3.970   -3.926   -3.406   -3.387   -3.277   -3.265
   -3.262   -3.230    2.162    2.265    3.409    3.615    4.241    4.264    6.518    6.647
    8.830
            0.190035  0.190035  0.000000
   -6.295   -6.292   -4.021   -4.003   -3.970   -3.928   -3.407   -3.388   -3.278   -3.265
   -3.262   -3.231    2.177    2.281    3.420    3.624    4.245    4.268    6.509    6.636
    8.827
            0.188562  0.188562 -0.000000
   -6.297   -6.294   -4.022   -4.004   -3.971   -3.929   -3.407   -3.388   -3.278   -3.266
   -3.263   -3.232    2.193    2.296    3.430    3.633    4.250    4.273    6.500    6.626
    8.824
            0.187089  0.187089  0.000000
   -6.299   -6.295   -4.022   -4.004   -3.972   -3.931   -3.408   -3.389   -3.278   -3.266
   -3.263   -3.233    2.209    2.311    3.440    3.642    4.254    4.277    6.490    6.615
    8.820
            0.185616  0.185616  0.000000
   -6.300   -6.297   -4.022   -4.004   -3.972   -3.932   -3.409   -3.390   -3.278   -3.266
   -3.264   -3.234    2.225    2.327    3.450    3.651    4.259    4.281    6.481    6.604
    8.817
            0.184142  0.184142 -0.000000
   -6.302   -6.299   -4.022   -4.004   -3.973   -3.934   -3.409   -3.391   -3.278   -3.266
   -3.264   -3.235    2.242    2.342    3.460    3.660    4.263    4.286    6.472    6.594
    8.814
            0.182669  0.182669  0.000000
   -6.304   -6.301   -4.022   -4.004   -3.974   -3.935   -3.410   -3.392   -3.279   -3.266
   -3.265   -3.235    2.258    2.357    3.470    3.669    4.267    4.290    6.462    6.583
    8.811
            0.181196  0.181196  0.000000
   -6.306   -6.303   -4.022   -4.004   -3.975   -3.937   -3.410   -3.393   -3.279   -3.267
   -3.265   -3.236    2.274    2.373    3.480    3.677    4.272    4.294    6.452    6.572
    8.808
            0.179723  0.179723 -0.000000
   -6.307   -6.305   -4.022   -4.005   -3.975   -3.938   -3.411   -3.394   -3.279   -3.267
   -3.265   -3.237    2.290    2.388    3.489    3.686    4.276    4.299    6.443    6.561
    8.806
            0.178250  0.178250  0.000000
   -6.309   -6.306   -4.023   -4.005   -3.976   -3.940   -3.411   -3.394   -3.279   -3.267
   -3.266   -3.238    2.306    2.404    3.499    3.695    4.281    4.303    6.433    6.550
    8.803
            0.176777  0.176777  0.000000
   -6.311   -6.308   -4.023   -4.005   -3.976   -3.941   -3.412   -3.395   -3.279   -3.267
   -3.266   -3.239    2.323    2.419    3.509    3.703    4.285    4.307    6.423    6.539
    8.801
            0.175304  0.175304 -0.000000
   -6.313   -6.310   -4.023   -4.005   -3.977   -3.942   -3.412   -3.396   -3.279   -3.268
   -3.267   -3.239    2.339    2.435    3.519    3.712    4.290    4.311    6.414    6.528
    8.798
            0.173830  0.173830  0.000000
   -6.314   -6.312   -4.023   -4.005   -3.978   -3.944   -3.413   -3.397   -3.280   -3.268
   -3.267   -3.240    2.355    2.451    3.529    3.720    4.294    4.315    6.404    6.517
    8.796
            0.172357  0.172357  0.000000
   -6.316   -6.314   -4.023   -4.005   -3.978   -3.945   -3.414   -3.398   -3.280   -3.268
   -3.268   -3.241    2.372    2.466    3.538    3.729    4.299    4.320    6.394    6.506
    8.794
            0.170884  0.170884 -0.000000
   -6.318   -6.315   -4.023   -4.006   -3.979   -3.946   -3.414   -3.399   -3.280   -3.268
   -3.268   -3.242    2.388    2.482    3.548    3.737    4.303    4.324    6.384    6.494
    8.792
            0.169411  0.169411  0.000000
   -6.319   -6.317   -4.023   -4.006   -3.980   -3.948   -3.415   -3.400   -3.280   -3.268
   -3.268   -3.242    2.405    2.498    3.557    3.745    4.307    4.328    6.374    6.483
    8.790
            0.167938  0.167938  0.000000
   -6.321   -6.319   -4.024   -4.006   -3.980   -3.949   -3.415   -3.401   -3.280   -3.269
   -3.269   -3.243    2.421    2.514    3.567    3.753    4.312    4.332    6.364    6.472
    8.788
            0.166465  0.166465 -0.000000
   -6.323   -6.321   -4.024   -4.006   -3.981   -3.950   -3.416   -3.401   -3.281   -3.269
   -3.269   -3.244    2.438    2.529    3.576    3.762    4.316    4.336    6.354    6.460
    8.786
            0.164992  0.164992  0.000000
   -6.325   -6.322   -4.024   -4.006   -3.982   -3.952   -3.416   -3.402   -3.281   -3.269
   -3.269   -3.244    2.454    2.545    3.586    3.770    4.321    4.341    6.344    6.449
    8.784
            0.163518  0.163518  0.000000
   -6.326   -6.324   -4.024   -4.006   -3.982   -3.953   -3.417   -3.403   -3.281   -3.270
   -3.269   -3.245    2.471    2.561    3.595    3.778    4.325    4.345    6.333    6.437
    8.782
            0.162045  0.162045 -0.000000
   -6.328   -6.326   -4.024   -4.007   -3.983   -3.954   -3.417   -3.404   -3.281   -3.270
   -3.269   -3.246    2.487    2.577    3.605    3.786    4.329    4.349    6.323    6.425
    8.781
            0.160572  0.160572  0.000000
   -6.330   -6.328   -4.024   -4.007   -3.984   -3.956   -3.418   -3.405   -3.281   -3.270
   -3.269   -3.246    2.504    2.593    3.614    3.794    4.334    4.353    6.313    6.414
    8.780
            0.159099  0.159099  0.000000
   -6.331   -6.329   -4.024   -4.007   -3.984   -3.957   -3.419   -3.406   -3.281   -3.271
   -3.270   -3.247    2.520    2.609    3.623    3.802    4.338    4.357    6.302    6.402
    8.778
            0.157626  0.157626 -0.000000
   -6.333   -6.331   -4.024   -4.007   -3.985   -3.958   -3.419   -3.406   -3.281   -3.271
   -3.270   -3.247    2.537    2.625    3.633    3.809    4.343    4.361    6.292    6.390
    8.777
            0.156153  0.156153  0.000000
   -6.335   -6.333   -4.025   -4.007   -3.986   -3.959   -3.420   -3.407   -3.282   -3.271
   -3.270   -3.248    2.554    2.641    3.642    3.817    4.347    4.365    6.281    6.378
    8.776
            0.154680  0.154680  0.000000
   -6.336   -6.334   -4.025   -4.008   -3.986   -3.961   -3.420   -3.408   -3.282   -3.272
   -3.270   -3.249    2.571    2.657    3.651    3.825    4.351    4.369    6.271    6.366
    8.775
            0.153206  0.153206 -0.000000
   -6.338   -6.336   -4.025   -4.008   -3.987   -3.962   -3.421   -3.409   -3.282   -3.272
   -3.270   -3.249    2.587    2.673    3.660    3.832    4.356    4.373    6.260    6.354
    8.774
            0.151733  0.151733  0.000000
   -6.339   -6.338   -4.025   -4.008   -3.988   -3.963   -3.421   -3.410   -3.282   -3.272
   -3.271   -3.250    2.604    2.689    3.669    3.840    4.360    4.377    6.250    6.342
    8.773
            0.150260  0.150260  0.000000
   -6.341   -6.339   -4.025   -4.008   -3.988   -3.964   -3.422   -3.411   -3.282   -3.273
   -3.271   -3.250    2.621    2.705    3.678    3.847    4.364    4.381    6.239    6.330
    8.772
            0.148787  0.148787 -0.000000
   -6.343   -6.341   -4.025   -4.008   -3.989   -3.965   -3.422   -3.411   -3.282   -3.273
   -3.271   -3.251    2.638    2.721    3.687    3.855    4.369    4.385    6.228    6.318
    8.771
            0.147314  0.147314  0.000000
   -6.344   -6.343   -4.025   -4.008   -3.989   -3.967   -3.423   -3.412   -3.282   -3.273
   -3.271   -3.251    2.654    2.737    3.696    3.862    4.373    4.389    6.217    6.306
    8.771
            0.145841  0.145841  0.000000
   -6.346   -6.344   -4.025   -4.009   -3.990   -3.968   -3.423   -3.413   -3.282   -3.273
   -3.271   -3.252    2.671    2.753    3.705    3.869    4.377    4.393    6.206    6.294
    8.770
            0.144368  0.144368 -0.000000
   -6.347   -6.346   -4.025   -4.009   -3.991   -3.969   -3.424   -3.414   -3.283   -3.274
   -3.271   -3.252    2.688    2.769    3.714    3.877    4.382    4.397    6.195    6.281
    8.770
            0.142894  0.142894  0.000000
   -6.349   -6.348   -4.026   -4.009   -3.991   -3.970   -3.424   -3.415   -3.283   -3.274
   -3.272   -3.253    2.705    2.785    3.722    3.884    4.386    4.401    6.184    6.269
    8.770
            0.141421  0.141421  0.000000
   -6.351   -6.349   -4.026   -4.009   -3.992   -3.971   -3.425   -3.415   -3.283   -3.274
   -3.272   -3.254    2.722    2.801    3.731    3.891    4.390    4.405    6.173    6.256
    8.769
            0.139948  0.139948 -0.000000
   -6.352   -6.351   -4.026   -4.009   -3.992   -3.972   -3.425   -3.416   -3.283   -3.274
   -3.272   -3.254    2.738    2.817    3.740    3.898    4.395    4.409    6.162    6.244
    8.769
            0.138475  0.138475  0.000000
   -6.354   -6.352   -4.026   -4.010   -3.993   -3.973   -3.426   -3.417   -3.283   -3.275
   -3.272   -3.255    2.755    2.833    3.749    3.905    4.399    4.413    6.150    6.231
    8.769
            0.137002  0.137002  0.000000
   -6.355   -6.354   -4.026   -4.010   -3.994   -3.974   -3.427   -3.418   -3.283   -3.275
   -3.272   -3.255    2.772    2.849    3.757    3.912    4.403    4.417    6.139    6.219
    8.769
            0.135529  0.135529 -0.000000
   -6.357   -6.355   -4.026   -4.010   -3.994   -3.976   -3.427   -3.419   -3.283   -3.275
   -3.272   -3.255    2.789    2.865    3.766    3.919    4.407    4.421    6.128    6.206
    8.769
            0.134056  0.134056  0.000000
   -6.358   -6.357   -4.026   -4.010   -3.995   -3.977   -3.428   -3.419   -3.283   -3.275
   -3.273   -3.256    2.806    2.882    3.774    3.926    4.412    4.425    6.116    6.193
    8.769
            0.132583  0.132583  0.000000
   -6.360   -6.358   -4.026   -4.010   -3.995   -3.978   -3.428   -3.420   -3.283   -3.275
   -3.273   -3.256    2.823    2.898    3.783    3.932    4.416    4.428    6.105    6.180
    8.769
            0.131109  0.131109 -0.000000
   -6.361   -6.360   -4.026   -4.010   -3.996   -3.979   -3.429   -3.421   -3.283   -3.276
   -3.273   -3.257    2.839    2.914    3.791    3.939    4.420    4.432    6.093    6.167
    8.769
            0.129636  0.129636  0.000000
   -6.363   -6.362   -4.026   -4.011   -3.997   -3.980   -3.429   -3.422   -3.284   -3.276
   -3.273   -3.257    2.856    2.930    3.800    3.946    4.424    4.436    6.081    6.154
    8.770
            0.128163  0.128163  0.000000
   -6.364   -6.363   -4.026   -4.011   -3.997   -3.981   -3.430   -3.422   -3.284   -3.276
   -3.273   -3.258    2.873    2.946    3.808    3.952    4.429    4.440    6.070    6.141
    8.770
            0.126690  0.126690 -0.000000
   -6.365   -6.364   -4.026   -4.011   -3.998   -3.982   -3.430   -3.423   -3.284   -3.276
   -3.273   -3.258    2.890    2.962    3.817    3.959    4.433    4.444    6.058    6.128
    8.771
            0.125217  0.125217  0.000000
   -6.367   -6.366   -4.026   -4.011   -3.998   -3.983   -3.431   -3.424   -3.284   -3.276
   -3.273   -3.259    2.907    2.978    3.825    3.966    4.437    4.447    6.046    6.115
    8.771
            0.123744  0.123744  0.000000
   -6.368   -6.367   -4.027   -4.011   -3.999   -3.984   -3.431   -3.424   -3.284   -3.277
   -3.274   -3.259    2.923    2.994    3.833    3.972    4.441    4.451    6.034    6.102
    8.772
            0.122271  0.122271 -0.000000
   -6.370   -6.369   -4.027   -4.011   -3.999   -3.985   -3.432   -3.425   -3.284   -3.277
   -3.274   -3.259    2.940    3.010    3.841    3.978    4.445    4.455    6.022    6.088
    8.772
            0.120797  0.120797  0.000000
   -6.371   -6.370   -4.027   -4.012   -4.000   -3.986   -3.432   -3.426   -3.284   -3.277
   -3.274   -3.260    2.957    3.025    3.850    3.985    4.450    4.459    6.010    6.075
    8.773
            0.119324  0.119324  0.000000
   -6.372   -6.372   -4.027   -4.012   -4.000   -3.987   -3.433   -3.427   -3.284   -3.277
   -3.274   -3.260    2.973    3.041    3.858    3.991    4.454    4.462    5.998    6.062
    8.774
            0.117851  0.117851 -0.000000
   -6.374   -6.373   -4.027   -4.012   -4.001   -3.987   -3.433   -3.427   -3.284   -3.277
   -3.274   -3.261    2.990    3.057    3.866    3.998    4.458    4.466    5.986    6.048
    8.774
            0.116378  0.116378  0.000000
   -6.375   -6.374   -4.027   -4.012   -4.002   -3.988   -3.433   -3.428   -3.284   -3.277
   -3.274   -3.261    3.007    3.073    3.874    4.004    4.462    4.470    5.973    6.035
    8.775
            0.114905  0.114905  0.000000
   -6.377   -6.376   -4.027   -4.012   -4.002   -3.989   -3.434   -3.429   -3.284   -3.278
   -3.274   -3.261    3.023    3.089    3.883    4.010    4.466    4.473    5.961    6.021
    8.776
            0.113432  0.113432 -0.000000
   -6.378   -6.377   -4.027   -4.013   -4.003   -3.990   -3.434   -3.429   -3.284   -3.278
   -3.274   -3.262    3.040    3.104    3.891    4.016    4.470    4.477    5.949    6.007
    8.777
            0.111959  0.111959  0.000000
   -6.379   -6.379   -4.027   -4.013   -4.003   -3.991   -3.435   -3.430   -3.284   -3.278
   -3.275   -3.262    3.056    3.120    3.899    4.022    4.474    4.481    5.936    5.994
    8.778
            0.110485  0.110485  0.000000
   -6.381   -6.380   -4.027   -4.013   -4.004   -3.992   -3.435   -3.431   -3.284   -3.278
   -3.275   -3.263    3.073    3.136    3.907    4.029    4.478    4.484    5.924    5.980
    8.779
            0.109012  0.109012 -0.000000
   -6.382   -6.381   -4.027   -4.013   -4.004   -3.993   -3.436   -3.431   -3.284   -3.278
   -3.275   -3.263    3.089    3.151    3.915    4.035    4.482    4.488    5.911    5.966
    8.780
            0.107539  0.107539  0.000000
   -6.383   -6.382   -4.027   -4.013   -4.005   -3.994   -3.436   -3.432   -3.284   -3.278
   -3.275   -3.263    3.106    3.167    3.923    4.041    4.486    4.491    5.898    5.952
    8.781
            0.106066  0.106066  0.000000
   -6.384   -6.384   -4.027   -4.013   -4.005   -3.994   -3.437   -3.432   -3.284   -3.278
   -3.275   -3.264    3.122    3.182    3.932    4.047    4.490    4.495    5.886    5.938
    8.782
            0.104593  0.104593 -0.000000
   -6.386   -6.385   -4.027   -4.014   -4.006   -3.995   -3.437   -3.433   -3.284   -3.279
   -3.275   -3.264    3.138    3.197    3.940    4.053    4.494    4.498    5.873    5.924
    8.783
            0.103120  0.103120  0.000000
   -6.387   -6.386   -4.027   -4.014   -4.006   -3.996   -3.438   -3.434   -3.284   -3.279
   -3.275   -3.264    3.155    3.212    3.948    4.059    4.498    4.502    5.860    5.910
    8.784
            0.101647  0.101647  0.000000
   -6.388   -6.388   -4.027   -4.014   -4.007   -3.997   -3.438   -3.434   -3.284   -3.279
   -3.275   -3.265    3.171    3.228    3.956    4.065    4.501    4.505    5.847    5.896
    8.785
            0.100173  0.100173 -0.000000
   -6.389   -6.389   -4.027   -4.014   -4.007   -3.998   -3.438   -3.435   -3.284   -3.279
   -3.276   -3.265    3.187    3.243    3.964    4.071    4.505    4.509    5.834    5.882
    8.786
            0.098700  0.098700  0.000000
   -6.390   -6.390   -4.027   -4.014   -4.008   -3.998   -3.439   -3.435   -3.285   -3.279
   -3.276   -3.265    3.203    3.258    3.972    4.077    4.509    4.512    5.821    5.868
    8.787
            0.097227  0.097227  0.000000
   -6.392   -6.391   -4.027   -4.014   -4.008   -3.999   -3.439   -3.436   -3.285   -3.279
   -3.276   -3.266    3.219    3.273    3.981    4.083    4.513    4.516    5.808    5.853
    8.788
            0.095754  0.095754 -0.000000
   -6.393   -6.392   -4.027   -4.015   -4.009   -4.000   -3.440   -3.437   -3.285   -3.279
   -3.276   -3.266    3.234    3.287    3.989    4.090    4.517    4.519    5.794    5.839
    8.789
            0.094281  0.094281  0.000000
   -6.394   -6.394   -4.027   -4.015   -4.009   -4.001   -3.440   -3.437   -3.285   -3.279
   -3.276   -3.266    3.250    3.302    3.997    4.096    4.520    4.522    5.781    5.824
    8.790
            0.092808  0.092808  0.000000
   -6.395   -6.395   -4.027   -4.015   -4.009   -4.001   -3.441   -3.438   -3.285   -3.279
   -3.276   -3.267    3.266    3.316    4.006    4.102    4.524    4.526    5.768    5.810
    8.791
            0.091335  0.091335 -0.000000
   -6.396   -6.396   -4.027   -4.015   -4.010   -4.002   -3.441   -3.438   -3.285   -3.280
   -3.276   -3.267    3.281    3.331    4.014    4.108    4.527    4.529    5.754    5.795
    8.792
            0.089861  0.089861  0.000000
   -6.397   -6.397   -4.027   -4.015   -4.010   -4.003   -3.441   -3.439   -3.285   -3.280
   -3.276   -3.267    3.297    3.345    4.022    4.114    4.531    4.532    5.741    5.781
    8.793
            0.088388  0.088388  0.000000
   -6.398   -6.398   -4.027   -4.015   -4.011   -4.003   -3.442   -3.439   -3.285   -3.280
   -3.276   -3.268    3.312    3.359    4.031    4.121    4.535    4.535    5.727    5.766
    8.794
            0.086915  0.086915 -0.000000
   -6.399   -6.399   -4.027   -4.016   -4.011   -4.004   -3.442   -3.440   -3.285   -3.280
   -3.276   -3.268    3.327    3.373    4.039    4.127    4.538    4.539    5.714    5.751
    8.795
            0.085442  0.085442  0.000000
   -6.400   -6.400   -4.027   -4.016   -4.012   -4.005   -3.443   -3.440   -3.285   -3.280
   -3.277   -3.268    3.342    3.387    4.048    4.133    4.542    4.542    5.700    5.737
    8.796
            0.083969  0.083969  0.000000
   -6.402   -6.401   -4.027   -4.016   -4.012   -4.005   -3.443   -3.441   -3.285   -3.280
   -3.277   -3.268    3.357    3.401    4.057    4.140    4.545    4.545    5.686    5.722
    8.797
            0.082496  0.082496 -0.000000
   -6.403   -6.402   -4.027   -4.016   -4.013   -4.006   -3.443   -3.441   -3.285   -3.280
   -3.277   -3.269    3.372    3.415    4.066    4.146    4.548    4.548    5.672    5.707
    8.798
            0.081023  0.081023  0.000000
   -6.404   -6.403   -4.027   -4.016   -4.013   -4.007   -3.444   -3.442   -3.285   -3.280
   -3.277   -3.269    3.386    3.428    4.074    4.153    4.551    4.552    5.659    5.692
    8.799
            0.079550  0.079550  0.000000
   -6.405   -6.404   -4.027   -4.016   -4.013   -4.007   -3.444   -3.442   -3.285   -3.280
   -3.277   -3.269    3.401    3.441    4.083    4.159    4.554    4.555    5.645    5.677
    8.800
            0.078076  0.078076 -0.000000
   -6.406   -6.405   -4.027   -4.017   -4.014   -4.008   -3.444   -3.443   -3.285   -3.280
   -3.277   -3.270    3.415    3.454    4.092    4.166    4.557    4.558    5.631    5.662
    8.800
            0.076603  0.076603  0.000000
   -6.406   -6.406   -4.027   -4.017   -4.014   -4.008   -3.445   -3.443   -3.284   -3.280
   -3.277   -3.270    3.429    3.467    4.101    4.173    4.560    4.561    5.617    5.647
    8.801
            0.075130  0.075130  0.000000
   -6.407   -6.407   -4.027   -4.017   -4.014   -4.009   -3.445   -3.443   -3.284   -3.280
   -3.277   -3.270    3.443    3.480    4.111    4.180    4.563    4.564    5.603    5.632
    8.801
            0.073657  0.073657 -0.000000
   -6.408   -6.408   -4.027   -4.017   -4.015   -4.010   -3.445   -3.444   -3.284   -3.280
   -3.277   -3.270    3.457    3.492    4.120    4.187    4.566    4.568    5.588    5.617
    8.802
            0.072184  0.072184  0.000000
   -6.409   -6.409   -4.027   -4.017   -4.015   -4.010   -3.446   -3.444   -3.284   -3.280
   -3.277   -3.271    3.470    3.504    4.129    4.194    4.569    4.571    5.574    5.602
    8.802
            0.070711  0.070711  0.000000
   -6.410   -6.410   -4.027   -4.017   -4.016   -4.011   -3.446   -3.445   -3.284   -3.280
   -3.277   -3.271    3.484    3.516    4.139    4.201    4.571    4.574    5.560    5.586
    8.803
            0.069238  0.069238 -0.000000
   -6.411   -6.411   -4.027   -4.018   -4.016   -4.011   -3.446   -3.445   -3.284   -3.280
   -3.278   -3.271    3.497    3.528    4.149    4.209    4.574    4.577    5.546    5.571
    8.803
            0.067764  0.067764  0.000000
   -6.412   -6.412   -4.027   -4.018   -4.016   -4.012   -3.447   -3.446   -3.284   -3.281
   -3.278   -3.271    3.510    3.540    4.159    4.216    4.577    4.579    5.531    5.556
    8.803
            0.066291  0.066291  0.000000
   -6.413   -6.413   -4.027   -4.018   -4.017   -4.012   -3.447   -3.446   -3.284   -3.281
   -3.278   -3.272    3.522    3.551    4.168    4.224    4.579    4.582    5.517    5.541
    8.804
            0.064818  0.064818 -0.000000
   -6.414   -6.413   -4.027   -4.018   -4.017   -4.013   -3.447   -3.446   -3.284   -3.281
   -3.278   -3.272    3.535    3.562    4.179    4.232    4.582    4.585    5.503    5.525
    8.804
            0.063345  0.063345  0.000000
   -6.414   -6.414   -4.027   -4.018   -4.017   -4.013   -3.448   -3.447   -3.284   -3.281
   -3.278   -3.272    3.547    3.573    4.189    4.239    4.585    4.588    5.488    5.510
    8.804
            0.061872  0.061872  0.000000
   -6.415   -6.415   -4.027   -4.018   -4.018   -4.014   -3.448   -3.447   -3.284   -3.281
   -3.278   -3.272    3.559    3.584    4.199    4.248    4.587    4.590    5.474    5.494
    8.804
            0.060399  0.060399 -0.000000
   -6.416   -6.416   -4.027   -4.019   -4.018   -4.014   -3.448   -3.447   -3.284   -3.281
   -3.278   -3.273    3.570    3.594    4.210    4.256    4.590    4.593    5.459    5.479
    8.804
            0.058926  0.058926  0.000000
   -6.417   -6.417   -4.027   -4.019   -4.018   -4.015   -3.448   -3.448   -3.284   -3.281
   -3.278   -3.273    3.582    3.604    4.220    4.264    4.592    4.596    5.444    5.464
    8.804
            0.057452  0.057452  0.000000
   -6.417   -6.417   -4.027   -4.019   -4.019   -4.015   -3.449   -3.448   -3.284   -3.281
   -3.278   -3.273    3.593    3.614    4.231    4.273    4.595    4.598    5.430    5.448
    8.804
            0.055979  0.055979 -0.000000
   -6.418   -6.418   -4.027   -4.019   -4.019   -4.015   -3.449   -3.448   -3.284   -3.281
   -3.278   -3.273    3.604    3.624    4.242    4.282    4.597    4.601    5.415    5.433
    8.803
            0.054506  0.054506  0.000000
   -6.419   -6.419   -4.027   -4.019   -4.019   -4.016   -3.449   -3.449   -3.284   -3.281
   -3.278   -3.274    3.614    3.633    4.253    4.291    4.599    4.603    5.400    5.417
    8.803
            0.053033  0.053033  0.000000
   -6.420   -6.419   -4.027   -4.019   -4.019   -4.016   -3.450   -3.449   -3.284   -3.281
   -3.278   -3.274    3.625    3.642    4.264    4.300    4.602    4.605    5.386    5.402
    8.803
            0.051560  0.051560 -0.000000
   -6.420   -6.420   -4.027   -4.020   -4.019   -4.017   -3.450   -3.449   -3.284   -3.281
   -3.278   -3.274    3.635    3.651    4.276    4.309    4.604    4.607    5.371    5.386
    8.802
            0.050087  0.050087  0.000000
   -6.421   -6.421   -4.027   -4.020   -4.020   -4.017   -3.450   -3.450   -3.284   -3.281
   -3.279   -3.274    3.644    3.659    4.287    4.319    4.606    4.610    5.356    5.371
    8.802
            0.048614  0.048614  0.000000
   -6.422   -6.421   -4.027   -4.020   -4.020   -4.017   -3.450   -3.450   -3.284   -3.281
   -3.279   -3.275    3.654    3.668    4.299    4.328    4.608    4.612    5.342    5.355
    8.802
            0.047140  0.047140 -0.000000
   -6.422   -6.422   -4.027   -4.020   -4.020   -4.018   -3.451   -3.450   -3.284   -3.281
   -3.279   -3.275    3.663    3.676    4.310    4.338    4.610    4.614    5.327    5.340
    8.801
            0.045667  0.045667  0.000000
   -6.423   -6.423   -4.027   -4.021   -4.020   -4.018   -3.451   -3.450   -3.284   -3.281
   -3.279   -3.275    3.671    3.683    4.322    4.348    4.612    4.616    5.312    5.324
    8.801
            0.044194  0.044194  0.000000
   -6.423   -6.423   -4.026   -4.021   -4.020   -4.018   -3.451   -3.451   -3.284   -3.281
   -3.279   -3.275    3.680    3.691    4.334    4.358    4.614    4.618    5.297    5.309
    8.801
            0.042721  0.042721 -0.000000
   -6.424   -6.424   -4.026   -4.021   -4.020   -4.019   -3.451   -3.451   -3.283   -3.281
   -3.279   -3.275    3.688    3.698    4.346    4.369    4.616    4.620    5.282    5.293
    8.799
            0.041248  0.041248  0.000000
   -6.424   -6.424   -4.026   -4.021   -4.020   -4.019   -3.451   -3.451   -3.283   -3.281
   -3.279   -3.276    3.696    3.705    4.359    4.379    4.618    4.622    5.268    5.278
    8.799
            0.039775  0.039775  0.000000
   -6.425   -6.425   -4.026   -4.022   -4.021   -4.019   -3.452   -3.451   -3.283   -3.281
   -3.279   -3.276    3.703    3.711    4.371    4.390    4.620    4.623    5.253    5.262
    8.798
            0.038302  0.038302 -0.000000
   -6.425   -6.425   -4.026   -4.022   -4.021   -4.020   -3.452   -3.452   -3.283   -3.281
   -3.279   -3.276    3.710    3.718    4.383    4.401    4.621    4.625    5.238    5.247
    8.798
            0.036828  0.036828  0.000000
   -6.426   -6.426   -4.026   -4.022   -4.021   -4.020   -3.452   -3.452   -3.283   -3.281
   -3.279   -3.276    3.717    3.724    4.396    4.412    4.623    4.627    5.224    5.232
    8.797
            0.035355  0.035355  0.000000
   -6.426   -6.426   -4.026   -4.022   -4.021   -4.020   -3.452   -3.452   -3.283   -3.281
   -3.279   -3.276    3.724    3.730    4.409    4.423    4.625    4.628    5.209    5.216
    8.799
            0.033882  0.033882 -0.000000
   -6.427   -6.427   -4.026   -4.022   -4.021   -4.021   -3.452   -3.452   -3.283   -3.281
   -3.279   -3.277    3.730    3.735    4.421    4.435    4.626    4.630    5.194    5.201
    8.796
            0.032409  0.032409  0.000000
   -6.427   -6.427   -4.026   -4.022   -4.021   -4.021   -3.453   -3.452   -3.283   -3.281
   -3.279   -3.277    3.736    3.741    4.434    4.446    4.628    4.631    5.180    5.186
    8.795
            0.030936  0.030936  0.000000
   -6.428   -6.428   -4.026   -4.023   -4.022   -4.021   -3.453   -3.453   -3.283   -3.281
   -3.279   -3.277    3.742    3.746    4.447    4.458    4.629    4.632    5.165    5.171
    8.794
            0.029463  0.029463 -0.000000
   -6.428   -6.428   -4.026   -4.023   -4.022   -4.021   -3.453   -3.453   -3.283   -3.281
   -3.279   -3.277    3.747    3.751    4.459    4.469    4.631    4.634    5.151    5.156
    8.793
            0.027990  0.027990  0.000000
   -6.428   -6.428   -4.026   -4.023   -4.022   -4.021   -3.453   -3.453   -3.283   -3.281
   -3.279   -3.277    3.752    3.755    4.472    4.481    4.632    4.635    5.137    5.141
    8.792
            0.026517  0.026517  0.000000
   -6.429   -6.429   -4.026   -4.023   -4.022   -4.022   -3.453   -3.453   -3.282   -3.281
   -3.280   -3.278    3.757    3.760    4.485    4.492    4.633    4.636    5.123    5.127
    8.792
            0.025043  0.025043 -0.000000
   -6.429   -6.429   -4.026   -4.023   -4.022   -4.022   -3.453   -3.453   -3.282   -3.281
   -3.280   -3.278    3.761    3.764    4.497    4.504    4.635    4.637    5.109    5.112
    8.791
            0.023570  0.023570  0.000000
   -6.429   -6.429   -4.025   -4.023   -4.022   -4.022   -3.453   -3.453   -3.282   -3.281
   -3.280   -3.278    3.766    3.767    4.510    4.516    4.636    4.638    5.095    5.098
    8.790
            0.022097  0.022097  0.000000
   -6.430   -6.430   -4.025   -4.023   -4.022   -4.022   -3.453   -3.453   -3.282   -3.281
   -3.280   -3.278    3.770    3.771    4.522    4.527    4.637    4.639    5.081    5.084
    8.790
            0.020624  0.020624 -0.000000
   -6.430   -6.430   -4.025   -4.023   -4.023   -4.022   -3.454   -3.454   -3.282   -3.281
   -3.280   -3.278    3.773    3.774    4.534    4.539    4.638    4.640    5.068    5.070
    8.789
            0.019151  0.019151  0.000000
   -6.430   -6.430   -4.025   -4.024   -4.023   -4.022   -3.454   -3.454   -3.282   -3.281
   -3.280   -3.278    3.777    3.778    4.546    4.550    4.639    4.641    5.055    5.057
    8.788
            0.017678  0.017678  0.000000
   -6.431   -6.431   -4.025   -4.024   -4.023   -4.022   -3.454   -3.454   -3.282   -3.281
   -3.280   -3.279    3.780    3.780    4.558    4.561    4.640    4.642    5.042    5.044
    8.788
            0.016205  0.016205 -0.000000
   -6.431   -6.431   -4.025   -4.024   -4.023   -4.023   -3.454   -3.454   -3.282   -3.281
   -3.280   -3.279    3.782    3.783    4.570    4.572    4.641    4.642    5.030    5.031
    8.787
            0.014731  0.014731  0.000000
   -6.431   -6.431   -4.025   -4.024   -4.023   -4.023   -3.454   -3.454   -3.282   -3.281
   -3.280   -3.279    3.785    3.785    4.581    4.583    4.641    4.643    5.018    5.019
    8.787
            0.013258  0.013258  0.000000
   -6.431   -6.431   -4.025   -4.024   -4.023   -4.023   -3.454   -3.454   -3.282   -3.281
   -3.280   -3.279    3.787    3.788    4.591    4.593    4.642    4.644    5.007    5.008
    8.786
            0.011785  0.011785 -0.000000
   -6.431   -6.431   -4.025   -4.024   -4.023   -4.023   -3.454   -3.454   -3.281   -3.281
   -3.280   -3.279    3.789    3.790    4.601    4.603    4.643    4.644    4.996    4.997
    8.786
            0.010312  0.010312  0.000000
   -6.431   -6.431   -4.025   -4.024   -4.023   -4.023   -3.454   -3.454   -3.281   -3.281
   -3.280   -3.279    3.791    3.791    4.611    4.612    4.643    4.645    4.986    4.987
    8.786
            0.008839  0.008839  0.000000
   -6.432   -6.432   -4.025   -4.024   -4.024   -4.023   -3.454   -3.454   -3.281   -3.281
   -3.280   -3.280    3.793    3.793    4.619    4.620    4.644    4.645    4.977    4.978
    8.785
            0.007366  0.007366 -0.000000
   -6.432   -6.432   -4.024   -4.024   -4.024   -4.023   -3.454   -3.454   -3.281   -3.281
   -3.280   -3.280    3.794    3.794    4.627    4.627    4.644    4.645    4.969    4.970
    8.785
            0.005893  0.005893  0.000000
   -6.432   -6.432   -4.024   -4.024   -4.024   -4.023   -3.454   -3.454   -3.281   -3.281
   -3.280   -3.280    3.795    3.795    4.633    4.634    4.645    4.645    4.963    4.963
    8.785
            0.004419  0.004419  0.000000
   -6.432   -6.432   -4.024   -4.024   -4.024   -4.024   -3.454   -3.454   -3.281   -3.280
   -3.280   -3.280    3.796    3.796    4.638    4.639    4.645    4.646    4.957    4.957
    8.785
            0.002946  0.002946 -0.000000
   -6.432   -6.432   -4.024   -4.024   -4.024   -4.024   -3.454   -3.454   -3.281   -3.280
   -3.280   -3.280    3.796    3.796    4.642    4.642    4.645    4.646    4.953    4.953
    8.784
            0.001473  0.001473  0.000000
   -6.432   -6.432   -4.024   -4.024   -4.024   -4.024   -3.454   -3.454   -3.281   -3.280
   -3.280   -3.280    3.797    3.797    4.645    4.645    4.645    4.646    4.951    4.951
    8.784
            0.000000  0.000000  0.000000
   -6.432   -6.432   -4.024   -4.024   -4.024   -4.024   -3.454   -3.454   -3.280   -3.280
   -3.280   -3.280    3.797    3.797    4.646    4.646    4.646    4.646    4.950    4.950
    8.784
            0.001263  0.001263  0.001263
   -6.432   -6.432   -4.024   -4.024   -4.024   -4.024   -3.454   -3.454   -3.281   -3.280
   -3.280   -3.280    3.797    3.797    4.645    4.645    4.645    4.646    4.951    4.951
    8.784
            0.002525  0.002525  0.002525
   -6.432   -6.432   -4.024   -4.024   -4.024   -4.024   -3.454   -3.454   -3.281   -3.280
   -3.280   -3.280    3.796    3.796    4.642    4.642    4.645    4.646    4.953    4.953
    8.784
            0.003788  0.003788  0.003788
   -6.432   -6.432   -4.024   -4.024   -4.024   -4.024   -3.454   -3.454   -3.281   -3.280
   -3.280   -3.280    3.796    3.796    4.638    4.638    4.645    4.646    4.958    4.958
    8.785
            0.005051  0.005051  0.005051
   -6.432   -6.432   -4.024   -4.024   -4.024   -4.023   -3.454   -3.454   -3.281   -3.280
   -3.280   -3.280    3.795    3.795    4.632    4.632    4.645    4.645    4.964    4.964
    8.785
            0.006313  0.006313  0.006313
   -6.432   -6.432   -4.025   -4.024   -4.024   -4.023   -3.454   -3.454   -3.281   -3.280
   -3.280   -3.280    3.794    3.794    4.625    4.625    4.644    4.645    4.971    4.971
    8.785
            0.007576  0.007576  0.007576
   -6.432   -6.432   -4.025   -4.024   -4.024   -4.023   -3.454   -3.454   -3.281   -3.280
   -3.280   -3.279    3.792    3.792    4.617    4.617    4.644    4.645    4.980    4.980
    8.785
            0.008839  0.008839  0.008839
   -6.431   -6.431   -4.025   -4.024   -4.024   -4.023   -3.454   -3.454   -3.281   -3.280
   -3.280   -3.279    3.791    3.791    4.608    4.608    4.643    4.645    4.990    4.990
    8.786
            0.010102  0.010102  0.010102
   -6.431   -6.431   -4.025   -4.024   -4.024   -4.023   -3.454   -3.454   -3.281   -3.280
   -3.280   -3.279    3.789    3.789    4.598    4.598    4.643    4.645    5.001    5.001
    8.786
            0.011364  0.011364  0.011364
   -6.431   -6.431   -4.025   -4.023   -4.023   -4.023   -3.454   -3.454   -3.282   -3.280
   -3.280   -3.279    3.786    3.786    4.587    4.587    4.642    4.644    5.012    5.012
    8.787
            0.012627  0.012627  0.012627
   -6.431   -6.431   -4.025   -4.023   -4.023   -4.023   -3.454   -3.454   -3.282   -3.280
   -3.280   -3.279    3.784    3.784    4.576    4.576    4.642    4.644    5.024    5.024
    8.787
            0.013890  0.013890  0.013890
   -6.431   -6.431   -4.025   -4.023   -4.023   -4.023   -3.454   -3.454   -3.282   -3.280
   -3.280   -3.279    3.781    3.781    4.564    4.564    4.641    4.643    5.037    5.037
    8.788
            0.015152  0.015152  0.015152
   -6.430   -6.430   -4.025   -4.023   -4.023   -4.022   -3.454   -3.454   -3.282   -3.280
   -3.280   -3.278    3.778    3.778    4.552    4.552    4.640    4.643    5.050    5.050
    8.788
            0.016415  0.016415  0.016415
   -6.430   -6.430   -4.025   -4.023   -4.023   -4.022   -3.454   -3.454   -3.282   -3.280
   -3.280   -3.278    3.775    3.775    4.540    4.540    4.639    4.642    5.064    5.064
    8.789
            0.017678  0.017678  0.017678
   -6.430   -6.430   -4.025   -4.023   -4.023   -4.022   -3.453   -3.453   -3.282   -3.280
   -3.280   -3.278    3.771    3.771    4.527    4.527    4.639    4.641    5.078    5.078
    8.790
            0.018940  0.018940  0.018940
   -6.430   -6.430   -4.026   -4.023   -4.023   -4.022   -3.453   -3.453   -3.282   -3.280
   -3.280   -3.278    3.767    3.767    4.515    4.515    4.638    4.641    5.092    5.092
    8.791
            0.020203  0.020203  0.020203
   -6.429   -6.429   -4.026   -4.023   -4.023   -4.022   -3.453   -3.453   -3.282   -3.280
   -3.280   -3.278    3.763    3.763    4.502    4.502    4.637    4.640    5.107    5.107
    8.792
            0.021466  0.021466  0.021466
   -6.429   -6.429   -4.026   -4.022   -4.022   -4.022   -3.453   -3.453   -3.283   -3.280
   -3.280   -3.277    3.759    3.759    4.489    4.489    4.636    4.639    5.121    5.121
    8.793
            0.022728  0.022728  0.022728
   -6.428   -6.428   -4.026   -4.022   -4.022   -4.022   -3.453   -3.453   -3.283   -3.280
   -3.280   -3.277    3.754    3.754    4.476    4.476    4.635    4.638    5.136    5.136
    8.794
            0.023991  0.023991  0.023991
   -6.428   -6.428   -4.026   -4.022   -4.022   -4.021   -3.453   -3.453   -3.283   -3.280
   -3.280   -3.277    3.749    3.749    4.464    4.464    4.634    4.637    5.151    5.151
    8.795
            0.025254  0.025254  0.025254
   -6.428   -6.428   -4.026   -4.022   -4.022   -4.021   -3.453   -3.453   -3.283   -3.280
   -3.280   -3.277    3.743    3.743    4.451    4.451    4.632    4.636    5.166    5.166
    8.796
            0.026517  0.026517  0.026517
   -6.427   -6.427   -4.026   -4.022   -4.022   -4.021   -3.452   -3.452   -3.283   -3.280
   -3.280   -3.277    3.738    3.738    4.438    4.438    4.631    4.635    5.182    5.182
    8.797
            0.027779  0.027779  0.027779
   -6.427   -6.427   -4.026   -4.021   -4.021   -4.021   -3.452   -3.452   -3.283   -3.280
   -3.280   -3.276    3.732    3.732    4.425    4.425    4.630    4.634    5.197    5.197
    8.798
            0.029042  0.029042  0.029042
   -6.426   -6.426   -4.026   -4.021   -4.021   -4.021   -3.452   -3.452   -3.283   -3.280
   -3.280   -3.276    3.725    3.725    4.413    4.413    4.629    4.633    5.212    5.212
    8.799
            0.030305  0.030305  0.030305
   -6.426   -6.426   -4.026   -4.021   -4.021   -4.021   -3.452   -3.452   -3.283   -3.280
   -3.280   -3.276    3.718    3.718    4.401    4.401    4.627    4.632    5.227    5.227
    8.801
            0.031567  0.031567  0.031567
   -6.425   -6.425   -4.027   -4.021   -4.021   -4.021   -3.452   -3.452   -3.283   -3.280
   -3.280   -3.276    3.711    3.711    4.388    4.388    4.626    4.631    5.243    5.243
    8.802
            0.032830  0.032830  0.032830
   -6.425   -6.425   -4.027   -4.020   -4.020   -4.020   -3.451   -3.451   -3.283   -3.280
   -3.280   -3.276    3.704    3.704    4.376    4.376    4.624    4.629    5.258    5.258
    8.803
            0.034093  0.034093  0.034093
   -6.424   -6.424   -4.027   -4.020   -4.020   -4.020   -3.451   -3.451   -3.283   -3.280
   -3.280   -3.275    3.696    3.696    4.364    4.364    4.623    4.628    5.274    5.274
    8.805
            0.035355  0.035355  0.035355
   -6.424   -6.424   -4.027   -4.020   -4.020   -4.020   -3.451   -3.451   -3.283   -3.280
   -3.280   -3.275    3.688    3.688    4.353    4.353    4.621    4.627    5.289    5.289
    8.806
            0.036618  0.036618  0.036618
   -6.423   -6.423   -4.027   -4.020   -4.019   -4.019   -3.451   -3.451   -3.284   -3.280
   -3.280   -3.275    3.680    3.680    4.341    4.341    4.619    4.625    5.304    5.304
    8.808
            0.037881  0.037881  0.037881
   -6.422   -6.422   -4.027   -4.020   -4.019   -4.019   -3.450   -3.450   -3.284   -3.280
   -3.280   -3.275    3.671    3.671    4.330    4.330    4.618    4.624    5.320    5.320
    8.809
            0.039143  0.039143  0.039143
   -6.422   -6.422   -4.027   -4.020   -4.019   -4.019   -3.450   -3.450   -3.284   -3.280
   -3.280   -3.275    3.662    3.662    4.319    4.319    4.616    4.622    5.335    5.335
    8.811
            0.040406  0.040406  0.040406
   -6.421   -6.421   -4.027   -4.020   -4.018   -4.018   -3.450   -3.450   -3.284   -3.280
   -3.280   -3.274    3.652    3.652    4.308    4.308    4.614    4.621    5.351    5.351
    8.812
            0.041669  0.041669  0.041669
   -6.420   -6.420   -4.027   -4.019   -4.018   -4.018   -3.450   -3.450   -3.284   -3.280
   -3.280   -3.274    3.642    3.642    4.297    4.297    4.612    4.619    5.366    5.366
    8.814
            0.042931  0.042931  0.042931
   -6.420   -6.420   -4.027   -4.019   -4.018   -4.018   -3.449   -3.449   -3.284   -3.280
   -3.280   -3.274    3.632    3.632    4.286    4.286    4.610    4.617    5.381    5.381
    8.816
            0.044194  0.044194  0.044194
   -6.419   -6.419   -4.027   -4.019   -4.017   -4.017   -3.449   -3.449   -3.284   -3.280
   -3.280   -3.274    3.622    3.622    4.276    4.276    4.609    4.615    5.396    5.396
    8.818
            0.045457  0.045457  0.045457
   -6.418   -6.418   -4.027   -4.019   -4.017   -4.017   -3.449   -3.449   -3.284   -3.280
   -3.280   -3.273    3.611    3.611    4.266    4.266    4.607    4.614    5.412    5.412
    8.819
            0.046720  0.046720  0.046720
   -6.418   -6.418   -4.027   -4.019   -4.017   -4.017   -3.448   -3.448   -3.284   -3.279
   -3.279   -3.273    3.600    3.600    4.256    4.256    4.604    4.612    5.427    5.427
    8.821
            0.047982  0.047982  0.047982
   -6.417   -6.417   -4.027   -4.019   -4.016   -4.016   -3.448   -3.448   -3.284   -3.279
   -3.279   -3.273    3.588    3.588    4.247    4.247    4.602    4.610    5.442    5.442
    8.823
            0.049245  0.049245  0.049245
   -6.416   -6.416   -4.028   -4.019   -4.016   -4.016   -3.448   -3.448   -3.284   -3.279
   -3.279   -3.273    3.576    3.576    4.237    4.237    4.600    4.608    5.457    5.457
    8.825
            0.050508  0.050508  0.050508
   -6.415   -6.415   -4.028   -4.018   -4.015   -4.015   -3.448   -3.448   -3.284   -3.279
   -3.279   -3.272    3.564    3.564    4.228    4.228    4.598    4.606    5.471    5.471
    8.827
            0.051770  0.051770  0.051770
   -6.414   -6.414   -4.028   -4.018   -4.015   -4.015   -3.447   -3.447   -3.284   -3.279
   -3.279   -3.272    3.551    3.551    4.219    4.219    4.596    4.604    5.486    5.486
    8.829
            0.053033  0.053033  0.053033
   -6.413   -6.413   -4.028   -4.018   -4.014   -4.014   -3.447   -3.447   -3.284   -3.279
   -3.279   -3.272    3.539    3.539    4.211    4.211    4.594    4.602    5.501    5.501
    8.831
            0.054296  0.054296  0.054296
   -6.413   -6.413   -4.028   -4.018   -4.014   -4.014   -3.446   -3.446   -3.284   -3.279
   -3.279   -3.272    3.525    3.525    4.202    4.202    4.591    4.600    5.516    5.516
    8.833
            0.055558  0.055558  0.055558
   -6.412   -6.412   -4.028   -4.018   -4.013   -4.013   -3.446   -3.446   -3.284   -3.279
   -3.279   -3.271    3.512    3.512    4.194    4.194    4.589    4.598    5.530    5.530
    8.835
            0.056821  0.056821  0.056821
   -6.411   -6.411   -4.028   -4.018   -4.013   -4.013   -3.446   -3.446   -3.284   -3.279
   -3.279   -3.271    3.498    3.498    4.186    4.186    4.587    4.595    5.545    5.545
    8.837
            0.058084  0.058084  0.058084
   -6.410   -6.410   -4.028   -4.018   -4.013   -4.013   -3.445   -3.445   -3.284   -3.279
   -3.279   -3.271    3.484    3.484    4.178    4.178    4.584    4.593    5.559    5.559
    8.840
            0.059346  0.059346  0.059346
   -6.409   -6.409   -4.028   -4.017   -4.012   -4.012   -3.445   -3.445   -3.284   -3.279
   -3.279   -3.271    3.470    3.470    4.170    4.170    4.582    4.591    5.573    5.573
    8.842
            0.060609  0.060609  0.060609
   -6.408   -6.408   -4.028   -4.017   -4.012   -4.012   -3.445   -3.445   -3.284   -3.279
   -3.279   -3.270    3.456    3.456    4.163    4.163    4.579    4.588    5.587    5.587
    8.844
            0.061872  0.061872  0.061872
   -6.407   -6.407   -4.028   -4.017   -4.011   -4.011   -3.444   -3.444   -3.284   -3.279
   -3.279   -3.270    3.441    3.441    4.155    4.155    4.577    4.586    5.602    5.602
    8.846
            0.063135  0.063135  0.063135
   -6.406   -6.406   -4.028   -4.017   -4.010   -4.010   -3.444   -3.444   -3.284   -3.279
   -3.279   -3.270    3.426    3.426    4.148    4.148    4.574    4.584    5.616    5.616
    8.849
            0.064397  0.064397  0.064397
   -6.405   -6.405   -4.028   -4.017   -4.010   -4.010   -3.443   -3.443   -3.284   -3.278
   -3.278   -3.270    3.411    3.411    4.141    4.141    4.571    4.581    5.629    5.629
    8.851
            0.065660  0.065660  0.065660
   -6.404   -6.404   -4.028   -4.017   -4.009   -4.009   -3.443   -3.443   -3.284   -3.278
   -3.278   -3.269    3.395    3.395    4.134    4.134    4.569    4.579    5.643    5.643
    8.854
            0.066923  0.066923  0.066923
   -6.403   -6.403   -4.028   -4.016   -4.009   -4.009   -3.442   -3.442   -3.284   -3.278
   -3.278   -3.269    3.380    3.380    4.127    4.127    4.566    4.576    5.657    5.657
    8.856
            0.068185  0.068185  0.068185
   -6.402   -6.402   -4.028   -4.016   -4.008   -4.008   -3.442   -3.442   -3.284   -3.278
   -3.278   -3.269    3.364    3.364    4.121    4.121    4.563    4.573    5.670    5.670
    8.859
            0.069448  0.069448  0.069448
   -6.401   -6.401   -4.028   -4.016   -4.008   -4.008   -3.442   -3.442   -3.284   -3.278
   -3.278   -3.269    3.348    3.348    4.114    4.114    4.560    4.571    5.684    5.684
    8.861
            0.070711  0.070711  0.070711
   -6.400   -6.400   -4.028   -4.016   -4.007   -4.007   -3.441   -3.441   -3.284   -3.278
   -3.278   -3.268    3.332    3.332    4.108    4.108    4.558    4.568    5.697    5.697
    8.864
            0.071973  0.071973  0.071973
   -6.398   -6.398   -4.028   -4.016   -4.006   -4.006   -3.441   -3.441   -3.284   -3.278
   -3.278   -3.268    3.315    3.315    4.102    4.102    4.555    4.565    5.710    5.710
    8.867
            0.073236  0.073236  0.073236
   -6.397   -6.397   -4.029   -4.016   -4.006   -4.006   -3.440   -3.440   -3.284   -3.278
   -3.278   -3.268    3.299    3.299    4.096    4.096    4.552    4.563    5.723    5.723
    8.870
            0.074499  0.074499  0.074499
   -6.396   -6.396   -4.029   -4.016   -4.005   -4.005   -3.440   -3.440   -3.284   -3.278
   -3.278   -3.268    3.282    3.282    4.090    4.090    4.549    4.560    5.736    5.736
    8.873
            0.075761  0.075761  0.075761
   -6.395   -6.395   -4.029   -4.015   -4.005   -4.005   -3.439   -3.439   -3.284   -3.277
   -3.277   -3.267    3.265    3.265    4.084    4.084    4.546    4.557    5.748    5.748
    8.876
            0.077024  0.077024  0.077024
   -6.394   -6.394   -4.029   -4.015   -4.004   -4.004   -3.439   -3.439   -3.284   -3.277
   -3.277   -3.267    3.248    3.248    4.078    4.078    4.543    4.554    5.761    5.761
    8.879
            0.078287  0.078287  0.078287
   -6.393   -6.393   -4.029   -4.015   -4.003   -4.003   -3.438   -3.438   -3.284   -3.277
   -3.277   -3.267    3.231    3.231    4.072    4.072    4.540    4.551    5.773    5.773
    8.882
            0.079550  0.079550  0.079550
   -6.391   -6.391   -4.029   -4.015   -4.003   -4.003   -3.438   -3.438   -3.284   -3.277
   -3.277   -3.267    3.214    3.214    4.067    4.067    4.537    4.548    5.786    5.786
    8.885
            0.080812  0.080812  0.080812
   -6.390   -6.390   -4.029   -4.015   -4.002   -4.002   -3.437   -3.437   -3.284   -3.277
   -3.277   -3.266    3.196    3.196    4.061    4.061    4.534    4.545    5.798    5.798
    8.889
            0.082075  0.082075  0.082075
   -6.389   -6.389   -4.029   -4.015   -4.001   -4.001   -3.437   -3.437   -3.284   -3.277
   -3.277   -3.266    3.179    3.179    4.056    4.056    4.530    4.542    5.810    5.810
    8.892
            0.083338  0.083338  0.083338
   -6.388   -6.388   -4.029   -4.014   -4.000   -4.000   -3.436   -3.436   -3.284   -3.277
   -3.277   -3.266    3.161    3.161    4.050    4.050    4.527    4.539    5.822    5.822
    8.896
            0.084600  0.084600  0.084600
   -6.386   -6.386   -4.029   -4.014   -4.000   -4.000   -3.436   -3.436   -3.284   -3.276
   -3.276   -3.265    3.143    3.143    4.045    4.045    4.524    4.536    5.833    5.833
    8.899
            0.085863  0.085863  0.085863
   -6.385   -6.385   -4.029   -4.014   -3.999   -3.999   -3.435   -3.435   -3.284   -3.276
   -3.276   -3.265    3.125    3.125    4.040    4.040    4.521    4.533    5.845    5.845
    8.903
            0.087126  0.087126  0.087126
   -6.384   -6.384   -4.029   -4.014   -3.998   -3.998   -3.435   -3.435   -3.284   -3.276
   -3.276   -3.265    3.107    3.107    4.035    4.035    4.518    4.530    5.856    5.856
    8.907
            0.088388  0.088388  0.088388
   -6.382   -6.382   -4.029   -4.014   -3.998   -3.998   -3.434   -3.434   -3.284   -3.276
   -3.276   -3.265    3.089    3.089    4.030    4.030    4.514    4.527    5.868    5.868
    8.911
            0.089651  0.089651  0.089651
   -6.381   -6.381   -4.029   -4.014   -3.997   -3.997   -3.433   -3.433   -3.284   -3.276
   -3.276   -3.264    3.071    3.071    4.025    4.025    4.511    4.523    5.879    5.879
    8.915
            0.090914  0.090914  0.090914
   -6.380   -6.380   -4.029   -4.014   -3.996   -3.996   -3.433   -3.433   -3.283   -3.276
   -3.276   -3.264    3.053    3.053    4.020    4.020    4.508    4.520    5.890    5.890
    8.919
            0.092176  0.092176  0.092176
   -6.378   -6.378   -4.029   -4.013   -3.995   -3.995   -3.432   -3.432   -3.283   -3.275
   -3.275   -3.264    3.035    3.035    4.015    4.015    4.504    4.517    5.900    5.900
    8.923
            0.093439  0.093439  0.093439
   -6.377   -6.377   -4.029   -4.013   -3.994   -3.994   -3.432   -3.432   -3.283   -3.275
   -3.275   -3.263    3.016    3.016    4.010    4.010    4.501    4.514    5.911    5.911
    8.928
            0.094702  0.094702  0.094702
   -6.375   -6.375   -4.029   -4.013   -3.994   -3.994   -3.431   -3.431   -3.283   -3.275
   -3.275   -3.263    2.998    2.998    4.005    4.005    4.497    4.510    5.921    5.921
    8.933
            0.095964  0.095964  0.095964
   -6.374   -6.374   -4.029   -4.013   -3.993   -3.993   -3.431   -3.431   -3.283   -3.275
   -3.275   -3.263    2.979    2.979    4.000    4.000    4.494    4.507    5.932    5.932
    8.937
            0.097227  0.097227  0.097227
   -6.373   -6.373   -4.029   -4.013   -3.992   -3.992   -3.430   -3.430   -3.283   -3.274
   -3.274   -3.263    2.961    2.961    3.995    3.995    4.490    4.504    5.942    5.942
    8.942
            0.098490  0.098490  0.098490
   -6.371   -6.371   -4.029   -4.013   -3.991   -3.991   -3.429   -3.429   -3.283   -3.274
   -3.274   -3.262    2.942    2.942    3.991    3.991    4.487    4.500    5.952    5.952
    8.947
            0.099753  0.099753  0.099753
   -6.370   -6.370   -4.029   -4.013   -3.990   -3.990   -3.429   -3.429   -3.283   -3.274
   -3.274   -3.262    2.923    2.923    3.986    3.986    4.483    4.497    5.961    5.961
    8.952
            0.101015  0.101015  0.101015
   -6.368   -6.368   -4.029   -4.012   -3.990   -3.990   -3.428   -3.428   -3.283   -3.274
   -3.274   -3.262    2.905    2.905    3.981    3.981    4.480    4.493    5.971    5.971
    8.958
            0.102278  0.102278  0.102278
   -6.367   -6.367   -4.029   -4.012   -3.989   -3.989   -3.428   -3.428   -3.283   -3.273
   -3.273   -3.261    2.886    2.886    3.977    3.977    4.476    4.490    5.980    5.980
    8.963
            0.103541  0.103541  0.103541
   -6.365   -6.365   -4.029   -4.012   -3.988   -3.988   -3.427   -3.427   -3.283   -3.273
   -3.273   -3.261    2.867    2.867    3.972    3.972    4.473    4.486    5.989    5.989
    8.969
            0.104803  0.104803  0.104803
   -6.364   -6.364   -4.029   -4.012   -3.987   -3.987   -3.426   -3.426   -3.282   -3.273
   -3.273   -3.261    2.848    2.848    3.967    3.967    4.469    4.483    5.998    5.998
    8.975
            0.106066  0.106066  0.106066
   -6.362   -6.362   -4.029   -4.012   -3.986   -3.986   -3.426   -3.426   -3.282   -3.273
   -3.273   -3.261    2.829    2.829    3.963    3.963    4.465    4.479    6.007    6.007
    8.981
            0.107329  0.107329  0.107329
   -6.361   -6.361   -4.029   -4.012   -3.985   -3.985   -3.425   -3.425   -3.282   -3.272
   -3.272   -3.260    2.811    2.811    3.958    3.958    4.462    4.476    6.016    6.016
    8.987
            0.108591  0.108591  0.108591
   -6.359   -6.359   -4.029   -4.011   -3.984   -3.984   -3.424   -3.424   -3.282   -3.272
   -3.272   -3.260    2.792    2.792    3.954    3.954    4.458    4.472    6.025    6.025
    8.993
            0.109854  0.109854  0.109854
   -6.357   -6.357   -4.029   -4.011   -3.983   -3.983   -3.424   -3.424   -3.282   -3.272
   -3.272   -3.260    2.773    2.773    3.949    3.949    4.454    4.469    6.033    6.033
    9.000
            0.111117  0.111117  0.111117
   -6.356   -6.356   -4.029   -4.011   -3.982   -3.982   -3.423   -3.423   -3.282   -3.271
   -3.271   -3.259    2.754    2.754    3.945    3.945    4.451    4.465    6.041    6.041
    9.006
            0.112379  0.112379  0.112379
   -6.354   -6.354   -4.029   -4.011   -3.982   -3.982   -3.423   -3.423   -3.282   -3.271
   -3.271   -3.259    2.735    2.735    3.940    3.940    4.447    4.461    6.049    6.049
    9.013
            0.113642  0.113642  0.113642
   -6.353   -6.353   -4.029   -4.011   -3.981   -3.981   -3.422   -3.422   -3.282   -3.271
   -3.271   -3.259    2.716    2.716    3.936    3.936    4.443    4.458    6.057    6.057
    9.020
            0.114905  0.114905  0.114905
   -6.351   -6.351   -4.029   -4.011   -3.980   -3.980   -3.421   -3.421   -3.281   -3.270
   -3.270   -3.259    2.697    2.697    3.931    3.931    4.439    4.454    6.065    6.065
    9.028
            0.116168  0.116168  0.116168
   -6.349   -6.349   -4.029   -4.011   -3.979   -3.979   -3.421   -3.421   -3.281   -3.270
   -3.270   -3.258    2.678    2.678    3.927    3.927    4.436    4.450    6.072    6.072
    9.035
            0.117430  0.117430  0.117430
   -6.348   -6.348   -4.029   -4.011   -3.978   -3.978   -3.420   -3.420   -3.281   -3.270
   -3.270   -3.258    2.659    2.659    3.922    3.922    4.432    4.447    6.079    6.079
    9.042
            0.118693  0.118693  0.118693
   -6.346   -6.346   -4.029   -4.010   -3.977   -3.977   -3.419   -3.419   -3.281   -3.269
   -3.269   -3.258    2.639    2.639    3.918    3.918    4.428    4.443    6.086    6.086
    9.050
            0.119956  0.119956  0.119956
   -6.344   -6.344   -4.029   -4.010   -3.976   -3.976   -3.419   -3.419   -3.281   -3.269
   -3.269   -3.257    2.620    2.620    3.914    3.914    4.424    4.439    6.093    6.093
    9.058
            0.121218  0.121218  0.121218
   -6.343   -6.343   -4.029   -4.010   -3.975   -3.975   -3.418   -3.418   -3.281   -3.269
   -3.269   -3.257    2.601    2.601    3.909    3.909    4.420    4.435    6.100    6.100
    9.066
            0.122481  0.122481  0.122481
   -6.341   -6.341   -4.029   -4.010   -3.974   -3.974   -3.417   -3.417   -3.281   -3.268
   -3.268   -3.257    2.582    2.582    3.905    3.905    4.417    4.432    6.107    6.107
    9.075
            0.123744  0.123744  0.123744
   -6.339   -6.339   -4.029   -4.010   -3.973   -3.973   -3.417   -3.417   -3.280   -3.268
   -3.268   -3.256    2.563    2.563    3.901    3.901    4.413    4.428    6.113    6.113
    9.083
            0.125006  0.125006  0.125006
   -6.338   -6.338   -4.029   -4.010   -3.972   -3.972   -3.416   -3.416   -3.280   -3.267
   -3.267   -3.256    2.544    2.544    3.896    3.896    4.409    4.424    6.119    6.119
    9.092
            0.126269  0.126269  0.126269
   -6.336   -6.336   -4.029   -4.010   -3.971   -3.971   -3.415   -3.415   -3.280   -3.267
   -3.267   -3.256    2.525    2.525    3.892    3.892    4.405    4.420    6.126    6.126
    9.100
            0.127532  0.127532  0.127532
   -6.334   -6.334   -4.029   -4.009   -3.970   -3.970   -3.415   -3.415   -3.280   -3.266
   -3.266   -3.256    2.506    2.506    3.888    3.888    4.401    4.416    6.131    6.131
    9.109
            0.128794  0.128794  0.128794
   -6.333   -6.333   -4.029   -4.009   -3.969   -3.969   -3.414   -3.414   -3.280   -3.266
   -3.266   -3.255    2.487    2.487    3.883    3.883    4.397    4.413    6.137    6.137
    9.119
            0.130057  0.130057  0.130057
   -6.331   -6.331   -4.029   -4.009   -3.967   -3.967   -3.413   -3.413   -3.280   -3.265
   -3.265   -3.255    2.468    2.468    3.879    3.879    4.393    4.409    6.143    6.143
    9.128
            0.131320  0.131320  0.131320
   -6.329   -6.329   -4.028   -4.009   -3.966   -3.966   -3.413   -3.413   -3.279   -3.265
   -3.265   -3.255    2.449    2.449    3.875    3.875    4.389    4.405    6.148    6.148
    9.137
            0.132583  0.132583  0.132583
   -6.327   -6.327   -4.028   -4.009   -3.965   -3.965   -3.412   -3.412   -3.279   -3.264
   -3.264   -3.254    2.430    2.430    3.870    3.870    4.385    4.401    6.153    6.153
    9.147
            0.133845  0.133845  0.133845
   -6.326   -6.326   -4.028   -4.009   -3.964   -3.964   -3.411   -3.411   -3.279   -3.264
   -3.264   -3.254    2.411    2.411    3.866    3.866    4.381    4.397    6.159    6.159
    9.157
            0.135108  0.135108  0.135108
   -6.324   -6.324   -4.028   -4.009   -3.963   -3.963   -3.411   -3.411   -3.279   -3.263
   -3.263   -3.254    2.391    2.391    3.862    3.862    4.377    4.393    6.163    6.163
    9.167
            0.136371  0.136371  0.136371
   -6.322   -6.322   -4.028   -4.009   -3.962   -3.962   -3.410   -3.410   -3.279   -3.263
   -3.263   -3.254    2.372    2.372    3.858    3.858    4.374    4.389    6.168    6.168
    9.177
            0.137633  0.137633  0.137633
   -6.320   -6.320   -4.028   -4.008   -3.961   -3.961   -3.409   -3.409   -3.279   -3.262
   -3.262   -3.253    2.353    2.353    3.853    3.853    4.370    4.385    6.173    6.173
    9.187
            0.138896  0.138896  0.138896
   -6.319   -6.319   -4.028   -4.008   -3.960   -3.960   -3.409   -3.409   -3.278   -3.261
   -3.261   -3.253    2.334    2.334    3.849    3.849    4.366    4.381    6.177    6.177
    9.198
            0.140159  0.140159  0.140159
   -6.317   -6.317   -4.028   -4.008   -3.959   -3.959   -3.408   -3.408   -3.278   -3.261
   -3.261   -3.253    2.316    2.316    3.845    3.845    4.362    4.378    6.181    6.181
    9.208
            0.141421  0.141421  0.141421
   -6.315   -6.315   -4.028   -4.008   -3.958   -3.958   -3.407   -3.407   -3.278   -3.260
   -3.260   -3.252    2.297    2.297    3.841    3.841    4.358    4.374    6.186    6.186
    9.219
            0.142684  0.142684  0.142684
   -6.313   -6.313   -4.028   -4.008   -3.956   -3.956   -3.407   -3.407   -3.278   -3.260
   -3.260   -3.252    2.278    2.278    3.837    3.837    4.354    4.370    6.190    6.190
    9.229
            0.143947  0.143947  0.143947
   -6.311   -6.311   -4.028   -4.008   -3.955   -3.955   -3.406   -3.406   -3.278   -3.259
   -3.259   -3.252    2.259    2.259    3.832    3.832    4.350    4.366    6.193    6.193
    9.240
            0.145209  0.145209  0.145209
   -6.309   -6.309   -4.028   -4.008   -3.954   -3.954   -3.405   -3.405   -3.277   -3.258
   -3.258   -3.251    2.240    2.240    3.828    3.828    4.346    4.362    6.197    6.197
    9.250
            0.146472  0.146472  0.146472
   -6.308   -6.308   -4.028   -4.008   -3.953   -3.953   -3.405   -3.405   -3.277   -3.258
   -3.258   -3.251    2.221    2.221    3.824    3.824    4.342    4.358    6.201    6.201
    9.261
            0.147735  0.147735  0.147735
   -6.306   -6.306   -4.028   -4.007   -3.952   -3.952   -3.404   -3.404   -3.277   -3.257
   -3.257   -3.251    2.202    2.202    3.820    3.820    4.338    4.354    6.204    6.204
    9.271
            0.148998  0.148998  0.148998
   -6.304   -6.304   -4.028   -4.007   -3.951   -3.951   -3.403   -3.403   -3.277   -3.256
   -3.256   -3.251    2.183    2.183    3.816    3.816    4.334    4.350    6.207    6.207
    9.282
            0.150260  0.150260  0.150260
   -6.302   -6.302   -4.028   -4.007   -3.949   -3.949   -3.403   -3.403   -3.277   -3.255
   -3.255   -3.250    2.165    2.165    3.812    3.812    4.330    4.346    6.210    6.210
    9.292
            0.151523  0.151523  0.151523
   -6.300   -6.300   -4.028   -4.007   -3.948   -3.948   -3.402   -3.402   -3.276   -3.255
   -3.255   -3.250    2.146    2.146    3.808    3.808    4.326    4.342    6.213    6.213
    9.301
            0.152786  0.152786  0.152786
   -6.298   -6.298   -4.028   -4.007   -3.947   -3.947   -3.401   -3.401   -3.276   -3.254
   -3.254   -3.250    2.127    2.127    3.803    3.803    4.322    4.338    6.216    6.216
    9.311
            0.154048  0.154048  0.154048
   -6.297   -6.297   -4.028   -4.007   -3.946   -3.946   -3.401   -3.401   -3.276   -3.253
   -3.253   -3.249    2.108    2.108    3.799    3.799    4.318    4.334    6.219    6.219
    9.319
            0.155311  0.155311  0.155311
   -6.295   -6.295   -4.028   -4.007   -3.945   -3.945   -3.400   -3.400   -3.276   -3.252
   -3.252   -3.249    2.090    2.090    3.795    3.795    4.314    4.330    6.221    6.221
    9.328
            0.156574  0.156574  0.156574
   -6.293   -6.293   -4.027   -4.007   -3.943   -3.943   -3.400   -3.400   -3.275   -3.251
   -3.251   -3.249    2.071    2.071    3.791    3.791    4.310    4.326    6.224    6.224
    9.335
            0.157836  0.157836  0.157836
   -6.291   -6.291   -4.027   -4.007   -3.942   -3.942   -3.399   -3.399   -3.275   -3.250
   -3.250   -3.249    2.053    2.053    3.787    3.787    4.306    4.322    6.226    6.226
    9.342
            0.159099  0.159099  0.159099
   -6.289   -6.289   -4.027   -4.007   -3.941   -3.941   -3.398   -3.398   -3.275   -3.249
   -3.249   -3.248    2.034    2.034    3.783    3.783    4.302    4.318    6.228    6.228
    9.349
            0.160362  0.160362  0.160362
   -6.287   -6.287   -4.027   -4.006   -3.940   -3.940   -3.398   -3.398   -3.275   -3.249
   -3.249   -3.248    2.016    2.016    3.779    3.779    4.298    4.314    6.230    6.230
    9.355
            0.161624  0.161624  0.161624
   -6.285   -6.285   -4.027   -4.006   -3.939   -3.939   -3.397   -3.397   -3.274   -3.248
   -3.248   -3.248    1.997    1.997    3.775    3.775    4.294    4.310    6.232    6.232
    9.361
            0.162887  0.162887  0.162887
   -6.284   -6.284   -4.027   -4.006   -3.937   -3.937   -3.397   -3.397   -3.274   -3.247
   -3.247   -3.247    1.979    1.979    3.771    3.771    4.290    4.306    6.234    6.234
    9.366
            0.164150  0.164150  0.164150
   -6.282   -6.282   -4.027   -4.006   -3.936   -3.936   -3.396   -3.396   -3.274   -3.247
   -3.246   -3.246    1.960    1.960    3.767    3.767    4.286    4.302    6.236    6.236
    9.371
            0.165412  0.165412  0.165412
   -6.280   -6.280   -4.027   -4.006   -3.935   -3.935   -3.395   -3.395   -3.274   -3.247
   -3.245   -3.245    1.942    1.942    3.763    3.763    4.282    4.298    6.237    6.237
    9.376
            0.166675  0.166675  0.166675
   -6.278   -6.278   -4.027   -4.006   -3.934   -3.934   -3.395   -3.395   -3.273   -3.247
   -3.244   -3.244    1.924    1.924    3.759    3.759    4.278    4.294    6.239    6.239
    9.381
            0.167938  0.167938  0.167938
   -6.276   -6.276   -4.027   -4.006   -3.932   -3.932   -3.394   -3.394   -3.273   -3.246
   -3.243   -3.243    1.905    1.905    3.755    3.755    4.274    4.291    6.240    6.240
    9.385
            0.169201  0.169201  0.169201
   -6.274   -6.274   -4.027   -4.006   -3.931   -3.931   -3.394   -3.394   -3.273   -3.246
   -3.242   -3.242    1.887    1.887    3.751    3.751    4.270    4.287    6.242    6.242
    9.390
            0.170463  0.170463  0.170463
   -6.272   -6.272   -4.027   -4.006   -3.930   -3.930   -3.393   -3.393   -3.273   -3.246
   -3.240   -3.240    1.869    1.869    3.747    3.747    4.266    4.283    6.243    6.243
    9.394
            0.171726  0.171726  0.171726
   -6.270   -6.270   -4.027   -4.006   -3.929   -3.929   -3.393   -3.393   -3.272   -3.246
   -3.239   -3.239    1.851    1.851    3.743    3.743    4.263    4.279    6.244    6.244
    9.398
            0.172989  0.172989  0.172989
   -6.268   -6.268   -4.027   -4.005   -3.927   -3.927   -3.392   -3.392   -3.272   -3.245
   -3.238   -3.238    1.833    1.833    3.739    3.739    4.259    4.275    6.245    6.245
    9.402
            0.174251  0.174251  0.174251
   -6.267   -6.267   -4.026   -4.005   -3.926   -3.926   -3.392   -3.392   -3.272   -3.245
   -3.237   -3.237    1.815    1.815    3.735    3.735    4.255    4.271    6.246    6.246
    9.406
            0.175514  0.175514  0.175514
   -6.265   -6.265   -4.026   -4.005   -3.925   -3.925   -3.391   -3.391   -3.272   -3.245
   -3.236   -3.236    1.797    1.797    3.731    3.731    4.251    4.267    6.246    6.246
    9.409
            0.176777  0.176777  0.176777
   -6.263   -6.263   -4.026   -4.005   -3.923   -3.923   -3.390   -3.390   -3.271   -3.244
   -3.235   -3.235    1.779    1.779    3.727    3.727    4.247    4.263    6.247    6.247
    9.413
            0.178039  0.178039  0.178039
   -6.261   -6.261   -4.026   -4.005   -3.922   -3.922   -3.390   -3.390   -3.271   -3.244
   -3.233   -3.233    1.761    1.761    3.723    3.723    4.243    4.259    6.248    6.248
    9.416
            0.179302  0.179302  0.179302
   -6.259   -6.259   -4.026   -4.005   -3.921   -3.921   -3.389   -3.389   -3.271   -3.244
   -3.232   -3.232    1.743    1.743    3.719    3.719    4.239    4.255    6.248    6.248
    9.420
            0.180565  0.180565  0.180565
   -6.257   -6.257   -4.026   -4.005   -3.920   -3.920   -3.389   -3.389   -3.271   -3.244
   -3.231   -3.231    1.726    1.726    3.716    3.716    4.235    4.251    6.249    6.249
    9.423
            0.181827  0.181827  0.181827
   -6.255   -6.255   -4.026   -4.005   -3.918   -3.918   -3.388   -3.388   -3.270   -3.243
   -3.230   -3.230    1.708    1.708    3.712    3.712    4.232    4.248    6.249    6.249
    9.427
            0.183090  0.183090  0.183090
   -6.253   -6.253   -4.026   -4.005   -3.917   -3.917   -3.388   -3.388   -3.270   -3.243
   -3.228   -3.228    1.690    1.690    3.708    3.708    4.228    4.244    6.249    6.249
    9.430
            0.184353  0.184353  0.184353
   -6.251   -6.251   -4.026   -4.005   -3.916   -3.916   -3.388   -3.388   -3.270   -3.243
   -3.227   -3.227    1.673    1.673    3.704    3.704    4.224    4.240    6.249    6.249
    9.433
            0.185616  0.185616  0.185616
   -6.250   -6.250   -4.026   -4.005   -3.914   -3.914   -3.387   -3.387   -3.269   -3.243
   -3.226   -3.226    1.655    1.655    3.700    3.700    4.220    4.236    6.249    6.249
    9.436
            0.186878  0.186878  0.186878
   -6.248   -6.248   -4.026   -4.005   -3.913   -3.913   -3.387   -3.387   -3.269   -3.242
   -3.224   -3.224    1.638    1.638    3.696    3.696    4.216    4.232    6.249    6.249
    9.439
            0.188141  0.188141  0.188141
   -6.246   -6.246   -4.026   -4.005   -3.912   -3.912   -3.386   -3.386   -3.269   -3.242
   -3.223   -3.223    1.620    1.620    3.693    3.693    4.212    4.228    6.249    6.249
    9.442
            0.189404  0.189404  0.189404
   -6.244   -6.244   -4.025   -4.005   -3.910   -3.910   -3.386   -3.386   -3.269   -3.242
   -3.221   -3.221    1.603    1.603    3.689    3.689    4.209    4.225    6.249    6.249
    9.445
            0.190666  0.190666  0.190666
   -6.242   -6.242   -4.025   -4.004   -3.909   -3.909   -3.385   -3.385   -3.268   -3.242
   -3.220   -3.220    1.586    1.586    3.685    3.685    4.205    4.221    6.249    6.249
    9.448
            0.191929  0.191929  0.191929
   -6.240   -6.240   -4.025   -4.004   -3.908   -3.908   -3.385   -3.385   -3.268   -3.241
   -3.218   -3.218    1.569    1.569    3.681    3.681    4.201    4.217    6.249    6.249
    9.450
            0.193192  0.193192  0.193192
   -6.238   -6.238   -4.025   -4.004   -3.906   -3.906   -3.384   -3.384   -3.268   -3.241
   -3.217   -3.217    1.552    1.552    3.678    3.678    4.198    4.213    6.249    6.249
    9.453
            0.194454  0.194454  0.194454
   -6.237   -6.237   -4.025   -4.004   -3.905   -3.905   -3.384   -3.384   -3.267   -3.241
   -3.215   -3.215    1.534    1.534    3.674    3.674    4.194    4.210    6.248    6.248
    9.456
            0.195717  0.195717  0.195717
   -6.235   -6.235   -4.025   -4.004   -3.904   -3.904   -3.384   -3.384   -3.267   -3.241
   -3.214   -3.214    1.517    1.517    3.670    3.670    4.190    4.206    6.248    6.248
    9.458
            0.196980  0.196980  0.196980
   -6.233   -6.233   -4.025   -4.004   -3.902   -3.902   -3.383   -3.383   -3.267   -3.240
   -3.212   -3.212    1.501    1.501    3.667    3.667    4.186    4.202    6.247    6.247
    9.461
            0.198242  0.198242  0.198242
   -6.231   -6.231   -4.025   -4.004   -3.901   -3.901   -3.383   -3.383   -3.267   -3.240
   -3.211   -3.211    1.484    1.484    3.663    3.663    4.183    4.198    6.247    6.247
    9.463
            0.199505  0.199505  0.199505
   -6.229   -6.229   -4.025   -4.004   -3.900   -3.900   -3.383   -3.383   -3.266   -3.240
   -3.209   -3.209    1.467    1.467    3.659    3.659    4.179    4.195    6.246    6.246
    9.465
            0.200768  0.200768  0.200768
   -6.227   -6.227   -4.025   -4.004   -3.899   -3.899   -3.382   -3.382   -3.266   -3.240
   -3.207   -3.207    1.450    1.450    3.656    3.656    4.176    4.191    6.245    6.245
    9.468
            0.202031  0.202031  0.202031
   -6.225   -6.225   -4.025   -4.004   -3.897   -3.897   -3.382   -3.382   -3.266   -3.239
   -3.206   -3.206    1.433    1.433    3.652    3.652    4.172    4.187    6.245    6.245
    9.470
            0.203293  0.203293  0.203293
   -6.224   -6.224   -4.024   -4.004   -3.896   -3.896   -3.381   -3.381   -3.265   -3.239
   -3.204   -3.204    1.417    1.417    3.649    3.649    4.168    4.184    6.244    6.244
    9.472
            0.204556  0.204556  0.204556
   -6.222   -6.222   -4.024   -4.004   -3.895   -3.895   -3.381   -3.381   -3.265   -3.239
   -3.202   -3.202    1.400    1.400    3.645    3.645    4.165    4.180    6.243    6.243
    9.474
            0.205819  0.205819  0.205819
   -6.220   -6.220   -4.024   -4.004   -3.893   -3.893   -3.381   -3.381   -3.265   -3.239
   -3.201   -3.201    1.384    1.384    3.642    3.642    4.161    4.177    6.242    6.242
    9.476
            0.207081  0.207081  0.207081
   -6.218   -6.218   -4.024   -4.004   -3.892   -3.892   -3.380   -3.380   -3.264   -3.238
   -3.199   -3.199    1.368    1.368    3.638    3.638    4.158    4.173    6.241    6.241
    9.478
            0.208344  0.208344  0.208344
   -6.216   -6.216   -4.024   -4.004   -3.891   -3.891   -3.380   -3.380   -3.264   -3.238
   -3.197   -3.197    1.351    1.351    3.635    3.635    4.154    4.169    6.241    6.241
    9.480
            0.209607  0.209607  0.209607
   -6.215   -6.215   -4.024   -4.004   -3.889   -3.889   -3.380   -3.380   -3.264   -3.238
   -3.195   -3.195    1.335    1.335    3.631    3.631    4.151    4.166    6.240    6.240
    9.482
            0.210869  0.210869  0.210869
   -6.213   -6.213   -4.024   -4.004   -3.888   -3.888   -3.380   -3.380   -3.263   -3.238
   -3.193   -3.193    1.319    1.319    3.628    3.628    4.147    4.162    6.239    6.239
    9.484
            0.212132  0.212132  0.212132
   -6.211   -6.211   -4.024   -4.004   -3.887   -3.887   -3.379   -3.379   -3.263   -3.238
   -3.192   -3.192    1.303    1.303    3.624    3.624    4.144    4.159    6.238    6.238
    9.485
            0.213395  0.213395  0.213395
   -6.209   -6.209   -4.024   -4.004   -3.885   -3.885   -3.379   -3.379   -3.263   -3.237
   -3.190   -3.190    1.287    1.287    3.621    3.621    4.140    4.155    6.236    6.236
    9.487
            0.214657  0.214657  0.214657
   -6.207   -6.207   -4.023   -4.004   -3.884   -3.884   -3.379   -3.379   -3.263   -3.237
   -3.188   -3.188    1.271    1.271    3.617    3.617    4.137    4.152    6.235    6.235
    9.489
            0.215920  0.215920  0.215920
   -6.206   -6.206   -4.023   -4.004   -3.883   -3.883   -3.378   -3.378   -3.262   -3.237
   -3.186   -3.186    1.255    1.255    3.614    3.614    4.134    4.148    6.234    6.234
    9.490
            0.217183  0.217183  0.217183
   -6.204   -6.204   -4.023   -4.004   -3.882   -3.882   -3.378   -3.378   -3.262   -3.237
   -3.184   -3.184    1.240    1.240    3.611    3.611    4.130    4.145    6.233    6.233
    9.492
            0.218445  0.218445  0.218445
   -6.202   -6.202   -4.023   -4.003   -3.880   -3.880   -3.378   -3.378   -3.262   -3.237
   -3.182   -3.182    1.224    1.224    3.607    3.607    4.127    4.141    6.232    6.232
    9.493
            0.219708  0.219708  0.219708
   -6.200   -6.200   -4.023   -4.003   -3.879   -3.879   -3.378   -3.378   -3.261   -3.236
   -3.180   -3.180    1.209    1.209    3.604    3.604    4.123    4.138    6.231    6.231
    9.495
            0.220971  0.220971  0.220971
   -6.199   -6.199   -4.023   -4.003   -3.878   -3.878   -3.377   -3.377   -3.261   -3.236
   -3.178   -3.178    1.193    1.193    3.601    3.601    4.120    4.135    6.229    6.229
    9.496
            0.222234  0.222234  0.222234
   -6.197   -6.197   -4.023   -4.003   -3.876   -3.876   -3.377   -3.377   -3.261   -3.236
   -3.176   -3.176    1.178    1.178    3.597    3.597    4.117    4.131    6.228    6.228
    9.497
            0.223496  0.223496  0.223496
   -6.195   -6.195   -4.023   -4.003   -3.875   -3.875   -3.377   -3.377   -3.260   -3.236
   -3.174   -3.174    1.162    1.162    3.594    3.594    4.114    4.128    6.227    6.227
    9.499
            0.224759  0.224759  0.224759
   -6.194   -6.194   -4.023   -4.003   -3.874   -3.874   -3.377   -3.377   -3.260   -3.236
   -3.172   -3.172    1.147    1.147    3.591    3.591    4.110    4.125    6.225    6.225
    9.500
            0.226022  0.226022  0.226022
   -6.192   -6.192   -4.022   -4.003   -3.873   -3.873   -3.377   -3.377   -3.260   -3.235
   -3.170   -3.170    1.132    1.132    3.588    3.588    4.107    4.121    6.224    6.224
    9.501
            0.227284  0.227284  0.227284
   -6.190   -6.190   -4.022   -4.003   -3.871   -3.871   -3.376   -3.376   -3.259   -3.235
   -3.168   -3.168    1.117    1.117    3.585    3.585    4.104    4.118    6.223    6.223
    9.502
            0.228547  0.228547  0.228547
   -6.189   -6.189   -4.022   -4.003   -3.870   -3.870   -3.376   -3.376   -3.259   -3.235
   -3.166   -3.166    1.102    1.102    3.582    3.582    4.101    4.115    6.221    6.221
    9.503
            0.229810  0.229810  0.229810
   -6.187   -6.187   -4.022   -4.003   -3.869   -3.869   -3.376   -3.376   -3.259   -3.235
   -3.164   -3.164    1.088    1.088    3.578    3.578    4.098    4.112    6.220    6.220
    9.504
            0.231072  0.231072  0.231072
   -6.185   -6.185   -4.022   -4.003   -3.868   -3.868   -3.376   -3.376   -3.258   -3.235
   -3.162   -3.162    1.073    1.073    3.575    3.575    4.095    4.108    6.219    6.219
    9.505
            0.232335  0.232335  0.232335
   -6.184   -6.184   -4.022   -4.003   -3.866   -3.866   -3.376   -3.376   -3.258   -3.234
   -3.160   -3.160    1.058    1.058    3.572    3.572    4.091    4.105    6.217    6.217
    9.506
            0.233598  0.233598  0.233598
   -6.182   -6.182   -4.022   -4.003   -3.865   -3.865   -3.375   -3.375   -3.258   -3.234
   -3.158   -3.158    1.044    1.044    3.569    3.569    4.088    4.102    6.216    6.216
    9.507
            0.234860  0.234860  0.234860
   -6.180   -6.180   -4.022   -4.003   -3.864   -3.864   -3.375   -3.375   -3.257   -3.234
   -3.156   -3.156    1.029    1.029    3.566    3.566    4.085    4.099    6.214    6.214
    9.508
            0.236123  0.236123  0.236123
   -6.179   -6.179   -4.021   -4.003   -3.863   -3.863   -3.375   -3.375   -3.257   -3.234
   -3.153   -3.153    1.015    1.015    3.563    3.563    4.082    4.096    6.213    6.213
    9.508
            0.237386  0.237386  0.237386
   -6.177   -6.177   -4.021   -4.003   -3.861   -3.861   -3.375   -3.375   -3.257   -3.234
   -3.151   -3.151    1.001    1.001    3.560    3.560    4.079    4.093    6.211    6.211
    9.509
            0.238649  0.238649  0.238649
   -6.176   -6.176   -4.021   -4.003   -3.860   -3.860   -3.375   -3.375   -3.256   -3.234
   -3.149   -3.149    0.987    0.987    3.557    3.557    4.076    4.090    6.210    6.210
    9.510
            0.239911  0.239911  0.239911
   -6.174   -6.174   -4.021   -4.003   -3.859   -3.859   -3.375   -3.375   -3.256   -3.233
   -3.147   -3.147    0.973    0.973    3.554    3.554    4.073    4.087    6.208    6.208
    9.510
            0.241174  0.241174  0.241174
   -6.172   -6.172   -4.021   -4.003   -3.858   -3.858   -3.374   -3.374   -3.256   -3.233
   -3.145   -3.145    0.959    0.959    3.551    3.551    4.071    4.084    6.207    6.207
    9.511
            0.242437  0.242437  0.242437
   -6.171   -6.171   -4.021   -4.003   -3.857   -3.857   -3.374   -3.374   -3.256   -3.233
   -3.143   -3.143    0.945    0.945    3.549    3.549    4.068    4.081    6.205    6.205
    9.512
            0.243699  0.243699  0.243699
   -6.169   -6.169   -4.021   -4.003   -3.855   -3.855   -3.374   -3.374   -3.255   -3.233
   -3.140   -3.140    0.931    0.931    3.546    3.546    4.065    4.078    6.204    6.204
    9.512
            0.244962  0.244962  0.244962
   -6.168   -6.168   -4.021   -4.003   -3.854   -3.854   -3.374   -3.374   -3.255   -3.233
   -3.138   -3.138    0.918    0.918    3.543    3.543    4.062    4.075    6.202    6.202
    9.513
            0.246225  0.246225  0.246225
   -6.166   -6.166   -4.021   -4.003   -3.853   -3.853   -3.374   -3.374   -3.255   -3.233
   -3.136   -3.136    0.904    0.904    3.540    3.540    4.059    4.072    6.201    6.201
    9.513
            0.247487  0.247487  0.247487
   -6.165   -6.165   -4.020   -4.003   -3.852   -3.852   -3.374   -3.374   -3.254   -3.232
   -3.134   -3.134    0.891    0.891    3.537    3.537    4.056    4.069    6.199    6.199
    9.514
            0.248750  0.248750  0.248750
   -6.163   -6.163   -4.020   -4.003   -3.851   -3.851   -3.374   -3.374   -3.254   -3.232
   -3.132   -3.132    0.878    0.878    3.535    3.535    4.054    4.066    6.198    6.198
    9.514
            0.250013  0.250013  0.250013
   -6.162   -6.162   -4.020   -4.003   -3.850   -3.850   -3.374   -3.374   -3.254   -3.232
   -3.129   -3.129    0.865    0.865    3.532    3.532    4.051    4.063    6.196    6.196
    9.514
            0.251275  0.251275  0.251275
   -6.160   -6.160   -4.020   -4.003   -3.849   -3.849   -3.373   -3.373   -3.253   -3.232
   -3.127   -3.127    0.852    0.852    3.529    3.529    4.048    4.060    6.195    6.195
    9.515
            0.252538  0.252538  0.252538
   -6.159   -6.159   -4.020   -4.003   -3.847   -3.847   -3.373   -3.373   -3.253   -3.232
   -3.125   -3.125    0.839    0.839    3.527    3.527    4.046    4.058    6.193    6.193
    9.515
            0.253801  0.253801  0.253801
   -6.157   -6.157   -4.020   -4.003   -3.846   -3.846   -3.373   -3.373   -3.253   -3.232
   -3.123   -3.123    0.826    0.826    3.524    3.524    4.043    4.055    6.192    6.192
    9.515
            0.255064  0.255064  0.255064
   -6.156   -6.156   -4.020   -4.004   -3.845   -3.845   -3.373   -3.373   -3.252   -3.232
   -3.120   -3.120    0.813    0.813    3.521    3.521    4.040    4.052    6.190    6.190
    9.515
            0.256326  0.256326  0.256326
   -6.155   -6.155   -4.019   -4.004   -3.844   -3.844   -3.373   -3.373   -3.252   -3.232
   -3.118   -3.118    0.801    0.801    3.519    3.519    4.038    4.049    6.189    6.189
    9.516
            0.257589  0.257589  0.257589
   -6.153   -6.153   -4.019   -4.004   -3.843   -3.843   -3.373   -3.373   -3.252   -3.231
   -3.116   -3.116    0.788    0.788    3.516    3.516    4.035    4.047    6.187    6.187
    9.516
            0.258852  0.258852  0.258852
   -6.152   -6.152   -4.019   -4.004   -3.842   -3.842   -3.373   -3.373   -3.251   -3.231
   -3.114   -3.114    0.776    0.776    3.514    3.514    4.033    4.044    6.186    6.186
    9.516
            0.260114  0.260114  0.260114
   -6.150   -6.150   -4.019   -4.004   -3.841   -3.841   -3.373   -3.373   -3.251   -3.231
   -3.111   -3.111    0.764    0.764    3.511    3.511    4.030    4.042    6.184    6.184
    9.516
            0.261377  0.261377  0.261377
   -6.149   -6.149   -4.019   -4.004   -3.840   -3.840   -3.373   -3.373   -3.251   -3.231
   -3.109   -3.109    0.752    0.752    3.509    3.509    4.028    4.039    6.183    6.183
    9.516
            0.262640  0.262640  0.262640
   -6.148   -6.148   -4.019   -4.004   -3.839   -3.839   -3.373   -3.373   -3.250   -3.231
   -3.107   -3.107    0.740    0.740    3.506    3.506    4.025    4.036    6.181    6.181
    9.516
            0.263902  0.263902  0.263902
   -6.146   -6.146   -4.019   -4.004   -3.838   -3.838   -3.373   -3.373   -3.250   -3.231
   -3.105   -3.105    0.728    0.728    3.504    3.504    4.023    4.034    6.180    6.180
    9.516
            0.265165  0.265165  0.265165
   -6.145   -6.145   -4.019   -4.004   -3.837   -3.837   -3.372   -3.372   -3.250   -3.231
   -3.102   -3.102    0.717    0.717    3.502    3.502    4.021    4.031    6.178    6.178
    9.516
            0.266428  0.266428  0.266428
   -6.144   -6.144   -4.018   -4.004   -3.836   -3.836   -3.372   -3.372   -3.249   -3.231
   -3.100   -3.100    0.705    0.705    3.499    3.499    4.018    4.029    6.177    6.177
    9.516
            0.267690  0.267690  0.267690
   -6.143   -6.143   -4.018   -4.004   -3.835   -3.835   -3.372   -3.372   -3.249   -3.231
   -3.098   -3.098    0.694    0.694    3.497    3.497    4.016    4.027    6.175    6.175
    9.516
            0.268953  0.268953  0.268953
   -6.141   -6.141   -4.018   -4.004   -3.834   -3.834   -3.372   -3.372   -3.249   -3.230
   -3.096   -3.096    0.682    0.682    3.495    3.495    4.014    4.024    6.174    6.174
    9.516
            0.270216  0.270216  0.270216
   -6.140   -6.140   -4.018   -4.004   -3.833   -3.833   -3.372   -3.372   -3.249   -3.230
   -3.094   -3.094    0.671    0.671    3.492    3.492    4.011    4.022    6.172    6.172
    9.516
            0.271478  0.271478  0.271478
   -6.139   -6.139   -4.018   -4.004   -3.832   -3.832   -3.372   -3.372   -3.248   -3.230
   -3.091   -3.091    0.660    0.660    3.490    3.490    4.009    4.019    6.171    6.171
    9.516
            0.272741  0.272741  0.272741
   -6.138   -6.138   -4.018   -4.004   -3.831   -3.831   -3.372   -3.372   -3.248   -3.230
   -3.089   -3.089    0.649    0.649    3.488    3.488    4.007    4.017    6.170    6.170
    9.516
            0.274004  0.274004  0.274004
   -6.136   -6.136   -4.018   -4.004   -3.830   -3.830   -3.372   -3.372   -3.248   -3.230
   -3.087   -3.087    0.639    0.639    3.486    3.486    4.005    4.015    6.168    6.168
    9.516
            0.275267  0.275267  0.275267
   -6.135   -6.135   -4.018   -4.004   -3.829   -3.829   -3.372   -3.372   -3.247   -3.230
   -3.085   -3.085    0.628    0.628    3.484    3.484    4.003    4.013    6.167    6.167
    9.516
            0.276529  0.276529  0.276529
   -6.134   -6.134   -4.017   -4.004   -3.828   -3.828   -3.372   -3.372   -3.247   -3.230
   -3.083   -3.083    0.618    0.618    3.482    3.482    4.001    4.010    6.165    6.165
    9.516
            0.277792  0.277792  0.277792
   -6.133   -6.133   -4.017   -4.004   -3.827   -3.827   -3.372   -3.372   -3.247   -3.230
   -3.081   -3.081    0.607    0.607    3.480    3.480    3.999    4.008    6.164    6.164
    9.516
            0.279055  0.279055  0.279055
   -6.132   -6.132   -4.017   -4.004   -3.826   -3.826   -3.372   -3.372   -3.246   -3.230
   -3.078   -3.078    0.597    0.597    3.478    3.478    3.997    4.006    6.163    6.163
    9.515
            0.280317  0.280317  0.280317
   -6.131   -6.131   -4.017   -4.004   -3.825   -3.825   -3.372   -3.372   -3.246   -3.230
   -3.076   -3.076    0.587    0.587    3.476    3.476    3.995    4.004    6.161    6.161
    9.515
            0.281580  0.281580  0.281580
   -6.130   -6.130   -4.017   -4.004   -3.825   -3.825   -3.372   -3.372   -3.246   -3.230
   -3.074   -3.074    0.577    0.577    3.474    3.474    3.993    4.002    6.160    6.160
    9.515
            0.282843  0.282843  0.282843
   -6.128   -6.128   -4.017   -4.004   -3.824   -3.824   -3.372   -3.372   -3.246   -3.230
   -3.072   -3.072    0.567    0.567    3.472    3.472    3.991    4.000    6.159    6.159
    9.515
            0.284105  0.284105  0.284105
   -6.127   -6.127   -4.017   -4.004   -3.823   -3.823   -3.372   -3.372   -3.245   -3.230
   -3.070   -3.070    0.558    0.558    3.470    3.470    3.989    3.998    6.157    6.157
    9.515
            0.285368  0.285368  0.285368
   -6.126   -6.126   -4.016   -4.005   -3.822   -3.822   -3.372   -3.372   -3.245   -3.230
   -3.068   -3.068    0.548    0.548    3.468    3.468    3.987    3.996    6.156    6.156
    9.514
            0.286631  0.286631  0.286631
   -6.125   -6.125   -4.016   -4.005   -3.821   -3.821   -3.372   -3.372   -3.245   -3.230
   -3.066   -3.066    0.539    0.539    3.466    3.466    3.985    3.994    6.155    6.155
    9.514
            0.287893  0.287893  0.287893
   -6.124   -6.124   -4.016   -4.005   -3.820   -3.820   -3.372   -3.372   -3.244   -3.230
   -3.064   -3.064    0.530    0.530    3.464    3.464    3.984    3.992    6.154    6.154
    9.514
            0.289156  0.289156  0.289156
   -6.123   -6.123   -4.016   -4.005   -3.820   -3.820   -3.372   -3.372   -3.244   -3.229
   -3.062   -3.062    0.521    0.521    3.462    3.462    3.982    3.990    6.153    6.153
    9.514
            0.290419  0.290419  0.290419
   -6.122   -6.122   -4.016   -4.005   -3.819   -3.819   -3.372   -3.372   -3.244   -3.229
   -3.060   -3.060    0.512    0.512    3.461    3.461    3.980    3.988    6.151    6.151
    9.513
            0.291682  0.291682  0.291682
   -6.121   -6.121   -4.016   -4.005   -3.818   -3.818   -3.372   -3.372   -3.243   -3.229
   -3.058   -3.058    0.503    0.503    3.459    3.459    3.978    3.986    6.150    6.150
    9.513
            0.292944  0.292944  0.292944
   -6.120   -6.120   -4.016   -4.005   -3.817   -3.817   -3.372   -3.372   -3.243   -3.229
   -3.056   -3.056    0.495    0.495    3.457    3.457    3.977    3.984    6.149    6.149
    9.513
            0.294207  0.294207  0.294207
   -6.119   -6.119   -4.016   -4.005   -3.817   -3.817   -3.372   -3.372   -3.243   -3.229
   -3.054   -3.054    0.486    0.486    3.456    3.456    3.975    3.983    6.148    6.148
    9.513
            0.295470  0.295470  0.295470
   -6.119   -6.119   -4.015   -4.005   -3.816   -3.816   -3.371   -3.371   -3.243   -3.229
   -3.052   -3.052    0.478    0.478    3.454    3.454    3.974    3.981    6.147    6.147
    9.512
            0.296732  0.296732  0.296732
   -6.118   -6.118   -4.015   -4.005   -3.815   -3.815   -3.371   -3.371   -3.242   -3.229
   -3.050   -3.050    0.470    0.470    3.452    3.452    3.972    3.979    6.146    6.146
    9.512
            0.297995  0.297995  0.297995
   -6.117   -6.117   -4.015   -4.005   -3.814   -3.814   -3.371   -3.371   -3.242   -3.229
   -3.049   -3.049    0.462    0.462    3.451    3.451    3.970    3.978    6.145    6.145
    9.512
            0.299258  0.299258  0.299258
   -6.116   -6.116   -4.015   -4.005   -3.814   -3.814   -3.371   -3.371   -3.242   -3.229
   -3.047   -3.047    0.454    0.454    3.449    3.449    3.969    3.976    6.143    6.143
    9.512
            0.300520  0.300520  0.300520
   -6.115   -6.115   -4.015   -4.005   -3.813   -3.813   -3.371   -3.371   -3.242   -3.229
   -3.045   -3.045    0.447    0.447    3.448    3.448    3.968    3.974    6.142    6.142
    9.511
            0.301783  0.301783  0.301783
   -6.114   -6.114   -4.015   -4.005   -3.812   -3.812   -3.371   -3.371   -3.241   -3.229
   -3.043   -3.043    0.439    0.439    3.447    3.447    3.966    3.973    6.141    6.141
    9.511
            0.303046  0.303046  0.303046
   -6.114   -6.114   -4.015   -4.006   -3.812   -3.812   -3.371   -3.371   -3.241   -3.229
   -3.041   -3.041    0.432    0.432    3.445    3.445    3.965    3.971    6.140    6.140
    9.511
            0.304308  0.304308  0.304308
   -6.113   -6.113   -4.014   -4.006   -3.811   -3.811   -3.371   -3.371   -3.241   -3.229
   -3.040   -3.040    0.425    0.425    3.444    3.444    3.963    3.970    6.139    6.139
    9.510
            0.305571  0.305571  0.305571
   -6.112   -6.112   -4.014   -4.006   -3.811   -3.811   -3.371   -3.371   -3.240   -3.229
   -3.038   -3.038    0.418    0.418    3.442    3.442    3.962    3.968    6.138    6.138
    9.510
            0.306834  0.306834  0.306834
   -6.111   -6.111   -4.014   -4.006   -3.810   -3.810   -3.371   -3.371   -3.240   -3.229
   -3.036   -3.036    0.411    0.411    3.441    3.441    3.961    3.967    6.137    6.137
    9.510
            0.308097  0.308097  0.308097
   -6.111   -6.111   -4.014   -4.006   -3.809   -3.809   -3.371   -3.371   -3.240   -3.229
   -3.035   -3.035    0.405    0.405    3.440    3.440    3.960    3.966    6.137    6.137
    9.510
            0.309359  0.309359  0.309359
   -6.110   -6.110   -4.014   -4.006   -3.809   -3.809   -3.371   -3.371   -3.240   -3.229
   -3.033   -3.033    0.398    0.398    3.439    3.439    3.958    3.964    6.136    6.136
    9.509
            0.310622  0.310622  0.310622
   -6.109   -6.109   -4.014   -4.006   -3.808   -3.808   -3.371   -3.371   -3.239   -3.229
   -3.032   -3.032    0.392    0.392    3.437    3.437    3.957    3.963    6.135    6.135
    9.509
            0.311885  0.311885  0.311885
   -6.108   -6.108   -4.014   -4.006   -3.808   -3.808   -3.371   -3.371   -3.239   -3.229
   -3.030   -3.030    0.386    0.386    3.436    3.436    3.956    3.962    6.134    6.134
    9.509
            0.313147  0.313147  0.313147
   -6.108   -6.108   -4.014   -4.006   -3.807   -3.807   -3.371   -3.371   -3.239   -3.229
   -3.029   -3.029    0.380    0.380    3.435    3.435    3.955    3.960    6.133    6.133
    9.508
            0.314410  0.314410  0.314410
   -6.107   -6.107   -4.013   -4.006   -3.807   -3.807   -3.371   -3.371   -3.239   -3.230
   -3.027   -3.027    0.374    0.374    3.434    3.434    3.954    3.959    6.132    6.132
    9.508
            0.315673  0.315673  0.315673
   -6.107   -6.107   -4.013   -4.006   -3.806   -3.806   -3.371   -3.371   -3.238   -3.230
   -3.026   -3.026    0.368    0.368    3.433    3.433    3.953    3.958    6.132    6.132
    9.508
            0.316935  0.316935  0.316935
   -6.106   -6.106   -4.013   -4.006   -3.806   -3.806   -3.371   -3.371   -3.238   -3.230
   -3.025   -3.025    0.363    0.363    3.432    3.432    3.952    3.957    6.131    6.131
    9.508
            0.318198  0.318198  0.318198
   -6.105   -6.105   -4.013   -4.007   -3.805   -3.805   -3.371   -3.371   -3.238   -3.230
   -3.023   -3.023    0.358    0.358    3.431    3.431    3.951    3.956    6.130    6.130
    9.507
            0.319461  0.319461  0.319461
   -6.105   -6.105   -4.013   -4.007   -3.805   -3.805   -3.371   -3.371   -3.238   -3.230
   -3.022   -3.022    0.353    0.353    3.430    3.430    3.950    3.955    6.129    6.129
    9.507
            0.320723  0.320723  0.320723
   -6.104   -6.104   -4.013   -4.007   -3.805   -3.805   -3.371   -3.371   -3.238   -3.230
   -3.021   -3.021    0.348    0.348    3.429    3.429    3.949    3.954    6.129    6.129
    9.507
            0.321986  0.321986  0.321986
   -6.104   -6.104   -4.013   -4.007   -3.804   -3.804   -3.371   -3.371   -3.237   -3.230
   -3.020   -3.020    0.343    0.343    3.428    3.428    3.948    3.953    6.128    6.128
    9.507
            0.323249  0.323249  0.323249
   -6.103   -6.103   -4.013   -4.007   -3.804   -3.804   -3.371   -3.371   -3.237   -3.230
   -3.018   -3.018    0.339    0.339    3.427    3.427    3.948    3.952    6.127    6.127
    9.506
            0.324512  0.324512  0.324512
   -6.103   -6.103   -4.012   -4.007   -3.803   -3.803   -3.371   -3.371   -3.237   -3.230
   -3.017   -3.017    0.334    0.334    3.426    3.426    3.947    3.951    6.127    6.127
    9.506
            0.325774  0.325774  0.325774
   -6.102   -6.102   -4.012   -4.007   -3.803   -3.803   -3.371   -3.371   -3.237   -3.230
   -3.016   -3.016    0.330    0.330    3.425    3.425    3.946    3.950    6.126    6.126
    9.506
            0.327037  0.327037  0.327037
   -6.102   -6.102   -4.012   -4.007   -3.803   -3.803   -3.371   -3.371   -3.236   -3.230
   -3.015   -3.015    0.326    0.326    3.425    3.425    3.945    3.949    6.126    6.126
    9.506
            0.328300  0.328300  0.328300
   -6.102   -6.102   -4.012   -4.007   -3.802   -3.802   -3.371   -3.371   -3.236   -3.230
   -3.014   -3.014    0.322    0.322    3.424    3.424    3.945    3.948    6.125    6.125
    9.506
            0.329562  0.329562  0.329562
   -6.101   -6.101   -4.012   -4.007   -3.802   -3.802   -3.371   -3.371   -3.236   -3.230
   -3.013   -3.013    0.319    0.319    3.423    3.423    3.944    3.947    6.125    6.125
    9.505
            0.330825  0.330825  0.330825
   -6.101   -6.101   -4.012   -4.008   -3.802   -3.802   -3.371   -3.371   -3.236   -3.230
   -3.012   -3.012    0.315    0.315    3.423    3.423    3.943    3.946    6.124    6.124
    9.505
            0.332088  0.332088  0.332088
   -6.100   -6.100   -4.012   -4.008   -3.801   -3.801   -3.371   -3.371   -3.236   -3.230
   -3.012   -3.012    0.312    0.312    3.422    3.422    3.943    3.946    6.124    6.124
    9.505
            0.333350  0.333350  0.333350
   -6.100   -6.100   -4.011   -4.008   -3.801   -3.801   -3.371   -3.371   -3.235   -3.231
   -3.011   -3.011    0.309    0.309    3.421    3.421    3.942    3.945    6.123    6.123
    9.505
            0.334613  0.334613  0.334613
   -6.100   -6.100   -4.011   -4.008   -3.801   -3.801   -3.371   -3.371   -3.235   -3.231
   -3.010   -3.010    0.306    0.306    3.421    3.421    3.942    3.944    6.123    6.123
    9.505
            0.335876  0.335876  0.335876
   -6.099   -6.099   -4.011   -4.008   -3.801   -3.801   -3.371   -3.371   -3.235   -3.231
   -3.009   -3.009    0.303    0.303    3.420    3.420    3.941    3.944    6.122    6.122
    9.505
            0.337138  0.337138  0.337138
   -6.099   -6.099   -4.011   -4.008   -3.800   -3.800   -3.371   -3.371   -3.235   -3.231
   -3.009   -3.009    0.301    0.301    3.420    3.420    3.941    3.943    6.122    6.122
    9.504
            0.338401  0.338401  0.338401
   -6.099   -6.099   -4.011   -4.008   -3.800   -3.800   -3.371   -3.371   -3.235   -3.231
   -3.008   -3.008    0.298    0.298    3.419    3.419    3.941    3.943    6.122    6.122
    9.504
            0.339664  0.339664  0.339664
   -6.099   -6.099   -4.011   -4.008   -3.800   -3.800   -3.371   -3.371   -3.234   -3.231
   -3.008   -3.008    0.296    0.296    3.419    3.419    3.940    3.942    6.121    6.121
    9.504
            0.340926  0.340926  0.340926
   -6.099   -6.099   -4.011   -4.008   -3.800   -3.800   -3.371   -3.371   -3.234   -3.231
   -3.007   -3.007    0.294    0.294    3.419    3.419    3.940    3.942    6.121    6.121
    9.504
            0.342189  0.342189  0.342189
   -6.098   -6.098   -4.011   -4.009   -3.800   -3.800   -3.371   -3.371   -3.234   -3.231
   -3.007   -3.007    0.293    0.293    3.418    3.418    3.940    3.941    6.121    6.121
    9.504
            0.343452  0.343452  0.343452
   -6.098   -6.098   -4.010   -4.009   -3.800   -3.800   -3.371   -3.371   -3.234   -3.231
   -3.006   -3.006    0.291    0.291    3.418    3.418    3.940    3.941    6.121    6.121
    9.504
            0.344715  0.344715  0.344715
   -6.098   -6.098   -4.010   -4.009   -3.799   -3.799   -3.371   -3.371   -3.234   -3.232
   -3.006   -3.006    0.290    0.290    3.418    3.418    3.939    3.941    6.121    6.121
    9.504
            0.345977  0.345977  0.345977
   -6.098   -6.098   -4.010   -4.009   -3.799   -3.799   -3.371   -3.371   -3.233   -3.232
   -3.005   -3.005    0.288    0.288    3.418    3.418    3.939    3.940    6.120    6.120
    9.504
            0.347240  0.347240  0.347240
   -6.098   -6.098   -4.010   -4.009   -3.799   -3.799   -3.371   -3.371   -3.233   -3.232
   -3.005   -3.005    0.287    0.287    3.417    3.417    3.939    3.940    6.120    6.120
    9.504
            0.348503  0.348503  0.348503
   -6.098   -6.098   -4.010   -4.009   -3.799   -3.799   -3.371   -3.371   -3.233   -3.232
   -3.005   -3.005    0.286    0.286    3.417    3.417    3.939    3.940    6.120    6.120
    9.504
            0.349765  0.349765  0.349765
   -6.098   -6.098   -4.010   -4.009   -3.799   -3.799   -3.371   -3.371   -3.233   -3.232
   -3.005   -3.005    0.286    0.286    3.417    3.417    3.939    3.939    6.120    6.120
    9.504
            0.351028  0.351028  0.351028
   -6.098   -6.098   -4.010   -4.009   -3.799   -3.799   -3.371   -3.371   -3.233   -3.232
   -3.005   -3.005    0.285    0.285    3.417    3.417    3.939    3.939    6.120    6.120
    9.504
            0.352291  0.352291  0.352291
   -6.098   -6.098   -4.010   -4.009   -3.799   -3.799   -3.371   -3.371   -3.233   -3.232
   -3.005   -3.005    0.285    0.285    3.417    3.417    3.939    3.939    6.120    6.120
    9.504
            0.353553  0.353553  0.353553
   -6.097   -6.097   -4.010   -4.010   -3.799   -3.799   -3.371   -3.371   -3.233   -3.233
   -3.005   -3.005    0.285    0.285    3.417    3.417    3.939    3.939    6.120    6.120
    9.504
            0.353553  0.355321  0.351786
   -6.098   -6.097   -4.010   -4.010   -3.800   -3.798   -3.371   -3.371   -3.233   -3.233
   -3.005   -3.004    0.284    0.286    3.415    3.418    3.939    3.939    6.119    6.122
    9.503
            0.353553  0.357089  0.350018
   -6.098   -6.097   -4.010   -4.010   -3.801   -3.797   -3.372   -3.371   -3.233   -3.233
   -3.006   -3.003    0.284    0.286    3.413    3.420    3.938    3.938    6.118    6.124
    9.504
            0.353553  0.358857  0.348250
   -6.098   -6.097   -4.010   -4.009   -3.802   -3.796   -3.372   -3.371   -3.233   -3.233
   -3.006   -3.002    0.283    0.287    3.411    3.420    3.938    3.938    6.118    6.127
    9.503
            0.353553  0.360624  0.346482
   -6.098   -6.097   -4.009   -4.009   -3.803   -3.795   -3.372   -3.370   -3.233   -3.233
   -3.007   -3.002    0.283    0.288    3.409    3.421    3.936    3.936    6.118    6.130
    9.503
            0.353553  0.362392  0.344715
   -6.098   -6.097   -4.009   -4.009   -3.804   -3.794   -3.372   -3.370   -3.233   -3.233
   -3.008   -3.001    0.282    0.289    3.406    3.422    3.935    3.935    6.119    6.134
    9.503
            0.353553  0.364160  0.342947
   -6.098   -6.097   -4.009   -4.009   -3.805   -3.793   -3.372   -3.370   -3.233   -3.233
   -3.008   -3.000    0.282    0.290    3.403    3.422    3.933    3.933    6.121    6.138
    9.503
            0.353553  0.365928  0.341179
   -6.098   -6.096   -4.009   -4.009   -3.806   -3.792   -3.373   -3.369   -3.233   -3.233
   -3.009   -3.000    0.281    0.290    3.400    3.422    3.931    3.931    6.123    6.143
    9.503
            0.353553  0.367696  0.339411
   -6.098   -6.096   -4.009   -4.009   -3.807   -3.791   -3.373   -3.369   -3.233   -3.233
   -3.010   -2.999    0.281    0.291    3.396    3.422    3.929    3.929    6.125    6.148
    9.502
            0.353553  0.369463  0.337643
   -6.098   -6.096   -4.009   -4.009   -3.808   -3.790   -3.373   -3.369   -3.233   -3.233
   -3.010   -2.998    0.281    0.292    3.393    3.421    3.926    3.926    6.128    6.154
    9.502
            0.353553  0.371231  0.335876
   -6.098   -6.096   -4.009   -4.009   -3.809   -3.788   -3.373   -3.369   -3.233   -3.233
   -3.011   -2.997    0.281    0.293    3.389    3.420    3.923    3.924    6.132    6.160
    9.501
            0.353553  0.372999  0.334108
   -6.098   -6.096   -4.009   -4.009   -3.811   -3.787   -3.373   -3.368   -3.233   -3.233
   -3.011   -2.996    0.280    0.295    3.385    3.419    3.919    3.920    6.136    6.167
    9.500
            0.353553  0.374767  0.332340
   -6.098   -6.095   -4.009   -4.009   -3.812   -3.786   -3.373   -3.368   -3.233   -3.233
   -3.012   -2.996    0.280    0.296    3.380    3.418    3.916    3.917    6.140    6.174
    9.498
            0.353553  0.376534  0.330572
   -6.098   -6.095   -4.009   -4.009   -3.813   -3.785   -3.374   -3.368   -3.233   -3.233
   -3.012   -2.995    0.280    0.297    3.375    3.417    3.912    3.913    6.145    6.181
    9.499
            0.353553  0.378302  0.328805
   -6.098   -6.095   -4.009   -4.009   -3.814   -3.784   -3.374   -3.367   -3.233   -3.233
   -3.013   -2.994    0.280    0.298    3.370    3.415    3.907    3.910    6.150    6.189
    9.496
            0.353553  0.380070  0.327037
   -6.098   -6.094   -4.009   -4.009   -3.815   -3.783   -3.374   -3.367   -3.233   -3.233
   -3.013   -2.993    0.280    0.299    3.365    3.413    3.903    3.906    6.156    6.198
    9.494
            0.353553  0.381838  0.325269
   -6.098   -6.094   -4.009   -4.009   -3.816   -3.782   -3.374   -3.367   -3.233   -3.233
   -3.014   -2.992    0.280    0.301    3.360    3.411    3.898    3.901    6.163    6.207
    9.494
            0.353553  0.383605  0.323501
   -6.098   -6.094   -4.009   -4.009   -3.817   -3.781   -3.374   -3.366   -3.233   -3.233
   -3.014   -2.992    0.280    0.302    3.354    3.408    3.893    3.897    6.170    6.216
    9.492
            0.353553  0.385373  0.321734
   -6.097   -6.094   -4.009   -4.008   -3.818   -3.780   -3.374   -3.366   -3.233   -3.233
   -3.015   -2.991    0.280    0.303    3.348    3.405    3.888    3.892    6.177    6.226
    9.490
            0.353553  0.387141  0.319966
   -6.097   -6.093   -4.008   -4.008   -3.819   -3.779   -3.374   -3.366   -3.233   -3.233
   -3.015   -2.990    0.280    0.305    3.341    3.402    3.882    3.887    6.185    6.236
    9.484
            0.353553  0.388909  0.318198
   -6.097   -6.093   -4.008   -4.008   -3.820   -3.778   -3.374   -3.365   -3.233   -3.233
   -3.016   -2.989    0.280    0.306    3.335    3.399    3.876    3.882    6.193    6.247
    9.482
            0.353553  0.390676  0.316430
   -6.097   -6.093   -4.008   -4.008   -3.821   -3.777   -3.374   -3.365   -3.233   -3.233
   -3.016   -2.988    0.280    0.308    3.328    3.396    3.870    3.877    6.201    6.257
    9.477
            0.353553  0.392444  0.314663
   -6.097   -6.092   -4.008   -4.008   -3.822   -3.776   -3.374   -3.365   -3.233   -3.233
   -3.017   -2.987    0.280    0.309    3.321    3.392    3.864    3.872    6.210    6.269
    9.474
            0.353553  0.394212  0.312895
   -6.097   -6.092   -4.008   -4.008   -3.823   -3.774   -3.374   -3.364   -3.233   -3.233
   -3.017   -2.986    0.281    0.311    3.313    3.388    3.858    3.867    6.219    6.280
    9.469
            0.353553  0.395980  0.311127
   -6.097   -6.091   -4.008   -4.008   -3.824   -3.773   -3.374   -3.364   -3.233   -3.233
   -3.017   -2.985    0.281    0.312    3.306    3.384    3.851    3.861    6.229    6.292
    9.466
            0.353553  0.397748  0.309359
   -6.096   -6.091   -4.008   -4.007   -3.825   -3.772   -3.374   -3.364   -3.233   -3.233
   -3.018   -2.985    0.281    0.314    3.298    3.379    3.844    3.856    6.239    6.304
    9.461
            0.353553  0.399515  0.307591
   -6.096   -6.091   -4.008   -4.007   -3.826   -3.771   -3.374   -3.363   -3.233   -3.233
   -3.018   -2.984    0.282    0.316    3.290    3.374    3.837    3.850    6.249    6.317
    9.456
            0.353553  0.401283  0.305824
   -6.096   -6.090   -4.007   -4.007   -3.826   -3.770   -3.374   -3.363   -3.233   -3.233
   -3.018   -2.983    0.282    0.317    3.281    3.369    3.830    3.844    6.260    6.330
    9.455
            0.353553  0.403051  0.304056
   -6.096   -6.090   -4.007   -4.007   -3.827   -3.769   -3.374   -3.362   -3.233   -3.233
   -3.019   -2.982    0.282    0.319    3.272    3.364    3.823    3.838    6.271    6.343
    9.444
            0.353553  0.404819  0.302288
   -6.095   -6.089   -4.007   -4.007   -3.828   -3.768   -3.374   -3.362   -3.233   -3.233
   -3.019   -2.981    0.283    0.321    3.263    3.358    3.816    3.832    6.283    6.357
    9.439
            0.353553  0.406586  0.300520
   -6.095   -6.089   -4.007   -4.007   -3.829   -3.767   -3.374   -3.362   -3.233   -3.233
   -3.019   -2.980    0.283    0.323    3.254    3.353    3.808    3.826    6.294    6.370
    9.432
            0.353553  0.408354  0.298753
   -6.095   -6.088   -4.007   -4.006   -3.830   -3.766   -3.374   -3.361   -3.233   -3.233
   -3.020   -2.979    0.284    0.325    3.245    3.346    3.801    3.820    6.306    6.384
    9.426
            0.353553  0.410122  0.296985
   -6.095   -6.088   -4.007   -4.006   -3.831   -3.765   -3.374   -3.361   -3.233   -3.233
   -3.020   -2.978    0.284    0.327    3.235    3.340    3.793    3.814    6.318    6.398
    9.419
            0.353553  0.411890  0.295217
   -6.094   -6.087   -4.006   -4.006   -3.832   -3.764   -3.374   -3.360   -3.233   -3.233
   -3.020   -2.977    0.285    0.329    3.225    3.334    3.786    3.808    6.331    6.413
    9.413
            0.353553  0.413657  0.293449
   -6.094   -6.087   -4.006   -4.006   -3.833   -3.763   -3.374   -3.360   -3.233   -3.233
   -3.021   -2.976    0.286    0.331    3.215    3.327    3.778    3.801    6.344    6.428
    9.406
            0.353553  0.415425  0.291682
   -6.094   -6.086   -4.006   -4.005   -3.834   -3.762   -3.374   -3.360   -3.233   -3.233
   -3.021   -2.975    0.286    0.333    3.204    3.320    3.770    3.795    6.357    6.443
    9.399
            0.353553  0.417193  0.289914
   -6.093   -6.086   -4.006   -4.005   -3.835   -3.761   -3.374   -3.359   -3.233   -3.233
   -3.021   -2.974    0.287    0.335    3.194    3.312    3.762    3.789    6.370    6.458
    9.392
            0.353553  0.418961  0.288146
   -6.093   -6.085   -4.006   -4.005   -3.836   -3.760   -3.374   -3.359   -3.234   -3.233
   -3.021   -2.973    0.288    0.337    3.183    3.305    3.754    3.783    6.384    6.473
    9.385
            0.353553  0.420729  0.286378
   -6.093   -6.085   -4.005   -4.005   -3.837   -3.758   -3.374   -3.358   -3.234   -3.233
   -3.022   -2.972    0.288    0.339    3.172    3.297    3.746    3.776    6.397    6.488
    9.378
            0.353553  0.422496  0.284610
   -6.092   -6.084   -4.005   -4.004   -3.838   -3.757   -3.374   -3.358   -3.234   -3.233
   -3.022   -2.971    0.289    0.341    3.161    3.289    3.738    3.770    6.411    6.504
    9.371
            0.353553  0.424264  0.282843
   -6.092   -6.084   -4.005   -4.004   -3.839   -3.756   -3.374   -3.358   -3.234   -3.233
   -3.022   -2.970    0.290    0.344    3.149    3.280    3.730    3.763    6.425    6.520
    9.364
            0.353553  0.426032  0.281075
   -6.092   -6.083   -4.005   -4.004   -3.840   -3.755   -3.374   -3.357   -3.234   -3.234
   -3.022   -2.969    0.291    0.346    3.137    3.272    3.722    3.757    6.440    6.536
    9.356
            0.353553  0.427800  0.279307
   -6.091   -6.083   -4.005   -4.004   -3.841   -3.754   -3.373   -3.357   -3.234   -3.234
   -3.022   -2.968    0.291    0.348    3.125    3.263    3.714    3.751    6.454    6.552
    9.349
            0.353553  0.429567  0.277539
   -6.091   -6.082   -4.004   -4.003   -3.841   -3.753   -3.373   -3.356   -3.234   -3.234
   -3.022   -2.967    0.292    0.351    3.113    3.254    3.706    3.744    6.469    6.568
    9.342
            0.353553  0.431335  0.275772
   -6.090   -6.081   -4.004   -4.003   -3.842   -3.752   -3.373   -3.356   -3.234   -3.234
   -3.023   -2.966    0.293    0.353    3.101    3.245    3.698    3.738    6.483    6.585
    9.334
            0.353553  0.433103  0.274004
   -6.090   -6.081   -4.004   -4.003   -3.843   -3.751   -3.373   -3.355   -3.234   -3.234
   -3.023   -2.964    0.294    0.355    3.089    3.235    3.690    3.731    6.498    6.601
    9.326
            0.353553  0.434871  0.272236
   -6.090   -6.080   -4.004   -4.002   -3.844   -3.750   -3.373   -3.355   -3.234   -3.234
   -3.023   -2.963    0.295    0.358    3.076    3.226    3.682    3.725    6.513    6.618
    9.319
            0.353553  0.436638  0.270468
   -6.089   -6.079   -4.003   -4.002   -3.845   -3.749   -3.373   -3.355   -3.234   -3.234
   -3.023   -2.962    0.296    0.360    3.063    3.216    3.674    3.718    6.529    6.635
    9.311
            0.353553  0.438406  0.268701
   -6.089   -6.079   -4.003   -4.002   -3.846   -3.748   -3.372   -3.354   -3.234   -3.234
   -3.023   -2.961    0.297    0.363    3.051    3.206    3.666    3.712    6.544    6.652
    9.304
            0.353553  0.440174  0.266933
   -6.088   -6.078   -4.003   -4.001   -3.847   -3.747   -3.372   -3.354   -3.234   -3.234
   -3.023   -2.960    0.298    0.365    3.038    3.196    3.658    3.705    6.559    6.669
    9.296
            0.353553  0.441942  0.265165
   -6.088   -6.078   -4.003   -4.001   -3.848   -3.746   -3.372   -3.353   -3.234   -3.234
   -3.023   -2.959    0.299    0.368    3.024    3.185    3.650    3.699    6.575    6.686
    9.289
            0.353553  0.443710  0.263397
   -6.087   -6.077   -4.002   -4.001   -3.849   -3.745   -3.372   -3.353   -3.234   -3.234
   -3.023   -2.958    0.300    0.371    3.011    3.175    3.642    3.692    6.590    6.703
    9.281
            0.353553  0.445477  0.261630
   -6.087   -6.076   -4.002   -4.000   -3.849   -3.744   -3.372   -3.352   -3.235   -3.234
   -3.023   -2.957    0.301    0.373    2.998    3.164    3.634    3.686    6.606    6.720
    9.274
            0.353553  0.447245  0.259862
   -6.086   -6.076   -4.002   -4.000   -3.850   -3.743   -3.371   -3.352   -3.235   -3.234
   -3.023   -2.956    0.302    0.376    2.984    3.153    3.626    3.679    6.622    6.738
    9.266
            0.353553  0.449013  0.258094
   -6.086   -6.075   -4.002   -4.000   -3.851   -3.742   -3.371   -3.351   -3.235   -3.234
   -3.023   -2.954    0.304    0.379    2.971    3.142    3.618    3.673    6.638    6.755
    9.259
            0.353553  0.450781  0.256326
   -6.085   -6.074   -4.001   -3.999   -3.852   -3.741   -3.371   -3.351   -3.235   -3.234
   -3.023   -2.953    0.305    0.381    2.957    3.131    3.610    3.666    6.654    6.772
    9.251
            0.353553  0.452548  0.254558
   -6.085   -6.073   -4.001   -3.999   -3.853   -3.740   -3.371   -3.351   -3.235   -3.234
   -3.023   -2.952    0.306    0.384    2.943    3.120    3.602    3.659    6.670    6.790
    9.244
            0.353553  0.454316  0.252791
   -6.084   -6.073   -4.001   -3.998   -3.854   -3.739   -3.370   -3.350   -3.235   -3.234
   -3.023   -2.951    0.307    0.387    2.929    3.108    3.594    3.653    6.686    6.807
    9.237
            0.353553  0.456084  0.251023
   -6.084   -6.072   -4.001   -3.998   -3.854   -3.738   -3.370   -3.350   -3.235   -3.234
   -3.023   -2.950    0.308    0.390    2.915    3.097    3.586    3.646    6.702    6.825
    9.230
            0.353553  0.457852  0.249255
   -6.083   -6.071   -4.000   -3.998   -3.855   -3.737   -3.370   -3.349   -3.235   -3.234
   -3.023   -2.949    0.309    0.393    2.901    3.085    3.578    3.640    6.718    6.842
    9.223
            0.353553  0.459619  0.247487
   -6.083   -6.071   -4.000   -3.997   -3.856   -3.736   -3.370   -3.349   -3.235   -3.234
   -3.023   -2.947    0.311    0.395    2.887    3.073    3.570    3.633    6.734    6.860
    9.215
            0.353553  0.461387  0.245720
   -6.082   -6.070   -4.000   -3.997   -3.857   -3.735   -3.369   -3.348   -3.235   -3.234
   -3.023   -2.946    0.312    0.398    2.873    3.061    3.562    3.626    6.750    6.878
    9.209
            0.353553  0.463155  0.243952
   -6.082   -6.069   -3.999   -3.996   -3.858   -3.734   -3.369   -3.348   -3.235   -3.234
   -3.022   -2.945    0.313    0.401    2.859    3.050    3.554    3.620    6.767    6.895
    9.202
            0.353553  0.464923  0.242184
   -6.081   -6.068   -3.999   -3.996   -3.858   -3.733   -3.369   -3.347   -3.235   -3.234
   -3.022   -2.944    0.314    0.404    2.844    3.038    3.546    3.613    6.783    6.913
    9.195
            0.353553  0.466690  0.240416
   -6.081   -6.068   -3.999   -3.996   -3.859   -3.732   -3.368   -3.347   -3.236   -3.234
   -3.022   -2.943    0.316    0.407    2.830    3.026    3.538    3.606    6.799    6.931
    9.188
            0.353553  0.468458  0.238649
   -6.080   -6.067   -3.998   -3.995   -3.860   -3.731   -3.368   -3.347   -3.236   -3.234
   -3.022   -2.941    0.317    0.410    2.816    3.013    3.529    3.599    6.815    6.948
    9.182
            0.353553  0.470226  0.236881
   -6.079   -6.066   -3.998   -3.995   -3.861   -3.730   -3.368   -3.346   -3.236   -3.234
   -3.022   -2.940    0.318    0.413    2.801    3.001    3.521    3.592    6.831    6.966
    9.175
            0.353553  0.471994  0.235113
   -6.079   -6.065   -3.998   -3.994   -3.862   -3.729   -3.367   -3.346   -3.236   -3.234
   -3.021   -2.939    0.320    0.416    2.787    2.989    3.513    3.586    6.848    6.984
    9.169
            0.353553  0.473762  0.233345
   -6.078   -6.065   -3.998   -3.994   -3.862   -3.728   -3.367   -3.345   -3.236   -3.235
   -3.021   -2.938    0.321    0.419    2.773    2.977    3.505    3.579    6.864    7.001
    9.163
            0.353553  0.475529  0.231577
   -6.078   -6.064   -3.997   -3.993   -3.863   -3.727   -3.367   -3.345   -3.236   -3.235
   -3.021   -2.936    0.322    0.422    2.758    2.965    3.497    3.572    6.880    7.019
    9.156
            0.353553  0.477297  0.229810
   -6.077   -6.063   -3.997   -3.993   -3.864   -3.726   -3.366   -3.344   -3.236   -3.235
   -3.021   -2.935    0.324    0.425    2.744    2.953    3.489    3.565    6.896    7.037
    9.150
            0.353553  0.479065  0.228042
   -6.076   -6.062   -3.997   -3.992   -3.865   -3.725   -3.366   -3.344   -3.236   -3.235
   -3.020   -2.934    0.325    0.428    2.729    2.940    3.481    3.558    6.912    7.054
    9.145
            0.353553  0.480833  0.226274
   -6.076   -6.061   -3.996   -3.992   -3.865   -3.724   -3.365   -3.343   -3.236   -3.235
   -3.020   -2.933    0.326    0.432    2.715    2.928    3.473    3.551    6.929    7.072
    9.139
            0.353553  0.482600  0.224506
   -6.075   -6.061   -3.996   -3.991   -3.866   -3.723   -3.365   -3.343   -3.236   -3.235
   -3.020   -2.931    0.328    0.435    2.701    2.916    3.465    3.544    6.945    7.089
    9.133
            0.353553  0.484368  0.222739
   -6.074   -6.060   -3.996   -3.991   -3.867   -3.723   -3.365   -3.343   -3.236   -3.235
   -3.020   -2.930    0.329    0.438    2.686    2.904    3.457    3.537    6.961    7.107
    9.128
            0.353553  0.486136  0.220971
   -6.074   -6.059   -3.995   -3.991   -3.868   -3.722   -3.364   -3.342   -3.237   -3.235
   -3.019   -2.929    0.330    0.441    2.672    2.891    3.448    3.530    6.977    7.124
    9.122
            0.353553  0.487904  0.219203
   -6.073   -6.058   -3.995   -3.990   -3.868   -3.721   -3.364   -3.342   -3.237   -3.235
   -3.019   -2.928    0.332    0.444    2.658    2.879    3.440    3.522    6.993    7.142
    9.117
            0.353553  0.489671  0.217435
   -6.072   -6.057   -3.995   -3.990   -3.869   -3.720   -3.363   -3.341   -3.237   -3.235
   -3.019   -2.926    0.333    0.447    2.643    2.867    3.432    3.515    7.009    7.159
    9.112
            0.353553  0.491439  0.215668
   -6.072   -6.057   -3.994   -3.989   -3.870   -3.719   -3.363   -3.341   -3.237   -3.235
   -3.018   -2.925    0.334    0.451    2.629    2.855    3.424    3.508    7.024    7.176
    9.107
            0.353553  0.493207  0.213900
   -6.071   -6.056   -3.994   -3.989   -3.871   -3.718   -3.362   -3.340   -3.237   -3.235
   -3.018   -2.924    0.336    0.454    2.615    2.843    3.415    3.501    7.040    7.194
    9.102
            0.353553  0.494975  0.212132
   -6.070   -6.055   -3.994   -3.988   -3.871   -3.717   -3.362   -3.340   -3.237   -3.235
   -3.017   -2.923    0.337    0.457    2.601    2.831    3.407    3.493    7.056    7.211
    9.097
            0.353553  0.496743  0.210364
   -6.070   -6.054   -3.993   -3.988   -3.872   -3.716   -3.362   -3.340   -3.237   -3.235
   -3.017   -2.921    0.339    0.460    2.587    2.819    3.399    3.486    7.072    7.228
    9.093
            0.353553  0.498510  0.208597
   -6.069   -6.053   -3.993   -3.987   -3.873   -3.715   -3.361   -3.339   -3.237   -3.235
   -3.016   -2.920    0.340    0.463    2.573    2.807    3.390    3.479    7.087    7.245
    9.088
            0.353553  0.500278  0.206829
   -6.068   -6.052   -3.993   -3.986   -3.873   -3.715   -3.361   -3.339   -3.237   -3.235
   -3.016   -2.919    0.341    0.467    2.559    2.795    3.382    3.471    7.103    7.262
    9.084
            0.353553  0.502046  0.205061
   -6.068   -6.052   -3.993   -3.986   -3.874   -3.714   -3.360   -3.338   -3.238   -3.235
   -3.016   -2.917    0.342    0.470    2.545    2.783    3.373    3.464    7.118    7.279
    9.080
            0.353553  0.503814  0.203293
   -6.067   -6.051   -3.992   -3.985   -3.875   -3.713   -3.360   -3.338   -3.238   -3.235
   -3.015   -2.916    0.344    0.473    2.531    2.771    3.365    3.456    7.134    7.296
    9.076
            0.353553  0.505581  0.201525
   -6.066   -6.050   -3.992   -3.985   -3.875   -3.712   -3.359   -3.337   -3.238   -3.235
   -3.015   -2.915    0.345    0.476    2.517    2.760    3.356    3.448    7.149    7.313
    9.072
            0.353553  0.507349  0.199758
   -6.066   -6.049   -3.992   -3.984   -3.876   -3.711   -3.359   -3.337   -3.238   -3.235
   -3.014   -2.913    0.346    0.479    2.504    2.748    3.348    3.441    7.165    7.330
    9.069
            0.353553  0.509117  0.197990
   -6.065   -6.048   -3.991   -3.984   -3.877   -3.710   -3.358   -3.337   -3.238   -3.235
   -3.014   -2.912    0.348    0.483    2.490    2.737    3.339    3.433    7.180    7.347
    9.065
            0.353553  0.510885  0.196222
   -6.064   -6.047   -3.991   -3.983   -3.877   -3.709   -3.358   -3.336   -3.238   -3.235
   -3.013   -2.911    0.349    0.486    2.477    2.725    3.330    3.426    7.195    7.363
    9.062
            0.353553  0.512652  0.194454
   -6.064   -6.046   -3.991   -3.983   -3.878   -3.709   -3.357   -3.336   -3.238   -3.235
   -3.012   -2.910    0.350    0.489    2.463    2.714    3.322    3.418    7.210    7.380
    9.059
            0.353553  0.514420  0.192687
   -6.063   -6.046   -3.990   -3.982   -3.879   -3.708   -3.357   -3.335   -3.238   -3.235
   -3.012   -2.908    0.351    0.492    2.450    2.703    3.313    3.410    7.225    7.397
    9.056
            0.353553  0.516188  0.190919
   -6.062   -6.045   -3.990   -3.982   -3.879   -3.707   -3.356   -3.335   -3.238   -3.235
   -3.011   -2.907    0.353    0.495    2.437    2.691    3.304    3.402    7.240    7.413
    9.052
            0.353553  0.517956  0.189151
   -6.061   -6.044   -3.990   -3.981   -3.880   -3.706   -3.356   -3.335   -3.239   -3.235
   -3.011   -2.906    0.354    0.499    2.424    2.680    3.296    3.394    7.254    7.429
    9.049
            0.353553  0.519723  0.187383
   -6.061   -6.043   -3.989   -3.981   -3.881   -3.705   -3.355   -3.334   -3.239   -3.235
   -3.010   -2.904    0.355    0.502    2.411    2.670    3.287    3.386    7.269    7.446
    9.045
            0.353553  0.521491  0.185616
   -6.060   -6.042   -3.989   -3.980   -3.881   -3.705   -3.355   -3.334   -3.239   -3.235
   -3.009   -2.903    0.356    0.505    2.398    2.659    3.278    3.378    7.284    7.462
    9.041
            0.353553  0.523259  0.183848
   -6.059   -6.041   -3.988   -3.979   -3.882   -3.704   -3.354   -3.333   -3.239   -3.235
   -3.009   -2.902    0.357    0.508    2.386    2.648    3.269    3.370    7.298    7.478
    9.038
            0.353553  0.525027  0.182080
   -6.059   -6.040   -3.988   -3.979   -3.882   -3.703   -3.354   -3.333   -3.239   -3.235
   -3.008   -2.900    0.359    0.511    2.373    2.638    3.260    3.362    7.313    7.494
    9.035
            0.353553  0.526795  0.180312
   -6.058   -6.040   -3.988   -3.978   -3.883   -3.702   -3.353   -3.333   -3.239   -3.235
   -3.007   -2.899    0.360    0.514    2.361    2.627    3.251    3.354    7.327    7.510
    9.032
            0.353553  0.528562  0.178544
   -6.057   -6.039   -3.987   -3.978   -3.884   -3.701   -3.353   -3.332   -3.239   -3.235
   -3.007   -2.898    0.361    0.517    2.348    2.617    3.242    3.346    7.341    7.526
    9.030
            0.353553  0.530330  0.176777
   -6.056   -6.038   -3.987   -3.977   -3.884   -3.701   -3.352   -3.332   -3.239   -3.235
   -3.006   -2.896    0.362    0.520    2.336    2.607    3.233    3.338    7.355    7.542
    9.027
            0.353553  0.532098  0.175009
   -6.056   -6.037   -3.987   -3.977   -3.885   -3.700   -3.352   -3.332   -3.239   -3.235
   -3.005   -2.895    0.363    0.524    2.324    2.597    3.224    3.330    7.369    7.558
    9.024
            0.353553  0.533866  0.173241
   -6.055   -6.036   -3.986   -3.976   -3.885   -3.699   -3.351   -3.331   -3.240   -3.235
   -3.005   -2.894    0.364    0.527    2.312    2.587    3.215    3.321    7.383    7.574
    9.022
            0.353553  0.535633  0.171473
   -6.054   -6.035   -3.986   -3.975   -3.886   -3.698   -3.351   -3.331   -3.240   -3.235
   -3.004   -2.892    0.365    0.529    2.300    2.577    3.206    3.313    7.397    7.589
    9.020
            0.353553  0.537401  0.169706
   -6.053   -6.035   -3.986   -3.975   -3.887   -3.698   -3.350   -3.331   -3.240   -3.235
   -3.003   -2.891    0.366    0.532    2.289    2.568    3.197    3.305    7.411    7.605
    9.018
            0.353553  0.539169  0.167938
   -6.053   -6.034   -3.985   -3.974   -3.887   -3.697   -3.350   -3.330   -3.240   -3.235
   -3.002   -2.890    0.367    0.535    2.277    2.558    3.188    3.296    7.424    7.620
    9.016
            0.353553  0.540937  0.166170
   -6.052   -6.033   -3.985   -3.974   -3.888   -3.696   -3.349   -3.330   -3.240   -3.235
   -3.002   -2.888    0.368    0.538    2.266    2.549    3.179    3.288    7.438    7.635
    9.014
            0.353553  0.542704  0.164402
   -6.051   -6.032   -3.985   -3.973   -3.888   -3.696   -3.349   -3.329   -3.240   -3.235
   -3.001   -2.887    0.369    0.541    2.255    2.540    3.170    3.280    7.451    7.651
    9.013
            0.353553  0.544472  0.162635
   -6.051   -6.031   -3.984   -3.973   -3.889   -3.695   -3.348   -3.329   -3.240   -3.235
   -3.000   -2.886    0.369    0.544    2.244    2.531    3.160    3.271    7.465    7.666
    9.011
            0.353553  0.546240  0.160867
   -6.050   -6.030   -3.984   -3.972   -3.889   -3.694   -3.348   -3.329   -3.240   -3.235
   -2.999   -2.884    0.370    0.547    2.233    2.522    3.151    3.263    7.478    7.681
    9.010
            0.353553  0.548008  0.159099
   -6.049   -6.030   -3.984   -3.972   -3.890   -3.693   -3.347   -3.328   -3.241   -3.235
   -2.998   -2.883    0.371    0.549    2.223    2.514    3.142    3.254    7.491    7.696
    9.009
            0.353553  0.549776  0.157331
   -6.048   -6.029   -3.983   -3.971   -3.890   -3.693   -3.347   -3.328   -3.241   -3.235
   -2.997   -2.882    0.372    0.552    2.212    2.505    3.133    3.245    7.504    7.711
    9.008
            0.353553  0.551543  0.155563
   -6.048   -6.028   -3.983   -3.970   -3.891   -3.692   -3.346   -3.328   -3.241   -3.235
   -2.997   -2.881    0.373    0.555    2.202    2.497    3.123    3.237    7.517    7.726
    9.007
            0.353553  0.553311  0.153796
   -6.047   -6.027   -3.983   -3.970   -3.891   -3.691   -3.345   -3.327   -3.241   -3.234
   -2.996   -2.879    0.373    0.557    2.192    2.489    3.114    3.228    7.529    7.740
    9.006
            0.353553  0.555079  0.152028
   -6.046   -6.026   -3.982   -3.969   -3.892   -3.691   -3.345   -3.327   -3.241   -3.234
   -2.995   -2.878    0.374    0.560    2.182    2.481    3.105    3.220    7.542    7.755
    9.006
            0.353553  0.556847  0.150260
   -6.046   -6.025   -3.982   -3.969   -3.892   -3.690   -3.344   -3.327   -3.241   -3.234
   -2.994   -2.877    0.374    0.563    2.172    2.473    3.095    3.211    7.555    7.769
    9.005
            0.353553  0.558614  0.148492
   -6.045   -6.025   -3.982   -3.968   -3.893   -3.689   -3.344   -3.326   -3.241   -3.234
   -2.993   -2.875    0.375    0.565    2.162    2.466    3.086    3.202    7.567    7.784
    9.005
            0.353553  0.560382  0.146725
   -6.044   -6.024   -3.981   -3.968   -3.893   -3.689   -3.343   -3.326   -3.242   -3.234
   -2.992   -2.874    0.376    0.567    2.153    2.458    3.076    3.193    7.579    7.798
    9.005
            0.353553  0.562150  0.144957
   -6.043   -6.023   -3.981   -3.967   -3.894   -3.688   -3.343   -3.326   -3.242   -3.234
   -2.991   -2.873    0.376    0.570    2.144    2.451    3.067    3.184    7.591    7.812
    9.005
            0.353553  0.563918  0.143189
   -6.043   -6.022   -3.981   -3.966   -3.894   -3.688   -3.342   -3.325   -3.242   -3.234
   -2.990   -2.871    0.377    0.572    2.135    2.444    3.058    3.176    7.604    7.827
    9.005
            0.353553  0.565685  0.141421
   -6.042   -6.021   -3.980   -3.966   -3.895   -3.687   -3.342   -3.325   -3.242   -3.234
   -2.989   -2.870    0.377    0.574    2.126    2.437    3.048    3.167    7.615    7.841
    9.005
            0.353553  0.567453  0.139654
   -6.041   -6.021   -3.980   -3.965   -3.895   -3.686   -3.341   -3.325   -3.242   -3.234
   -2.988   -2.869    0.377    0.577    2.118    2.431    3.039    3.158    7.627    7.855
    9.005
            0.353553  0.569221  0.137886
   -6.041   -6.020   -3.980   -3.965   -3.896   -3.686   -3.341   -3.324   -3.242   -3.234
   -2.988   -2.868    0.378    0.579    2.109    2.424    3.029    3.149    7.639    7.868
    9.006
            0.353553  0.570989  0.136118
   -6.040   -6.019   -3.979   -3.964   -3.896   -3.685   -3.340   -3.324   -3.242   -3.234
   -2.987   -2.866    0.378    0.581    2.101    2.418    3.020    3.140    7.651    7.882
    9.007
            0.353553  0.572756  0.134350
   -6.039   -6.018   -3.979   -3.964   -3.897   -3.685   -3.340   -3.324   -3.242   -3.234
   -2.986   -2.865    0.378    0.583    2.093    2.412    3.010    3.131    7.662    7.896
    9.007
            0.353553  0.574524  0.132583
   -6.039   -6.017   -3.979   -3.963   -3.897   -3.684   -3.339   -3.323   -3.243   -3.234
   -2.985   -2.864    0.379    0.585    2.085    2.406    3.001    3.122    7.674    7.909
    9.008
            0.353553  0.576292  0.130815
   -6.038   -6.017   -3.978   -3.963   -3.898   -3.683   -3.339   -3.323   -3.243   -3.234
   -2.984   -2.863    0.379    0.587    2.078    2.400    2.991    3.113    7.685    7.923
    9.009
            0.353553  0.578060  0.129047
   -6.037   -6.016   -3.978   -3.962   -3.898   -3.683   -3.339   -3.323   -3.243   -3.234
   -2.983   -2.861    0.379    0.589    2.071    2.395    2.982    3.104    7.696    7.936
    9.010
            0.353553  0.579828  0.127279
   -6.037   -6.015   -3.978   -3.962   -3.899   -3.682   -3.338   -3.322   -3.243   -3.234
   -2.982   -2.860    0.379    0.590    2.063    2.389    2.972    3.095    7.707    7.950
    9.011
            0.353553  0.581595  0.125511
   -6.036   -6.014   -3.977   -3.961   -3.899   -3.682   -3.338   -3.322   -3.243   -3.234
   -2.981   -2.859    0.379    0.592    2.057    2.384    2.962    3.086    7.718    7.963
    9.012
            0.353553  0.583363  0.123744
   -6.035   -6.014   -3.977   -3.960   -3.899   -3.681   -3.337   -3.322   -3.243   -3.234
   -2.980   -2.858    0.379    0.594    2.050    2.379    2.953    3.077    7.729    7.976
    9.013
            0.353553  0.585131  0.121976
   -6.035   -6.013   -3.977   -3.960   -3.900   -3.681   -3.337   -3.322   -3.243   -3.234
   -2.979   -2.856    0.379    0.595    2.043    2.374    2.943    3.068    7.740    7.989
    9.015
            0.353553  0.586899  0.120208
   -6.034   -6.012   -3.976   -3.959   -3.900   -3.680   -3.336   -3.321   -3.244   -3.234
   -2.978   -2.855    0.379    0.597    2.037    2.370    2.934    3.059    7.751    8.002
    9.016
            0.353553  0.588666  0.118440
   -6.033   -6.012   -3.976   -3.959   -3.901   -3.680   -3.336   -3.321   -3.244   -3.234
   -2.977   -2.854    0.379    0.598    2.031    2.366    2.924    3.050    7.761    8.015
    9.018
            0.353553  0.590434  0.116673
   -6.033   -6.011   -3.976   -3.958   -3.901   -3.679   -3.335   -3.321   -3.244   -3.234
   -2.976   -2.853    0.379    0.600    2.025    2.361    2.915    3.041    7.772    8.027
    9.019
            0.353553  0.592202  0.114905
   -6.032   -6.010   -3.976   -3.958   -3.901   -3.679   -3.335   -3.320   -3.244   -3.234
   -2.975   -2.852    0.379    0.601    2.020    2.358    2.905    3.031    7.782    8.040
    9.021
            0.353553  0.593970  0.113137
   -6.031   -6.009   -3.975   -3.957   -3.902   -3.678   -3.335   -3.320   -3.244   -3.234
   -2.974   -2.851    0.379    0.602    2.015    2.354    2.896    3.022    7.792    8.053
    9.023
            0.353553  0.595737  0.111369
   -6.031   -6.009   -3.975   -3.957   -3.902   -3.678   -3.334   -3.320   -3.244   -3.234
   -2.973   -2.849    0.379    0.603    2.009    2.350    2.886    3.013    7.802    8.065
    9.024
            0.353553  0.597505  0.109602
   -6.030   -6.008   -3.975   -3.957   -3.903   -3.677   -3.334   -3.319   -3.244   -3.234
   -2.972   -2.848    0.379    0.604    2.004    2.347    2.877    3.004    7.812    8.077
    9.026
            0.353553  0.599273  0.107834
   -6.030   -6.007   -3.974   -3.956   -3.903   -3.677   -3.333   -3.319   -3.245   -3.234
   -2.971   -2.847    0.378    0.605    2.000    2.344    2.867    2.995    7.822    8.090
    9.028
            0.353553  0.601041  0.106066
   -6.029   -6.007   -3.974   -3.956   -3.903   -3.676   -3.333   -3.319   -3.245   -3.234
   -2.970   -2.846    0.378    0.606    1.995    2.341    2.858    2.986    7.832    8.102
    9.030
            0.353553  0.602809  0.104298
   -6.028   -6.006   -3.974   -3.955   -3.904   -3.676   -3.333   -3.318   -3.245   -3.234
   -2.969   -2.845    0.378    0.607    1.991    2.338    2.849    2.977    7.842    8.114
    9.032
            0.353553  0.604576  0.102530
   -6.028   -6.005   -3.973   -3.955   -3.904   -3.675   -3.332   -3.318   -3.245   -3.233
   -2.968   -2.844    0.377    0.608    1.987    2.336    2.839    2.967    7.851    8.126
    9.034
            0.353553  0.606344  0.100763
   -6.027   -6.005   -3.973   -3.954   -3.904   -3.675   -3.332   -3.318   -3.245   -3.233
   -2.967   -2.843    0.377    0.609    1.983    2.333    2.830    2.958    7.861    8.138
    9.036
            0.353553  0.608112  0.098995
   -6.027   -6.004   -3.973   -3.954   -3.905   -3.674   -3.332   -3.317   -3.245   -3.233
   -2.966   -2.842    0.377    0.609    1.980    2.331    2.820    2.949    7.870    8.150
    9.037
            0.353553  0.609880  0.097227
   -6.026   -6.003   -3.973   -3.953   -3.905   -3.674   -3.331   -3.317   -3.245   -3.233
   -2.965   -2.840    0.376    0.610    1.976    2.329    2.811    2.940    7.880    8.161
    9.039
            0.353553  0.611647  0.095459
   -6.026   -6.003   -3.972   -3.953   -3.905   -3.673   -3.331   -3.317   -3.246   -3.233
   -2.964   -2.839    0.376    0.611    1.973    2.327    2.802    2.931    7.889    8.173
    9.041
            0.353553  0.613415  0.093692
   -6.025   -6.002   -3.972   -3.953   -3.906   -3.673   -3.331   -3.316   -3.246   -3.233
   -2.963   -2.838    0.375    0.611    1.970    2.326    2.793    2.922    7.898    8.184
    9.043
            0.353553  0.615183  0.091924
   -6.024   -6.002   -3.972   -3.952   -3.906   -3.673   -3.330   -3.316   -3.246   -3.233
   -2.962   -2.837    0.375    0.611    1.967    2.324    2.783    2.912    7.907    8.196
    9.045
            0.353553  0.616951  0.090156
   -6.024   -6.001   -3.971   -3.952   -3.906   -3.672   -3.330   -3.316   -3.246   -3.233
   -2.961   -2.836    0.374    0.612    1.965    2.323    2.774    2.903    7.916    8.207
    9.047
            0.353553  0.618718  0.088388
   -6.023   -6.000   -3.971   -3.951   -3.906   -3.672   -3.330   -3.315   -3.246   -3.233
   -2.960   -2.835    0.374    0.612    1.963    2.322    2.765    2.894    7.924    8.218
    9.049
            0.353553  0.620486  0.086621
   -6.023   -6.000   -3.971   -3.951   -3.907   -3.671   -3.329   -3.315   -3.246   -3.233
   -2.959   -2.834    0.373    0.612    1.961    2.321    2.756    2.885    7.933    8.229
    9.050
            0.353553  0.622254  0.084853
   -6.022   -5.999   -3.971   -3.951   -3.907   -3.671   -3.329   -3.315   -3.246   -3.233
   -2.958   -2.833    0.373    0.612    1.959    2.321    2.747    2.876    7.941    8.240
    9.052
            0.353553  0.624022  0.083085
   -6.022   -5.999   -3.970   -3.950   -3.907   -3.671   -3.329   -3.315   -3.246   -3.233
   -2.957   -2.832    0.372    0.613    1.957    2.320    2.738    2.867    7.950    8.251
    9.054
            0.353553  0.625790  0.081317
   -6.021   -5.998   -3.970   -3.950   -3.907   -3.670   -3.329   -3.314   -3.247   -3.233
   -2.956   -2.831    0.371    0.613    1.955    2.320    2.729    2.858    7.958    8.262
    9.055
            0.353553  0.627557  0.079550
   -6.021   -5.998   -3.970   -3.949   -3.908   -3.670   -3.328   -3.314   -3.247   -3.233
   -2.955   -2.830    0.371    0.613    1.954    2.320    2.720    2.849    7.966    8.272
    9.057
            0.353553  0.629325  0.077782
   -6.020   -5.997   -3.970   -3.949   -3.908   -3.670   -3.328   -3.314   -3.247   -3.233
   -2.954   -2.830    0.370    0.613    1.953    2.320    2.711    2.840    7.974    8.283
    9.058
            0.353553  0.631093  0.076014
   -6.020   -5.997   -3.969   -3.949   -3.908   -3.669   -3.328   -3.313   -3.247   -3.233
   -2.953   -2.829    0.370    0.613    1.952    2.320    2.703    2.831    7.982    8.293
    9.059
            0.353553  0.632861  0.074246
   -6.019   -5.996   -3.969   -3.948   -3.908   -3.669   -3.328   -3.313   -3.247   -3.233
   -2.953   -2.828    0.369    0.612    1.951    2.321    2.694    2.822    7.990    8.304
    9.060
            0.353553  0.634628  0.072478
   -6.019   -5.996   -3.969   -3.948   -3.909   -3.669   -3.327   -3.313   -3.247   -3.233
   -2.952   -2.827    0.368    0.612    1.950    2.322    2.685    2.813    7.998    8.314
    9.061
            0.353553  0.636396  0.070711
   -6.019   -5.995   -3.969   -3.948   -3.909   -3.668   -3.327   -3.312   -3.247   -3.233
   -2.951   -2.826    0.367    0.612    1.950    2.322    2.677    2.804    8.005    8.324
    9.062
            0.353553  0.638164  0.068943
   -6.018   -5.995   -3.968   -3.948   -3.909   -3.668   -3.327   -3.312   -3.248   -3.233
   -2.950   -2.825    0.367    0.612    1.950    2.323    2.668    2.795    8.013    8.334
    9.063
            0.353553  0.639932  0.067175
   -6.018   -5.994   -3.968   -3.947   -3.909   -3.668   -3.327   -3.312   -3.248   -3.233
   -2.949   -2.824    0.366    0.612    1.950    2.325    2.660    2.786    8.020    8.344
    9.064
            0.353553  0.641699  0.065407
   -6.017   -5.994   -3.968   -3.947   -3.909   -3.667   -3.327   -3.311   -3.248   -3.233
   -2.948   -2.824    0.365    0.611    1.950    2.326    2.652    2.777    8.027    8.353
    9.065
            0.353553  0.643467  0.063640
   -6.017   -5.993   -3.968   -3.947   -3.910   -3.667   -3.326   -3.311   -3.248   -3.233
   -2.948   -2.823    0.365    0.611    1.950    2.328    2.644    2.769    8.034    8.363
    9.065
            0.353553  0.645235  0.061872
   -6.017   -5.993   -3.967   -3.947   -3.910   -3.667   -3.326   -3.311   -3.248   -3.233
   -2.947   -2.822    0.364    0.611    1.950    2.329    2.636    2.760    8.041    8.372
    9.066
            0.353553  0.647003  0.060104
   -6.016   -5.992   -3.967   -3.946   -3.910   -3.666   -3.326   -3.311   -3.248   -3.233
   -2.946   -2.821    0.363    0.610    1.950    2.331    2.628    2.751    8.048    8.382
    9.066
            0.353553  0.648770  0.058336
   -6.016   -5.992   -3.967   -3.946   -3.910   -3.666   -3.326   -3.310   -3.248   -3.233
   -2.945   -2.821    0.363    0.610    1.951    2.333    2.620    2.742    8.055    8.391
    9.066
            0.353553  0.650538  0.056569
   -6.015   -5.992   -3.967   -3.946   -3.910   -3.666   -3.326   -3.310   -3.248   -3.233
   -2.944   -2.820    0.362    0.609    1.952    2.336    2.612    2.734    8.061    8.400
    9.066
            0.353553  0.652306  0.054801
   -6.015   -5.991   -3.967   -3.946   -3.910   -3.666   -3.326   -3.310   -3.248   -3.233
   -2.944   -2.819    0.361    0.609    1.953    2.338    2.604    2.725    8.068    8.409
    9.066
            0.353553  0.654074  0.053033
   -6.015   -5.991   -3.966   -3.945   -3.911   -3.665   -3.326   -3.309   -3.249   -3.233
   -2.943   -2.818    0.361    0.608    1.953    2.340    2.597    2.716    8.074    8.418
    9.066
            0.353553  0.655842  0.051265
   -6.014   -5.991   -3.966   -3.945   -3.911   -3.665   -3.325   -3.309   -3.249   -3.233
   -2.942   -2.818    0.360    0.608    1.954    2.343    2.590    2.708    8.080    8.426
    9.066
            0.353553  0.657609  0.049497
   -6.014   -5.990   -3.966   -3.945   -3.911   -3.665   -3.325   -3.309   -3.249   -3.233
   -2.942   -2.817    0.359    0.607    1.956    2.346    2.582    2.699    8.086    8.435
    9.065
            0.353553  0.659377  0.047730
   -6.014   -5.990   -3.966   -3.945   -3.911   -3.665   -3.325   -3.309   -3.249   -3.233
   -2.941   -2.817    0.359    0.607    1.957    2.349    2.575    2.691    8.092    8.443
    9.065
            0.353553  0.661145  0.045962
   -6.013   -5.990   -3.966   -3.945   -3.911   -3.665   -3.325   -3.308   -3.249   -3.233
   -2.940   -2.816    0.358    0.606    1.958    2.352    2.568    2.683    8.097    8.451
    9.065
            0.353553  0.662913  0.044194
   -6.013   -5.989   -3.965   -3.944   -3.911   -3.664   -3.325   -3.308   -3.249   -3.233
   -2.940   -2.815    0.357    0.606    1.959    2.355    2.562    2.674    8.103    8.459
    9.064
            0.353553  0.664680  0.042426
   -6.013   -5.989   -3.965   -3.944   -3.911   -3.664   -3.325   -3.308   -3.249   -3.233
   -2.939   -2.815    0.357    0.605    1.961    2.359    2.555    2.666    8.108    8.467
    9.064
            0.353553  0.666448  0.040659
   -6.013   -5.989   -3.965   -3.944   -3.911   -3.664   -3.325   -3.308   -3.249   -3.233
   -2.939   -2.814    0.356    0.605    1.962    2.362    2.549    2.658    8.113    8.474
    9.063
            0.353553  0.668216  0.038891
   -6.012   -5.988   -3.965   -3.944   -3.912   -3.664   -3.325   -3.308   -3.249   -3.233
   -2.938   -2.814    0.355    0.604    1.963    2.366    2.543    2.650    8.118    8.482
    9.062
            0.353553  0.669984  0.037123
   -6.012   -5.988   -3.965   -3.944   -3.912   -3.664   -3.325   -3.307   -3.249   -3.233
   -2.937   -2.813    0.355    0.604    1.965    2.370    2.537    2.642    8.123    8.489
    9.062
            0.353553  0.671751  0.035355
   -6.012   -5.988   -3.965   -3.944   -3.912   -3.663   -3.324   -3.307   -3.250   -3.232
   -2.937   -2.813    0.354    0.603    1.966    2.374    2.531    2.634    8.127    8.496
    9.061
            0.353553  0.673519  0.033588
   -6.012   -5.988   -3.964   -3.944   -3.912   -3.663   -3.324   -3.307   -3.250   -3.232
   -2.937   -2.812    0.354    0.603    1.968    2.378    2.525    2.626    8.132    8.502
    9.060
            0.353553  0.675287  0.031820
   -6.011   -5.987   -3.964   -3.943   -3.912   -3.663   -3.324   -3.307   -3.250   -3.232
   -2.936   -2.812    0.353    0.602    1.970    2.382    2.520    2.618    8.136    8.509
    9.060
            0.353553  0.677055  0.030052
   -6.011   -5.987   -3.964   -3.943   -3.912   -3.663   -3.324   -3.307   -3.250   -3.232
   -2.936   -2.812    0.353    0.602    1.971    2.387    2.514    2.610    8.140    8.515
    9.059
            0.353553  0.678823  0.028284
   -6.011   -5.987   -3.964   -3.943   -3.912   -3.663   -3.324   -3.306   -3.250   -3.232
   -2.935   -2.811    0.352    0.602    1.973    2.391    2.510    2.602    8.144    8.521
    9.058
            0.353553  0.680590  0.026517
   -6.011   -5.987   -3.964   -3.943   -3.912   -3.663   -3.324   -3.306   -3.250   -3.232
   -2.935   -2.811    0.352    0.601    1.974    2.396    2.505    2.595    8.147    8.526
    9.058
            0.353553  0.682358  0.024749
   -6.011   -5.987   -3.964   -3.943   -3.912   -3.663   -3.324   -3.306   -3.250   -3.232
   -2.934   -2.811    0.351    0.601    1.975    2.401    2.500    2.587    8.151    8.531
    9.057
            0.353553  0.684126  0.022981
   -6.011   -5.986   -3.964   -3.943   -3.912   -3.663   -3.324   -3.306   -3.250   -3.232
   -2.934   -2.810    0.351    0.600    1.977    2.405    2.496    2.580    8.154    8.536
    9.057
            0.353553  0.685894  0.021213
   -6.010   -5.986   -3.964   -3.943   -3.912   -3.662   -3.324   -3.306   -3.250   -3.232
   -2.934   -2.810    0.351    0.600    1.978    2.410    2.492    2.572    8.157    8.541
    9.056
            0.353553  0.687661  0.019445
   -6.010   -5.986   -3.964   -3.943   -3.912   -3.662   -3.324   -3.306   -3.250   -3.232
   -2.933   -2.810    0.350    0.600    1.979    2.415    2.489    2.565    8.160    8.546
    9.056
            0.353553  0.689429  0.017678
   -6.010   -5.986   -3.964   -3.943   -3.912   -3.662   -3.324   -3.306   -3.250   -3.232
   -2.933   -2.809    0.350    0.599    1.981    2.420    2.485    2.558    8.162    8.550
    9.055
            0.353553  0.691197  0.015910
   -6.010   -5.986   -3.963   -3.943   -3.912   -3.662   -3.324   -3.306   -3.250   -3.232
   -2.933   -2.809    0.350    0.599    1.982    2.425    2.482    2.551    8.164    8.553
    9.055
            0.353553  0.692965  0.014142
   -6.010   -5.986   -3.963   -3.943   -3.912   -3.662   -3.324   -3.305   -3.250   -3.232
   -2.933   -2.809    0.349    0.599    1.983    2.430    2.479    2.544    8.166    8.557
    9.055
            0.353553  0.694732  0.012374
   -6.010   -5.986   -3.963   -3.943   -3.912   -3.662   -3.324   -3.305   -3.250   -3.232
   -2.933   -2.809    0.349    0.599    1.984    2.435    2.477    2.538    8.168    8.560
    9.055
            0.353553  0.696500  0.010607
   -6.010   -5.986   -3.963   -3.943   -3.912   -3.662   -3.324   -3.305   -3.250   -3.232
   -2.932   -2.809    0.349    0.598    1.984    2.441    2.475    2.531    8.170    8.562
    9.054
            0.353553  0.698268  0.008839
   -6.010   -5.985   -3.963   -3.943   -3.912   -3.662   -3.324   -3.305   -3.250   -3.232
   -2.932   -2.809    0.349    0.598    1.985    2.445    2.473    2.525    8.171    8.564
    9.054
            0.353553  0.700036  0.007071
   -6.010   -5.985   -3.963   -3.943   -3.912   -3.662   -3.324   -3.305   -3.250   -3.232
   -2.932   -2.808    0.349    0.598    1.986    2.450    2.472    2.520    8.172    8.566
    9.054
            0.353553  0.701803  0.005303
   -6.010   -5.985   -3.963   -3.943   -3.912   -3.662   -3.324   -3.305   -3.250   -3.232
   -2.932   -2.808    0.349    0.598    1.986    2.454    2.471    2.515    8.173    8.568
    9.054
            0.353553  0.703571  0.003536
   -6.010   -5.985   -3.963   -3.943   -3.912   -3.662   -3.324   -3.305   -3.250   -3.232
   -2.932   -2.808    0.349    0.598    1.986    2.457    2.470    2.511    8.174    8.569
    9.054
            0.353553  0.705339  0.001768
   -6.010   -5.985   -3.963   -3.943   -3.912   -3.662   -3.324   -3.305   -3.250   -3.232
   -2.932   -2.808    0.349    0.598    1.987    2.460    2.470    2.508    8.174    8.569
    9.054
            0.353553  0.707107  0.000000
   -6.010   -5.985   -3.963   -3.943   -3.912   -3.662   -3.324   -3.305   -3.250   -3.232
   -2.932   -2.808    0.349    0.598    1.987    2.460    2.470    2.507    8.174    8.569
    9.054
            0.350607  0.707107  0.000000
   -6.010   -5.985   -3.963   -3.943   -3.912   -3.662   -3.324   -3.305   -3.250   -3.232
   -2.932   -2.808    0.349    0.598    1.987    2.460    2.470    2.507    8.174    8.569
    9.053
            0.347661  0.707107  0.000000
   -6.010   -5.985   -3.963   -3.943   -3.912   -3.662   -3.324   -3.305   -3.250   -3.232
   -2.932   -2.808    0.348    0.598    1.987    2.459    2.471    2.507    8.173    8.568
    9.049
            0.344715  0.707107  0.000000
   -6.010   -5.985   -3.963   -3.943   -3.912   -3.662   -3.324   -3.305   -3.251   -3.232
   -2.932   -2.808    0.348    0.597    1.987    2.459    2.472    2.508    8.171    8.566
    9.044
            0.341768  0.707107  0.000000
   -6.010   -5.985   -3.963   -3.943   -3.912   -3.662   -3.324   -3.305   -3.251   -3.232
   -2.932   -2.808    0.348    0.597    1.988    2.458    2.474    2.508    8.169    8.563
    9.036
            0.338822  0.707107  0.000000
   -6.010   -5.985   -3.963   -3.943   -3.912   -3.662   -3.324   -3.305   -3.251   -3.232
   -2.932   -2.809    0.348    0.597    1.989    2.457    2.476    2.508    8.167    8.559
    9.026
            0.335876  0.707107  0.000000
   -6.010   -5.985   -3.963   -3.943   -3.912   -3.662   -3.323   -3.305   -3.251   -3.232
   -2.932   -2.809    0.348    0.596    1.990    2.456    2.478    2.509    8.163    8.555
    9.015
            0.332929  0.707107  0.000000
   -6.010   -5.985   -3.964   -3.943   -3.912   -3.662   -3.323   -3.305   -3.251   -3.232
   -2.932   -2.809    0.348    0.596    1.991    2.455    2.480    2.510    8.159    8.549
    9.002
            0.329983  0.707107  0.000000
   -6.009   -5.985   -3.964   -3.943   -3.911   -3.662   -3.323   -3.305   -3.251   -3.232
   -2.932   -2.809    0.348    0.595    1.992    2.454    2.482    2.510    8.155    8.543
    8.987
            0.327037  0.707107  0.000000
   -6.009   -5.985   -3.964   -3.943   -3.911   -3.663   -3.323   -3.305   -3.251   -3.232
   -2.932   -2.809    0.348    0.594    1.993    2.453    2.485    2.511    8.150    8.537
    8.970
            0.324091  0.707107  0.000000
   -6.009   -5.985   -3.964   -3.943   -3.911   -3.663   -3.323   -3.305   -3.251   -3.232
   -2.932   -2.809    0.348    0.594    1.995    2.452    2.487    2.512    8.144    8.529
    8.953
            0.321144  0.707107  0.000000
   -6.009   -5.985   -3.964   -3.943   -3.910   -3.663   -3.323   -3.305   -3.252   -3.232
   -2.932   -2.810    0.347    0.593    1.997    2.452    2.490    2.513    8.138    8.521
    8.934
            0.318198  0.707107  0.000000
   -6.009   -5.985   -3.964   -3.943   -3.910   -3.663   -3.323   -3.305   -3.252   -3.232
   -2.932   -2.810    0.347    0.592    1.999    2.451    2.492    2.515    8.132    8.512
    8.915
            0.315252  0.707107  0.000000
   -6.009   -5.985   -3.964   -3.943   -3.909   -3.663   -3.323   -3.305   -3.252   -3.232
   -2.932   -2.810    0.347    0.591    2.001    2.451    2.495    2.516    8.125    8.502
    8.894
            0.312305  0.707107  0.000000
   -6.009   -5.985   -3.964   -3.943   -3.909   -3.664   -3.323   -3.305   -3.252   -3.232
   -2.932   -2.811    0.347    0.590    2.003    2.450    2.498    2.517    8.117    8.492
    8.873
            0.309359  0.707107  0.000000
   -6.009   -5.985   -3.965   -3.943   -3.908   -3.664   -3.323   -3.305   -3.252   -3.231
   -2.933   -2.811    0.347    0.588    2.005    2.450    2.501    2.519    8.109    8.481
    8.851
            0.306413  0.707107  0.000000
   -6.009   -5.986   -3.965   -3.943   -3.908   -3.664   -3.322   -3.304   -3.253   -3.231
   -2.933   -2.811    0.346    0.587    2.008    2.450    2.504    2.521    8.100    8.470
    8.829
            0.303467  0.707107  0.000000
   -6.009   -5.986   -3.965   -3.943   -3.907   -3.664   -3.322   -3.304   -3.253   -3.231
   -2.933   -2.812    0.346    0.586    2.010    2.449    2.507    2.522    8.091    8.458
    8.805
            0.300520  0.707107  0.000000
   -6.009   -5.986   -3.965   -3.943   -3.907   -3.665   -3.322   -3.304   -3.253   -3.231
   -2.933   -2.812    0.346    0.584    2.013    2.449    2.511    2.524    8.082    8.445
    8.781
            0.297574  0.707107  0.000000
   -6.009   -5.986   -3.965   -3.944   -3.906   -3.665   -3.322   -3.304   -3.254   -3.231
   -2.933   -2.813    0.346    0.583    2.016    2.449    2.514    2.526    8.072    8.432
    8.752
            0.294628  0.707107  0.000000
   -6.009   -5.986   -3.966   -3.944   -3.905   -3.665   -3.322   -3.304   -3.254   -3.231
   -2.933   -2.813    0.345    0.581    2.019    2.450    2.517    2.528    8.061    8.419
    8.728
            0.291682  0.707107 -0.000000
   -6.009   -5.986   -3.966   -3.944   -3.905   -3.666   -3.322   -3.304   -3.254   -3.231
   -2.933   -2.814    0.345    0.580    2.023    2.450    2.521    2.530    8.051    8.405
    8.700
            0.288735  0.707107  0.000000
   -6.009   -5.986   -3.966   -3.944   -3.904   -3.666   -3.321   -3.304   -3.254   -3.231
   -2.933   -2.814    0.345    0.578    2.026    2.450    2.524    2.532    8.040    8.390
    8.676
            0.285789  0.707107  0.000000
   -6.009   -5.986   -3.966   -3.944   -3.903   -3.666   -3.321   -3.304   -3.255   -3.231
   -2.933   -2.815    0.344    0.576    2.029    2.450    2.528    2.535    8.028    8.375
    8.647
            0.282843  0.707107  0.000000
   -6.009   -5.986   -3.967   -3.944   -3.903   -3.667   -3.321   -3.303   -3.255   -3.231
   -2.933   -2.815    0.344    0.575    2.033    2.451    2.532    2.537    8.016    8.360
    8.620
            0.279896  0.707107  0.000000
   -6.009   -5.986   -3.967   -3.944   -3.902   -3.667   -3.321   -3.303   -3.256   -3.230
   -2.933   -2.816    0.343    0.573    2.037    2.451    2.536    2.540    8.004    8.344
    8.594
            0.276950  0.707107 -0.000000
   -6.009   -5.986   -3.967   -3.944   -3.901   -3.668   -3.321   -3.303   -3.256   -3.230
   -2.934   -2.817    0.343    0.571    2.041    2.452    2.539    2.542    7.992    8.328
    8.567
            0.274004  0.707107  0.000000
   -6.009   -5.986   -3.967   -3.944   -3.900   -3.668   -3.320   -3.303   -3.256   -3.230
   -2.934   -2.817    0.343    0.569    2.045    2.452    2.543    2.545    7.979    8.312
    8.545
            0.271058  0.707107  0.000000
   -6.009   -5.986   -3.968   -3.945   -3.899   -3.669   -3.320   -3.303   -3.257   -3.230
   -2.934   -2.818    0.342    0.567    2.049    2.453    2.547    2.548    7.966    8.295
    8.514
            0.268111  0.707107 -0.000000
   -6.009   -5.986   -3.968   -3.945   -3.898   -3.669   -3.320   -3.302   -3.257   -3.230
   -2.934   -2.819    0.342    0.565    2.053    2.454    2.550    2.552    7.953    8.279
    8.492
            0.265165  0.707107  0.000000
   -6.008   -5.986   -3.968   -3.945   -3.898   -3.670   -3.320   -3.302   -3.257   -3.230
   -2.934   -2.819    0.341    0.563    2.058    2.455    2.553    2.556    7.939    8.261
    8.470
            0.262219  0.707107  0.000000
   -6.008   -5.986   -3.968   -3.945   -3.897   -3.670   -3.320   -3.302   -3.258   -3.230
   -2.934   -2.820    0.341    0.560    2.062    2.456    2.556    2.560    7.926    8.244
    8.445
            0.259272  0.707107  0.000000
   -6.008   -5.986   -3.968   -3.945   -3.896   -3.671   -3.319   -3.302   -3.258   -3.230
   -2.934   -2.821    0.341    0.558    2.067    2.457    2.560    2.564    7.912    8.226
    8.419
            0.256326  0.707107  0.000000
   -6.008   -5.986   -3.969   -3.945   -3.895   -3.671   -3.319   -3.301   -3.259   -3.230
   -2.934   -2.822    0.340    0.556    2.072    2.458    2.563    2.569    7.897    8.209
    8.384
            0.253380  0.707107  0.000000
   -6.008   -5.986   -3.969   -3.946   -3.894   -3.672   -3.319   -3.301   -3.259   -3.230
   -2.935   -2.822    0.340    0.554    2.076    2.459    2.566    2.573    7.883    8.191
    8.376
            0.250434  0.707107  0.000000
   -6.008   -5.986   -3.969   -3.946   -3.893   -3.672   -3.319   -3.301   -3.259   -3.229
   -2.935   -2.823    0.339    0.551    2.081    2.460    2.569    2.578    7.869    8.173
    8.332
            0.247487  0.707107  0.000000
   -6.008   -5.986   -3.969   -3.946   -3.892   -3.673   -3.319   -3.300   -3.260   -3.229
   -2.935   -2.824    0.339    0.549    2.086    2.461    2.573    2.582    7.854    8.154
    8.307
            0.244541  0.707107  0.000000
   -6.008   -5.986   -3.970   -3.946   -3.891   -3.674   -3.318   -3.300   -3.260   -3.229
   -2.935   -2.825    0.338    0.546    2.092    2.463    2.576    2.587    7.839    8.136
    8.281
            0.241595  0.707107  0.000000
   -6.008   -5.986   -3.970   -3.946   -3.890   -3.674   -3.318   -3.300   -3.261   -3.229
   -2.935   -2.826    0.338    0.544    2.097    2.464    2.580    2.591    7.825    8.117
    8.262
            0.238649  0.707107  0.000000
   -6.008   -5.987   -3.970   -3.946   -3.889   -3.675   -3.318   -3.299   -3.261   -3.229
   -2.935   -2.826    0.337    0.541    2.102    2.466    2.584    2.596    7.810    8.099
    8.231
            0.235702  0.707107  0.000000
   -6.008   -5.987   -3.970   -3.947   -3.888   -3.676   -3.318   -3.299   -3.262   -3.229
   -2.935   -2.827    0.337    0.539    2.108    2.467    2.587    2.601    7.794    8.080
    8.206
            0.232756  0.707107  0.000000
   -6.008   -5.987   -3.970   -3.947   -3.887   -3.676   -3.318   -3.299   -3.262   -3.229
   -2.935   -2.828    0.336    0.536    2.113    2.469    2.591    2.606    7.779    8.061
    8.184
            0.229810  0.707107  0.000000
   -6.007   -5.987   -3.971   -3.947   -3.885   -3.677   -3.317   -3.298   -3.263   -3.229
   -2.936   -2.829    0.336    0.534    2.119    2.470    2.595    2.611    7.764    8.042
    8.157
            0.226863  0.707107 -0.000000
   -6.007   -5.987   -3.971   -3.947   -3.884   -3.678   -3.317   -3.298   -3.263   -3.229
   -2.936   -2.830    0.336    0.531    2.124    2.472    2.599    2.615    7.749    8.023
    8.132
            0.223917  0.707107  0.000000
   -6.007   -5.987   -3.971   -3.947   -3.883   -3.678   -3.317   -3.298   -3.263   -3.229
   -2.936   -2.831    0.335    0.528    2.130    2.473    2.603    2.620    7.733    8.004
    8.109
            0.220971  0.707107  0.000000
   -6.007   -5.987   -3.971   -3.948   -3.882   -3.679   -3.317   -3.297   -3.264   -3.229
   -2.936   -2.832    0.335    0.526    2.136    2.475    2.607    2.625    7.718    7.985
    8.086
            0.218025  0.707107  0.000000
   -6.007   -5.987   -3.971   -3.948   -3.881   -3.680   -3.317   -3.297   -3.264   -3.229
   -2.936   -2.833    0.334    0.523    2.142    2.477    2.611    2.630    7.703    7.967
    8.065
            0.215078  0.707107  0.000000
   -6.007   -5.987   -3.972   -3.948   -3.880   -3.681   -3.316   -3.296   -3.265   -3.229
   -2.936   -2.834    0.334    0.520    2.148    2.479    2.615    2.635    7.687    7.948
    8.037
            0.212132  0.707107  0.000000
   -6.007   -5.987   -3.972   -3.948   -3.879   -3.682   -3.316   -3.296   -3.265   -3.229
   -2.936   -2.835    0.333    0.517    2.154    2.481    2.620    2.640    7.672    7.929
    8.013
            0.209186  0.707107  0.000000
   -6.007   -5.987   -3.972   -3.948   -3.877   -3.682   -3.316   -3.295   -3.266   -3.229
   -2.936   -2.836    0.333    0.515    2.160    2.482    2.624    2.645    7.657    7.910
    7.991
            0.206239  0.707107  0.000000
   -6.007   -5.987   -3.972   -3.949   -3.876   -3.683   -3.316   -3.295   -3.266   -3.229
   -2.937   -2.837    0.332    0.512    2.166    2.484    2.628    2.651    7.641    7.891
    7.978
            0.203293  0.707107 -0.000000
   -6.007   -5.987   -3.972   -3.949   -3.875   -3.684   -3.316   -3.294   -3.267   -3.229
   -2.937   -2.838    0.332    0.509    2.172    2.486    2.633    2.656    7.626    7.872
    7.945
            0.200347  0.707107  0.000000
   -6.006   -5.988   -3.972   -3.949   -3.874   -3.685   -3.316   -3.294   -3.267   -3.229
   -2.937   -2.839    0.331    0.506    2.178    2.488    2.637    2.661    7.611    7.853
    7.923
            0.197401  0.707107  0.000000
   -6.006   -5.988   -3.972   -3.949   -3.872   -3.686   -3.315   -3.293   -3.268   -3.229
   -2.937   -2.840    0.331    0.504    2.184    2.490    2.642    2.666    7.595    7.834
    7.901
            0.194454  0.707107  0.000000
   -6.006   -5.988   -3.973   -3.950   -3.871   -3.687   -3.315   -3.293   -3.268   -3.229
   -2.937   -2.842    0.331    0.501    2.191    2.492    2.646    2.671    7.580    7.816
    7.878
            0.191508  0.707107  0.000000
   -6.006   -5.988   -3.973   -3.950   -3.870   -3.688   -3.315   -3.292   -3.269   -3.229
   -2.937   -2.843    0.330    0.498    2.197    2.494    2.651    2.676    7.565    7.797
    7.856
            0.188562  0.707107  0.000000
   -6.006   -5.988   -3.973   -3.950   -3.869   -3.688   -3.315   -3.291   -3.269   -3.229
   -2.937   -2.844    0.330    0.495    2.203    2.496    2.655    2.681    7.550    7.778
    7.835
            0.185616  0.707107  0.000000
   -6.006   -5.988   -3.973   -3.950   -3.867   -3.689   -3.315   -3.291   -3.270   -3.229
   -2.937   -2.845    0.329    0.492    2.210    2.498    2.660    2.687    7.535    7.760
    7.813
            0.182669  0.707107  0.000000
   -6.006   -5.988   -3.973   -3.951   -3.866   -3.690   -3.315   -3.290   -3.270   -3.229
   -2.937   -2.846    0.329    0.489    2.216    2.500    2.665    2.692    7.520    7.742
    7.792
            0.179723  0.707107  0.000000
   -6.006   -5.988   -3.973   -3.951   -3.865   -3.691   -3.314   -3.290   -3.271   -3.229
   -2.937   -2.847    0.329    0.487    2.223    2.502    2.669    2.697    7.506    7.723
    7.771
            0.176777  0.707107  0.000000
   -6.005   -5.988   -3.973   -3.951   -3.863   -3.692   -3.314   -3.289   -3.271   -3.229
   -2.937   -2.848    0.328    0.484    2.229    2.504    2.674    2.702    7.491    7.705
    7.751
            0.173830  0.707107  0.000000
   -6.005   -5.988   -3.973   -3.951   -3.862   -3.693   -3.314   -3.288   -3.272   -3.229
   -2.937   -2.849    0.328    0.481    2.235    2.506    2.679    2.707    7.476    7.687
    7.731
            0.170884  0.707107  0.000000
   -6.005   -5.988   -3.973   -3.952   -3.861   -3.694   -3.314   -3.288   -3.272   -3.229
   -2.937   -2.851    0.328    0.478    2.242    2.509    2.683    2.713    7.462    7.669
    7.711
            0.167938  0.707107  0.000000
   -6.005   -5.989   -3.974   -3.952   -3.859   -3.695   -3.314   -3.287   -3.273   -3.229
   -2.937   -2.852    0.327    0.475    2.248    2.511    2.688    2.718    7.448    7.652
    7.691
            0.164992  0.707107  0.000000
   -6.005   -5.989   -3.974   -3.952   -3.858   -3.696   -3.314   -3.286   -3.273   -3.229
   -2.937   -2.853    0.327    0.472    2.255    2.513    2.693    2.723    7.434    7.634
    7.671
            0.162045  0.707107  0.000000
   -6.005   -5.989   -3.974   -3.952   -3.856   -3.697   -3.313   -3.286   -3.274   -3.229
   -2.937   -2.854    0.327    0.470    2.261    2.515    2.698    2.728    7.420    7.616
    7.653
            0.159099  0.707107  0.000000
   -6.005   -5.989   -3.974   -3.953   -3.855   -3.698   -3.313   -3.285   -3.274   -3.230
   -2.937   -2.855    0.326    0.467    2.268    2.517    2.703    2.733    7.406    7.599
    7.633
            0.156153  0.707107  0.000000
   -6.005   -5.989   -3.974   -3.953   -3.854   -3.700   -3.313   -3.284   -3.275   -3.230
   -2.937   -2.857    0.326    0.464    2.274    2.519    2.708    2.738    7.392    7.582
    7.615
            0.153206  0.707107  0.000000
   -6.004   -5.989   -3.974   -3.953   -3.852   -3.701   -3.313   -3.284   -3.275   -3.230
   -2.937   -2.858    0.326    0.461    2.281    2.521    2.712    2.743    7.379    7.565
    7.596
            0.150260  0.707107  0.000000
   -6.004   -5.989   -3.974   -3.954   -3.851   -3.702   -3.313   -3.283   -3.276   -3.230
   -2.937   -2.859    0.326    0.458    2.287    2.523    2.717    2.748    7.365    7.548
    7.578
            0.147314  0.707107  0.000000
   -6.004   -5.989   -3.974   -3.954   -3.849   -3.703   -3.312   -3.282   -3.276   -3.230
   -2.937   -2.860    0.325    0.456    2.294    2.525    2.722    2.753    7.352    7.532
    7.561
            0.144368  0.707107  0.000000
   -6.004   -5.989   -3.974   -3.954   -3.848   -3.704   -3.312   -3.282   -3.277   -3.230
   -2.937   -2.861    0.325    0.453    2.300    2.527    2.727    2.758    7.339    7.515
    7.543
            0.141421  0.707107  0.000000
   -6.004   -5.990   -3.974   -3.954   -3.846   -3.705   -3.312   -3.281   -3.277   -3.230
   -2.937   -2.863    0.325    0.450    2.307    2.529    2.732    2.763    7.327    7.499
    7.526
            0.138475  0.707107 -0.000000
   -6.004   -5.990   -3.974   -3.955   -3.845   -3.706   -3.312   -3.280   -3.278   -3.230
   -2.937   -2.864    0.325    0.447    2.313    2.530    2.736    2.768    7.314    7.483
    7.509
            0.135529  0.707107 -0.000000
   -6.004   -5.990   -3.974   -3.955   -3.844   -3.707   -3.312   -3.280   -3.278   -3.231
   -2.937   -2.865    0.325    0.445    2.319    2.532    2.741    2.772    7.302    7.467
    7.492
            0.132583  0.707107  0.000000
   -6.003   -5.990   -3.974   -3.955   -3.842   -3.709   -3.312   -3.279   -3.279   -3.231
   -2.937   -2.866    0.325    0.442    2.326    2.534    2.746    2.777    7.290    7.451
    7.476
            0.129636  0.707107  0.000000
   -6.003   -5.990   -3.974   -3.956   -3.841   -3.710   -3.311   -3.279   -3.278   -3.231
   -2.937   -2.868    0.325    0.439    2.332    2.536    2.751    2.782    7.278    7.436
    7.460
            0.126690  0.707107  0.000000
   -6.003   -5.990   -3.974   -3.956   -3.839   -3.711   -3.311   -3.280   -3.277   -3.231
   -2.936   -2.869    0.325    0.437    2.338    2.538    2.755    2.786    7.266    7.421
    7.446
            0.123744  0.707107 -0.000000
   -6.003   -5.990   -3.974   -3.956   -3.838   -3.712   -3.311   -3.280   -3.277   -3.231
   -2.936   -2.870    0.325    0.434    2.344    2.539    2.760    2.791    7.255    7.406
    7.429
            0.120797  0.707107  0.000000
   -6.003   -5.990   -3.974   -3.956   -3.836   -3.713   -3.311   -3.281   -3.276   -3.232
   -2.936   -2.871    0.325    0.431    2.351    2.541    2.765    2.795    7.243    7.391
    7.414
            0.117851  0.707107  0.000000
   -6.003   -5.990   -3.974   -3.957   -3.835   -3.715   -3.311   -3.281   -3.275   -3.232
   -2.936   -2.872    0.325    0.429    2.357    2.542    2.769    2.800    7.232    7.376
    7.400
            0.114905  0.707107 -0.000000
   -6.003   -5.991   -3.974   -3.957   -3.833   -3.716   -3.310   -3.282   -3.274   -3.232
   -2.936   -2.874    0.325    0.426    2.363    2.544    2.774    2.804    7.222    7.362
    7.385
            0.111959  0.707107 -0.000000
   -6.002   -5.991   -3.974   -3.957   -3.832   -3.717   -3.310   -3.282   -3.274   -3.232
   -2.935   -2.875    0.325    0.424    2.369    2.545    2.778    2.808    7.211    7.348
    7.371
            0.109012  0.707107  0.000000
   -6.002   -5.991   -3.974   -3.958   -3.830   -3.719   -3.310   -3.283   -3.273   -3.232
   -2.935   -2.876    0.325    0.421    2.375    2.547    2.783    2.812    7.201    7.334
    7.358
            0.106066  0.707107  0.000000
   -6.002   -5.991   -3.974   -3.958   -3.829   -3.720   -3.310   -3.283   -3.272   -3.233
   -2.935   -2.877    0.325    0.419    2.381    2.548    2.787    2.816    7.191    7.321
    7.345
            0.103120  0.707107 -0.000000
   -6.002   -5.991   -3.974   -3.958   -3.827   -3.721   -3.310   -3.284   -3.272   -3.233
   -2.935   -2.879    0.325    0.416    2.387    2.549    2.792    2.820    7.181    7.308
    7.331
            0.100173  0.707107  0.000000
   -6.002   -5.991   -3.973   -3.959   -3.825   -3.722   -3.309   -3.284   -3.271   -3.233
   -2.935   -2.880    0.325    0.414    2.392    2.551    2.796    2.824    7.172    7.295
    7.318
            0.097227  0.707107  0.000000
   -6.002   -5.991   -3.973   -3.959   -3.824   -3.724   -3.309   -3.285   -3.270   -3.234
   -2.934   -2.881    0.325    0.411    2.398    2.552    2.800    2.828    7.163    7.282
    7.306
            0.094281  0.707107 -0.000000
   -6.001   -5.992   -3.973   -3.959   -3.822   -3.725   -3.309   -3.285   -3.269   -3.234
   -2.934   -2.882    0.326    0.409    2.404    2.553    2.804    2.832    7.154    7.269
    7.294
            0.091335  0.707107 -0.000000
   -6.001   -5.992   -3.973   -3.959   -3.821   -3.726   -3.309   -3.286   -3.269   -3.234
   -2.934   -2.883    0.326    0.407    2.409    2.554    2.808    2.835    7.145    7.257
    7.283
            0.088388  0.707107  0.000000
   -6.001   -5.992   -3.973   -3.960   -3.819   -3.728   -3.308   -3.286   -3.268   -3.234
   -2.933   -2.885    0.326    0.404    2.415    2.555    2.812    2.839    7.137    7.245
    7.271
            0.085442  0.707107  0.000000
   -6.001   -5.992   -3.973   -3.960   -3.818   -3.729   -3.308   -3.287   -3.267   -3.235
   -2.933   -2.886    0.326    0.402    2.420    2.556    2.816    2.842    7.129    7.234
    7.261
            0.082496  0.707107  0.000000
   -6.001   -5.992   -3.973   -3.960   -3.816   -3.730   -3.308   -3.287   -3.266   -3.235
   -2.933   -2.887    0.327    0.400    2.426    2.556    2.820    2.846    7.121    7.222
    7.250
            0.079550  0.707107 -0.000000
   -6.001   -5.992   -3.973   -3.961   -3.815   -3.732   -3.308   -3.288   -3.266   -3.235
   -2.932   -2.888    0.327    0.398    2.431    2.557    2.824    2.849    7.114    7.211
    7.240
            0.076603  0.707107  0.000000
   -6.000   -5.992   -3.973   -3.961   -3.813   -3.733   -3.308   -3.288   -3.265   -3.236
   -2.932   -2.889    0.328    0.395    2.436    2.558    2.828    2.852    7.107    7.201
    7.243
            0.073657  0.707107  0.000000
   -6.000   -5.992   -3.973   -3.961   -3.811   -3.735   -3.307   -3.289   -3.264   -3.236
   -2.931   -2.890    0.328    0.393    2.441    2.558    2.831    2.855    7.100    7.190
    7.221
            0.070711  0.707107 -0.000000
   -6.000   -5.993   -3.972   -3.961   -3.810   -3.736   -3.307   -3.289   -3.264   -3.236
   -2.931   -2.892    0.328    0.391    2.446    2.558    2.835    2.858    7.094    7.180
    7.212
            0.067764  0.707107  0.000000
   -6.000   -5.993   -3.972   -3.962   -3.808   -3.737   -3.307   -3.290   -3.263   -3.237
   -2.931   -2.893    0.329    0.389    2.451    2.559    2.838    2.860    7.087    7.170
    7.203
            0.064818  0.707107  0.000000
   -6.000   -5.993   -3.972   -3.962   -3.807   -3.739   -3.306   -3.290   -3.262   -3.237
   -2.930   -2.894    0.329    0.387    2.456    2.559    2.842    2.863    7.082    7.161
    7.195
            0.061872  0.707107  0.000000
   -6.000   -5.993   -3.972   -3.962   -3.805   -3.740   -3.306   -3.291   -3.261   -3.238
   -2.930   -2.895    0.330    0.385    2.461    2.559    2.845    2.865    7.076    7.152
    7.187
            0.058926  0.707107  0.000000
   -6.000   -5.993   -3.972   -3.963   -3.804   -3.742   -3.306   -3.291   -3.261   -3.238
   -2.929   -2.896    0.331    0.383    2.466    2.559    2.848    2.868    7.071    7.143
    7.179
            0.055979  0.707107  0.000000
   -5.999   -5.993   -3.972   -3.963   -3.802   -3.743   -3.306   -3.291   -3.260   -3.238
   -2.929   -2.897    0.331    0.381    2.470    2.559    2.851    2.870    7.066    7.134
    7.176
            0.053033  0.707107  0.000000
   -5.999   -5.994   -3.972   -3.963   -3.800   -3.745   -3.305   -3.292   -3.259   -3.239
   -2.928   -2.898    0.332    0.379    2.475    2.559    2.854    2.872    7.061    7.126
    7.166
            0.050087  0.707107 -0.000000
   -5.999   -5.994   -3.971   -3.963   -3.799   -3.746   -3.305   -3.292   -3.259   -3.239
   -2.928   -2.899    0.333    0.377    2.479    2.558    2.857    2.874    7.057    7.118
    7.159
            0.047140  0.707107 -0.000000
   -5.999   -5.994   -3.971   -3.964   -3.797   -3.748   -3.305   -3.293   -3.258   -3.240
   -2.927   -2.900    0.333    0.375    2.483    2.558    2.860    2.876    7.053    7.111
    7.153
            0.044194  0.707107  0.000000
   -5.999   -5.994   -3.971   -3.964   -3.796   -3.749   -3.304   -3.293   -3.257   -3.240
   -2.926   -2.901    0.334    0.373    2.487    2.557    2.862    2.878    7.050    7.104
    7.148
            0.041248  0.707107  0.000000
   -5.999   -5.994   -3.971   -3.964   -3.794   -3.751   -3.304   -3.294   -3.257   -3.241
   -2.926   -2.903    0.335    0.371    2.491    2.557    2.865    2.879    7.046    7.097
    7.144
            0.038302  0.707107  0.000000
   -5.998   -5.994   -3.971   -3.965   -3.792   -3.752   -3.304   -3.294   -3.256   -3.241
   -2.925   -2.904    0.336    0.370    2.495    2.556    2.867    2.880    7.043    7.090
    7.139
            0.035355  0.707107  0.000000
   -5.998   -5.994   -3.971   -3.965   -3.791   -3.754   -3.304   -3.295   -3.255   -3.241
   -2.925   -2.905    0.337    0.368    2.499    2.555    2.869    2.882    7.041    7.084
    7.134
            0.032409  0.707107  0.000000
   -5.998   -5.995   -3.970   -3.965   -3.789   -3.755   -3.303   -3.295   -3.255   -3.242
   -2.924   -2.906    0.337    0.366    2.503    2.554    2.871    2.883    7.039    7.078
    7.129
            0.029463  0.707107  0.000000
   -5.998   -5.995   -3.970   -3.965   -3.788   -3.757   -3.303   -3.295   -3.254   -3.242
   -2.923   -2.907    0.338    0.364    2.506    2.553    2.873    2.884    7.037    7.073
    7.126
            0.026517  0.707107 -0.000000
   -5.998   -5.995   -3.970   -3.966   -3.786   -3.758   -3.303   -3.296   -3.253   -3.243
   -2.923   -2.908    0.339    0.363    2.510    2.552    2.875    2.885    7.035    7.068
    7.123
            0.023570  0.707107  0.000000
   -5.998   -5.995   -3.970   -3.966   -3.785   -3.760   -3.302   -3.296   -3.253   -3.243
   -2.922   -2.909    0.340    0.361    2.513    2.551    2.877    2.885    7.034    7.063
    7.119
            0.020624  0.707107  0.000000
   -5.997   -5.995   -3.970   -3.966   -3.783   -3.761   -3.302   -3.297   -3.252   -3.244
   -2.921   -2.909    0.341    0.360    2.516    2.549    2.879    2.886    7.033    7.059
    7.117
            0.017678  0.707107  0.000000
   -5.997   -5.995   -3.969   -3.966   -3.781   -3.763   -3.302   -3.297   -3.251   -3.244
   -2.920   -2.910    0.342    0.358    2.519    2.548    2.880    2.886    7.033    7.054
    7.116
            0.014731  0.707107  0.000000
   -5.997   -5.995   -3.969   -3.967   -3.780   -3.764   -3.301   -3.297   -3.251   -3.245
   -2.920   -2.911    0.344    0.357    2.522    2.546    2.881    2.887    7.033    7.051
    7.114
            0.011785  0.707107  0.000000
   -5.997   -5.996   -3.969   -3.967   -3.778   -3.766   -3.301   -3.298   -3.250   -3.246
   -2.919   -2.912    0.345    0.355    2.525    2.544    2.882    2.887    7.033    7.047
    7.113
            0.008839  0.707107  0.000000
   -5.997   -5.996   -3.969   -3.967   -3.777   -3.767   -3.300   -3.298   -3.250   -3.246
   -2.918   -2.913    0.346    0.354    2.528    2.542    2.883    2.887    7.033    7.044
    7.112
            0.005893  0.707107 -0.000000
   -5.997   -5.996   -3.968   -3.967   -3.775   -3.769   -3.300   -3.299   -3.249   -3.247
   -2.917   -2.914    0.347    0.352    2.531    2.540    2.884    2.886    7.034    7.042
    7.111
            0.002946  0.707107  0.000000
   -5.996   -5.996   -3.968   -3.968   -3.774   -3.770   -3.300   -3.299   -3.248   -3.247
   -2.917   -2.915    0.348    0.351    2.533    2.538    2.885    2.886    7.036    7.039
    7.110
            0.000000  0.707107  0.000000
   -5.996   -5.996   -3.968   -3.968   -3.772   -3.772   -3.299   -3.299   -3.248   -3.248
   -2.916   -2.916    0.350    0.350    2.536    2.536    2.886    2.886    7.037    7.037
    7.111
