#  E (eV)   dos(E)     Int dos(E) EFermi =    6.558 eV
-108.152  0.0000E+00  0.0000E+00
-108.147  0.0000E+00  0.2000E+01
-108.142  0.0000E+00  0.2000E+01
-108.137  0.0000E+00  0.2000E+01
-108.132  0.0000E+00  0.2000E+01
-108.127  0.0000E+00  0.2000E+01
-108.122  0.0000E+00  0.2000E+01
-108.117  0.0000E+00  0.2000E+01
-108.112  0.0000E+00  0.2000E+01
-108.107  0.0000E+00  0.2000E+01
-108.102  0.0000E+00  0.2000E+01
-108.097  0.0000E+00  0.2000E+01
-108.092  0.0000E+00  0.2000E+01
-108.087  0.0000E+00  0.2000E+01
-108.082  0.0000E+00  0.2000E+01
-108.077  0.0000E+00  0.2000E+01
-108.072  0.0000E+00  0.2000E+01
-108.067  0.0000E+00  0.2000E+01
-108.062  0.0000E+00  0.2000E+01
-108.057  0.0000E+00  0.2000E+01
-108.052  0.0000E+00  0.2000E+01
-108.047  0.0000E+00  0.2000E+01
-108.042  0.0000E+00  0.2000E+01
-108.037  0.0000E+00  0.2000E+01
-108.032  0.0000E+00  0.2000E+01
-108.027  0.0000E+00  0.2000E+01
-108.022  0.0000E+00  0.2000E+01
-108.017  0.0000E+00  0.2000E+01
-108.012  0.0000E+00  0.2000E+01
-108.007  0.0000E+00  0.2000E+01
-108.002  0.0000E+00  0.2000E+01
-107.997  0.0000E+00  0.2000E+01
-107.992  0.0000E+00  0.2000E+01
-107.987  0.0000E+00  0.2000E+01
-107.982  0.0000E+00  0.2000E+01
-107.977  0.0000E+00  0.2000E+01
-107.972  0.0000E+00  0.2000E+01
-107.967  0.0000E+00  0.2000E+01
-107.962  0.0000E+00  0.2000E+01
-107.957  0.0000E+00  0.2000E+01
-107.952  0.0000E+00  0.2000E+01
-107.947  0.0000E+00  0.2000E+01
-107.942  0.0000E+00  0.2000E+01
-107.937  0.0000E+00  0.2000E+01
-107.932  0.0000E+00  0.2000E+01
-107.927  0.0000E+00  0.2000E+01
-107.922  0.0000E+00  0.2000E+01
-107.917  0.0000E+00  0.2000E+01
-107.912  0.0000E+00  0.2000E+01
-107.907  0.0000E+00  0.2000E+01
-107.902  0.0000E+00  0.2000E+01
-107.897  0.0000E+00  0.2000E+01
-107.892  0.0000E+00  0.2000E+01
-107.887  0.0000E+00  0.2000E+01
-107.882  0.0000E+00  0.2000E+01
-107.877  0.0000E+00  0.2000E+01
-107.872  0.0000E+00  0.2000E+01
-107.867  0.0000E+00  0.2000E+01
-107.862  0.0000E+00  0.2000E+01
-107.857  0.0000E+00  0.2000E+01
-107.852  0.0000E+00  0.2000E+01
-107.847  0.0000E+00  0.2000E+01
-107.842  0.0000E+00  0.2000E+01
-107.837  0.0000E+00  0.2000E+01
-107.832  0.0000E+00  0.2000E+01
-107.827  0.0000E+00  0.2000E+01
-107.822  0.0000E+00  0.2000E+01
-107.817  0.0000E+00  0.2000E+01
-107.812  0.0000E+00  0.2000E+01
-107.807  0.0000E+00  0.2000E+01
-107.802  0.0000E+00  0.2000E+01
-107.797  0.0000E+00  0.2000E+01
-107.792  0.0000E+00  0.2000E+01
-107.787  0.0000E+00  0.2000E+01
-107.782  0.0000E+00  0.2000E+01
-107.777  0.0000E+00  0.2000E+01
-107.772  0.0000E+00  0.2000E+01
-107.767  0.0000E+00  0.2000E+01
-107.762  0.0000E+00  0.2000E+01
-107.757  0.0000E+00  0.2000E+01
-107.752  0.0000E+00  0.2000E+01
-107.747  0.0000E+00  0.2000E+01
-107.742  0.0000E+00  0.2000E+01
-107.737  0.0000E+00  0.2000E+01
-107.732  0.0000E+00  0.2000E+01
-107.727  0.0000E+00  0.2000E+01
-107.722  0.0000E+00  0.2000E+01
-107.717  0.0000E+00  0.2000E+01
-107.712  0.0000E+00  0.2000E+01
-107.707  0.0000E+00  0.2000E+01
-107.702  0.0000E+00  0.2000E+01
-107.697  0.0000E+00  0.2000E+01
-107.692  0.0000E+00  0.2000E+01
-107.687  0.0000E+00  0.2000E+01
-107.682  0.0000E+00  0.2000E+01
-107.677  0.0000E+00  0.2000E+01
-107.672  0.0000E+00  0.2000E+01
-107.667  0.0000E+00  0.2000E+01
-107.662  0.0000E+00  0.2000E+01
-107.657  0.0000E+00  0.2000E+01
-107.652  0.0000E+00  0.2000E+01
-107.647  0.0000E+00  0.2000E+01
-107.642  0.0000E+00  0.2000E+01
-107.637  0.0000E+00  0.2000E+01
-107.632  0.0000E+00  0.2000E+01
-107.627  0.0000E+00  0.2000E+01
-107.622  0.0000E+00  0.2000E+01
-107.617  0.0000E+00  0.2000E+01
-107.612  0.0000E+00  0.2000E+01
-107.607  0.0000E+00  0.2000E+01
-107.602  0.0000E+00  0.2000E+01
-107.597  0.0000E+00  0.2000E+01
-107.592  0.0000E+00  0.2000E+01
-107.587  0.0000E+00  0.2000E+01
-107.582  0.0000E+00  0.2000E+01
-107.577  0.0000E+00  0.2000E+01
-107.572  0.0000E+00  0.2000E+01
-107.567  0.0000E+00  0.2000E+01
-107.562  0.0000E+00  0.2000E+01
-107.557  0.0000E+00  0.2000E+01
-107.552  0.0000E+00  0.2000E+01
-107.547  0.0000E+00  0.2000E+01
-107.542  0.0000E+00  0.2000E+01
-107.537  0.0000E+00  0.2000E+01
-107.532  0.0000E+00  0.2000E+01
-107.527  0.0000E+00  0.2000E+01
-107.522  0.0000E+00  0.2000E+01
-107.517  0.0000E+00  0.2000E+01
-107.512  0.0000E+00  0.2000E+01
-107.507  0.0000E+00  0.2000E+01
-107.502  0.0000E+00  0.2000E+01
-107.497  0.0000E+00  0.2000E+01
-107.492  0.0000E+00  0.2000E+01
-107.487  0.0000E+00  0.2000E+01
-107.482  0.0000E+00  0.2000E+01
-107.477  0.0000E+00  0.2000E+01
-107.472  0.0000E+00  0.2000E+01
-107.467  0.0000E+00  0.2000E+01
-107.462  0.0000E+00  0.2000E+01
-107.457  0.0000E+00  0.2000E+01
-107.452  0.0000E+00  0.2000E+01
-107.447  0.0000E+00  0.2000E+01
-107.442  0.0000E+00  0.2000E+01
-107.437  0.0000E+00  0.2000E+01
-107.432  0.0000E+00  0.2000E+01
-107.427  0.0000E+00  0.2000E+01
-107.422  0.0000E+00  0.2000E+01
-107.417  0.0000E+00  0.2000E+01
-107.412  0.0000E+00  0.2000E+01
-107.407  0.0000E+00  0.2000E+01
-107.402  0.0000E+00  0.2000E+01
-107.397  0.0000E+00  0.2000E+01
-107.392  0.0000E+00  0.2000E+01
-107.387  0.0000E+00  0.2000E+01
-107.382  0.0000E+00  0.2000E+01
-107.377  0.0000E+00  0.2000E+01
-107.372  0.0000E+00  0.2000E+01
-107.367  0.0000E+00  0.2000E+01
-107.362  0.0000E+00  0.2000E+01
-107.357  0.0000E+00  0.2000E+01
-107.352  0.0000E+00  0.2000E+01
-107.347  0.0000E+00  0.2000E+01
-107.342  0.0000E+00  0.2000E+01
-107.337  0.0000E+00  0.2000E+01
-107.332  0.0000E+00  0.2000E+01
-107.327  0.0000E+00  0.2000E+01
-107.322  0.0000E+00  0.2000E+01
-107.317  0.0000E+00  0.2000E+01
-107.312  0.0000E+00  0.2000E+01
-107.307  0.0000E+00  0.2000E+01
-107.302  0.0000E+00  0.2000E+01
-107.297  0.0000E+00  0.2000E+01
-107.292  0.0000E+00  0.2000E+01
-107.287  0.0000E+00  0.2000E+01
-107.282  0.0000E+00  0.2000E+01
-107.277  0.0000E+00  0.2000E+01
-107.272  0.0000E+00  0.2000E+01
-107.267  0.0000E+00  0.2000E+01
-107.262  0.0000E+00  0.2000E+01
-107.257  0.0000E+00  0.2000E+01
-107.252  0.0000E+00  0.2000E+01
-107.247  0.0000E+00  0.2000E+01
-107.242  0.0000E+00  0.2000E+01
-107.237  0.0000E+00  0.2000E+01
-107.232  0.0000E+00  0.2000E+01
-107.227  0.0000E+00  0.2000E+01
-107.222  0.0000E+00  0.2000E+01
-107.217  0.0000E+00  0.2000E+01
-107.212  0.0000E+00  0.2000E+01
-107.207  0.0000E+00  0.2000E+01
-107.202  0.0000E+00  0.2000E+01
-107.197  0.0000E+00  0.2000E+01
-107.192  0.0000E+00  0.2000E+01
-107.187  0.0000E+00  0.2000E+01
-107.182  0.0000E+00  0.2000E+01
-107.177  0.0000E+00  0.2000E+01
-107.172  0.0000E+00  0.2000E+01
-107.167  0.0000E+00  0.2000E+01
-107.162  0.0000E+00  0.2000E+01
-107.157  0.0000E+00  0.2000E+01
-107.152  0.0000E+00  0.2000E+01
-107.147  0.0000E+00  0.2000E+01
-107.142  0.0000E+00  0.2000E+01
-107.137  0.0000E+00  0.2000E+01
-107.132  0.0000E+00  0.2000E+01
-107.127  0.0000E+00  0.2000E+01
-107.122  0.0000E+00  0.2000E+01
-107.117  0.0000E+00  0.2000E+01
-107.112  0.0000E+00  0.2000E+01
-107.107  0.0000E+00  0.2000E+01
-107.102  0.0000E+00  0.2000E+01
-107.097  0.0000E+00  0.2000E+01
-107.092  0.0000E+00  0.2000E+01
-107.087  0.0000E+00  0.2000E+01
-107.082  0.0000E+00  0.2000E+01
-107.077  0.0000E+00  0.2000E+01
-107.072  0.0000E+00  0.2000E+01
-107.067  0.0000E+00  0.2000E+01
-107.062  0.0000E+00  0.2000E+01
-107.057  0.0000E+00  0.2000E+01
-107.052  0.0000E+00  0.2000E+01
-107.047  0.0000E+00  0.2000E+01
-107.042  0.0000E+00  0.2000E+01
-107.037  0.0000E+00  0.2000E+01
-107.032  0.0000E+00  0.2000E+01
-107.027  0.0000E+00  0.2000E+01
-107.022  0.0000E+00  0.2000E+01
-107.017  0.0000E+00  0.2000E+01
-107.012  0.0000E+00  0.2000E+01
-107.007  0.0000E+00  0.2000E+01
-107.002  0.0000E+00  0.2000E+01
-106.997  0.0000E+00  0.2000E+01
-106.992  0.0000E+00  0.2000E+01
-106.987  0.0000E+00  0.2000E+01
-106.982  0.0000E+00  0.2000E+01
-106.977  0.0000E+00  0.2000E+01
-106.972  0.0000E+00  0.2000E+01
-106.967  0.0000E+00  0.2000E+01
-106.962  0.0000E+00  0.2000E+01
-106.957  0.0000E+00  0.2000E+01
-106.952  0.0000E+00  0.2000E+01
-106.947  0.0000E+00  0.2000E+01
-106.942  0.0000E+00  0.2000E+01
-106.937  0.0000E+00  0.2000E+01
-106.932  0.0000E+00  0.2000E+01
-106.927  0.0000E+00  0.2000E+01
-106.922  0.0000E+00  0.2000E+01
-106.917  0.0000E+00  0.2000E+01
-106.912  0.0000E+00  0.2000E+01
-106.907  0.0000E+00  0.2000E+01
-106.902  0.0000E+00  0.2000E+01
-106.897  0.0000E+00  0.2000E+01
-106.892  0.0000E+00  0.2000E+01
-106.887  0.0000E+00  0.2000E+01
-106.882  0.0000E+00  0.2000E+01
-106.877  0.0000E+00  0.2000E+01
-106.872  0.0000E+00  0.2000E+01
-106.867  0.0000E+00  0.2000E+01
-106.862  0.0000E+00  0.2000E+01
-106.857  0.0000E+00  0.2000E+01
-106.852  0.0000E+00  0.2000E+01
-106.847  0.0000E+00  0.2000E+01
-106.842  0.0000E+00  0.2000E+01
-106.837  0.0000E+00  0.2000E+01
-106.832  0.0000E+00  0.2000E+01
-106.827  0.0000E+00  0.2000E+01
-106.822  0.0000E+00  0.2000E+01
-106.817  0.0000E+00  0.2000E+01
-106.812  0.0000E+00  0.2000E+01
-106.807  0.0000E+00  0.2000E+01
-106.802  0.0000E+00  0.2000E+01
-106.797  0.0000E+00  0.2000E+01
-106.792  0.0000E+00  0.2000E+01
-106.787  0.0000E+00  0.2000E+01
-106.782  0.0000E+00  0.2000E+01
-106.777  0.0000E+00  0.2000E+01
-106.772  0.0000E+00  0.2000E+01
-106.767  0.0000E+00  0.2000E+01
-106.762  0.0000E+00  0.2000E+01
-106.757  0.0000E+00  0.2000E+01
-106.752  0.0000E+00  0.2000E+01
-106.747  0.0000E+00  0.2000E+01
-106.742  0.0000E+00  0.2000E+01
-106.737  0.0000E+00  0.2000E+01
-106.732  0.0000E+00  0.2000E+01
-106.727  0.0000E+00  0.2000E+01
-106.722  0.0000E+00  0.2000E+01
-106.717  0.0000E+00  0.2000E+01
-106.712  0.0000E+00  0.2000E+01
-106.707  0.0000E+00  0.2000E+01
-106.702  0.0000E+00  0.2000E+01
-106.697  0.0000E+00  0.2000E+01
-106.692  0.0000E+00  0.2000E+01
-106.687  0.0000E+00  0.2000E+01
-106.682  0.0000E+00  0.2000E+01
-106.677  0.0000E+00  0.2000E+01
-106.672  0.0000E+00  0.2000E+01
-106.667  0.0000E+00  0.2000E+01
-106.662  0.0000E+00  0.2000E+01
-106.657  0.0000E+00  0.2000E+01
-106.652  0.0000E+00  0.2000E+01
-106.647  0.0000E+00  0.2000E+01
-106.642  0.0000E+00  0.2000E+01
-106.637  0.0000E+00  0.2000E+01
-106.632  0.0000E+00  0.2000E+01
-106.627  0.0000E+00  0.2000E+01
-106.622  0.0000E+00  0.2000E+01
-106.617  0.0000E+00  0.2000E+01
-106.612  0.0000E+00  0.2000E+01
-106.607  0.0000E+00  0.2000E+01
-106.602  0.0000E+00  0.2000E+01
-106.597  0.0000E+00  0.2000E+01
-106.592  0.0000E+00  0.2000E+01
-106.587  0.0000E+00  0.2000E+01
-106.582  0.0000E+00  0.2000E+01
-106.577  0.0000E+00  0.2000E+01
-106.572  0.0000E+00  0.2000E+01
-106.567  0.0000E+00  0.2000E+01
-106.562  0.0000E+00  0.2000E+01
-106.557  0.0000E+00  0.2000E+01
-106.552  0.0000E+00  0.2000E+01
-106.547  0.0000E+00  0.2000E+01
-106.542  0.0000E+00  0.2000E+01
-106.537  0.0000E+00  0.2000E+01
-106.532  0.0000E+00  0.2000E+01
-106.527  0.0000E+00  0.2000E+01
-106.522  0.0000E+00  0.2000E+01
-106.517  0.0000E+00  0.2000E+01
-106.512  0.0000E+00  0.2000E+01
-106.507  0.0000E+00  0.2000E+01
-106.502  0.0000E+00  0.2000E+01
-106.497  0.0000E+00  0.2000E+01
-106.492  0.0000E+00  0.2000E+01
-106.487  0.0000E+00  0.2000E+01
-106.482  0.0000E+00  0.2000E+01
-106.477  0.0000E+00  0.2000E+01
-106.472  0.0000E+00  0.2000E+01
-106.467  0.0000E+00  0.2000E+01
-106.462  0.0000E+00  0.2000E+01
-106.457  0.0000E+00  0.2000E+01
-106.452  0.0000E+00  0.2000E+01
-106.447  0.0000E+00  0.2000E+01
-106.442  0.0000E+00  0.2000E+01
-106.437  0.0000E+00  0.2000E+01
-106.432  0.0000E+00  0.2000E+01
-106.427  0.0000E+00  0.2000E+01
-106.422  0.0000E+00  0.2000E+01
-106.417  0.0000E+00  0.2000E+01
-106.412  0.0000E+00  0.2000E+01
-106.407  0.0000E+00  0.2000E+01
-106.402  0.0000E+00  0.2000E+01
-106.397  0.0000E+00  0.2000E+01
-106.392  0.0000E+00  0.2000E+01
-106.387  0.0000E+00  0.2000E+01
-106.382  0.0000E+00  0.2000E+01
-106.377  0.0000E+00  0.2000E+01
-106.372  0.0000E+00  0.2000E+01
-106.367  0.0000E+00  0.2000E+01
-106.362  0.0000E+00  0.2000E+01
-106.357  0.0000E+00  0.2000E+01
-106.352  0.0000E+00  0.2000E+01
-106.347  0.0000E+00  0.2000E+01
-106.342  0.0000E+00  0.2000E+01
-106.337  0.0000E+00  0.2000E+01
-106.332  0.0000E+00  0.2000E+01
-106.327  0.0000E+00  0.2000E+01
-106.322  0.0000E+00  0.2000E+01
-106.317  0.0000E+00  0.2000E+01
-106.312  0.0000E+00  0.2000E+01
-106.307  0.0000E+00  0.2000E+01
-106.302  0.0000E+00  0.2000E+01
-106.297  0.0000E+00  0.2000E+01
-106.292  0.0000E+00  0.2000E+01
-106.287  0.0000E+00  0.2000E+01
-106.282  0.0000E+00  0.2000E+01
-106.277  0.0000E+00  0.2000E+01
-106.272  0.0000E+00  0.2000E+01
-106.267  0.0000E+00  0.2000E+01
-106.262  0.0000E+00  0.2000E+01
-106.257  0.0000E+00  0.2000E+01
-106.252  0.0000E+00  0.2000E+01
-106.247  0.0000E+00  0.2000E+01
-106.242  0.0000E+00  0.2000E+01
-106.237  0.0000E+00  0.2000E+01
-106.232  0.0000E+00  0.2000E+01
-106.227  0.0000E+00  0.2000E+01
-106.222  0.0000E+00  0.2000E+01
-106.217  0.0000E+00  0.2000E+01
-106.212  0.0000E+00  0.2000E+01
-106.207  0.0000E+00  0.2000E+01
-106.202  0.0000E+00  0.2000E+01
-106.197  0.0000E+00  0.2000E+01
-106.192  0.0000E+00  0.2000E+01
-106.187  0.0000E+00  0.2000E+01
-106.182  0.0000E+00  0.2000E+01
-106.177  0.0000E+00  0.2000E+01
-106.172  0.0000E+00  0.2000E+01
-106.167  0.0000E+00  0.2000E+01
-106.162  0.0000E+00  0.2000E+01
-106.157  0.0000E+00  0.2000E+01
-106.152  0.0000E+00  0.2000E+01
-106.147  0.0000E+00  0.2000E+01
-106.142  0.0000E+00  0.2000E+01
-106.137  0.0000E+00  0.2000E+01
-106.132  0.0000E+00  0.2000E+01
-106.127  0.0000E+00  0.2000E+01
-106.122  0.0000E+00  0.2000E+01
-106.117  0.0000E+00  0.2000E+01
-106.112  0.0000E+00  0.2000E+01
-106.107  0.0000E+00  0.2000E+01
-106.102  0.0000E+00  0.2000E+01
-106.097  0.0000E+00  0.2000E+01
-106.092  0.0000E+00  0.2000E+01
-106.087  0.0000E+00  0.2000E+01
-106.082  0.0000E+00  0.2000E+01
-106.077  0.0000E+00  0.2000E+01
-106.072  0.0000E+00  0.2000E+01
-106.067  0.0000E+00  0.2000E+01
-106.062  0.0000E+00  0.2000E+01
-106.057  0.0000E+00  0.2000E+01
-106.052  0.0000E+00  0.2000E+01
-106.047  0.0000E+00  0.2000E+01
-106.042  0.0000E+00  0.2000E+01
-106.037  0.0000E+00  0.2000E+01
-106.032  0.0000E+00  0.2000E+01
-106.027  0.0000E+00  0.2000E+01
-106.022  0.0000E+00  0.2000E+01
-106.017  0.0000E+00  0.2000E+01
-106.012  0.0000E+00  0.2000E+01
-106.007  0.0000E+00  0.2000E+01
-106.002  0.0000E+00  0.2000E+01
-105.997  0.0000E+00  0.2000E+01
-105.992  0.0000E+00  0.2000E+01
-105.987  0.0000E+00  0.2000E+01
-105.982  0.0000E+00  0.2000E+01
-105.977  0.0000E+00  0.2000E+01
-105.972  0.0000E+00  0.2000E+01
-105.967  0.0000E+00  0.2000E+01
-105.962  0.0000E+00  0.2000E+01
-105.957  0.0000E+00  0.2000E+01
-105.952  0.0000E+00  0.2000E+01
-105.947  0.0000E+00  0.2000E+01
-105.942  0.0000E+00  0.2000E+01
-105.937  0.0000E+00  0.2000E+01
-105.932  0.0000E+00  0.2000E+01
-105.927  0.0000E+00  0.2000E+01
-105.922  0.0000E+00  0.2000E+01
-105.917  0.0000E+00  0.2000E+01
-105.912  0.0000E+00  0.2000E+01
-105.907  0.0000E+00  0.2000E+01
-105.902  0.0000E+00  0.2000E+01
-105.897  0.0000E+00  0.2000E+01
-105.892  0.0000E+00  0.2000E+01
-105.887  0.0000E+00  0.2000E+01
-105.882  0.0000E+00  0.2000E+01
-105.877  0.0000E+00  0.2000E+01
-105.872  0.0000E+00  0.2000E+01
-105.867  0.0000E+00  0.2000E+01
-105.862  0.0000E+00  0.2000E+01
-105.857  0.0000E+00  0.2000E+01
-105.852  0.0000E+00  0.2000E+01
-105.847  0.0000E+00  0.2000E+01
-105.842  0.0000E+00  0.2000E+01
-105.837  0.0000E+00  0.2000E+01
-105.832  0.0000E+00  0.2000E+01
-105.827  0.0000E+00  0.2000E+01
-105.822  0.0000E+00  0.2000E+01
-105.817  0.0000E+00  0.2000E+01
-105.812  0.0000E+00  0.2000E+01
-105.807  0.0000E+00  0.2000E+01
-105.802  0.0000E+00  0.2000E+01
-105.797  0.0000E+00  0.2000E+01
-105.792  0.0000E+00  0.2000E+01
-105.787  0.0000E+00  0.2000E+01
-105.782  0.0000E+00  0.2000E+01
-105.777  0.0000E+00  0.2000E+01
-105.772  0.0000E+00  0.2000E+01
-105.767  0.0000E+00  0.2000E+01
-105.762  0.0000E+00  0.2000E+01
-105.757  0.0000E+00  0.2000E+01
-105.752  0.0000E+00  0.2000E+01
-105.747  0.0000E+00  0.2000E+01
-105.742  0.0000E+00  0.2000E+01
-105.737  0.0000E+00  0.2000E+01
-105.732  0.0000E+00  0.2000E+01
-105.727  0.0000E+00  0.2000E+01
-105.722  0.0000E+00  0.2000E+01
-105.717  0.0000E+00  0.2000E+01
-105.712  0.0000E+00  0.2000E+01
-105.707  0.0000E+00  0.2000E+01
-105.702  0.0000E+00  0.2000E+01
-105.697  0.0000E+00  0.2000E+01
-105.692  0.0000E+00  0.2000E+01
-105.687  0.0000E+00  0.2000E+01
-105.682  0.0000E+00  0.2000E+01
-105.677  0.0000E+00  0.2000E+01
-105.672  0.0000E+00  0.2000E+01
-105.667  0.0000E+00  0.2000E+01
-105.662  0.0000E+00  0.2000E+01
-105.657  0.0000E+00  0.2000E+01
-105.652  0.0000E+00  0.2000E+01
-105.647  0.0000E+00  0.2000E+01
-105.642  0.0000E+00  0.2000E+01
-105.637  0.0000E+00  0.2000E+01
-105.632  0.0000E+00  0.2000E+01
-105.627  0.0000E+00  0.2000E+01
-105.622  0.0000E+00  0.2000E+01
-105.617  0.0000E+00  0.2000E+01
-105.612  0.0000E+00  0.2000E+01
-105.607  0.0000E+00  0.2000E+01
-105.602  0.0000E+00  0.2000E+01
-105.597  0.0000E+00  0.2000E+01
-105.592  0.0000E+00  0.2000E+01
-105.587  0.0000E+00  0.2000E+01
-105.582  0.0000E+00  0.2000E+01
-105.577  0.0000E+00  0.2000E+01
-105.572  0.0000E+00  0.2000E+01
-105.567  0.0000E+00  0.2000E+01
-105.562  0.0000E+00  0.2000E+01
-105.557  0.0000E+00  0.2000E+01
-105.552  0.0000E+00  0.2000E+01
-105.547  0.0000E+00  0.2000E+01
-105.542  0.0000E+00  0.2000E+01
-105.537  0.0000E+00  0.2000E+01
-105.532  0.0000E+00  0.2000E+01
-105.527  0.0000E+00  0.2000E+01
-105.522  0.0000E+00  0.2000E+01
-105.517  0.0000E+00  0.2000E+01
-105.512  0.0000E+00  0.2000E+01
-105.507  0.0000E+00  0.2000E+01
-105.502  0.0000E+00  0.2000E+01
-105.497  0.0000E+00  0.2000E+01
-105.492  0.0000E+00  0.2000E+01
-105.487  0.0000E+00  0.2000E+01
-105.482  0.0000E+00  0.2000E+01
-105.477  0.0000E+00  0.2000E+01
-105.472  0.0000E+00  0.2000E+01
-105.467  0.0000E+00  0.2000E+01
-105.462  0.0000E+00  0.2000E+01
-105.457  0.0000E+00  0.2000E+01
-105.452  0.0000E+00  0.2000E+01
-105.447  0.0000E+00  0.2000E+01
-105.442  0.0000E+00  0.2000E+01
-105.437  0.0000E+00  0.2000E+01
-105.432  0.0000E+00  0.2000E+01
-105.427  0.0000E+00  0.2000E+01
-105.422  0.0000E+00  0.2000E+01
-105.417  0.0000E+00  0.2000E+01
-105.412  0.0000E+00  0.2000E+01
-105.407  0.0000E+00  0.2000E+01
-105.402  0.0000E+00  0.2000E+01
-105.397  0.0000E+00  0.2000E+01
-105.392  0.0000E+00  0.2000E+01
-105.387  0.0000E+00  0.2000E+01
-105.382  0.0000E+00  0.2000E+01
-105.377  0.0000E+00  0.2000E+01
-105.372  0.0000E+00  0.2000E+01
-105.367  0.0000E+00  0.2000E+01
-105.362  0.0000E+00  0.2000E+01
-105.357  0.0000E+00  0.2000E+01
-105.352  0.0000E+00  0.2000E+01
-105.347  0.0000E+00  0.2000E+01
-105.342  0.0000E+00  0.2000E+01
-105.337  0.0000E+00  0.2000E+01
-105.332  0.0000E+00  0.2000E+01
-105.327  0.0000E+00  0.2000E+01
-105.322  0.0000E+00  0.2000E+01
-105.317  0.0000E+00  0.2000E+01
-105.312  0.0000E+00  0.2000E+01
-105.307  0.0000E+00  0.2000E+01
-105.302  0.0000E+00  0.2000E+01
-105.297  0.0000E+00  0.2000E+01
-105.292  0.0000E+00  0.2000E+01
-105.287  0.0000E+00  0.2000E+01
-105.282  0.0000E+00  0.2000E+01
-105.277  0.0000E+00  0.2000E+01
-105.272  0.0000E+00  0.2000E+01
-105.267  0.0000E+00  0.2000E+01
-105.262  0.0000E+00  0.2000E+01
-105.257  0.0000E+00  0.2000E+01
-105.252  0.0000E+00  0.2000E+01
-105.247  0.0000E+00  0.2000E+01
-105.242  0.0000E+00  0.2000E+01
-105.237  0.0000E+00  0.2000E+01
-105.232  0.0000E+00  0.2000E+01
-105.227  0.0000E+00  0.2000E+01
-105.222  0.0000E+00  0.2000E+01
-105.217  0.0000E+00  0.2000E+01
-105.212  0.0000E+00  0.2000E+01
-105.207  0.0000E+00  0.2000E+01
-105.202  0.0000E+00  0.2000E+01
-105.197  0.0000E+00  0.2000E+01
-105.192  0.0000E+00  0.2000E+01
-105.187  0.0000E+00  0.2000E+01
-105.182  0.0000E+00  0.2000E+01
-105.177  0.0000E+00  0.2000E+01
-105.172  0.0000E+00  0.2000E+01
-105.167  0.0000E+00  0.2000E+01
-105.162  0.0000E+00  0.2000E+01
-105.157  0.0000E+00  0.2000E+01
-105.152  0.0000E+00  0.2000E+01
-105.147  0.0000E+00  0.2000E+01
-105.142  0.0000E+00  0.2000E+01
-105.137  0.0000E+00  0.2000E+01
-105.132  0.0000E+00  0.2000E+01
-105.127  0.0000E+00  0.2000E+01
-105.122  0.0000E+00  0.2000E+01
-105.117  0.0000E+00  0.2000E+01
-105.112  0.0000E+00  0.2000E+01
-105.107  0.0000E+00  0.2000E+01
-105.102  0.0000E+00  0.2000E+01
-105.097  0.0000E+00  0.2000E+01
-105.092  0.0000E+00  0.2000E+01
-105.087  0.0000E+00  0.2000E+01
-105.082  0.0000E+00  0.2000E+01
-105.077  0.0000E+00  0.2000E+01
-105.072  0.0000E+00  0.2000E+01
-105.067  0.0000E+00  0.2000E+01
-105.062  0.0000E+00  0.2000E+01
-105.057  0.0000E+00  0.2000E+01
-105.052  0.0000E+00  0.2000E+01
-105.047  0.0000E+00  0.2000E+01
-105.042  0.0000E+00  0.2000E+01
-105.037  0.0000E+00  0.2000E+01
-105.032  0.0000E+00  0.2000E+01
-105.027  0.0000E+00  0.2000E+01
-105.022  0.0000E+00  0.2000E+01
-105.017  0.0000E+00  0.2000E+01
-105.012  0.0000E+00  0.2000E+01
-105.007  0.0000E+00  0.2000E+01
-105.002  0.0000E+00  0.2000E+01
-104.997  0.0000E+00  0.2000E+01
-104.992  0.0000E+00  0.2000E+01
-104.987  0.0000E+00  0.2000E+01
-104.982  0.0000E+00  0.2000E+01
-104.977  0.0000E+00  0.2000E+01
-104.972  0.0000E+00  0.2000E+01
-104.967  0.0000E+00  0.2000E+01
-104.962  0.0000E+00  0.2000E+01
-104.957  0.0000E+00  0.2000E+01
-104.952  0.0000E+00  0.2000E+01
-104.947  0.0000E+00  0.2000E+01
-104.942  0.0000E+00  0.2000E+01
-104.937  0.0000E+00  0.2000E+01
-104.932  0.0000E+00  0.2000E+01
-104.927  0.0000E+00  0.2000E+01
-104.922  0.0000E+00  0.2000E+01
-104.917  0.0000E+00  0.2000E+01
-104.912  0.0000E+00  0.2000E+01
-104.907  0.0000E+00  0.2000E+01
-104.902  0.0000E+00  0.2000E+01
-104.897  0.0000E+00  0.2000E+01
-104.892  0.0000E+00  0.2000E+01
-104.887  0.0000E+00  0.2000E+01
-104.882  0.0000E+00  0.2000E+01
-104.877  0.0000E+00  0.2000E+01
-104.872  0.0000E+00  0.2000E+01
-104.867  0.0000E+00  0.2000E+01
-104.862  0.0000E+00  0.2000E+01
-104.857  0.0000E+00  0.2000E+01
-104.852  0.0000E+00  0.2000E+01
-104.847  0.0000E+00  0.2000E+01
-104.842  0.0000E+00  0.2000E+01
-104.837  0.0000E+00  0.2000E+01
-104.832  0.0000E+00  0.2000E+01
-104.827  0.0000E+00  0.2000E+01
-104.822  0.0000E+00  0.2000E+01
-104.817  0.0000E+00  0.2000E+01
-104.812  0.0000E+00  0.2000E+01
-104.807  0.0000E+00  0.2000E+01
-104.802  0.0000E+00  0.2000E+01
-104.797  0.0000E+00  0.2000E+01
-104.792  0.0000E+00  0.2000E+01
-104.787  0.0000E+00  0.2000E+01
-104.782  0.0000E+00  0.2000E+01
-104.777  0.0000E+00  0.2000E+01
-104.772  0.0000E+00  0.2000E+01
-104.767  0.0000E+00  0.2000E+01
-104.762  0.0000E+00  0.2000E+01
-104.757  0.0000E+00  0.2000E+01
-104.752  0.0000E+00  0.2000E+01
-104.747  0.0000E+00  0.2000E+01
-104.742  0.0000E+00  0.2000E+01
-104.737  0.0000E+00  0.2000E+01
-104.732  0.0000E+00  0.2000E+01
-104.727  0.0000E+00  0.2000E+01
-104.722  0.0000E+00  0.2000E+01
-104.717  0.0000E+00  0.2000E+01
-104.712  0.0000E+00  0.2000E+01
-104.707  0.0000E+00  0.2000E+01
-104.702  0.0000E+00  0.2000E+01
-104.697  0.0000E+00  0.2000E+01
-104.692  0.0000E+00  0.2000E+01
-104.687  0.0000E+00  0.2000E+01
-104.682  0.0000E+00  0.2000E+01
-104.677  0.0000E+00  0.2000E+01
-104.672  0.0000E+00  0.2000E+01
-104.667  0.0000E+00  0.2000E+01
-104.662  0.0000E+00  0.2000E+01
-104.657  0.0000E+00  0.2000E+01
-104.652  0.0000E+00  0.2000E+01
-104.647  0.0000E+00  0.2000E+01
-104.642  0.0000E+00  0.2000E+01
-104.637  0.0000E+00  0.2000E+01
-104.632  0.0000E+00  0.2000E+01
-104.627  0.0000E+00  0.2000E+01
-104.622  0.0000E+00  0.2000E+01
-104.617  0.0000E+00  0.2000E+01
-104.612  0.0000E+00  0.2000E+01
-104.607  0.0000E+00  0.2000E+01
-104.602  0.0000E+00  0.2000E+01
-104.597  0.0000E+00  0.2000E+01
-104.592  0.0000E+00  0.2000E+01
-104.587  0.0000E+00  0.2000E+01
-104.582  0.0000E+00  0.2000E+01
-104.577  0.0000E+00  0.2000E+01
-104.572  0.0000E+00  0.2000E+01
-104.567  0.0000E+00  0.2000E+01
-104.562  0.0000E+00  0.2000E+01
-104.557  0.0000E+00  0.2000E+01
-104.552  0.0000E+00  0.2000E+01
-104.547  0.0000E+00  0.2000E+01
-104.542  0.0000E+00  0.2000E+01
-104.537  0.0000E+00  0.2000E+01
-104.532  0.0000E+00  0.2000E+01
-104.527  0.0000E+00  0.2000E+01
-104.522  0.0000E+00  0.2000E+01
-104.517  0.0000E+00  0.2000E+01
-104.512  0.0000E+00  0.2000E+01
-104.507  0.0000E+00  0.2000E+01
-104.502  0.0000E+00  0.2000E+01
-104.497  0.0000E+00  0.2000E+01
-104.492  0.0000E+00  0.2000E+01
-104.487  0.0000E+00  0.2000E+01
-104.482  0.0000E+00  0.2000E+01
-104.477  0.0000E+00  0.2000E+01
-104.472  0.0000E+00  0.2000E+01
-104.467  0.0000E+00  0.2000E+01
-104.462  0.0000E+00  0.2000E+01
-104.457  0.0000E+00  0.2000E+01
-104.452  0.0000E+00  0.2000E+01
-104.447  0.0000E+00  0.2000E+01
-104.442  0.0000E+00  0.2000E+01
-104.437  0.0000E+00  0.2000E+01
-104.432  0.0000E+00  0.2000E+01
-104.427  0.0000E+00  0.2000E+01
-104.422  0.0000E+00  0.2000E+01
-104.417  0.0000E+00  0.2000E+01
-104.412  0.0000E+00  0.2000E+01
-104.407  0.0000E+00  0.2000E+01
-104.402  0.0000E+00  0.2000E+01
-104.397  0.0000E+00  0.2000E+01
-104.392  0.0000E+00  0.2000E+01
-104.387  0.0000E+00  0.2000E+01
-104.382  0.0000E+00  0.2000E+01
-104.377  0.0000E+00  0.2000E+01
-104.372  0.0000E+00  0.2000E+01
-104.367  0.0000E+00  0.2000E+01
-104.362  0.0000E+00  0.2000E+01
-104.357  0.0000E+00  0.2000E+01
-104.352  0.0000E+00  0.2000E+01
-104.347  0.0000E+00  0.2000E+01
-104.342  0.0000E+00  0.2000E+01
-104.337  0.0000E+00  0.2000E+01
-104.332  0.0000E+00  0.2000E+01
-104.327  0.0000E+00  0.2000E+01
-104.322  0.0000E+00  0.2000E+01
-104.317  0.0000E+00  0.2000E+01
-104.312  0.0000E+00  0.2000E+01
-104.307  0.0000E+00  0.2000E+01
-104.302  0.0000E+00  0.2000E+01
-104.297  0.0000E+00  0.2000E+01
-104.292  0.0000E+00  0.2000E+01
-104.287  0.0000E+00  0.2000E+01
-104.282  0.0000E+00  0.2000E+01
-104.277  0.0000E+00  0.2000E+01
-104.272  0.0000E+00  0.2000E+01
-104.267  0.0000E+00  0.2000E+01
-104.262  0.0000E+00  0.2000E+01
-104.257  0.0000E+00  0.2000E+01
-104.252  0.0000E+00  0.2000E+01
-104.247  0.0000E+00  0.2000E+01
-104.242  0.0000E+00  0.2000E+01
-104.237  0.0000E+00  0.2000E+01
-104.232  0.0000E+00  0.2000E+01
-104.227  0.0000E+00  0.2000E+01
-104.222  0.0000E+00  0.2000E+01
-104.217  0.0000E+00  0.2000E+01
-104.212  0.0000E+00  0.2000E+01
-104.207  0.0000E+00  0.2000E+01
-104.202  0.0000E+00  0.2000E+01
-104.197  0.0000E+00  0.2000E+01
-104.192  0.0000E+00  0.2000E+01
-104.187  0.0000E+00  0.2000E+01
-104.182  0.0000E+00  0.2000E+01
-104.177  0.0000E+00  0.2000E+01
-104.172  0.0000E+00  0.2000E+01
-104.167  0.0000E+00  0.2000E+01
-104.162  0.0000E+00  0.2000E+01
-104.157  0.0000E+00  0.2000E+01
-104.152  0.0000E+00  0.2000E+01
-104.147  0.0000E+00  0.2000E+01
-104.142  0.0000E+00  0.2000E+01
-104.137  0.0000E+00  0.2000E+01
-104.132  0.0000E+00  0.2000E+01
-104.127  0.0000E+00  0.2000E+01
-104.122  0.0000E+00  0.2000E+01
-104.117  0.0000E+00  0.2000E+01
-104.112  0.0000E+00  0.2000E+01
-104.107  0.0000E+00  0.2000E+01
-104.102  0.0000E+00  0.2000E+01
-104.097  0.0000E+00  0.2000E+01
-104.092  0.0000E+00  0.2000E+01
-104.087  0.0000E+00  0.2000E+01
-104.082  0.0000E+00  0.2000E+01
-104.077  0.0000E+00  0.2000E+01
-104.072  0.0000E+00  0.2000E+01
-104.067  0.0000E+00  0.2000E+01
-104.062  0.0000E+00  0.2000E+01
-104.057  0.0000E+00  0.2000E+01
-104.052  0.0000E+00  0.2000E+01
-104.047  0.0000E+00  0.2000E+01
-104.042  0.0000E+00  0.2000E+01
-104.037  0.0000E+00  0.2000E+01
-104.032  0.0000E+00  0.2000E+01
-104.027  0.0000E+00  0.2000E+01
-104.022  0.0000E+00  0.2000E+01
-104.017  0.0000E+00  0.2000E+01
-104.012  0.0000E+00  0.2000E+01
-104.007  0.0000E+00  0.2000E+01
-104.002  0.0000E+00  0.2000E+01
-103.997  0.0000E+00  0.2000E+01
-103.992  0.0000E+00  0.2000E+01
-103.987  0.0000E+00  0.2000E+01
-103.982  0.0000E+00  0.2000E+01
-103.977  0.0000E+00  0.2000E+01
-103.972  0.0000E+00  0.2000E+01
-103.967  0.0000E+00  0.2000E+01
-103.962  0.0000E+00  0.2000E+01
-103.957  0.0000E+00  0.2000E+01
-103.952  0.0000E+00  0.2000E+01
-103.947  0.0000E+00  0.2000E+01
-103.942  0.0000E+00  0.2000E+01
-103.937  0.0000E+00  0.2000E+01
-103.932  0.0000E+00  0.2000E+01
-103.927  0.0000E+00  0.2000E+01
-103.922  0.0000E+00  0.2000E+01
-103.917  0.0000E+00  0.2000E+01
-103.912  0.0000E+00  0.2000E+01
-103.907  0.0000E+00  0.2000E+01
-103.902  0.0000E+00  0.2000E+01
-103.897  0.0000E+00  0.2000E+01
-103.892  0.0000E+00  0.2000E+01
-103.887  0.0000E+00  0.2000E+01
-103.882  0.0000E+00  0.2000E+01
-103.877  0.0000E+00  0.2000E+01
-103.872  0.0000E+00  0.2000E+01
-103.867  0.0000E+00  0.2000E+01
-103.862  0.0000E+00  0.2000E+01
-103.857  0.0000E+00  0.2000E+01
-103.852  0.0000E+00  0.2000E+01
-103.847  0.0000E+00  0.2000E+01
-103.842  0.0000E+00  0.2000E+01
-103.837  0.0000E+00  0.2000E+01
-103.832  0.0000E+00  0.2000E+01
-103.827  0.0000E+00  0.2000E+01
-103.822  0.0000E+00  0.2000E+01
-103.817  0.0000E+00  0.2000E+01
-103.812  0.0000E+00  0.2000E+01
-103.807  0.0000E+00  0.2000E+01
-103.802  0.0000E+00  0.2000E+01
-103.797  0.0000E+00  0.2000E+01
-103.792  0.0000E+00  0.2000E+01
-103.787  0.0000E+00  0.2000E+01
-103.782  0.0000E+00  0.2000E+01
-103.777  0.0000E+00  0.2000E+01
-103.772  0.0000E+00  0.2000E+01
-103.767  0.0000E+00  0.2000E+01
-103.762  0.0000E+00  0.2000E+01
-103.757  0.0000E+00  0.2000E+01
-103.752  0.0000E+00  0.2000E+01
-103.747  0.0000E+00  0.2000E+01
-103.742  0.0000E+00  0.2000E+01
-103.737  0.0000E+00  0.2000E+01
-103.732  0.0000E+00  0.2000E+01
-103.727  0.0000E+00  0.2000E+01
-103.722  0.0000E+00  0.2000E+01
-103.717  0.0000E+00  0.2000E+01
-103.712  0.0000E+00  0.2000E+01
-103.707  0.0000E+00  0.2000E+01
-103.702  0.0000E+00  0.2000E+01
-103.697  0.0000E+00  0.2000E+01
-103.692  0.0000E+00  0.2000E+01
-103.687  0.0000E+00  0.2000E+01
-103.682  0.0000E+00  0.2000E+01
-103.677  0.0000E+00  0.2000E+01
-103.672  0.0000E+00  0.2000E+01
-103.667  0.0000E+00  0.2000E+01
-103.662  0.0000E+00  0.2000E+01
-103.657  0.0000E+00  0.2000E+01
-103.652  0.0000E+00  0.2000E+01
-103.647  0.0000E+00  0.2000E+01
-103.642  0.0000E+00  0.2000E+01
-103.637  0.0000E+00  0.2000E+01
-103.632  0.0000E+00  0.2000E+01
-103.627  0.0000E+00  0.2000E+01
-103.622  0.0000E+00  0.2000E+01
-103.617  0.0000E+00  0.2000E+01
-103.612  0.0000E+00  0.2000E+01
-103.607  0.0000E+00  0.2000E+01
-103.602  0.0000E+00  0.2000E+01
-103.597  0.0000E+00  0.2000E+01
-103.592  0.0000E+00  0.2000E+01
-103.587  0.0000E+00  0.2000E+01
-103.582  0.0000E+00  0.2000E+01
-103.577  0.0000E+00  0.2000E+01
-103.572  0.0000E+00  0.2000E+01
-103.567  0.0000E+00  0.2000E+01
-103.562  0.0000E+00  0.2000E+01
-103.557  0.0000E+00  0.2000E+01
-103.552  0.0000E+00  0.2000E+01
-103.547  0.0000E+00  0.2000E+01
-103.542  0.0000E+00  0.2000E+01
-103.537  0.0000E+00  0.2000E+01
-103.532  0.0000E+00  0.2000E+01
-103.527  0.0000E+00  0.2000E+01
-103.522  0.0000E+00  0.2000E+01
-103.517  0.0000E+00  0.2000E+01
-103.512  0.0000E+00  0.2000E+01
-103.507  0.0000E+00  0.2000E+01
-103.502  0.0000E+00  0.2000E+01
-103.497  0.0000E+00  0.2000E+01
-103.492  0.0000E+00  0.2000E+01
-103.487  0.0000E+00  0.2000E+01
-103.482  0.0000E+00  0.2000E+01
-103.477  0.0000E+00  0.2000E+01
-103.472  0.0000E+00  0.2000E+01
-103.467  0.0000E+00  0.2000E+01
-103.462  0.0000E+00  0.2000E+01
-103.457  0.0000E+00  0.2000E+01
-103.452  0.0000E+00  0.2000E+01
-103.447  0.0000E+00  0.2000E+01
-103.442  0.0000E+00  0.2000E+01
-103.437  0.0000E+00  0.2000E+01
-103.432  0.0000E+00  0.2000E+01
-103.427  0.0000E+00  0.2000E+01
-103.422  0.0000E+00  0.2000E+01
-103.417  0.0000E+00  0.2000E+01
-103.412  0.0000E+00  0.2000E+01
-103.407  0.0000E+00  0.2000E+01
-103.402  0.0000E+00  0.2000E+01
-103.397  0.0000E+00  0.2000E+01
-103.392  0.0000E+00  0.2000E+01
-103.387  0.0000E+00  0.2000E+01
-103.382  0.0000E+00  0.2000E+01
-103.377  0.0000E+00  0.2000E+01
-103.372  0.0000E+00  0.2000E+01
-103.367  0.0000E+00  0.2000E+01
-103.362  0.0000E+00  0.2000E+01
-103.357  0.0000E+00  0.2000E+01
-103.352  0.0000E+00  0.2000E+01
-103.347  0.0000E+00  0.2000E+01
-103.342  0.0000E+00  0.2000E+01
-103.337  0.0000E+00  0.2000E+01
-103.332  0.0000E+00  0.2000E+01
-103.327  0.0000E+00  0.2000E+01
-103.322  0.0000E+00  0.2000E+01
-103.317  0.0000E+00  0.2000E+01
-103.312  0.0000E+00  0.2000E+01
-103.307  0.0000E+00  0.2000E+01
-103.302  0.0000E+00  0.2000E+01
-103.297  0.0000E+00  0.2000E+01
-103.292  0.0000E+00  0.2000E+01
-103.287  0.0000E+00  0.2000E+01
-103.282  0.0000E+00  0.2000E+01
-103.277  0.0000E+00  0.2000E+01
-103.272  0.0000E+00  0.2000E+01
-103.267  0.0000E+00  0.2000E+01
-103.262  0.0000E+00  0.2000E+01
-103.257  0.0000E+00  0.2000E+01
-103.252  0.0000E+00  0.2000E+01
-103.247  0.0000E+00  0.2000E+01
-103.242  0.0000E+00  0.2000E+01
-103.237  0.0000E+00  0.2000E+01
-103.232  0.0000E+00  0.2000E+01
-103.227  0.0000E+00  0.2000E+01
-103.222  0.0000E+00  0.2000E+01
-103.217  0.0000E+00  0.2000E+01
-103.212  0.0000E+00  0.2000E+01
-103.207  0.0000E+00  0.2000E+01
-103.202  0.0000E+00  0.2000E+01
-103.197  0.0000E+00  0.2000E+01
-103.192  0.0000E+00  0.2000E+01
-103.187  0.0000E+00  0.2000E+01
-103.182  0.0000E+00  0.2000E+01
-103.177  0.0000E+00  0.2000E+01
-103.172  0.0000E+00  0.2000E+01
-103.167  0.0000E+00  0.2000E+01
-103.162  0.0000E+00  0.2000E+01
-103.157  0.0000E+00  0.2000E+01
-103.152  0.0000E+00  0.2000E+01
-103.147  0.0000E+00  0.2000E+01
-103.142  0.0000E+00  0.2000E+01
-103.137  0.0000E+00  0.2000E+01
-103.132  0.0000E+00  0.2000E+01
-103.127  0.0000E+00  0.2000E+01
-103.122  0.0000E+00  0.2000E+01
-103.117  0.0000E+00  0.2000E+01
-103.112  0.0000E+00  0.2000E+01
-103.107  0.0000E+00  0.2000E+01
-103.102  0.0000E+00  0.2000E+01
-103.097  0.0000E+00  0.2000E+01
-103.092  0.0000E+00  0.2000E+01
-103.087  0.0000E+00  0.2000E+01
-103.082  0.0000E+00  0.2000E+01
-103.077  0.0000E+00  0.2000E+01
-103.072  0.0000E+00  0.2000E+01
-103.067  0.0000E+00  0.2000E+01
-103.062  0.0000E+00  0.2000E+01
-103.057  0.0000E+00  0.2000E+01
-103.052  0.0000E+00  0.2000E+01
-103.047  0.0000E+00  0.2000E+01
-103.042  0.0000E+00  0.2000E+01
-103.037  0.0000E+00  0.2000E+01
-103.032  0.0000E+00  0.2000E+01
-103.027  0.0000E+00  0.2000E+01
-103.022  0.0000E+00  0.2000E+01
-103.017  0.0000E+00  0.2000E+01
-103.012  0.0000E+00  0.2000E+01
-103.007  0.0000E+00  0.2000E+01
-103.002  0.0000E+00  0.2000E+01
-102.997  0.0000E+00  0.2000E+01
-102.992  0.0000E+00  0.2000E+01
-102.987  0.0000E+00  0.2000E+01
-102.982  0.0000E+00  0.2000E+01
-102.977  0.0000E+00  0.2000E+01
-102.972  0.0000E+00  0.2000E+01
-102.967  0.0000E+00  0.2000E+01
-102.962  0.0000E+00  0.2000E+01
-102.957  0.0000E+00  0.2000E+01
-102.952  0.0000E+00  0.2000E+01
-102.947  0.0000E+00  0.2000E+01
-102.942  0.0000E+00  0.2000E+01
-102.937  0.0000E+00  0.2000E+01
-102.932  0.0000E+00  0.2000E+01
-102.927  0.0000E+00  0.2000E+01
-102.922  0.0000E+00  0.2000E+01
-102.917  0.0000E+00  0.2000E+01
-102.912  0.0000E+00  0.2000E+01
-102.907  0.0000E+00  0.2000E+01
-102.902  0.0000E+00  0.2000E+01
-102.897  0.0000E+00  0.2000E+01
-102.892  0.0000E+00  0.2000E+01
-102.887  0.0000E+00  0.2000E+01
-102.882  0.0000E+00  0.2000E+01
-102.877  0.0000E+00  0.2000E+01
-102.872  0.0000E+00  0.2000E+01
-102.867  0.0000E+00  0.2000E+01
-102.862  0.0000E+00  0.2000E+01
-102.857  0.0000E+00  0.2000E+01
-102.852  0.0000E+00  0.2000E+01
-102.847  0.0000E+00  0.2000E+01
-102.842  0.0000E+00  0.2000E+01
-102.837  0.0000E+00  0.2000E+01
-102.832  0.0000E+00  0.2000E+01
-102.827  0.0000E+00  0.2000E+01
-102.822  0.0000E+00  0.2000E+01
-102.817  0.0000E+00  0.2000E+01
-102.812  0.0000E+00  0.2000E+01
-102.807  0.0000E+00  0.2000E+01
-102.802  0.0000E+00  0.2000E+01
-102.797  0.0000E+00  0.2000E+01
-102.792  0.0000E+00  0.2000E+01
-102.787  0.0000E+00  0.2000E+01
-102.782  0.0000E+00  0.2000E+01
-102.777  0.0000E+00  0.2000E+01
-102.772  0.0000E+00  0.2000E+01
-102.767  0.0000E+00  0.2000E+01
-102.762  0.0000E+00  0.2000E+01
-102.757  0.0000E+00  0.2000E+01
-102.752  0.0000E+00  0.2000E+01
-102.747  0.0000E+00  0.2000E+01
-102.742  0.0000E+00  0.2000E+01
-102.737  0.0000E+00  0.2000E+01
-102.732  0.0000E+00  0.2000E+01
-102.727  0.0000E+00  0.2000E+01
-102.722  0.0000E+00  0.2000E+01
-102.717  0.0000E+00  0.2000E+01
-102.712  0.0000E+00  0.2000E+01
-102.707  0.0000E+00  0.2000E+01
-102.702  0.0000E+00  0.2000E+01
-102.697  0.0000E+00  0.2000E+01
-102.692  0.0000E+00  0.2000E+01
-102.687  0.0000E+00  0.2000E+01
-102.682  0.0000E+00  0.2000E+01
-102.677  0.0000E+00  0.2000E+01
-102.672  0.0000E+00  0.2000E+01
-102.667  0.0000E+00  0.2000E+01
-102.662  0.0000E+00  0.2000E+01
-102.657  0.0000E+00  0.2000E+01
-102.652  0.0000E+00  0.2000E+01
-102.647  0.0000E+00  0.2000E+01
-102.642  0.0000E+00  0.2000E+01
-102.637  0.0000E+00  0.2000E+01
-102.632  0.0000E+00  0.2000E+01
-102.627  0.0000E+00  0.2000E+01
-102.622  0.0000E+00  0.2000E+01
-102.617  0.0000E+00  0.2000E+01
-102.612  0.0000E+00  0.2000E+01
-102.607  0.0000E+00  0.2000E+01
-102.602  0.0000E+00  0.2000E+01
-102.597  0.0000E+00  0.2000E+01
-102.592  0.0000E+00  0.2000E+01
-102.587  0.0000E+00  0.2000E+01
-102.582  0.0000E+00  0.2000E+01
-102.577  0.0000E+00  0.2000E+01
-102.572  0.0000E+00  0.2000E+01
-102.567  0.0000E+00  0.2000E+01
-102.562  0.0000E+00  0.2000E+01
-102.557  0.0000E+00  0.2000E+01
-102.552  0.0000E+00  0.2000E+01
-102.547  0.0000E+00  0.2000E+01
-102.542  0.0000E+00  0.2000E+01
-102.537  0.0000E+00  0.2000E+01
-102.532  0.0000E+00  0.2000E+01
-102.527  0.0000E+00  0.2000E+01
-102.522  0.0000E+00  0.2000E+01
-102.517  0.0000E+00  0.2000E+01
-102.512  0.0000E+00  0.2000E+01
-102.507  0.0000E+00  0.2000E+01
-102.502  0.0000E+00  0.2000E+01
-102.497  0.0000E+00  0.2000E+01
-102.492  0.0000E+00  0.2000E+01
-102.487  0.0000E+00  0.2000E+01
-102.482  0.0000E+00  0.2000E+01
-102.477  0.0000E+00  0.2000E+01
-102.472  0.0000E+00  0.2000E+01
-102.467  0.0000E+00  0.2000E+01
-102.462  0.0000E+00  0.2000E+01
-102.457  0.0000E+00  0.2000E+01
-102.452  0.0000E+00  0.2000E+01
-102.447  0.0000E+00  0.2000E+01
-102.442  0.0000E+00  0.2000E+01
-102.437  0.0000E+00  0.2000E+01
-102.432  0.0000E+00  0.2000E+01
-102.427  0.0000E+00  0.2000E+01
-102.422  0.0000E+00  0.2000E+01
-102.417  0.0000E+00  0.2000E+01
-102.412  0.0000E+00  0.2000E+01
-102.407  0.0000E+00  0.2000E+01
-102.402  0.0000E+00  0.2000E+01
-102.397  0.0000E+00  0.2000E+01
-102.392  0.0000E+00  0.2000E+01
-102.387  0.0000E+00  0.2000E+01
-102.382  0.0000E+00  0.2000E+01
-102.377  0.0000E+00  0.2000E+01
-102.372  0.0000E+00  0.2000E+01
-102.367  0.0000E+00  0.2000E+01
-102.362  0.0000E+00  0.2000E+01
-102.357  0.0000E+00  0.2000E+01
-102.352  0.0000E+00  0.2000E+01
-102.347  0.0000E+00  0.2000E+01
-102.342  0.0000E+00  0.2000E+01
-102.337  0.0000E+00  0.2000E+01
-102.332  0.0000E+00  0.2000E+01
-102.327  0.0000E+00  0.2000E+01
-102.322  0.0000E+00  0.2000E+01
-102.317  0.0000E+00  0.2000E+01
-102.312  0.0000E+00  0.2000E+01
-102.307  0.0000E+00  0.2000E+01
-102.302  0.0000E+00  0.2000E+01
-102.297  0.0000E+00  0.2000E+01
-102.292  0.0000E+00  0.2000E+01
-102.287  0.0000E+00  0.2000E+01
-102.282  0.0000E+00  0.2000E+01
-102.277  0.0000E+00  0.2000E+01
-102.272  0.0000E+00  0.2000E+01
-102.267  0.0000E+00  0.2000E+01
-102.262  0.0000E+00  0.2000E+01
-102.257  0.0000E+00  0.2000E+01
-102.252  0.0000E+00  0.2000E+01
-102.247  0.0000E+00  0.2000E+01
-102.242  0.0000E+00  0.2000E+01
-102.237  0.0000E+00  0.2000E+01
-102.232  0.0000E+00  0.2000E+01
-102.227  0.0000E+00  0.2000E+01
-102.222  0.0000E+00  0.2000E+01
-102.217  0.0000E+00  0.2000E+01
-102.212  0.0000E+00  0.2000E+01
-102.207  0.0000E+00  0.2000E+01
-102.202  0.0000E+00  0.2000E+01
-102.197  0.0000E+00  0.2000E+01
-102.192  0.0000E+00  0.2000E+01
-102.187  0.0000E+00  0.2000E+01
-102.182  0.0000E+00  0.2000E+01
-102.177  0.0000E+00  0.2000E+01
-102.172  0.0000E+00  0.2000E+01
-102.167  0.0000E+00  0.2000E+01
-102.162  0.0000E+00  0.2000E+01
-102.157  0.0000E+00  0.2000E+01
-102.152  0.0000E+00  0.2000E+01
-102.147  0.0000E+00  0.2000E+01
-102.142  0.0000E+00  0.2000E+01
-102.137  0.0000E+00  0.2000E+01
-102.132  0.0000E+00  0.2000E+01
-102.127  0.0000E+00  0.2000E+01
-102.122  0.0000E+00  0.2000E+01
-102.117  0.0000E+00  0.2000E+01
-102.112  0.0000E+00  0.2000E+01
-102.107  0.0000E+00  0.2000E+01
-102.102  0.0000E+00  0.2000E+01
-102.097  0.0000E+00  0.2000E+01
-102.092  0.0000E+00  0.2000E+01
-102.087  0.0000E+00  0.2000E+01
-102.082  0.0000E+00  0.2000E+01
-102.077  0.0000E+00  0.2000E+01
-102.072  0.0000E+00  0.2000E+01
-102.067  0.0000E+00  0.2000E+01
-102.062  0.0000E+00  0.2000E+01
-102.057  0.0000E+00  0.2000E+01
-102.052  0.0000E+00  0.2000E+01
-102.047  0.0000E+00  0.2000E+01
-102.042  0.0000E+00  0.2000E+01
-102.037  0.0000E+00  0.2000E+01
-102.032  0.0000E+00  0.2000E+01
-102.027  0.0000E+00  0.2000E+01
-102.022  0.0000E+00  0.2000E+01
-102.017  0.0000E+00  0.2000E+01
-102.012  0.0000E+00  0.2000E+01
-102.007  0.0000E+00  0.2000E+01
-102.002  0.0000E+00  0.2000E+01
-101.997  0.0000E+00  0.2000E+01
-101.992  0.0000E+00  0.2000E+01
-101.987  0.0000E+00  0.2000E+01
-101.982  0.0000E+00  0.2000E+01
-101.977  0.0000E+00  0.2000E+01
-101.972  0.0000E+00  0.2000E+01
-101.967  0.0000E+00  0.2000E+01
-101.962  0.0000E+00  0.2000E+01
-101.957  0.0000E+00  0.2000E+01
-101.952  0.0000E+00  0.2000E+01
-101.947  0.0000E+00  0.2000E+01
-101.942  0.0000E+00  0.2000E+01
-101.937  0.0000E+00  0.2000E+01
-101.932  0.0000E+00  0.2000E+01
-101.927  0.0000E+00  0.2000E+01
-101.922  0.0000E+00  0.2000E+01
-101.917  0.0000E+00  0.2000E+01
-101.912  0.0000E+00  0.2000E+01
-101.907  0.0000E+00  0.2000E+01
-101.902  0.0000E+00  0.2000E+01
-101.897  0.0000E+00  0.2000E+01
-101.892  0.0000E+00  0.2000E+01
-101.887  0.0000E+00  0.2000E+01
-101.882  0.0000E+00  0.2000E+01
-101.877  0.0000E+00  0.2000E+01
-101.872  0.0000E+00  0.2000E+01
-101.867  0.0000E+00  0.2000E+01
-101.862  0.0000E+00  0.2000E+01
-101.857  0.0000E+00  0.2000E+01
-101.852  0.0000E+00  0.2000E+01
-101.847  0.0000E+00  0.2000E+01
-101.842  0.0000E+00  0.2000E+01
-101.837  0.0000E+00  0.2000E+01
-101.832  0.0000E+00  0.2000E+01
-101.827  0.0000E+00  0.2000E+01
-101.822  0.0000E+00  0.2000E+01
-101.817  0.0000E+00  0.2000E+01
-101.812  0.0000E+00  0.2000E+01
-101.807  0.0000E+00  0.2000E+01
-101.802  0.0000E+00  0.2000E+01
-101.797  0.0000E+00  0.2000E+01
-101.792  0.0000E+00  0.2000E+01
-101.787  0.0000E+00  0.2000E+01
-101.782  0.0000E+00  0.2000E+01
-101.777  0.0000E+00  0.2000E+01
-101.772  0.0000E+00  0.2000E+01
-101.767  0.0000E+00  0.2000E+01
-101.762  0.0000E+00  0.2000E+01
-101.757  0.0000E+00  0.2000E+01
-101.752  0.0000E+00  0.2000E+01
-101.747  0.0000E+00  0.2000E+01
-101.742  0.0000E+00  0.2000E+01
-101.737  0.0000E+00  0.2000E+01
-101.732  0.0000E+00  0.2000E+01
-101.727  0.0000E+00  0.2000E+01
-101.722  0.0000E+00  0.2000E+01
-101.717  0.0000E+00  0.2000E+01
-101.712  0.0000E+00  0.2000E+01
-101.707  0.0000E+00  0.2000E+01
-101.702  0.0000E+00  0.2000E+01
-101.697  0.0000E+00  0.2000E+01
-101.692  0.0000E+00  0.2000E+01
-101.687  0.0000E+00  0.2000E+01
-101.682  0.0000E+00  0.2000E+01
-101.677  0.0000E+00  0.2000E+01
-101.672  0.0000E+00  0.2000E+01
-101.667  0.0000E+00  0.2000E+01
-101.662  0.0000E+00  0.2000E+01
-101.657  0.0000E+00  0.2000E+01
-101.652  0.0000E+00  0.2000E+01
-101.647  0.0000E+00  0.2000E+01
-101.642  0.0000E+00  0.2000E+01
-101.637  0.0000E+00  0.2000E+01
-101.632  0.0000E+00  0.2000E+01
-101.627  0.0000E+00  0.2000E+01
-101.622  0.0000E+00  0.2000E+01
-101.617  0.0000E+00  0.2000E+01
-101.612  0.0000E+00  0.2000E+01
-101.607  0.0000E+00  0.2000E+01
-101.602  0.0000E+00  0.2000E+01
-101.597  0.0000E+00  0.2000E+01
-101.592  0.0000E+00  0.2000E+01
-101.587  0.0000E+00  0.2000E+01
-101.582  0.0000E+00  0.2000E+01
-101.577  0.0000E+00  0.2000E+01
-101.572  0.0000E+00  0.2000E+01
-101.567  0.0000E+00  0.2000E+01
-101.562  0.0000E+00  0.2000E+01
-101.557  0.0000E+00  0.2000E+01
-101.552  0.0000E+00  0.2000E+01
-101.547  0.0000E+00  0.2000E+01
-101.542  0.0000E+00  0.2000E+01
-101.537  0.0000E+00  0.2000E+01
-101.532  0.0000E+00  0.2000E+01
-101.527  0.0000E+00  0.2000E+01
-101.522  0.0000E+00  0.2000E+01
-101.517  0.0000E+00  0.2000E+01
-101.512  0.0000E+00  0.2000E+01
-101.507  0.0000E+00  0.2000E+01
-101.502  0.0000E+00  0.2000E+01
-101.497  0.0000E+00  0.2000E+01
-101.492  0.0000E+00  0.2000E+01
-101.487  0.0000E+00  0.2000E+01
-101.482  0.0000E+00  0.2000E+01
-101.477  0.0000E+00  0.2000E+01
-101.472  0.0000E+00  0.2000E+01
-101.467  0.0000E+00  0.2000E+01
-101.462  0.0000E+00  0.2000E+01
-101.457  0.0000E+00  0.2000E+01
-101.452  0.0000E+00  0.2000E+01
-101.447  0.0000E+00  0.2000E+01
-101.442  0.0000E+00  0.2000E+01
-101.437  0.0000E+00  0.2000E+01
-101.432  0.0000E+00  0.2000E+01
-101.427  0.0000E+00  0.2000E+01
-101.422  0.0000E+00  0.2000E+01
-101.417  0.0000E+00  0.2000E+01
-101.412  0.0000E+00  0.2000E+01
-101.407  0.0000E+00  0.2000E+01
-101.402  0.0000E+00  0.2000E+01
-101.397  0.0000E+00  0.2000E+01
-101.392  0.0000E+00  0.2000E+01
-101.387  0.0000E+00  0.2000E+01
-101.382  0.0000E+00  0.2000E+01
-101.377  0.0000E+00  0.2000E+01
-101.372  0.0000E+00  0.2000E+01
-101.367  0.0000E+00  0.2000E+01
-101.362  0.0000E+00  0.2000E+01
-101.357  0.0000E+00  0.2000E+01
-101.352  0.0000E+00  0.2000E+01
-101.347  0.0000E+00  0.2000E+01
-101.342  0.0000E+00  0.2000E+01
-101.337  0.0000E+00  0.2000E+01
-101.332  0.0000E+00  0.2000E+01
-101.327  0.0000E+00  0.2000E+01
-101.322  0.0000E+00  0.2000E+01
-101.317  0.0000E+00  0.2000E+01
-101.312  0.0000E+00  0.2000E+01
-101.307  0.0000E+00  0.2000E+01
-101.302  0.0000E+00  0.2000E+01
-101.297  0.0000E+00  0.2000E+01
-101.292  0.0000E+00  0.2000E+01
-101.287  0.0000E+00  0.2000E+01
-101.282  0.0000E+00  0.2000E+01
-101.277  0.0000E+00  0.2000E+01
-101.272  0.0000E+00  0.2000E+01
-101.267  0.0000E+00  0.2000E+01
-101.262  0.0000E+00  0.2000E+01
-101.257  0.0000E+00  0.2000E+01
-101.252  0.0000E+00  0.2000E+01
-101.247  0.0000E+00  0.2000E+01
-101.242  0.0000E+00  0.2000E+01
-101.237  0.0000E+00  0.2000E+01
-101.232  0.0000E+00  0.2000E+01
-101.227  0.0000E+00  0.2000E+01
-101.222  0.0000E+00  0.2000E+01
-101.217  0.0000E+00  0.2000E+01
-101.212  0.0000E+00  0.2000E+01
-101.207  0.0000E+00  0.2000E+01
-101.202  0.0000E+00  0.2000E+01
-101.197  0.0000E+00  0.2000E+01
-101.192  0.0000E+00  0.2000E+01
-101.187  0.0000E+00  0.2000E+01
-101.182  0.0000E+00  0.2000E+01
-101.177  0.0000E+00  0.2000E+01
-101.172  0.0000E+00  0.2000E+01
-101.167  0.0000E+00  0.2000E+01
-101.162  0.0000E+00  0.2000E+01
-101.157  0.0000E+00  0.2000E+01
-101.152  0.0000E+00  0.2000E+01
-101.147  0.0000E+00  0.2000E+01
-101.142  0.0000E+00  0.2000E+01
-101.137  0.0000E+00  0.2000E+01
-101.132  0.0000E+00  0.2000E+01
-101.127  0.0000E+00  0.2000E+01
-101.122  0.0000E+00  0.2000E+01
-101.117  0.0000E+00  0.2000E+01
-101.112  0.0000E+00  0.2000E+01
-101.107  0.0000E+00  0.2000E+01
-101.102  0.0000E+00  0.2000E+01
-101.097  0.0000E+00  0.2000E+01
-101.092  0.0000E+00  0.2000E+01
-101.087  0.0000E+00  0.2000E+01
-101.082  0.0000E+00  0.2000E+01
-101.077  0.0000E+00  0.2000E+01
-101.072  0.0000E+00  0.2000E+01
-101.067  0.0000E+00  0.2000E+01
-101.062  0.0000E+00  0.2000E+01
-101.057  0.0000E+00  0.2000E+01
-101.052  0.0000E+00  0.2000E+01
-101.047  0.0000E+00  0.2000E+01
-101.042  0.0000E+00  0.2000E+01
-101.037  0.0000E+00  0.2000E+01
-101.032  0.0000E+00  0.2000E+01
-101.027  0.0000E+00  0.2000E+01
-101.022  0.0000E+00  0.2000E+01
-101.017  0.0000E+00  0.2000E+01
-101.012  0.0000E+00  0.2000E+01
-101.007  0.0000E+00  0.2000E+01
-101.002  0.0000E+00  0.2000E+01
-100.997  0.0000E+00  0.2000E+01
-100.992  0.0000E+00  0.2000E+01
-100.987  0.0000E+00  0.2000E+01
-100.982  0.0000E+00  0.2000E+01
-100.977  0.0000E+00  0.2000E+01
-100.972  0.0000E+00  0.2000E+01
-100.967  0.0000E+00  0.2000E+01
-100.962  0.0000E+00  0.2000E+01
-100.957  0.0000E+00  0.2000E+01
-100.952  0.0000E+00  0.2000E+01
-100.947  0.0000E+00  0.2000E+01
-100.942  0.0000E+00  0.2000E+01
-100.937  0.0000E+00  0.2000E+01
-100.932  0.0000E+00  0.2000E+01
-100.927  0.0000E+00  0.2000E+01
-100.922  0.0000E+00  0.2000E+01
-100.917  0.0000E+00  0.2000E+01
-100.912  0.0000E+00  0.2000E+01
-100.907  0.0000E+00  0.2000E+01
-100.902  0.0000E+00  0.2000E+01
-100.897  0.0000E+00  0.2000E+01
-100.892  0.0000E+00  0.2000E+01
-100.887  0.0000E+00  0.2000E+01
-100.882  0.0000E+00  0.2000E+01
-100.877  0.0000E+00  0.2000E+01
-100.872  0.0000E+00  0.2000E+01
-100.867  0.0000E+00  0.2000E+01
-100.862  0.0000E+00  0.2000E+01
-100.857  0.0000E+00  0.2000E+01
-100.852  0.0000E+00  0.2000E+01
-100.847  0.0000E+00  0.2000E+01
-100.842  0.0000E+00  0.2000E+01
-100.837  0.0000E+00  0.2000E+01
-100.832  0.0000E+00  0.2000E+01
-100.827  0.0000E+00  0.2000E+01
-100.822  0.0000E+00  0.2000E+01
-100.817  0.0000E+00  0.2000E+01
-100.812  0.0000E+00  0.2000E+01
-100.807  0.0000E+00  0.2000E+01
-100.802  0.0000E+00  0.2000E+01
-100.797  0.0000E+00  0.2000E+01
-100.792  0.0000E+00  0.2000E+01
-100.787  0.0000E+00  0.2000E+01
-100.782  0.0000E+00  0.2000E+01
-100.777  0.0000E+00  0.2000E+01
-100.772  0.0000E+00  0.2000E+01
-100.767  0.0000E+00  0.2000E+01
-100.762  0.0000E+00  0.2000E+01
-100.757  0.0000E+00  0.2000E+01
-100.752  0.0000E+00  0.2000E+01
-100.747  0.0000E+00  0.2000E+01
-100.742  0.0000E+00  0.2000E+01
-100.737  0.0000E+00  0.2000E+01
-100.732  0.0000E+00  0.2000E+01
-100.727  0.0000E+00  0.2000E+01
-100.722  0.0000E+00  0.2000E+01
-100.717  0.0000E+00  0.2000E+01
-100.712  0.0000E+00  0.2000E+01
-100.707  0.0000E+00  0.2000E+01
-100.702  0.0000E+00  0.2000E+01
-100.697  0.0000E+00  0.2000E+01
-100.692  0.0000E+00  0.2000E+01
-100.687  0.0000E+00  0.2000E+01
-100.682  0.0000E+00  0.2000E+01
-100.677  0.0000E+00  0.2000E+01
-100.672  0.0000E+00  0.2000E+01
-100.667  0.0000E+00  0.2000E+01
-100.662  0.0000E+00  0.2000E+01
-100.657  0.0000E+00  0.2000E+01
-100.652  0.0000E+00  0.2000E+01
-100.647  0.0000E+00  0.2000E+01
-100.642  0.0000E+00  0.2000E+01
-100.637  0.0000E+00  0.2000E+01
-100.632  0.0000E+00  0.2000E+01
-100.627  0.0000E+00  0.2000E+01
-100.622  0.0000E+00  0.2000E+01
-100.617  0.0000E+00  0.2000E+01
-100.612  0.0000E+00  0.2000E+01
-100.607  0.0000E+00  0.2000E+01
-100.602  0.0000E+00  0.2000E+01
-100.597  0.0000E+00  0.2000E+01
-100.592  0.0000E+00  0.2000E+01
-100.587  0.0000E+00  0.2000E+01
-100.582  0.0000E+00  0.2000E+01
-100.577  0.0000E+00  0.2000E+01
-100.572  0.0000E+00  0.2000E+01
-100.567  0.0000E+00  0.2000E+01
-100.562  0.0000E+00  0.2000E+01
-100.557  0.0000E+00  0.2000E+01
-100.552  0.0000E+00  0.2000E+01
-100.547  0.0000E+00  0.2000E+01
-100.542  0.0000E+00  0.2000E+01
-100.537  0.0000E+00  0.2000E+01
-100.532  0.0000E+00  0.2000E+01
-100.527  0.0000E+00  0.2000E+01
-100.522  0.0000E+00  0.2000E+01
-100.517  0.0000E+00  0.2000E+01
-100.512  0.0000E+00  0.2000E+01
-100.507  0.0000E+00  0.2000E+01
-100.502  0.0000E+00  0.2000E+01
-100.497  0.0000E+00  0.2000E+01
-100.492  0.0000E+00  0.2000E+01
-100.487  0.0000E+00  0.2000E+01
-100.482  0.0000E+00  0.2000E+01
-100.477  0.0000E+00  0.2000E+01
-100.472  0.0000E+00  0.2000E+01
-100.467  0.0000E+00  0.2000E+01
-100.462  0.0000E+00  0.2000E+01
-100.457  0.0000E+00  0.2000E+01
-100.452  0.0000E+00  0.2000E+01
-100.447  0.0000E+00  0.2000E+01
-100.442  0.0000E+00  0.2000E+01
-100.437  0.0000E+00  0.2000E+01
-100.432  0.0000E+00  0.2000E+01
-100.427  0.0000E+00  0.2000E+01
-100.422  0.0000E+00  0.2000E+01
-100.417  0.0000E+00  0.2000E+01
-100.412  0.0000E+00  0.2000E+01
-100.407  0.0000E+00  0.2000E+01
-100.402  0.0000E+00  0.2000E+01
-100.397  0.0000E+00  0.2000E+01
-100.392  0.0000E+00  0.2000E+01
-100.387  0.0000E+00  0.2000E+01
-100.382  0.0000E+00  0.2000E+01
-100.377  0.0000E+00  0.2000E+01
-100.372  0.0000E+00  0.2000E+01
-100.367  0.0000E+00  0.2000E+01
-100.362  0.0000E+00  0.2000E+01
-100.357  0.0000E+00  0.2000E+01
-100.352  0.0000E+00  0.2000E+01
-100.347  0.0000E+00  0.2000E+01
-100.342  0.0000E+00  0.2000E+01
-100.337  0.0000E+00  0.2000E+01
-100.332  0.0000E+00  0.2000E+01
-100.327  0.0000E+00  0.2000E+01
-100.322  0.0000E+00  0.2000E+01
-100.317  0.0000E+00  0.2000E+01
-100.312  0.0000E+00  0.2000E+01
-100.307  0.0000E+00  0.2000E+01
-100.302  0.0000E+00  0.2000E+01
-100.297  0.0000E+00  0.2000E+01
-100.292  0.0000E+00  0.2000E+01
-100.287  0.0000E+00  0.2000E+01
-100.282  0.0000E+00  0.2000E+01
-100.277  0.0000E+00  0.2000E+01
-100.272  0.0000E+00  0.2000E+01
-100.267  0.0000E+00  0.2000E+01
-100.262  0.0000E+00  0.2000E+01
-100.257  0.0000E+00  0.2000E+01
-100.252  0.0000E+00  0.2000E+01
-100.247  0.0000E+00  0.2000E+01
-100.242  0.0000E+00  0.2000E+01
-100.237  0.0000E+00  0.2000E+01
-100.232  0.0000E+00  0.2000E+01
-100.227  0.0000E+00  0.2000E+01
-100.222  0.0000E+00  0.2000E+01
-100.217  0.0000E+00  0.2000E+01
-100.212  0.0000E+00  0.2000E+01
-100.207  0.0000E+00  0.2000E+01
-100.202  0.0000E+00  0.2000E+01
-100.197  0.0000E+00  0.2000E+01
-100.192  0.0000E+00  0.2000E+01
-100.187  0.0000E+00  0.2000E+01
-100.182  0.0000E+00  0.2000E+01
-100.177  0.0000E+00  0.2000E+01
-100.172  0.0000E+00  0.2000E+01
-100.167  0.0000E+00  0.2000E+01
-100.162  0.0000E+00  0.2000E+01
-100.157  0.0000E+00  0.2000E+01
-100.152  0.0000E+00  0.2000E+01
-100.147  0.0000E+00  0.2000E+01
-100.142  0.0000E+00  0.2000E+01
-100.137  0.0000E+00  0.2000E+01
-100.132  0.0000E+00  0.2000E+01
-100.127  0.0000E+00  0.2000E+01
-100.122  0.0000E+00  0.2000E+01
-100.117  0.0000E+00  0.2000E+01
-100.112  0.0000E+00  0.2000E+01
-100.107  0.0000E+00  0.2000E+01
-100.102  0.0000E+00  0.2000E+01
-100.097  0.0000E+00  0.2000E+01
-100.092  0.0000E+00  0.2000E+01
-100.087  0.0000E+00  0.2000E+01
-100.082  0.0000E+00  0.2000E+01
-100.077  0.0000E+00  0.2000E+01
-100.072  0.0000E+00  0.2000E+01
-100.067  0.0000E+00  0.2000E+01
-100.062  0.0000E+00  0.2000E+01
-100.057  0.0000E+00  0.2000E+01
-100.052  0.0000E+00  0.2000E+01
-100.047  0.0000E+00  0.2000E+01
-100.042  0.0000E+00  0.2000E+01
-100.037  0.0000E+00  0.2000E+01
-100.032  0.0000E+00  0.2000E+01
-100.027  0.0000E+00  0.2000E+01
-100.022  0.0000E+00  0.2000E+01
-100.017  0.0000E+00  0.2000E+01
-100.012  0.0000E+00  0.2000E+01
-100.007  0.0000E+00  0.2000E+01
-100.002  0.0000E+00  0.2000E+01
 -99.997  0.0000E+00  0.2000E+01
 -99.992  0.0000E+00  0.2000E+01
 -99.987  0.0000E+00  0.2000E+01
 -99.982  0.0000E+00  0.2000E+01
 -99.977  0.0000E+00  0.2000E+01
 -99.972  0.0000E+00  0.2000E+01
 -99.967  0.0000E+00  0.2000E+01
 -99.962  0.0000E+00  0.2000E+01
 -99.957  0.0000E+00  0.2000E+01
 -99.952  0.0000E+00  0.2000E+01
 -99.947  0.0000E+00  0.2000E+01
 -99.942  0.0000E+00  0.2000E+01
 -99.937  0.0000E+00  0.2000E+01
 -99.932  0.0000E+00  0.2000E+01
 -99.927  0.0000E+00  0.2000E+01
 -99.922  0.0000E+00  0.2000E+01
 -99.917  0.0000E+00  0.2000E+01
 -99.912  0.0000E+00  0.2000E+01
 -99.907  0.0000E+00  0.2000E+01
 -99.902  0.0000E+00  0.2000E+01
 -99.897  0.0000E+00  0.2000E+01
 -99.892  0.0000E+00  0.2000E+01
 -99.887  0.0000E+00  0.2000E+01
 -99.882  0.0000E+00  0.2000E+01
 -99.877  0.0000E+00  0.2000E+01
 -99.872  0.0000E+00  0.2000E+01
 -99.867  0.0000E+00  0.2000E+01
 -99.862  0.0000E+00  0.2000E+01
 -99.857  0.0000E+00  0.2000E+01
 -99.852  0.0000E+00  0.2000E+01
 -99.847  0.0000E+00  0.2000E+01
 -99.842  0.0000E+00  0.2000E+01
 -99.837  0.0000E+00  0.2000E+01
 -99.832  0.0000E+00  0.2000E+01
 -99.827  0.0000E+00  0.2000E+01
 -99.822  0.0000E+00  0.2000E+01
 -99.817  0.0000E+00  0.2000E+01
 -99.812  0.0000E+00  0.2000E+01
 -99.807  0.0000E+00  0.2000E+01
 -99.802  0.0000E+00  0.2000E+01
 -99.797  0.0000E+00  0.2000E+01
 -99.792  0.0000E+00  0.2000E+01
 -99.787  0.0000E+00  0.2000E+01
 -99.782  0.0000E+00  0.2000E+01
 -99.777  0.0000E+00  0.2000E+01
 -99.772  0.0000E+00  0.2000E+01
 -99.767  0.0000E+00  0.2000E+01
 -99.762  0.0000E+00  0.2000E+01
 -99.757  0.0000E+00  0.2000E+01
 -99.752  0.0000E+00  0.2000E+01
 -99.747  0.0000E+00  0.2000E+01
 -99.742  0.0000E+00  0.2000E+01
 -99.737  0.0000E+00  0.2000E+01
 -99.732  0.0000E+00  0.2000E+01
 -99.727  0.0000E+00  0.2000E+01
 -99.722  0.0000E+00  0.2000E+01
 -99.717  0.0000E+00  0.2000E+01
 -99.712  0.0000E+00  0.2000E+01
 -99.707  0.0000E+00  0.2000E+01
 -99.702  0.0000E+00  0.2000E+01
 -99.697  0.0000E+00  0.2000E+01
 -99.692  0.0000E+00  0.2000E+01
 -99.687  0.0000E+00  0.2000E+01
 -99.682  0.0000E+00  0.2000E+01
 -99.677  0.0000E+00  0.2000E+01
 -99.672  0.0000E+00  0.2000E+01
 -99.667  0.0000E+00  0.2000E+01
 -99.662  0.0000E+00  0.2000E+01
 -99.657  0.0000E+00  0.2000E+01
 -99.652  0.0000E+00  0.2000E+01
 -99.647  0.0000E+00  0.2000E+01
 -99.642  0.0000E+00  0.2000E+01
 -99.637  0.0000E+00  0.2000E+01
 -99.632  0.0000E+00  0.2000E+01
 -99.627  0.0000E+00  0.2000E+01
 -99.622  0.0000E+00  0.2000E+01
 -99.617  0.0000E+00  0.2000E+01
 -99.612  0.0000E+00  0.2000E+01
 -99.607  0.0000E+00  0.2000E+01
 -99.602  0.0000E+00  0.2000E+01
 -99.597  0.0000E+00  0.2000E+01
 -99.592  0.0000E+00  0.2000E+01
 -99.587  0.0000E+00  0.2000E+01
 -99.582  0.0000E+00  0.2000E+01
 -99.577  0.0000E+00  0.2000E+01
 -99.572  0.0000E+00  0.2000E+01
 -99.567  0.0000E+00  0.2000E+01
 -99.562  0.0000E+00  0.2000E+01
 -99.557  0.0000E+00  0.2000E+01
 -99.552  0.0000E+00  0.2000E+01
 -99.547  0.0000E+00  0.2000E+01
 -99.542  0.0000E+00  0.2000E+01
 -99.537  0.0000E+00  0.2000E+01
 -99.532  0.0000E+00  0.2000E+01
 -99.527  0.0000E+00  0.2000E+01
 -99.522  0.0000E+00  0.2000E+01
 -99.517  0.0000E+00  0.2000E+01
 -99.512  0.0000E+00  0.2000E+01
 -99.507  0.0000E+00  0.2000E+01
 -99.502  0.0000E+00  0.2000E+01
 -99.497  0.0000E+00  0.2000E+01
 -99.492  0.0000E+00  0.2000E+01
 -99.487  0.0000E+00  0.2000E+01
 -99.482  0.0000E+00  0.2000E+01
 -99.477  0.0000E+00  0.2000E+01
 -99.472  0.0000E+00  0.2000E+01
 -99.467  0.0000E+00  0.2000E+01
 -99.462  0.0000E+00  0.2000E+01
 -99.457  0.0000E+00  0.2000E+01
 -99.452  0.0000E+00  0.2000E+01
 -99.447  0.0000E+00  0.2000E+01
 -99.442  0.0000E+00  0.2000E+01
 -99.437  0.0000E+00  0.2000E+01
 -99.432  0.0000E+00  0.2000E+01
 -99.427  0.0000E+00  0.2000E+01
 -99.422  0.0000E+00  0.2000E+01
 -99.417  0.0000E+00  0.2000E+01
 -99.412  0.0000E+00  0.2000E+01
 -99.407  0.0000E+00  0.2000E+01
 -99.402  0.0000E+00  0.2000E+01
 -99.397  0.0000E+00  0.2000E+01
 -99.392  0.0000E+00  0.2000E+01
 -99.387  0.0000E+00  0.2000E+01
 -99.382  0.0000E+00  0.2000E+01
 -99.377  0.0000E+00  0.2000E+01
 -99.372  0.0000E+00  0.2000E+01
 -99.367  0.0000E+00  0.2000E+01
 -99.362  0.0000E+00  0.2000E+01
 -99.357  0.0000E+00  0.2000E+01
 -99.352  0.0000E+00  0.2000E+01
 -99.347  0.0000E+00  0.2000E+01
 -99.342  0.0000E+00  0.2000E+01
 -99.337  0.0000E+00  0.2000E+01
 -99.332  0.0000E+00  0.2000E+01
 -99.327  0.0000E+00  0.2000E+01
 -99.322  0.0000E+00  0.2000E+01
 -99.317  0.0000E+00  0.2000E+01
 -99.312  0.0000E+00  0.2000E+01
 -99.307  0.0000E+00  0.2000E+01
 -99.302  0.0000E+00  0.2000E+01
 -99.297  0.0000E+00  0.2000E+01
 -99.292  0.0000E+00  0.2000E+01
 -99.287  0.0000E+00  0.2000E+01
 -99.282  0.0000E+00  0.2000E+01
 -99.277  0.0000E+00  0.2000E+01
 -99.272  0.0000E+00  0.2000E+01
 -99.267  0.0000E+00  0.2000E+01
 -99.262  0.0000E+00  0.2000E+01
 -99.257  0.0000E+00  0.2000E+01
 -99.252  0.0000E+00  0.2000E+01
 -99.247  0.0000E+00  0.2000E+01
 -99.242  0.0000E+00  0.2000E+01
 -99.237  0.0000E+00  0.2000E+01
 -99.232  0.0000E+00  0.2000E+01
 -99.227  0.0000E+00  0.2000E+01
 -99.222  0.0000E+00  0.2000E+01
 -99.217  0.0000E+00  0.2000E+01
 -99.212  0.0000E+00  0.2000E+01
 -99.207  0.0000E+00  0.2000E+01
 -99.202  0.0000E+00  0.2000E+01
 -99.197  0.0000E+00  0.2000E+01
 -99.192  0.0000E+00  0.2000E+01
 -99.187  0.0000E+00  0.2000E+01
 -99.182  0.0000E+00  0.2000E+01
 -99.177  0.0000E+00  0.2000E+01
 -99.172  0.0000E+00  0.2000E+01
 -99.167  0.0000E+00  0.2000E+01
 -99.162  0.0000E+00  0.2000E+01
 -99.157  0.0000E+00  0.2000E+01
 -99.152  0.0000E+00  0.2000E+01
 -99.147  0.0000E+00  0.2000E+01
 -99.142  0.0000E+00  0.2000E+01
 -99.137  0.0000E+00  0.2000E+01
 -99.132  0.0000E+00  0.2000E+01
 -99.127  0.0000E+00  0.2000E+01
 -99.122  0.0000E+00  0.2000E+01
 -99.117  0.0000E+00  0.2000E+01
 -99.112  0.0000E+00  0.2000E+01
 -99.107  0.0000E+00  0.2000E+01
 -99.102  0.0000E+00  0.2000E+01
 -99.097  0.0000E+00  0.2000E+01
 -99.092  0.0000E+00  0.2000E+01
 -99.087  0.0000E+00  0.2000E+01
 -99.082  0.0000E+00  0.2000E+01
 -99.077  0.0000E+00  0.2000E+01
 -99.072  0.0000E+00  0.2000E+01
 -99.067  0.0000E+00  0.2000E+01
 -99.062  0.0000E+00  0.2000E+01
 -99.057  0.0000E+00  0.2000E+01
 -99.052  0.0000E+00  0.2000E+01
 -99.047  0.0000E+00  0.2000E+01
 -99.042  0.0000E+00  0.2000E+01
 -99.037  0.0000E+00  0.2000E+01
 -99.032  0.0000E+00  0.2000E+01
 -99.027  0.0000E+00  0.2000E+01
 -99.022  0.0000E+00  0.2000E+01
 -99.017  0.0000E+00  0.2000E+01
 -99.012  0.0000E+00  0.2000E+01
 -99.007  0.0000E+00  0.2000E+01
 -99.002  0.0000E+00  0.2000E+01
 -98.997  0.0000E+00  0.2000E+01
 -98.992  0.0000E+00  0.2000E+01
 -98.987  0.0000E+00  0.2000E+01
 -98.982  0.0000E+00  0.2000E+01
 -98.977  0.0000E+00  0.2000E+01
 -98.972  0.0000E+00  0.2000E+01
 -98.967  0.0000E+00  0.2000E+01
 -98.962  0.0000E+00  0.2000E+01
 -98.957  0.0000E+00  0.2000E+01
 -98.952  0.0000E+00  0.2000E+01
 -98.947  0.0000E+00  0.2000E+01
 -98.942  0.0000E+00  0.2000E+01
 -98.937  0.0000E+00  0.2000E+01
 -98.932  0.0000E+00  0.2000E+01
 -98.927  0.0000E+00  0.2000E+01
 -98.922  0.0000E+00  0.2000E+01
 -98.917  0.0000E+00  0.2000E+01
 -98.912  0.0000E+00  0.2000E+01
 -98.907  0.0000E+00  0.2000E+01
 -98.902  0.0000E+00  0.2000E+01
 -98.897  0.0000E+00  0.2000E+01
 -98.892  0.0000E+00  0.2000E+01
 -98.887  0.0000E+00  0.2000E+01
 -98.882  0.0000E+00  0.2000E+01
 -98.877  0.0000E+00  0.2000E+01
 -98.872  0.0000E+00  0.2000E+01
 -98.867  0.0000E+00  0.2000E+01
 -98.862  0.0000E+00  0.2000E+01
 -98.857  0.0000E+00  0.2000E+01
 -98.852  0.0000E+00  0.2000E+01
 -98.847  0.0000E+00  0.2000E+01
 -98.842  0.0000E+00  0.2000E+01
 -98.837  0.0000E+00  0.2000E+01
 -98.832  0.0000E+00  0.2000E+01
 -98.827  0.0000E+00  0.2000E+01
 -98.822  0.0000E+00  0.2000E+01
 -98.817  0.0000E+00  0.2000E+01
 -98.812  0.0000E+00  0.2000E+01
 -98.807  0.0000E+00  0.2000E+01
 -98.802  0.0000E+00  0.2000E+01
 -98.797  0.0000E+00  0.2000E+01
 -98.792  0.0000E+00  0.2000E+01
 -98.787  0.0000E+00  0.2000E+01
 -98.782  0.0000E+00  0.2000E+01
 -98.777  0.0000E+00  0.2000E+01
 -98.772  0.0000E+00  0.2000E+01
 -98.767  0.0000E+00  0.2000E+01
 -98.762  0.0000E+00  0.2000E+01
 -98.757  0.0000E+00  0.2000E+01
 -98.752  0.0000E+00  0.2000E+01
 -98.747  0.0000E+00  0.2000E+01
 -98.742  0.0000E+00  0.2000E+01
 -98.737  0.0000E+00  0.2000E+01
 -98.732  0.0000E+00  0.2000E+01
 -98.727  0.0000E+00  0.2000E+01
 -98.722  0.0000E+00  0.2000E+01
 -98.717  0.0000E+00  0.2000E+01
 -98.712  0.0000E+00  0.2000E+01
 -98.707  0.0000E+00  0.2000E+01
 -98.702  0.0000E+00  0.2000E+01
 -98.697  0.0000E+00  0.2000E+01
 -98.692  0.0000E+00  0.2000E+01
 -98.687  0.0000E+00  0.2000E+01
 -98.682  0.0000E+00  0.2000E+01
 -98.677  0.0000E+00  0.2000E+01
 -98.672  0.0000E+00  0.2000E+01
 -98.667  0.0000E+00  0.2000E+01
 -98.662  0.0000E+00  0.2000E+01
 -98.657  0.0000E+00  0.2000E+01
 -98.652  0.0000E+00  0.2000E+01
 -98.647  0.0000E+00  0.2000E+01
 -98.642  0.0000E+00  0.2000E+01
 -98.637  0.0000E+00  0.2000E+01
 -98.632  0.0000E+00  0.2000E+01
 -98.627  0.0000E+00  0.2000E+01
 -98.622  0.0000E+00  0.2000E+01
 -98.617  0.0000E+00  0.2000E+01
 -98.612  0.0000E+00  0.2000E+01
 -98.607  0.0000E+00  0.2000E+01
 -98.602  0.0000E+00  0.2000E+01
 -98.597  0.0000E+00  0.2000E+01
 -98.592  0.0000E+00  0.2000E+01
 -98.587  0.0000E+00  0.2000E+01
 -98.582  0.0000E+00  0.2000E+01
 -98.577  0.0000E+00  0.2000E+01
 -98.572  0.0000E+00  0.2000E+01
 -98.567  0.0000E+00  0.2000E+01
 -98.562  0.0000E+00  0.2000E+01
 -98.557  0.0000E+00  0.2000E+01
 -98.552  0.0000E+00  0.2000E+01
 -98.547  0.0000E+00  0.2000E+01
 -98.542  0.0000E+00  0.2000E+01
 -98.537  0.0000E+00  0.2000E+01
 -98.532  0.0000E+00  0.2000E+01
 -98.527  0.0000E+00  0.2000E+01
 -98.522  0.0000E+00  0.2000E+01
 -98.517  0.0000E+00  0.2000E+01
 -98.512  0.0000E+00  0.2000E+01
 -98.507  0.0000E+00  0.2000E+01
 -98.502  0.0000E+00  0.2000E+01
 -98.497  0.0000E+00  0.2000E+01
 -98.492  0.0000E+00  0.2000E+01
 -98.487  0.0000E+00  0.2000E+01
 -98.482  0.0000E+00  0.2000E+01
 -98.477  0.0000E+00  0.2000E+01
 -98.472  0.0000E+00  0.2000E+01
 -98.467  0.0000E+00  0.2000E+01
 -98.462  0.0000E+00  0.2000E+01
 -98.457  0.0000E+00  0.2000E+01
 -98.452  0.0000E+00  0.2000E+01
 -98.447  0.0000E+00  0.2000E+01
 -98.442  0.0000E+00  0.2000E+01
 -98.437  0.0000E+00  0.2000E+01
 -98.432  0.0000E+00  0.2000E+01
 -98.427  0.0000E+00  0.2000E+01
 -98.422  0.0000E+00  0.2000E+01
 -98.417  0.0000E+00  0.2000E+01
 -98.412  0.0000E+00  0.2000E+01
 -98.407  0.0000E+00  0.2000E+01
 -98.402  0.0000E+00  0.2000E+01
 -98.397  0.0000E+00  0.2000E+01
 -98.392  0.0000E+00  0.2000E+01
 -98.387  0.0000E+00  0.2000E+01
 -98.382  0.0000E+00  0.2000E+01
 -98.377  0.0000E+00  0.2000E+01
 -98.372  0.0000E+00  0.2000E+01
 -98.367  0.0000E+00  0.2000E+01
 -98.362  0.0000E+00  0.2000E+01
 -98.357  0.0000E+00  0.2000E+01
 -98.352  0.0000E+00  0.2000E+01
 -98.347  0.0000E+00  0.2000E+01
 -98.342  0.0000E+00  0.2000E+01
 -98.337  0.0000E+00  0.2000E+01
 -98.332  0.0000E+00  0.2000E+01
 -98.327  0.0000E+00  0.2000E+01
 -98.322  0.0000E+00  0.2000E+01
 -98.317  0.0000E+00  0.2000E+01
 -98.312  0.0000E+00  0.2000E+01
 -98.307  0.0000E+00  0.2000E+01
 -98.302  0.0000E+00  0.2000E+01
 -98.297  0.0000E+00  0.2000E+01
 -98.292  0.0000E+00  0.2000E+01
 -98.287  0.0000E+00  0.2000E+01
 -98.282  0.0000E+00  0.2000E+01
 -98.277  0.0000E+00  0.2000E+01
 -98.272  0.0000E+00  0.2000E+01
 -98.267  0.0000E+00  0.2000E+01
 -98.262  0.0000E+00  0.2000E+01
 -98.257  0.0000E+00  0.2000E+01
 -98.252  0.0000E+00  0.2000E+01
 -98.247  0.0000E+00  0.2000E+01
 -98.242  0.0000E+00  0.2000E+01
 -98.237  0.0000E+00  0.2000E+01
 -98.232  0.0000E+00  0.2000E+01
 -98.227  0.0000E+00  0.2000E+01
 -98.222  0.0000E+00  0.2000E+01
 -98.217  0.0000E+00  0.2000E+01
 -98.212  0.0000E+00  0.2000E+01
 -98.207  0.0000E+00  0.2000E+01
 -98.202  0.0000E+00  0.2000E+01
 -98.197  0.0000E+00  0.2000E+01
 -98.192  0.0000E+00  0.2000E+01
 -98.187  0.0000E+00  0.2000E+01
 -98.182  0.0000E+00  0.2000E+01
 -98.177  0.0000E+00  0.2000E+01
 -98.172  0.0000E+00  0.2000E+01
 -98.167  0.0000E+00  0.2000E+01
 -98.162  0.0000E+00  0.2000E+01
 -98.157  0.0000E+00  0.2000E+01
 -98.152  0.0000E+00  0.2000E+01
 -98.147  0.0000E+00  0.2000E+01
 -98.142  0.0000E+00  0.2000E+01
 -98.137  0.0000E+00  0.2000E+01
 -98.132  0.0000E+00  0.2000E+01
 -98.127  0.0000E+00  0.2000E+01
 -98.122  0.0000E+00  0.2000E+01
 -98.117  0.0000E+00  0.2000E+01
 -98.112  0.0000E+00  0.2000E+01
 -98.107  0.0000E+00  0.2000E+01
 -98.102  0.0000E+00  0.2000E+01
 -98.097  0.0000E+00  0.2000E+01
 -98.092  0.0000E+00  0.2000E+01
 -98.087  0.0000E+00  0.2000E+01
 -98.082  0.0000E+00  0.2000E+01
 -98.077  0.0000E+00  0.2000E+01
 -98.072  0.0000E+00  0.2000E+01
 -98.067  0.0000E+00  0.2000E+01
 -98.062  0.0000E+00  0.2000E+01
 -98.057  0.0000E+00  0.2000E+01
 -98.052  0.0000E+00  0.2000E+01
 -98.047  0.0000E+00  0.2000E+01
 -98.042  0.0000E+00  0.2000E+01
 -98.037  0.0000E+00  0.2000E+01
 -98.032  0.0000E+00  0.2000E+01
 -98.027  0.0000E+00  0.2000E+01
 -98.022  0.0000E+00  0.2000E+01
 -98.017  0.0000E+00  0.2000E+01
 -98.012  0.0000E+00  0.2000E+01
 -98.007  0.0000E+00  0.2000E+01
 -98.002  0.0000E+00  0.2000E+01
 -97.997  0.0000E+00  0.2000E+01
 -97.992  0.0000E+00  0.2000E+01
 -97.987  0.0000E+00  0.2000E+01
 -97.982  0.0000E+00  0.2000E+01
 -97.977  0.0000E+00  0.2000E+01
 -97.972  0.0000E+00  0.2000E+01
 -97.967  0.0000E+00  0.2000E+01
 -97.962  0.0000E+00  0.2000E+01
 -97.957  0.0000E+00  0.2000E+01
 -97.952  0.0000E+00  0.2000E+01
 -97.947  0.0000E+00  0.2000E+01
 -97.942  0.0000E+00  0.2000E+01
 -97.937  0.0000E+00  0.2000E+01
 -97.932  0.0000E+00  0.2000E+01
 -97.927  0.0000E+00  0.2000E+01
 -97.922  0.0000E+00  0.2000E+01
 -97.917  0.0000E+00  0.2000E+01
 -97.912  0.0000E+00  0.2000E+01
 -97.907  0.0000E+00  0.2000E+01
 -97.902  0.0000E+00  0.2000E+01
 -97.897  0.0000E+00  0.2000E+01
 -97.892  0.0000E+00  0.2000E+01
 -97.887  0.0000E+00  0.2000E+01
 -97.882  0.0000E+00  0.2000E+01
 -97.877  0.0000E+00  0.2000E+01
 -97.872  0.0000E+00  0.2000E+01
 -97.867  0.0000E+00  0.2000E+01
 -97.862  0.0000E+00  0.2000E+01
 -97.857  0.0000E+00  0.2000E+01
 -97.852  0.0000E+00  0.2000E+01
 -97.847  0.0000E+00  0.2000E+01
 -97.842  0.0000E+00  0.2000E+01
 -97.837  0.0000E+00  0.2000E+01
 -97.832  0.0000E+00  0.2000E+01
 -97.827  0.0000E+00  0.2000E+01
 -97.822  0.0000E+00  0.2000E+01
 -97.817  0.0000E+00  0.2000E+01
 -97.812  0.0000E+00  0.2000E+01
 -97.807  0.0000E+00  0.2000E+01
 -97.802  0.0000E+00  0.2000E+01
 -97.797  0.0000E+00  0.2000E+01
 -97.792  0.0000E+00  0.2000E+01
 -97.787  0.0000E+00  0.2000E+01
 -97.782  0.0000E+00  0.2000E+01
 -97.777  0.0000E+00  0.2000E+01
 -97.772  0.0000E+00  0.2000E+01
 -97.767  0.0000E+00  0.2000E+01
 -97.762  0.0000E+00  0.2000E+01
 -97.757  0.0000E+00  0.2000E+01
 -97.752  0.0000E+00  0.2000E+01
 -97.747  0.0000E+00  0.2000E+01
 -97.742  0.0000E+00  0.2000E+01
 -97.737  0.0000E+00  0.2000E+01
 -97.732  0.0000E+00  0.2000E+01
 -97.727  0.0000E+00  0.2000E+01
 -97.722  0.0000E+00  0.2000E+01
 -97.717  0.0000E+00  0.2000E+01
 -97.712  0.0000E+00  0.2000E+01
 -97.707  0.0000E+00  0.2000E+01
 -97.702  0.0000E+00  0.2000E+01
 -97.697  0.0000E+00  0.2000E+01
 -97.692  0.0000E+00  0.2000E+01
 -97.687  0.0000E+00  0.2000E+01
 -97.682  0.0000E+00  0.2000E+01
 -97.677  0.0000E+00  0.2000E+01
 -97.672  0.0000E+00  0.2000E+01
 -97.667  0.0000E+00  0.2000E+01
 -97.662  0.0000E+00  0.2000E+01
 -97.657  0.0000E+00  0.2000E+01
 -97.652  0.0000E+00  0.2000E+01
 -97.647  0.0000E+00  0.2000E+01
 -97.642  0.0000E+00  0.2000E+01
 -97.637  0.0000E+00  0.2000E+01
 -97.632  0.0000E+00  0.2000E+01
 -97.627  0.0000E+00  0.2000E+01
 -97.622  0.0000E+00  0.2000E+01
 -97.617  0.0000E+00  0.2000E+01
 -97.612  0.0000E+00  0.2000E+01
 -97.607  0.0000E+00  0.2000E+01
 -97.602  0.0000E+00  0.2000E+01
 -97.597  0.0000E+00  0.2000E+01
 -97.592  0.0000E+00  0.2000E+01
 -97.587  0.0000E+00  0.2000E+01
 -97.582  0.0000E+00  0.2000E+01
 -97.577  0.0000E+00  0.2000E+01
 -97.572  0.0000E+00  0.2000E+01
 -97.567  0.0000E+00  0.2000E+01
 -97.562  0.0000E+00  0.2000E+01
 -97.557  0.0000E+00  0.2000E+01
 -97.552  0.0000E+00  0.2000E+01
 -97.547  0.0000E+00  0.2000E+01
 -97.542  0.0000E+00  0.2000E+01
 -97.537  0.0000E+00  0.2000E+01
 -97.532  0.0000E+00  0.2000E+01
 -97.527  0.0000E+00  0.2000E+01
 -97.522  0.0000E+00  0.2000E+01
 -97.517  0.0000E+00  0.2000E+01
 -97.512  0.0000E+00  0.2000E+01
 -97.507  0.0000E+00  0.2000E+01
 -97.502  0.0000E+00  0.2000E+01
 -97.497  0.0000E+00  0.2000E+01
 -97.492  0.0000E+00  0.2000E+01
 -97.487  0.0000E+00  0.2000E+01
 -97.482  0.0000E+00  0.2000E+01
 -97.477  0.0000E+00  0.2000E+01
 -97.472  0.0000E+00  0.2000E+01
 -97.467  0.0000E+00  0.2000E+01
 -97.462  0.0000E+00  0.2000E+01
 -97.457  0.0000E+00  0.2000E+01
 -97.452  0.0000E+00  0.2000E+01
 -97.447  0.0000E+00  0.2000E+01
 -97.442  0.0000E+00  0.2000E+01
 -97.437  0.0000E+00  0.2000E+01
 -97.432  0.0000E+00  0.2000E+01
 -97.427  0.0000E+00  0.2000E+01
 -97.422  0.0000E+00  0.2000E+01
 -97.417  0.0000E+00  0.2000E+01
 -97.412  0.0000E+00  0.2000E+01
 -97.407  0.0000E+00  0.2000E+01
 -97.402  0.0000E+00  0.2000E+01
 -97.397  0.0000E+00  0.2000E+01
 -97.392  0.0000E+00  0.2000E+01
 -97.387  0.0000E+00  0.2000E+01
 -97.382  0.0000E+00  0.2000E+01
 -97.377  0.0000E+00  0.2000E+01
 -97.372  0.0000E+00  0.2000E+01
 -97.367  0.0000E+00  0.2000E+01
 -97.362  0.0000E+00  0.2000E+01
 -97.357  0.0000E+00  0.2000E+01
 -97.352  0.0000E+00  0.2000E+01
 -97.347  0.0000E+00  0.2000E+01
 -97.342  0.0000E+00  0.2000E+01
 -97.337  0.0000E+00  0.2000E+01
 -97.332  0.0000E+00  0.2000E+01
 -97.327  0.0000E+00  0.2000E+01
 -97.322  0.0000E+00  0.2000E+01
 -97.317  0.0000E+00  0.2000E+01
 -97.312  0.0000E+00  0.2000E+01
 -97.307  0.0000E+00  0.2000E+01
 -97.302  0.0000E+00  0.2000E+01
 -97.297  0.0000E+00  0.2000E+01
 -97.292  0.0000E+00  0.2000E+01
 -97.287  0.0000E+00  0.2000E+01
 -97.282  0.0000E+00  0.2000E+01
 -97.277  0.0000E+00  0.2000E+01
 -97.272  0.0000E+00  0.2000E+01
 -97.267  0.0000E+00  0.2000E+01
 -97.262  0.0000E+00  0.2000E+01
 -97.257  0.0000E+00  0.2000E+01
 -97.252  0.0000E+00  0.2000E+01
 -97.247  0.0000E+00  0.2000E+01
 -97.242  0.0000E+00  0.2000E+01
 -97.237  0.0000E+00  0.2000E+01
 -97.232  0.0000E+00  0.2000E+01
 -97.227  0.0000E+00  0.2000E+01
 -97.222  0.0000E+00  0.2000E+01
 -97.217  0.0000E+00  0.2000E+01
 -97.212  0.0000E+00  0.2000E+01
 -97.207  0.0000E+00  0.2000E+01
 -97.202  0.0000E+00  0.2000E+01
 -97.197  0.0000E+00  0.2000E+01
 -97.192  0.0000E+00  0.2000E+01
 -97.187  0.0000E+00  0.2000E+01
 -97.182  0.0000E+00  0.2000E+01
 -97.177  0.0000E+00  0.2000E+01
 -97.172  0.0000E+00  0.2000E+01
 -97.167  0.0000E+00  0.2000E+01
 -97.162  0.0000E+00  0.2000E+01
 -97.157  0.0000E+00  0.2000E+01
 -97.152  0.0000E+00  0.2000E+01
 -97.147  0.0000E+00  0.2000E+01
 -97.142  0.0000E+00  0.2000E+01
 -97.137  0.0000E+00  0.2000E+01
 -97.132  0.0000E+00  0.2000E+01
 -97.127  0.0000E+00  0.2000E+01
 -97.122  0.0000E+00  0.2000E+01
 -97.117  0.0000E+00  0.2000E+01
 -97.112  0.0000E+00  0.2000E+01
 -97.107  0.0000E+00  0.2000E+01
 -97.102  0.0000E+00  0.2000E+01
 -97.097  0.0000E+00  0.2000E+01
 -97.092  0.0000E+00  0.2000E+01
 -97.087  0.0000E+00  0.2000E+01
 -97.082  0.0000E+00  0.2000E+01
 -97.077  0.0000E+00  0.2000E+01
 -97.072  0.0000E+00  0.2000E+01
 -97.067  0.0000E+00  0.2000E+01
 -97.062  0.0000E+00  0.2000E+01
 -97.057  0.0000E+00  0.2000E+01
 -97.052  0.0000E+00  0.2000E+01
 -97.047  0.0000E+00  0.2000E+01
 -97.042  0.0000E+00  0.2000E+01
 -97.037  0.0000E+00  0.2000E+01
 -97.032  0.0000E+00  0.2000E+01
 -97.027  0.0000E+00  0.2000E+01
 -97.022  0.0000E+00  0.2000E+01
 -97.017  0.0000E+00  0.2000E+01
 -97.012  0.0000E+00  0.2000E+01
 -97.007  0.0000E+00  0.2000E+01
 -97.002  0.0000E+00  0.2000E+01
 -96.997  0.0000E+00  0.2000E+01
 -96.992  0.0000E+00  0.2000E+01
 -96.987  0.0000E+00  0.2000E+01
 -96.982  0.0000E+00  0.2000E+01
 -96.977  0.0000E+00  0.2000E+01
 -96.972  0.0000E+00  0.2000E+01
 -96.967  0.0000E+00  0.2000E+01
 -96.962  0.0000E+00  0.2000E+01
 -96.957  0.0000E+00  0.2000E+01
 -96.952  0.0000E+00  0.2000E+01
 -96.947  0.0000E+00  0.2000E+01
 -96.942  0.0000E+00  0.2000E+01
 -96.937  0.0000E+00  0.2000E+01
 -96.932  0.0000E+00  0.2000E+01
 -96.927  0.0000E+00  0.2000E+01
 -96.922  0.0000E+00  0.2000E+01
 -96.917  0.0000E+00  0.2000E+01
 -96.912  0.0000E+00  0.2000E+01
 -96.907  0.0000E+00  0.2000E+01
 -96.902  0.0000E+00  0.2000E+01
 -96.897  0.0000E+00  0.2000E+01
 -96.892  0.0000E+00  0.2000E+01
 -96.887  0.0000E+00  0.2000E+01
 -96.882  0.0000E+00  0.2000E+01
 -96.877  0.0000E+00  0.2000E+01
 -96.872  0.0000E+00  0.2000E+01
 -96.867  0.0000E+00  0.2000E+01
 -96.862  0.0000E+00  0.2000E+01
 -96.857  0.0000E+00  0.2000E+01
 -96.852  0.0000E+00  0.2000E+01
 -96.847  0.0000E+00  0.2000E+01
 -96.842  0.0000E+00  0.2000E+01
 -96.837  0.0000E+00  0.2000E+01
 -96.832  0.0000E+00  0.2000E+01
 -96.827  0.0000E+00  0.2000E+01
 -96.822  0.0000E+00  0.2000E+01
 -96.817  0.0000E+00  0.2000E+01
 -96.812  0.0000E+00  0.2000E+01
 -96.807  0.0000E+00  0.2000E+01
 -96.802  0.0000E+00  0.2000E+01
 -96.797  0.0000E+00  0.2000E+01
 -96.792  0.0000E+00  0.2000E+01
 -96.787  0.0000E+00  0.2000E+01
 -96.782  0.0000E+00  0.2000E+01
 -96.777  0.0000E+00  0.2000E+01
 -96.772  0.0000E+00  0.2000E+01
 -96.767  0.0000E+00  0.2000E+01
 -96.762  0.0000E+00  0.2000E+01
 -96.757  0.0000E+00  0.2000E+01
 -96.752  0.0000E+00  0.2000E+01
 -96.747  0.0000E+00  0.2000E+01
 -96.742  0.0000E+00  0.2000E+01
 -96.737  0.0000E+00  0.2000E+01
 -96.732  0.0000E+00  0.2000E+01
 -96.727  0.0000E+00  0.2000E+01
 -96.722  0.0000E+00  0.2000E+01
 -96.717  0.0000E+00  0.2000E+01
 -96.712  0.0000E+00  0.2000E+01
 -96.707  0.0000E+00  0.2000E+01
 -96.702  0.0000E+00  0.2000E+01
 -96.697  0.0000E+00  0.2000E+01
 -96.692  0.0000E+00  0.2000E+01
 -96.687  0.0000E+00  0.2000E+01
 -96.682  0.0000E+00  0.2000E+01
 -96.677  0.0000E+00  0.2000E+01
 -96.672  0.0000E+00  0.2000E+01
 -96.667  0.0000E+00  0.2000E+01
 -96.662  0.0000E+00  0.2000E+01
 -96.657  0.0000E+00  0.2000E+01
 -96.652  0.0000E+00  0.2000E+01
 -96.647  0.0000E+00  0.2000E+01
 -96.642  0.0000E+00  0.2000E+01
 -96.637  0.0000E+00  0.2000E+01
 -96.632  0.0000E+00  0.2000E+01
 -96.627  0.0000E+00  0.2000E+01
 -96.622  0.0000E+00  0.2000E+01
 -96.617  0.0000E+00  0.2000E+01
 -96.612  0.0000E+00  0.2000E+01
 -96.607  0.0000E+00  0.2000E+01
 -96.602  0.0000E+00  0.2000E+01
 -96.597  0.0000E+00  0.2000E+01
 -96.592  0.0000E+00  0.2000E+01
 -96.587  0.0000E+00  0.2000E+01
 -96.582  0.0000E+00  0.2000E+01
 -96.577  0.0000E+00  0.2000E+01
 -96.572  0.0000E+00  0.2000E+01
 -96.567  0.0000E+00  0.2000E+01
 -96.562  0.0000E+00  0.2000E+01
 -96.557  0.0000E+00  0.2000E+01
 -96.552  0.0000E+00  0.2000E+01
 -96.547  0.0000E+00  0.2000E+01
 -96.542  0.0000E+00  0.2000E+01
 -96.537  0.0000E+00  0.2000E+01
 -96.532  0.0000E+00  0.2000E+01
 -96.527  0.0000E+00  0.2000E+01
 -96.522  0.0000E+00  0.2000E+01
 -96.517  0.0000E+00  0.2000E+01
 -96.512  0.0000E+00  0.2000E+01
 -96.507  0.0000E+00  0.2000E+01
 -96.502  0.0000E+00  0.2000E+01
 -96.497  0.0000E+00  0.2000E+01
 -96.492  0.0000E+00  0.2000E+01
 -96.487  0.0000E+00  0.2000E+01
 -96.482  0.0000E+00  0.2000E+01
 -96.477  0.0000E+00  0.2000E+01
 -96.472  0.0000E+00  0.2000E+01
 -96.467  0.0000E+00  0.2000E+01
 -96.462  0.0000E+00  0.2000E+01
 -96.457  0.0000E+00  0.2000E+01
 -96.452  0.0000E+00  0.2000E+01
 -96.447  0.0000E+00  0.2000E+01
 -96.442  0.0000E+00  0.2000E+01
 -96.437  0.0000E+00  0.2000E+01
 -96.432  0.0000E+00  0.2000E+01
 -96.427  0.0000E+00  0.2000E+01
 -96.422  0.0000E+00  0.2000E+01
 -96.417  0.0000E+00  0.2000E+01
 -96.412  0.0000E+00  0.2000E+01
 -96.407  0.0000E+00  0.2000E+01
 -96.402  0.0000E+00  0.2000E+01
 -96.397  0.0000E+00  0.2000E+01
 -96.392  0.0000E+00  0.2000E+01
 -96.387  0.0000E+00  0.2000E+01
 -96.382  0.0000E+00  0.2000E+01
 -96.377  0.0000E+00  0.2000E+01
 -96.372  0.0000E+00  0.2000E+01
 -96.367  0.0000E+00  0.2000E+01
 -96.362  0.0000E+00  0.2000E+01
 -96.357  0.0000E+00  0.2000E+01
 -96.352  0.0000E+00  0.2000E+01
 -96.347  0.0000E+00  0.2000E+01
 -96.342  0.0000E+00  0.2000E+01
 -96.337  0.0000E+00  0.2000E+01
 -96.332  0.0000E+00  0.2000E+01
 -96.327  0.0000E+00  0.2000E+01
 -96.322  0.0000E+00  0.2000E+01
 -96.317  0.0000E+00  0.2000E+01
 -96.312  0.0000E+00  0.2000E+01
 -96.307  0.0000E+00  0.2000E+01
 -96.302  0.0000E+00  0.2000E+01
 -96.297  0.0000E+00  0.2000E+01
 -96.292  0.0000E+00  0.2000E+01
 -96.287  0.0000E+00  0.2000E+01
 -96.282  0.0000E+00  0.2000E+01
 -96.277  0.0000E+00  0.2000E+01
 -96.272  0.0000E+00  0.2000E+01
 -96.267  0.0000E+00  0.2000E+01
 -96.262  0.0000E+00  0.2000E+01
 -96.257  0.0000E+00  0.2000E+01
 -96.252  0.0000E+00  0.2000E+01
 -96.247  0.0000E+00  0.2000E+01
 -96.242  0.0000E+00  0.2000E+01
 -96.237  0.0000E+00  0.2000E+01
 -96.232  0.0000E+00  0.2000E+01
 -96.227  0.0000E+00  0.2000E+01
 -96.222  0.0000E+00  0.2000E+01
 -96.217  0.0000E+00  0.2000E+01
 -96.212  0.0000E+00  0.2000E+01
 -96.207  0.0000E+00  0.2000E+01
 -96.202  0.0000E+00  0.2000E+01
 -96.197  0.0000E+00  0.2000E+01
 -96.192  0.0000E+00  0.2000E+01
 -96.187  0.0000E+00  0.2000E+01
 -96.182  0.0000E+00  0.2000E+01
 -96.177  0.0000E+00  0.2000E+01
 -96.172  0.0000E+00  0.2000E+01
 -96.167  0.0000E+00  0.2000E+01
 -96.162  0.0000E+00  0.2000E+01
 -96.157  0.0000E+00  0.2000E+01
 -96.152  0.0000E+00  0.2000E+01
 -96.147  0.0000E+00  0.2000E+01
 -96.142  0.0000E+00  0.2000E+01
 -96.137  0.0000E+00  0.2000E+01
 -96.132  0.0000E+00  0.2000E+01
 -96.127  0.0000E+00  0.2000E+01
 -96.122  0.0000E+00  0.2000E+01
 -96.117  0.0000E+00  0.2000E+01
 -96.112  0.0000E+00  0.2000E+01
 -96.107  0.0000E+00  0.2000E+01
 -96.102  0.0000E+00  0.2000E+01
 -96.097  0.0000E+00  0.2000E+01
 -96.092  0.0000E+00  0.2000E+01
 -96.087  0.0000E+00  0.2000E+01
 -96.082  0.0000E+00  0.2000E+01
 -96.077  0.0000E+00  0.2000E+01
 -96.072  0.0000E+00  0.2000E+01
 -96.067  0.0000E+00  0.2000E+01
 -96.062  0.0000E+00  0.2000E+01
 -96.057  0.0000E+00  0.2000E+01
 -96.052  0.0000E+00  0.2000E+01
 -96.047  0.0000E+00  0.2000E+01
 -96.042  0.0000E+00  0.2000E+01
 -96.037  0.0000E+00  0.2000E+01
 -96.032  0.0000E+00  0.2000E+01
 -96.027  0.0000E+00  0.2000E+01
 -96.022  0.0000E+00  0.2000E+01
 -96.017  0.0000E+00  0.2000E+01
 -96.012  0.0000E+00  0.2000E+01
 -96.007  0.0000E+00  0.2000E+01
 -96.002  0.0000E+00  0.2000E+01
 -95.997  0.0000E+00  0.2000E+01
 -95.992  0.0000E+00  0.2000E+01
 -95.987  0.0000E+00  0.2000E+01
 -95.982  0.0000E+00  0.2000E+01
 -95.977  0.0000E+00  0.2000E+01
 -95.972  0.0000E+00  0.2000E+01
 -95.967  0.0000E+00  0.2000E+01
 -95.962  0.0000E+00  0.2000E+01
 -95.957  0.0000E+00  0.2000E+01
 -95.952  0.0000E+00  0.2000E+01
 -95.947  0.0000E+00  0.2000E+01
 -95.942  0.0000E+00  0.2000E+01
 -95.937  0.0000E+00  0.2000E+01
 -95.932  0.0000E+00  0.2000E+01
 -95.927  0.0000E+00  0.2000E+01
 -95.922  0.0000E+00  0.2000E+01
 -95.917  0.0000E+00  0.2000E+01
 -95.912  0.0000E+00  0.2000E+01
 -95.907  0.0000E+00  0.2000E+01
 -95.902  0.0000E+00  0.2000E+01
 -95.897  0.0000E+00  0.2000E+01
 -95.892  0.0000E+00  0.2000E+01
 -95.887  0.0000E+00  0.2000E+01
 -95.882  0.0000E+00  0.2000E+01
 -95.877  0.0000E+00  0.2000E+01
 -95.872  0.0000E+00  0.2000E+01
 -95.867  0.0000E+00  0.2000E+01
 -95.862  0.0000E+00  0.2000E+01
 -95.857  0.0000E+00  0.2000E+01
 -95.852  0.0000E+00  0.2000E+01
 -95.847  0.0000E+00  0.2000E+01
 -95.842  0.0000E+00  0.2000E+01
 -95.837  0.0000E+00  0.2000E+01
 -95.832  0.0000E+00  0.2000E+01
 -95.827  0.0000E+00  0.2000E+01
 -95.822  0.0000E+00  0.2000E+01
 -95.817  0.0000E+00  0.2000E+01
 -95.812  0.0000E+00  0.2000E+01
 -95.807  0.0000E+00  0.2000E+01
 -95.802  0.0000E+00  0.2000E+01
 -95.797  0.0000E+00  0.2000E+01
 -95.792  0.0000E+00  0.2000E+01
 -95.787  0.0000E+00  0.2000E+01
 -95.782  0.0000E+00  0.2000E+01
 -95.777  0.0000E+00  0.2000E+01
 -95.772  0.0000E+00  0.2000E+01
 -95.767  0.0000E+00  0.2000E+01
 -95.762  0.0000E+00  0.2000E+01
 -95.757  0.0000E+00  0.2000E+01
 -95.752  0.0000E+00  0.2000E+01
 -95.747  0.0000E+00  0.2000E+01
 -95.742  0.0000E+00  0.2000E+01
 -95.737  0.0000E+00  0.2000E+01
 -95.732  0.0000E+00  0.2000E+01
 -95.727  0.0000E+00  0.2000E+01
 -95.722  0.0000E+00  0.2000E+01
 -95.717  0.0000E+00  0.2000E+01
 -95.712  0.0000E+00  0.2000E+01
 -95.707  0.0000E+00  0.2000E+01
 -95.702  0.0000E+00  0.2000E+01
 -95.697  0.0000E+00  0.2000E+01
 -95.692  0.0000E+00  0.2000E+01
 -95.687  0.0000E+00  0.2000E+01
 -95.682  0.0000E+00  0.2000E+01
 -95.677  0.0000E+00  0.2000E+01
 -95.672  0.0000E+00  0.2000E+01
 -95.667  0.0000E+00  0.2000E+01
 -95.662  0.0000E+00  0.2000E+01
 -95.657  0.0000E+00  0.2000E+01
 -95.652  0.0000E+00  0.2000E+01
 -95.647  0.0000E+00  0.2000E+01
 -95.642  0.0000E+00  0.2000E+01
 -95.637  0.0000E+00  0.2000E+01
 -95.632  0.0000E+00  0.2000E+01
 -95.627  0.0000E+00  0.2000E+01
 -95.622  0.0000E+00  0.2000E+01
 -95.617  0.0000E+00  0.2000E+01
 -95.612  0.0000E+00  0.2000E+01
 -95.607  0.0000E+00  0.2000E+01
 -95.602  0.0000E+00  0.2000E+01
 -95.597  0.0000E+00  0.2000E+01
 -95.592  0.0000E+00  0.2000E+01
 -95.587  0.0000E+00  0.2000E+01
 -95.582  0.0000E+00  0.2000E+01
 -95.577  0.0000E+00  0.2000E+01
 -95.572  0.0000E+00  0.2000E+01
 -95.567  0.0000E+00  0.2000E+01
 -95.562  0.0000E+00  0.2000E+01
 -95.557  0.0000E+00  0.2000E+01
 -95.552  0.0000E+00  0.2000E+01
 -95.547  0.0000E+00  0.2000E+01
 -95.542  0.0000E+00  0.2000E+01
 -95.537  0.0000E+00  0.2000E+01
 -95.532  0.0000E+00  0.2000E+01
 -95.527  0.0000E+00  0.2000E+01
 -95.522  0.0000E+00  0.2000E+01
 -95.517  0.0000E+00  0.2000E+01
 -95.512  0.0000E+00  0.2000E+01
 -95.507  0.0000E+00  0.2000E+01
 -95.502  0.0000E+00  0.2000E+01
 -95.497  0.0000E+00  0.2000E+01
 -95.492  0.0000E+00  0.2000E+01
 -95.487  0.0000E+00  0.2000E+01
 -95.482  0.0000E+00  0.2000E+01
 -95.477  0.0000E+00  0.2000E+01
 -95.472  0.0000E+00  0.2000E+01
 -95.467  0.0000E+00  0.2000E+01
 -95.462  0.0000E+00  0.2000E+01
 -95.457  0.0000E+00  0.2000E+01
 -95.452  0.0000E+00  0.2000E+01
 -95.447  0.0000E+00  0.2000E+01
 -95.442  0.0000E+00  0.2000E+01
 -95.437  0.0000E+00  0.2000E+01
 -95.432  0.0000E+00  0.2000E+01
 -95.427  0.0000E+00  0.2000E+01
 -95.422  0.0000E+00  0.2000E+01
 -95.417  0.0000E+00  0.2000E+01
 -95.412  0.0000E+00  0.2000E+01
 -95.407  0.0000E+00  0.2000E+01
 -95.402  0.0000E+00  0.2000E+01
 -95.397  0.0000E+00  0.2000E+01
 -95.392  0.0000E+00  0.2000E+01
 -95.387  0.0000E+00  0.2000E+01
 -95.382  0.0000E+00  0.2000E+01
 -95.377  0.0000E+00  0.2000E+01
 -95.372  0.0000E+00  0.2000E+01
 -95.367  0.0000E+00  0.2000E+01
 -95.362  0.0000E+00  0.2000E+01
 -95.357  0.0000E+00  0.2000E+01
 -95.352  0.0000E+00  0.2000E+01
 -95.347  0.0000E+00  0.2000E+01
 -95.342  0.0000E+00  0.2000E+01
 -95.337  0.0000E+00  0.2000E+01
 -95.332  0.0000E+00  0.2000E+01
 -95.327  0.0000E+00  0.2000E+01
 -95.322  0.0000E+00  0.2000E+01
 -95.317  0.0000E+00  0.2000E+01
 -95.312  0.0000E+00  0.2000E+01
 -95.307  0.0000E+00  0.2000E+01
 -95.302  0.0000E+00  0.2000E+01
 -95.297  0.0000E+00  0.2000E+01
 -95.292  0.0000E+00  0.2000E+01
 -95.287  0.0000E+00  0.2000E+01
 -95.282  0.0000E+00  0.2000E+01
 -95.277  0.0000E+00  0.2000E+01
 -95.272  0.0000E+00  0.2000E+01
 -95.267  0.0000E+00  0.2000E+01
 -95.262  0.0000E+00  0.2000E+01
 -95.257  0.0000E+00  0.2000E+01
 -95.252  0.0000E+00  0.2000E+01
 -95.247  0.0000E+00  0.2000E+01
 -95.242  0.0000E+00  0.2000E+01
 -95.237  0.0000E+00  0.2000E+01
 -95.232  0.0000E+00  0.2000E+01
 -95.227  0.0000E+00  0.2000E+01
 -95.222  0.0000E+00  0.2000E+01
 -95.217  0.0000E+00  0.2000E+01
 -95.212  0.0000E+00  0.2000E+01
 -95.207  0.0000E+00  0.2000E+01
 -95.202  0.0000E+00  0.2000E+01
 -95.197  0.0000E+00  0.2000E+01
 -95.192  0.0000E+00  0.2000E+01
 -95.187  0.0000E+00  0.2000E+01
 -95.182  0.0000E+00  0.2000E+01
 -95.177  0.0000E+00  0.2000E+01
 -95.172  0.0000E+00  0.2000E+01
 -95.167  0.0000E+00  0.2000E+01
 -95.162  0.0000E+00  0.2000E+01
 -95.157  0.0000E+00  0.2000E+01
 -95.152  0.0000E+00  0.2000E+01
 -95.147  0.0000E+00  0.2000E+01
 -95.142  0.0000E+00  0.2000E+01
 -95.137  0.0000E+00  0.2000E+01
 -95.132  0.0000E+00  0.2000E+01
 -95.127  0.0000E+00  0.2000E+01
 -95.122  0.0000E+00  0.2000E+01
 -95.117  0.0000E+00  0.2000E+01
 -95.112  0.0000E+00  0.2000E+01
 -95.107  0.0000E+00  0.2000E+01
 -95.102  0.0000E+00  0.2000E+01
 -95.097  0.0000E+00  0.2000E+01
 -95.092  0.0000E+00  0.2000E+01
 -95.087  0.0000E+00  0.2000E+01
 -95.082  0.0000E+00  0.2000E+01
 -95.077  0.0000E+00  0.2000E+01
 -95.072  0.0000E+00  0.2000E+01
 -95.067  0.0000E+00  0.2000E+01
 -95.062  0.0000E+00  0.2000E+01
 -95.057  0.0000E+00  0.2000E+01
 -95.052  0.0000E+00  0.2000E+01
 -95.047  0.0000E+00  0.2000E+01
 -95.042  0.0000E+00  0.2000E+01
 -95.037  0.0000E+00  0.2000E+01
 -95.032  0.0000E+00  0.2000E+01
 -95.027  0.0000E+00  0.2000E+01
 -95.022  0.0000E+00  0.2000E+01
 -95.017  0.0000E+00  0.2000E+01
 -95.012  0.0000E+00  0.2000E+01
 -95.007  0.0000E+00  0.2000E+01
 -95.002  0.0000E+00  0.2000E+01
 -94.997  0.0000E+00  0.2000E+01
 -94.992  0.0000E+00  0.2000E+01
 -94.987  0.0000E+00  0.2000E+01
 -94.982  0.0000E+00  0.2000E+01
 -94.977  0.0000E+00  0.2000E+01
 -94.972  0.0000E+00  0.2000E+01
 -94.967  0.0000E+00  0.2000E+01
 -94.962  0.0000E+00  0.2000E+01
 -94.957  0.0000E+00  0.2000E+01
 -94.952  0.0000E+00  0.2000E+01
 -94.947  0.0000E+00  0.2000E+01
 -94.942  0.0000E+00  0.2000E+01
 -94.937  0.0000E+00  0.2000E+01
 -94.932  0.0000E+00  0.2000E+01
 -94.927  0.0000E+00  0.2000E+01
 -94.922  0.0000E+00  0.2000E+01
 -94.917  0.0000E+00  0.2000E+01
 -94.912  0.0000E+00  0.2000E+01
 -94.907  0.0000E+00  0.2000E+01
 -94.902  0.0000E+00  0.2000E+01
 -94.897  0.0000E+00  0.2000E+01
 -94.892  0.0000E+00  0.2000E+01
 -94.887  0.0000E+00  0.2000E+01
 -94.882  0.0000E+00  0.2000E+01
 -94.877  0.0000E+00  0.2000E+01
 -94.872  0.0000E+00  0.2000E+01
 -94.867  0.0000E+00  0.2000E+01
 -94.862  0.0000E+00  0.2000E+01
 -94.857  0.0000E+00  0.2000E+01
 -94.852  0.0000E+00  0.2000E+01
 -94.847  0.0000E+00  0.2000E+01
 -94.842  0.0000E+00  0.2000E+01
 -94.837  0.0000E+00  0.2000E+01
 -94.832  0.0000E+00  0.2000E+01
 -94.827  0.0000E+00  0.2000E+01
 -94.822  0.0000E+00  0.2000E+01
 -94.817  0.0000E+00  0.2000E+01
 -94.812  0.0000E+00  0.2000E+01
 -94.807  0.0000E+00  0.2000E+01
 -94.802  0.0000E+00  0.2000E+01
 -94.797  0.0000E+00  0.2000E+01
 -94.792  0.0000E+00  0.2000E+01
 -94.787  0.0000E+00  0.2000E+01
 -94.782  0.0000E+00  0.2000E+01
 -94.777  0.0000E+00  0.2000E+01
 -94.772  0.0000E+00  0.2000E+01
 -94.767  0.0000E+00  0.2000E+01
 -94.762  0.0000E+00  0.2000E+01
 -94.757  0.0000E+00  0.2000E+01
 -94.752  0.0000E+00  0.2000E+01
 -94.747  0.0000E+00  0.2000E+01
 -94.742  0.0000E+00  0.2000E+01
 -94.737  0.0000E+00  0.2000E+01
 -94.732  0.0000E+00  0.2000E+01
 -94.727  0.0000E+00  0.2000E+01
 -94.722  0.0000E+00  0.2000E+01
 -94.717  0.0000E+00  0.2000E+01
 -94.712  0.0000E+00  0.2000E+01
 -94.707  0.0000E+00  0.2000E+01
 -94.702  0.0000E+00  0.2000E+01
 -94.697  0.0000E+00  0.2000E+01
 -94.692  0.0000E+00  0.2000E+01
 -94.687  0.0000E+00  0.2000E+01
 -94.682  0.0000E+00  0.2000E+01
 -94.677  0.0000E+00  0.2000E+01
 -94.672  0.0000E+00  0.2000E+01
 -94.667  0.0000E+00  0.2000E+01
 -94.662  0.0000E+00  0.2000E+01
 -94.657  0.0000E+00  0.2000E+01
 -94.652  0.0000E+00  0.2000E+01
 -94.647  0.0000E+00  0.2000E+01
 -94.642  0.0000E+00  0.2000E+01
 -94.637  0.0000E+00  0.2000E+01
 -94.632  0.0000E+00  0.2000E+01
 -94.627  0.0000E+00  0.2000E+01
 -94.622  0.0000E+00  0.2000E+01
 -94.617  0.0000E+00  0.2000E+01
 -94.612  0.0000E+00  0.2000E+01
 -94.607  0.0000E+00  0.2000E+01
 -94.602  0.0000E+00  0.2000E+01
 -94.597  0.0000E+00  0.2000E+01
 -94.592  0.0000E+00  0.2000E+01
 -94.587  0.0000E+00  0.2000E+01
 -94.582  0.0000E+00  0.2000E+01
 -94.577  0.0000E+00  0.2000E+01
 -94.572  0.0000E+00  0.2000E+01
 -94.567  0.0000E+00  0.2000E+01
 -94.562  0.0000E+00  0.2000E+01
 -94.557  0.0000E+00  0.2000E+01
 -94.552  0.0000E+00  0.2000E+01
 -94.547  0.0000E+00  0.2000E+01
 -94.542  0.0000E+00  0.2000E+01
 -94.537  0.0000E+00  0.2000E+01
 -94.532  0.0000E+00  0.2000E+01
 -94.527  0.0000E+00  0.2000E+01
 -94.522  0.0000E+00  0.2000E+01
 -94.517  0.0000E+00  0.2000E+01
 -94.512  0.0000E+00  0.2000E+01
 -94.507  0.0000E+00  0.2000E+01
 -94.502  0.0000E+00  0.2000E+01
 -94.497  0.0000E+00  0.2000E+01
 -94.492  0.0000E+00  0.2000E+01
 -94.487  0.0000E+00  0.2000E+01
 -94.482  0.0000E+00  0.2000E+01
 -94.477  0.0000E+00  0.2000E+01
 -94.472  0.0000E+00  0.2000E+01
 -94.467  0.0000E+00  0.2000E+01
 -94.462  0.0000E+00  0.2000E+01
 -94.457  0.0000E+00  0.2000E+01
 -94.452  0.0000E+00  0.2000E+01
 -94.447  0.0000E+00  0.2000E+01
 -94.442  0.0000E+00  0.2000E+01
 -94.437  0.0000E+00  0.2000E+01
 -94.432  0.0000E+00  0.2000E+01
 -94.427  0.0000E+00  0.2000E+01
 -94.422  0.0000E+00  0.2000E+01
 -94.417  0.0000E+00  0.2000E+01
 -94.412  0.0000E+00  0.2000E+01
 -94.407  0.0000E+00  0.2000E+01
 -94.402  0.0000E+00  0.2000E+01
 -94.397  0.0000E+00  0.2000E+01
 -94.392  0.0000E+00  0.2000E+01
 -94.387  0.0000E+00  0.2000E+01
 -94.382  0.0000E+00  0.2000E+01
 -94.377  0.0000E+00  0.2000E+01
 -94.372  0.0000E+00  0.2000E+01
 -94.367  0.0000E+00  0.2000E+01
 -94.362  0.0000E+00  0.2000E+01
 -94.357  0.0000E+00  0.2000E+01
 -94.352  0.0000E+00  0.2000E+01
 -94.347  0.0000E+00  0.2000E+01
 -94.342  0.0000E+00  0.2000E+01
 -94.337  0.0000E+00  0.2000E+01
 -94.332  0.0000E+00  0.2000E+01
 -94.327  0.0000E+00  0.2000E+01
 -94.322  0.0000E+00  0.2000E+01
 -94.317  0.0000E+00  0.2000E+01
 -94.312  0.0000E+00  0.2000E+01
 -94.307  0.0000E+00  0.2000E+01
 -94.302  0.0000E+00  0.2000E+01
 -94.297  0.0000E+00  0.2000E+01
 -94.292  0.0000E+00  0.2000E+01
 -94.287  0.0000E+00  0.2000E+01
 -94.282  0.0000E+00  0.2000E+01
 -94.277  0.0000E+00  0.2000E+01
 -94.272  0.0000E+00  0.2000E+01
 -94.267  0.0000E+00  0.2000E+01
 -94.262  0.0000E+00  0.2000E+01
 -94.257  0.0000E+00  0.2000E+01
 -94.252  0.0000E+00  0.2000E+01
 -94.247  0.0000E+00  0.2000E+01
 -94.242  0.0000E+00  0.2000E+01
 -94.237  0.0000E+00  0.2000E+01
 -94.232  0.0000E+00  0.2000E+01
 -94.227  0.0000E+00  0.2000E+01
 -94.222  0.0000E+00  0.2000E+01
 -94.217  0.0000E+00  0.2000E+01
 -94.212  0.0000E+00  0.2000E+01
 -94.207  0.0000E+00  0.2000E+01
 -94.202  0.0000E+00  0.2000E+01
 -94.197  0.0000E+00  0.2000E+01
 -94.192  0.0000E+00  0.2000E+01
 -94.187  0.0000E+00  0.2000E+01
 -94.182  0.0000E+00  0.2000E+01
 -94.177  0.0000E+00  0.2000E+01
 -94.172  0.0000E+00  0.2000E+01
 -94.167  0.0000E+00  0.2000E+01
 -94.162  0.0000E+00  0.2000E+01
 -94.157  0.0000E+00  0.2000E+01
 -94.152  0.0000E+00  0.2000E+01
 -94.147  0.0000E+00  0.2000E+01
 -94.142  0.0000E+00  0.2000E+01
 -94.137  0.0000E+00  0.2000E+01
 -94.132  0.0000E+00  0.2000E+01
 -94.127  0.0000E+00  0.2000E+01
 -94.122  0.0000E+00  0.2000E+01
 -94.117  0.0000E+00  0.2000E+01
 -94.112  0.0000E+00  0.2000E+01
 -94.107  0.0000E+00  0.2000E+01
 -94.102  0.0000E+00  0.2000E+01
 -94.097  0.0000E+00  0.2000E+01
 -94.092  0.0000E+00  0.2000E+01
 -94.087  0.0000E+00  0.2000E+01
 -94.082  0.0000E+00  0.2000E+01
 -94.077  0.0000E+00  0.2000E+01
 -94.072  0.0000E+00  0.2000E+01
 -94.067  0.0000E+00  0.2000E+01
 -94.062  0.0000E+00  0.2000E+01
 -94.057  0.0000E+00  0.2000E+01
 -94.052  0.0000E+00  0.2000E+01
 -94.047  0.0000E+00  0.2000E+01
 -94.042  0.0000E+00  0.2000E+01
 -94.037  0.0000E+00  0.2000E+01
 -94.032  0.0000E+00  0.2000E+01
 -94.027  0.0000E+00  0.2000E+01
 -94.022  0.0000E+00  0.2000E+01
 -94.017  0.0000E+00  0.2000E+01
 -94.012  0.0000E+00  0.2000E+01
 -94.007  0.0000E+00  0.2000E+01
 -94.002  0.0000E+00  0.2000E+01
 -93.997  0.0000E+00  0.2000E+01
 -93.992  0.0000E+00  0.2000E+01
 -93.987  0.0000E+00  0.2000E+01
 -93.982  0.0000E+00  0.2000E+01
 -93.977  0.0000E+00  0.2000E+01
 -93.972  0.0000E+00  0.2000E+01
 -93.967  0.0000E+00  0.2000E+01
 -93.962  0.0000E+00  0.2000E+01
 -93.957  0.0000E+00  0.2000E+01
 -93.952  0.0000E+00  0.2000E+01
 -93.947  0.0000E+00  0.2000E+01
 -93.942  0.0000E+00  0.2000E+01
 -93.937  0.0000E+00  0.2000E+01
 -93.932  0.0000E+00  0.2000E+01
 -93.927  0.0000E+00  0.2000E+01
 -93.922  0.0000E+00  0.2000E+01
 -93.917  0.0000E+00  0.2000E+01
 -93.912  0.0000E+00  0.2000E+01
 -93.907  0.0000E+00  0.2000E+01
 -93.902  0.0000E+00  0.2000E+01
 -93.897  0.0000E+00  0.2000E+01
 -93.892  0.0000E+00  0.2000E+01
 -93.887  0.0000E+00  0.2000E+01
 -93.882  0.0000E+00  0.2000E+01
 -93.877  0.0000E+00  0.2000E+01
 -93.872  0.0000E+00  0.2000E+01
 -93.867  0.0000E+00  0.2000E+01
 -93.862  0.0000E+00  0.2000E+01
 -93.857  0.0000E+00  0.2000E+01
 -93.852  0.0000E+00  0.2000E+01
 -93.847  0.0000E+00  0.2000E+01
 -93.842  0.0000E+00  0.2000E+01
 -93.837  0.0000E+00  0.2000E+01
 -93.832  0.0000E+00  0.2000E+01
 -93.827  0.0000E+00  0.2000E+01
 -93.822  0.0000E+00  0.2000E+01
 -93.817  0.0000E+00  0.2000E+01
 -93.812  0.0000E+00  0.2000E+01
 -93.807  0.0000E+00  0.2000E+01
 -93.802  0.0000E+00  0.2000E+01
 -93.797  0.0000E+00  0.2000E+01
 -93.792  0.0000E+00  0.2000E+01
 -93.787  0.0000E+00  0.2000E+01
 -93.782  0.0000E+00  0.2000E+01
 -93.777  0.0000E+00  0.2000E+01
 -93.772  0.0000E+00  0.2000E+01
 -93.767  0.0000E+00  0.2000E+01
 -93.762  0.0000E+00  0.2000E+01
 -93.757  0.0000E+00  0.2000E+01
 -93.752  0.0000E+00  0.2000E+01
 -93.747  0.0000E+00  0.2000E+01
 -93.742  0.0000E+00  0.2000E+01
 -93.737  0.0000E+00  0.2000E+01
 -93.732  0.0000E+00  0.2000E+01
 -93.727  0.0000E+00  0.2000E+01
 -93.722  0.0000E+00  0.2000E+01
 -93.717  0.0000E+00  0.2000E+01
 -93.712  0.0000E+00  0.2000E+01
 -93.707  0.0000E+00  0.2000E+01
 -93.702  0.0000E+00  0.2000E+01
 -93.697  0.0000E+00  0.2000E+01
 -93.692  0.0000E+00  0.2000E+01
 -93.687  0.0000E+00  0.2000E+01
 -93.682  0.0000E+00  0.2000E+01
 -93.677  0.0000E+00  0.2000E+01
 -93.672  0.0000E+00  0.2000E+01
 -93.667  0.0000E+00  0.2000E+01
 -93.662  0.0000E+00  0.2000E+01
 -93.657  0.0000E+00  0.2000E+01
 -93.652  0.0000E+00  0.2000E+01
 -93.647  0.0000E+00  0.2000E+01
 -93.642  0.0000E+00  0.2000E+01
 -93.637  0.0000E+00  0.2000E+01
 -93.632  0.0000E+00  0.2000E+01
 -93.627  0.0000E+00  0.2000E+01
 -93.622  0.0000E+00  0.2000E+01
 -93.617  0.0000E+00  0.2000E+01
 -93.612  0.0000E+00  0.2000E+01
 -93.607  0.0000E+00  0.2000E+01
 -93.602  0.0000E+00  0.2000E+01
 -93.597  0.0000E+00  0.2000E+01
 -93.592  0.0000E+00  0.2000E+01
 -93.587  0.0000E+00  0.2000E+01
 -93.582  0.0000E+00  0.2000E+01
 -93.577  0.0000E+00  0.2000E+01
 -93.572  0.0000E+00  0.2000E+01
 -93.567  0.0000E+00  0.2000E+01
 -93.562  0.0000E+00  0.2000E+01
 -93.557  0.0000E+00  0.2000E+01
 -93.552  0.0000E+00  0.2000E+01
 -93.547  0.0000E+00  0.2000E+01
 -93.542  0.0000E+00  0.2000E+01
 -93.537  0.0000E+00  0.2000E+01
 -93.532  0.0000E+00  0.2000E+01
 -93.527  0.0000E+00  0.2000E+01
 -93.522  0.0000E+00  0.2000E+01
 -93.517  0.0000E+00  0.2000E+01
 -93.512  0.0000E+00  0.2000E+01
 -93.507  0.0000E+00  0.2000E+01
 -93.502  0.0000E+00  0.2000E+01
 -93.497  0.0000E+00  0.2000E+01
 -93.492  0.0000E+00  0.2000E+01
 -93.487  0.0000E+00  0.2000E+01
 -93.482  0.0000E+00  0.2000E+01
 -93.477  0.0000E+00  0.2000E+01
 -93.472  0.0000E+00  0.2000E+01
 -93.467  0.0000E+00  0.2000E+01
 -93.462  0.0000E+00  0.2000E+01
 -93.457  0.0000E+00  0.2000E+01
 -93.452  0.0000E+00  0.2000E+01
 -93.447  0.0000E+00  0.2000E+01
 -93.442  0.0000E+00  0.2000E+01
 -93.437  0.0000E+00  0.2000E+01
 -93.432  0.0000E+00  0.2000E+01
 -93.427  0.0000E+00  0.2000E+01
 -93.422  0.0000E+00  0.2000E+01
 -93.417  0.0000E+00  0.2000E+01
 -93.412  0.0000E+00  0.2000E+01
 -93.407  0.0000E+00  0.2000E+01
 -93.402  0.0000E+00  0.2000E+01
 -93.397  0.0000E+00  0.2000E+01
 -93.392  0.0000E+00  0.2000E+01
 -93.387  0.0000E+00  0.2000E+01
 -93.382  0.0000E+00  0.2000E+01
 -93.377  0.0000E+00  0.2000E+01
 -93.372  0.0000E+00  0.2000E+01
 -93.367  0.0000E+00  0.2000E+01
 -93.362  0.0000E+00  0.2000E+01
 -93.357  0.0000E+00  0.2000E+01
 -93.352  0.0000E+00  0.2000E+01
 -93.347  0.0000E+00  0.2000E+01
 -93.342  0.0000E+00  0.2000E+01
 -93.337  0.0000E+00  0.2000E+01
 -93.332  0.0000E+00  0.2000E+01
 -93.327  0.0000E+00  0.2000E+01
 -93.322  0.0000E+00  0.2000E+01
 -93.317  0.0000E+00  0.2000E+01
 -93.312  0.0000E+00  0.2000E+01
 -93.307  0.0000E+00  0.2000E+01
 -93.302  0.0000E+00  0.2000E+01
 -93.297  0.0000E+00  0.2000E+01
 -93.292  0.0000E+00  0.2000E+01
 -93.287  0.0000E+00  0.2000E+01
 -93.282  0.0000E+00  0.2000E+01
 -93.277  0.0000E+00  0.2000E+01
 -93.272  0.0000E+00  0.2000E+01
 -93.267  0.0000E+00  0.2000E+01
 -93.262  0.0000E+00  0.2000E+01
 -93.257  0.0000E+00  0.2000E+01
 -93.252  0.0000E+00  0.2000E+01
 -93.247  0.0000E+00  0.2000E+01
 -93.242  0.0000E+00  0.2000E+01
 -93.237  0.0000E+00  0.2000E+01
 -93.232  0.0000E+00  0.2000E+01
 -93.227  0.0000E+00  0.2000E+01
 -93.222  0.0000E+00  0.2000E+01
 -93.217  0.0000E+00  0.2000E+01
 -93.212  0.0000E+00  0.2000E+01
 -93.207  0.0000E+00  0.2000E+01
 -93.202  0.0000E+00  0.2000E+01
 -93.197  0.0000E+00  0.2000E+01
 -93.192  0.0000E+00  0.2000E+01
 -93.187  0.0000E+00  0.2000E+01
 -93.182  0.0000E+00  0.2000E+01
 -93.177  0.0000E+00  0.2000E+01
 -93.172  0.0000E+00  0.2000E+01
 -93.167  0.0000E+00  0.2000E+01
 -93.162  0.0000E+00  0.2000E+01
 -93.157  0.0000E+00  0.2000E+01
 -93.152  0.0000E+00  0.2000E+01
 -93.147  0.0000E+00  0.2000E+01
 -93.142  0.0000E+00  0.2000E+01
 -93.137  0.0000E+00  0.2000E+01
 -93.132  0.0000E+00  0.2000E+01
 -93.127  0.0000E+00  0.2000E+01
 -93.122  0.0000E+00  0.2000E+01
 -93.117  0.0000E+00  0.2000E+01
 -93.112  0.0000E+00  0.2000E+01
 -93.107  0.0000E+00  0.2000E+01
 -93.102  0.0000E+00  0.2000E+01
 -93.097  0.0000E+00  0.2000E+01
 -93.092  0.0000E+00  0.2000E+01
 -93.087  0.0000E+00  0.2000E+01
 -93.082  0.0000E+00  0.2000E+01
 -93.077  0.0000E+00  0.2000E+01
 -93.072  0.0000E+00  0.2000E+01
 -93.067  0.0000E+00  0.2000E+01
 -93.062  0.0000E+00  0.2000E+01
 -93.057  0.0000E+00  0.2000E+01
 -93.052  0.0000E+00  0.2000E+01
 -93.047  0.0000E+00  0.2000E+01
 -93.042  0.0000E+00  0.2000E+01
 -93.037  0.0000E+00  0.2000E+01
 -93.032  0.0000E+00  0.2000E+01
 -93.027  0.0000E+00  0.2000E+01
 -93.022  0.0000E+00  0.2000E+01
 -93.017  0.0000E+00  0.2000E+01
 -93.012  0.0000E+00  0.2000E+01
 -93.007  0.0000E+00  0.2000E+01
 -93.002  0.0000E+00  0.2000E+01
 -92.997  0.0000E+00  0.2000E+01
 -92.992  0.0000E+00  0.2000E+01
 -92.987  0.0000E+00  0.2000E+01
 -92.982  0.0000E+00  0.2000E+01
 -92.977  0.0000E+00  0.2000E+01
 -92.972  0.0000E+00  0.2000E+01
 -92.967  0.0000E+00  0.2000E+01
 -92.962  0.0000E+00  0.2000E+01
 -92.957  0.0000E+00  0.2000E+01
 -92.952  0.0000E+00  0.2000E+01
 -92.947  0.0000E+00  0.2000E+01
 -92.942  0.0000E+00  0.2000E+01
 -92.937  0.0000E+00  0.2000E+01
 -92.932  0.0000E+00  0.2000E+01
 -92.927  0.0000E+00  0.2000E+01
 -92.922  0.0000E+00  0.2000E+01
 -92.917  0.0000E+00  0.2000E+01
 -92.912  0.0000E+00  0.2000E+01
 -92.907  0.0000E+00  0.2000E+01
 -92.902  0.0000E+00  0.2000E+01
 -92.897  0.0000E+00  0.2000E+01
 -92.892  0.0000E+00  0.2000E+01
 -92.887  0.0000E+00  0.2000E+01
 -92.882  0.0000E+00  0.2000E+01
 -92.877  0.0000E+00  0.2000E+01
 -92.872  0.0000E+00  0.2000E+01
 -92.867  0.0000E+00  0.2000E+01
 -92.862  0.0000E+00  0.2000E+01
 -92.857  0.0000E+00  0.2000E+01
 -92.852  0.0000E+00  0.2000E+01
 -92.847  0.0000E+00  0.2000E+01
 -92.842  0.0000E+00  0.2000E+01
 -92.837  0.0000E+00  0.2000E+01
 -92.832  0.0000E+00  0.2000E+01
 -92.827  0.0000E+00  0.2000E+01
 -92.822  0.0000E+00  0.2000E+01
 -92.817  0.0000E+00  0.2000E+01
 -92.812  0.0000E+00  0.2000E+01
 -92.807  0.0000E+00  0.2000E+01
 -92.802  0.0000E+00  0.2000E+01
 -92.797  0.0000E+00  0.2000E+01
 -92.792  0.0000E+00  0.2000E+01
 -92.787  0.0000E+00  0.2000E+01
 -92.782  0.0000E+00  0.2000E+01
 -92.777  0.0000E+00  0.2000E+01
 -92.772  0.0000E+00  0.2000E+01
 -92.767  0.0000E+00  0.2000E+01
 -92.762  0.0000E+00  0.2000E+01
 -92.757  0.0000E+00  0.2000E+01
 -92.752  0.0000E+00  0.2000E+01
 -92.747  0.0000E+00  0.2000E+01
 -92.742  0.0000E+00  0.2000E+01
 -92.737  0.0000E+00  0.2000E+01
 -92.732  0.0000E+00  0.2000E+01
 -92.727  0.0000E+00  0.2000E+01
 -92.722  0.0000E+00  0.2000E+01
 -92.717  0.0000E+00  0.2000E+01
 -92.712  0.0000E+00  0.2000E+01
 -92.707  0.0000E+00  0.2000E+01
 -92.702  0.0000E+00  0.2000E+01
 -92.697  0.0000E+00  0.2000E+01
 -92.692  0.0000E+00  0.2000E+01
 -92.687  0.0000E+00  0.2000E+01
 -92.682  0.0000E+00  0.2000E+01
 -92.677  0.0000E+00  0.2000E+01
 -92.672  0.0000E+00  0.2000E+01
 -92.667  0.0000E+00  0.2000E+01
 -92.662  0.0000E+00  0.2000E+01
 -92.657  0.0000E+00  0.2000E+01
 -92.652  0.0000E+00  0.2000E+01
 -92.647  0.0000E+00  0.2000E+01
 -92.642  0.0000E+00  0.2000E+01
 -92.637  0.0000E+00  0.2000E+01
 -92.632  0.0000E+00  0.2000E+01
 -92.627  0.0000E+00  0.2000E+01
 -92.622  0.0000E+00  0.2000E+01
 -92.617  0.0000E+00  0.2000E+01
 -92.612  0.0000E+00  0.2000E+01
 -92.607  0.0000E+00  0.2000E+01
 -92.602  0.0000E+00  0.2000E+01
 -92.597  0.0000E+00  0.2000E+01
 -92.592  0.0000E+00  0.2000E+01
 -92.587  0.0000E+00  0.2000E+01
 -92.582  0.0000E+00  0.2000E+01
 -92.577  0.0000E+00  0.2000E+01
 -92.572  0.0000E+00  0.2000E+01
 -92.567  0.0000E+00  0.2000E+01
 -92.562  0.0000E+00  0.2000E+01
 -92.557  0.0000E+00  0.2000E+01
 -92.552  0.0000E+00  0.2000E+01
 -92.547  0.0000E+00  0.2000E+01
 -92.542  0.0000E+00  0.2000E+01
 -92.537  0.0000E+00  0.2000E+01
 -92.532  0.0000E+00  0.2000E+01
 -92.527  0.0000E+00  0.2000E+01
 -92.522  0.0000E+00  0.2000E+01
 -92.517  0.0000E+00  0.2000E+01
 -92.512  0.0000E+00  0.2000E+01
 -92.507  0.0000E+00  0.2000E+01
 -92.502  0.0000E+00  0.2000E+01
 -92.497  0.0000E+00  0.2000E+01
 -92.492  0.0000E+00  0.2000E+01
 -92.487  0.0000E+00  0.2000E+01
 -92.482  0.0000E+00  0.2000E+01
 -92.477  0.0000E+00  0.2000E+01
 -92.472  0.0000E+00  0.2000E+01
 -92.467  0.0000E+00  0.2000E+01
 -92.462  0.0000E+00  0.2000E+01
 -92.457  0.0000E+00  0.2000E+01
 -92.452  0.0000E+00  0.2000E+01
 -92.447  0.0000E+00  0.2000E+01
 -92.442  0.0000E+00  0.2000E+01
 -92.437  0.0000E+00  0.2000E+01
 -92.432  0.0000E+00  0.2000E+01
 -92.427  0.0000E+00  0.2000E+01
 -92.422  0.0000E+00  0.2000E+01
 -92.417  0.0000E+00  0.2000E+01
 -92.412  0.0000E+00  0.2000E+01
 -92.407  0.0000E+00  0.2000E+01
 -92.402  0.0000E+00  0.2000E+01
 -92.397  0.0000E+00  0.2000E+01
 -92.392  0.0000E+00  0.2000E+01
 -92.387  0.0000E+00  0.2000E+01
 -92.382  0.0000E+00  0.2000E+01
 -92.377  0.0000E+00  0.2000E+01
 -92.372  0.0000E+00  0.2000E+01
 -92.367  0.0000E+00  0.2000E+01
 -92.362  0.0000E+00  0.2000E+01
 -92.357  0.0000E+00  0.2000E+01
 -92.352  0.0000E+00  0.2000E+01
 -92.347  0.0000E+00  0.2000E+01
 -92.342  0.0000E+00  0.2000E+01
 -92.337  0.0000E+00  0.2000E+01
 -92.332  0.0000E+00  0.2000E+01
 -92.327  0.0000E+00  0.2000E+01
 -92.322  0.0000E+00  0.2000E+01
 -92.317  0.0000E+00  0.2000E+01
 -92.312  0.0000E+00  0.2000E+01
 -92.307  0.0000E+00  0.2000E+01
 -92.302  0.0000E+00  0.2000E+01
 -92.297  0.0000E+00  0.2000E+01
 -92.292  0.0000E+00  0.2000E+01
 -92.287  0.0000E+00  0.2000E+01
 -92.282  0.0000E+00  0.2000E+01
 -92.277  0.0000E+00  0.2000E+01
 -92.272  0.0000E+00  0.2000E+01
 -92.267  0.0000E+00  0.2000E+01
 -92.262  0.0000E+00  0.2000E+01
 -92.257  0.0000E+00  0.2000E+01
 -92.252  0.0000E+00  0.2000E+01
 -92.247  0.0000E+00  0.2000E+01
 -92.242  0.0000E+00  0.2000E+01
 -92.237  0.0000E+00  0.2000E+01
 -92.232  0.0000E+00  0.2000E+01
 -92.227  0.0000E+00  0.2000E+01
 -92.222  0.0000E+00  0.2000E+01
 -92.217  0.0000E+00  0.2000E+01
 -92.212  0.0000E+00  0.2000E+01
 -92.207  0.0000E+00  0.2000E+01
 -92.202  0.0000E+00  0.2000E+01
 -92.197  0.0000E+00  0.2000E+01
 -92.192  0.0000E+00  0.2000E+01
 -92.187  0.0000E+00  0.2000E+01
 -92.182  0.0000E+00  0.2000E+01
 -92.177  0.0000E+00  0.2000E+01
 -92.172  0.0000E+00  0.2000E+01
 -92.167  0.0000E+00  0.2000E+01
 -92.162  0.0000E+00  0.2000E+01
 -92.157  0.0000E+00  0.2000E+01
 -92.152  0.0000E+00  0.2000E+01
 -92.147  0.0000E+00  0.2000E+01
 -92.142  0.0000E+00  0.2000E+01
 -92.137  0.0000E+00  0.2000E+01
 -92.132  0.0000E+00  0.2000E+01
 -92.127  0.0000E+00  0.2000E+01
 -92.122  0.0000E+00  0.2000E+01
 -92.117  0.0000E+00  0.2000E+01
 -92.112  0.0000E+00  0.2000E+01
 -92.107  0.0000E+00  0.2000E+01
 -92.102  0.0000E+00  0.2000E+01
 -92.097  0.0000E+00  0.2000E+01
 -92.092  0.0000E+00  0.2000E+01
 -92.087  0.0000E+00  0.2000E+01
 -92.082  0.0000E+00  0.2000E+01
 -92.077  0.0000E+00  0.2000E+01
 -92.072  0.0000E+00  0.2000E+01
 -92.067  0.0000E+00  0.2000E+01
 -92.062  0.0000E+00  0.2000E+01
 -92.057  0.0000E+00  0.2000E+01
 -92.052  0.0000E+00  0.2000E+01
 -92.047  0.0000E+00  0.2000E+01
 -92.042  0.0000E+00  0.2000E+01
 -92.037  0.0000E+00  0.2000E+01
 -92.032  0.0000E+00  0.2000E+01
 -92.027  0.0000E+00  0.2000E+01
 -92.022  0.0000E+00  0.2000E+01
 -92.017  0.0000E+00  0.2000E+01
 -92.012  0.0000E+00  0.2000E+01
 -92.007  0.0000E+00  0.2000E+01
 -92.002  0.0000E+00  0.2000E+01
 -91.997  0.0000E+00  0.2000E+01
 -91.992  0.0000E+00  0.2000E+01
 -91.987  0.0000E+00  0.2000E+01
 -91.982  0.0000E+00  0.2000E+01
 -91.977  0.0000E+00  0.2000E+01
 -91.972  0.0000E+00  0.2000E+01
 -91.967  0.0000E+00  0.2000E+01
 -91.962  0.0000E+00  0.2000E+01
 -91.957  0.0000E+00  0.2000E+01
 -91.952  0.0000E+00  0.2000E+01
 -91.947  0.0000E+00  0.2000E+01
 -91.942  0.0000E+00  0.2000E+01
 -91.937  0.0000E+00  0.2000E+01
 -91.932  0.0000E+00  0.2000E+01
 -91.927  0.0000E+00  0.2000E+01
 -91.922  0.0000E+00  0.2000E+01
 -91.917  0.0000E+00  0.2000E+01
 -91.912  0.0000E+00  0.2000E+01
 -91.907  0.0000E+00  0.2000E+01
 -91.902  0.0000E+00  0.2000E+01
 -91.897  0.0000E+00  0.2000E+01
 -91.892  0.0000E+00  0.2000E+01
 -91.887  0.0000E+00  0.2000E+01
 -91.882  0.0000E+00  0.2000E+01
 -91.877  0.0000E+00  0.2000E+01
 -91.872  0.0000E+00  0.2000E+01
 -91.867  0.0000E+00  0.2000E+01
 -91.862  0.0000E+00  0.2000E+01
 -91.857  0.0000E+00  0.2000E+01
 -91.852  0.0000E+00  0.2000E+01
 -91.847  0.0000E+00  0.2000E+01
 -91.842  0.0000E+00  0.2000E+01
 -91.837  0.0000E+00  0.2000E+01
 -91.832  0.0000E+00  0.2000E+01
 -91.827  0.0000E+00  0.2000E+01
 -91.822  0.0000E+00  0.2000E+01
 -91.817  0.0000E+00  0.2000E+01
 -91.812  0.0000E+00  0.2000E+01
 -91.807  0.0000E+00  0.2000E+01
 -91.802  0.0000E+00  0.2000E+01
 -91.797  0.0000E+00  0.2000E+01
 -91.792  0.0000E+00  0.2000E+01
 -91.787  0.0000E+00  0.2000E+01
 -91.782  0.0000E+00  0.2000E+01
 -91.777  0.0000E+00  0.2000E+01
 -91.772  0.0000E+00  0.2000E+01
 -91.767  0.0000E+00  0.2000E+01
 -91.762  0.0000E+00  0.2000E+01
 -91.757  0.0000E+00  0.2000E+01
 -91.752  0.0000E+00  0.2000E+01
 -91.747  0.0000E+00  0.2000E+01
 -91.742  0.0000E+00  0.2000E+01
 -91.737  0.0000E+00  0.2000E+01
 -91.732  0.0000E+00  0.2000E+01
 -91.727  0.0000E+00  0.2000E+01
 -91.722  0.0000E+00  0.2000E+01
 -91.717  0.0000E+00  0.2000E+01
 -91.712  0.0000E+00  0.2000E+01
 -91.707  0.0000E+00  0.2000E+01
 -91.702  0.0000E+00  0.2000E+01
 -91.697  0.0000E+00  0.2000E+01
 -91.692  0.0000E+00  0.2000E+01
 -91.687  0.0000E+00  0.2000E+01
 -91.682  0.0000E+00  0.2000E+01
 -91.677  0.0000E+00  0.2000E+01
 -91.672  0.0000E+00  0.2000E+01
 -91.667  0.0000E+00  0.2000E+01
 -91.662  0.0000E+00  0.2000E+01
 -91.657  0.0000E+00  0.2000E+01
 -91.652  0.0000E+00  0.2000E+01
 -91.647  0.0000E+00  0.2000E+01
 -91.642  0.0000E+00  0.2000E+01
 -91.637  0.0000E+00  0.2000E+01
 -91.632  0.0000E+00  0.2000E+01
 -91.627  0.0000E+00  0.2000E+01
 -91.622  0.0000E+00  0.2000E+01
 -91.617  0.0000E+00  0.2000E+01
 -91.612  0.0000E+00  0.2000E+01
 -91.607  0.0000E+00  0.2000E+01
 -91.602  0.0000E+00  0.2000E+01
 -91.597  0.0000E+00  0.2000E+01
 -91.592  0.0000E+00  0.2000E+01
 -91.587  0.0000E+00  0.2000E+01
 -91.582  0.0000E+00  0.2000E+01
 -91.577  0.0000E+00  0.2000E+01
 -91.572  0.0000E+00  0.2000E+01
 -91.567  0.0000E+00  0.2000E+01
 -91.562  0.0000E+00  0.2000E+01
 -91.557  0.0000E+00  0.2000E+01
 -91.552  0.0000E+00  0.2000E+01
 -91.547  0.0000E+00  0.2000E+01
 -91.542  0.0000E+00  0.2000E+01
 -91.537  0.0000E+00  0.2000E+01
 -91.532  0.0000E+00  0.2000E+01
 -91.527  0.0000E+00  0.2000E+01
 -91.522  0.0000E+00  0.2000E+01
 -91.517  0.0000E+00  0.2000E+01
 -91.512  0.0000E+00  0.2000E+01
 -91.507  0.0000E+00  0.2000E+01
 -91.502  0.0000E+00  0.2000E+01
 -91.497  0.0000E+00  0.2000E+01
 -91.492  0.0000E+00  0.2000E+01
 -91.487  0.0000E+00  0.2000E+01
 -91.482  0.0000E+00  0.2000E+01
 -91.477  0.0000E+00  0.2000E+01
 -91.472  0.0000E+00  0.2000E+01
 -91.467  0.0000E+00  0.2000E+01
 -91.462  0.0000E+00  0.2000E+01
 -91.457  0.0000E+00  0.2000E+01
 -91.452  0.0000E+00  0.2000E+01
 -91.447  0.0000E+00  0.2000E+01
 -91.442  0.0000E+00  0.2000E+01
 -91.437  0.0000E+00  0.2000E+01
 -91.432  0.0000E+00  0.2000E+01
 -91.427  0.0000E+00  0.2000E+01
 -91.422  0.0000E+00  0.2000E+01
 -91.417  0.0000E+00  0.2000E+01
 -91.412  0.0000E+00  0.2000E+01
 -91.407  0.0000E+00  0.2000E+01
 -91.402  0.0000E+00  0.2000E+01
 -91.397  0.0000E+00  0.2000E+01
 -91.392  0.0000E+00  0.2000E+01
 -91.387  0.0000E+00  0.2000E+01
 -91.382  0.0000E+00  0.2000E+01
 -91.377  0.0000E+00  0.2000E+01
 -91.372  0.0000E+00  0.2000E+01
 -91.367  0.0000E+00  0.2000E+01
 -91.362  0.0000E+00  0.2000E+01
 -91.357  0.0000E+00  0.2000E+01
 -91.352  0.0000E+00  0.2000E+01
 -91.347  0.0000E+00  0.2000E+01
 -91.342  0.0000E+00  0.2000E+01
 -91.337  0.0000E+00  0.2000E+01
 -91.332  0.0000E+00  0.2000E+01
 -91.327  0.0000E+00  0.2000E+01
 -91.322  0.0000E+00  0.2000E+01
 -91.317  0.0000E+00  0.2000E+01
 -91.312  0.0000E+00  0.2000E+01
 -91.307  0.0000E+00  0.2000E+01
 -91.302  0.0000E+00  0.2000E+01
 -91.297  0.0000E+00  0.2000E+01
 -91.292  0.0000E+00  0.2000E+01
 -91.287  0.0000E+00  0.2000E+01
 -91.282  0.0000E+00  0.2000E+01
 -91.277  0.0000E+00  0.2000E+01
 -91.272  0.0000E+00  0.2000E+01
 -91.267  0.0000E+00  0.2000E+01
 -91.262  0.0000E+00  0.2000E+01
 -91.257  0.0000E+00  0.2000E+01
 -91.252  0.0000E+00  0.2000E+01
 -91.247  0.0000E+00  0.2000E+01
 -91.242  0.0000E+00  0.2000E+01
 -91.237  0.0000E+00  0.2000E+01
 -91.232  0.0000E+00  0.2000E+01
 -91.227  0.0000E+00  0.2000E+01
 -91.222  0.0000E+00  0.2000E+01
 -91.217  0.0000E+00  0.2000E+01
 -91.212  0.0000E+00  0.2000E+01
 -91.207  0.0000E+00  0.2000E+01
 -91.202  0.0000E+00  0.2000E+01
 -91.197  0.0000E+00  0.2000E+01
 -91.192  0.0000E+00  0.2000E+01
 -91.187  0.0000E+00  0.2000E+01
 -91.182  0.0000E+00  0.2000E+01
 -91.177  0.0000E+00  0.2000E+01
 -91.172  0.0000E+00  0.2000E+01
 -91.167  0.0000E+00  0.2000E+01
 -91.162  0.0000E+00  0.2000E+01
 -91.157  0.0000E+00  0.2000E+01
 -91.152  0.0000E+00  0.2000E+01
 -91.147  0.0000E+00  0.2000E+01
 -91.142  0.0000E+00  0.2000E+01
 -91.137  0.0000E+00  0.2000E+01
 -91.132  0.0000E+00  0.2000E+01
 -91.127  0.0000E+00  0.2000E+01
 -91.122  0.0000E+00  0.2000E+01
 -91.117  0.0000E+00  0.2000E+01
 -91.112  0.0000E+00  0.2000E+01
 -91.107  0.0000E+00  0.2000E+01
 -91.102  0.0000E+00  0.2000E+01
 -91.097  0.0000E+00  0.2000E+01
 -91.092  0.0000E+00  0.2000E+01
 -91.087  0.0000E+00  0.2000E+01
 -91.082  0.0000E+00  0.2000E+01
 -91.077  0.0000E+00  0.2000E+01
 -91.072  0.0000E+00  0.2000E+01
 -91.067  0.0000E+00  0.2000E+01
 -91.062  0.0000E+00  0.2000E+01
 -91.057  0.0000E+00  0.2000E+01
 -91.052  0.0000E+00  0.2000E+01
 -91.047  0.0000E+00  0.2000E+01
 -91.042  0.0000E+00  0.2000E+01
 -91.037  0.0000E+00  0.2000E+01
 -91.032  0.0000E+00  0.2000E+01
 -91.027  0.0000E+00  0.2000E+01
 -91.022  0.0000E+00  0.2000E+01
 -91.017  0.0000E+00  0.2000E+01
 -91.012  0.0000E+00  0.2000E+01
 -91.007  0.0000E+00  0.2000E+01
 -91.002  0.0000E+00  0.2000E+01
 -90.997  0.0000E+00  0.2000E+01
 -90.992  0.0000E+00  0.2000E+01
 -90.987  0.0000E+00  0.2000E+01
 -90.982  0.0000E+00  0.2000E+01
 -90.977  0.0000E+00  0.2000E+01
 -90.972  0.0000E+00  0.2000E+01
 -90.967  0.0000E+00  0.2000E+01
 -90.962  0.0000E+00  0.2000E+01
 -90.957  0.0000E+00  0.2000E+01
 -90.952  0.0000E+00  0.2000E+01
 -90.947  0.0000E+00  0.2000E+01
 -90.942  0.0000E+00  0.2000E+01
 -90.937  0.0000E+00  0.2000E+01
 -90.932  0.0000E+00  0.2000E+01
 -90.927  0.0000E+00  0.2000E+01
 -90.922  0.0000E+00  0.2000E+01
 -90.917  0.0000E+00  0.2000E+01
 -90.912  0.0000E+00  0.2000E+01
 -90.907  0.0000E+00  0.2000E+01
 -90.902  0.0000E+00  0.2000E+01
 -90.897  0.0000E+00  0.2000E+01
 -90.892  0.0000E+00  0.2000E+01
 -90.887  0.0000E+00  0.2000E+01
 -90.882  0.0000E+00  0.2000E+01
 -90.877  0.0000E+00  0.2000E+01
 -90.872  0.0000E+00  0.2000E+01
 -90.867  0.0000E+00  0.2000E+01
 -90.862  0.0000E+00  0.2000E+01
 -90.857  0.0000E+00  0.2000E+01
 -90.852  0.0000E+00  0.2000E+01
 -90.847  0.0000E+00  0.2000E+01
 -90.842  0.0000E+00  0.2000E+01
 -90.837  0.0000E+00  0.2000E+01
 -90.832  0.0000E+00  0.2000E+01
 -90.827  0.0000E+00  0.2000E+01
 -90.822  0.0000E+00  0.2000E+01
 -90.817  0.0000E+00  0.2000E+01
 -90.812  0.0000E+00  0.2000E+01
 -90.807  0.0000E+00  0.2000E+01
 -90.802  0.0000E+00  0.2000E+01
 -90.797  0.0000E+00  0.2000E+01
 -90.792  0.0000E+00  0.2000E+01
 -90.787  0.0000E+00  0.2000E+01
 -90.782  0.0000E+00  0.2000E+01
 -90.777  0.0000E+00  0.2000E+01
 -90.772  0.0000E+00  0.2000E+01
 -90.767  0.0000E+00  0.2000E+01
 -90.762  0.0000E+00  0.2000E+01
 -90.757  0.0000E+00  0.2000E+01
 -90.752  0.0000E+00  0.2000E+01
 -90.747  0.0000E+00  0.2000E+01
 -90.742  0.0000E+00  0.2000E+01
 -90.737  0.0000E+00  0.2000E+01
 -90.732  0.0000E+00  0.2000E+01
 -90.727  0.0000E+00  0.2000E+01
 -90.722  0.0000E+00  0.2000E+01
 -90.717  0.0000E+00  0.2000E+01
 -90.712  0.0000E+00  0.2000E+01
 -90.707  0.0000E+00  0.2000E+01
 -90.702  0.0000E+00  0.2000E+01
 -90.697  0.0000E+00  0.2000E+01
 -90.692  0.0000E+00  0.2000E+01
 -90.687  0.0000E+00  0.2000E+01
 -90.682  0.0000E+00  0.2000E+01
 -90.677  0.0000E+00  0.2000E+01
 -90.672  0.0000E+00  0.2000E+01
 -90.667  0.0000E+00  0.2000E+01
 -90.662  0.0000E+00  0.2000E+01
 -90.657  0.0000E+00  0.2000E+01
 -90.652  0.0000E+00  0.2000E+01
 -90.647  0.0000E+00  0.2000E+01
 -90.642  0.0000E+00  0.2000E+01
 -90.637  0.0000E+00  0.2000E+01
 -90.632  0.0000E+00  0.2000E+01
 -90.627  0.0000E+00  0.2000E+01
 -90.622  0.0000E+00  0.2000E+01
 -90.617  0.0000E+00  0.2000E+01
 -90.612  0.0000E+00  0.2000E+01
 -90.607  0.0000E+00  0.2000E+01
 -90.602  0.0000E+00  0.2000E+01
 -90.597  0.0000E+00  0.2000E+01
 -90.592  0.0000E+00  0.2000E+01
 -90.587  0.0000E+00  0.2000E+01
 -90.582  0.0000E+00  0.2000E+01
 -90.577  0.0000E+00  0.2000E+01
 -90.572  0.0000E+00  0.2000E+01
 -90.567  0.0000E+00  0.2000E+01
 -90.562  0.0000E+00  0.2000E+01
 -90.557  0.0000E+00  0.2000E+01
 -90.552  0.0000E+00  0.2000E+01
 -90.547  0.0000E+00  0.2000E+01
 -90.542  0.0000E+00  0.2000E+01
 -90.537  0.0000E+00  0.2000E+01
 -90.532  0.0000E+00  0.2000E+01
 -90.527  0.0000E+00  0.2000E+01
 -90.522  0.0000E+00  0.2000E+01
 -90.517  0.0000E+00  0.2000E+01
 -90.512  0.0000E+00  0.2000E+01
 -90.507  0.0000E+00  0.2000E+01
 -90.502  0.0000E+00  0.2000E+01
 -90.497  0.0000E+00  0.2000E+01
 -90.492  0.0000E+00  0.2000E+01
 -90.487  0.0000E+00  0.2000E+01
 -90.482  0.0000E+00  0.2000E+01
 -90.477  0.0000E+00  0.2000E+01
 -90.472  0.0000E+00  0.2000E+01
 -90.467  0.0000E+00  0.2000E+01
 -90.462  0.0000E+00  0.2000E+01
 -90.457  0.0000E+00  0.2000E+01
 -90.452  0.0000E+00  0.2000E+01
 -90.447  0.0000E+00  0.2000E+01
 -90.442  0.0000E+00  0.2000E+01
 -90.437  0.0000E+00  0.2000E+01
 -90.432  0.0000E+00  0.2000E+01
 -90.427  0.0000E+00  0.2000E+01
 -90.422  0.0000E+00  0.2000E+01
 -90.417  0.0000E+00  0.2000E+01
 -90.412  0.0000E+00  0.2000E+01
 -90.407  0.0000E+00  0.2000E+01
 -90.402  0.0000E+00  0.2000E+01
 -90.397  0.0000E+00  0.2000E+01
 -90.392  0.0000E+00  0.2000E+01
 -90.387  0.0000E+00  0.2000E+01
 -90.382  0.0000E+00  0.2000E+01
 -90.377  0.0000E+00  0.2000E+01
 -90.372  0.0000E+00  0.2000E+01
 -90.367  0.0000E+00  0.2000E+01
 -90.362  0.0000E+00  0.2000E+01
 -90.357  0.0000E+00  0.2000E+01
 -90.352  0.0000E+00  0.2000E+01
 -90.347  0.0000E+00  0.2000E+01
 -90.342  0.0000E+00  0.2000E+01
 -90.337  0.0000E+00  0.2000E+01
 -90.332  0.0000E+00  0.2000E+01
 -90.327  0.0000E+00  0.2000E+01
 -90.322  0.0000E+00  0.2000E+01
 -90.317  0.0000E+00  0.2000E+01
 -90.312  0.0000E+00  0.2000E+01
 -90.307  0.0000E+00  0.2000E+01
 -90.302  0.0000E+00  0.2000E+01
 -90.297  0.0000E+00  0.2000E+01
 -90.292  0.0000E+00  0.2000E+01
 -90.287  0.0000E+00  0.2000E+01
 -90.282  0.0000E+00  0.2000E+01
 -90.277  0.0000E+00  0.2000E+01
 -90.272  0.0000E+00  0.2000E+01
 -90.267  0.0000E+00  0.2000E+01
 -90.262  0.0000E+00  0.2000E+01
 -90.257  0.0000E+00  0.2000E+01
 -90.252  0.0000E+00  0.2000E+01
 -90.247  0.0000E+00  0.2000E+01
 -90.242  0.0000E+00  0.2000E+01
 -90.237  0.0000E+00  0.2000E+01
 -90.232  0.0000E+00  0.2000E+01
 -90.227  0.0000E+00  0.2000E+01
 -90.222  0.0000E+00  0.2000E+01
 -90.217  0.0000E+00  0.2000E+01
 -90.212  0.0000E+00  0.2000E+01
 -90.207  0.0000E+00  0.2000E+01
 -90.202  0.0000E+00  0.2000E+01
 -90.197  0.0000E+00  0.2000E+01
 -90.192  0.0000E+00  0.2000E+01
 -90.187  0.0000E+00  0.2000E+01
 -90.182  0.0000E+00  0.2000E+01
 -90.177  0.0000E+00  0.2000E+01
 -90.172  0.0000E+00  0.2000E+01
 -90.167  0.0000E+00  0.2000E+01
 -90.162  0.0000E+00  0.2000E+01
 -90.157  0.0000E+00  0.2000E+01
 -90.152  0.0000E+00  0.2000E+01
 -90.147  0.0000E+00  0.2000E+01
 -90.142  0.0000E+00  0.2000E+01
 -90.137  0.0000E+00  0.2000E+01
 -90.132  0.0000E+00  0.2000E+01
 -90.127  0.0000E+00  0.2000E+01
 -90.122  0.0000E+00  0.2000E+01
 -90.117  0.0000E+00  0.2000E+01
 -90.112  0.0000E+00  0.2000E+01
 -90.107  0.0000E+00  0.2000E+01
 -90.102  0.0000E+00  0.2000E+01
 -90.097  0.0000E+00  0.2000E+01
 -90.092  0.0000E+00  0.2000E+01
 -90.087  0.0000E+00  0.2000E+01
 -90.082  0.0000E+00  0.2000E+01
 -90.077  0.0000E+00  0.2000E+01
 -90.072  0.0000E+00  0.2000E+01
 -90.067  0.0000E+00  0.2000E+01
 -90.062  0.0000E+00  0.2000E+01
 -90.057  0.0000E+00  0.2000E+01
 -90.052  0.0000E+00  0.2000E+01
 -90.047  0.0000E+00  0.2000E+01
 -90.042  0.0000E+00  0.2000E+01
 -90.037  0.0000E+00  0.2000E+01
 -90.032  0.0000E+00  0.2000E+01
 -90.027  0.0000E+00  0.2000E+01
 -90.022  0.0000E+00  0.2000E+01
 -90.017  0.0000E+00  0.2000E+01
 -90.012  0.0000E+00  0.2000E+01
 -90.007  0.0000E+00  0.2000E+01
 -90.002  0.0000E+00  0.2000E+01
 -89.997  0.0000E+00  0.2000E+01
 -89.992  0.0000E+00  0.2000E+01
 -89.987  0.0000E+00  0.2000E+01
 -89.982  0.0000E+00  0.2000E+01
 -89.977  0.0000E+00  0.2000E+01
 -89.972  0.0000E+00  0.2000E+01
 -89.967  0.0000E+00  0.2000E+01
 -89.962  0.0000E+00  0.2000E+01
 -89.957  0.0000E+00  0.2000E+01
 -89.952  0.0000E+00  0.2000E+01
 -89.947  0.0000E+00  0.2000E+01
 -89.942  0.0000E+00  0.2000E+01
 -89.937  0.0000E+00  0.2000E+01
 -89.932  0.0000E+00  0.2000E+01
 -89.927  0.0000E+00  0.2000E+01
 -89.922  0.0000E+00  0.2000E+01
 -89.917  0.0000E+00  0.2000E+01
 -89.912  0.0000E+00  0.2000E+01
 -89.907  0.0000E+00  0.2000E+01
 -89.902  0.0000E+00  0.2000E+01
 -89.897  0.0000E+00  0.2000E+01
 -89.892  0.0000E+00  0.2000E+01
 -89.887  0.0000E+00  0.2000E+01
 -89.882  0.0000E+00  0.2000E+01
 -89.877  0.0000E+00  0.2000E+01
 -89.872  0.0000E+00  0.2000E+01
 -89.867  0.0000E+00  0.2000E+01
 -89.862  0.0000E+00  0.2000E+01
 -89.857  0.0000E+00  0.2000E+01
 -89.852  0.0000E+00  0.2000E+01
 -89.847  0.0000E+00  0.2000E+01
 -89.842  0.0000E+00  0.2000E+01
 -89.837  0.0000E+00  0.2000E+01
 -89.832  0.0000E+00  0.2000E+01
 -89.827  0.0000E+00  0.2000E+01
 -89.822  0.0000E+00  0.2000E+01
 -89.817  0.0000E+00  0.2000E+01
 -89.812  0.0000E+00  0.2000E+01
 -89.807  0.0000E+00  0.2000E+01
 -89.802  0.0000E+00  0.2000E+01
 -89.797  0.0000E+00  0.2000E+01
 -89.792  0.0000E+00  0.2000E+01
 -89.787  0.0000E+00  0.2000E+01
 -89.782  0.0000E+00  0.2000E+01
 -89.777  0.0000E+00  0.2000E+01
 -89.772  0.0000E+00  0.2000E+01
 -89.767  0.0000E+00  0.2000E+01
 -89.762  0.0000E+00  0.2000E+01
 -89.757  0.0000E+00  0.2000E+01
 -89.752  0.0000E+00  0.2000E+01
 -89.747  0.0000E+00  0.2000E+01
 -89.742  0.0000E+00  0.2000E+01
 -89.737  0.0000E+00  0.2000E+01
 -89.732  0.0000E+00  0.2000E+01
 -89.727  0.0000E+00  0.2000E+01
 -89.722  0.0000E+00  0.2000E+01
 -89.717  0.0000E+00  0.2000E+01
 -89.712  0.0000E+00  0.2000E+01
 -89.707  0.0000E+00  0.2000E+01
 -89.702  0.0000E+00  0.2000E+01
 -89.697  0.0000E+00  0.2000E+01
 -89.692  0.0000E+00  0.2000E+01
 -89.687  0.0000E+00  0.2000E+01
 -89.682  0.0000E+00  0.2000E+01
 -89.677  0.0000E+00  0.2000E+01
 -89.672  0.0000E+00  0.2000E+01
 -89.667  0.0000E+00  0.2000E+01
 -89.662  0.0000E+00  0.2000E+01
 -89.657  0.0000E+00  0.2000E+01
 -89.652  0.0000E+00  0.2000E+01
 -89.647  0.0000E+00  0.2000E+01
 -89.642  0.0000E+00  0.2000E+01
 -89.637  0.0000E+00  0.2000E+01
 -89.632  0.0000E+00  0.2000E+01
 -89.627  0.0000E+00  0.2000E+01
 -89.622  0.0000E+00  0.2000E+01
 -89.617  0.0000E+00  0.2000E+01
 -89.612  0.0000E+00  0.2000E+01
 -89.607  0.0000E+00  0.2000E+01
 -89.602  0.0000E+00  0.2000E+01
 -89.597  0.0000E+00  0.2000E+01
 -89.592  0.0000E+00  0.2000E+01
 -89.587  0.0000E+00  0.2000E+01
 -89.582  0.0000E+00  0.2000E+01
 -89.577  0.0000E+00  0.2000E+01
 -89.572  0.0000E+00  0.2000E+01
 -89.567  0.0000E+00  0.2000E+01
 -89.562  0.0000E+00  0.2000E+01
 -89.557  0.0000E+00  0.2000E+01
 -89.552  0.0000E+00  0.2000E+01
 -89.547  0.0000E+00  0.2000E+01
 -89.542  0.0000E+00  0.2000E+01
 -89.537  0.0000E+00  0.2000E+01
 -89.532  0.0000E+00  0.2000E+01
 -89.527  0.0000E+00  0.2000E+01
 -89.522  0.0000E+00  0.2000E+01
 -89.517  0.0000E+00  0.2000E+01
 -89.512  0.0000E+00  0.2000E+01
 -89.507  0.0000E+00  0.2000E+01
 -89.502  0.0000E+00  0.2000E+01
 -89.497  0.0000E+00  0.2000E+01
 -89.492  0.0000E+00  0.2000E+01
 -89.487  0.0000E+00  0.2000E+01
 -89.482  0.0000E+00  0.2000E+01
 -89.477  0.0000E+00  0.2000E+01
 -89.472  0.0000E+00  0.2000E+01
 -89.467  0.0000E+00  0.2000E+01
 -89.462  0.0000E+00  0.2000E+01
 -89.457  0.0000E+00  0.2000E+01
 -89.452  0.0000E+00  0.2000E+01
 -89.447  0.0000E+00  0.2000E+01
 -89.442  0.0000E+00  0.2000E+01
 -89.437  0.0000E+00  0.2000E+01
 -89.432  0.0000E+00  0.2000E+01
 -89.427  0.0000E+00  0.2000E+01
 -89.422  0.0000E+00  0.2000E+01
 -89.417  0.0000E+00  0.2000E+01
 -89.412  0.0000E+00  0.2000E+01
 -89.407  0.0000E+00  0.2000E+01
 -89.402  0.0000E+00  0.2000E+01
 -89.397  0.0000E+00  0.2000E+01
 -89.392  0.0000E+00  0.2000E+01
 -89.387  0.0000E+00  0.2000E+01
 -89.382  0.0000E+00  0.2000E+01
 -89.377  0.0000E+00  0.2000E+01
 -89.372  0.0000E+00  0.2000E+01
 -89.367  0.0000E+00  0.2000E+01
 -89.362  0.0000E+00  0.2000E+01
 -89.357  0.0000E+00  0.2000E+01
 -89.352  0.0000E+00  0.2000E+01
 -89.347  0.0000E+00  0.2000E+01
 -89.342  0.0000E+00  0.2000E+01
 -89.337  0.0000E+00  0.2000E+01
 -89.332  0.0000E+00  0.2000E+01
 -89.327  0.0000E+00  0.2000E+01
 -89.322  0.0000E+00  0.2000E+01
 -89.317  0.0000E+00  0.2000E+01
 -89.312  0.0000E+00  0.2000E+01
 -89.307  0.0000E+00  0.2000E+01
 -89.302  0.0000E+00  0.2000E+01
 -89.297  0.0000E+00  0.2000E+01
 -89.292  0.0000E+00  0.2000E+01
 -89.287  0.0000E+00  0.2000E+01
 -89.282  0.0000E+00  0.2000E+01
 -89.277  0.0000E+00  0.2000E+01
 -89.272  0.0000E+00  0.2000E+01
 -89.267  0.0000E+00  0.2000E+01
 -89.262  0.0000E+00  0.2000E+01
 -89.257  0.0000E+00  0.2000E+01
 -89.252  0.0000E+00  0.2000E+01
 -89.247  0.0000E+00  0.2000E+01
 -89.242  0.0000E+00  0.2000E+01
 -89.237  0.0000E+00  0.2000E+01
 -89.232  0.0000E+00  0.2000E+01
 -89.227  0.0000E+00  0.2000E+01
 -89.222  0.0000E+00  0.2000E+01
 -89.217  0.0000E+00  0.2000E+01
 -89.212  0.0000E+00  0.2000E+01
 -89.207  0.0000E+00  0.2000E+01
 -89.202  0.0000E+00  0.2000E+01
 -89.197  0.0000E+00  0.2000E+01
 -89.192  0.0000E+00  0.2000E+01
 -89.187  0.0000E+00  0.2000E+01
 -89.182  0.0000E+00  0.2000E+01
 -89.177  0.0000E+00  0.2000E+01
 -89.172  0.0000E+00  0.2000E+01
 -89.167  0.0000E+00  0.2000E+01
 -89.162  0.0000E+00  0.2000E+01
 -89.157  0.0000E+00  0.2000E+01
 -89.152  0.0000E+00  0.2000E+01
 -89.147  0.0000E+00  0.2000E+01
 -89.142  0.0000E+00  0.2000E+01
 -89.137  0.0000E+00  0.2000E+01
 -89.132  0.0000E+00  0.2000E+01
 -89.127  0.0000E+00  0.2000E+01
 -89.122  0.0000E+00  0.2000E+01
 -89.117  0.0000E+00  0.2000E+01
 -89.112  0.0000E+00  0.2000E+01
 -89.107  0.0000E+00  0.2000E+01
 -89.102  0.0000E+00  0.2000E+01
 -89.097  0.0000E+00  0.2000E+01
 -89.092  0.0000E+00  0.2000E+01
 -89.087  0.0000E+00  0.2000E+01
 -89.082  0.0000E+00  0.2000E+01
 -89.077  0.0000E+00  0.2000E+01
 -89.072  0.0000E+00  0.2000E+01
 -89.067  0.0000E+00  0.2000E+01
 -89.062  0.0000E+00  0.2000E+01
 -89.057  0.0000E+00  0.2000E+01
 -89.052  0.0000E+00  0.2000E+01
 -89.047  0.0000E+00  0.2000E+01
 -89.042  0.0000E+00  0.2000E+01
 -89.037  0.0000E+00  0.2000E+01
 -89.032  0.0000E+00  0.2000E+01
 -89.027  0.0000E+00  0.2000E+01
 -89.022  0.0000E+00  0.2000E+01
 -89.017  0.0000E+00  0.2000E+01
 -89.012  0.0000E+00  0.2000E+01
 -89.007  0.0000E+00  0.2000E+01
 -89.002  0.0000E+00  0.2000E+01
 -88.997  0.0000E+00  0.2000E+01
 -88.992  0.0000E+00  0.2000E+01
 -88.987  0.0000E+00  0.2000E+01
 -88.982  0.0000E+00  0.2000E+01
 -88.977  0.0000E+00  0.2000E+01
 -88.972  0.0000E+00  0.2000E+01
 -88.967  0.0000E+00  0.2000E+01
 -88.962  0.0000E+00  0.2000E+01
 -88.957  0.0000E+00  0.2000E+01
 -88.952  0.0000E+00  0.2000E+01
 -88.947  0.0000E+00  0.2000E+01
 -88.942  0.0000E+00  0.2000E+01
 -88.937  0.0000E+00  0.2000E+01
 -88.932  0.0000E+00  0.2000E+01
 -88.927  0.0000E+00  0.2000E+01
 -88.922  0.0000E+00  0.2000E+01
 -88.917  0.0000E+00  0.2000E+01
 -88.912  0.0000E+00  0.2000E+01
 -88.907  0.0000E+00  0.2000E+01
 -88.902  0.0000E+00  0.2000E+01
 -88.897  0.0000E+00  0.2000E+01
 -88.892  0.0000E+00  0.2000E+01
 -88.887  0.0000E+00  0.2000E+01
 -88.882  0.0000E+00  0.2000E+01
 -88.877  0.0000E+00  0.2000E+01
 -88.872  0.0000E+00  0.2000E+01
 -88.867  0.0000E+00  0.2000E+01
 -88.862  0.0000E+00  0.2000E+01
 -88.857  0.0000E+00  0.2000E+01
 -88.852  0.0000E+00  0.2000E+01
 -88.847  0.0000E+00  0.2000E+01
 -88.842  0.0000E+00  0.2000E+01
 -88.837  0.0000E+00  0.2000E+01
 -88.832  0.0000E+00  0.2000E+01
 -88.827  0.0000E+00  0.2000E+01
 -88.822  0.0000E+00  0.2000E+01
 -88.817  0.0000E+00  0.2000E+01
 -88.812  0.0000E+00  0.2000E+01
 -88.807  0.0000E+00  0.2000E+01
 -88.802  0.0000E+00  0.2000E+01
 -88.797  0.0000E+00  0.2000E+01
 -88.792  0.0000E+00  0.2000E+01
 -88.787  0.0000E+00  0.2000E+01
 -88.782  0.0000E+00  0.2000E+01
 -88.777  0.0000E+00  0.2000E+01
 -88.772  0.0000E+00  0.2000E+01
 -88.767  0.0000E+00  0.2000E+01
 -88.762  0.0000E+00  0.2000E+01
 -88.757  0.0000E+00  0.2000E+01
 -88.752  0.0000E+00  0.2000E+01
 -88.747  0.0000E+00  0.2000E+01
 -88.742  0.0000E+00  0.2000E+01
 -88.737  0.0000E+00  0.2000E+01
 -88.732  0.0000E+00  0.2000E+01
 -88.727  0.0000E+00  0.2000E+01
 -88.722  0.0000E+00  0.2000E+01
 -88.717  0.0000E+00  0.2000E+01
 -88.712  0.0000E+00  0.2000E+01
 -88.707  0.0000E+00  0.2000E+01
 -88.702  0.0000E+00  0.2000E+01
 -88.697  0.0000E+00  0.2000E+01
 -88.692  0.0000E+00  0.2000E+01
 -88.687  0.0000E+00  0.2000E+01
 -88.682  0.0000E+00  0.2000E+01
 -88.677  0.0000E+00  0.2000E+01
 -88.672  0.0000E+00  0.2000E+01
 -88.667  0.0000E+00  0.2000E+01
 -88.662  0.0000E+00  0.2000E+01
 -88.657  0.0000E+00  0.2000E+01
 -88.652  0.0000E+00  0.2000E+01
 -88.647  0.0000E+00  0.2000E+01
 -88.642  0.0000E+00  0.2000E+01
 -88.637  0.0000E+00  0.2000E+01
 -88.632  0.0000E+00  0.2000E+01
 -88.627  0.0000E+00  0.2000E+01
 -88.622  0.0000E+00  0.2000E+01
 -88.617  0.0000E+00  0.2000E+01
 -88.612  0.0000E+00  0.2000E+01
 -88.607  0.0000E+00  0.2000E+01
 -88.602  0.0000E+00  0.2000E+01
 -88.597  0.0000E+00  0.2000E+01
 -88.592  0.0000E+00  0.2000E+01
 -88.587  0.0000E+00  0.2000E+01
 -88.582  0.0000E+00  0.2000E+01
 -88.577  0.0000E+00  0.2000E+01
 -88.572  0.0000E+00  0.2000E+01
 -88.567  0.0000E+00  0.2000E+01
 -88.562  0.0000E+00  0.2000E+01
 -88.557  0.0000E+00  0.2000E+01
 -88.552  0.0000E+00  0.2000E+01
 -88.547  0.0000E+00  0.2000E+01
 -88.542  0.0000E+00  0.2000E+01
 -88.537  0.0000E+00  0.2000E+01
 -88.532  0.0000E+00  0.2000E+01
 -88.527  0.0000E+00  0.2000E+01
 -88.522  0.0000E+00  0.2000E+01
 -88.517  0.0000E+00  0.2000E+01
 -88.512  0.0000E+00  0.2000E+01
 -88.507  0.0000E+00  0.2000E+01
 -88.502  0.0000E+00  0.2000E+01
 -88.497  0.0000E+00  0.2000E+01
 -88.492  0.0000E+00  0.2000E+01
 -88.487  0.0000E+00  0.2000E+01
 -88.482  0.0000E+00  0.2000E+01
 -88.477  0.0000E+00  0.2000E+01
 -88.472  0.0000E+00  0.2000E+01
 -88.467  0.0000E+00  0.2000E+01
 -88.462  0.0000E+00  0.2000E+01
 -88.457  0.0000E+00  0.2000E+01
 -88.452  0.0000E+00  0.2000E+01
 -88.447  0.0000E+00  0.2000E+01
 -88.442  0.0000E+00  0.2000E+01
 -88.437  0.0000E+00  0.2000E+01
 -88.432  0.0000E+00  0.2000E+01
 -88.427  0.0000E+00  0.2000E+01
 -88.422  0.0000E+00  0.2000E+01
 -88.417  0.0000E+00  0.2000E+01
 -88.412  0.0000E+00  0.2000E+01
 -88.407  0.0000E+00  0.2000E+01
 -88.402  0.0000E+00  0.2000E+01
 -88.397  0.0000E+00  0.2000E+01
 -88.392  0.0000E+00  0.2000E+01
 -88.387  0.0000E+00  0.2000E+01
 -88.382  0.0000E+00  0.2000E+01
 -88.377  0.0000E+00  0.2000E+01
 -88.372  0.0000E+00  0.2000E+01
 -88.367  0.0000E+00  0.2000E+01
 -88.362  0.0000E+00  0.2000E+01
 -88.357  0.0000E+00  0.2000E+01
 -88.352  0.0000E+00  0.2000E+01
 -88.347  0.0000E+00  0.2000E+01
 -88.342  0.0000E+00  0.2000E+01
 -88.337  0.0000E+00  0.2000E+01
 -88.332  0.0000E+00  0.2000E+01
 -88.327  0.0000E+00  0.2000E+01
 -88.322  0.0000E+00  0.2000E+01
 -88.317  0.0000E+00  0.2000E+01
 -88.312  0.0000E+00  0.2000E+01
 -88.307  0.0000E+00  0.2000E+01
 -88.302  0.0000E+00  0.2000E+01
 -88.297  0.0000E+00  0.2000E+01
 -88.292  0.0000E+00  0.2000E+01
 -88.287  0.0000E+00  0.2000E+01
 -88.282  0.0000E+00  0.2000E+01
 -88.277  0.0000E+00  0.2000E+01
 -88.272  0.0000E+00  0.2000E+01
 -88.267  0.0000E+00  0.2000E+01
 -88.262  0.0000E+00  0.2000E+01
 -88.257  0.0000E+00  0.2000E+01
 -88.252  0.0000E+00  0.2000E+01
 -88.247  0.0000E+00  0.2000E+01
 -88.242  0.0000E+00  0.2000E+01
 -88.237  0.0000E+00  0.2000E+01
 -88.232  0.0000E+00  0.2000E+01
 -88.227  0.0000E+00  0.2000E+01
 -88.222  0.0000E+00  0.2000E+01
 -88.217  0.0000E+00  0.2000E+01
 -88.212  0.0000E+00  0.2000E+01
 -88.207  0.0000E+00  0.2000E+01
 -88.202  0.0000E+00  0.2000E+01
 -88.197  0.0000E+00  0.2000E+01
 -88.192  0.0000E+00  0.2000E+01
 -88.187  0.0000E+00  0.2000E+01
 -88.182  0.0000E+00  0.2000E+01
 -88.177  0.0000E+00  0.2000E+01
 -88.172  0.0000E+00  0.2000E+01
 -88.167  0.0000E+00  0.2000E+01
 -88.162  0.0000E+00  0.2000E+01
 -88.157  0.0000E+00  0.2000E+01
 -88.152  0.0000E+00  0.2000E+01
 -88.147  0.0000E+00  0.2000E+01
 -88.142  0.0000E+00  0.2000E+01
 -88.137  0.0000E+00  0.2000E+01
 -88.132  0.0000E+00  0.2000E+01
 -88.127  0.0000E+00  0.2000E+01
 -88.122  0.0000E+00  0.2000E+01
 -88.117  0.0000E+00  0.2000E+01
 -88.112  0.0000E+00  0.2000E+01
 -88.107  0.0000E+00  0.2000E+01
 -88.102  0.0000E+00  0.2000E+01
 -88.097  0.0000E+00  0.2000E+01
 -88.092  0.0000E+00  0.2000E+01
 -88.087  0.0000E+00  0.2000E+01
 -88.082  0.0000E+00  0.2000E+01
 -88.077  0.0000E+00  0.2000E+01
 -88.072  0.0000E+00  0.2000E+01
 -88.067  0.0000E+00  0.2000E+01
 -88.062  0.0000E+00  0.2000E+01
 -88.057  0.0000E+00  0.2000E+01
 -88.052  0.0000E+00  0.2000E+01
 -88.047  0.0000E+00  0.2000E+01
 -88.042  0.0000E+00  0.2000E+01
 -88.037  0.0000E+00  0.2000E+01
 -88.032  0.0000E+00  0.2000E+01
 -88.027  0.0000E+00  0.2000E+01
 -88.022  0.0000E+00  0.2000E+01
 -88.017  0.0000E+00  0.2000E+01
 -88.012  0.0000E+00  0.2000E+01
 -88.007  0.0000E+00  0.2000E+01
 -88.002  0.0000E+00  0.2000E+01
 -87.997  0.0000E+00  0.2000E+01
 -87.992  0.0000E+00  0.2000E+01
 -87.987  0.0000E+00  0.2000E+01
 -87.982  0.0000E+00  0.2000E+01
 -87.977  0.0000E+00  0.2000E+01
 -87.972  0.0000E+00  0.2000E+01
 -87.967  0.0000E+00  0.2000E+01
 -87.962  0.0000E+00  0.2000E+01
 -87.957  0.0000E+00  0.2000E+01
 -87.952  0.0000E+00  0.2000E+01
 -87.947  0.0000E+00  0.2000E+01
 -87.942  0.0000E+00  0.2000E+01
 -87.937  0.0000E+00  0.2000E+01
 -87.932  0.0000E+00  0.2000E+01
 -87.927  0.0000E+00  0.2000E+01
 -87.922  0.0000E+00  0.2000E+01
 -87.917  0.0000E+00  0.2000E+01
 -87.912  0.0000E+00  0.2000E+01
 -87.907  0.0000E+00  0.2000E+01
 -87.902  0.0000E+00  0.2000E+01
 -87.897  0.0000E+00  0.2000E+01
 -87.892  0.0000E+00  0.2000E+01
 -87.887  0.0000E+00  0.2000E+01
 -87.882  0.0000E+00  0.2000E+01
 -87.877  0.0000E+00  0.2000E+01
 -87.872  0.0000E+00  0.2000E+01
 -87.867  0.0000E+00  0.2000E+01
 -87.862  0.0000E+00  0.2000E+01
 -87.857  0.0000E+00  0.2000E+01
 -87.852  0.0000E+00  0.2000E+01
 -87.847  0.0000E+00  0.2000E+01
 -87.842  0.0000E+00  0.2000E+01
 -87.837  0.0000E+00  0.2000E+01
 -87.832  0.0000E+00  0.2000E+01
 -87.827  0.0000E+00  0.2000E+01
 -87.822  0.0000E+00  0.2000E+01
 -87.817  0.0000E+00  0.2000E+01
 -87.812  0.0000E+00  0.2000E+01
 -87.807  0.0000E+00  0.2000E+01
 -87.802  0.0000E+00  0.2000E+01
 -87.797  0.0000E+00  0.2000E+01
 -87.792  0.0000E+00  0.2000E+01
 -87.787  0.0000E+00  0.2000E+01
 -87.782  0.0000E+00  0.2000E+01
 -87.777  0.0000E+00  0.2000E+01
 -87.772  0.0000E+00  0.2000E+01
 -87.767  0.0000E+00  0.2000E+01
 -87.762  0.0000E+00  0.2000E+01
 -87.757  0.0000E+00  0.2000E+01
 -87.752  0.0000E+00  0.2000E+01
 -87.747  0.0000E+00  0.2000E+01
 -87.742  0.0000E+00  0.2000E+01
 -87.737  0.0000E+00  0.2000E+01
 -87.732  0.0000E+00  0.2000E+01
 -87.727  0.0000E+00  0.2000E+01
 -87.722  0.0000E+00  0.2000E+01
 -87.717  0.0000E+00  0.2000E+01
 -87.712  0.0000E+00  0.2000E+01
 -87.707  0.0000E+00  0.2000E+01
 -87.702  0.0000E+00  0.2000E+01
 -87.697  0.0000E+00  0.2000E+01
 -87.692  0.0000E+00  0.2000E+01
 -87.687  0.0000E+00  0.2000E+01
 -87.682  0.0000E+00  0.2000E+01
 -87.677  0.0000E+00  0.2000E+01
 -87.672  0.0000E+00  0.2000E+01
 -87.667  0.0000E+00  0.2000E+01
 -87.662  0.0000E+00  0.2000E+01
 -87.657  0.0000E+00  0.2000E+01
 -87.652  0.0000E+00  0.2000E+01
 -87.647  0.0000E+00  0.2000E+01
 -87.642  0.0000E+00  0.2000E+01
 -87.637  0.0000E+00  0.2000E+01
 -87.632  0.0000E+00  0.2000E+01
 -87.627  0.0000E+00  0.2000E+01
 -87.622  0.0000E+00  0.2000E+01
 -87.617  0.0000E+00  0.2000E+01
 -87.612  0.0000E+00  0.2000E+01
 -87.607  0.0000E+00  0.2000E+01
 -87.602  0.0000E+00  0.2000E+01
 -87.597  0.0000E+00  0.2000E+01
 -87.592  0.0000E+00  0.2000E+01
 -87.587  0.0000E+00  0.2000E+01
 -87.582  0.0000E+00  0.2000E+01
 -87.577  0.0000E+00  0.2000E+01
 -87.572  0.0000E+00  0.2000E+01
 -87.567  0.0000E+00  0.2000E+01
 -87.562  0.0000E+00  0.2000E+01
 -87.557  0.0000E+00  0.2000E+01
 -87.552  0.0000E+00  0.2000E+01
 -87.547  0.0000E+00  0.2000E+01
 -87.542  0.0000E+00  0.2000E+01
 -87.537  0.0000E+00  0.2000E+01
 -87.532  0.0000E+00  0.2000E+01
 -87.527  0.0000E+00  0.2000E+01
 -87.522  0.0000E+00  0.2000E+01
 -87.517  0.0000E+00  0.2000E+01
 -87.512  0.0000E+00  0.2000E+01
 -87.507  0.0000E+00  0.2000E+01
 -87.502  0.0000E+00  0.2000E+01
 -87.497  0.0000E+00  0.2000E+01
 -87.492  0.0000E+00  0.2000E+01
 -87.487  0.0000E+00  0.2000E+01
 -87.482  0.0000E+00  0.2000E+01
 -87.477  0.0000E+00  0.2000E+01
 -87.472  0.0000E+00  0.2000E+01
 -87.467  0.0000E+00  0.2000E+01
 -87.462  0.0000E+00  0.2000E+01
 -87.457  0.0000E+00  0.2000E+01
 -87.452  0.0000E+00  0.2000E+01
 -87.447  0.0000E+00  0.2000E+01
 -87.442  0.0000E+00  0.2000E+01
 -87.437  0.0000E+00  0.2000E+01
 -87.432  0.0000E+00  0.2000E+01
 -87.427  0.0000E+00  0.2000E+01
 -87.422  0.0000E+00  0.2000E+01
 -87.417  0.0000E+00  0.2000E+01
 -87.412  0.0000E+00  0.2000E+01
 -87.407  0.0000E+00  0.2000E+01
 -87.402  0.0000E+00  0.2000E+01
 -87.397  0.0000E+00  0.2000E+01
 -87.392  0.0000E+00  0.2000E+01
 -87.387  0.0000E+00  0.2000E+01
 -87.382  0.0000E+00  0.2000E+01
 -87.377  0.0000E+00  0.2000E+01
 -87.372  0.0000E+00  0.2000E+01
 -87.367  0.0000E+00  0.2000E+01
 -87.362  0.0000E+00  0.2000E+01
 -87.357  0.0000E+00  0.2000E+01
 -87.352  0.0000E+00  0.2000E+01
 -87.347  0.0000E+00  0.2000E+01
 -87.342  0.0000E+00  0.2000E+01
 -87.337  0.0000E+00  0.2000E+01
 -87.332  0.0000E+00  0.2000E+01
 -87.327  0.0000E+00  0.2000E+01
 -87.322  0.0000E+00  0.2000E+01
 -87.317  0.0000E+00  0.2000E+01
 -87.312  0.0000E+00  0.2000E+01
 -87.307  0.0000E+00  0.2000E+01
 -87.302  0.0000E+00  0.2000E+01
 -87.297  0.0000E+00  0.2000E+01
 -87.292  0.0000E+00  0.2000E+01
 -87.287  0.0000E+00  0.2000E+01
 -87.282  0.0000E+00  0.2000E+01
 -87.277  0.0000E+00  0.2000E+01
 -87.272  0.0000E+00  0.2000E+01
 -87.267  0.0000E+00  0.2000E+01
 -87.262  0.0000E+00  0.2000E+01
 -87.257  0.0000E+00  0.2000E+01
 -87.252  0.0000E+00  0.2000E+01
 -87.247  0.0000E+00  0.2000E+01
 -87.242  0.0000E+00  0.2000E+01
 -87.237  0.0000E+00  0.2000E+01
 -87.232  0.0000E+00  0.2000E+01
 -87.227  0.0000E+00  0.2000E+01
 -87.222  0.0000E+00  0.2000E+01
 -87.217  0.0000E+00  0.2000E+01
 -87.212  0.0000E+00  0.2000E+01
 -87.207  0.0000E+00  0.2000E+01
 -87.202  0.0000E+00  0.2000E+01
 -87.197  0.0000E+00  0.2000E+01
 -87.192  0.0000E+00  0.2000E+01
 -87.187  0.0000E+00  0.2000E+01
 -87.182  0.0000E+00  0.2000E+01
 -87.177  0.0000E+00  0.2000E+01
 -87.172  0.0000E+00  0.2000E+01
 -87.167  0.0000E+00  0.2000E+01
 -87.162  0.0000E+00  0.2000E+01
 -87.157  0.0000E+00  0.2000E+01
 -87.152  0.0000E+00  0.2000E+01
 -87.147  0.0000E+00  0.2000E+01
 -87.142  0.0000E+00  0.2000E+01
 -87.137  0.0000E+00  0.2000E+01
 -87.132  0.0000E+00  0.2000E+01
 -87.127  0.0000E+00  0.2000E+01
 -87.122  0.0000E+00  0.2000E+01
 -87.117  0.0000E+00  0.2000E+01
 -87.112  0.0000E+00  0.2000E+01
 -87.107  0.0000E+00  0.2000E+01
 -87.102  0.0000E+00  0.2000E+01
 -87.097  0.0000E+00  0.2000E+01
 -87.092  0.0000E+00  0.2000E+01
 -87.087  0.0000E+00  0.2000E+01
 -87.082  0.0000E+00  0.2000E+01
 -87.077  0.0000E+00  0.2000E+01
 -87.072  0.0000E+00  0.2000E+01
 -87.067  0.0000E+00  0.2000E+01
 -87.062  0.0000E+00  0.2000E+01
 -87.057  0.0000E+00  0.2000E+01
 -87.052  0.0000E+00  0.2000E+01
 -87.047  0.0000E+00  0.2000E+01
 -87.042  0.0000E+00  0.2000E+01
 -87.037  0.0000E+00  0.2000E+01
 -87.032  0.0000E+00  0.2000E+01
 -87.027  0.0000E+00  0.2000E+01
 -87.022  0.0000E+00  0.2000E+01
 -87.017  0.0000E+00  0.2000E+01
 -87.012  0.0000E+00  0.2000E+01
 -87.007  0.0000E+00  0.2000E+01
 -87.002  0.0000E+00  0.2000E+01
 -86.997  0.0000E+00  0.2000E+01
 -86.992  0.0000E+00  0.2000E+01
 -86.987  0.0000E+00  0.2000E+01
 -86.982  0.0000E+00  0.2000E+01
 -86.977  0.0000E+00  0.2000E+01
 -86.972  0.0000E+00  0.2000E+01
 -86.967  0.0000E+00  0.2000E+01
 -86.962  0.0000E+00  0.2000E+01
 -86.957  0.0000E+00  0.2000E+01
 -86.952  0.0000E+00  0.2000E+01
 -86.947  0.0000E+00  0.2000E+01
 -86.942  0.0000E+00  0.2000E+01
 -86.937  0.0000E+00  0.2000E+01
 -86.932  0.0000E+00  0.2000E+01
 -86.927  0.0000E+00  0.2000E+01
 -86.922  0.0000E+00  0.2000E+01
 -86.917  0.0000E+00  0.2000E+01
 -86.912  0.0000E+00  0.2000E+01
 -86.907  0.0000E+00  0.2000E+01
 -86.902  0.0000E+00  0.2000E+01
 -86.897  0.0000E+00  0.2000E+01
 -86.892  0.0000E+00  0.2000E+01
 -86.887  0.0000E+00  0.2000E+01
 -86.882  0.0000E+00  0.2000E+01
 -86.877  0.0000E+00  0.2000E+01
 -86.872  0.0000E+00  0.2000E+01
 -86.867  0.0000E+00  0.2000E+01
 -86.862  0.0000E+00  0.2000E+01
 -86.857  0.0000E+00  0.2000E+01
 -86.852  0.0000E+00  0.2000E+01
 -86.847  0.0000E+00  0.2000E+01
 -86.842  0.0000E+00  0.2000E+01
 -86.837  0.0000E+00  0.2000E+01
 -86.832  0.0000E+00  0.2000E+01
 -86.827  0.0000E+00  0.2000E+01
 -86.822  0.0000E+00  0.2000E+01
 -86.817  0.0000E+00  0.2000E+01
 -86.812  0.0000E+00  0.2000E+01
 -86.807  0.0000E+00  0.2000E+01
 -86.802  0.0000E+00  0.2000E+01
 -86.797  0.0000E+00  0.2000E+01
 -86.792  0.0000E+00  0.2000E+01
 -86.787  0.0000E+00  0.2000E+01
 -86.782  0.0000E+00  0.2000E+01
 -86.777  0.0000E+00  0.2000E+01
 -86.772  0.0000E+00  0.2000E+01
 -86.767  0.0000E+00  0.2000E+01
 -86.762  0.0000E+00  0.2000E+01
 -86.757  0.0000E+00  0.2000E+01
 -86.752  0.0000E+00  0.2000E+01
 -86.747  0.0000E+00  0.2000E+01
 -86.742  0.0000E+00  0.2000E+01
 -86.737  0.0000E+00  0.2000E+01
 -86.732  0.0000E+00  0.2000E+01
 -86.727  0.0000E+00  0.2000E+01
 -86.722  0.0000E+00  0.2000E+01
 -86.717  0.0000E+00  0.2000E+01
 -86.712  0.0000E+00  0.2000E+01
 -86.707  0.0000E+00  0.2000E+01
 -86.702  0.0000E+00  0.2000E+01
 -86.697  0.0000E+00  0.2000E+01
 -86.692  0.0000E+00  0.2000E+01
 -86.687  0.0000E+00  0.2000E+01
 -86.682  0.0000E+00  0.2000E+01
 -86.677  0.0000E+00  0.2000E+01
 -86.672  0.0000E+00  0.2000E+01
 -86.667  0.0000E+00  0.2000E+01
 -86.662  0.0000E+00  0.2000E+01
 -86.657  0.0000E+00  0.2000E+01
 -86.652  0.0000E+00  0.2000E+01
 -86.647  0.0000E+00  0.2000E+01
 -86.642  0.0000E+00  0.2000E+01
 -86.637  0.0000E+00  0.2000E+01
 -86.632  0.0000E+00  0.2000E+01
 -86.627  0.0000E+00  0.2000E+01
 -86.622  0.0000E+00  0.2000E+01
 -86.617  0.0000E+00  0.2000E+01
 -86.612  0.0000E+00  0.2000E+01
 -86.607  0.0000E+00  0.2000E+01
 -86.602  0.0000E+00  0.2000E+01
 -86.597  0.0000E+00  0.2000E+01
 -86.592  0.0000E+00  0.2000E+01
 -86.587  0.0000E+00  0.2000E+01
 -86.582  0.0000E+00  0.2000E+01
 -86.577  0.0000E+00  0.2000E+01
 -86.572  0.0000E+00  0.2000E+01
 -86.567  0.0000E+00  0.2000E+01
 -86.562  0.0000E+00  0.2000E+01
 -86.557  0.0000E+00  0.2000E+01
 -86.552  0.0000E+00  0.2000E+01
 -86.547  0.0000E+00  0.2000E+01
 -86.542  0.0000E+00  0.2000E+01
 -86.537  0.0000E+00  0.2000E+01
 -86.532  0.0000E+00  0.2000E+01
 -86.527  0.0000E+00  0.2000E+01
 -86.522  0.0000E+00  0.2000E+01
 -86.517  0.0000E+00  0.2000E+01
 -86.512  0.0000E+00  0.2000E+01
 -86.507  0.0000E+00  0.2000E+01
 -86.502  0.0000E+00  0.2000E+01
 -86.497  0.0000E+00  0.2000E+01
 -86.492  0.0000E+00  0.2000E+01
 -86.487  0.0000E+00  0.2000E+01
 -86.482  0.0000E+00  0.2000E+01
 -86.477  0.0000E+00  0.2000E+01
 -86.472  0.0000E+00  0.2000E+01
 -86.467  0.0000E+00  0.2000E+01
 -86.462  0.0000E+00  0.2000E+01
 -86.457  0.0000E+00  0.2000E+01
 -86.452  0.0000E+00  0.2000E+01
 -86.447  0.0000E+00  0.2000E+01
 -86.442  0.0000E+00  0.2000E+01
 -86.437  0.0000E+00  0.2000E+01
 -86.432  0.0000E+00  0.2000E+01
 -86.427  0.0000E+00  0.2000E+01
 -86.422  0.0000E+00  0.2000E+01
 -86.417  0.0000E+00  0.2000E+01
 -86.412  0.0000E+00  0.2000E+01
 -86.407  0.0000E+00  0.2000E+01
 -86.402  0.0000E+00  0.2000E+01
 -86.397  0.0000E+00  0.2000E+01
 -86.392  0.0000E+00  0.2000E+01
 -86.387  0.0000E+00  0.2000E+01
 -86.382  0.0000E+00  0.2000E+01
 -86.377  0.0000E+00  0.2000E+01
 -86.372  0.0000E+00  0.2000E+01
 -86.367  0.0000E+00  0.2000E+01
 -86.362  0.0000E+00  0.2000E+01
 -86.357  0.0000E+00  0.2000E+01
 -86.352  0.0000E+00  0.2000E+01
 -86.347  0.0000E+00  0.2000E+01
 -86.342  0.0000E+00  0.2000E+01
 -86.337  0.0000E+00  0.2000E+01
 -86.332  0.0000E+00  0.2000E+01
 -86.327  0.0000E+00  0.2000E+01
 -86.322  0.0000E+00  0.2000E+01
 -86.317  0.0000E+00  0.2000E+01
 -86.312  0.0000E+00  0.2000E+01
 -86.307  0.0000E+00  0.2000E+01
 -86.302  0.0000E+00  0.2000E+01
 -86.297  0.0000E+00  0.2000E+01
 -86.292  0.0000E+00  0.2000E+01
 -86.287  0.0000E+00  0.2000E+01
 -86.282  0.0000E+00  0.2000E+01
 -86.277  0.0000E+00  0.2000E+01
 -86.272  0.0000E+00  0.2000E+01
 -86.267  0.0000E+00  0.2000E+01
 -86.262  0.0000E+00  0.2000E+01
 -86.257  0.0000E+00  0.2000E+01
 -86.252  0.0000E+00  0.2000E+01
 -86.247  0.0000E+00  0.2000E+01
 -86.242  0.0000E+00  0.2000E+01
 -86.237  0.0000E+00  0.2000E+01
 -86.232  0.0000E+00  0.2000E+01
 -86.227  0.0000E+00  0.2000E+01
 -86.222  0.0000E+00  0.2000E+01
 -86.217  0.0000E+00  0.2000E+01
 -86.212  0.0000E+00  0.2000E+01
 -86.207  0.0000E+00  0.2000E+01
 -86.202  0.0000E+00  0.2000E+01
 -86.197  0.0000E+00  0.2000E+01
 -86.192  0.0000E+00  0.2000E+01
 -86.187  0.0000E+00  0.2000E+01
 -86.182  0.0000E+00  0.2000E+01
 -86.177  0.0000E+00  0.2000E+01
 -86.172  0.0000E+00  0.2000E+01
 -86.167  0.0000E+00  0.2000E+01
 -86.162  0.0000E+00  0.2000E+01
 -86.157  0.0000E+00  0.2000E+01
 -86.152  0.0000E+00  0.2000E+01
 -86.147  0.0000E+00  0.2000E+01
 -86.142  0.0000E+00  0.2000E+01
 -86.137  0.0000E+00  0.2000E+01
 -86.132  0.0000E+00  0.2000E+01
 -86.127  0.0000E+00  0.2000E+01
 -86.122  0.0000E+00  0.2000E+01
 -86.117  0.0000E+00  0.2000E+01
 -86.112  0.0000E+00  0.2000E+01
 -86.107  0.0000E+00  0.2000E+01
 -86.102  0.0000E+00  0.2000E+01
 -86.097  0.0000E+00  0.2000E+01
 -86.092  0.0000E+00  0.2000E+01
 -86.087  0.0000E+00  0.2000E+01
 -86.082  0.0000E+00  0.2000E+01
 -86.077  0.0000E+00  0.2000E+01
 -86.072  0.0000E+00  0.2000E+01
 -86.067  0.0000E+00  0.2000E+01
 -86.062  0.0000E+00  0.2000E+01
 -86.057  0.0000E+00  0.2000E+01
 -86.052  0.0000E+00  0.2000E+01
 -86.047  0.0000E+00  0.2000E+01
 -86.042  0.0000E+00  0.2000E+01
 -86.037  0.0000E+00  0.2000E+01
 -86.032  0.0000E+00  0.2000E+01
 -86.027  0.0000E+00  0.2000E+01
 -86.022  0.0000E+00  0.2000E+01
 -86.017  0.0000E+00  0.2000E+01
 -86.012  0.0000E+00  0.2000E+01
 -86.007  0.0000E+00  0.2000E+01
 -86.002  0.0000E+00  0.2000E+01
 -85.997  0.0000E+00  0.2000E+01
 -85.992  0.0000E+00  0.2000E+01
 -85.987  0.0000E+00  0.2000E+01
 -85.982  0.0000E+00  0.2000E+01
 -85.977  0.0000E+00  0.2000E+01
 -85.972  0.0000E+00  0.2000E+01
 -85.967  0.0000E+00  0.2000E+01
 -85.962  0.0000E+00  0.2000E+01
 -85.957  0.0000E+00  0.2000E+01
 -85.952  0.0000E+00  0.2000E+01
 -85.947  0.0000E+00  0.2000E+01
 -85.942  0.0000E+00  0.2000E+01
 -85.937  0.0000E+00  0.2000E+01
 -85.932  0.0000E+00  0.2000E+01
 -85.927  0.0000E+00  0.2000E+01
 -85.922  0.0000E+00  0.2000E+01
 -85.917  0.0000E+00  0.2000E+01
 -85.912  0.0000E+00  0.2000E+01
 -85.907  0.0000E+00  0.2000E+01
 -85.902  0.0000E+00  0.2000E+01
 -85.897  0.0000E+00  0.2000E+01
 -85.892  0.0000E+00  0.2000E+01
 -85.887  0.0000E+00  0.2000E+01
 -85.882  0.0000E+00  0.2000E+01
 -85.877  0.0000E+00  0.2000E+01
 -85.872  0.0000E+00  0.2000E+01
 -85.867  0.0000E+00  0.2000E+01
 -85.862  0.0000E+00  0.2000E+01
 -85.857  0.0000E+00  0.2000E+01
 -85.852  0.0000E+00  0.2000E+01
 -85.847  0.0000E+00  0.2000E+01
 -85.842  0.0000E+00  0.2000E+01
 -85.837  0.0000E+00  0.2000E+01
 -85.832  0.0000E+00  0.2000E+01
 -85.827  0.0000E+00  0.2000E+01
 -85.822  0.0000E+00  0.2000E+01
 -85.817  0.0000E+00  0.2000E+01
 -85.812  0.0000E+00  0.2000E+01
 -85.807  0.0000E+00  0.2000E+01
 -85.802  0.0000E+00  0.2000E+01
 -85.797  0.0000E+00  0.2000E+01
 -85.792  0.0000E+00  0.2000E+01
 -85.787  0.0000E+00  0.2000E+01
 -85.782  0.0000E+00  0.2000E+01
 -85.777  0.0000E+00  0.2000E+01
 -85.772  0.0000E+00  0.2000E+01
 -85.767  0.0000E+00  0.2000E+01
 -85.762  0.0000E+00  0.2000E+01
 -85.757  0.0000E+00  0.2000E+01
 -85.752  0.0000E+00  0.2000E+01
 -85.747  0.0000E+00  0.2000E+01
 -85.742  0.0000E+00  0.2000E+01
 -85.737  0.0000E+00  0.2000E+01
 -85.732  0.0000E+00  0.2000E+01
 -85.727  0.0000E+00  0.2000E+01
 -85.722  0.0000E+00  0.2000E+01
 -85.717  0.0000E+00  0.2000E+01
 -85.712  0.0000E+00  0.2000E+01
 -85.707  0.0000E+00  0.2000E+01
 -85.702  0.0000E+00  0.2000E+01
 -85.697  0.0000E+00  0.2000E+01
 -85.692  0.0000E+00  0.2000E+01
 -85.687  0.0000E+00  0.2000E+01
 -85.682  0.0000E+00  0.2000E+01
 -85.677  0.0000E+00  0.2000E+01
 -85.672  0.0000E+00  0.2000E+01
 -85.667  0.0000E+00  0.2000E+01
 -85.662  0.0000E+00  0.2000E+01
 -85.657  0.0000E+00  0.2000E+01
 -85.652  0.0000E+00  0.2000E+01
 -85.647  0.0000E+00  0.2000E+01
 -85.642  0.0000E+00  0.2000E+01
 -85.637  0.0000E+00  0.2000E+01
 -85.632  0.0000E+00  0.2000E+01
 -85.627  0.0000E+00  0.2000E+01
 -85.622  0.0000E+00  0.2000E+01
 -85.617  0.0000E+00  0.2000E+01
 -85.612  0.0000E+00  0.2000E+01
 -85.607  0.0000E+00  0.2000E+01
 -85.602  0.0000E+00  0.2000E+01
 -85.597  0.0000E+00  0.2000E+01
 -85.592  0.0000E+00  0.2000E+01
 -85.587  0.0000E+00  0.2000E+01
 -85.582  0.0000E+00  0.2000E+01
 -85.577  0.0000E+00  0.2000E+01
 -85.572  0.0000E+00  0.2000E+01
 -85.567  0.0000E+00  0.2000E+01
 -85.562  0.0000E+00  0.2000E+01
 -85.557  0.0000E+00  0.2000E+01
 -85.552  0.0000E+00  0.2000E+01
 -85.547  0.0000E+00  0.2000E+01
 -85.542  0.0000E+00  0.2000E+01
 -85.537  0.0000E+00  0.2000E+01
 -85.532  0.0000E+00  0.2000E+01
 -85.527  0.0000E+00  0.2000E+01
 -85.522  0.0000E+00  0.2000E+01
 -85.517  0.0000E+00  0.2000E+01
 -85.512  0.0000E+00  0.2000E+01
 -85.507  0.0000E+00  0.2000E+01
 -85.502  0.0000E+00  0.2000E+01
 -85.497  0.0000E+00  0.2000E+01
 -85.492  0.0000E+00  0.2000E+01
 -85.487  0.0000E+00  0.2000E+01
 -85.482  0.0000E+00  0.2000E+01
 -85.477  0.0000E+00  0.2000E+01
 -85.472  0.0000E+00  0.2000E+01
 -85.467  0.0000E+00  0.2000E+01
 -85.462  0.0000E+00  0.2000E+01
 -85.457  0.0000E+00  0.2000E+01
 -85.452  0.0000E+00  0.2000E+01
 -85.447  0.0000E+00  0.2000E+01
 -85.442  0.0000E+00  0.2000E+01
 -85.437  0.0000E+00  0.2000E+01
 -85.432  0.0000E+00  0.2000E+01
 -85.427  0.0000E+00  0.2000E+01
 -85.422  0.0000E+00  0.2000E+01
 -85.417  0.0000E+00  0.2000E+01
 -85.412  0.0000E+00  0.2000E+01
 -85.407  0.0000E+00  0.2000E+01
 -85.402  0.0000E+00  0.2000E+01
 -85.397  0.0000E+00  0.2000E+01
 -85.392  0.0000E+00  0.2000E+01
 -85.387  0.0000E+00  0.2000E+01
 -85.382  0.0000E+00  0.2000E+01
 -85.377  0.0000E+00  0.2000E+01
 -85.372  0.0000E+00  0.2000E+01
 -85.367  0.0000E+00  0.2000E+01
 -85.362  0.0000E+00  0.2000E+01
 -85.357  0.0000E+00  0.2000E+01
 -85.352  0.0000E+00  0.2000E+01
 -85.347  0.0000E+00  0.2000E+01
 -85.342  0.0000E+00  0.2000E+01
 -85.337  0.0000E+00  0.2000E+01
 -85.332  0.0000E+00  0.2000E+01
 -85.327  0.0000E+00  0.2000E+01
 -85.322  0.0000E+00  0.2000E+01
 -85.317  0.0000E+00  0.2000E+01
 -85.312  0.0000E+00  0.2000E+01
 -85.307  0.0000E+00  0.2000E+01
 -85.302  0.0000E+00  0.2000E+01
 -85.297  0.0000E+00  0.2000E+01
 -85.292  0.0000E+00  0.2000E+01
 -85.287  0.0000E+00  0.2000E+01
 -85.282  0.0000E+00  0.2000E+01
 -85.277  0.0000E+00  0.2000E+01
 -85.272  0.0000E+00  0.2000E+01
 -85.267  0.0000E+00  0.2000E+01
 -85.262  0.0000E+00  0.2000E+01
 -85.257  0.0000E+00  0.2000E+01
 -85.252  0.0000E+00  0.2000E+01
 -85.247  0.0000E+00  0.2000E+01
 -85.242  0.0000E+00  0.2000E+01
 -85.237  0.0000E+00  0.2000E+01
 -85.232  0.0000E+00  0.2000E+01
 -85.227  0.0000E+00  0.2000E+01
 -85.222  0.0000E+00  0.2000E+01
 -85.217  0.0000E+00  0.2000E+01
 -85.212  0.0000E+00  0.2000E+01
 -85.207  0.0000E+00  0.2000E+01
 -85.202  0.0000E+00  0.2000E+01
 -85.197  0.0000E+00  0.2000E+01
 -85.192  0.0000E+00  0.2000E+01
 -85.187  0.0000E+00  0.2000E+01
 -85.182  0.0000E+00  0.2000E+01
 -85.177  0.0000E+00  0.2000E+01
 -85.172  0.0000E+00  0.2000E+01
 -85.167  0.0000E+00  0.2000E+01
 -85.162  0.0000E+00  0.2000E+01
 -85.157  0.0000E+00  0.2000E+01
 -85.152  0.0000E+00  0.2000E+01
 -85.147  0.0000E+00  0.2000E+01
 -85.142  0.0000E+00  0.2000E+01
 -85.137  0.0000E+00  0.2000E+01
 -85.132  0.0000E+00  0.2000E+01
 -85.127  0.0000E+00  0.2000E+01
 -85.122  0.0000E+00  0.2000E+01
 -85.117  0.0000E+00  0.2000E+01
 -85.112  0.0000E+00  0.2000E+01
 -85.107  0.0000E+00  0.2000E+01
 -85.102  0.0000E+00  0.2000E+01
 -85.097  0.0000E+00  0.2000E+01
 -85.092  0.0000E+00  0.2000E+01
 -85.087  0.0000E+00  0.2000E+01
 -85.082  0.0000E+00  0.2000E+01
 -85.077  0.0000E+00  0.2000E+01
 -85.072  0.0000E+00  0.2000E+01
 -85.067  0.0000E+00  0.2000E+01
 -85.062  0.0000E+00  0.2000E+01
 -85.057  0.0000E+00  0.2000E+01
 -85.052  0.0000E+00  0.2000E+01
 -85.047  0.0000E+00  0.2000E+01
 -85.042  0.0000E+00  0.2000E+01
 -85.037  0.0000E+00  0.2000E+01
 -85.032  0.0000E+00  0.2000E+01
 -85.027  0.0000E+00  0.2000E+01
 -85.022  0.0000E+00  0.2000E+01
 -85.017  0.0000E+00  0.2000E+01
 -85.012  0.0000E+00  0.2000E+01
 -85.007  0.0000E+00  0.2000E+01
 -85.002  0.0000E+00  0.2000E+01
 -84.997  0.0000E+00  0.2000E+01
 -84.992  0.0000E+00  0.2000E+01
 -84.987  0.0000E+00  0.2000E+01
 -84.982  0.0000E+00  0.2000E+01
 -84.977  0.0000E+00  0.2000E+01
 -84.972  0.0000E+00  0.2000E+01
 -84.967  0.0000E+00  0.2000E+01
 -84.962  0.0000E+00  0.2000E+01
 -84.957  0.0000E+00  0.2000E+01
 -84.952  0.0000E+00  0.2000E+01
 -84.947  0.0000E+00  0.2000E+01
 -84.942  0.0000E+00  0.2000E+01
 -84.937  0.0000E+00  0.2000E+01
 -84.932  0.0000E+00  0.2000E+01
 -84.927  0.0000E+00  0.2000E+01
 -84.922  0.0000E+00  0.2000E+01
 -84.917  0.0000E+00  0.2000E+01
 -84.912  0.0000E+00  0.2000E+01
 -84.907  0.0000E+00  0.2000E+01
 -84.902  0.0000E+00  0.2000E+01
 -84.897  0.0000E+00  0.2000E+01
 -84.892  0.0000E+00  0.2000E+01
 -84.887  0.0000E+00  0.2000E+01
 -84.882  0.0000E+00  0.2000E+01
 -84.877  0.0000E+00  0.2000E+01
 -84.872  0.0000E+00  0.2000E+01
 -84.867  0.0000E+00  0.2000E+01
 -84.862  0.0000E+00  0.2000E+01
 -84.857  0.0000E+00  0.2000E+01
 -84.852  0.0000E+00  0.2000E+01
 -84.847  0.0000E+00  0.2000E+01
 -84.842  0.0000E+00  0.2000E+01
 -84.837  0.0000E+00  0.2000E+01
 -84.832  0.0000E+00  0.2000E+01
 -84.827  0.0000E+00  0.2000E+01
 -84.822  0.0000E+00  0.2000E+01
 -84.817  0.0000E+00  0.2000E+01
 -84.812  0.0000E+00  0.2000E+01
 -84.807  0.0000E+00  0.2000E+01
 -84.802  0.0000E+00  0.2000E+01
 -84.797  0.0000E+00  0.2000E+01
 -84.792  0.0000E+00  0.2000E+01
 -84.787  0.0000E+00  0.2000E+01
 -84.782  0.0000E+00  0.2000E+01
 -84.777  0.0000E+00  0.2000E+01
 -84.772  0.0000E+00  0.2000E+01
 -84.767  0.0000E+00  0.2000E+01
 -84.762  0.0000E+00  0.2000E+01
 -84.757  0.0000E+00  0.2000E+01
 -84.752  0.0000E+00  0.2000E+01
 -84.747  0.0000E+00  0.2000E+01
 -84.742  0.0000E+00  0.2000E+01
 -84.737  0.0000E+00  0.2000E+01
 -84.732  0.0000E+00  0.2000E+01
 -84.727  0.0000E+00  0.2000E+01
 -84.722  0.0000E+00  0.2000E+01
 -84.717  0.0000E+00  0.2000E+01
 -84.712  0.0000E+00  0.2000E+01
 -84.707  0.0000E+00  0.2000E+01
 -84.702  0.0000E+00  0.2000E+01
 -84.697  0.0000E+00  0.2000E+01
 -84.692  0.0000E+00  0.2000E+01
 -84.687  0.0000E+00  0.2000E+01
 -84.682  0.0000E+00  0.2000E+01
 -84.677  0.0000E+00  0.2000E+01
 -84.672  0.0000E+00  0.2000E+01
 -84.667  0.0000E+00  0.2000E+01
 -84.662  0.0000E+00  0.2000E+01
 -84.657  0.0000E+00  0.2000E+01
 -84.652  0.0000E+00  0.2000E+01
 -84.647  0.0000E+00  0.2000E+01
 -84.642  0.0000E+00  0.2000E+01
 -84.637  0.0000E+00  0.2000E+01
 -84.632  0.0000E+00  0.2000E+01
 -84.627  0.0000E+00  0.2000E+01
 -84.622  0.0000E+00  0.2000E+01
 -84.617  0.0000E+00  0.2000E+01
 -84.612  0.0000E+00  0.2000E+01
 -84.607  0.0000E+00  0.2000E+01
 -84.602  0.0000E+00  0.2000E+01
 -84.597  0.0000E+00  0.2000E+01
 -84.592  0.0000E+00  0.2000E+01
 -84.587  0.0000E+00  0.2000E+01
 -84.582  0.0000E+00  0.2000E+01
 -84.577  0.0000E+00  0.2000E+01
 -84.572  0.0000E+00  0.2000E+01
 -84.567  0.0000E+00  0.2000E+01
 -84.562  0.0000E+00  0.2000E+01
 -84.557  0.0000E+00  0.2000E+01
 -84.552  0.0000E+00  0.2000E+01
 -84.547  0.0000E+00  0.2000E+01
 -84.542  0.0000E+00  0.2000E+01
 -84.537  0.0000E+00  0.2000E+01
 -84.532  0.0000E+00  0.2000E+01
 -84.527  0.0000E+00  0.2000E+01
 -84.522  0.0000E+00  0.2000E+01
 -84.517  0.0000E+00  0.2000E+01
 -84.512  0.0000E+00  0.2000E+01
 -84.507  0.0000E+00  0.2000E+01
 -84.502  0.0000E+00  0.2000E+01
 -84.497  0.0000E+00  0.2000E+01
 -84.492  0.0000E+00  0.2000E+01
 -84.487  0.0000E+00  0.2000E+01
 -84.482  0.0000E+00  0.2000E+01
 -84.477  0.0000E+00  0.2000E+01
 -84.472  0.0000E+00  0.2000E+01
 -84.467  0.0000E+00  0.2000E+01
 -84.462  0.0000E+00  0.2000E+01
 -84.457  0.0000E+00  0.2000E+01
 -84.452  0.0000E+00  0.2000E+01
 -84.447  0.0000E+00  0.2000E+01
 -84.442  0.0000E+00  0.2000E+01
 -84.437  0.0000E+00  0.2000E+01
 -84.432  0.0000E+00  0.2000E+01
 -84.427  0.0000E+00  0.2000E+01
 -84.422  0.0000E+00  0.2000E+01
 -84.417  0.0000E+00  0.2000E+01
 -84.412  0.0000E+00  0.2000E+01
 -84.407  0.0000E+00  0.2000E+01
 -84.402  0.0000E+00  0.2000E+01
 -84.397  0.0000E+00  0.2000E+01
 -84.392  0.0000E+00  0.2000E+01
 -84.387  0.0000E+00  0.2000E+01
 -84.382  0.0000E+00  0.2000E+01
 -84.377  0.0000E+00  0.2000E+01
 -84.372  0.0000E+00  0.2000E+01
 -84.367  0.0000E+00  0.2000E+01
 -84.362  0.0000E+00  0.2000E+01
 -84.357  0.0000E+00  0.2000E+01
 -84.352  0.0000E+00  0.2000E+01
 -84.347  0.0000E+00  0.2000E+01
 -84.342  0.0000E+00  0.2000E+01
 -84.337  0.0000E+00  0.2000E+01
 -84.332  0.0000E+00  0.2000E+01
 -84.327  0.0000E+00  0.2000E+01
 -84.322  0.0000E+00  0.2000E+01
 -84.317  0.0000E+00  0.2000E+01
 -84.312  0.0000E+00  0.2000E+01
 -84.307  0.0000E+00  0.2000E+01
 -84.302  0.0000E+00  0.2000E+01
 -84.297  0.0000E+00  0.2000E+01
 -84.292  0.0000E+00  0.2000E+01
 -84.287  0.0000E+00  0.2000E+01
 -84.282  0.0000E+00  0.2000E+01
 -84.277  0.0000E+00  0.2000E+01
 -84.272  0.0000E+00  0.2000E+01
 -84.267  0.0000E+00  0.2000E+01
 -84.262  0.0000E+00  0.2000E+01
 -84.257  0.0000E+00  0.2000E+01
 -84.252  0.0000E+00  0.2000E+01
 -84.247  0.0000E+00  0.2000E+01
 -84.242  0.0000E+00  0.2000E+01
 -84.237  0.0000E+00  0.2000E+01
 -84.232  0.0000E+00  0.2000E+01
 -84.227  0.0000E+00  0.2000E+01
 -84.222  0.0000E+00  0.2000E+01
 -84.217  0.0000E+00  0.2000E+01
 -84.212  0.0000E+00  0.2000E+01
 -84.207  0.0000E+00  0.2000E+01
 -84.202  0.0000E+00  0.2000E+01
 -84.197  0.0000E+00  0.2000E+01
 -84.192  0.0000E+00  0.2000E+01
 -84.187  0.0000E+00  0.2000E+01
 -84.182  0.0000E+00  0.2000E+01
 -84.177  0.0000E+00  0.2000E+01
 -84.172  0.0000E+00  0.2000E+01
 -84.167  0.0000E+00  0.2000E+01
 -84.162  0.0000E+00  0.2000E+01
 -84.157  0.0000E+00  0.2000E+01
 -84.152  0.0000E+00  0.2000E+01
 -84.147  0.0000E+00  0.2000E+01
 -84.142  0.0000E+00  0.2000E+01
 -84.137  0.0000E+00  0.2000E+01
 -84.132  0.0000E+00  0.2000E+01
 -84.127  0.0000E+00  0.2000E+01
 -84.122  0.0000E+00  0.2000E+01
 -84.117  0.0000E+00  0.2000E+01
 -84.112  0.0000E+00  0.2000E+01
 -84.107  0.0000E+00  0.2000E+01
 -84.102  0.0000E+00  0.2000E+01
 -84.097  0.0000E+00  0.2000E+01
 -84.092  0.0000E+00  0.2000E+01
 -84.087  0.0000E+00  0.2000E+01
 -84.082  0.0000E+00  0.2000E+01
 -84.077  0.0000E+00  0.2000E+01
 -84.072  0.0000E+00  0.2000E+01
 -84.067  0.0000E+00  0.2000E+01
 -84.062  0.0000E+00  0.2000E+01
 -84.057  0.0000E+00  0.2000E+01
 -84.052  0.0000E+00  0.2000E+01
 -84.047  0.0000E+00  0.2000E+01
 -84.042  0.0000E+00  0.2000E+01
 -84.037  0.0000E+00  0.2000E+01
 -84.032  0.0000E+00  0.2000E+01
 -84.027  0.0000E+00  0.2000E+01
 -84.022  0.0000E+00  0.2000E+01
 -84.017  0.0000E+00  0.2000E+01
 -84.012  0.0000E+00  0.2000E+01
 -84.007  0.0000E+00  0.2000E+01
 -84.002  0.0000E+00  0.2000E+01
 -83.997  0.0000E+00  0.2000E+01
 -83.992  0.0000E+00  0.2000E+01
 -83.987  0.0000E+00  0.2000E+01
 -83.982  0.0000E+00  0.2000E+01
 -83.977  0.0000E+00  0.2000E+01
 -83.972  0.0000E+00  0.2000E+01
 -83.967  0.0000E+00  0.2000E+01
 -83.962  0.0000E+00  0.2000E+01
 -83.957  0.0000E+00  0.2000E+01
 -83.952  0.0000E+00  0.2000E+01
 -83.947  0.0000E+00  0.2000E+01
 -83.942  0.0000E+00  0.2000E+01
 -83.937  0.0000E+00  0.2000E+01
 -83.932  0.0000E+00  0.2000E+01
 -83.927  0.0000E+00  0.2000E+01
 -83.922  0.0000E+00  0.2000E+01
 -83.917  0.0000E+00  0.2000E+01
 -83.912  0.0000E+00  0.2000E+01
 -83.907  0.0000E+00  0.2000E+01
 -83.902  0.0000E+00  0.2000E+01
 -83.897  0.0000E+00  0.2000E+01
 -83.892  0.0000E+00  0.2000E+01
 -83.887  0.0000E+00  0.2000E+01
 -83.882  0.0000E+00  0.2000E+01
 -83.877  0.0000E+00  0.2000E+01
 -83.872  0.0000E+00  0.2000E+01
 -83.867  0.0000E+00  0.2000E+01
 -83.862  0.0000E+00  0.2000E+01
 -83.857  0.0000E+00  0.2000E+01
 -83.852  0.0000E+00  0.2000E+01
 -83.847  0.0000E+00  0.2000E+01
 -83.842  0.0000E+00  0.2000E+01
 -83.837  0.0000E+00  0.2000E+01
 -83.832  0.0000E+00  0.2000E+01
 -83.827  0.0000E+00  0.2000E+01
 -83.822  0.0000E+00  0.2000E+01
 -83.817  0.0000E+00  0.2000E+01
 -83.812  0.0000E+00  0.2000E+01
 -83.807  0.0000E+00  0.2000E+01
 -83.802  0.0000E+00  0.2000E+01
 -83.797  0.0000E+00  0.2000E+01
 -83.792  0.0000E+00  0.2000E+01
 -83.787  0.0000E+00  0.2000E+01
 -83.782  0.0000E+00  0.2000E+01
 -83.777  0.0000E+00  0.2000E+01
 -83.772  0.0000E+00  0.2000E+01
 -83.767  0.0000E+00  0.2000E+01
 -83.762  0.0000E+00  0.2000E+01
 -83.757  0.0000E+00  0.2000E+01
 -83.752  0.0000E+00  0.2000E+01
 -83.747  0.0000E+00  0.2000E+01
 -83.742  0.0000E+00  0.2000E+01
 -83.737  0.0000E+00  0.2000E+01
 -83.732  0.0000E+00  0.2000E+01
 -83.727  0.0000E+00  0.2000E+01
 -83.722  0.0000E+00  0.2000E+01
 -83.717  0.0000E+00  0.2000E+01
 -83.712  0.0000E+00  0.2000E+01
 -83.707  0.0000E+00  0.2000E+01
 -83.702  0.0000E+00  0.2000E+01
 -83.697  0.0000E+00  0.2000E+01
 -83.692  0.0000E+00  0.2000E+01
 -83.687  0.0000E+00  0.2000E+01
 -83.682  0.0000E+00  0.2000E+01
 -83.677  0.0000E+00  0.2000E+01
 -83.672  0.0000E+00  0.2000E+01
 -83.667  0.0000E+00  0.2000E+01
 -83.662  0.0000E+00  0.2000E+01
 -83.657  0.0000E+00  0.2000E+01
 -83.652  0.0000E+00  0.2000E+01
 -83.647  0.0000E+00  0.2000E+01
 -83.642  0.0000E+00  0.2000E+01
 -83.637  0.0000E+00  0.2000E+01
 -83.632  0.0000E+00  0.2000E+01
 -83.627  0.0000E+00  0.2000E+01
 -83.622  0.0000E+00  0.2000E+01
 -83.617  0.0000E+00  0.2000E+01
 -83.612  0.0000E+00  0.2000E+01
 -83.607  0.0000E+00  0.2000E+01
 -83.602  0.0000E+00  0.2000E+01
 -83.597  0.0000E+00  0.2000E+01
 -83.592  0.0000E+00  0.2000E+01
 -83.587  0.0000E+00  0.2000E+01
 -83.582  0.0000E+00  0.2000E+01
 -83.577  0.0000E+00  0.2000E+01
 -83.572  0.0000E+00  0.2000E+01
 -83.567  0.0000E+00  0.2000E+01
 -83.562  0.0000E+00  0.2000E+01
 -83.557  0.0000E+00  0.2000E+01
 -83.552  0.0000E+00  0.2000E+01
 -83.547  0.0000E+00  0.2000E+01
 -83.542  0.0000E+00  0.2000E+01
 -83.537  0.0000E+00  0.2000E+01
 -83.532  0.0000E+00  0.2000E+01
 -83.527  0.0000E+00  0.2000E+01
 -83.522  0.0000E+00  0.2000E+01
 -83.517  0.0000E+00  0.2000E+01
 -83.512  0.0000E+00  0.2000E+01
 -83.507  0.0000E+00  0.2000E+01
 -83.502  0.0000E+00  0.2000E+01
 -83.497  0.0000E+00  0.2000E+01
 -83.492  0.0000E+00  0.2000E+01
 -83.487  0.0000E+00  0.2000E+01
 -83.482  0.0000E+00  0.2000E+01
 -83.477  0.0000E+00  0.2000E+01
 -83.472  0.0000E+00  0.2000E+01
 -83.467  0.0000E+00  0.2000E+01
 -83.462  0.0000E+00  0.2000E+01
 -83.457  0.0000E+00  0.2000E+01
 -83.452  0.0000E+00  0.2000E+01
 -83.447  0.0000E+00  0.2000E+01
 -83.442  0.0000E+00  0.2000E+01
 -83.437  0.0000E+00  0.2000E+01
 -83.432  0.0000E+00  0.2000E+01
 -83.427  0.0000E+00  0.2000E+01
 -83.422  0.0000E+00  0.2000E+01
 -83.417  0.0000E+00  0.2000E+01
 -83.412  0.0000E+00  0.2000E+01
 -83.407  0.0000E+00  0.2000E+01
 -83.402  0.0000E+00  0.2000E+01
 -83.397  0.0000E+00  0.2000E+01
 -83.392  0.0000E+00  0.2000E+01
 -83.387  0.0000E+00  0.2000E+01
 -83.382  0.0000E+00  0.2000E+01
 -83.377  0.0000E+00  0.2000E+01
 -83.372  0.0000E+00  0.2000E+01
 -83.367  0.0000E+00  0.2000E+01
 -83.362  0.0000E+00  0.2000E+01
 -83.357  0.0000E+00  0.2000E+01
 -83.352  0.0000E+00  0.2000E+01
 -83.347  0.0000E+00  0.2000E+01
 -83.342  0.0000E+00  0.2000E+01
 -83.337  0.0000E+00  0.2000E+01
 -83.332  0.0000E+00  0.2000E+01
 -83.327  0.0000E+00  0.2000E+01
 -83.322  0.0000E+00  0.2000E+01
 -83.317  0.0000E+00  0.2000E+01
 -83.312  0.0000E+00  0.2000E+01
 -83.307  0.0000E+00  0.2000E+01
 -83.302  0.0000E+00  0.2000E+01
 -83.297  0.0000E+00  0.2000E+01
 -83.292  0.0000E+00  0.2000E+01
 -83.287  0.0000E+00  0.2000E+01
 -83.282  0.0000E+00  0.2000E+01
 -83.277  0.0000E+00  0.2000E+01
 -83.272  0.0000E+00  0.2000E+01
 -83.267  0.0000E+00  0.2000E+01
 -83.262  0.0000E+00  0.2000E+01
 -83.257  0.0000E+00  0.2000E+01
 -83.252  0.0000E+00  0.2000E+01
 -83.247  0.0000E+00  0.2000E+01
 -83.242  0.0000E+00  0.2000E+01
 -83.237  0.0000E+00  0.2000E+01
 -83.232  0.0000E+00  0.2000E+01
 -83.227  0.0000E+00  0.2000E+01
 -83.222  0.0000E+00  0.2000E+01
 -83.217  0.0000E+00  0.2000E+01
 -83.212  0.0000E+00  0.2000E+01
 -83.207  0.0000E+00  0.2000E+01
 -83.202  0.0000E+00  0.2000E+01
 -83.197  0.0000E+00  0.2000E+01
 -83.192  0.0000E+00  0.2000E+01
 -83.187  0.0000E+00  0.2000E+01
 -83.182  0.0000E+00  0.2000E+01
 -83.177  0.0000E+00  0.2000E+01
 -83.172  0.0000E+00  0.2000E+01
 -83.167  0.0000E+00  0.2000E+01
 -83.162  0.0000E+00  0.2000E+01
 -83.157  0.0000E+00  0.2000E+01
 -83.152  0.0000E+00  0.2000E+01
 -83.147  0.0000E+00  0.2000E+01
 -83.142  0.0000E+00  0.2000E+01
 -83.137  0.0000E+00  0.2000E+01
 -83.132  0.0000E+00  0.2000E+01
 -83.127  0.0000E+00  0.2000E+01
 -83.122  0.0000E+00  0.2000E+01
 -83.117  0.0000E+00  0.2000E+01
 -83.112  0.0000E+00  0.2000E+01
 -83.107  0.0000E+00  0.2000E+01
 -83.102  0.0000E+00  0.2000E+01
 -83.097  0.0000E+00  0.2000E+01
 -83.092  0.0000E+00  0.2000E+01
 -83.087  0.0000E+00  0.2000E+01
 -83.082  0.0000E+00  0.2000E+01
 -83.077  0.0000E+00  0.2000E+01
 -83.072  0.0000E+00  0.2000E+01
 -83.067  0.0000E+00  0.2000E+01
 -83.062  0.0000E+00  0.2000E+01
 -83.057  0.0000E+00  0.2000E+01
 -83.052  0.0000E+00  0.2000E+01
 -83.047  0.0000E+00  0.2000E+01
 -83.042  0.0000E+00  0.2000E+01
 -83.037  0.0000E+00  0.2000E+01
 -83.032  0.0000E+00  0.2000E+01
 -83.027  0.0000E+00  0.2000E+01
 -83.022  0.0000E+00  0.2000E+01
 -83.017  0.0000E+00  0.2000E+01
 -83.012  0.0000E+00  0.2000E+01
 -83.007  0.0000E+00  0.2000E+01
 -83.002  0.0000E+00  0.2000E+01
 -82.997  0.0000E+00  0.2000E+01
 -82.992  0.0000E+00  0.2000E+01
 -82.987  0.0000E+00  0.2000E+01
 -82.982  0.0000E+00  0.2000E+01
 -82.977  0.0000E+00  0.2000E+01
 -82.972  0.0000E+00  0.2000E+01
 -82.967  0.0000E+00  0.2000E+01
 -82.962  0.0000E+00  0.2000E+01
 -82.957  0.0000E+00  0.2000E+01
 -82.952  0.0000E+00  0.2000E+01
 -82.947  0.0000E+00  0.2000E+01
 -82.942  0.0000E+00  0.2000E+01
 -82.937  0.0000E+00  0.2000E+01
 -82.932  0.0000E+00  0.2000E+01
 -82.927  0.0000E+00  0.2000E+01
 -82.922  0.0000E+00  0.2000E+01
 -82.917  0.0000E+00  0.2000E+01
 -82.912  0.0000E+00  0.2000E+01
 -82.907  0.0000E+00  0.2000E+01
 -82.902  0.0000E+00  0.2000E+01
 -82.897  0.0000E+00  0.2000E+01
 -82.892  0.0000E+00  0.2000E+01
 -82.887  0.0000E+00  0.2000E+01
 -82.882  0.0000E+00  0.2000E+01
 -82.877  0.0000E+00  0.2000E+01
 -82.872  0.0000E+00  0.2000E+01
 -82.867  0.0000E+00  0.2000E+01
 -82.862  0.0000E+00  0.2000E+01
 -82.857  0.0000E+00  0.2000E+01
 -82.852  0.0000E+00  0.2000E+01
 -82.847  0.0000E+00  0.2000E+01
 -82.842  0.0000E+00  0.2000E+01
 -82.837  0.0000E+00  0.2000E+01
 -82.832  0.0000E+00  0.2000E+01
 -82.827  0.0000E+00  0.2000E+01
 -82.822  0.0000E+00  0.2000E+01
 -82.817  0.0000E+00  0.2000E+01
 -82.812  0.0000E+00  0.2000E+01
 -82.807  0.0000E+00  0.2000E+01
 -82.802  0.0000E+00  0.2000E+01
 -82.797  0.0000E+00  0.2000E+01
 -82.792  0.0000E+00  0.2000E+01
 -82.787  0.0000E+00  0.2000E+01
 -82.782  0.0000E+00  0.2000E+01
 -82.777  0.0000E+00  0.2000E+01
 -82.772  0.0000E+00  0.2000E+01
 -82.767  0.0000E+00  0.2000E+01
 -82.762  0.0000E+00  0.2000E+01
 -82.757  0.0000E+00  0.2000E+01
 -82.752  0.0000E+00  0.2000E+01
 -82.747  0.0000E+00  0.2000E+01
 -82.742  0.0000E+00  0.2000E+01
 -82.737  0.0000E+00  0.2000E+01
 -82.732  0.0000E+00  0.2000E+01
 -82.727  0.0000E+00  0.2000E+01
 -82.722  0.0000E+00  0.2000E+01
 -82.717  0.0000E+00  0.2000E+01
 -82.712  0.0000E+00  0.2000E+01
 -82.707  0.0000E+00  0.2000E+01
 -82.702  0.0000E+00  0.2000E+01
 -82.697  0.0000E+00  0.2000E+01
 -82.692  0.0000E+00  0.2000E+01
 -82.687  0.0000E+00  0.2000E+01
 -82.682  0.0000E+00  0.2000E+01
 -82.677  0.0000E+00  0.2000E+01
 -82.672  0.0000E+00  0.2000E+01
 -82.667  0.0000E+00  0.2000E+01
 -82.662  0.0000E+00  0.2000E+01
 -82.657  0.0000E+00  0.2000E+01
 -82.652  0.0000E+00  0.2000E+01
 -82.647  0.0000E+00  0.2000E+01
 -82.642  0.0000E+00  0.2000E+01
 -82.637  0.0000E+00  0.2000E+01
 -82.632  0.0000E+00  0.2000E+01
 -82.627  0.0000E+00  0.2000E+01
 -82.622  0.0000E+00  0.2000E+01
 -82.617  0.0000E+00  0.2000E+01
 -82.612  0.0000E+00  0.2000E+01
 -82.607  0.0000E+00  0.2000E+01
 -82.602  0.0000E+00  0.2000E+01
 -82.597  0.0000E+00  0.2000E+01
 -82.592  0.0000E+00  0.2000E+01
 -82.587  0.0000E+00  0.2000E+01
 -82.582  0.0000E+00  0.2000E+01
 -82.577  0.0000E+00  0.2000E+01
 -82.572  0.0000E+00  0.2000E+01
 -82.567  0.0000E+00  0.2000E+01
 -82.562  0.0000E+00  0.2000E+01
 -82.557  0.0000E+00  0.2000E+01
 -82.552  0.0000E+00  0.2000E+01
 -82.547  0.0000E+00  0.2000E+01
 -82.542  0.0000E+00  0.2000E+01
 -82.537  0.0000E+00  0.2000E+01
 -82.532  0.0000E+00  0.2000E+01
 -82.527  0.0000E+00  0.2000E+01
 -82.522  0.0000E+00  0.2000E+01
 -82.517  0.0000E+00  0.2000E+01
 -82.512  0.0000E+00  0.2000E+01
 -82.507  0.0000E+00  0.2000E+01
 -82.502  0.0000E+00  0.2000E+01
 -82.497  0.0000E+00  0.2000E+01
 -82.492  0.0000E+00  0.2000E+01
 -82.487  0.0000E+00  0.2000E+01
 -82.482  0.0000E+00  0.2000E+01
 -82.477  0.0000E+00  0.2000E+01
 -82.472  0.0000E+00  0.2000E+01
 -82.467  0.0000E+00  0.2000E+01
 -82.462  0.0000E+00  0.2000E+01
 -82.457  0.0000E+00  0.2000E+01
 -82.452  0.0000E+00  0.2000E+01
 -82.447  0.0000E+00  0.2000E+01
 -82.442  0.0000E+00  0.2000E+01
 -82.437  0.0000E+00  0.2000E+01
 -82.432  0.0000E+00  0.2000E+01
 -82.427  0.0000E+00  0.2000E+01
 -82.422  0.0000E+00  0.2000E+01
 -82.417  0.0000E+00  0.2000E+01
 -82.412  0.0000E+00  0.2000E+01
 -82.407  0.0000E+00  0.2000E+01
 -82.402  0.0000E+00  0.2000E+01
 -82.397  0.0000E+00  0.2000E+01
 -82.392  0.0000E+00  0.2000E+01
 -82.387  0.0000E+00  0.2000E+01
 -82.382  0.0000E+00  0.2000E+01
 -82.377  0.0000E+00  0.2000E+01
 -82.372  0.0000E+00  0.2000E+01
 -82.367  0.0000E+00  0.2000E+01
 -82.362  0.0000E+00  0.2000E+01
 -82.357  0.0000E+00  0.2000E+01
 -82.352  0.0000E+00  0.2000E+01
 -82.347  0.0000E+00  0.2000E+01
 -82.342  0.0000E+00  0.2000E+01
 -82.337  0.0000E+00  0.2000E+01
 -82.332  0.0000E+00  0.2000E+01
 -82.327  0.0000E+00  0.2000E+01
 -82.322  0.0000E+00  0.2000E+01
 -82.317  0.0000E+00  0.2000E+01
 -82.312  0.0000E+00  0.2000E+01
 -82.307  0.0000E+00  0.2000E+01
 -82.302  0.0000E+00  0.2000E+01
 -82.297  0.0000E+00  0.2000E+01
 -82.292  0.0000E+00  0.2000E+01
 -82.287  0.0000E+00  0.2000E+01
 -82.282  0.0000E+00  0.2000E+01
 -82.277  0.0000E+00  0.2000E+01
 -82.272  0.0000E+00  0.2000E+01
 -82.267  0.0000E+00  0.2000E+01
 -82.262  0.0000E+00  0.2000E+01
 -82.257  0.0000E+00  0.2000E+01
 -82.252  0.0000E+00  0.2000E+01
 -82.247  0.0000E+00  0.2000E+01
 -82.242  0.0000E+00  0.2000E+01
 -82.237  0.0000E+00  0.2000E+01
 -82.232  0.0000E+00  0.2000E+01
 -82.227  0.0000E+00  0.2000E+01
 -82.222  0.0000E+00  0.2000E+01
 -82.217  0.0000E+00  0.2000E+01
 -82.212  0.0000E+00  0.2000E+01
 -82.207  0.0000E+00  0.2000E+01
 -82.202  0.0000E+00  0.2000E+01
 -82.197  0.0000E+00  0.2000E+01
 -82.192  0.0000E+00  0.2000E+01
 -82.187  0.0000E+00  0.2000E+01
 -82.182  0.0000E+00  0.2000E+01
 -82.177  0.0000E+00  0.2000E+01
 -82.172  0.0000E+00  0.2000E+01
 -82.167  0.0000E+00  0.2000E+01
 -82.162  0.0000E+00  0.2000E+01
 -82.157  0.0000E+00  0.2000E+01
 -82.152  0.0000E+00  0.2000E+01
 -82.147  0.0000E+00  0.2000E+01
 -82.142  0.0000E+00  0.2000E+01
 -82.137  0.0000E+00  0.2000E+01
 -82.132  0.0000E+00  0.2000E+01
 -82.127  0.0000E+00  0.2000E+01
 -82.122  0.0000E+00  0.2000E+01
 -82.117  0.0000E+00  0.2000E+01
 -82.112  0.0000E+00  0.2000E+01
 -82.107  0.0000E+00  0.2000E+01
 -82.102  0.0000E+00  0.2000E+01
 -82.097  0.0000E+00  0.2000E+01
 -82.092  0.0000E+00  0.2000E+01
 -82.087  0.0000E+00  0.2000E+01
 -82.082  0.0000E+00  0.2000E+01
 -82.077  0.0000E+00  0.2000E+01
 -82.072  0.0000E+00  0.2000E+01
 -82.067  0.0000E+00  0.2000E+01
 -82.062  0.0000E+00  0.2000E+01
 -82.057  0.0000E+00  0.2000E+01
 -82.052  0.0000E+00  0.2000E+01
 -82.047  0.0000E+00  0.2000E+01
 -82.042  0.0000E+00  0.2000E+01
 -82.037  0.0000E+00  0.2000E+01
 -82.032  0.0000E+00  0.2000E+01
 -82.027  0.0000E+00  0.2000E+01
 -82.022  0.0000E+00  0.2000E+01
 -82.017  0.0000E+00  0.2000E+01
 -82.012  0.0000E+00  0.2000E+01
 -82.007  0.0000E+00  0.2000E+01
 -82.002  0.0000E+00  0.2000E+01
 -81.997  0.0000E+00  0.2000E+01
 -81.992  0.0000E+00  0.2000E+01
 -81.987  0.0000E+00  0.2000E+01
 -81.982  0.0000E+00  0.2000E+01
 -81.977  0.0000E+00  0.2000E+01
 -81.972  0.0000E+00  0.2000E+01
 -81.967  0.0000E+00  0.2000E+01
 -81.962  0.0000E+00  0.2000E+01
 -81.957  0.0000E+00  0.2000E+01
 -81.952  0.0000E+00  0.2000E+01
 -81.947  0.0000E+00  0.2000E+01
 -81.942  0.0000E+00  0.2000E+01
 -81.937  0.0000E+00  0.2000E+01
 -81.932  0.0000E+00  0.2000E+01
 -81.927  0.0000E+00  0.2000E+01
 -81.922  0.0000E+00  0.2000E+01
 -81.917  0.0000E+00  0.2000E+01
 -81.912  0.0000E+00  0.2000E+01
 -81.907  0.0000E+00  0.2000E+01
 -81.902  0.0000E+00  0.2000E+01
 -81.897  0.0000E+00  0.2000E+01
 -81.892  0.0000E+00  0.2000E+01
 -81.887  0.0000E+00  0.2000E+01
 -81.882  0.0000E+00  0.2000E+01
 -81.877  0.0000E+00  0.2000E+01
 -81.872  0.0000E+00  0.2000E+01
 -81.867  0.0000E+00  0.2000E+01
 -81.862  0.0000E+00  0.2000E+01
 -81.857  0.0000E+00  0.2000E+01
 -81.852  0.0000E+00  0.2000E+01
 -81.847  0.0000E+00  0.2000E+01
 -81.842  0.0000E+00  0.2000E+01
 -81.837  0.0000E+00  0.2000E+01
 -81.832  0.0000E+00  0.2000E+01
 -81.827  0.0000E+00  0.2000E+01
 -81.822  0.0000E+00  0.2000E+01
 -81.817  0.0000E+00  0.2000E+01
 -81.812  0.0000E+00  0.2000E+01
 -81.807  0.0000E+00  0.2000E+01
 -81.802  0.0000E+00  0.2000E+01
 -81.797  0.0000E+00  0.2000E+01
 -81.792  0.0000E+00  0.2000E+01
 -81.787  0.0000E+00  0.2000E+01
 -81.782  0.0000E+00  0.2000E+01
 -81.777  0.0000E+00  0.2000E+01
 -81.772  0.0000E+00  0.2000E+01
 -81.767  0.0000E+00  0.2000E+01
 -81.762  0.0000E+00  0.2000E+01
 -81.757  0.0000E+00  0.2000E+01
 -81.752  0.0000E+00  0.2000E+01
 -81.747  0.0000E+00  0.2000E+01
 -81.742  0.0000E+00  0.2000E+01
 -81.737  0.0000E+00  0.2000E+01
 -81.732  0.0000E+00  0.2000E+01
 -81.727  0.0000E+00  0.2000E+01
 -81.722  0.0000E+00  0.2000E+01
 -81.717  0.0000E+00  0.2000E+01
 -81.712  0.0000E+00  0.2000E+01
 -81.707  0.0000E+00  0.2000E+01
 -81.702  0.0000E+00  0.2000E+01
 -81.697  0.0000E+00  0.2000E+01
 -81.692  0.0000E+00  0.2000E+01
 -81.687  0.0000E+00  0.2000E+01
 -81.682  0.0000E+00  0.2000E+01
 -81.677  0.0000E+00  0.2000E+01
 -81.672  0.0000E+00  0.2000E+01
 -81.667  0.0000E+00  0.2000E+01
 -81.662  0.0000E+00  0.2000E+01
 -81.657  0.0000E+00  0.2000E+01
 -81.652  0.0000E+00  0.2000E+01
 -81.647  0.0000E+00  0.2000E+01
 -81.642  0.0000E+00  0.2000E+01
 -81.637  0.0000E+00  0.2000E+01
 -81.632  0.0000E+00  0.2000E+01
 -81.627  0.0000E+00  0.2000E+01
 -81.622  0.0000E+00  0.2000E+01
 -81.617  0.0000E+00  0.2000E+01
 -81.612  0.0000E+00  0.2000E+01
 -81.607  0.0000E+00  0.2000E+01
 -81.602  0.0000E+00  0.2000E+01
 -81.597  0.0000E+00  0.2000E+01
 -81.592  0.0000E+00  0.2000E+01
 -81.587  0.0000E+00  0.2000E+01
 -81.582  0.0000E+00  0.2000E+01
 -81.577  0.0000E+00  0.2000E+01
 -81.572  0.0000E+00  0.2000E+01
 -81.567  0.0000E+00  0.2000E+01
 -81.562  0.0000E+00  0.2000E+01
 -81.557  0.0000E+00  0.2000E+01
 -81.552  0.0000E+00  0.2000E+01
 -81.547  0.0000E+00  0.2000E+01
 -81.542  0.0000E+00  0.2000E+01
 -81.537  0.0000E+00  0.2000E+01
 -81.532  0.0000E+00  0.2000E+01
 -81.527  0.0000E+00  0.2000E+01
 -81.522  0.0000E+00  0.2000E+01
 -81.517  0.0000E+00  0.2000E+01
 -81.512  0.0000E+00  0.2000E+01
 -81.507  0.0000E+00  0.2000E+01
 -81.502  0.0000E+00  0.2000E+01
 -81.497  0.0000E+00  0.2000E+01
 -81.492  0.0000E+00  0.2000E+01
 -81.487  0.0000E+00  0.2000E+01
 -81.482  0.0000E+00  0.2000E+01
 -81.477  0.0000E+00  0.2000E+01
 -81.472  0.0000E+00  0.2000E+01
 -81.467  0.0000E+00  0.2000E+01
 -81.462  0.0000E+00  0.2000E+01
 -81.457  0.0000E+00  0.2000E+01
 -81.452  0.0000E+00  0.2000E+01
 -81.447  0.0000E+00  0.2000E+01
 -81.442  0.0000E+00  0.2000E+01
 -81.437  0.0000E+00  0.2000E+01
 -81.432  0.0000E+00  0.2000E+01
 -81.427  0.0000E+00  0.2000E+01
 -81.422  0.0000E+00  0.2000E+01
 -81.417  0.0000E+00  0.2000E+01
 -81.412  0.0000E+00  0.2000E+01
 -81.407  0.0000E+00  0.2000E+01
 -81.402  0.0000E+00  0.2000E+01
 -81.397  0.0000E+00  0.2000E+01
 -81.392  0.0000E+00  0.2000E+01
 -81.387  0.0000E+00  0.2000E+01
 -81.382  0.0000E+00  0.2000E+01
 -81.377  0.0000E+00  0.2000E+01
 -81.372  0.0000E+00  0.2000E+01
 -81.367  0.0000E+00  0.2000E+01
 -81.362  0.0000E+00  0.2000E+01
 -81.357  0.0000E+00  0.2000E+01
 -81.352  0.0000E+00  0.2000E+01
 -81.347  0.0000E+00  0.2000E+01
 -81.342  0.0000E+00  0.2000E+01
 -81.337  0.0000E+00  0.2000E+01
 -81.332  0.0000E+00  0.2000E+01
 -81.327  0.0000E+00  0.2000E+01
 -81.322  0.0000E+00  0.2000E+01
 -81.317  0.0000E+00  0.2000E+01
 -81.312  0.0000E+00  0.2000E+01
 -81.307  0.0000E+00  0.2000E+01
 -81.302  0.0000E+00  0.2000E+01
 -81.297  0.0000E+00  0.2000E+01
 -81.292  0.0000E+00  0.2000E+01
 -81.287  0.0000E+00  0.2000E+01
 -81.282  0.0000E+00  0.2000E+01
 -81.277  0.0000E+00  0.2000E+01
 -81.272  0.0000E+00  0.2000E+01
 -81.267  0.0000E+00  0.2000E+01
 -81.262  0.0000E+00  0.2000E+01
 -81.257  0.0000E+00  0.2000E+01
 -81.252  0.0000E+00  0.2000E+01
 -81.247  0.0000E+00  0.2000E+01
 -81.242  0.0000E+00  0.2000E+01
 -81.237  0.0000E+00  0.2000E+01
 -81.232  0.0000E+00  0.2000E+01
 -81.227  0.0000E+00  0.2000E+01
 -81.222  0.0000E+00  0.2000E+01
 -81.217  0.0000E+00  0.2000E+01
 -81.212  0.0000E+00  0.2000E+01
 -81.207  0.0000E+00  0.2000E+01
 -81.202  0.0000E+00  0.2000E+01
 -81.197  0.0000E+00  0.2000E+01
 -81.192  0.0000E+00  0.2000E+01
 -81.187  0.0000E+00  0.2000E+01
 -81.182  0.0000E+00  0.2000E+01
 -81.177  0.0000E+00  0.2000E+01
 -81.172  0.0000E+00  0.2000E+01
 -81.167  0.0000E+00  0.2000E+01
 -81.162  0.0000E+00  0.2000E+01
 -81.157  0.0000E+00  0.2000E+01
 -81.152  0.0000E+00  0.2000E+01
 -81.147  0.0000E+00  0.2000E+01
 -81.142  0.0000E+00  0.2000E+01
 -81.137  0.0000E+00  0.2000E+01
 -81.132  0.0000E+00  0.2000E+01
 -81.127  0.0000E+00  0.2000E+01
 -81.122  0.0000E+00  0.2000E+01
 -81.117  0.0000E+00  0.2000E+01
 -81.112  0.0000E+00  0.2000E+01
 -81.107  0.0000E+00  0.2000E+01
 -81.102  0.0000E+00  0.2000E+01
 -81.097  0.0000E+00  0.2000E+01
 -81.092  0.0000E+00  0.2000E+01
 -81.087  0.0000E+00  0.2000E+01
 -81.082  0.0000E+00  0.2000E+01
 -81.077  0.0000E+00  0.2000E+01
 -81.072  0.0000E+00  0.2000E+01
 -81.067  0.0000E+00  0.2000E+01
 -81.062  0.0000E+00  0.2000E+01
 -81.057  0.0000E+00  0.2000E+01
 -81.052  0.0000E+00  0.2000E+01
 -81.047  0.0000E+00  0.2000E+01
 -81.042  0.0000E+00  0.2000E+01
 -81.037  0.0000E+00  0.2000E+01
 -81.032  0.0000E+00  0.2000E+01
 -81.027  0.0000E+00  0.2000E+01
 -81.022  0.0000E+00  0.2000E+01
 -81.017  0.0000E+00  0.2000E+01
 -81.012  0.0000E+00  0.2000E+01
 -81.007  0.0000E+00  0.2000E+01
 -81.002  0.0000E+00  0.2000E+01
 -80.997  0.0000E+00  0.2000E+01
 -80.992  0.0000E+00  0.2000E+01
 -80.987  0.0000E+00  0.2000E+01
 -80.982  0.0000E+00  0.2000E+01
 -80.977  0.0000E+00  0.2000E+01
 -80.972  0.0000E+00  0.2000E+01
 -80.967  0.0000E+00  0.2000E+01
 -80.962  0.0000E+00  0.2000E+01
 -80.957  0.0000E+00  0.2000E+01
 -80.952  0.0000E+00  0.2000E+01
 -80.947  0.0000E+00  0.2000E+01
 -80.942  0.0000E+00  0.2000E+01
 -80.937  0.0000E+00  0.2000E+01
 -80.932  0.0000E+00  0.2000E+01
 -80.927  0.0000E+00  0.2000E+01
 -80.922  0.0000E+00  0.2000E+01
 -80.917  0.0000E+00  0.2000E+01
 -80.912  0.0000E+00  0.2000E+01
 -80.907  0.0000E+00  0.2000E+01
 -80.902  0.0000E+00  0.2000E+01
 -80.897  0.0000E+00  0.2000E+01
 -80.892  0.0000E+00  0.2000E+01
 -80.887  0.0000E+00  0.2000E+01
 -80.882  0.0000E+00  0.2000E+01
 -80.877  0.0000E+00  0.2000E+01
 -80.872  0.0000E+00  0.2000E+01
 -80.867  0.0000E+00  0.2000E+01
 -80.862  0.0000E+00  0.2000E+01
 -80.857  0.0000E+00  0.2000E+01
 -80.852  0.0000E+00  0.2000E+01
 -80.847  0.0000E+00  0.2000E+01
 -80.842  0.0000E+00  0.2000E+01
 -80.837  0.0000E+00  0.2000E+01
 -80.832  0.0000E+00  0.2000E+01
 -80.827  0.0000E+00  0.2000E+01
 -80.822  0.0000E+00  0.2000E+01
 -80.817  0.0000E+00  0.2000E+01
 -80.812  0.0000E+00  0.2000E+01
 -80.807  0.0000E+00  0.2000E+01
 -80.802  0.0000E+00  0.2000E+01
 -80.797  0.0000E+00  0.2000E+01
 -80.792  0.0000E+00  0.2000E+01
 -80.787  0.0000E+00  0.2000E+01
 -80.782  0.0000E+00  0.2000E+01
 -80.777  0.0000E+00  0.2000E+01
 -80.772  0.0000E+00  0.2000E+01
 -80.767  0.0000E+00  0.2000E+01
 -80.762  0.0000E+00  0.2000E+01
 -80.757  0.0000E+00  0.2000E+01
 -80.752  0.0000E+00  0.2000E+01
 -80.747  0.0000E+00  0.2000E+01
 -80.742  0.0000E+00  0.2000E+01
 -80.737  0.0000E+00  0.2000E+01
 -80.732  0.0000E+00  0.2000E+01
 -80.727  0.0000E+00  0.2000E+01
 -80.722  0.0000E+00  0.2000E+01
 -80.717  0.0000E+00  0.2000E+01
 -80.712  0.0000E+00  0.2000E+01
 -80.707  0.0000E+00  0.2000E+01
 -80.702  0.0000E+00  0.2000E+01
 -80.697  0.0000E+00  0.2000E+01
 -80.692  0.0000E+00  0.2000E+01
 -80.687  0.0000E+00  0.2000E+01
 -80.682  0.0000E+00  0.2000E+01
 -80.677  0.0000E+00  0.2000E+01
 -80.672  0.0000E+00  0.2000E+01
 -80.667  0.0000E+00  0.2000E+01
 -80.662  0.0000E+00  0.2000E+01
 -80.657  0.0000E+00  0.2000E+01
 -80.652  0.0000E+00  0.2000E+01
 -80.647  0.0000E+00  0.2000E+01
 -80.642  0.0000E+00  0.2000E+01
 -80.637  0.0000E+00  0.2000E+01
 -80.632  0.0000E+00  0.2000E+01
 -80.627  0.0000E+00  0.2000E+01
 -80.622  0.0000E+00  0.2000E+01
 -80.617  0.0000E+00  0.2000E+01
 -80.612  0.0000E+00  0.2000E+01
 -80.607  0.0000E+00  0.2000E+01
 -80.602  0.0000E+00  0.2000E+01
 -80.597  0.0000E+00  0.2000E+01
 -80.592  0.0000E+00  0.2000E+01
 -80.587  0.0000E+00  0.2000E+01
 -80.582  0.0000E+00  0.2000E+01
 -80.577  0.0000E+00  0.2000E+01
 -80.572  0.0000E+00  0.2000E+01
 -80.567  0.0000E+00  0.2000E+01
 -80.562  0.0000E+00  0.2000E+01
 -80.557  0.0000E+00  0.2000E+01
 -80.552  0.0000E+00  0.2000E+01
 -80.547  0.0000E+00  0.2000E+01
 -80.542  0.0000E+00  0.2000E+01
 -80.537  0.0000E+00  0.2000E+01
 -80.532  0.0000E+00  0.2000E+01
 -80.527  0.0000E+00  0.2000E+01
 -80.522  0.0000E+00  0.2000E+01
 -80.517  0.0000E+00  0.2000E+01
 -80.512  0.0000E+00  0.2000E+01
 -80.507  0.0000E+00  0.2000E+01
 -80.502  0.0000E+00  0.2000E+01
 -80.497  0.0000E+00  0.2000E+01
 -80.492  0.0000E+00  0.2000E+01
 -80.487  0.0000E+00  0.2000E+01
 -80.482  0.0000E+00  0.2000E+01
 -80.477  0.0000E+00  0.2000E+01
 -80.472  0.0000E+00  0.2000E+01
 -80.467  0.0000E+00  0.2000E+01
 -80.462  0.0000E+00  0.2000E+01
 -80.457  0.0000E+00  0.2000E+01
 -80.452  0.0000E+00  0.2000E+01
 -80.447  0.0000E+00  0.2000E+01
 -80.442  0.0000E+00  0.2000E+01
 -80.437  0.0000E+00  0.2000E+01
 -80.432  0.0000E+00  0.2000E+01
 -80.427  0.0000E+00  0.2000E+01
 -80.422  0.0000E+00  0.2000E+01
 -80.417  0.0000E+00  0.2000E+01
 -80.412  0.0000E+00  0.2000E+01
 -80.407  0.0000E+00  0.2000E+01
 -80.402  0.0000E+00  0.2000E+01
 -80.397  0.0000E+00  0.2000E+01
 -80.392  0.0000E+00  0.2000E+01
 -80.387  0.0000E+00  0.2000E+01
 -80.382  0.0000E+00  0.2000E+01
 -80.377  0.0000E+00  0.2000E+01
 -80.372  0.0000E+00  0.2000E+01
 -80.367  0.0000E+00  0.2000E+01
 -80.362  0.0000E+00  0.2000E+01
 -80.357  0.0000E+00  0.2000E+01
 -80.352  0.0000E+00  0.2000E+01
 -80.347  0.0000E+00  0.2000E+01
 -80.342  0.0000E+00  0.2000E+01
 -80.337  0.0000E+00  0.2000E+01
 -80.332  0.0000E+00  0.2000E+01
 -80.327  0.0000E+00  0.2000E+01
 -80.322  0.0000E+00  0.2000E+01
 -80.317  0.0000E+00  0.2000E+01
 -80.312  0.0000E+00  0.2000E+01
 -80.307  0.0000E+00  0.2000E+01
 -80.302  0.0000E+00  0.2000E+01
 -80.297  0.0000E+00  0.2000E+01
 -80.292  0.0000E+00  0.2000E+01
 -80.287  0.0000E+00  0.2000E+01
 -80.282  0.0000E+00  0.2000E+01
 -80.277  0.0000E+00  0.2000E+01
 -80.272  0.0000E+00  0.2000E+01
 -80.267  0.0000E+00  0.2000E+01
 -80.262  0.0000E+00  0.2000E+01
 -80.257  0.0000E+00  0.2000E+01
 -80.252  0.0000E+00  0.2000E+01
 -80.247  0.0000E+00  0.2000E+01
 -80.242  0.0000E+00  0.2000E+01
 -80.237  0.0000E+00  0.2000E+01
 -80.232  0.0000E+00  0.2000E+01
 -80.227  0.0000E+00  0.2000E+01
 -80.222  0.0000E+00  0.2000E+01
 -80.217  0.0000E+00  0.2000E+01
 -80.212  0.0000E+00  0.2000E+01
 -80.207  0.0000E+00  0.2000E+01
 -80.202  0.0000E+00  0.2000E+01
 -80.197  0.0000E+00  0.2000E+01
 -80.192  0.0000E+00  0.2000E+01
 -80.187  0.0000E+00  0.2000E+01
 -80.182  0.0000E+00  0.2000E+01
 -80.177  0.0000E+00  0.2000E+01
 -80.172  0.0000E+00  0.2000E+01
 -80.167  0.0000E+00  0.2000E+01
 -80.162  0.0000E+00  0.2000E+01
 -80.157  0.0000E+00  0.2000E+01
 -80.152  0.0000E+00  0.2000E+01
 -80.147  0.0000E+00  0.2000E+01
 -80.142  0.0000E+00  0.2000E+01
 -80.137  0.0000E+00  0.2000E+01
 -80.132  0.0000E+00  0.2000E+01
 -80.127  0.0000E+00  0.2000E+01
 -80.122  0.0000E+00  0.2000E+01
 -80.117  0.0000E+00  0.2000E+01
 -80.112  0.0000E+00  0.2000E+01
 -80.107  0.0000E+00  0.2000E+01
 -80.102  0.0000E+00  0.2000E+01
 -80.097  0.0000E+00  0.2000E+01
 -80.092  0.0000E+00  0.2000E+01
 -80.087  0.0000E+00  0.2000E+01
 -80.082  0.0000E+00  0.2000E+01
 -80.077  0.0000E+00  0.2000E+01
 -80.072  0.0000E+00  0.2000E+01
 -80.067  0.0000E+00  0.2000E+01
 -80.062  0.0000E+00  0.2000E+01
 -80.057  0.0000E+00  0.2000E+01
 -80.052  0.0000E+00  0.2000E+01
 -80.047  0.0000E+00  0.2000E+01
 -80.042  0.0000E+00  0.2000E+01
 -80.037  0.0000E+00  0.2000E+01
 -80.032  0.0000E+00  0.2000E+01
 -80.027  0.0000E+00  0.2000E+01
 -80.022  0.0000E+00  0.2000E+01
 -80.017  0.0000E+00  0.2000E+01
 -80.012  0.0000E+00  0.2000E+01
 -80.007  0.0000E+00  0.2000E+01
 -80.002  0.0000E+00  0.2000E+01
 -79.997  0.0000E+00  0.2000E+01
 -79.992  0.0000E+00  0.2000E+01
 -79.987  0.0000E+00  0.2000E+01
 -79.982  0.0000E+00  0.2000E+01
 -79.977  0.0000E+00  0.2000E+01
 -79.972  0.0000E+00  0.2000E+01
 -79.967  0.0000E+00  0.2000E+01
 -79.962  0.0000E+00  0.2000E+01
 -79.957  0.0000E+00  0.2000E+01
 -79.952  0.0000E+00  0.2000E+01
 -79.947  0.0000E+00  0.2000E+01
 -79.942  0.0000E+00  0.2000E+01
 -79.937  0.0000E+00  0.2000E+01
 -79.932  0.0000E+00  0.2000E+01
 -79.927  0.0000E+00  0.2000E+01
 -79.922  0.0000E+00  0.2000E+01
 -79.917  0.0000E+00  0.2000E+01
 -79.912  0.0000E+00  0.2000E+01
 -79.907  0.0000E+00  0.2000E+01
 -79.902  0.0000E+00  0.2000E+01
 -79.897  0.0000E+00  0.2000E+01
 -79.892  0.0000E+00  0.2000E+01
 -79.887  0.0000E+00  0.2000E+01
 -79.882  0.0000E+00  0.2000E+01
 -79.877  0.0000E+00  0.2000E+01
 -79.872  0.0000E+00  0.2000E+01
 -79.867  0.0000E+00  0.2000E+01
 -79.862  0.0000E+00  0.2000E+01
 -79.857  0.0000E+00  0.2000E+01
 -79.852  0.0000E+00  0.2000E+01
 -79.847  0.0000E+00  0.2000E+01
 -79.842  0.0000E+00  0.2000E+01
 -79.837  0.0000E+00  0.2000E+01
 -79.832  0.0000E+00  0.2000E+01
 -79.827  0.0000E+00  0.2000E+01
 -79.822  0.0000E+00  0.2000E+01
 -79.817  0.0000E+00  0.2000E+01
 -79.812  0.0000E+00  0.2000E+01
 -79.807  0.0000E+00  0.2000E+01
 -79.802  0.0000E+00  0.2000E+01
 -79.797  0.0000E+00  0.2000E+01
 -79.792  0.0000E+00  0.2000E+01
 -79.787  0.0000E+00  0.2000E+01
 -79.782  0.0000E+00  0.2000E+01
 -79.777  0.0000E+00  0.2000E+01
 -79.772  0.0000E+00  0.2000E+01
 -79.767  0.0000E+00  0.2000E+01
 -79.762  0.0000E+00  0.2000E+01
 -79.757  0.0000E+00  0.2000E+01
 -79.752  0.0000E+00  0.2000E+01
 -79.747  0.0000E+00  0.2000E+01
 -79.742  0.0000E+00  0.2000E+01
 -79.737  0.0000E+00  0.2000E+01
 -79.732  0.0000E+00  0.2000E+01
 -79.727  0.0000E+00  0.2000E+01
 -79.722  0.0000E+00  0.2000E+01
 -79.717  0.0000E+00  0.2000E+01
 -79.712  0.0000E+00  0.2000E+01
 -79.707  0.0000E+00  0.2000E+01
 -79.702  0.0000E+00  0.2000E+01
 -79.697  0.0000E+00  0.2000E+01
 -79.692  0.0000E+00  0.2000E+01
 -79.687  0.0000E+00  0.2000E+01
 -79.682  0.0000E+00  0.2000E+01
 -79.677  0.0000E+00  0.2000E+01
 -79.672  0.0000E+00  0.2000E+01
 -79.667  0.0000E+00  0.2000E+01
 -79.662  0.0000E+00  0.2000E+01
 -79.657  0.0000E+00  0.2000E+01
 -79.652  0.0000E+00  0.2000E+01
 -79.647  0.0000E+00  0.2000E+01
 -79.642  0.0000E+00  0.2000E+01
 -79.637  0.0000E+00  0.2000E+01
 -79.632  0.0000E+00  0.2000E+01
 -79.627  0.0000E+00  0.2000E+01
 -79.622  0.0000E+00  0.2000E+01
 -79.617  0.0000E+00  0.2000E+01
 -79.612  0.0000E+00  0.2000E+01
 -79.607  0.0000E+00  0.2000E+01
 -79.602  0.0000E+00  0.2000E+01
 -79.597  0.0000E+00  0.2000E+01
 -79.592  0.0000E+00  0.2000E+01
 -79.587  0.0000E+00  0.2000E+01
 -79.582  0.0000E+00  0.2000E+01
 -79.577  0.0000E+00  0.2000E+01
 -79.572  0.0000E+00  0.2000E+01
 -79.567  0.0000E+00  0.2000E+01
 -79.562  0.0000E+00  0.2000E+01
 -79.557  0.0000E+00  0.2000E+01
 -79.552  0.0000E+00  0.2000E+01
 -79.547  0.0000E+00  0.2000E+01
 -79.542  0.0000E+00  0.2000E+01
 -79.537  0.0000E+00  0.2000E+01
 -79.532  0.0000E+00  0.2000E+01
 -79.527  0.0000E+00  0.2000E+01
 -79.522  0.0000E+00  0.2000E+01
 -79.517  0.0000E+00  0.2000E+01
 -79.512  0.0000E+00  0.2000E+01
 -79.507  0.0000E+00  0.2000E+01
 -79.502  0.0000E+00  0.2000E+01
 -79.497  0.0000E+00  0.2000E+01
 -79.492  0.0000E+00  0.2000E+01
 -79.487  0.0000E+00  0.2000E+01
 -79.482  0.0000E+00  0.2000E+01
 -79.477  0.0000E+00  0.2000E+01
 -79.472  0.0000E+00  0.2000E+01
 -79.467  0.0000E+00  0.2000E+01
 -79.462  0.0000E+00  0.2000E+01
 -79.457  0.0000E+00  0.2000E+01
 -79.452  0.0000E+00  0.2000E+01
 -79.447  0.0000E+00  0.2000E+01
 -79.442  0.0000E+00  0.2000E+01
 -79.437  0.0000E+00  0.2000E+01
 -79.432  0.0000E+00  0.2000E+01
 -79.427  0.0000E+00  0.2000E+01
 -79.422  0.0000E+00  0.2000E+01
 -79.417  0.0000E+00  0.2000E+01
 -79.412  0.0000E+00  0.2000E+01
 -79.407  0.0000E+00  0.2000E+01
 -79.402  0.0000E+00  0.2000E+01
 -79.397  0.0000E+00  0.2000E+01
 -79.392  0.0000E+00  0.2000E+01
 -79.387  0.0000E+00  0.2000E+01
 -79.382  0.0000E+00  0.2000E+01
 -79.377  0.0000E+00  0.2000E+01
 -79.372  0.0000E+00  0.2000E+01
 -79.367  0.0000E+00  0.2000E+01
 -79.362  0.0000E+00  0.2000E+01
 -79.357  0.0000E+00  0.2000E+01
 -79.352  0.0000E+00  0.2000E+01
 -79.347  0.0000E+00  0.2000E+01
 -79.342  0.0000E+00  0.2000E+01
 -79.337  0.0000E+00  0.2000E+01
 -79.332  0.0000E+00  0.2000E+01
 -79.327  0.0000E+00  0.2000E+01
 -79.322  0.0000E+00  0.2000E+01
 -79.317  0.0000E+00  0.2000E+01
 -79.312  0.0000E+00  0.2000E+01
 -79.307  0.0000E+00  0.2000E+01
 -79.302  0.0000E+00  0.2000E+01
 -79.297  0.0000E+00  0.2000E+01
 -79.292  0.0000E+00  0.2000E+01
 -79.287  0.0000E+00  0.2000E+01
 -79.282  0.0000E+00  0.2000E+01
 -79.277  0.0000E+00  0.2000E+01
 -79.272  0.0000E+00  0.2000E+01
 -79.267  0.0000E+00  0.2000E+01
 -79.262  0.0000E+00  0.2000E+01
 -79.257  0.0000E+00  0.2000E+01
 -79.252  0.0000E+00  0.2000E+01
 -79.247  0.0000E+00  0.2000E+01
 -79.242  0.0000E+00  0.2000E+01
 -79.237  0.0000E+00  0.2000E+01
 -79.232  0.0000E+00  0.2000E+01
 -79.227  0.0000E+00  0.2000E+01
 -79.222  0.0000E+00  0.2000E+01
 -79.217  0.0000E+00  0.2000E+01
 -79.212  0.0000E+00  0.2000E+01
 -79.207  0.0000E+00  0.2000E+01
 -79.202  0.0000E+00  0.2000E+01
 -79.197  0.0000E+00  0.2000E+01
 -79.192  0.0000E+00  0.2000E+01
 -79.187  0.0000E+00  0.2000E+01
 -79.182  0.0000E+00  0.2000E+01
 -79.177  0.0000E+00  0.2000E+01
 -79.172  0.0000E+00  0.2000E+01
 -79.167  0.0000E+00  0.2000E+01
 -79.162  0.0000E+00  0.2000E+01
 -79.157  0.0000E+00  0.2000E+01
 -79.152  0.0000E+00  0.2000E+01
 -79.147  0.0000E+00  0.2000E+01
 -79.142  0.0000E+00  0.2000E+01
 -79.137  0.0000E+00  0.2000E+01
 -79.132  0.0000E+00  0.2000E+01
 -79.127  0.0000E+00  0.2000E+01
 -79.122  0.0000E+00  0.2000E+01
 -79.117  0.0000E+00  0.2000E+01
 -79.112  0.0000E+00  0.2000E+01
 -79.107  0.0000E+00  0.2000E+01
 -79.102  0.0000E+00  0.2000E+01
 -79.097  0.0000E+00  0.2000E+01
 -79.092  0.0000E+00  0.2000E+01
 -79.087  0.0000E+00  0.2000E+01
 -79.082  0.0000E+00  0.2000E+01
 -79.077  0.0000E+00  0.2000E+01
 -79.072  0.0000E+00  0.2000E+01
 -79.067  0.0000E+00  0.2000E+01
 -79.062  0.0000E+00  0.2000E+01
 -79.057  0.0000E+00  0.2000E+01
 -79.052  0.0000E+00  0.2000E+01
 -79.047  0.0000E+00  0.2000E+01
 -79.042  0.0000E+00  0.2000E+01
 -79.037  0.0000E+00  0.2000E+01
 -79.032  0.0000E+00  0.2000E+01
 -79.027  0.0000E+00  0.2000E+01
 -79.022  0.0000E+00  0.2000E+01
 -79.017  0.0000E+00  0.2000E+01
 -79.012  0.0000E+00  0.2000E+01
 -79.007  0.0000E+00  0.2000E+01
 -79.002  0.0000E+00  0.2000E+01
 -78.997  0.0000E+00  0.2000E+01
 -78.992  0.0000E+00  0.2000E+01
 -78.987  0.0000E+00  0.2000E+01
 -78.982  0.0000E+00  0.2000E+01
 -78.977  0.0000E+00  0.2000E+01
 -78.972  0.0000E+00  0.2000E+01
 -78.967  0.0000E+00  0.2000E+01
 -78.962  0.0000E+00  0.2000E+01
 -78.957  0.0000E+00  0.2000E+01
 -78.952  0.0000E+00  0.2000E+01
 -78.947  0.0000E+00  0.2000E+01
 -78.942  0.0000E+00  0.2000E+01
 -78.937  0.0000E+00  0.2000E+01
 -78.932  0.0000E+00  0.2000E+01
 -78.927  0.0000E+00  0.2000E+01
 -78.922  0.0000E+00  0.2000E+01
 -78.917  0.0000E+00  0.2000E+01
 -78.912  0.0000E+00  0.2000E+01
 -78.907  0.0000E+00  0.2000E+01
 -78.902  0.0000E+00  0.2000E+01
 -78.897  0.0000E+00  0.2000E+01
 -78.892  0.0000E+00  0.2000E+01
 -78.887  0.0000E+00  0.2000E+01
 -78.882  0.0000E+00  0.2000E+01
 -78.877  0.0000E+00  0.2000E+01
 -78.872  0.0000E+00  0.2000E+01
 -78.867  0.0000E+00  0.2000E+01
 -78.862  0.0000E+00  0.2000E+01
 -78.857  0.0000E+00  0.2000E+01
 -78.852  0.0000E+00  0.2000E+01
 -78.847  0.0000E+00  0.2000E+01
 -78.842  0.0000E+00  0.2000E+01
 -78.837  0.0000E+00  0.2000E+01
 -78.832  0.0000E+00  0.2000E+01
 -78.827  0.0000E+00  0.2000E+01
 -78.822  0.0000E+00  0.2000E+01
 -78.817  0.0000E+00  0.2000E+01
 -78.812  0.0000E+00  0.2000E+01
 -78.807  0.0000E+00  0.2000E+01
 -78.802  0.0000E+00  0.2000E+01
 -78.797  0.0000E+00  0.2000E+01
 -78.792  0.0000E+00  0.2000E+01
 -78.787  0.0000E+00  0.2000E+01
 -78.782  0.0000E+00  0.2000E+01
 -78.777  0.0000E+00  0.2000E+01
 -78.772  0.0000E+00  0.2000E+01
 -78.767  0.0000E+00  0.2000E+01
 -78.762  0.0000E+00  0.2000E+01
 -78.757  0.0000E+00  0.2000E+01
 -78.752  0.0000E+00  0.2000E+01
 -78.747  0.0000E+00  0.2000E+01
 -78.742  0.0000E+00  0.2000E+01
 -78.737  0.0000E+00  0.2000E+01
 -78.732  0.0000E+00  0.2000E+01
 -78.727  0.0000E+00  0.2000E+01
 -78.722  0.0000E+00  0.2000E+01
 -78.717  0.0000E+00  0.2000E+01
 -78.712  0.0000E+00  0.2000E+01
 -78.707  0.0000E+00  0.2000E+01
 -78.702  0.0000E+00  0.2000E+01
 -78.697  0.0000E+00  0.2000E+01
 -78.692  0.0000E+00  0.2000E+01
 -78.687  0.0000E+00  0.2000E+01
 -78.682  0.0000E+00  0.2000E+01
 -78.677  0.0000E+00  0.2000E+01
 -78.672  0.0000E+00  0.2000E+01
 -78.667  0.0000E+00  0.2000E+01
 -78.662  0.0000E+00  0.2000E+01
 -78.657  0.0000E+00  0.2000E+01
 -78.652  0.0000E+00  0.2000E+01
 -78.647  0.0000E+00  0.2000E+01
 -78.642  0.0000E+00  0.2000E+01
 -78.637  0.0000E+00  0.2000E+01
 -78.632  0.0000E+00  0.2000E+01
 -78.627  0.0000E+00  0.2000E+01
 -78.622  0.0000E+00  0.2000E+01
 -78.617  0.0000E+00  0.2000E+01
 -78.612  0.0000E+00  0.2000E+01
 -78.607  0.0000E+00  0.2000E+01
 -78.602  0.0000E+00  0.2000E+01
 -78.597  0.0000E+00  0.2000E+01
 -78.592  0.0000E+00  0.2000E+01
 -78.587  0.0000E+00  0.2000E+01
 -78.582  0.0000E+00  0.2000E+01
 -78.577  0.0000E+00  0.2000E+01
 -78.572  0.0000E+00  0.2000E+01
 -78.567  0.0000E+00  0.2000E+01
 -78.562  0.0000E+00  0.2000E+01
 -78.557  0.0000E+00  0.2000E+01
 -78.552  0.0000E+00  0.2000E+01
 -78.547  0.0000E+00  0.2000E+01
 -78.542  0.0000E+00  0.2000E+01
 -78.537  0.0000E+00  0.2000E+01
 -78.532  0.0000E+00  0.2000E+01
 -78.527  0.0000E+00  0.2000E+01
 -78.522  0.0000E+00  0.2000E+01
 -78.517  0.0000E+00  0.2000E+01
 -78.512  0.0000E+00  0.2000E+01
 -78.507  0.0000E+00  0.2000E+01
 -78.502  0.0000E+00  0.2000E+01
 -78.497  0.0000E+00  0.2000E+01
 -78.492  0.0000E+00  0.2000E+01
 -78.487  0.0000E+00  0.2000E+01
 -78.482  0.0000E+00  0.2000E+01
 -78.477  0.0000E+00  0.2000E+01
 -78.472  0.0000E+00  0.2000E+01
 -78.467  0.0000E+00  0.2000E+01
 -78.462  0.0000E+00  0.2000E+01
 -78.457  0.0000E+00  0.2000E+01
 -78.452  0.0000E+00  0.2000E+01
 -78.447  0.0000E+00  0.2000E+01
 -78.442  0.0000E+00  0.2000E+01
 -78.437  0.0000E+00  0.2000E+01
 -78.432  0.0000E+00  0.2000E+01
 -78.427  0.0000E+00  0.2000E+01
 -78.422  0.0000E+00  0.2000E+01
 -78.417  0.0000E+00  0.2000E+01
 -78.412  0.0000E+00  0.2000E+01
 -78.407  0.0000E+00  0.2000E+01
 -78.402  0.0000E+00  0.2000E+01
 -78.397  0.0000E+00  0.2000E+01
 -78.392  0.0000E+00  0.2000E+01
 -78.387  0.0000E+00  0.2000E+01
 -78.382  0.0000E+00  0.2000E+01
 -78.377  0.0000E+00  0.2000E+01
 -78.372  0.0000E+00  0.2000E+01
 -78.367  0.0000E+00  0.2000E+01
 -78.362  0.0000E+00  0.2000E+01
 -78.357  0.0000E+00  0.2000E+01
 -78.352  0.0000E+00  0.2000E+01
 -78.347  0.0000E+00  0.2000E+01
 -78.342  0.0000E+00  0.2000E+01
 -78.337  0.0000E+00  0.2000E+01
 -78.332  0.0000E+00  0.2000E+01
 -78.327  0.0000E+00  0.2000E+01
 -78.322  0.0000E+00  0.2000E+01
 -78.317  0.0000E+00  0.2000E+01
 -78.312  0.0000E+00  0.2000E+01
 -78.307  0.0000E+00  0.2000E+01
 -78.302  0.0000E+00  0.2000E+01
 -78.297  0.0000E+00  0.2000E+01
 -78.292  0.0000E+00  0.2000E+01
 -78.287  0.0000E+00  0.2000E+01
 -78.282  0.0000E+00  0.2000E+01
 -78.277  0.0000E+00  0.2000E+01
 -78.272  0.0000E+00  0.2000E+01
 -78.267  0.0000E+00  0.2000E+01
 -78.262  0.0000E+00  0.2000E+01
 -78.257  0.0000E+00  0.2000E+01
 -78.252  0.0000E+00  0.2000E+01
 -78.247  0.0000E+00  0.2000E+01
 -78.242  0.0000E+00  0.2000E+01
 -78.237  0.0000E+00  0.2000E+01
 -78.232  0.0000E+00  0.2000E+01
 -78.227  0.0000E+00  0.2000E+01
 -78.222  0.0000E+00  0.2000E+01
 -78.217  0.0000E+00  0.2000E+01
 -78.212  0.0000E+00  0.2000E+01
 -78.207  0.0000E+00  0.2000E+01
 -78.202  0.0000E+00  0.2000E+01
 -78.197  0.0000E+00  0.2000E+01
 -78.192  0.0000E+00  0.2000E+01
 -78.187  0.0000E+00  0.2000E+01
 -78.182  0.0000E+00  0.2000E+01
 -78.177  0.0000E+00  0.2000E+01
 -78.172  0.0000E+00  0.2000E+01
 -78.167  0.0000E+00  0.2000E+01
 -78.162  0.0000E+00  0.2000E+01
 -78.157  0.0000E+00  0.2000E+01
 -78.152  0.0000E+00  0.2000E+01
 -78.147  0.0000E+00  0.2000E+01
 -78.142  0.0000E+00  0.2000E+01
 -78.137  0.0000E+00  0.2000E+01
 -78.132  0.0000E+00  0.2000E+01
 -78.127  0.0000E+00  0.2000E+01
 -78.122  0.0000E+00  0.2000E+01
 -78.117  0.0000E+00  0.2000E+01
 -78.112  0.0000E+00  0.2000E+01
 -78.107  0.0000E+00  0.2000E+01
 -78.102  0.0000E+00  0.2000E+01
 -78.097  0.0000E+00  0.2000E+01
 -78.092  0.0000E+00  0.2000E+01
 -78.087  0.0000E+00  0.2000E+01
 -78.082  0.0000E+00  0.2000E+01
 -78.077  0.0000E+00  0.2000E+01
 -78.072  0.0000E+00  0.2000E+01
 -78.067  0.0000E+00  0.2000E+01
 -78.062  0.0000E+00  0.2000E+01
 -78.057  0.0000E+00  0.2000E+01
 -78.052  0.0000E+00  0.2000E+01
 -78.047  0.0000E+00  0.2000E+01
 -78.042  0.0000E+00  0.2000E+01
 -78.037  0.0000E+00  0.2000E+01
 -78.032  0.0000E+00  0.2000E+01
 -78.027  0.0000E+00  0.2000E+01
 -78.022  0.0000E+00  0.2000E+01
 -78.017  0.0000E+00  0.2000E+01
 -78.012  0.0000E+00  0.2000E+01
 -78.007  0.0000E+00  0.2000E+01
 -78.002  0.0000E+00  0.2000E+01
 -77.997  0.0000E+00  0.2000E+01
 -77.992  0.0000E+00  0.2000E+01
 -77.987  0.0000E+00  0.2000E+01
 -77.982  0.0000E+00  0.2000E+01
 -77.977  0.0000E+00  0.2000E+01
 -77.972  0.0000E+00  0.2000E+01
 -77.967  0.0000E+00  0.2000E+01
 -77.962  0.0000E+00  0.2000E+01
 -77.957  0.0000E+00  0.2000E+01
 -77.952  0.0000E+00  0.2000E+01
 -77.947  0.0000E+00  0.2000E+01
 -77.942  0.0000E+00  0.2000E+01
 -77.937  0.0000E+00  0.2000E+01
 -77.932  0.0000E+00  0.2000E+01
 -77.927  0.0000E+00  0.2000E+01
 -77.922  0.0000E+00  0.2000E+01
 -77.917  0.0000E+00  0.2000E+01
 -77.912  0.0000E+00  0.2000E+01
 -77.907  0.0000E+00  0.2000E+01
 -77.902  0.0000E+00  0.2000E+01
 -77.897  0.0000E+00  0.2000E+01
 -77.892  0.0000E+00  0.2000E+01
 -77.887  0.0000E+00  0.2000E+01
 -77.882  0.0000E+00  0.2000E+01
 -77.877  0.0000E+00  0.2000E+01
 -77.872  0.0000E+00  0.2000E+01
 -77.867  0.0000E+00  0.2000E+01
 -77.862  0.0000E+00  0.2000E+01
 -77.857  0.0000E+00  0.2000E+01
 -77.852  0.0000E+00  0.2000E+01
 -77.847  0.0000E+00  0.2000E+01
 -77.842  0.0000E+00  0.2000E+01
 -77.837  0.0000E+00  0.2000E+01
 -77.832  0.0000E+00  0.2000E+01
 -77.827  0.0000E+00  0.2000E+01
 -77.822  0.0000E+00  0.2000E+01
 -77.817  0.0000E+00  0.2000E+01
 -77.812  0.0000E+00  0.2000E+01
 -77.807  0.0000E+00  0.2000E+01
 -77.802  0.0000E+00  0.2000E+01
 -77.797  0.0000E+00  0.2000E+01
 -77.792  0.0000E+00  0.2000E+01
 -77.787  0.0000E+00  0.2000E+01
 -77.782  0.0000E+00  0.2000E+01
 -77.777  0.0000E+00  0.2000E+01
 -77.772  0.0000E+00  0.2000E+01
 -77.767  0.0000E+00  0.2000E+01
 -77.762  0.0000E+00  0.2000E+01
 -77.757  0.0000E+00  0.2000E+01
 -77.752  0.0000E+00  0.2000E+01
 -77.747  0.0000E+00  0.2000E+01
 -77.742  0.0000E+00  0.2000E+01
 -77.737  0.0000E+00  0.2000E+01
 -77.732  0.0000E+00  0.2000E+01
 -77.727  0.0000E+00  0.2000E+01
 -77.722  0.0000E+00  0.2000E+01
 -77.717  0.0000E+00  0.2000E+01
 -77.712  0.0000E+00  0.2000E+01
 -77.707  0.0000E+00  0.2000E+01
 -77.702  0.0000E+00  0.2000E+01
 -77.697  0.0000E+00  0.2000E+01
 -77.692  0.0000E+00  0.2000E+01
 -77.687  0.0000E+00  0.2000E+01
 -77.682  0.0000E+00  0.2000E+01
 -77.677  0.0000E+00  0.2000E+01
 -77.672  0.0000E+00  0.2000E+01
 -77.667  0.0000E+00  0.2000E+01
 -77.662  0.0000E+00  0.2000E+01
 -77.657  0.0000E+00  0.2000E+01
 -77.652  0.0000E+00  0.2000E+01
 -77.647  0.0000E+00  0.2000E+01
 -77.642  0.0000E+00  0.2000E+01
 -77.637  0.0000E+00  0.2000E+01
 -77.632  0.0000E+00  0.2000E+01
 -77.627  0.0000E+00  0.2000E+01
 -77.622  0.0000E+00  0.2000E+01
 -77.617  0.0000E+00  0.2000E+01
 -77.612  0.0000E+00  0.2000E+01
 -77.607  0.0000E+00  0.2000E+01
 -77.602  0.0000E+00  0.2000E+01
 -77.597  0.0000E+00  0.2000E+01
 -77.592  0.0000E+00  0.2000E+01
 -77.587  0.0000E+00  0.2000E+01
 -77.582  0.0000E+00  0.2000E+01
 -77.577  0.0000E+00  0.2000E+01
 -77.572  0.0000E+00  0.2000E+01
 -77.567  0.0000E+00  0.2000E+01
 -77.562  0.0000E+00  0.2000E+01
 -77.557  0.0000E+00  0.2000E+01
 -77.552  0.0000E+00  0.2000E+01
 -77.547  0.0000E+00  0.2000E+01
 -77.542  0.0000E+00  0.2000E+01
 -77.537  0.0000E+00  0.2000E+01
 -77.532  0.0000E+00  0.2000E+01
 -77.527  0.0000E+00  0.2000E+01
 -77.522  0.0000E+00  0.2000E+01
 -77.517  0.0000E+00  0.2000E+01
 -77.512  0.0000E+00  0.2000E+01
 -77.507  0.0000E+00  0.2000E+01
 -77.502  0.0000E+00  0.2000E+01
 -77.497  0.0000E+00  0.2000E+01
 -77.492  0.0000E+00  0.2000E+01
 -77.487  0.0000E+00  0.2000E+01
 -77.482  0.0000E+00  0.2000E+01
 -77.477  0.0000E+00  0.2000E+01
 -77.472  0.0000E+00  0.2000E+01
 -77.467  0.0000E+00  0.2000E+01
 -77.462  0.0000E+00  0.2000E+01
 -77.457  0.0000E+00  0.2000E+01
 -77.452  0.0000E+00  0.2000E+01
 -77.447  0.0000E+00  0.2000E+01
 -77.442  0.0000E+00  0.2000E+01
 -77.437  0.0000E+00  0.2000E+01
 -77.432  0.0000E+00  0.2000E+01
 -77.427  0.0000E+00  0.2000E+01
 -77.422  0.0000E+00  0.2000E+01
 -77.417  0.0000E+00  0.2000E+01
 -77.412  0.0000E+00  0.2000E+01
 -77.407  0.0000E+00  0.2000E+01
 -77.402  0.0000E+00  0.2000E+01
 -77.397  0.0000E+00  0.2000E+01
 -77.392  0.0000E+00  0.2000E+01
 -77.387  0.0000E+00  0.2000E+01
 -77.382  0.0000E+00  0.2000E+01
 -77.377  0.0000E+00  0.2000E+01
 -77.372  0.0000E+00  0.2000E+01
 -77.367  0.0000E+00  0.2000E+01
 -77.362  0.0000E+00  0.2000E+01
 -77.357  0.0000E+00  0.2000E+01
 -77.352  0.0000E+00  0.2000E+01
 -77.347  0.0000E+00  0.2000E+01
 -77.342  0.0000E+00  0.2000E+01
 -77.337  0.0000E+00  0.2000E+01
 -77.332  0.0000E+00  0.2000E+01
 -77.327  0.0000E+00  0.2000E+01
 -77.322  0.0000E+00  0.2000E+01
 -77.317  0.0000E+00  0.2000E+01
 -77.312  0.0000E+00  0.2000E+01
 -77.307  0.0000E+00  0.2000E+01
 -77.302  0.0000E+00  0.2000E+01
 -77.297  0.0000E+00  0.2000E+01
 -77.292  0.0000E+00  0.2000E+01
 -77.287  0.0000E+00  0.2000E+01
 -77.282  0.0000E+00  0.2000E+01
 -77.277  0.0000E+00  0.2000E+01
 -77.272  0.0000E+00  0.2000E+01
 -77.267  0.0000E+00  0.2000E+01
 -77.262  0.0000E+00  0.2000E+01
 -77.257  0.0000E+00  0.2000E+01
 -77.252  0.0000E+00  0.2000E+01
 -77.247  0.0000E+00  0.2000E+01
 -77.242  0.0000E+00  0.2000E+01
 -77.237  0.0000E+00  0.2000E+01
 -77.232  0.0000E+00  0.2000E+01
 -77.227  0.0000E+00  0.2000E+01
 -77.222  0.0000E+00  0.2000E+01
 -77.217  0.0000E+00  0.2000E+01
 -77.212  0.0000E+00  0.2000E+01
 -77.207  0.0000E+00  0.2000E+01
 -77.202  0.0000E+00  0.2000E+01
 -77.197  0.0000E+00  0.2000E+01
 -77.192  0.0000E+00  0.2000E+01
 -77.187  0.0000E+00  0.2000E+01
 -77.182  0.0000E+00  0.2000E+01
 -77.177  0.0000E+00  0.2000E+01
 -77.172  0.0000E+00  0.2000E+01
 -77.167  0.0000E+00  0.2000E+01
 -77.162  0.0000E+00  0.2000E+01
 -77.157  0.0000E+00  0.2000E+01
 -77.152  0.0000E+00  0.2000E+01
 -77.147  0.0000E+00  0.2000E+01
 -77.142  0.0000E+00  0.2000E+01
 -77.137  0.0000E+00  0.2000E+01
 -77.132  0.0000E+00  0.2000E+01
 -77.127  0.0000E+00  0.2000E+01
 -77.122  0.0000E+00  0.2000E+01
 -77.117  0.0000E+00  0.2000E+01
 -77.112  0.0000E+00  0.2000E+01
 -77.107  0.0000E+00  0.2000E+01
 -77.102  0.0000E+00  0.2000E+01
 -77.097  0.0000E+00  0.2000E+01
 -77.092  0.0000E+00  0.2000E+01
 -77.087  0.0000E+00  0.2000E+01
 -77.082  0.0000E+00  0.2000E+01
 -77.077  0.0000E+00  0.2000E+01
 -77.072  0.0000E+00  0.2000E+01
 -77.067  0.0000E+00  0.2000E+01
 -77.062  0.0000E+00  0.2000E+01
 -77.057  0.0000E+00  0.2000E+01
 -77.052  0.0000E+00  0.2000E+01
 -77.047  0.0000E+00  0.2000E+01
 -77.042  0.0000E+00  0.2000E+01
 -77.037  0.0000E+00  0.2000E+01
 -77.032  0.0000E+00  0.2000E+01
 -77.027  0.0000E+00  0.2000E+01
 -77.022  0.0000E+00  0.2000E+01
 -77.017  0.0000E+00  0.2000E+01
 -77.012  0.0000E+00  0.2000E+01
 -77.007  0.0000E+00  0.2000E+01
 -77.002  0.0000E+00  0.2000E+01
 -76.997  0.0000E+00  0.2000E+01
 -76.992  0.0000E+00  0.2000E+01
 -76.987  0.0000E+00  0.2000E+01
 -76.982  0.0000E+00  0.2000E+01
 -76.977  0.0000E+00  0.2000E+01
 -76.972  0.0000E+00  0.2000E+01
 -76.967  0.0000E+00  0.2000E+01
 -76.962  0.0000E+00  0.2000E+01
 -76.957  0.0000E+00  0.2000E+01
 -76.952  0.0000E+00  0.2000E+01
 -76.947  0.0000E+00  0.2000E+01
 -76.942  0.0000E+00  0.2000E+01
 -76.937  0.0000E+00  0.2000E+01
 -76.932  0.0000E+00  0.2000E+01
 -76.927  0.0000E+00  0.2000E+01
 -76.922  0.0000E+00  0.2000E+01
 -76.917  0.0000E+00  0.2000E+01
 -76.912  0.0000E+00  0.2000E+01
 -76.907  0.0000E+00  0.2000E+01
 -76.902  0.0000E+00  0.2000E+01
 -76.897  0.0000E+00  0.2000E+01
 -76.892  0.0000E+00  0.2000E+01
 -76.887  0.0000E+00  0.2000E+01
 -76.882  0.0000E+00  0.2000E+01
 -76.877  0.0000E+00  0.2000E+01
 -76.872  0.0000E+00  0.2000E+01
 -76.867  0.0000E+00  0.2000E+01
 -76.862  0.0000E+00  0.2000E+01
 -76.857  0.0000E+00  0.2000E+01
 -76.852  0.0000E+00  0.2000E+01
 -76.847  0.0000E+00  0.2000E+01
 -76.842  0.0000E+00  0.2000E+01
 -76.837  0.0000E+00  0.2000E+01
 -76.832  0.0000E+00  0.2000E+01
 -76.827  0.0000E+00  0.2000E+01
 -76.822  0.0000E+00  0.2000E+01
 -76.817  0.0000E+00  0.2000E+01
 -76.812  0.0000E+00  0.2000E+01
 -76.807  0.0000E+00  0.2000E+01
 -76.802  0.0000E+00  0.2000E+01
 -76.797  0.0000E+00  0.2000E+01
 -76.792  0.0000E+00  0.2000E+01
 -76.787  0.0000E+00  0.2000E+01
 -76.782  0.0000E+00  0.2000E+01
 -76.777  0.0000E+00  0.2000E+01
 -76.772  0.0000E+00  0.2000E+01
 -76.767  0.0000E+00  0.2000E+01
 -76.762  0.0000E+00  0.2000E+01
 -76.757  0.0000E+00  0.2000E+01
 -76.752  0.0000E+00  0.2000E+01
 -76.747  0.0000E+00  0.2000E+01
 -76.742  0.0000E+00  0.2000E+01
 -76.737  0.0000E+00  0.2000E+01
 -76.732  0.0000E+00  0.2000E+01
 -76.727  0.0000E+00  0.2000E+01
 -76.722  0.0000E+00  0.2000E+01
 -76.717  0.0000E+00  0.2000E+01
 -76.712  0.0000E+00  0.2000E+01
 -76.707  0.0000E+00  0.2000E+01
 -76.702  0.0000E+00  0.2000E+01
 -76.697  0.0000E+00  0.2000E+01
 -76.692  0.0000E+00  0.2000E+01
 -76.687  0.0000E+00  0.2000E+01
 -76.682  0.0000E+00  0.2000E+01
 -76.677  0.0000E+00  0.2000E+01
 -76.672  0.0000E+00  0.2000E+01
 -76.667  0.0000E+00  0.2000E+01
 -76.662  0.0000E+00  0.2000E+01
 -76.657  0.0000E+00  0.2000E+01
 -76.652  0.0000E+00  0.2000E+01
 -76.647  0.0000E+00  0.2000E+01
 -76.642  0.0000E+00  0.2000E+01
 -76.637  0.0000E+00  0.2000E+01
 -76.632  0.0000E+00  0.2000E+01
 -76.627  0.0000E+00  0.2000E+01
 -76.622  0.0000E+00  0.2000E+01
 -76.617  0.0000E+00  0.2000E+01
 -76.612  0.0000E+00  0.2000E+01
 -76.607  0.0000E+00  0.2000E+01
 -76.602  0.0000E+00  0.2000E+01
 -76.597  0.0000E+00  0.2000E+01
 -76.592  0.0000E+00  0.2000E+01
 -76.587  0.0000E+00  0.2000E+01
 -76.582  0.0000E+00  0.2000E+01
 -76.577  0.0000E+00  0.2000E+01
 -76.572  0.0000E+00  0.2000E+01
 -76.567  0.0000E+00  0.2000E+01
 -76.562  0.0000E+00  0.2000E+01
 -76.557  0.0000E+00  0.2000E+01
 -76.552  0.0000E+00  0.2000E+01
 -76.547  0.0000E+00  0.2000E+01
 -76.542  0.0000E+00  0.2000E+01
 -76.537  0.0000E+00  0.2000E+01
 -76.532  0.0000E+00  0.2000E+01
 -76.527  0.0000E+00  0.2000E+01
 -76.522  0.0000E+00  0.2000E+01
 -76.517  0.0000E+00  0.2000E+01
 -76.512  0.0000E+00  0.2000E+01
 -76.507  0.0000E+00  0.2000E+01
 -76.502  0.0000E+00  0.2000E+01
 -76.497  0.0000E+00  0.2000E+01
 -76.492  0.0000E+00  0.2000E+01
 -76.487  0.0000E+00  0.2000E+01
 -76.482  0.0000E+00  0.2000E+01
 -76.477  0.0000E+00  0.2000E+01
 -76.472  0.0000E+00  0.2000E+01
 -76.467  0.0000E+00  0.2000E+01
 -76.462  0.0000E+00  0.2000E+01
 -76.457  0.0000E+00  0.2000E+01
 -76.452  0.0000E+00  0.2000E+01
 -76.447  0.0000E+00  0.2000E+01
 -76.442  0.0000E+00  0.2000E+01
 -76.437  0.0000E+00  0.2000E+01
 -76.432  0.0000E+00  0.2000E+01
 -76.427  0.0000E+00  0.2000E+01
 -76.422  0.0000E+00  0.2000E+01
 -76.417  0.0000E+00  0.2000E+01
 -76.412  0.0000E+00  0.2000E+01
 -76.407  0.0000E+00  0.2000E+01
 -76.402  0.0000E+00  0.2000E+01
 -76.397  0.0000E+00  0.2000E+01
 -76.392  0.0000E+00  0.2000E+01
 -76.387  0.0000E+00  0.2000E+01
 -76.382  0.0000E+00  0.2000E+01
 -76.377  0.0000E+00  0.2000E+01
 -76.372  0.0000E+00  0.2000E+01
 -76.367  0.0000E+00  0.2000E+01
 -76.362  0.0000E+00  0.2000E+01
 -76.357  0.0000E+00  0.2000E+01
 -76.352  0.0000E+00  0.2000E+01
 -76.347  0.0000E+00  0.2000E+01
 -76.342  0.0000E+00  0.2000E+01
 -76.337  0.0000E+00  0.2000E+01
 -76.332  0.0000E+00  0.2000E+01
 -76.327  0.0000E+00  0.2000E+01
 -76.322  0.0000E+00  0.2000E+01
 -76.317  0.0000E+00  0.2000E+01
 -76.312  0.0000E+00  0.2000E+01
 -76.307  0.0000E+00  0.2000E+01
 -76.302  0.0000E+00  0.2000E+01
 -76.297  0.0000E+00  0.2000E+01
 -76.292  0.0000E+00  0.2000E+01
 -76.287  0.0000E+00  0.2000E+01
 -76.282  0.0000E+00  0.2000E+01
 -76.277  0.0000E+00  0.2000E+01
 -76.272  0.0000E+00  0.2000E+01
 -76.267  0.0000E+00  0.2000E+01
 -76.262  0.0000E+00  0.2000E+01
 -76.257  0.0000E+00  0.2000E+01
 -76.252  0.0000E+00  0.2000E+01
 -76.247  0.0000E+00  0.2000E+01
 -76.242  0.0000E+00  0.2000E+01
 -76.237  0.0000E+00  0.2000E+01
 -76.232  0.0000E+00  0.2000E+01
 -76.227  0.0000E+00  0.2000E+01
 -76.222  0.0000E+00  0.2000E+01
 -76.217  0.0000E+00  0.2000E+01
 -76.212  0.0000E+00  0.2000E+01
 -76.207  0.0000E+00  0.2000E+01
 -76.202  0.0000E+00  0.2000E+01
 -76.197  0.0000E+00  0.2000E+01
 -76.192  0.0000E+00  0.2000E+01
 -76.187  0.0000E+00  0.2000E+01
 -76.182  0.0000E+00  0.2000E+01
 -76.177  0.0000E+00  0.2000E+01
 -76.172  0.0000E+00  0.2000E+01
 -76.167  0.0000E+00  0.2000E+01
 -76.162  0.0000E+00  0.2000E+01
 -76.157  0.0000E+00  0.2000E+01
 -76.152  0.0000E+00  0.2000E+01
 -76.147  0.0000E+00  0.2000E+01
 -76.142  0.0000E+00  0.2000E+01
 -76.137  0.0000E+00  0.2000E+01
 -76.132  0.0000E+00  0.2000E+01
 -76.127  0.0000E+00  0.2000E+01
 -76.122  0.0000E+00  0.2000E+01
 -76.117  0.0000E+00  0.2000E+01
 -76.112  0.0000E+00  0.2000E+01
 -76.107  0.0000E+00  0.2000E+01
 -76.102  0.0000E+00  0.2000E+01
 -76.097  0.0000E+00  0.2000E+01
 -76.092  0.0000E+00  0.2000E+01
 -76.087  0.0000E+00  0.2000E+01
 -76.082  0.0000E+00  0.2000E+01
 -76.077  0.0000E+00  0.2000E+01
 -76.072  0.0000E+00  0.2000E+01
 -76.067  0.0000E+00  0.2000E+01
 -76.062  0.0000E+00  0.2000E+01
 -76.057  0.0000E+00  0.2000E+01
 -76.052  0.0000E+00  0.2000E+01
 -76.047  0.0000E+00  0.2000E+01
 -76.042  0.0000E+00  0.2000E+01
 -76.037  0.0000E+00  0.2000E+01
 -76.032  0.0000E+00  0.2000E+01
 -76.027  0.0000E+00  0.2000E+01
 -76.022  0.0000E+00  0.2000E+01
 -76.017  0.0000E+00  0.2000E+01
 -76.012  0.0000E+00  0.2000E+01
 -76.007  0.0000E+00  0.2000E+01
 -76.002  0.0000E+00  0.2000E+01
 -75.997  0.0000E+00  0.2000E+01
 -75.992  0.0000E+00  0.2000E+01
 -75.987  0.0000E+00  0.2000E+01
 -75.982  0.0000E+00  0.2000E+01
 -75.977  0.0000E+00  0.2000E+01
 -75.972  0.0000E+00  0.2000E+01
 -75.967  0.0000E+00  0.2000E+01
 -75.962  0.0000E+00  0.2000E+01
 -75.957  0.0000E+00  0.2000E+01
 -75.952  0.0000E+00  0.2000E+01
 -75.947  0.0000E+00  0.2000E+01
 -75.942  0.0000E+00  0.2000E+01
 -75.937  0.0000E+00  0.2000E+01
 -75.932  0.0000E+00  0.2000E+01
 -75.927  0.0000E+00  0.2000E+01
 -75.922  0.0000E+00  0.2000E+01
 -75.917  0.0000E+00  0.2000E+01
 -75.912  0.0000E+00  0.2000E+01
 -75.907  0.0000E+00  0.2000E+01
 -75.902  0.0000E+00  0.2000E+01
 -75.897  0.0000E+00  0.2000E+01
 -75.892  0.0000E+00  0.2000E+01
 -75.887  0.0000E+00  0.2000E+01
 -75.882  0.0000E+00  0.2000E+01
 -75.877  0.0000E+00  0.2000E+01
 -75.872  0.0000E+00  0.2000E+01
 -75.867  0.0000E+00  0.2000E+01
 -75.862  0.0000E+00  0.2000E+01
 -75.857  0.0000E+00  0.2000E+01
 -75.852  0.0000E+00  0.2000E+01
 -75.847  0.0000E+00  0.2000E+01
 -75.842  0.0000E+00  0.2000E+01
 -75.837  0.0000E+00  0.2000E+01
 -75.832  0.0000E+00  0.2000E+01
 -75.827  0.0000E+00  0.2000E+01
 -75.822  0.0000E+00  0.2000E+01
 -75.817  0.0000E+00  0.2000E+01
 -75.812  0.0000E+00  0.2000E+01
 -75.807  0.0000E+00  0.2000E+01
 -75.802  0.0000E+00  0.2000E+01
 -75.797  0.0000E+00  0.2000E+01
 -75.792  0.0000E+00  0.2000E+01
 -75.787  0.0000E+00  0.2000E+01
 -75.782  0.0000E+00  0.2000E+01
 -75.777  0.0000E+00  0.2000E+01
 -75.772  0.0000E+00  0.2000E+01
 -75.767  0.0000E+00  0.2000E+01
 -75.762  0.0000E+00  0.2000E+01
 -75.757  0.0000E+00  0.2000E+01
 -75.752  0.0000E+00  0.2000E+01
 -75.747  0.0000E+00  0.2000E+01
 -75.742  0.0000E+00  0.2000E+01
 -75.737  0.0000E+00  0.2000E+01
 -75.732  0.0000E+00  0.2000E+01
 -75.727  0.0000E+00  0.2000E+01
 -75.722  0.0000E+00  0.2000E+01
 -75.717  0.0000E+00  0.2000E+01
 -75.712  0.0000E+00  0.2000E+01
 -75.707  0.0000E+00  0.2000E+01
 -75.702  0.0000E+00  0.2000E+01
 -75.697  0.0000E+00  0.2000E+01
 -75.692  0.0000E+00  0.2000E+01
 -75.687  0.0000E+00  0.2000E+01
 -75.682  0.0000E+00  0.2000E+01
 -75.677  0.0000E+00  0.2000E+01
 -75.672  0.0000E+00  0.2000E+01
 -75.667  0.0000E+00  0.2000E+01
 -75.662  0.0000E+00  0.2000E+01
 -75.657  0.0000E+00  0.2000E+01
 -75.652  0.0000E+00  0.2000E+01
 -75.647  0.0000E+00  0.2000E+01
 -75.642  0.0000E+00  0.2000E+01
 -75.637  0.0000E+00  0.2000E+01
 -75.632  0.0000E+00  0.2000E+01
 -75.627  0.0000E+00  0.2000E+01
 -75.622  0.0000E+00  0.2000E+01
 -75.617  0.0000E+00  0.2000E+01
 -75.612  0.0000E+00  0.2000E+01
 -75.607  0.0000E+00  0.2000E+01
 -75.602  0.0000E+00  0.2000E+01
 -75.597  0.0000E+00  0.2000E+01
 -75.592  0.0000E+00  0.2000E+01
 -75.587  0.0000E+00  0.2000E+01
 -75.582  0.0000E+00  0.2000E+01
 -75.577  0.0000E+00  0.2000E+01
 -75.572  0.0000E+00  0.2000E+01
 -75.567  0.0000E+00  0.2000E+01
 -75.562  0.0000E+00  0.2000E+01
 -75.557  0.0000E+00  0.2000E+01
 -75.552  0.0000E+00  0.2000E+01
 -75.547  0.0000E+00  0.2000E+01
 -75.542  0.0000E+00  0.2000E+01
 -75.537  0.0000E+00  0.2000E+01
 -75.532  0.0000E+00  0.2000E+01
 -75.527  0.0000E+00  0.2000E+01
 -75.522  0.0000E+00  0.2000E+01
 -75.517  0.0000E+00  0.2000E+01
 -75.512  0.0000E+00  0.2000E+01
 -75.507  0.0000E+00  0.2000E+01
 -75.502  0.0000E+00  0.2000E+01
 -75.497  0.0000E+00  0.2000E+01
 -75.492  0.0000E+00  0.2000E+01
 -75.487  0.0000E+00  0.2000E+01
 -75.482  0.0000E+00  0.2000E+01
 -75.477  0.0000E+00  0.2000E+01
 -75.472  0.0000E+00  0.2000E+01
 -75.467  0.0000E+00  0.2000E+01
 -75.462  0.0000E+00  0.2000E+01
 -75.457  0.0000E+00  0.2000E+01
 -75.452  0.0000E+00  0.2000E+01
 -75.447  0.0000E+00  0.2000E+01
 -75.442  0.0000E+00  0.2000E+01
 -75.437  0.0000E+00  0.2000E+01
 -75.432  0.0000E+00  0.2000E+01
 -75.427  0.0000E+00  0.2000E+01
 -75.422  0.0000E+00  0.2000E+01
 -75.417  0.0000E+00  0.2000E+01
 -75.412  0.0000E+00  0.2000E+01
 -75.407  0.0000E+00  0.2000E+01
 -75.402  0.0000E+00  0.2000E+01
 -75.397  0.0000E+00  0.2000E+01
 -75.392  0.0000E+00  0.2000E+01
 -75.387  0.0000E+00  0.2000E+01
 -75.382  0.0000E+00  0.2000E+01
 -75.377  0.0000E+00  0.2000E+01
 -75.372  0.0000E+00  0.2000E+01
 -75.367  0.0000E+00  0.2000E+01
 -75.362  0.0000E+00  0.2000E+01
 -75.357  0.0000E+00  0.2000E+01
 -75.352  0.0000E+00  0.2000E+01
 -75.347  0.0000E+00  0.2000E+01
 -75.342  0.0000E+00  0.2000E+01
 -75.337  0.0000E+00  0.2000E+01
 -75.332  0.0000E+00  0.2000E+01
 -75.327  0.0000E+00  0.2000E+01
 -75.322  0.0000E+00  0.2000E+01
 -75.317  0.0000E+00  0.2000E+01
 -75.312  0.0000E+00  0.2000E+01
 -75.307  0.0000E+00  0.2000E+01
 -75.302  0.0000E+00  0.2000E+01
 -75.297  0.0000E+00  0.2000E+01
 -75.292  0.0000E+00  0.2000E+01
 -75.287  0.0000E+00  0.2000E+01
 -75.282  0.0000E+00  0.2000E+01
 -75.277  0.0000E+00  0.2000E+01
 -75.272  0.0000E+00  0.2000E+01
 -75.267  0.0000E+00  0.2000E+01
 -75.262  0.0000E+00  0.2000E+01
 -75.257  0.0000E+00  0.2000E+01
 -75.252  0.0000E+00  0.2000E+01
 -75.247  0.0000E+00  0.2000E+01
 -75.242  0.0000E+00  0.2000E+01
 -75.237  0.0000E+00  0.2000E+01
 -75.232  0.0000E+00  0.2000E+01
 -75.227  0.0000E+00  0.2000E+01
 -75.222  0.0000E+00  0.2000E+01
 -75.217  0.0000E+00  0.2000E+01
 -75.212  0.0000E+00  0.2000E+01
 -75.207  0.0000E+00  0.2000E+01
 -75.202  0.0000E+00  0.2000E+01
 -75.197  0.0000E+00  0.2000E+01
 -75.192  0.0000E+00  0.2000E+01
 -75.187  0.0000E+00  0.2000E+01
 -75.182  0.0000E+00  0.2000E+01
 -75.177  0.0000E+00  0.2000E+01
 -75.172  0.0000E+00  0.2000E+01
 -75.167  0.0000E+00  0.2000E+01
 -75.162  0.0000E+00  0.2000E+01
 -75.157  0.0000E+00  0.2000E+01
 -75.152  0.0000E+00  0.2000E+01
 -75.147  0.0000E+00  0.2000E+01
 -75.142  0.0000E+00  0.2000E+01
 -75.137  0.0000E+00  0.2000E+01
 -75.132  0.0000E+00  0.2000E+01
 -75.127  0.0000E+00  0.2000E+01
 -75.122  0.0000E+00  0.2000E+01
 -75.117  0.0000E+00  0.2000E+01
 -75.112  0.0000E+00  0.2000E+01
 -75.107  0.0000E+00  0.2000E+01
 -75.102  0.0000E+00  0.2000E+01
 -75.097  0.0000E+00  0.2000E+01
 -75.092  0.0000E+00  0.2000E+01
 -75.087  0.0000E+00  0.2000E+01
 -75.082  0.0000E+00  0.2000E+01
 -75.077  0.0000E+00  0.2000E+01
 -75.072  0.0000E+00  0.2000E+01
 -75.067  0.0000E+00  0.2000E+01
 -75.062  0.0000E+00  0.2000E+01
 -75.057  0.0000E+00  0.2000E+01
 -75.052  0.0000E+00  0.2000E+01
 -75.047  0.0000E+00  0.2000E+01
 -75.042  0.0000E+00  0.2000E+01
 -75.037  0.0000E+00  0.2000E+01
 -75.032  0.0000E+00  0.2000E+01
 -75.027  0.0000E+00  0.2000E+01
 -75.022  0.0000E+00  0.2000E+01
 -75.017  0.0000E+00  0.2000E+01
 -75.012  0.0000E+00  0.2000E+01
 -75.007  0.0000E+00  0.2000E+01
 -75.002  0.0000E+00  0.2000E+01
 -74.997  0.0000E+00  0.2000E+01
 -74.992  0.0000E+00  0.2000E+01
 -74.987  0.0000E+00  0.2000E+01
 -74.982  0.0000E+00  0.2000E+01
 -74.977  0.0000E+00  0.2000E+01
 -74.972  0.0000E+00  0.2000E+01
 -74.967  0.0000E+00  0.2000E+01
 -74.962  0.0000E+00  0.2000E+01
 -74.957  0.0000E+00  0.2000E+01
 -74.952  0.0000E+00  0.2000E+01
 -74.947  0.0000E+00  0.2000E+01
 -74.942  0.0000E+00  0.2000E+01
 -74.937  0.0000E+00  0.2000E+01
 -74.932  0.0000E+00  0.2000E+01
 -74.927  0.0000E+00  0.2000E+01
 -74.922  0.0000E+00  0.2000E+01
 -74.917  0.0000E+00  0.2000E+01
 -74.912  0.0000E+00  0.2000E+01
 -74.907  0.0000E+00  0.2000E+01
 -74.902  0.0000E+00  0.2000E+01
 -74.897  0.0000E+00  0.2000E+01
 -74.892  0.0000E+00  0.2000E+01
 -74.887  0.0000E+00  0.2000E+01
 -74.882  0.0000E+00  0.2000E+01
 -74.877  0.0000E+00  0.2000E+01
 -74.872  0.0000E+00  0.2000E+01
 -74.867  0.0000E+00  0.2000E+01
 -74.862  0.0000E+00  0.2000E+01
 -74.857  0.0000E+00  0.2000E+01
 -74.852  0.0000E+00  0.2000E+01
 -74.847  0.0000E+00  0.2000E+01
 -74.842  0.0000E+00  0.2000E+01
 -74.837  0.0000E+00  0.2000E+01
 -74.832  0.0000E+00  0.2000E+01
 -74.827  0.0000E+00  0.2000E+01
 -74.822  0.0000E+00  0.2000E+01
 -74.817  0.0000E+00  0.2000E+01
 -74.812  0.0000E+00  0.2000E+01
 -74.807  0.0000E+00  0.2000E+01
 -74.802  0.0000E+00  0.2000E+01
 -74.797  0.0000E+00  0.2000E+01
 -74.792  0.0000E+00  0.2000E+01
 -74.787  0.0000E+00  0.2000E+01
 -74.782  0.0000E+00  0.2000E+01
 -74.777  0.0000E+00  0.2000E+01
 -74.772  0.0000E+00  0.2000E+01
 -74.767  0.0000E+00  0.2000E+01
 -74.762  0.0000E+00  0.2000E+01
 -74.757  0.0000E+00  0.2000E+01
 -74.752  0.0000E+00  0.2000E+01
 -74.747  0.0000E+00  0.2000E+01
 -74.742  0.0000E+00  0.2000E+01
 -74.737  0.0000E+00  0.2000E+01
 -74.732  0.0000E+00  0.2000E+01
 -74.727  0.0000E+00  0.2000E+01
 -74.722  0.0000E+00  0.2000E+01
 -74.717  0.0000E+00  0.2000E+01
 -74.712  0.0000E+00  0.2000E+01
 -74.707  0.0000E+00  0.2000E+01
 -74.702  0.0000E+00  0.2000E+01
 -74.697  0.0000E+00  0.2000E+01
 -74.692  0.0000E+00  0.2000E+01
 -74.687  0.0000E+00  0.2000E+01
 -74.682  0.0000E+00  0.2000E+01
 -74.677  0.0000E+00  0.2000E+01
 -74.672  0.0000E+00  0.2000E+01
 -74.667  0.0000E+00  0.2000E+01
 -74.662  0.0000E+00  0.2000E+01
 -74.657  0.0000E+00  0.2000E+01
 -74.652  0.0000E+00  0.2000E+01
 -74.647  0.0000E+00  0.2000E+01
 -74.642  0.0000E+00  0.2000E+01
 -74.637  0.0000E+00  0.2000E+01
 -74.632  0.0000E+00  0.2000E+01
 -74.627  0.0000E+00  0.2000E+01
 -74.622  0.0000E+00  0.2000E+01
 -74.617  0.0000E+00  0.2000E+01
 -74.612  0.0000E+00  0.2000E+01
 -74.607  0.0000E+00  0.2000E+01
 -74.602  0.0000E+00  0.2000E+01
 -74.597  0.0000E+00  0.2000E+01
 -74.592  0.0000E+00  0.2000E+01
 -74.587  0.0000E+00  0.2000E+01
 -74.582  0.0000E+00  0.2000E+01
 -74.577  0.0000E+00  0.2000E+01
 -74.572  0.0000E+00  0.2000E+01
 -74.567  0.0000E+00  0.2000E+01
 -74.562  0.0000E+00  0.2000E+01
 -74.557  0.0000E+00  0.2000E+01
 -74.552  0.0000E+00  0.2000E+01
 -74.547  0.0000E+00  0.2000E+01
 -74.542  0.0000E+00  0.2000E+01
 -74.537  0.0000E+00  0.2000E+01
 -74.532  0.0000E+00  0.2000E+01
 -74.527  0.0000E+00  0.2000E+01
 -74.522  0.0000E+00  0.2000E+01
 -74.517  0.0000E+00  0.2000E+01
 -74.512  0.0000E+00  0.2000E+01
 -74.507  0.0000E+00  0.2000E+01
 -74.502  0.0000E+00  0.2000E+01
 -74.497  0.0000E+00  0.2000E+01
 -74.492  0.0000E+00  0.2000E+01
 -74.487  0.0000E+00  0.2000E+01
 -74.482  0.0000E+00  0.2000E+01
 -74.477  0.0000E+00  0.2000E+01
 -74.472  0.0000E+00  0.2000E+01
 -74.467  0.0000E+00  0.2000E+01
 -74.462  0.0000E+00  0.2000E+01
 -74.457  0.0000E+00  0.2000E+01
 -74.452  0.0000E+00  0.2000E+01
 -74.447  0.0000E+00  0.2000E+01
 -74.442  0.0000E+00  0.2000E+01
 -74.437  0.0000E+00  0.2000E+01
 -74.432  0.0000E+00  0.2000E+01
 -74.427  0.0000E+00  0.2000E+01
 -74.422  0.0000E+00  0.2000E+01
 -74.417  0.0000E+00  0.2000E+01
 -74.412  0.0000E+00  0.2000E+01
 -74.407  0.0000E+00  0.2000E+01
 -74.402  0.0000E+00  0.2000E+01
 -74.397  0.0000E+00  0.2000E+01
 -74.392  0.0000E+00  0.2000E+01
 -74.387  0.0000E+00  0.2000E+01
 -74.382  0.0000E+00  0.2000E+01
 -74.377  0.0000E+00  0.2000E+01
 -74.372  0.0000E+00  0.2000E+01
 -74.367  0.0000E+00  0.2000E+01
 -74.362  0.0000E+00  0.2000E+01
 -74.357  0.0000E+00  0.2000E+01
 -74.352  0.0000E+00  0.2000E+01
 -74.347  0.0000E+00  0.2000E+01
 -74.342  0.0000E+00  0.2000E+01
 -74.337  0.0000E+00  0.2000E+01
 -74.332  0.0000E+00  0.2000E+01
 -74.327  0.0000E+00  0.2000E+01
 -74.322  0.0000E+00  0.2000E+01
 -74.317  0.0000E+00  0.2000E+01
 -74.312  0.0000E+00  0.2000E+01
 -74.307  0.0000E+00  0.2000E+01
 -74.302  0.0000E+00  0.2000E+01
 -74.297  0.0000E+00  0.2000E+01
 -74.292  0.0000E+00  0.2000E+01
 -74.287  0.0000E+00  0.2000E+01
 -74.282  0.0000E+00  0.2000E+01
 -74.277  0.0000E+00  0.2000E+01
 -74.272  0.0000E+00  0.2000E+01
 -74.267  0.0000E+00  0.2000E+01
 -74.262  0.0000E+00  0.2000E+01
 -74.257  0.0000E+00  0.2000E+01
 -74.252  0.0000E+00  0.2000E+01
 -74.247  0.0000E+00  0.2000E+01
 -74.242  0.0000E+00  0.2000E+01
 -74.237  0.0000E+00  0.2000E+01
 -74.232  0.0000E+00  0.2000E+01
 -74.227  0.0000E+00  0.2000E+01
 -74.222  0.0000E+00  0.2000E+01
 -74.217  0.0000E+00  0.2000E+01
 -74.212  0.0000E+00  0.2000E+01
 -74.207  0.0000E+00  0.2000E+01
 -74.202  0.0000E+00  0.2000E+01
 -74.197  0.0000E+00  0.2000E+01
 -74.192  0.0000E+00  0.2000E+01
 -74.187  0.0000E+00  0.2000E+01
 -74.182  0.0000E+00  0.2000E+01
 -74.177  0.0000E+00  0.2000E+01
 -74.172  0.0000E+00  0.2000E+01
 -74.167  0.0000E+00  0.2000E+01
 -74.162  0.0000E+00  0.2000E+01
 -74.157  0.0000E+00  0.2000E+01
 -74.152  0.0000E+00  0.2000E+01
 -74.147  0.0000E+00  0.2000E+01
 -74.142  0.0000E+00  0.2000E+01
 -74.137  0.0000E+00  0.2000E+01
 -74.132  0.0000E+00  0.2000E+01
 -74.127  0.0000E+00  0.2000E+01
 -74.122  0.0000E+00  0.2000E+01
 -74.117  0.0000E+00  0.2000E+01
 -74.112  0.0000E+00  0.2000E+01
 -74.107  0.0000E+00  0.2000E+01
 -74.102  0.0000E+00  0.2000E+01
 -74.097  0.0000E+00  0.2000E+01
 -74.092  0.0000E+00  0.2000E+01
 -74.087  0.0000E+00  0.2000E+01
 -74.082  0.0000E+00  0.2000E+01
 -74.077  0.0000E+00  0.2000E+01
 -74.072  0.0000E+00  0.2000E+01
 -74.067  0.0000E+00  0.2000E+01
 -74.062  0.0000E+00  0.2000E+01
 -74.057  0.0000E+00  0.2000E+01
 -74.052  0.0000E+00  0.2000E+01
 -74.047  0.0000E+00  0.2000E+01
 -74.042  0.0000E+00  0.2000E+01
 -74.037  0.0000E+00  0.2000E+01
 -74.032  0.0000E+00  0.2000E+01
 -74.027  0.0000E+00  0.2000E+01
 -74.022  0.0000E+00  0.2000E+01
 -74.017  0.0000E+00  0.2000E+01
 -74.012  0.0000E+00  0.2000E+01
 -74.007  0.0000E+00  0.2000E+01
 -74.002  0.0000E+00  0.2000E+01
 -73.997  0.0000E+00  0.2000E+01
 -73.992  0.0000E+00  0.2000E+01
 -73.987  0.0000E+00  0.2000E+01
 -73.982  0.0000E+00  0.2000E+01
 -73.977  0.0000E+00  0.2000E+01
 -73.972  0.0000E+00  0.2000E+01
 -73.967  0.0000E+00  0.2000E+01
 -73.962  0.0000E+00  0.2000E+01
 -73.957  0.0000E+00  0.2000E+01
 -73.952  0.0000E+00  0.2000E+01
 -73.947  0.0000E+00  0.2000E+01
 -73.942  0.0000E+00  0.2000E+01
 -73.937  0.0000E+00  0.2000E+01
 -73.932  0.0000E+00  0.2000E+01
 -73.927  0.0000E+00  0.2000E+01
 -73.922  0.0000E+00  0.2000E+01
 -73.917  0.0000E+00  0.2000E+01
 -73.912  0.0000E+00  0.2000E+01
 -73.907  0.0000E+00  0.2000E+01
 -73.902  0.0000E+00  0.2000E+01
 -73.897  0.0000E+00  0.2000E+01
 -73.892  0.0000E+00  0.2000E+01
 -73.887  0.0000E+00  0.2000E+01
 -73.882  0.0000E+00  0.2000E+01
 -73.877  0.0000E+00  0.2000E+01
 -73.872  0.0000E+00  0.2000E+01
 -73.867  0.0000E+00  0.2000E+01
 -73.862  0.0000E+00  0.2000E+01
 -73.857  0.0000E+00  0.2000E+01
 -73.852  0.0000E+00  0.2000E+01
 -73.847  0.0000E+00  0.2000E+01
 -73.842  0.0000E+00  0.2000E+01
 -73.837  0.0000E+00  0.2000E+01
 -73.832  0.0000E+00  0.2000E+01
 -73.827  0.0000E+00  0.2000E+01
 -73.822  0.0000E+00  0.2000E+01
 -73.817  0.0000E+00  0.2000E+01
 -73.812  0.0000E+00  0.2000E+01
 -73.807  0.0000E+00  0.2000E+01
 -73.802  0.0000E+00  0.2000E+01
 -73.797  0.0000E+00  0.2000E+01
 -73.792  0.0000E+00  0.2000E+01
 -73.787  0.0000E+00  0.2000E+01
 -73.782  0.0000E+00  0.2000E+01
 -73.777  0.0000E+00  0.2000E+01
 -73.772  0.0000E+00  0.2000E+01
 -73.767  0.0000E+00  0.2000E+01
 -73.762  0.0000E+00  0.2000E+01
 -73.757  0.0000E+00  0.2000E+01
 -73.752  0.0000E+00  0.2000E+01
 -73.747  0.0000E+00  0.2000E+01
 -73.742  0.0000E+00  0.2000E+01
 -73.737  0.0000E+00  0.2000E+01
 -73.732  0.0000E+00  0.2000E+01
 -73.727  0.0000E+00  0.2000E+01
 -73.722  0.0000E+00  0.2000E+01
 -73.717  0.0000E+00  0.2000E+01
 -73.712  0.0000E+00  0.2000E+01
 -73.707  0.0000E+00  0.2000E+01
 -73.702  0.0000E+00  0.2000E+01
 -73.697  0.0000E+00  0.2000E+01
 -73.692  0.0000E+00  0.2000E+01
 -73.687  0.0000E+00  0.2000E+01
 -73.682  0.0000E+00  0.2000E+01
 -73.677  0.0000E+00  0.2000E+01
 -73.672  0.0000E+00  0.2000E+01
 -73.667  0.0000E+00  0.2000E+01
 -73.662  0.0000E+00  0.2000E+01
 -73.657  0.0000E+00  0.2000E+01
 -73.652  0.0000E+00  0.2000E+01
 -73.647  0.0000E+00  0.2000E+01
 -73.642  0.0000E+00  0.2000E+01
 -73.637  0.0000E+00  0.2000E+01
 -73.632  0.0000E+00  0.2000E+01
 -73.627  0.0000E+00  0.2000E+01
 -73.622  0.0000E+00  0.2000E+01
 -73.617  0.0000E+00  0.2000E+01
 -73.612  0.0000E+00  0.2000E+01
 -73.607  0.0000E+00  0.2000E+01
 -73.602  0.0000E+00  0.2000E+01
 -73.597  0.0000E+00  0.2000E+01
 -73.592  0.0000E+00  0.2000E+01
 -73.587  0.0000E+00  0.2000E+01
 -73.582  0.0000E+00  0.2000E+01
 -73.577  0.0000E+00  0.2000E+01
 -73.572  0.0000E+00  0.2000E+01
 -73.567  0.0000E+00  0.2000E+01
 -73.562  0.0000E+00  0.2000E+01
 -73.557  0.0000E+00  0.2000E+01
 -73.552  0.0000E+00  0.2000E+01
 -73.547  0.0000E+00  0.2000E+01
 -73.542  0.0000E+00  0.2000E+01
 -73.537  0.0000E+00  0.2000E+01
 -73.532  0.0000E+00  0.2000E+01
 -73.527  0.0000E+00  0.2000E+01
 -73.522  0.0000E+00  0.2000E+01
 -73.517  0.0000E+00  0.2000E+01
 -73.512  0.0000E+00  0.2000E+01
 -73.507  0.0000E+00  0.2000E+01
 -73.502  0.0000E+00  0.2000E+01
 -73.497  0.0000E+00  0.2000E+01
 -73.492  0.0000E+00  0.2000E+01
 -73.487  0.0000E+00  0.2000E+01
 -73.482  0.0000E+00  0.2000E+01
 -73.477  0.0000E+00  0.2000E+01
 -73.472  0.0000E+00  0.2000E+01
 -73.467  0.0000E+00  0.2000E+01
 -73.462  0.0000E+00  0.2000E+01
 -73.457  0.0000E+00  0.2000E+01
 -73.452  0.0000E+00  0.2000E+01
 -73.447  0.0000E+00  0.2000E+01
 -73.442  0.0000E+00  0.2000E+01
 -73.437  0.0000E+00  0.2000E+01
 -73.432  0.0000E+00  0.2000E+01
 -73.427  0.0000E+00  0.2000E+01
 -73.422  0.0000E+00  0.2000E+01
 -73.417  0.0000E+00  0.2000E+01
 -73.412  0.0000E+00  0.2000E+01
 -73.407  0.0000E+00  0.2000E+01
 -73.402  0.0000E+00  0.2000E+01
 -73.397  0.0000E+00  0.2000E+01
 -73.392  0.0000E+00  0.2000E+01
 -73.387  0.0000E+00  0.2000E+01
 -73.382  0.0000E+00  0.2000E+01
 -73.377  0.0000E+00  0.2000E+01
 -73.372  0.0000E+00  0.2000E+01
 -73.367  0.0000E+00  0.2000E+01
 -73.362  0.0000E+00  0.2000E+01
 -73.357  0.0000E+00  0.2000E+01
 -73.352  0.0000E+00  0.2000E+01
 -73.347  0.0000E+00  0.2000E+01
 -73.342  0.0000E+00  0.2000E+01
 -73.337  0.0000E+00  0.2000E+01
 -73.332  0.0000E+00  0.2000E+01
 -73.327  0.0000E+00  0.2000E+01
 -73.322  0.0000E+00  0.2000E+01
 -73.317  0.0000E+00  0.2000E+01
 -73.312  0.0000E+00  0.2000E+01
 -73.307  0.0000E+00  0.2000E+01
 -73.302  0.0000E+00  0.2000E+01
 -73.297  0.0000E+00  0.2000E+01
 -73.292  0.0000E+00  0.2000E+01
 -73.287  0.0000E+00  0.2000E+01
 -73.282  0.0000E+00  0.2000E+01
 -73.277  0.0000E+00  0.2000E+01
 -73.272  0.0000E+00  0.2000E+01
 -73.267  0.0000E+00  0.2000E+01
 -73.262  0.0000E+00  0.2000E+01
 -73.257  0.0000E+00  0.2000E+01
 -73.252  0.0000E+00  0.2000E+01
 -73.247  0.0000E+00  0.2000E+01
 -73.242  0.0000E+00  0.2000E+01
 -73.237  0.0000E+00  0.2000E+01
 -73.232  0.0000E+00  0.2000E+01
 -73.227  0.0000E+00  0.2000E+01
 -73.222  0.0000E+00  0.2000E+01
 -73.217  0.0000E+00  0.2000E+01
 -73.212  0.0000E+00  0.2000E+01
 -73.207  0.0000E+00  0.2000E+01
 -73.202  0.0000E+00  0.2000E+01
 -73.197  0.0000E+00  0.2000E+01
 -73.192  0.0000E+00  0.2000E+01
 -73.187  0.0000E+00  0.2000E+01
 -73.182  0.0000E+00  0.2000E+01
 -73.177  0.0000E+00  0.2000E+01
 -73.172  0.0000E+00  0.2000E+01
 -73.167  0.0000E+00  0.2000E+01
 -73.162  0.0000E+00  0.2000E+01
 -73.157  0.0000E+00  0.2000E+01
 -73.152  0.0000E+00  0.2000E+01
 -73.147  0.0000E+00  0.2000E+01
 -73.142  0.0000E+00  0.2000E+01
 -73.137  0.0000E+00  0.2000E+01
 -73.132  0.0000E+00  0.2000E+01
 -73.127  0.0000E+00  0.2000E+01
 -73.122  0.0000E+00  0.2000E+01
 -73.117  0.0000E+00  0.2000E+01
 -73.112  0.0000E+00  0.2000E+01
 -73.107  0.0000E+00  0.2000E+01
 -73.102  0.0000E+00  0.2000E+01
 -73.097  0.0000E+00  0.2000E+01
 -73.092  0.0000E+00  0.2000E+01
 -73.087  0.0000E+00  0.2000E+01
 -73.082  0.0000E+00  0.2000E+01
 -73.077  0.0000E+00  0.2000E+01
 -73.072  0.0000E+00  0.2000E+01
 -73.067  0.0000E+00  0.2000E+01
 -73.062  0.0000E+00  0.2000E+01
 -73.057  0.0000E+00  0.2000E+01
 -73.052  0.0000E+00  0.2000E+01
 -73.047  0.0000E+00  0.2000E+01
 -73.042  0.0000E+00  0.2000E+01
 -73.037  0.0000E+00  0.2000E+01
 -73.032  0.0000E+00  0.2000E+01
 -73.027  0.0000E+00  0.2000E+01
 -73.022  0.0000E+00  0.2000E+01
 -73.017  0.0000E+00  0.2000E+01
 -73.012  0.0000E+00  0.2000E+01
 -73.007  0.0000E+00  0.2000E+01
 -73.002  0.0000E+00  0.2000E+01
 -72.997  0.0000E+00  0.2000E+01
 -72.992  0.0000E+00  0.2000E+01
 -72.987  0.0000E+00  0.2000E+01
 -72.982  0.0000E+00  0.2000E+01
 -72.977  0.0000E+00  0.2000E+01
 -72.972  0.0000E+00  0.2000E+01
 -72.967  0.0000E+00  0.2000E+01
 -72.962  0.0000E+00  0.2000E+01
 -72.957  0.0000E+00  0.2000E+01
 -72.952  0.0000E+00  0.2000E+01
 -72.947  0.0000E+00  0.2000E+01
 -72.942  0.0000E+00  0.2000E+01
 -72.937  0.0000E+00  0.2000E+01
 -72.932  0.0000E+00  0.2000E+01
 -72.927  0.0000E+00  0.2000E+01
 -72.922  0.0000E+00  0.2000E+01
 -72.917  0.0000E+00  0.2000E+01
 -72.912  0.0000E+00  0.2000E+01
 -72.907  0.0000E+00  0.2000E+01
 -72.902  0.0000E+00  0.2000E+01
 -72.897  0.0000E+00  0.2000E+01
 -72.892  0.0000E+00  0.2000E+01
 -72.887  0.0000E+00  0.2000E+01
 -72.882  0.0000E+00  0.2000E+01
 -72.877  0.0000E+00  0.2000E+01
 -72.872  0.0000E+00  0.2000E+01
 -72.867  0.0000E+00  0.2000E+01
 -72.862  0.0000E+00  0.2000E+01
 -72.857  0.0000E+00  0.2000E+01
 -72.852  0.0000E+00  0.2000E+01
 -72.847  0.0000E+00  0.2000E+01
 -72.842  0.0000E+00  0.2000E+01
 -72.837  0.0000E+00  0.2000E+01
 -72.832  0.0000E+00  0.2000E+01
 -72.827  0.0000E+00  0.2000E+01
 -72.822  0.0000E+00  0.2000E+01
 -72.817  0.0000E+00  0.2000E+01
 -72.812  0.0000E+00  0.2000E+01
 -72.807  0.0000E+00  0.2000E+01
 -72.802  0.0000E+00  0.2000E+01
 -72.797  0.0000E+00  0.2000E+01
 -72.792  0.0000E+00  0.2000E+01
 -72.787  0.0000E+00  0.2000E+01
 -72.782  0.0000E+00  0.2000E+01
 -72.777  0.0000E+00  0.2000E+01
 -72.772  0.0000E+00  0.2000E+01
 -72.767  0.0000E+00  0.2000E+01
 -72.762  0.0000E+00  0.2000E+01
 -72.757  0.0000E+00  0.2000E+01
 -72.752  0.0000E+00  0.2000E+01
 -72.747  0.0000E+00  0.2000E+01
 -72.742  0.0000E+00  0.2000E+01
 -72.737  0.0000E+00  0.2000E+01
 -72.732  0.0000E+00  0.2000E+01
 -72.727  0.0000E+00  0.2000E+01
 -72.722  0.0000E+00  0.2000E+01
 -72.717  0.0000E+00  0.2000E+01
 -72.712  0.0000E+00  0.2000E+01
 -72.707  0.0000E+00  0.2000E+01
 -72.702  0.0000E+00  0.2000E+01
 -72.697  0.0000E+00  0.2000E+01
 -72.692  0.0000E+00  0.2000E+01
 -72.687  0.0000E+00  0.2000E+01
 -72.682  0.0000E+00  0.2000E+01
 -72.677  0.0000E+00  0.2000E+01
 -72.672  0.0000E+00  0.2000E+01
 -72.667  0.0000E+00  0.2000E+01
 -72.662  0.0000E+00  0.2000E+01
 -72.657  0.0000E+00  0.2000E+01
 -72.652  0.0000E+00  0.2000E+01
 -72.647  0.0000E+00  0.2000E+01
 -72.642  0.0000E+00  0.2000E+01
 -72.637  0.0000E+00  0.2000E+01
 -72.632  0.0000E+00  0.2000E+01
 -72.627  0.0000E+00  0.2000E+01
 -72.622  0.0000E+00  0.2000E+01
 -72.617  0.0000E+00  0.2000E+01
 -72.612  0.0000E+00  0.2000E+01
 -72.607  0.0000E+00  0.2000E+01
 -72.602  0.0000E+00  0.2000E+01
 -72.597  0.0000E+00  0.2000E+01
 -72.592  0.0000E+00  0.2000E+01
 -72.587  0.0000E+00  0.2000E+01
 -72.582  0.0000E+00  0.2000E+01
 -72.577  0.0000E+00  0.2000E+01
 -72.572  0.0000E+00  0.2000E+01
 -72.567  0.0000E+00  0.2000E+01
 -72.562  0.0000E+00  0.2000E+01
 -72.557  0.0000E+00  0.2000E+01
 -72.552  0.0000E+00  0.2000E+01
 -72.547  0.0000E+00  0.2000E+01
 -72.542  0.0000E+00  0.2000E+01
 -72.537  0.0000E+00  0.2000E+01
 -72.532  0.0000E+00  0.2000E+01
 -72.527  0.0000E+00  0.2000E+01
 -72.522  0.0000E+00  0.2000E+01
 -72.517  0.0000E+00  0.2000E+01
 -72.512  0.0000E+00  0.2000E+01
 -72.507  0.0000E+00  0.2000E+01
 -72.502  0.0000E+00  0.2000E+01
 -72.497  0.0000E+00  0.2000E+01
 -72.492  0.0000E+00  0.2000E+01
 -72.487  0.0000E+00  0.2000E+01
 -72.482  0.0000E+00  0.2000E+01
 -72.477  0.0000E+00  0.2000E+01
 -72.472  0.0000E+00  0.2000E+01
 -72.467  0.0000E+00  0.2000E+01
 -72.462  0.0000E+00  0.2000E+01
 -72.457  0.0000E+00  0.2000E+01
 -72.452  0.0000E+00  0.2000E+01
 -72.447  0.0000E+00  0.2000E+01
 -72.442  0.0000E+00  0.2000E+01
 -72.437  0.0000E+00  0.2000E+01
 -72.432  0.0000E+00  0.2000E+01
 -72.427  0.0000E+00  0.2000E+01
 -72.422  0.0000E+00  0.2000E+01
 -72.417  0.0000E+00  0.2000E+01
 -72.412  0.0000E+00  0.2000E+01
 -72.407  0.0000E+00  0.2000E+01
 -72.402  0.0000E+00  0.2000E+01
 -72.397  0.0000E+00  0.2000E+01
 -72.392  0.0000E+00  0.2000E+01
 -72.387  0.0000E+00  0.2000E+01
 -72.382  0.0000E+00  0.2000E+01
 -72.377  0.0000E+00  0.2000E+01
 -72.372  0.0000E+00  0.2000E+01
 -72.367  0.0000E+00  0.2000E+01
 -72.362  0.0000E+00  0.2000E+01
 -72.357  0.0000E+00  0.2000E+01
 -72.352  0.0000E+00  0.2000E+01
 -72.347  0.0000E+00  0.2000E+01
 -72.342  0.0000E+00  0.2000E+01
 -72.337  0.0000E+00  0.2000E+01
 -72.332  0.0000E+00  0.2000E+01
 -72.327  0.0000E+00  0.2000E+01
 -72.322  0.0000E+00  0.2000E+01
 -72.317  0.0000E+00  0.2000E+01
 -72.312  0.0000E+00  0.2000E+01
 -72.307  0.0000E+00  0.2000E+01
 -72.302  0.0000E+00  0.2000E+01
 -72.297  0.0000E+00  0.2000E+01
 -72.292  0.0000E+00  0.2000E+01
 -72.287  0.0000E+00  0.2000E+01
 -72.282  0.0000E+00  0.2000E+01
 -72.277  0.0000E+00  0.2000E+01
 -72.272  0.0000E+00  0.2000E+01
 -72.267  0.0000E+00  0.2000E+01
 -72.262  0.0000E+00  0.2000E+01
 -72.257  0.0000E+00  0.2000E+01
 -72.252  0.0000E+00  0.2000E+01
 -72.247  0.0000E+00  0.2000E+01
 -72.242  0.0000E+00  0.2000E+01
 -72.237  0.0000E+00  0.2000E+01
 -72.232  0.0000E+00  0.2000E+01
 -72.227  0.0000E+00  0.2000E+01
 -72.222  0.0000E+00  0.2000E+01
 -72.217  0.0000E+00  0.2000E+01
 -72.212  0.0000E+00  0.2000E+01
 -72.207  0.0000E+00  0.2000E+01
 -72.202  0.0000E+00  0.2000E+01
 -72.197  0.0000E+00  0.2000E+01
 -72.192  0.0000E+00  0.2000E+01
 -72.187  0.0000E+00  0.2000E+01
 -72.182  0.0000E+00  0.2000E+01
 -72.177  0.0000E+00  0.2000E+01
 -72.172  0.0000E+00  0.2000E+01
 -72.167  0.0000E+00  0.2000E+01
 -72.162  0.0000E+00  0.2000E+01
 -72.157  0.0000E+00  0.2000E+01
 -72.152  0.0000E+00  0.2000E+01
 -72.147  0.0000E+00  0.2000E+01
 -72.142  0.0000E+00  0.2000E+01
 -72.137  0.0000E+00  0.2000E+01
 -72.132  0.0000E+00  0.2000E+01
 -72.127  0.0000E+00  0.2000E+01
 -72.122  0.0000E+00  0.2000E+01
 -72.117  0.0000E+00  0.2000E+01
 -72.112  0.0000E+00  0.2000E+01
 -72.107  0.0000E+00  0.2000E+01
 -72.102  0.0000E+00  0.2000E+01
 -72.097  0.0000E+00  0.2000E+01
 -72.092  0.0000E+00  0.2000E+01
 -72.087  0.0000E+00  0.2000E+01
 -72.082  0.0000E+00  0.2000E+01
 -72.077  0.0000E+00  0.2000E+01
 -72.072  0.0000E+00  0.2000E+01
 -72.067  0.0000E+00  0.2000E+01
 -72.062  0.0000E+00  0.2000E+01
 -72.057  0.0000E+00  0.2000E+01
 -72.052  0.0000E+00  0.2000E+01
 -72.047  0.0000E+00  0.2000E+01
 -72.042  0.0000E+00  0.2000E+01
 -72.037  0.0000E+00  0.2000E+01
 -72.032  0.0000E+00  0.2000E+01
 -72.027  0.0000E+00  0.2000E+01
 -72.022  0.0000E+00  0.2000E+01
 -72.017  0.0000E+00  0.2000E+01
 -72.012  0.0000E+00  0.2000E+01
 -72.007  0.0000E+00  0.2000E+01
 -72.002  0.0000E+00  0.2000E+01
 -71.997  0.0000E+00  0.2000E+01
 -71.992  0.0000E+00  0.2000E+01
 -71.987  0.0000E+00  0.2000E+01
 -71.982  0.0000E+00  0.2000E+01
 -71.977  0.0000E+00  0.2000E+01
 -71.972  0.0000E+00  0.2000E+01
 -71.967  0.0000E+00  0.2000E+01
 -71.962  0.0000E+00  0.2000E+01
 -71.957  0.0000E+00  0.2000E+01
 -71.952  0.0000E+00  0.2000E+01
 -71.947  0.0000E+00  0.2000E+01
 -71.942  0.0000E+00  0.2000E+01
 -71.937  0.0000E+00  0.2000E+01
 -71.932  0.0000E+00  0.2000E+01
 -71.927  0.0000E+00  0.2000E+01
 -71.922  0.0000E+00  0.2000E+01
 -71.917  0.0000E+00  0.2000E+01
 -71.912  0.0000E+00  0.2000E+01
 -71.907  0.0000E+00  0.2000E+01
 -71.902  0.0000E+00  0.2000E+01
 -71.897  0.0000E+00  0.2000E+01
 -71.892  0.0000E+00  0.2000E+01
 -71.887  0.0000E+00  0.2000E+01
 -71.882  0.0000E+00  0.2000E+01
 -71.877  0.0000E+00  0.2000E+01
 -71.872  0.0000E+00  0.2000E+01
 -71.867  0.0000E+00  0.2000E+01
 -71.862  0.0000E+00  0.2000E+01
 -71.857  0.0000E+00  0.2000E+01
 -71.852  0.0000E+00  0.2000E+01
 -71.847  0.0000E+00  0.2000E+01
 -71.842  0.0000E+00  0.2000E+01
 -71.837  0.0000E+00  0.2000E+01
 -71.832  0.0000E+00  0.2000E+01
 -71.827  0.0000E+00  0.2000E+01
 -71.822  0.0000E+00  0.2000E+01
 -71.817  0.0000E+00  0.2000E+01
 -71.812  0.0000E+00  0.2000E+01
 -71.807  0.0000E+00  0.2000E+01
 -71.802  0.0000E+00  0.2000E+01
 -71.797  0.0000E+00  0.2000E+01
 -71.792  0.0000E+00  0.2000E+01
 -71.787  0.0000E+00  0.2000E+01
 -71.782  0.0000E+00  0.2000E+01
 -71.777  0.0000E+00  0.2000E+01
 -71.772  0.0000E+00  0.2000E+01
 -71.767  0.0000E+00  0.2000E+01
 -71.762  0.0000E+00  0.2000E+01
 -71.757  0.0000E+00  0.2000E+01
 -71.752  0.0000E+00  0.2000E+01
 -71.747  0.0000E+00  0.2000E+01
 -71.742  0.0000E+00  0.2000E+01
 -71.737  0.0000E+00  0.2000E+01
 -71.732  0.0000E+00  0.2000E+01
 -71.727  0.0000E+00  0.2000E+01
 -71.722  0.0000E+00  0.2000E+01
 -71.717  0.0000E+00  0.2000E+01
 -71.712  0.0000E+00  0.2000E+01
 -71.707  0.0000E+00  0.2000E+01
 -71.702  0.0000E+00  0.2000E+01
 -71.697  0.0000E+00  0.2000E+01
 -71.692  0.0000E+00  0.2000E+01
 -71.687  0.0000E+00  0.2000E+01
 -71.682  0.0000E+00  0.2000E+01
 -71.677  0.0000E+00  0.2000E+01
 -71.672  0.0000E+00  0.2000E+01
 -71.667  0.0000E+00  0.2000E+01
 -71.662  0.0000E+00  0.2000E+01
 -71.657  0.0000E+00  0.2000E+01
 -71.652  0.0000E+00  0.2000E+01
 -71.647  0.0000E+00  0.2000E+01
 -71.642  0.0000E+00  0.2000E+01
 -71.637  0.0000E+00  0.2000E+01
 -71.632  0.0000E+00  0.2000E+01
 -71.627  0.0000E+00  0.2000E+01
 -71.622  0.0000E+00  0.2000E+01
 -71.617  0.0000E+00  0.2000E+01
 -71.612  0.0000E+00  0.2000E+01
 -71.607  0.0000E+00  0.2000E+01
 -71.602  0.0000E+00  0.2000E+01
 -71.597  0.0000E+00  0.2000E+01
 -71.592  0.0000E+00  0.2000E+01
 -71.587  0.0000E+00  0.2000E+01
 -71.582  0.0000E+00  0.2000E+01
 -71.577  0.0000E+00  0.2000E+01
 -71.572  0.0000E+00  0.2000E+01
 -71.567  0.0000E+00  0.2000E+01
 -71.562  0.0000E+00  0.2000E+01
 -71.557  0.0000E+00  0.2000E+01
 -71.552  0.0000E+00  0.2000E+01
 -71.547  0.0000E+00  0.2000E+01
 -71.542  0.0000E+00  0.2000E+01
 -71.537  0.0000E+00  0.2000E+01
 -71.532  0.0000E+00  0.2000E+01
 -71.527  0.0000E+00  0.2000E+01
 -71.522  0.0000E+00  0.2000E+01
 -71.517  0.0000E+00  0.2000E+01
 -71.512  0.0000E+00  0.2000E+01
 -71.507  0.0000E+00  0.2000E+01
 -71.502  0.0000E+00  0.2000E+01
 -71.497  0.0000E+00  0.2000E+01
 -71.492  0.0000E+00  0.2000E+01
 -71.487  0.0000E+00  0.2000E+01
 -71.482  0.0000E+00  0.2000E+01
 -71.477  0.0000E+00  0.2000E+01
 -71.472  0.0000E+00  0.2000E+01
 -71.467  0.0000E+00  0.2000E+01
 -71.462  0.0000E+00  0.2000E+01
 -71.457  0.0000E+00  0.2000E+01
 -71.452  0.0000E+00  0.2000E+01
 -71.447  0.0000E+00  0.2000E+01
 -71.442  0.0000E+00  0.2000E+01
 -71.437  0.0000E+00  0.2000E+01
 -71.432  0.0000E+00  0.2000E+01
 -71.427  0.0000E+00  0.2000E+01
 -71.422  0.0000E+00  0.2000E+01
 -71.417  0.0000E+00  0.2000E+01
 -71.412  0.0000E+00  0.2000E+01
 -71.407  0.0000E+00  0.2000E+01
 -71.402  0.0000E+00  0.2000E+01
 -71.397  0.0000E+00  0.2000E+01
 -71.392  0.0000E+00  0.2000E+01
 -71.387  0.0000E+00  0.2000E+01
 -71.382  0.0000E+00  0.2000E+01
 -71.377  0.0000E+00  0.2000E+01
 -71.372  0.0000E+00  0.2000E+01
 -71.367  0.0000E+00  0.2000E+01
 -71.362  0.0000E+00  0.2000E+01
 -71.357  0.0000E+00  0.2000E+01
 -71.352  0.0000E+00  0.2000E+01
 -71.347  0.0000E+00  0.2000E+01
 -71.342  0.0000E+00  0.2000E+01
 -71.337  0.0000E+00  0.2000E+01
 -71.332  0.0000E+00  0.2000E+01
 -71.327  0.0000E+00  0.2000E+01
 -71.322  0.0000E+00  0.2000E+01
 -71.317  0.0000E+00  0.2000E+01
 -71.312  0.0000E+00  0.2000E+01
 -71.307  0.0000E+00  0.2000E+01
 -71.302  0.0000E+00  0.2000E+01
 -71.297  0.0000E+00  0.2000E+01
 -71.292  0.0000E+00  0.2000E+01
 -71.287  0.0000E+00  0.2000E+01
 -71.282  0.0000E+00  0.2000E+01
 -71.277  0.0000E+00  0.2000E+01
 -71.272  0.0000E+00  0.2000E+01
 -71.267  0.0000E+00  0.2000E+01
 -71.262  0.0000E+00  0.2000E+01
 -71.257  0.0000E+00  0.2000E+01
 -71.252  0.0000E+00  0.2000E+01
 -71.247  0.0000E+00  0.2000E+01
 -71.242  0.0000E+00  0.2000E+01
 -71.237  0.0000E+00  0.2000E+01
 -71.232  0.0000E+00  0.2000E+01
 -71.227  0.0000E+00  0.2000E+01
 -71.222  0.0000E+00  0.2000E+01
 -71.217  0.0000E+00  0.2000E+01
 -71.212  0.0000E+00  0.2000E+01
 -71.207  0.0000E+00  0.2000E+01
 -71.202  0.0000E+00  0.2000E+01
 -71.197  0.0000E+00  0.2000E+01
 -71.192  0.0000E+00  0.2000E+01
 -71.187  0.0000E+00  0.2000E+01
 -71.182  0.0000E+00  0.2000E+01
 -71.177  0.0000E+00  0.2000E+01
 -71.172  0.0000E+00  0.2000E+01
 -71.167  0.0000E+00  0.2000E+01
 -71.162  0.0000E+00  0.2000E+01
 -71.157  0.0000E+00  0.2000E+01
 -71.152  0.0000E+00  0.2000E+01
 -71.147  0.0000E+00  0.2000E+01
 -71.142  0.0000E+00  0.2000E+01
 -71.137  0.0000E+00  0.2000E+01
 -71.132  0.0000E+00  0.2000E+01
 -71.127  0.0000E+00  0.2000E+01
 -71.122  0.0000E+00  0.2000E+01
 -71.117  0.0000E+00  0.2000E+01
 -71.112  0.0000E+00  0.2000E+01
 -71.107  0.0000E+00  0.2000E+01
 -71.102  0.0000E+00  0.2000E+01
 -71.097  0.0000E+00  0.2000E+01
 -71.092  0.0000E+00  0.2000E+01
 -71.087  0.0000E+00  0.2000E+01
 -71.082  0.0000E+00  0.2000E+01
 -71.077  0.0000E+00  0.2000E+01
 -71.072  0.0000E+00  0.2000E+01
 -71.067  0.0000E+00  0.2000E+01
 -71.062  0.0000E+00  0.2000E+01
 -71.057  0.0000E+00  0.2000E+01
 -71.052  0.0000E+00  0.2000E+01
 -71.047  0.0000E+00  0.2000E+01
 -71.042  0.0000E+00  0.2000E+01
 -71.037  0.0000E+00  0.2000E+01
 -71.032  0.0000E+00  0.2000E+01
 -71.027  0.0000E+00  0.2000E+01
 -71.022  0.0000E+00  0.2000E+01
 -71.017  0.0000E+00  0.2000E+01
 -71.012  0.0000E+00  0.2000E+01
 -71.007  0.0000E+00  0.2000E+01
 -71.002  0.0000E+00  0.2000E+01
 -70.997  0.0000E+00  0.2000E+01
 -70.992  0.0000E+00  0.2000E+01
 -70.987  0.0000E+00  0.2000E+01
 -70.982  0.0000E+00  0.2000E+01
 -70.977  0.0000E+00  0.2000E+01
 -70.972  0.0000E+00  0.2000E+01
 -70.967  0.0000E+00  0.2000E+01
 -70.962  0.0000E+00  0.2000E+01
 -70.957  0.0000E+00  0.2000E+01
 -70.952  0.0000E+00  0.2000E+01
 -70.947  0.0000E+00  0.2000E+01
 -70.942  0.0000E+00  0.2000E+01
 -70.937  0.0000E+00  0.2000E+01
 -70.932  0.0000E+00  0.2000E+01
 -70.927  0.0000E+00  0.2000E+01
 -70.922  0.0000E+00  0.2000E+01
 -70.917  0.0000E+00  0.2000E+01
 -70.912  0.0000E+00  0.2000E+01
 -70.907  0.0000E+00  0.2000E+01
 -70.902  0.0000E+00  0.2000E+01
 -70.897  0.0000E+00  0.2000E+01
 -70.892  0.0000E+00  0.2000E+01
 -70.887  0.0000E+00  0.2000E+01
 -70.882  0.0000E+00  0.2000E+01
 -70.877  0.0000E+00  0.2000E+01
 -70.872  0.0000E+00  0.2000E+01
 -70.867  0.0000E+00  0.2000E+01
 -70.862  0.0000E+00  0.2000E+01
 -70.857  0.0000E+00  0.2000E+01
 -70.852  0.0000E+00  0.2000E+01
 -70.847  0.0000E+00  0.2000E+01
 -70.842  0.0000E+00  0.2000E+01
 -70.837  0.0000E+00  0.2000E+01
 -70.832  0.0000E+00  0.2000E+01
 -70.827  0.0000E+00  0.2000E+01
 -70.822  0.0000E+00  0.2000E+01
 -70.817  0.0000E+00  0.2000E+01
 -70.812  0.0000E+00  0.2000E+01
 -70.807  0.0000E+00  0.2000E+01
 -70.802  0.0000E+00  0.2000E+01
 -70.797  0.0000E+00  0.2000E+01
 -70.792  0.0000E+00  0.2000E+01
 -70.787  0.0000E+00  0.2000E+01
 -70.782  0.0000E+00  0.2000E+01
 -70.777  0.0000E+00  0.2000E+01
 -70.772  0.0000E+00  0.2000E+01
 -70.767  0.0000E+00  0.2000E+01
 -70.762  0.0000E+00  0.2000E+01
 -70.757  0.0000E+00  0.2000E+01
 -70.752  0.0000E+00  0.2000E+01
 -70.747  0.0000E+00  0.2000E+01
 -70.742  0.0000E+00  0.2000E+01
 -70.737  0.0000E+00  0.2000E+01
 -70.732  0.0000E+00  0.2000E+01
 -70.727  0.0000E+00  0.2000E+01
 -70.722  0.0000E+00  0.2000E+01
 -70.717  0.0000E+00  0.2000E+01
 -70.712  0.0000E+00  0.2000E+01
 -70.707  0.0000E+00  0.2000E+01
 -70.702  0.0000E+00  0.2000E+01
 -70.697  0.0000E+00  0.2000E+01
 -70.692  0.0000E+00  0.2000E+01
 -70.687  0.0000E+00  0.2000E+01
 -70.682  0.0000E+00  0.2000E+01
 -70.677  0.0000E+00  0.2000E+01
 -70.672  0.0000E+00  0.2000E+01
 -70.667  0.0000E+00  0.2000E+01
 -70.662  0.0000E+00  0.2000E+01
 -70.657  0.0000E+00  0.2000E+01
 -70.652  0.0000E+00  0.2000E+01
 -70.647  0.0000E+00  0.2000E+01
 -70.642  0.0000E+00  0.2000E+01
 -70.637  0.0000E+00  0.2000E+01
 -70.632  0.0000E+00  0.2000E+01
 -70.627  0.0000E+00  0.2000E+01
 -70.622  0.0000E+00  0.2000E+01
 -70.617  0.0000E+00  0.2000E+01
 -70.612  0.0000E+00  0.2000E+01
 -70.607  0.0000E+00  0.2000E+01
 -70.602  0.0000E+00  0.2000E+01
 -70.597  0.0000E+00  0.2000E+01
 -70.592  0.0000E+00  0.2000E+01
 -70.587  0.0000E+00  0.2000E+01
 -70.582  0.0000E+00  0.2000E+01
 -70.577  0.0000E+00  0.2000E+01
 -70.572  0.0000E+00  0.2000E+01
 -70.567  0.0000E+00  0.2000E+01
 -70.562  0.0000E+00  0.2000E+01
 -70.557  0.0000E+00  0.2000E+01
 -70.552  0.0000E+00  0.2000E+01
 -70.547  0.0000E+00  0.2000E+01
 -70.542  0.0000E+00  0.2000E+01
 -70.537  0.0000E+00  0.2000E+01
 -70.532  0.0000E+00  0.2000E+01
 -70.527  0.0000E+00  0.2000E+01
 -70.522  0.0000E+00  0.2000E+01
 -70.517  0.0000E+00  0.2000E+01
 -70.512  0.0000E+00  0.2000E+01
 -70.507  0.0000E+00  0.2000E+01
 -70.502  0.0000E+00  0.2000E+01
 -70.497  0.0000E+00  0.2000E+01
 -70.492  0.0000E+00  0.2000E+01
 -70.487  0.0000E+00  0.2000E+01
 -70.482  0.0000E+00  0.2000E+01
 -70.477  0.0000E+00  0.2000E+01
 -70.472  0.0000E+00  0.2000E+01
 -70.467  0.0000E+00  0.2000E+01
 -70.462  0.0000E+00  0.2000E+01
 -70.457  0.0000E+00  0.2000E+01
 -70.452  0.0000E+00  0.2000E+01
 -70.447  0.0000E+00  0.2000E+01
 -70.442  0.0000E+00  0.2000E+01
 -70.437  0.0000E+00  0.2000E+01
 -70.432  0.0000E+00  0.2000E+01
 -70.427  0.0000E+00  0.2000E+01
 -70.422  0.0000E+00  0.2000E+01
 -70.417  0.0000E+00  0.2000E+01
 -70.412  0.0000E+00  0.2000E+01
 -70.407  0.0000E+00  0.2000E+01
 -70.402  0.0000E+00  0.2000E+01
 -70.397  0.0000E+00  0.2000E+01
 -70.392  0.0000E+00  0.2000E+01
 -70.387  0.0000E+00  0.2000E+01
 -70.382  0.0000E+00  0.2000E+01
 -70.377  0.0000E+00  0.2000E+01
 -70.372  0.0000E+00  0.2000E+01
 -70.367  0.0000E+00  0.2000E+01
 -70.362  0.0000E+00  0.2000E+01
 -70.357  0.0000E+00  0.2000E+01
 -70.352  0.0000E+00  0.2000E+01
 -70.347  0.0000E+00  0.2000E+01
 -70.342  0.0000E+00  0.2000E+01
 -70.337  0.0000E+00  0.2000E+01
 -70.332  0.0000E+00  0.2000E+01
 -70.327  0.0000E+00  0.2000E+01
 -70.322  0.0000E+00  0.2000E+01
 -70.317  0.0000E+00  0.2000E+01
 -70.312  0.0000E+00  0.2000E+01
 -70.307  0.0000E+00  0.2000E+01
 -70.302  0.0000E+00  0.2000E+01
 -70.297  0.0000E+00  0.2000E+01
 -70.292  0.0000E+00  0.2000E+01
 -70.287  0.0000E+00  0.2000E+01
 -70.282  0.0000E+00  0.2000E+01
 -70.277  0.0000E+00  0.2000E+01
 -70.272  0.0000E+00  0.2000E+01
 -70.267  0.0000E+00  0.2000E+01
 -70.262  0.0000E+00  0.2000E+01
 -70.257  0.0000E+00  0.2000E+01
 -70.252  0.0000E+00  0.2000E+01
 -70.247  0.0000E+00  0.2000E+01
 -70.242  0.0000E+00  0.2000E+01
 -70.237  0.0000E+00  0.2000E+01
 -70.232  0.0000E+00  0.2000E+01
 -70.227  0.0000E+00  0.2000E+01
 -70.222  0.0000E+00  0.2000E+01
 -70.217  0.0000E+00  0.2000E+01
 -70.212  0.0000E+00  0.2000E+01
 -70.207  0.0000E+00  0.2000E+01
 -70.202  0.0000E+00  0.2000E+01
 -70.197  0.0000E+00  0.2000E+01
 -70.192  0.0000E+00  0.2000E+01
 -70.187  0.0000E+00  0.2000E+01
 -70.182  0.0000E+00  0.2000E+01
 -70.177  0.0000E+00  0.2000E+01
 -70.172  0.0000E+00  0.2000E+01
 -70.167  0.0000E+00  0.2000E+01
 -70.162  0.0000E+00  0.2000E+01
 -70.157  0.0000E+00  0.2000E+01
 -70.152  0.0000E+00  0.2000E+01
 -70.147  0.0000E+00  0.2000E+01
 -70.142  0.0000E+00  0.2000E+01
 -70.137  0.0000E+00  0.4000E+01
 -70.132  0.0000E+00  0.4000E+01
 -70.127  0.0000E+00  0.4000E+01
 -70.122  0.0000E+00  0.4000E+01
 -70.117  0.0000E+00  0.4000E+01
 -70.112  0.0000E+00  0.4000E+01
 -70.107  0.0000E+00  0.4000E+01
 -70.102  0.0000E+00  0.4000E+01
 -70.097  0.0000E+00  0.4000E+01
 -70.092  0.0000E+00  0.4000E+01
 -70.087  0.0000E+00  0.4000E+01
 -70.082  0.0000E+00  0.4000E+01
 -70.077  0.0000E+00  0.4000E+01
 -70.072  0.0000E+00  0.4000E+01
 -70.067  0.0000E+00  0.4000E+01
 -70.062  0.0000E+00  0.4000E+01
 -70.057  0.0000E+00  0.4000E+01
 -70.052  0.0000E+00  0.4000E+01
 -70.047  0.0000E+00  0.4000E+01
 -70.042  0.0000E+00  0.4000E+01
 -70.037  0.0000E+00  0.4000E+01
 -70.032  0.0000E+00  0.4000E+01
 -70.027  0.0000E+00  0.4000E+01
 -70.022  0.0000E+00  0.4000E+01
 -70.017  0.0000E+00  0.4000E+01
 -70.012  0.0000E+00  0.4000E+01
 -70.007  0.0000E+00  0.4000E+01
 -70.002  0.0000E+00  0.4000E+01
 -69.997  0.0000E+00  0.4000E+01
 -69.992  0.0000E+00  0.4000E+01
 -69.987  0.0000E+00  0.4000E+01
 -69.982  0.0000E+00  0.4000E+01
 -69.977  0.0000E+00  0.4000E+01
 -69.972  0.0000E+00  0.4000E+01
 -69.967  0.0000E+00  0.4000E+01
 -69.962  0.0000E+00  0.4000E+01
 -69.957  0.0000E+00  0.4000E+01
 -69.952  0.0000E+00  0.4000E+01
 -69.947  0.0000E+00  0.4000E+01
 -69.942  0.0000E+00  0.4000E+01
 -69.937  0.0000E+00  0.4000E+01
 -69.932  0.0000E+00  0.4000E+01
 -69.927  0.0000E+00  0.4000E+01
 -69.922  0.0000E+00  0.4000E+01
 -69.917  0.0000E+00  0.4000E+01
 -69.912  0.0000E+00  0.4000E+01
 -69.907  0.0000E+00  0.4000E+01
 -69.902  0.0000E+00  0.4000E+01
 -69.897  0.0000E+00  0.4000E+01
 -69.892  0.0000E+00  0.4000E+01
 -69.887  0.0000E+00  0.4000E+01
 -69.882  0.0000E+00  0.4000E+01
 -69.877  0.0000E+00  0.4000E+01
 -69.872  0.0000E+00  0.4000E+01
 -69.867  0.0000E+00  0.4000E+01
 -69.862  0.0000E+00  0.4000E+01
 -69.857  0.0000E+00  0.4000E+01
 -69.852  0.0000E+00  0.4000E+01
 -69.847  0.0000E+00  0.4000E+01
 -69.842  0.0000E+00  0.4000E+01
 -69.837  0.0000E+00  0.4000E+01
 -69.832  0.0000E+00  0.4000E+01
 -69.827  0.0000E+00  0.4000E+01
 -69.822  0.0000E+00  0.4000E+01
 -69.817  0.0000E+00  0.4000E+01
 -69.812  0.0000E+00  0.4000E+01
 -69.807  0.0000E+00  0.4000E+01
 -69.802  0.0000E+00  0.4000E+01
 -69.797  0.0000E+00  0.4000E+01
 -69.792  0.0000E+00  0.4000E+01
 -69.787  0.0000E+00  0.4000E+01
 -69.782  0.0000E+00  0.4000E+01
 -69.777  0.0000E+00  0.4000E+01
 -69.772  0.0000E+00  0.4000E+01
 -69.767  0.0000E+00  0.4000E+01
 -69.762  0.0000E+00  0.4000E+01
 -69.757  0.0000E+00  0.4000E+01
 -69.752  0.0000E+00  0.4000E+01
 -69.747  0.0000E+00  0.4000E+01
 -69.742  0.0000E+00  0.4000E+01
 -69.737  0.0000E+00  0.4000E+01
 -69.732  0.0000E+00  0.4000E+01
 -69.727  0.0000E+00  0.4000E+01
 -69.722  0.0000E+00  0.4000E+01
 -69.717  0.0000E+00  0.4000E+01
 -69.712  0.0000E+00  0.4000E+01
 -69.707  0.0000E+00  0.4000E+01
 -69.702  0.0000E+00  0.4000E+01
 -69.697  0.0000E+00  0.4000E+01
 -69.692  0.0000E+00  0.4000E+01
 -69.687  0.0000E+00  0.4000E+01
 -69.682  0.0000E+00  0.4000E+01
 -69.677  0.0000E+00  0.4000E+01
 -69.672  0.0000E+00  0.4000E+01
 -69.667  0.0000E+00  0.4000E+01
 -69.662  0.0000E+00  0.4000E+01
 -69.657  0.0000E+00  0.4000E+01
 -69.652  0.0000E+00  0.4000E+01
 -69.647  0.0000E+00  0.4000E+01
 -69.642  0.0000E+00  0.4000E+01
 -69.637  0.0000E+00  0.4000E+01
 -69.632  0.0000E+00  0.4000E+01
 -69.627  0.0000E+00  0.4000E+01
 -69.622  0.0000E+00  0.4000E+01
 -69.617  0.0000E+00  0.4000E+01
 -69.612  0.0000E+00  0.4000E+01
 -69.607  0.0000E+00  0.4000E+01
 -69.602  0.0000E+00  0.4000E+01
 -69.597  0.0000E+00  0.4000E+01
 -69.592  0.0000E+00  0.4000E+01
 -69.587  0.0000E+00  0.4000E+01
 -69.582  0.0000E+00  0.4000E+01
 -69.577  0.0000E+00  0.4000E+01
 -69.572  0.0000E+00  0.4000E+01
 -69.567  0.0000E+00  0.4000E+01
 -69.562  0.0000E+00  0.4000E+01
 -69.557  0.0000E+00  0.4000E+01
 -69.552  0.0000E+00  0.4000E+01
 -69.547  0.0000E+00  0.4000E+01
 -69.542  0.0000E+00  0.4000E+01
 -69.537  0.0000E+00  0.4000E+01
 -69.532  0.0000E+00  0.4000E+01
 -69.527  0.0000E+00  0.4000E+01
 -69.522  0.0000E+00  0.4000E+01
 -69.517  0.0000E+00  0.4000E+01
 -69.512  0.0000E+00  0.4000E+01
 -69.507  0.0000E+00  0.4000E+01
 -69.502  0.0000E+00  0.4000E+01
 -69.497  0.0000E+00  0.4000E+01
 -69.492  0.0000E+00  0.4000E+01
 -69.487  0.0000E+00  0.4000E+01
 -69.482  0.0000E+00  0.4000E+01
 -69.477  0.0000E+00  0.4000E+01
 -69.472  0.0000E+00  0.4000E+01
 -69.467  0.0000E+00  0.4000E+01
 -69.462  0.0000E+00  0.4000E+01
 -69.457  0.0000E+00  0.4000E+01
 -69.452  0.0000E+00  0.4000E+01
 -69.447  0.0000E+00  0.4000E+01
 -69.442  0.0000E+00  0.4000E+01
 -69.437  0.0000E+00  0.4000E+01
 -69.432  0.0000E+00  0.4000E+01
 -69.427  0.0000E+00  0.4000E+01
 -69.422  0.0000E+00  0.4000E+01
 -69.417  0.0000E+00  0.4000E+01
 -69.412  0.0000E+00  0.4000E+01
 -69.407  0.0000E+00  0.4000E+01
 -69.402  0.0000E+00  0.4000E+01
 -69.397  0.0000E+00  0.4000E+01
 -69.392  0.0000E+00  0.4000E+01
 -69.387  0.0000E+00  0.4000E+01
 -69.382  0.0000E+00  0.4000E+01
 -69.377  0.0000E+00  0.4000E+01
 -69.372  0.0000E+00  0.4000E+01
 -69.367  0.0000E+00  0.4000E+01
 -69.362  0.0000E+00  0.4000E+01
 -69.357  0.0000E+00  0.4000E+01
 -69.352  0.0000E+00  0.4000E+01
 -69.347  0.0000E+00  0.4000E+01
 -69.342  0.0000E+00  0.4000E+01
 -69.337  0.0000E+00  0.4000E+01
 -69.332  0.0000E+00  0.4000E+01
 -69.327  0.0000E+00  0.4000E+01
 -69.322  0.0000E+00  0.4000E+01
 -69.317  0.0000E+00  0.4000E+01
 -69.312  0.0000E+00  0.4000E+01
 -69.307  0.0000E+00  0.4000E+01
 -69.302  0.0000E+00  0.4000E+01
 -69.297  0.0000E+00  0.4000E+01
 -69.292  0.0000E+00  0.4000E+01
 -69.287  0.0000E+00  0.4000E+01
 -69.282  0.0000E+00  0.4000E+01
 -69.277  0.0000E+00  0.4000E+01
 -69.272  0.0000E+00  0.4000E+01
 -69.267  0.0000E+00  0.4000E+01
 -69.262  0.0000E+00  0.4000E+01
 -69.257  0.0000E+00  0.4000E+01
 -69.252  0.0000E+00  0.4000E+01
 -69.247  0.0000E+00  0.4000E+01
 -69.242  0.0000E+00  0.4000E+01
 -69.237  0.0000E+00  0.4000E+01
 -69.232  0.0000E+00  0.4000E+01
 -69.227  0.0000E+00  0.4000E+01
 -69.222  0.0000E+00  0.4000E+01
 -69.217  0.0000E+00  0.4000E+01
 -69.212  0.0000E+00  0.4000E+01
 -69.207  0.0000E+00  0.4000E+01
 -69.202  0.0000E+00  0.4000E+01
 -69.197  0.0000E+00  0.4000E+01
 -69.192  0.0000E+00  0.4000E+01
 -69.187  0.0000E+00  0.4000E+01
 -69.182  0.0000E+00  0.4000E+01
 -69.177  0.0000E+00  0.4000E+01
 -69.172  0.0000E+00  0.4000E+01
 -69.167  0.0000E+00  0.4000E+01
 -69.162  0.0000E+00  0.4000E+01
 -69.157  0.0000E+00  0.4000E+01
 -69.152  0.0000E+00  0.4000E+01
 -69.147  0.0000E+00  0.4000E+01
 -69.142  0.0000E+00  0.4000E+01
 -69.137  0.0000E+00  0.4000E+01
 -69.132  0.0000E+00  0.4000E+01
 -69.127  0.0000E+00  0.4000E+01
 -69.122  0.0000E+00  0.4000E+01
 -69.117  0.0000E+00  0.4000E+01
 -69.112  0.0000E+00  0.4000E+01
 -69.107  0.0000E+00  0.4000E+01
 -69.102  0.0000E+00  0.4000E+01
 -69.097  0.0000E+00  0.4000E+01
 -69.092  0.0000E+00  0.4000E+01
 -69.087  0.0000E+00  0.4000E+01
 -69.082  0.0000E+00  0.4000E+01
 -69.077  0.0000E+00  0.4000E+01
 -69.072  0.0000E+00  0.4000E+01
 -69.067  0.0000E+00  0.4000E+01
 -69.062  0.0000E+00  0.4000E+01
 -69.057  0.0000E+00  0.4000E+01
 -69.052  0.0000E+00  0.4000E+01
 -69.047  0.0000E+00  0.4000E+01
 -69.042  0.0000E+00  0.4000E+01
 -69.037  0.0000E+00  0.4000E+01
 -69.032  0.0000E+00  0.4000E+01
 -69.027  0.0000E+00  0.4000E+01
 -69.022  0.0000E+00  0.4000E+01
 -69.017  0.0000E+00  0.4000E+01
 -69.012  0.0000E+00  0.4000E+01
 -69.007  0.0000E+00  0.4000E+01
 -69.002  0.0000E+00  0.4000E+01
 -68.997  0.0000E+00  0.4000E+01
 -68.992  0.0000E+00  0.4000E+01
 -68.987  0.0000E+00  0.4000E+01
 -68.982  0.0000E+00  0.4000E+01
 -68.977  0.0000E+00  0.4000E+01
 -68.972  0.0000E+00  0.4000E+01
 -68.967  0.0000E+00  0.4000E+01
 -68.962  0.0000E+00  0.4000E+01
 -68.957  0.0000E+00  0.4000E+01
 -68.952  0.0000E+00  0.4000E+01
 -68.947  0.0000E+00  0.4000E+01
 -68.942  0.0000E+00  0.4000E+01
 -68.937  0.0000E+00  0.4000E+01
 -68.932  0.0000E+00  0.4000E+01
 -68.927  0.0000E+00  0.4000E+01
 -68.922  0.0000E+00  0.4000E+01
 -68.917  0.0000E+00  0.4000E+01
 -68.912  0.0000E+00  0.4000E+01
 -68.907  0.0000E+00  0.4000E+01
 -68.902  0.0000E+00  0.4000E+01
 -68.897  0.0000E+00  0.4000E+01
 -68.892  0.0000E+00  0.4000E+01
 -68.887  0.0000E+00  0.4000E+01
 -68.882  0.0000E+00  0.4000E+01
 -68.877  0.0000E+00  0.4000E+01
 -68.872  0.0000E+00  0.4000E+01
 -68.867  0.0000E+00  0.4000E+01
 -68.862  0.0000E+00  0.4000E+01
 -68.857  0.0000E+00  0.4000E+01
 -68.852  0.0000E+00  0.4000E+01
 -68.847  0.0000E+00  0.4000E+01
 -68.842  0.0000E+00  0.4000E+01
 -68.837  0.0000E+00  0.4000E+01
 -68.832  0.0000E+00  0.4000E+01
 -68.827  0.0000E+00  0.4000E+01
 -68.822  0.0000E+00  0.4000E+01
 -68.817  0.0000E+00  0.4000E+01
 -68.812  0.0000E+00  0.4000E+01
 -68.807  0.0000E+00  0.4000E+01
 -68.802  0.0000E+00  0.4000E+01
 -68.797  0.0000E+00  0.4000E+01
 -68.792  0.0000E+00  0.4000E+01
 -68.787  0.0000E+00  0.4000E+01
 -68.782  0.0000E+00  0.4000E+01
 -68.777  0.0000E+00  0.4000E+01
 -68.772  0.0000E+00  0.4000E+01
 -68.767  0.0000E+00  0.4000E+01
 -68.762  0.0000E+00  0.4000E+01
 -68.757  0.0000E+00  0.4000E+01
 -68.752  0.0000E+00  0.4000E+01
 -68.747  0.0000E+00  0.4000E+01
 -68.742  0.0000E+00  0.4000E+01
 -68.737  0.0000E+00  0.4000E+01
 -68.732  0.0000E+00  0.4000E+01
 -68.727  0.0000E+00  0.4000E+01
 -68.722  0.0000E+00  0.4000E+01
 -68.717  0.0000E+00  0.4000E+01
 -68.712  0.0000E+00  0.4000E+01
 -68.707  0.0000E+00  0.4000E+01
 -68.702  0.0000E+00  0.4000E+01
 -68.697  0.0000E+00  0.4000E+01
 -68.692  0.0000E+00  0.4000E+01
 -68.687  0.0000E+00  0.4000E+01
 -68.682  0.0000E+00  0.4000E+01
 -68.677  0.0000E+00  0.4000E+01
 -68.672  0.0000E+00  0.4000E+01
 -68.667  0.0000E+00  0.4000E+01
 -68.662  0.0000E+00  0.4000E+01
 -68.657  0.0000E+00  0.4000E+01
 -68.652  0.0000E+00  0.4000E+01
 -68.647  0.0000E+00  0.4000E+01
 -68.642  0.0000E+00  0.4000E+01
 -68.637  0.0000E+00  0.4000E+01
 -68.632  0.0000E+00  0.4000E+01
 -68.627  0.0000E+00  0.4000E+01
 -68.622  0.0000E+00  0.4000E+01
 -68.617  0.0000E+00  0.4000E+01
 -68.612  0.0000E+00  0.4000E+01
 -68.607  0.0000E+00  0.4000E+01
 -68.602  0.0000E+00  0.4000E+01
 -68.597  0.0000E+00  0.4000E+01
 -68.592  0.0000E+00  0.4000E+01
 -68.587  0.0000E+00  0.4000E+01
 -68.582  0.0000E+00  0.4000E+01
 -68.577  0.0000E+00  0.4000E+01
 -68.572  0.0000E+00  0.4000E+01
 -68.567  0.0000E+00  0.4000E+01
 -68.562  0.0000E+00  0.4000E+01
 -68.557  0.0000E+00  0.4000E+01
 -68.552  0.0000E+00  0.4000E+01
 -68.547  0.0000E+00  0.4000E+01
 -68.542  0.0000E+00  0.4000E+01
 -68.537  0.0000E+00  0.4000E+01
 -68.532  0.0000E+00  0.4000E+01
 -68.527  0.0000E+00  0.4000E+01
 -68.522  0.0000E+00  0.4000E+01
 -68.517  0.0000E+00  0.4000E+01
 -68.512  0.0000E+00  0.4000E+01
 -68.507  0.0000E+00  0.4000E+01
 -68.502  0.0000E+00  0.4000E+01
 -68.497  0.0000E+00  0.4000E+01
 -68.492  0.0000E+00  0.4000E+01
 -68.487  0.0000E+00  0.4000E+01
 -68.482  0.0000E+00  0.4000E+01
 -68.477  0.0000E+00  0.4000E+01
 -68.472  0.0000E+00  0.4000E+01
 -68.467  0.0000E+00  0.4000E+01
 -68.462  0.0000E+00  0.4000E+01
 -68.457  0.0000E+00  0.4000E+01
 -68.452  0.0000E+00  0.4000E+01
 -68.447  0.0000E+00  0.4000E+01
 -68.442  0.0000E+00  0.4000E+01
 -68.437  0.0000E+00  0.4000E+01
 -68.432  0.0000E+00  0.4000E+01
 -68.427  0.0000E+00  0.4000E+01
 -68.422  0.0000E+00  0.4000E+01
 -68.417  0.0000E+00  0.4000E+01
 -68.412  0.0000E+00  0.4000E+01
 -68.407  0.0000E+00  0.4000E+01
 -68.402  0.0000E+00  0.4000E+01
 -68.397  0.0000E+00  0.4000E+01
 -68.392  0.0000E+00  0.4000E+01
 -68.387  0.0000E+00  0.4000E+01
 -68.382  0.0000E+00  0.4000E+01
 -68.377  0.0000E+00  0.4000E+01
 -68.372  0.0000E+00  0.4000E+01
 -68.367  0.0000E+00  0.4000E+01
 -68.362  0.0000E+00  0.4000E+01
 -68.357  0.0000E+00  0.4000E+01
 -68.352  0.0000E+00  0.4000E+01
 -68.347  0.0000E+00  0.4000E+01
 -68.342  0.0000E+00  0.4000E+01
 -68.337  0.0000E+00  0.4000E+01
 -68.332  0.0000E+00  0.4000E+01
 -68.327  0.0000E+00  0.4000E+01
 -68.322  0.0000E+00  0.4000E+01
 -68.317  0.0000E+00  0.4000E+01
 -68.312  0.0000E+00  0.4000E+01
 -68.307  0.0000E+00  0.4000E+01
 -68.302  0.0000E+00  0.4000E+01
 -68.297  0.0000E+00  0.4000E+01
 -68.292  0.0000E+00  0.4000E+01
 -68.287  0.0000E+00  0.4000E+01
 -68.282  0.0000E+00  0.4000E+01
 -68.277  0.0000E+00  0.4000E+01
 -68.272  0.0000E+00  0.4000E+01
 -68.267  0.0000E+00  0.4000E+01
 -68.262  0.0000E+00  0.4000E+01
 -68.257  0.0000E+00  0.4000E+01
 -68.252  0.0000E+00  0.4000E+01
 -68.247  0.0000E+00  0.4000E+01
 -68.242  0.0000E+00  0.4000E+01
 -68.237  0.0000E+00  0.4000E+01
 -68.232  0.0000E+00  0.4000E+01
 -68.227  0.0000E+00  0.4000E+01
 -68.222  0.0000E+00  0.4000E+01
 -68.217  0.0000E+00  0.4000E+01
 -68.212  0.0000E+00  0.4000E+01
 -68.207  0.0000E+00  0.4000E+01
 -68.202  0.0000E+00  0.4000E+01
 -68.197  0.0000E+00  0.4000E+01
 -68.192  0.0000E+00  0.4000E+01
 -68.187  0.0000E+00  0.4000E+01
 -68.182  0.0000E+00  0.4000E+01
 -68.177  0.0000E+00  0.4000E+01
 -68.172  0.0000E+00  0.4000E+01
 -68.167  0.0000E+00  0.4000E+01
 -68.162  0.0000E+00  0.4000E+01
 -68.157  0.0000E+00  0.4000E+01
 -68.152  0.0000E+00  0.4000E+01
 -68.147  0.0000E+00  0.4000E+01
 -68.142  0.0000E+00  0.4000E+01
 -68.137  0.0000E+00  0.4000E+01
 -68.132  0.0000E+00  0.4000E+01
 -68.127  0.0000E+00  0.4000E+01
 -68.122  0.0000E+00  0.4000E+01
 -68.117  0.0000E+00  0.4000E+01
 -68.112  0.0000E+00  0.4000E+01
 -68.107  0.0000E+00  0.4000E+01
 -68.102  0.0000E+00  0.4000E+01
 -68.097  0.0000E+00  0.4000E+01
 -68.092  0.0000E+00  0.4000E+01
 -68.087  0.0000E+00  0.4000E+01
 -68.082  0.0000E+00  0.4000E+01
 -68.077  0.0000E+00  0.4000E+01
 -68.072  0.0000E+00  0.4000E+01
 -68.067  0.0000E+00  0.4000E+01
 -68.062  0.0000E+00  0.4000E+01
 -68.057  0.0000E+00  0.4000E+01
 -68.052  0.0000E+00  0.4000E+01
 -68.047  0.0000E+00  0.4000E+01
 -68.042  0.0000E+00  0.4000E+01
 -68.037  0.0000E+00  0.4000E+01
 -68.032  0.0000E+00  0.4000E+01
 -68.027  0.0000E+00  0.4000E+01
 -68.022  0.0000E+00  0.4000E+01
 -68.017  0.0000E+00  0.4000E+01
 -68.012  0.0000E+00  0.4000E+01
 -68.007  0.0000E+00  0.4000E+01
 -68.002  0.0000E+00  0.4000E+01
 -67.997  0.0000E+00  0.4000E+01
 -67.992  0.0000E+00  0.4000E+01
 -67.987  0.0000E+00  0.4000E+01
 -67.982  0.0000E+00  0.4000E+01
 -67.977  0.0000E+00  0.4000E+01
 -67.972  0.0000E+00  0.4000E+01
 -67.967  0.0000E+00  0.4000E+01
 -67.962  0.0000E+00  0.4000E+01
 -67.957  0.0000E+00  0.4000E+01
 -67.952  0.0000E+00  0.4000E+01
 -67.947  0.0000E+00  0.4000E+01
 -67.942  0.0000E+00  0.4000E+01
 -67.937  0.0000E+00  0.4000E+01
 -67.932  0.0000E+00  0.4000E+01
 -67.927  0.0000E+00  0.4000E+01
 -67.922  0.0000E+00  0.4000E+01
 -67.917  0.0000E+00  0.4000E+01
 -67.912  0.0000E+00  0.4000E+01
 -67.907  0.0000E+00  0.4000E+01
 -67.902  0.0000E+00  0.4000E+01
 -67.897  0.0000E+00  0.4000E+01
 -67.892  0.0000E+00  0.4000E+01
 -67.887  0.0000E+00  0.4000E+01
 -67.882  0.0000E+00  0.4000E+01
 -67.877  0.0000E+00  0.4000E+01
 -67.872  0.0000E+00  0.4000E+01
 -67.867  0.0000E+00  0.4000E+01
 -67.862  0.0000E+00  0.4000E+01
 -67.857  0.0000E+00  0.4000E+01
 -67.852  0.0000E+00  0.4000E+01
 -67.847  0.0000E+00  0.4000E+01
 -67.842  0.0000E+00  0.4000E+01
 -67.837  0.0000E+00  0.4000E+01
 -67.832  0.0000E+00  0.4000E+01
 -67.827  0.0000E+00  0.4000E+01
 -67.822  0.0000E+00  0.4000E+01
 -67.817  0.0000E+00  0.4000E+01
 -67.812  0.0000E+00  0.4000E+01
 -67.807  0.0000E+00  0.4000E+01
 -67.802  0.0000E+00  0.4000E+01
 -67.797  0.0000E+00  0.4000E+01
 -67.792  0.0000E+00  0.4000E+01
 -67.787  0.0000E+00  0.4000E+01
 -67.782  0.0000E+00  0.4000E+01
 -67.777  0.0000E+00  0.4000E+01
 -67.772  0.0000E+00  0.4000E+01
 -67.767  0.0000E+00  0.4000E+01
 -67.762  0.0000E+00  0.4000E+01
 -67.757  0.0000E+00  0.4000E+01
 -67.752  0.0000E+00  0.4000E+01
 -67.747  0.0000E+00  0.4000E+01
 -67.742  0.0000E+00  0.4000E+01
 -67.737  0.0000E+00  0.4000E+01
 -67.732  0.0000E+00  0.4000E+01
 -67.727  0.0000E+00  0.4000E+01
 -67.722  0.0000E+00  0.4000E+01
 -67.717  0.0000E+00  0.4000E+01
 -67.712  0.0000E+00  0.4000E+01
 -67.707  0.0000E+00  0.4000E+01
 -67.702  0.0000E+00  0.4000E+01
 -67.697  0.0000E+00  0.4000E+01
 -67.692  0.0000E+00  0.4000E+01
 -67.687  0.0000E+00  0.4000E+01
 -67.682  0.0000E+00  0.4000E+01
 -67.677  0.0000E+00  0.4000E+01
 -67.672  0.0000E+00  0.4000E+01
 -67.667  0.0000E+00  0.4000E+01
 -67.662  0.0000E+00  0.4000E+01
 -67.657  0.0000E+00  0.4000E+01
 -67.652  0.0000E+00  0.4000E+01
 -67.647  0.0000E+00  0.4000E+01
 -67.642  0.0000E+00  0.4000E+01
 -67.637  0.0000E+00  0.4000E+01
 -67.632  0.0000E+00  0.4000E+01
 -67.627  0.0000E+00  0.4000E+01
 -67.622  0.0000E+00  0.4000E+01
 -67.617  0.0000E+00  0.4000E+01
 -67.612  0.0000E+00  0.4000E+01
 -67.607  0.0000E+00  0.4000E+01
 -67.602  0.0000E+00  0.4000E+01
 -67.597  0.0000E+00  0.4000E+01
 -67.592  0.0000E+00  0.4000E+01
 -67.587  0.0000E+00  0.4000E+01
 -67.582  0.0000E+00  0.4000E+01
 -67.577  0.0000E+00  0.4000E+01
 -67.572  0.0000E+00  0.4000E+01
 -67.567  0.0000E+00  0.4000E+01
 -67.562  0.0000E+00  0.4000E+01
 -67.557  0.0000E+00  0.4000E+01
 -67.552  0.0000E+00  0.4000E+01
 -67.547  0.0000E+00  0.4000E+01
 -67.542  0.0000E+00  0.4000E+01
 -67.537  0.0000E+00  0.4000E+01
 -67.532  0.0000E+00  0.4000E+01
 -67.527  0.0000E+00  0.4000E+01
 -67.522  0.0000E+00  0.4000E+01
 -67.517  0.0000E+00  0.4000E+01
 -67.512  0.0000E+00  0.4000E+01
 -67.507  0.0000E+00  0.4000E+01
 -67.502  0.0000E+00  0.4000E+01
 -67.497  0.0000E+00  0.4000E+01
 -67.492  0.0000E+00  0.4000E+01
 -67.487  0.0000E+00  0.4000E+01
 -67.482  0.0000E+00  0.4000E+01
 -67.477  0.0000E+00  0.4000E+01
 -67.472  0.0000E+00  0.4000E+01
 -67.467  0.0000E+00  0.4000E+01
 -67.462  0.0000E+00  0.4000E+01
 -67.457  0.0000E+00  0.4000E+01
 -67.452  0.0000E+00  0.4000E+01
 -67.447  0.0000E+00  0.4000E+01
 -67.442  0.0000E+00  0.4000E+01
 -67.437  0.0000E+00  0.4000E+01
 -67.432  0.0000E+00  0.4000E+01
 -67.427  0.0000E+00  0.4000E+01
 -67.422  0.0000E+00  0.4000E+01
 -67.417  0.0000E+00  0.4000E+01
 -67.412  0.0000E+00  0.4000E+01
 -67.407  0.0000E+00  0.4000E+01
 -67.402  0.0000E+00  0.4000E+01
 -67.397  0.0000E+00  0.4000E+01
 -67.392  0.0000E+00  0.4000E+01
 -67.387  0.0000E+00  0.4000E+01
 -67.382  0.0000E+00  0.4000E+01
 -67.377  0.0000E+00  0.4000E+01
 -67.372  0.0000E+00  0.4000E+01
 -67.367  0.0000E+00  0.4000E+01
 -67.362  0.0000E+00  0.4000E+01
 -67.357  0.0000E+00  0.4000E+01
 -67.352  0.0000E+00  0.4000E+01
 -67.347  0.0000E+00  0.4000E+01
 -67.342  0.0000E+00  0.4000E+01
 -67.337  0.0000E+00  0.4000E+01
 -67.332  0.0000E+00  0.4000E+01
 -67.327  0.0000E+00  0.4000E+01
 -67.322  0.0000E+00  0.4000E+01
 -67.317  0.0000E+00  0.4000E+01
 -67.312  0.0000E+00  0.4000E+01
 -67.307  0.0000E+00  0.4000E+01
 -67.302  0.0000E+00  0.4000E+01
 -67.297  0.0000E+00  0.4000E+01
 -67.292  0.0000E+00  0.4000E+01
 -67.287  0.0000E+00  0.4000E+01
 -67.282  0.0000E+00  0.4000E+01
 -67.277  0.0000E+00  0.4000E+01
 -67.272  0.0000E+00  0.4000E+01
 -67.267  0.0000E+00  0.4000E+01
 -67.262  0.0000E+00  0.4000E+01
 -67.257  0.0000E+00  0.4000E+01
 -67.252  0.0000E+00  0.4000E+01
 -67.247  0.0000E+00  0.4000E+01
 -67.242  0.0000E+00  0.4000E+01
 -67.237  0.0000E+00  0.4000E+01
 -67.232  0.0000E+00  0.4000E+01
 -67.227  0.0000E+00  0.4000E+01
 -67.222  0.0000E+00  0.4000E+01
 -67.217  0.0000E+00  0.4000E+01
 -67.212  0.0000E+00  0.4000E+01
 -67.207  0.0000E+00  0.4000E+01
 -67.202  0.0000E+00  0.4000E+01
 -67.197  0.0000E+00  0.4000E+01
 -67.192  0.0000E+00  0.4000E+01
 -67.187  0.0000E+00  0.4000E+01
 -67.182  0.0000E+00  0.4000E+01
 -67.177  0.0000E+00  0.4000E+01
 -67.172  0.0000E+00  0.4000E+01
 -67.167  0.0000E+00  0.4000E+01
 -67.162  0.0000E+00  0.4000E+01
 -67.157  0.0000E+00  0.4000E+01
 -67.152  0.0000E+00  0.4000E+01
 -67.147  0.0000E+00  0.4000E+01
 -67.142  0.0000E+00  0.4000E+01
 -67.137  0.0000E+00  0.4000E+01
 -67.132  0.0000E+00  0.4000E+01
 -67.127  0.0000E+00  0.4000E+01
 -67.122  0.0000E+00  0.4000E+01
 -67.117  0.0000E+00  0.4000E+01
 -67.112  0.0000E+00  0.4000E+01
 -67.107  0.0000E+00  0.4000E+01
 -67.102  0.0000E+00  0.4000E+01
 -67.097  0.0000E+00  0.4000E+01
 -67.092  0.0000E+00  0.4000E+01
 -67.087  0.0000E+00  0.4000E+01
 -67.082  0.0000E+00  0.4000E+01
 -67.077  0.0000E+00  0.4000E+01
 -67.072  0.0000E+00  0.4000E+01
 -67.067  0.0000E+00  0.4000E+01
 -67.062  0.0000E+00  0.4000E+01
 -67.057  0.0000E+00  0.4000E+01
 -67.052  0.0000E+00  0.4000E+01
 -67.047  0.0000E+00  0.4000E+01
 -67.042  0.0000E+00  0.4000E+01
 -67.037  0.0000E+00  0.4000E+01
 -67.032  0.0000E+00  0.4000E+01
 -67.027  0.0000E+00  0.4000E+01
 -67.022  0.0000E+00  0.4000E+01
 -67.017  0.0000E+00  0.4000E+01
 -67.012  0.0000E+00  0.4000E+01
 -67.007  0.0000E+00  0.4000E+01
 -67.002  0.0000E+00  0.4000E+01
 -66.997  0.0000E+00  0.4000E+01
 -66.992  0.0000E+00  0.4000E+01
 -66.987  0.0000E+00  0.4000E+01
 -66.982  0.0000E+00  0.4000E+01
 -66.977  0.0000E+00  0.4000E+01
 -66.972  0.0000E+00  0.4000E+01
 -66.967  0.0000E+00  0.4000E+01
 -66.962  0.0000E+00  0.4000E+01
 -66.957  0.0000E+00  0.4000E+01
 -66.952  0.0000E+00  0.4000E+01
 -66.947  0.0000E+00  0.4000E+01
 -66.942  0.0000E+00  0.4000E+01
 -66.937  0.0000E+00  0.4000E+01
 -66.932  0.0000E+00  0.4000E+01
 -66.927  0.0000E+00  0.4000E+01
 -66.922  0.0000E+00  0.4000E+01
 -66.917  0.0000E+00  0.4000E+01
 -66.912  0.0000E+00  0.4000E+01
 -66.907  0.0000E+00  0.4000E+01
 -66.902  0.0000E+00  0.4000E+01
 -66.897  0.0000E+00  0.4000E+01
 -66.892  0.0000E+00  0.4000E+01
 -66.887  0.0000E+00  0.4000E+01
 -66.882  0.0000E+00  0.4000E+01
 -66.877  0.0000E+00  0.4000E+01
 -66.872  0.0000E+00  0.4000E+01
 -66.867  0.0000E+00  0.4000E+01
 -66.862  0.0000E+00  0.4000E+01
 -66.857  0.0000E+00  0.4000E+01
 -66.852  0.0000E+00  0.4000E+01
 -66.847  0.0000E+00  0.4000E+01
 -66.842  0.0000E+00  0.4000E+01
 -66.837  0.0000E+00  0.4000E+01
 -66.832  0.0000E+00  0.4000E+01
 -66.827  0.0000E+00  0.4000E+01
 -66.822  0.0000E+00  0.4000E+01
 -66.817  0.0000E+00  0.4000E+01
 -66.812  0.0000E+00  0.4000E+01
 -66.807  0.0000E+00  0.4000E+01
 -66.802  0.0000E+00  0.4000E+01
 -66.797  0.0000E+00  0.4000E+01
 -66.792  0.0000E+00  0.4000E+01
 -66.787  0.0000E+00  0.4000E+01
 -66.782  0.0000E+00  0.4000E+01
 -66.777  0.0000E+00  0.4000E+01
 -66.772  0.0000E+00  0.4000E+01
 -66.767  0.0000E+00  0.4000E+01
 -66.762  0.0000E+00  0.4000E+01
 -66.757  0.0000E+00  0.4000E+01
 -66.752  0.0000E+00  0.4000E+01
 -66.747  0.0000E+00  0.4000E+01
 -66.742  0.0000E+00  0.4000E+01
 -66.737  0.0000E+00  0.4000E+01
 -66.732  0.0000E+00  0.4000E+01
 -66.727  0.0000E+00  0.4000E+01
 -66.722  0.0000E+00  0.4000E+01
 -66.717  0.0000E+00  0.4000E+01
 -66.712  0.0000E+00  0.4000E+01
 -66.707  0.0000E+00  0.4000E+01
 -66.702  0.0000E+00  0.4000E+01
 -66.697  0.0000E+00  0.4000E+01
 -66.692  0.0000E+00  0.4000E+01
 -66.687  0.0000E+00  0.4000E+01
 -66.682  0.0000E+00  0.4000E+01
 -66.677  0.0000E+00  0.4000E+01
 -66.672  0.0000E+00  0.4000E+01
 -66.667  0.0000E+00  0.4000E+01
 -66.662  0.0000E+00  0.4000E+01
 -66.657  0.0000E+00  0.4000E+01
 -66.652  0.0000E+00  0.4000E+01
 -66.647  0.0000E+00  0.4000E+01
 -66.642  0.0000E+00  0.4000E+01
 -66.637  0.0000E+00  0.4000E+01
 -66.632  0.0000E+00  0.4000E+01
 -66.627  0.0000E+00  0.4000E+01
 -66.622  0.0000E+00  0.4000E+01
 -66.617  0.0000E+00  0.4000E+01
 -66.612  0.0000E+00  0.4000E+01
 -66.607  0.0000E+00  0.4000E+01
 -66.602  0.0000E+00  0.4000E+01
 -66.597  0.0000E+00  0.4000E+01
 -66.592  0.0000E+00  0.4000E+01
 -66.587  0.0000E+00  0.4000E+01
 -66.582  0.0000E+00  0.4000E+01
 -66.577  0.0000E+00  0.4000E+01
 -66.572  0.0000E+00  0.4000E+01
 -66.567  0.0000E+00  0.4000E+01
 -66.562  0.0000E+00  0.4000E+01
 -66.557  0.0000E+00  0.4000E+01
 -66.552  0.0000E+00  0.4000E+01
 -66.547  0.0000E+00  0.4000E+01
 -66.542  0.0000E+00  0.4000E+01
 -66.537  0.0000E+00  0.4000E+01
 -66.532  0.0000E+00  0.4000E+01
 -66.527  0.0000E+00  0.4000E+01
 -66.522  0.0000E+00  0.4000E+01
 -66.517  0.0000E+00  0.4000E+01
 -66.512  0.0000E+00  0.4000E+01
 -66.507  0.0000E+00  0.4000E+01
 -66.502  0.0000E+00  0.4000E+01
 -66.497  0.0000E+00  0.4000E+01
 -66.492  0.0000E+00  0.4000E+01
 -66.487  0.0000E+00  0.4000E+01
 -66.482  0.0000E+00  0.4000E+01
 -66.477  0.0000E+00  0.4000E+01
 -66.472  0.0000E+00  0.4000E+01
 -66.467  0.0000E+00  0.4000E+01
 -66.462  0.0000E+00  0.4000E+01
 -66.457  0.0000E+00  0.4000E+01
 -66.452  0.0000E+00  0.4000E+01
 -66.447  0.0000E+00  0.4000E+01
 -66.442  0.0000E+00  0.4000E+01
 -66.437  0.0000E+00  0.4000E+01
 -66.432  0.0000E+00  0.4000E+01
 -66.427  0.0000E+00  0.4000E+01
 -66.422  0.0000E+00  0.4000E+01
 -66.417  0.0000E+00  0.4000E+01
 -66.412  0.0000E+00  0.4000E+01
 -66.407  0.0000E+00  0.4000E+01
 -66.402  0.0000E+00  0.4000E+01
 -66.397  0.0000E+00  0.4000E+01
 -66.392  0.0000E+00  0.4000E+01
 -66.387  0.0000E+00  0.4000E+01
 -66.382  0.0000E+00  0.4000E+01
 -66.377  0.0000E+00  0.4000E+01
 -66.372  0.0000E+00  0.4000E+01
 -66.367  0.0000E+00  0.4000E+01
 -66.362  0.0000E+00  0.4000E+01
 -66.357  0.0000E+00  0.4000E+01
 -66.352  0.0000E+00  0.4000E+01
 -66.347  0.0000E+00  0.4000E+01
 -66.342  0.0000E+00  0.4000E+01
 -66.337  0.0000E+00  0.4000E+01
 -66.332  0.0000E+00  0.4000E+01
 -66.327  0.0000E+00  0.4000E+01
 -66.322  0.0000E+00  0.4000E+01
 -66.317  0.0000E+00  0.4000E+01
 -66.312  0.0000E+00  0.4000E+01
 -66.307  0.0000E+00  0.4000E+01
 -66.302  0.0000E+00  0.4000E+01
 -66.297  0.0000E+00  0.4000E+01
 -66.292  0.0000E+00  0.4000E+01
 -66.287  0.0000E+00  0.4000E+01
 -66.282  0.0000E+00  0.4000E+01
 -66.277  0.0000E+00  0.4000E+01
 -66.272  0.0000E+00  0.4000E+01
 -66.267  0.0000E+00  0.4000E+01
 -66.262  0.0000E+00  0.4000E+01
 -66.257  0.0000E+00  0.4000E+01
 -66.252  0.0000E+00  0.4000E+01
 -66.247  0.0000E+00  0.4000E+01
 -66.242  0.0000E+00  0.4000E+01
 -66.237  0.0000E+00  0.4000E+01
 -66.232  0.0000E+00  0.4000E+01
 -66.227  0.0000E+00  0.4000E+01
 -66.222  0.0000E+00  0.4000E+01
 -66.217  0.0000E+00  0.4000E+01
 -66.212  0.0000E+00  0.4000E+01
 -66.207  0.0000E+00  0.4000E+01
 -66.202  0.0000E+00  0.4000E+01
 -66.197  0.0000E+00  0.4000E+01
 -66.192  0.0000E+00  0.4000E+01
 -66.187  0.0000E+00  0.4000E+01
 -66.182  0.0000E+00  0.4000E+01
 -66.177  0.0000E+00  0.4000E+01
 -66.172  0.0000E+00  0.4000E+01
 -66.167  0.0000E+00  0.4000E+01
 -66.162  0.0000E+00  0.4000E+01
 -66.157  0.0000E+00  0.4000E+01
 -66.152  0.0000E+00  0.4000E+01
 -66.147  0.0000E+00  0.4000E+01
 -66.142  0.0000E+00  0.4000E+01
 -66.137  0.0000E+00  0.4000E+01
 -66.132  0.0000E+00  0.4000E+01
 -66.127  0.0000E+00  0.4000E+01
 -66.122  0.0000E+00  0.4000E+01
 -66.117  0.0000E+00  0.4000E+01
 -66.112  0.0000E+00  0.4000E+01
 -66.107  0.0000E+00  0.4000E+01
 -66.102  0.0000E+00  0.4000E+01
 -66.097  0.0000E+00  0.4000E+01
 -66.092  0.0000E+00  0.4000E+01
 -66.087  0.0000E+00  0.4000E+01
 -66.082  0.0000E+00  0.4000E+01
 -66.077  0.0000E+00  0.4000E+01
 -66.072  0.0000E+00  0.4000E+01
 -66.067  0.0000E+00  0.4000E+01
 -66.062  0.0000E+00  0.4000E+01
 -66.057  0.0000E+00  0.4000E+01
 -66.052  0.0000E+00  0.4000E+01
 -66.047  0.0000E+00  0.4000E+01
 -66.042  0.0000E+00  0.4000E+01
 -66.037  0.0000E+00  0.4000E+01
 -66.032  0.0000E+00  0.4000E+01
 -66.027  0.0000E+00  0.4000E+01
 -66.022  0.0000E+00  0.4000E+01
 -66.017  0.0000E+00  0.4000E+01
 -66.012  0.0000E+00  0.4000E+01
 -66.007  0.0000E+00  0.4000E+01
 -66.002  0.0000E+00  0.4000E+01
 -65.997  0.0000E+00  0.4000E+01
 -65.992  0.0000E+00  0.4000E+01
 -65.987  0.0000E+00  0.4000E+01
 -65.982  0.0000E+00  0.4000E+01
 -65.977  0.0000E+00  0.4000E+01
 -65.972  0.0000E+00  0.4000E+01
 -65.967  0.0000E+00  0.4000E+01
 -65.962  0.0000E+00  0.4000E+01
 -65.957  0.0000E+00  0.4000E+01
 -65.952  0.0000E+00  0.4000E+01
 -65.947  0.0000E+00  0.4000E+01
 -65.942  0.0000E+00  0.4000E+01
 -65.937  0.0000E+00  0.4000E+01
 -65.932  0.0000E+00  0.4000E+01
 -65.927  0.0000E+00  0.4000E+01
 -65.922  0.0000E+00  0.4000E+01
 -65.917  0.0000E+00  0.4000E+01
 -65.912  0.0000E+00  0.4000E+01
 -65.907  0.0000E+00  0.4000E+01
 -65.902  0.0000E+00  0.4000E+01
 -65.897  0.0000E+00  0.4000E+01
 -65.892  0.0000E+00  0.4000E+01
 -65.887  0.0000E+00  0.4000E+01
 -65.882  0.0000E+00  0.4000E+01
 -65.877  0.0000E+00  0.4000E+01
 -65.872  0.0000E+00  0.4000E+01
 -65.867  0.0000E+00  0.4000E+01
 -65.862  0.0000E+00  0.4000E+01
 -65.857  0.0000E+00  0.4000E+01
 -65.852  0.0000E+00  0.4000E+01
 -65.847  0.0000E+00  0.4000E+01
 -65.842  0.0000E+00  0.4000E+01
 -65.837  0.0000E+00  0.4000E+01
 -65.832  0.0000E+00  0.4000E+01
 -65.827  0.0000E+00  0.4000E+01
 -65.822  0.0000E+00  0.4000E+01
 -65.817  0.0000E+00  0.4000E+01
 -65.812  0.0000E+00  0.4000E+01
 -65.807  0.0000E+00  0.4000E+01
 -65.802  0.0000E+00  0.4000E+01
 -65.797  0.0000E+00  0.4000E+01
 -65.792  0.0000E+00  0.4000E+01
 -65.787  0.0000E+00  0.4000E+01
 -65.782  0.0000E+00  0.4000E+01
 -65.777  0.0000E+00  0.4000E+01
 -65.772  0.0000E+00  0.4000E+01
 -65.767  0.0000E+00  0.4000E+01
 -65.762  0.0000E+00  0.4000E+01
 -65.757  0.0000E+00  0.4000E+01
 -65.752  0.0000E+00  0.4000E+01
 -65.747  0.0000E+00  0.4000E+01
 -65.742  0.0000E+00  0.4000E+01
 -65.737  0.0000E+00  0.4000E+01
 -65.732  0.0000E+00  0.4000E+01
 -65.727  0.0000E+00  0.4000E+01
 -65.722  0.0000E+00  0.4000E+01
 -65.717  0.0000E+00  0.4000E+01
 -65.712  0.0000E+00  0.4000E+01
 -65.707  0.0000E+00  0.4000E+01
 -65.702  0.0000E+00  0.4000E+01
 -65.697  0.0000E+00  0.4000E+01
 -65.692  0.0000E+00  0.4000E+01
 -65.687  0.0000E+00  0.4000E+01
 -65.682  0.0000E+00  0.4000E+01
 -65.677  0.0000E+00  0.4000E+01
 -65.672  0.0000E+00  0.4000E+01
 -65.667  0.0000E+00  0.4000E+01
 -65.662  0.0000E+00  0.4000E+01
 -65.657  0.0000E+00  0.4000E+01
 -65.652  0.0000E+00  0.4000E+01
 -65.647  0.0000E+00  0.4000E+01
 -65.642  0.0000E+00  0.4000E+01
 -65.637  0.0000E+00  0.4000E+01
 -65.632  0.0000E+00  0.4000E+01
 -65.627  0.0000E+00  0.4000E+01
 -65.622  0.0000E+00  0.4000E+01
 -65.617  0.0000E+00  0.4000E+01
 -65.612  0.0000E+00  0.4000E+01
 -65.607  0.0000E+00  0.4000E+01
 -65.602  0.0000E+00  0.4000E+01
 -65.597  0.0000E+00  0.4000E+01
 -65.592  0.0000E+00  0.4000E+01
 -65.587  0.0000E+00  0.4000E+01
 -65.582  0.0000E+00  0.4000E+01
 -65.577  0.0000E+00  0.4000E+01
 -65.572  0.0000E+00  0.4000E+01
 -65.567  0.0000E+00  0.4000E+01
 -65.562  0.0000E+00  0.4000E+01
 -65.557  0.0000E+00  0.4000E+01
 -65.552  0.0000E+00  0.4000E+01
 -65.547  0.0000E+00  0.4000E+01
 -65.542  0.0000E+00  0.4000E+01
 -65.537  0.0000E+00  0.4000E+01
 -65.532  0.0000E+00  0.4000E+01
 -65.527  0.0000E+00  0.4000E+01
 -65.522  0.0000E+00  0.4000E+01
 -65.517  0.0000E+00  0.4000E+01
 -65.512  0.0000E+00  0.4000E+01
 -65.507  0.0000E+00  0.4000E+01
 -65.502  0.0000E+00  0.4000E+01
 -65.497  0.0000E+00  0.4000E+01
 -65.492  0.0000E+00  0.4000E+01
 -65.487  0.0000E+00  0.4000E+01
 -65.482  0.0000E+00  0.4000E+01
 -65.477  0.0000E+00  0.4000E+01
 -65.472  0.0000E+00  0.4000E+01
 -65.467  0.0000E+00  0.4000E+01
 -65.462  0.0000E+00  0.4000E+01
 -65.457  0.0000E+00  0.4000E+01
 -65.452  0.0000E+00  0.4000E+01
 -65.447  0.0000E+00  0.4000E+01
 -65.442  0.0000E+00  0.4000E+01
 -65.437  0.0000E+00  0.4000E+01
 -65.432  0.0000E+00  0.4000E+01
 -65.427  0.0000E+00  0.4000E+01
 -65.422  0.0000E+00  0.4000E+01
 -65.417  0.0000E+00  0.4000E+01
 -65.412  0.0000E+00  0.4000E+01
 -65.407  0.0000E+00  0.4000E+01
 -65.402  0.0000E+00  0.4000E+01
 -65.397  0.0000E+00  0.4000E+01
 -65.392  0.0000E+00  0.4000E+01
 -65.387  0.0000E+00  0.4000E+01
 -65.382  0.0000E+00  0.4000E+01
 -65.377  0.0000E+00  0.4000E+01
 -65.372  0.0000E+00  0.4000E+01
 -65.367  0.0000E+00  0.4000E+01
 -65.362  0.0000E+00  0.4000E+01
 -65.357  0.0000E+00  0.4000E+01
 -65.352  0.0000E+00  0.4000E+01
 -65.347  0.0000E+00  0.4000E+01
 -65.342  0.0000E+00  0.4000E+01
 -65.337  0.0000E+00  0.4000E+01
 -65.332  0.0000E+00  0.4000E+01
 -65.327  0.0000E+00  0.4000E+01
 -65.322  0.0000E+00  0.4000E+01
 -65.317  0.0000E+00  0.4000E+01
 -65.312  0.0000E+00  0.4000E+01
 -65.307  0.0000E+00  0.4000E+01
 -65.302  0.0000E+00  0.4000E+01
 -65.297  0.0000E+00  0.4000E+01
 -65.292  0.0000E+00  0.4000E+01
 -65.287  0.0000E+00  0.4000E+01
 -65.282  0.0000E+00  0.4000E+01
 -65.277  0.0000E+00  0.4000E+01
 -65.272  0.0000E+00  0.4000E+01
 -65.267  0.0000E+00  0.4000E+01
 -65.262  0.0000E+00  0.4000E+01
 -65.257  0.0000E+00  0.4000E+01
 -65.252  0.0000E+00  0.4000E+01
 -65.247  0.0000E+00  0.4000E+01
 -65.242  0.0000E+00  0.4000E+01
 -65.237  0.0000E+00  0.4000E+01
 -65.232  0.0000E+00  0.4000E+01
 -65.227  0.0000E+00  0.4000E+01
 -65.222  0.0000E+00  0.4000E+01
 -65.217  0.0000E+00  0.4000E+01
 -65.212  0.0000E+00  0.4000E+01
 -65.207  0.0000E+00  0.4000E+01
 -65.202  0.0000E+00  0.4000E+01
 -65.197  0.0000E+00  0.4000E+01
 -65.192  0.0000E+00  0.4000E+01
 -65.187  0.0000E+00  0.4000E+01
 -65.182  0.0000E+00  0.4000E+01
 -65.177  0.0000E+00  0.4000E+01
 -65.172  0.0000E+00  0.4000E+01
 -65.167  0.0000E+00  0.4000E+01
 -65.162  0.0000E+00  0.4000E+01
 -65.157  0.0000E+00  0.4000E+01
 -65.152  0.0000E+00  0.4000E+01
 -65.147  0.0000E+00  0.4000E+01
 -65.142  0.0000E+00  0.4000E+01
 -65.137  0.0000E+00  0.4000E+01
 -65.132  0.0000E+00  0.4000E+01
 -65.127  0.0000E+00  0.4000E+01
 -65.122  0.0000E+00  0.4000E+01
 -65.117  0.0000E+00  0.4000E+01
 -65.112  0.0000E+00  0.4000E+01
 -65.107  0.0000E+00  0.4000E+01
 -65.102  0.0000E+00  0.4000E+01
 -65.097  0.0000E+00  0.4000E+01
 -65.092  0.0000E+00  0.4000E+01
 -65.087  0.0000E+00  0.4000E+01
 -65.082  0.0000E+00  0.4000E+01
 -65.077  0.0000E+00  0.4000E+01
 -65.072  0.0000E+00  0.4000E+01
 -65.067  0.0000E+00  0.4000E+01
 -65.062  0.0000E+00  0.4000E+01
 -65.057  0.0000E+00  0.4000E+01
 -65.052  0.0000E+00  0.4000E+01
 -65.047  0.0000E+00  0.4000E+01
 -65.042  0.0000E+00  0.4000E+01
 -65.037  0.0000E+00  0.4000E+01
 -65.032  0.0000E+00  0.4000E+01
 -65.027  0.0000E+00  0.4000E+01
 -65.022  0.0000E+00  0.4000E+01
 -65.017  0.0000E+00  0.4000E+01
 -65.012  0.0000E+00  0.4000E+01
 -65.007  0.0000E+00  0.4000E+01
 -65.002  0.0000E+00  0.4000E+01
 -64.997  0.0000E+00  0.4000E+01
 -64.992  0.0000E+00  0.4000E+01
 -64.987  0.0000E+00  0.4000E+01
 -64.982  0.0000E+00  0.4000E+01
 -64.977  0.0000E+00  0.4000E+01
 -64.972  0.0000E+00  0.4000E+01
 -64.967  0.0000E+00  0.4000E+01
 -64.962  0.0000E+00  0.4000E+01
 -64.957  0.0000E+00  0.4000E+01
 -64.952  0.0000E+00  0.4000E+01
 -64.947  0.0000E+00  0.4000E+01
 -64.942  0.0000E+00  0.4000E+01
 -64.937  0.0000E+00  0.4000E+01
 -64.932  0.0000E+00  0.4000E+01
 -64.927  0.0000E+00  0.4000E+01
 -64.922  0.0000E+00  0.4000E+01
 -64.917  0.0000E+00  0.4000E+01
 -64.912  0.0000E+00  0.4000E+01
 -64.907  0.0000E+00  0.4000E+01
 -64.902  0.0000E+00  0.4000E+01
 -64.897  0.0000E+00  0.4000E+01
 -64.892  0.0000E+00  0.4000E+01
 -64.887  0.0000E+00  0.4000E+01
 -64.882  0.0000E+00  0.4000E+01
 -64.877  0.0000E+00  0.4000E+01
 -64.872  0.0000E+00  0.4000E+01
 -64.867  0.0000E+00  0.4000E+01
 -64.862  0.0000E+00  0.4000E+01
 -64.857  0.0000E+00  0.4000E+01
 -64.852  0.0000E+00  0.4000E+01
 -64.847  0.0000E+00  0.4000E+01
 -64.842  0.0000E+00  0.4000E+01
 -64.837  0.0000E+00  0.4000E+01
 -64.832  0.0000E+00  0.4000E+01
 -64.827  0.0000E+00  0.4000E+01
 -64.822  0.0000E+00  0.4000E+01
 -64.817  0.0000E+00  0.4000E+01
 -64.812  0.0000E+00  0.4000E+01
 -64.807  0.0000E+00  0.4000E+01
 -64.802  0.0000E+00  0.4000E+01
 -64.797  0.0000E+00  0.4000E+01
 -64.792  0.0000E+00  0.4000E+01
 -64.787  0.0000E+00  0.4000E+01
 -64.782  0.0000E+00  0.4000E+01
 -64.777  0.0000E+00  0.4000E+01
 -64.772  0.0000E+00  0.4000E+01
 -64.767  0.0000E+00  0.4000E+01
 -64.762  0.0000E+00  0.4000E+01
 -64.757  0.0000E+00  0.4000E+01
 -64.752  0.0000E+00  0.4000E+01
 -64.747  0.0000E+00  0.4000E+01
 -64.742  0.0000E+00  0.4000E+01
 -64.737  0.0000E+00  0.4000E+01
 -64.732  0.0000E+00  0.4000E+01
 -64.727  0.0000E+00  0.4000E+01
 -64.722  0.0000E+00  0.4000E+01
 -64.717  0.0000E+00  0.4000E+01
 -64.712  0.0000E+00  0.4000E+01
 -64.707  0.0000E+00  0.4000E+01
 -64.702  0.0000E+00  0.4000E+01
 -64.697  0.0000E+00  0.4000E+01
 -64.692  0.0000E+00  0.4000E+01
 -64.687  0.0000E+00  0.4000E+01
 -64.682  0.0000E+00  0.4000E+01
 -64.677  0.0000E+00  0.4000E+01
 -64.672  0.0000E+00  0.4000E+01
 -64.667  0.0000E+00  0.4000E+01
 -64.662  0.0000E+00  0.4000E+01
 -64.657  0.0000E+00  0.4000E+01
 -64.652  0.0000E+00  0.4000E+01
 -64.647  0.0000E+00  0.4000E+01
 -64.642  0.0000E+00  0.4000E+01
 -64.637  0.0000E+00  0.4000E+01
 -64.632  0.0000E+00  0.4000E+01
 -64.627  0.0000E+00  0.4000E+01
 -64.622  0.0000E+00  0.4000E+01
 -64.617  0.0000E+00  0.4000E+01
 -64.612  0.0000E+00  0.4000E+01
 -64.607  0.0000E+00  0.4000E+01
 -64.602  0.0000E+00  0.4000E+01
 -64.597  0.0000E+00  0.4000E+01
 -64.592  0.0000E+00  0.4000E+01
 -64.587  0.0000E+00  0.4000E+01
 -64.582  0.0000E+00  0.4000E+01
 -64.577  0.0000E+00  0.4000E+01
 -64.572  0.0000E+00  0.4000E+01
 -64.567  0.0000E+00  0.4000E+01
 -64.562  0.0000E+00  0.4000E+01
 -64.557  0.0000E+00  0.4000E+01
 -64.552  0.0000E+00  0.4000E+01
 -64.547  0.0000E+00  0.4000E+01
 -64.542  0.0000E+00  0.4000E+01
 -64.537  0.0000E+00  0.4000E+01
 -64.532  0.0000E+00  0.4000E+01
 -64.527  0.0000E+00  0.4000E+01
 -64.522  0.0000E+00  0.4000E+01
 -64.517  0.0000E+00  0.4000E+01
 -64.512  0.0000E+00  0.4000E+01
 -64.507  0.0000E+00  0.4000E+01
 -64.502  0.0000E+00  0.4000E+01
 -64.497  0.0000E+00  0.4000E+01
 -64.492  0.0000E+00  0.4000E+01
 -64.487  0.0000E+00  0.4000E+01
 -64.482  0.0000E+00  0.4000E+01
 -64.477  0.0000E+00  0.4000E+01
 -64.472  0.0000E+00  0.4000E+01
 -64.467  0.0000E+00  0.4000E+01
 -64.462  0.0000E+00  0.4000E+01
 -64.457  0.0000E+00  0.4000E+01
 -64.452  0.0000E+00  0.4000E+01
 -64.447  0.0000E+00  0.4000E+01
 -64.442  0.0000E+00  0.4000E+01
 -64.437  0.0000E+00  0.4000E+01
 -64.432  0.0000E+00  0.4000E+01
 -64.427  0.0000E+00  0.4000E+01
 -64.422  0.0000E+00  0.4000E+01
 -64.417  0.0000E+00  0.4000E+01
 -64.412  0.0000E+00  0.4000E+01
 -64.407  0.0000E+00  0.4000E+01
 -64.402  0.0000E+00  0.4000E+01
 -64.397  0.0000E+00  0.4000E+01
 -64.392  0.0000E+00  0.4000E+01
 -64.387  0.0000E+00  0.4000E+01
 -64.382  0.0000E+00  0.4000E+01
 -64.377  0.0000E+00  0.4000E+01
 -64.372  0.0000E+00  0.4000E+01
 -64.367  0.0000E+00  0.4000E+01
 -64.362  0.0000E+00  0.4000E+01
 -64.357  0.0000E+00  0.4000E+01
 -64.352  0.0000E+00  0.4000E+01
 -64.347  0.0000E+00  0.4000E+01
 -64.342  0.0000E+00  0.4000E+01
 -64.337  0.0000E+00  0.4000E+01
 -64.332  0.0000E+00  0.4000E+01
 -64.327  0.0000E+00  0.4000E+01
 -64.322  0.0000E+00  0.4000E+01
 -64.317  0.0000E+00  0.4000E+01
 -64.312  0.0000E+00  0.4000E+01
 -64.307  0.0000E+00  0.4000E+01
 -64.302  0.0000E+00  0.4000E+01
 -64.297  0.0000E+00  0.4000E+01
 -64.292  0.0000E+00  0.4000E+01
 -64.287  0.0000E+00  0.4000E+01
 -64.282  0.0000E+00  0.4000E+01
 -64.277  0.0000E+00  0.4000E+01
 -64.272  0.0000E+00  0.4000E+01
 -64.267  0.0000E+00  0.4000E+01
 -64.262  0.0000E+00  0.4000E+01
 -64.257  0.0000E+00  0.4000E+01
 -64.252  0.0000E+00  0.4000E+01
 -64.247  0.0000E+00  0.4000E+01
 -64.242  0.0000E+00  0.4000E+01
 -64.237  0.0000E+00  0.4000E+01
 -64.232  0.0000E+00  0.4000E+01
 -64.227  0.0000E+00  0.4000E+01
 -64.222  0.0000E+00  0.4000E+01
 -64.217  0.0000E+00  0.4000E+01
 -64.212  0.0000E+00  0.4000E+01
 -64.207  0.0000E+00  0.4000E+01
 -64.202  0.0000E+00  0.4000E+01
 -64.197  0.0000E+00  0.4000E+01
 -64.192  0.0000E+00  0.4000E+01
 -64.187  0.0000E+00  0.4000E+01
 -64.182  0.0000E+00  0.4000E+01
 -64.177  0.0000E+00  0.4000E+01
 -64.172  0.0000E+00  0.4000E+01
 -64.167  0.0000E+00  0.4000E+01
 -64.162  0.0000E+00  0.4000E+01
 -64.157  0.0000E+00  0.4000E+01
 -64.152  0.0000E+00  0.4000E+01
 -64.147  0.0000E+00  0.4000E+01
 -64.142  0.0000E+00  0.4000E+01
 -64.137  0.0000E+00  0.4000E+01
 -64.132  0.0000E+00  0.4000E+01
 -64.127  0.0000E+00  0.4000E+01
 -64.122  0.0000E+00  0.4000E+01
 -64.117  0.0000E+00  0.4000E+01
 -64.112  0.0000E+00  0.4000E+01
 -64.107  0.0000E+00  0.4000E+01
 -64.102  0.0000E+00  0.4000E+01
 -64.097  0.0000E+00  0.4000E+01
 -64.092  0.0000E+00  0.4000E+01
 -64.087  0.0000E+00  0.4000E+01
 -64.082  0.0000E+00  0.4000E+01
 -64.077  0.0000E+00  0.4000E+01
 -64.072  0.0000E+00  0.4000E+01
 -64.067  0.0000E+00  0.4000E+01
 -64.062  0.0000E+00  0.4000E+01
 -64.057  0.0000E+00  0.4000E+01
 -64.052  0.0000E+00  0.4000E+01
 -64.047  0.0000E+00  0.4000E+01
 -64.042  0.0000E+00  0.4000E+01
 -64.037  0.0000E+00  0.4000E+01
 -64.032  0.0000E+00  0.4000E+01
 -64.027  0.0000E+00  0.4000E+01
 -64.022  0.0000E+00  0.4000E+01
 -64.017  0.0000E+00  0.4000E+01
 -64.012  0.0000E+00  0.4000E+01
 -64.007  0.0000E+00  0.4000E+01
 -64.002  0.0000E+00  0.4000E+01
 -63.997  0.0000E+00  0.4000E+01
 -63.992  0.0000E+00  0.4000E+01
 -63.987  0.0000E+00  0.4000E+01
 -63.982  0.0000E+00  0.4000E+01
 -63.977  0.0000E+00  0.4000E+01
 -63.972  0.0000E+00  0.4000E+01
 -63.967  0.0000E+00  0.4000E+01
 -63.962  0.0000E+00  0.4000E+01
 -63.957  0.0000E+00  0.4000E+01
 -63.952  0.0000E+00  0.4000E+01
 -63.947  0.0000E+00  0.4000E+01
 -63.942  0.0000E+00  0.4000E+01
 -63.937  0.0000E+00  0.4000E+01
 -63.932  0.0000E+00  0.4000E+01
 -63.927  0.0000E+00  0.4000E+01
 -63.922  0.0000E+00  0.4000E+01
 -63.917  0.0000E+00  0.4000E+01
 -63.912  0.0000E+00  0.4000E+01
 -63.907  0.0000E+00  0.4000E+01
 -63.902  0.0000E+00  0.4000E+01
 -63.897  0.0000E+00  0.4000E+01
 -63.892  0.0000E+00  0.4000E+01
 -63.887  0.0000E+00  0.4000E+01
 -63.882  0.0000E+00  0.4000E+01
 -63.877  0.0000E+00  0.4000E+01
 -63.872  0.0000E+00  0.4000E+01
 -63.867  0.0000E+00  0.4000E+01
 -63.862  0.0000E+00  0.4000E+01
 -63.857  0.0000E+00  0.4000E+01
 -63.852  0.0000E+00  0.4000E+01
 -63.847  0.0000E+00  0.4000E+01
 -63.842  0.0000E+00  0.4000E+01
 -63.837  0.0000E+00  0.4000E+01
 -63.832  0.0000E+00  0.4000E+01
 -63.827  0.0000E+00  0.4000E+01
 -63.822  0.0000E+00  0.4000E+01
 -63.817  0.0000E+00  0.4000E+01
 -63.812  0.0000E+00  0.4000E+01
 -63.807  0.0000E+00  0.4000E+01
 -63.802  0.0000E+00  0.4000E+01
 -63.797  0.0000E+00  0.4000E+01
 -63.792  0.0000E+00  0.4000E+01
 -63.787  0.0000E+00  0.4000E+01
 -63.782  0.0000E+00  0.4000E+01
 -63.777  0.0000E+00  0.4000E+01
 -63.772  0.0000E+00  0.4000E+01
 -63.767  0.0000E+00  0.4000E+01
 -63.762  0.0000E+00  0.4000E+01
 -63.757  0.0000E+00  0.4000E+01
 -63.752  0.0000E+00  0.4000E+01
 -63.747  0.0000E+00  0.4000E+01
 -63.742  0.0000E+00  0.4000E+01
 -63.737  0.0000E+00  0.4000E+01
 -63.732  0.0000E+00  0.4000E+01
 -63.727  0.0000E+00  0.4000E+01
 -63.722  0.0000E+00  0.4000E+01
 -63.717  0.0000E+00  0.4000E+01
 -63.712  0.0000E+00  0.4000E+01
 -63.707  0.0000E+00  0.4000E+01
 -63.702  0.0000E+00  0.4000E+01
 -63.697  0.0000E+00  0.4000E+01
 -63.692  0.0000E+00  0.4000E+01
 -63.687  0.0000E+00  0.4000E+01
 -63.682  0.0000E+00  0.4000E+01
 -63.677  0.0000E+00  0.4000E+01
 -63.672  0.0000E+00  0.4000E+01
 -63.667  0.0000E+00  0.4000E+01
 -63.662  0.0000E+00  0.4000E+01
 -63.657  0.0000E+00  0.4000E+01
 -63.652  0.0000E+00  0.4000E+01
 -63.647  0.0000E+00  0.4000E+01
 -63.642  0.0000E+00  0.4000E+01
 -63.637  0.0000E+00  0.4000E+01
 -63.632  0.0000E+00  0.4000E+01
 -63.627  0.0000E+00  0.4000E+01
 -63.622  0.0000E+00  0.4000E+01
 -63.617  0.0000E+00  0.4000E+01
 -63.612  0.0000E+00  0.4000E+01
 -63.607  0.0000E+00  0.4000E+01
 -63.602  0.0000E+00  0.4000E+01
 -63.597  0.0000E+00  0.4000E+01
 -63.592  0.0000E+00  0.4000E+01
 -63.587  0.0000E+00  0.4000E+01
 -63.582  0.0000E+00  0.4000E+01
 -63.577  0.0000E+00  0.4000E+01
 -63.572  0.0000E+00  0.4000E+01
 -63.567  0.0000E+00  0.4000E+01
 -63.562  0.0000E+00  0.4000E+01
 -63.557  0.0000E+00  0.4000E+01
 -63.552  0.0000E+00  0.4000E+01
 -63.547  0.0000E+00  0.4000E+01
 -63.542  0.0000E+00  0.4000E+01
 -63.537  0.0000E+00  0.4000E+01
 -63.532  0.0000E+00  0.4000E+01
 -63.527  0.0000E+00  0.4000E+01
 -63.522  0.0000E+00  0.4000E+01
 -63.517  0.0000E+00  0.4000E+01
 -63.512  0.0000E+00  0.4000E+01
 -63.507  0.0000E+00  0.4000E+01
 -63.502  0.0000E+00  0.4000E+01
 -63.497  0.0000E+00  0.4000E+01
 -63.492  0.0000E+00  0.4000E+01
 -63.487  0.0000E+00  0.4000E+01
 -63.482  0.0000E+00  0.4000E+01
 -63.477  0.0000E+00  0.4000E+01
 -63.472  0.0000E+00  0.4000E+01
 -63.467  0.0000E+00  0.4000E+01
 -63.462  0.0000E+00  0.4000E+01
 -63.457  0.0000E+00  0.4000E+01
 -63.452  0.0000E+00  0.4000E+01
 -63.447  0.0000E+00  0.4000E+01
 -63.442  0.0000E+00  0.4000E+01
 -63.437  0.0000E+00  0.4000E+01
 -63.432  0.0000E+00  0.4000E+01
 -63.427  0.0000E+00  0.4000E+01
 -63.422  0.0000E+00  0.4000E+01
 -63.417  0.0000E+00  0.4000E+01
 -63.412  0.0000E+00  0.4000E+01
 -63.407  0.0000E+00  0.4000E+01
 -63.402  0.0000E+00  0.4000E+01
 -63.397  0.0000E+00  0.4000E+01
 -63.392  0.0000E+00  0.4000E+01
 -63.387  0.0000E+00  0.4000E+01
 -63.382  0.0000E+00  0.4000E+01
 -63.377  0.0000E+00  0.4000E+01
 -63.372  0.0000E+00  0.4000E+01
 -63.367  0.0000E+00  0.4000E+01
 -63.362  0.0000E+00  0.4000E+01
 -63.357  0.0000E+00  0.4000E+01
 -63.352  0.0000E+00  0.4000E+01
 -63.347  0.0000E+00  0.4000E+01
 -63.342  0.0000E+00  0.4000E+01
 -63.337  0.0000E+00  0.4000E+01
 -63.332  0.0000E+00  0.4000E+01
 -63.327  0.0000E+00  0.4000E+01
 -63.322  0.0000E+00  0.4000E+01
 -63.317  0.0000E+00  0.4000E+01
 -63.312  0.0000E+00  0.4000E+01
 -63.307  0.0000E+00  0.4000E+01
 -63.302  0.0000E+00  0.4000E+01
 -63.297  0.0000E+00  0.4000E+01
 -63.292  0.0000E+00  0.4000E+01
 -63.287  0.0000E+00  0.4000E+01
 -63.282  0.0000E+00  0.4000E+01
 -63.277  0.0000E+00  0.4000E+01
 -63.272  0.0000E+00  0.4000E+01
 -63.267  0.0000E+00  0.4000E+01
 -63.262  0.0000E+00  0.4000E+01
 -63.257  0.0000E+00  0.4000E+01
 -63.252  0.0000E+00  0.4000E+01
 -63.247  0.0000E+00  0.4000E+01
 -63.242  0.0000E+00  0.4000E+01
 -63.237  0.0000E+00  0.4000E+01
 -63.232  0.0000E+00  0.4000E+01
 -63.227  0.0000E+00  0.4000E+01
 -63.222  0.0000E+00  0.4000E+01
 -63.217  0.0000E+00  0.4000E+01
 -63.212  0.0000E+00  0.4000E+01
 -63.207  0.0000E+00  0.4000E+01
 -63.202  0.0000E+00  0.4000E+01
 -63.197  0.0000E+00  0.4000E+01
 -63.192  0.0000E+00  0.4000E+01
 -63.187  0.0000E+00  0.4000E+01
 -63.182  0.0000E+00  0.4000E+01
 -63.177  0.0000E+00  0.4000E+01
 -63.172  0.0000E+00  0.4000E+01
 -63.167  0.0000E+00  0.4000E+01
 -63.162  0.0000E+00  0.4000E+01
 -63.157  0.0000E+00  0.4000E+01
 -63.152  0.0000E+00  0.4000E+01
 -63.147  0.0000E+00  0.4000E+01
 -63.142  0.0000E+00  0.4000E+01
 -63.137  0.0000E+00  0.4000E+01
 -63.132  0.0000E+00  0.4000E+01
 -63.127  0.0000E+00  0.4000E+01
 -63.122  0.0000E+00  0.4000E+01
 -63.117  0.0000E+00  0.4000E+01
 -63.112  0.0000E+00  0.4000E+01
 -63.107  0.0000E+00  0.4000E+01
 -63.102  0.0000E+00  0.4000E+01
 -63.097  0.0000E+00  0.4000E+01
 -63.092  0.0000E+00  0.4000E+01
 -63.087  0.0000E+00  0.4000E+01
 -63.082  0.0000E+00  0.4000E+01
 -63.077  0.0000E+00  0.4000E+01
 -63.072  0.0000E+00  0.4000E+01
 -63.067  0.0000E+00  0.4000E+01
 -63.062  0.0000E+00  0.4000E+01
 -63.057  0.0000E+00  0.4000E+01
 -63.052  0.0000E+00  0.4000E+01
 -63.047  0.0000E+00  0.4000E+01
 -63.042  0.0000E+00  0.4000E+01
 -63.037  0.0000E+00  0.4000E+01
 -63.032  0.0000E+00  0.4000E+01
 -63.027  0.0000E+00  0.4000E+01
 -63.022  0.0000E+00  0.4000E+01
 -63.017  0.0000E+00  0.4000E+01
 -63.012  0.0000E+00  0.4000E+01
 -63.007  0.0000E+00  0.4000E+01
 -63.002  0.0000E+00  0.4000E+01
 -62.997  0.0000E+00  0.4000E+01
 -62.992  0.0000E+00  0.4000E+01
 -62.987  0.0000E+00  0.4000E+01
 -62.982  0.0000E+00  0.4000E+01
 -62.977  0.0000E+00  0.4000E+01
 -62.972  0.0000E+00  0.4000E+01
 -62.967  0.0000E+00  0.4000E+01
 -62.962  0.0000E+00  0.4000E+01
 -62.957  0.0000E+00  0.4000E+01
 -62.952  0.0000E+00  0.4000E+01
 -62.947  0.0000E+00  0.4000E+01
 -62.942  0.0000E+00  0.4000E+01
 -62.937  0.0000E+00  0.4000E+01
 -62.932  0.0000E+00  0.4000E+01
 -62.927  0.0000E+00  0.4000E+01
 -62.922  0.0000E+00  0.4000E+01
 -62.917  0.0000E+00  0.4000E+01
 -62.912  0.0000E+00  0.4000E+01
 -62.907  0.0000E+00  0.4000E+01
 -62.902  0.0000E+00  0.4000E+01
 -62.897  0.0000E+00  0.4000E+01
 -62.892  0.0000E+00  0.4000E+01
 -62.887  0.0000E+00  0.4000E+01
 -62.882  0.0000E+00  0.4000E+01
 -62.877  0.0000E+00  0.4000E+01
 -62.872  0.0000E+00  0.4000E+01
 -62.867  0.0000E+00  0.4000E+01
 -62.862  0.0000E+00  0.4000E+01
 -62.857  0.0000E+00  0.4000E+01
 -62.852  0.0000E+00  0.4000E+01
 -62.847  0.0000E+00  0.4000E+01
 -62.842  0.0000E+00  0.4000E+01
 -62.837  0.0000E+00  0.4000E+01
 -62.832  0.0000E+00  0.4000E+01
 -62.827  0.0000E+00  0.4000E+01
 -62.822  0.0000E+00  0.4000E+01
 -62.817  0.0000E+00  0.4000E+01
 -62.812  0.0000E+00  0.4000E+01
 -62.807  0.0000E+00  0.4000E+01
 -62.802  0.0000E+00  0.4000E+01
 -62.797  0.0000E+00  0.4000E+01
 -62.792  0.0000E+00  0.4000E+01
 -62.787  0.0000E+00  0.4000E+01
 -62.782  0.0000E+00  0.4000E+01
 -62.777  0.0000E+00  0.4000E+01
 -62.772  0.0000E+00  0.4000E+01
 -62.767  0.0000E+00  0.4000E+01
 -62.762  0.0000E+00  0.4000E+01
 -62.757  0.0000E+00  0.4000E+01
 -62.752  0.0000E+00  0.4000E+01
 -62.747  0.0000E+00  0.4000E+01
 -62.742  0.0000E+00  0.4000E+01
 -62.737  0.0000E+00  0.4000E+01
 -62.732  0.0000E+00  0.4000E+01
 -62.727  0.0000E+00  0.4000E+01
 -62.722  0.0000E+00  0.4000E+01
 -62.717  0.0000E+00  0.4000E+01
 -62.712  0.0000E+00  0.4000E+01
 -62.707  0.0000E+00  0.4000E+01
 -62.702  0.0000E+00  0.4000E+01
 -62.697  0.0000E+00  0.4000E+01
 -62.692  0.0000E+00  0.4000E+01
 -62.687  0.0000E+00  0.4000E+01
 -62.682  0.0000E+00  0.4000E+01
 -62.677  0.0000E+00  0.4000E+01
 -62.672  0.0000E+00  0.4000E+01
 -62.667  0.0000E+00  0.4000E+01
 -62.662  0.0000E+00  0.4000E+01
 -62.657  0.0000E+00  0.4000E+01
 -62.652  0.0000E+00  0.4000E+01
 -62.647  0.0000E+00  0.4000E+01
 -62.642  0.0000E+00  0.4000E+01
 -62.637  0.0000E+00  0.4000E+01
 -62.632  0.0000E+00  0.4000E+01
 -62.627  0.0000E+00  0.4000E+01
 -62.622  0.0000E+00  0.4000E+01
 -62.617  0.0000E+00  0.4000E+01
 -62.612  0.0000E+00  0.4000E+01
 -62.607  0.0000E+00  0.4000E+01
 -62.602  0.0000E+00  0.4000E+01
 -62.597  0.0000E+00  0.4000E+01
 -62.592  0.0000E+00  0.4000E+01
 -62.587  0.0000E+00  0.4000E+01
 -62.582  0.0000E+00  0.4000E+01
 -62.577  0.0000E+00  0.4000E+01
 -62.572  0.0000E+00  0.4000E+01
 -62.567  0.0000E+00  0.4000E+01
 -62.562  0.0000E+00  0.4000E+01
 -62.557  0.0000E+00  0.4000E+01
 -62.552  0.0000E+00  0.4000E+01
 -62.547  0.0000E+00  0.4000E+01
 -62.542  0.0000E+00  0.4000E+01
 -62.537  0.0000E+00  0.4000E+01
 -62.532  0.0000E+00  0.4000E+01
 -62.527  0.0000E+00  0.4000E+01
 -62.522  0.0000E+00  0.4000E+01
 -62.517  0.0000E+00  0.4000E+01
 -62.512  0.0000E+00  0.4000E+01
 -62.507  0.0000E+00  0.4000E+01
 -62.502  0.0000E+00  0.4000E+01
 -62.497  0.0000E+00  0.4000E+01
 -62.492  0.0000E+00  0.4000E+01
 -62.487  0.0000E+00  0.4000E+01
 -62.482  0.0000E+00  0.4000E+01
 -62.477  0.0000E+00  0.4000E+01
 -62.472  0.0000E+00  0.4000E+01
 -62.467  0.0000E+00  0.4000E+01
 -62.462  0.0000E+00  0.4000E+01
 -62.457  0.0000E+00  0.4000E+01
 -62.452  0.0000E+00  0.4000E+01
 -62.447  0.0000E+00  0.4000E+01
 -62.442  0.0000E+00  0.4000E+01
 -62.437  0.0000E+00  0.4000E+01
 -62.432  0.0000E+00  0.4000E+01
 -62.427  0.0000E+00  0.4000E+01
 -62.422  0.0000E+00  0.4000E+01
 -62.417  0.0000E+00  0.4000E+01
 -62.412  0.0000E+00  0.4000E+01
 -62.407  0.0000E+00  0.4000E+01
 -62.402  0.0000E+00  0.4000E+01
 -62.397  0.0000E+00  0.4000E+01
 -62.392  0.0000E+00  0.4000E+01
 -62.387  0.0000E+00  0.4000E+01
 -62.382  0.0000E+00  0.4000E+01
 -62.377  0.0000E+00  0.4000E+01
 -62.372  0.0000E+00  0.4000E+01
 -62.367  0.0000E+00  0.4000E+01
 -62.362  0.0000E+00  0.4000E+01
 -62.357  0.0000E+00  0.4000E+01
 -62.352  0.0000E+00  0.4000E+01
 -62.347  0.0000E+00  0.4000E+01
 -62.342  0.0000E+00  0.4000E+01
 -62.337  0.0000E+00  0.4000E+01
 -62.332  0.0000E+00  0.4000E+01
 -62.327  0.0000E+00  0.4000E+01
 -62.322  0.0000E+00  0.4000E+01
 -62.317  0.0000E+00  0.4000E+01
 -62.312  0.0000E+00  0.4000E+01
 -62.307  0.0000E+00  0.4000E+01
 -62.302  0.0000E+00  0.4000E+01
 -62.297  0.0000E+00  0.4000E+01
 -62.292  0.0000E+00  0.4000E+01
 -62.287  0.0000E+00  0.4000E+01
 -62.282  0.0000E+00  0.4000E+01
 -62.277  0.0000E+00  0.4000E+01
 -62.272  0.0000E+00  0.4000E+01
 -62.267  0.0000E+00  0.4000E+01
 -62.262  0.0000E+00  0.4000E+01
 -62.257  0.0000E+00  0.4000E+01
 -62.252  0.0000E+00  0.4000E+01
 -62.247  0.0000E+00  0.4000E+01
 -62.242  0.0000E+00  0.4000E+01
 -62.237  0.0000E+00  0.4000E+01
 -62.232  0.0000E+00  0.4000E+01
 -62.227  0.0000E+00  0.4000E+01
 -62.222  0.0000E+00  0.4000E+01
 -62.217  0.0000E+00  0.4000E+01
 -62.212  0.0000E+00  0.4000E+01
 -62.207  0.0000E+00  0.4000E+01
 -62.202  0.0000E+00  0.4000E+01
 -62.197  0.0000E+00  0.4000E+01
 -62.192  0.0000E+00  0.4000E+01
 -62.187  0.0000E+00  0.4000E+01
 -62.182  0.0000E+00  0.4000E+01
 -62.177  0.0000E+00  0.4000E+01
 -62.172  0.0000E+00  0.4000E+01
 -62.167  0.0000E+00  0.4000E+01
 -62.162  0.0000E+00  0.4000E+01
 -62.157  0.0000E+00  0.4000E+01
 -62.152  0.0000E+00  0.4000E+01
 -62.147  0.0000E+00  0.4000E+01
 -62.142  0.0000E+00  0.4000E+01
 -62.137  0.0000E+00  0.4000E+01
 -62.132  0.0000E+00  0.4000E+01
 -62.127  0.0000E+00  0.4000E+01
 -62.122  0.0000E+00  0.4000E+01
 -62.117  0.0000E+00  0.4000E+01
 -62.112  0.0000E+00  0.4000E+01
 -62.107  0.0000E+00  0.4000E+01
 -62.102  0.0000E+00  0.4000E+01
 -62.097  0.0000E+00  0.4000E+01
 -62.092  0.0000E+00  0.4000E+01
 -62.087  0.0000E+00  0.4000E+01
 -62.082  0.0000E+00  0.4000E+01
 -62.077  0.0000E+00  0.4000E+01
 -62.072  0.0000E+00  0.4000E+01
 -62.067  0.0000E+00  0.4000E+01
 -62.062  0.0000E+00  0.4000E+01
 -62.057  0.0000E+00  0.4000E+01
 -62.052  0.0000E+00  0.4000E+01
 -62.047  0.0000E+00  0.4000E+01
 -62.042  0.0000E+00  0.4000E+01
 -62.037  0.0000E+00  0.4000E+01
 -62.032  0.0000E+00  0.4000E+01
 -62.027  0.0000E+00  0.4000E+01
 -62.022  0.0000E+00  0.4000E+01
 -62.017  0.0000E+00  0.4000E+01
 -62.012  0.0000E+00  0.4000E+01
 -62.007  0.0000E+00  0.4000E+01
 -62.002  0.0000E+00  0.4000E+01
 -61.997  0.0000E+00  0.4000E+01
 -61.992  0.0000E+00  0.4000E+01
 -61.987  0.0000E+00  0.4000E+01
 -61.982  0.0000E+00  0.4000E+01
 -61.977  0.0000E+00  0.4000E+01
 -61.972  0.0000E+00  0.4000E+01
 -61.967  0.0000E+00  0.4000E+01
 -61.962  0.0000E+00  0.4000E+01
 -61.957  0.0000E+00  0.4000E+01
 -61.952  0.0000E+00  0.4000E+01
 -61.947  0.0000E+00  0.4000E+01
 -61.942  0.0000E+00  0.4000E+01
 -61.937  0.0000E+00  0.4000E+01
 -61.932  0.0000E+00  0.4000E+01
 -61.927  0.0000E+00  0.4000E+01
 -61.922  0.0000E+00  0.4000E+01
 -61.917  0.0000E+00  0.4000E+01
 -61.912  0.0000E+00  0.4000E+01
 -61.907  0.0000E+00  0.4000E+01
 -61.902  0.0000E+00  0.4000E+01
 -61.897  0.0000E+00  0.4000E+01
 -61.892  0.0000E+00  0.4000E+01
 -61.887  0.0000E+00  0.4000E+01
 -61.882  0.0000E+00  0.4000E+01
 -61.877  0.0000E+00  0.4000E+01
 -61.872  0.0000E+00  0.4000E+01
 -61.867  0.0000E+00  0.4000E+01
 -61.862  0.0000E+00  0.4000E+01
 -61.857  0.0000E+00  0.4000E+01
 -61.852  0.0000E+00  0.4000E+01
 -61.847  0.0000E+00  0.4000E+01
 -61.842  0.0000E+00  0.4000E+01
 -61.837  0.0000E+00  0.4000E+01
 -61.832  0.0000E+00  0.4000E+01
 -61.827  0.0000E+00  0.4000E+01
 -61.822  0.0000E+00  0.4000E+01
 -61.817  0.0000E+00  0.4000E+01
 -61.812  0.0000E+00  0.4000E+01
 -61.807  0.0000E+00  0.4000E+01
 -61.802  0.0000E+00  0.4000E+01
 -61.797  0.0000E+00  0.4000E+01
 -61.792  0.0000E+00  0.4000E+01
 -61.787  0.0000E+00  0.4000E+01
 -61.782  0.0000E+00  0.4000E+01
 -61.777  0.0000E+00  0.4000E+01
 -61.772  0.0000E+00  0.4000E+01
 -61.767  0.0000E+00  0.4000E+01
 -61.762  0.0000E+00  0.4000E+01
 -61.757  0.0000E+00  0.4000E+01
 -61.752  0.0000E+00  0.4000E+01
 -61.747  0.0000E+00  0.4000E+01
 -61.742  0.0000E+00  0.4000E+01
 -61.737  0.0000E+00  0.4000E+01
 -61.732  0.0000E+00  0.4000E+01
 -61.727  0.0000E+00  0.4000E+01
 -61.722  0.0000E+00  0.4000E+01
 -61.717  0.0000E+00  0.4000E+01
 -61.712  0.0000E+00  0.4000E+01
 -61.707  0.0000E+00  0.4000E+01
 -61.702  0.0000E+00  0.4000E+01
 -61.697  0.0000E+00  0.4000E+01
 -61.692  0.0000E+00  0.4000E+01
 -61.687  0.0000E+00  0.4000E+01
 -61.682  0.0000E+00  0.4000E+01
 -61.677  0.0000E+00  0.4000E+01
 -61.672  0.0000E+00  0.4000E+01
 -61.667  0.0000E+00  0.4000E+01
 -61.662  0.0000E+00  0.4000E+01
 -61.657  0.0000E+00  0.4000E+01
 -61.652  0.0000E+00  0.4000E+01
 -61.647  0.0000E+00  0.4000E+01
 -61.642  0.0000E+00  0.4000E+01
 -61.637  0.0000E+00  0.4000E+01
 -61.632  0.0000E+00  0.4000E+01
 -61.627  0.0000E+00  0.4000E+01
 -61.622  0.0000E+00  0.4000E+01
 -61.617  0.0000E+00  0.4000E+01
 -61.612  0.0000E+00  0.4000E+01
 -61.607  0.0000E+00  0.4000E+01
 -61.602  0.0000E+00  0.4000E+01
 -61.597  0.0000E+00  0.4000E+01
 -61.592  0.0000E+00  0.4000E+01
 -61.587  0.0000E+00  0.4000E+01
 -61.582  0.0000E+00  0.4000E+01
 -61.577  0.0000E+00  0.4000E+01
 -61.572  0.0000E+00  0.4000E+01
 -61.567  0.0000E+00  0.4000E+01
 -61.562  0.0000E+00  0.4000E+01
 -61.557  0.0000E+00  0.4000E+01
 -61.552  0.0000E+00  0.4000E+01
 -61.547  0.0000E+00  0.4000E+01
 -61.542  0.0000E+00  0.4000E+01
 -61.537  0.0000E+00  0.4000E+01
 -61.532  0.0000E+00  0.4000E+01
 -61.527  0.0000E+00  0.4000E+01
 -61.522  0.0000E+00  0.4000E+01
 -61.517  0.0000E+00  0.4000E+01
 -61.512  0.0000E+00  0.4000E+01
 -61.507  0.0000E+00  0.4000E+01
 -61.502  0.0000E+00  0.4000E+01
 -61.497  0.0000E+00  0.4000E+01
 -61.492  0.0000E+00  0.4000E+01
 -61.487  0.0000E+00  0.4000E+01
 -61.482  0.0000E+00  0.4000E+01
 -61.477  0.0000E+00  0.4000E+01
 -61.472  0.0000E+00  0.4000E+01
 -61.467  0.0000E+00  0.4000E+01
 -61.462  0.0000E+00  0.4000E+01
 -61.457  0.0000E+00  0.4000E+01
 -61.452  0.0000E+00  0.4000E+01
 -61.447  0.0000E+00  0.4000E+01
 -61.442  0.0000E+00  0.4000E+01
 -61.437  0.0000E+00  0.4000E+01
 -61.432  0.0000E+00  0.4000E+01
 -61.427  0.0000E+00  0.4000E+01
 -61.422  0.0000E+00  0.4000E+01
 -61.417  0.0000E+00  0.4000E+01
 -61.412  0.0000E+00  0.4000E+01
 -61.407  0.0000E+00  0.4000E+01
 -61.402  0.0000E+00  0.4000E+01
 -61.397  0.0000E+00  0.4000E+01
 -61.392  0.0000E+00  0.4000E+01
 -61.387  0.0000E+00  0.4000E+01
 -61.382  0.0000E+00  0.4000E+01
 -61.377  0.0000E+00  0.4000E+01
 -61.372  0.0000E+00  0.4000E+01
 -61.367  0.0000E+00  0.4000E+01
 -61.362  0.0000E+00  0.4000E+01
 -61.357  0.0000E+00  0.4000E+01
 -61.352  0.0000E+00  0.4000E+01
 -61.347  0.0000E+00  0.4000E+01
 -61.342  0.0000E+00  0.4000E+01
 -61.337  0.0000E+00  0.4000E+01
 -61.332  0.0000E+00  0.4000E+01
 -61.327  0.0000E+00  0.4000E+01
 -61.322  0.0000E+00  0.4000E+01
 -61.317  0.0000E+00  0.4000E+01
 -61.312  0.0000E+00  0.4000E+01
 -61.307  0.0000E+00  0.4000E+01
 -61.302  0.0000E+00  0.4000E+01
 -61.297  0.0000E+00  0.4000E+01
 -61.292  0.0000E+00  0.4000E+01
 -61.287  0.0000E+00  0.4000E+01
 -61.282  0.0000E+00  0.4000E+01
 -61.277  0.0000E+00  0.4000E+01
 -61.272  0.0000E+00  0.4000E+01
 -61.267  0.0000E+00  0.4000E+01
 -61.262  0.0000E+00  0.4000E+01
 -61.257  0.0000E+00  0.4000E+01
 -61.252  0.0000E+00  0.4000E+01
 -61.247  0.0000E+00  0.4000E+01
 -61.242  0.0000E+00  0.4000E+01
 -61.237  0.0000E+00  0.4000E+01
 -61.232  0.0000E+00  0.4000E+01
 -61.227  0.0000E+00  0.4000E+01
 -61.222  0.0000E+00  0.4000E+01
 -61.217  0.0000E+00  0.4000E+01
 -61.212  0.0000E+00  0.4000E+01
 -61.207  0.0000E+00  0.4000E+01
 -61.202  0.0000E+00  0.4000E+01
 -61.197  0.0000E+00  0.4000E+01
 -61.192  0.0000E+00  0.4000E+01
 -61.187  0.0000E+00  0.4000E+01
 -61.182  0.0000E+00  0.4000E+01
 -61.177  0.0000E+00  0.4000E+01
 -61.172  0.0000E+00  0.4000E+01
 -61.167  0.0000E+00  0.4000E+01
 -61.162  0.0000E+00  0.4000E+01
 -61.157  0.0000E+00  0.4000E+01
 -61.152  0.0000E+00  0.4000E+01
 -61.147  0.0000E+00  0.4000E+01
 -61.142  0.0000E+00  0.4000E+01
 -61.137  0.0000E+00  0.4000E+01
 -61.132  0.0000E+00  0.4000E+01
 -61.127  0.0000E+00  0.4000E+01
 -61.122  0.0000E+00  0.4000E+01
 -61.117  0.0000E+00  0.4000E+01
 -61.112  0.0000E+00  0.4000E+01
 -61.107  0.0000E+00  0.4000E+01
 -61.102  0.0000E+00  0.4000E+01
 -61.097  0.0000E+00  0.4000E+01
 -61.092  0.0000E+00  0.4000E+01
 -61.087  0.0000E+00  0.4000E+01
 -61.082  0.0000E+00  0.4000E+01
 -61.077  0.0000E+00  0.4000E+01
 -61.072  0.0000E+00  0.4000E+01
 -61.067  0.0000E+00  0.4000E+01
 -61.062  0.0000E+00  0.4000E+01
 -61.057  0.0000E+00  0.4000E+01
 -61.052  0.0000E+00  0.4000E+01
 -61.047  0.0000E+00  0.4000E+01
 -61.042  0.0000E+00  0.4000E+01
 -61.037  0.0000E+00  0.4000E+01
 -61.032  0.0000E+00  0.4000E+01
 -61.027  0.0000E+00  0.4000E+01
 -61.022  0.0000E+00  0.4000E+01
 -61.017  0.0000E+00  0.4000E+01
 -61.012  0.0000E+00  0.4000E+01
 -61.007  0.0000E+00  0.4000E+01
 -61.002  0.0000E+00  0.4000E+01
 -60.997  0.0000E+00  0.4000E+01
 -60.992  0.0000E+00  0.4000E+01
 -60.987  0.0000E+00  0.4000E+01
 -60.982  0.0000E+00  0.4000E+01
 -60.977  0.0000E+00  0.4000E+01
 -60.972  0.0000E+00  0.4000E+01
 -60.967  0.0000E+00  0.4000E+01
 -60.962  0.0000E+00  0.4000E+01
 -60.957  0.0000E+00  0.4000E+01
 -60.952  0.0000E+00  0.4000E+01
 -60.947  0.0000E+00  0.4000E+01
 -60.942  0.0000E+00  0.4000E+01
 -60.937  0.0000E+00  0.4000E+01
 -60.932  0.0000E+00  0.4000E+01
 -60.927  0.0000E+00  0.4000E+01
 -60.922  0.0000E+00  0.4000E+01
 -60.917  0.0000E+00  0.4000E+01
 -60.912  0.0000E+00  0.4000E+01
 -60.907  0.0000E+00  0.4000E+01
 -60.902  0.0000E+00  0.4000E+01
 -60.897  0.0000E+00  0.4000E+01
 -60.892  0.0000E+00  0.4000E+01
 -60.887  0.0000E+00  0.4000E+01
 -60.882  0.0000E+00  0.4000E+01
 -60.877  0.0000E+00  0.4000E+01
 -60.872  0.0000E+00  0.4000E+01
 -60.867  0.0000E+00  0.4000E+01
 -60.862  0.0000E+00  0.4000E+01
 -60.857  0.0000E+00  0.4000E+01
 -60.852  0.0000E+00  0.4000E+01
 -60.847  0.0000E+00  0.4000E+01
 -60.842  0.0000E+00  0.4000E+01
 -60.837  0.0000E+00  0.4000E+01
 -60.832  0.0000E+00  0.4000E+01
 -60.827  0.0000E+00  0.4000E+01
 -60.822  0.0000E+00  0.4000E+01
 -60.817  0.0000E+00  0.4000E+01
 -60.812  0.0000E+00  0.4000E+01
 -60.807  0.0000E+00  0.4000E+01
 -60.802  0.0000E+00  0.4000E+01
 -60.797  0.0000E+00  0.4000E+01
 -60.792  0.0000E+00  0.4000E+01
 -60.787  0.0000E+00  0.4000E+01
 -60.782  0.0000E+00  0.4000E+01
 -60.777  0.0000E+00  0.4000E+01
 -60.772  0.0000E+00  0.4000E+01
 -60.767  0.0000E+00  0.4000E+01
 -60.762  0.0000E+00  0.4000E+01
 -60.757  0.0000E+00  0.4000E+01
 -60.752  0.0000E+00  0.4000E+01
 -60.747  0.0000E+00  0.4000E+01
 -60.742  0.0000E+00  0.4000E+01
 -60.737  0.0000E+00  0.4000E+01
 -60.732  0.0000E+00  0.4000E+01
 -60.727  0.0000E+00  0.4000E+01
 -60.722  0.0000E+00  0.4000E+01
 -60.717  0.0000E+00  0.4000E+01
 -60.712  0.0000E+00  0.4000E+01
 -60.707  0.0000E+00  0.4000E+01
 -60.702  0.0000E+00  0.4000E+01
 -60.697  0.0000E+00  0.4000E+01
 -60.692  0.0000E+00  0.4000E+01
 -60.687  0.0000E+00  0.4000E+01
 -60.682  0.0000E+00  0.4000E+01
 -60.677  0.0000E+00  0.4000E+01
 -60.672  0.0000E+00  0.4000E+01
 -60.667  0.0000E+00  0.4000E+01
 -60.662  0.0000E+00  0.4000E+01
 -60.657  0.0000E+00  0.4000E+01
 -60.652  0.0000E+00  0.4000E+01
 -60.647  0.0000E+00  0.4000E+01
 -60.642  0.0000E+00  0.4000E+01
 -60.637  0.0000E+00  0.4000E+01
 -60.632  0.0000E+00  0.4000E+01
 -60.627  0.0000E+00  0.4000E+01
 -60.622  0.0000E+00  0.4000E+01
 -60.617  0.0000E+00  0.4000E+01
 -60.612  0.0000E+00  0.4000E+01
 -60.607  0.0000E+00  0.4000E+01
 -60.602  0.0000E+00  0.4000E+01
 -60.597  0.0000E+00  0.4000E+01
 -60.592  0.0000E+00  0.4000E+01
 -60.587  0.0000E+00  0.4000E+01
 -60.582  0.0000E+00  0.4000E+01
 -60.577  0.0000E+00  0.4000E+01
 -60.572  0.0000E+00  0.4000E+01
 -60.567  0.0000E+00  0.4000E+01
 -60.562  0.0000E+00  0.4000E+01
 -60.557  0.0000E+00  0.4000E+01
 -60.552  0.0000E+00  0.4000E+01
 -60.547  0.0000E+00  0.4000E+01
 -60.542  0.0000E+00  0.4000E+01
 -60.537  0.0000E+00  0.4000E+01
 -60.532  0.0000E+00  0.4000E+01
 -60.527  0.0000E+00  0.4000E+01
 -60.522  0.0000E+00  0.4000E+01
 -60.517  0.0000E+00  0.4000E+01
 -60.512  0.0000E+00  0.4000E+01
 -60.507  0.0000E+00  0.4000E+01
 -60.502  0.0000E+00  0.4000E+01
 -60.497  0.0000E+00  0.4000E+01
 -60.492  0.0000E+00  0.4000E+01
 -60.487  0.0000E+00  0.4000E+01
 -60.482  0.0000E+00  0.4000E+01
 -60.477  0.0000E+00  0.4000E+01
 -60.472  0.0000E+00  0.4000E+01
 -60.467  0.0000E+00  0.4000E+01
 -60.462  0.0000E+00  0.4000E+01
 -60.457  0.0000E+00  0.4000E+01
 -60.452  0.0000E+00  0.4000E+01
 -60.447  0.0000E+00  0.4000E+01
 -60.442  0.0000E+00  0.4000E+01
 -60.437  0.0000E+00  0.4000E+01
 -60.432  0.0000E+00  0.4000E+01
 -60.427  0.0000E+00  0.4000E+01
 -60.422  0.0000E+00  0.4000E+01
 -60.417  0.0000E+00  0.4000E+01
 -60.412  0.0000E+00  0.4000E+01
 -60.407  0.0000E+00  0.4000E+01
 -60.402  0.0000E+00  0.4000E+01
 -60.397  0.0000E+00  0.4000E+01
 -60.392  0.0000E+00  0.4000E+01
 -60.387  0.0000E+00  0.4000E+01
 -60.382  0.0000E+00  0.4000E+01
 -60.377  0.0000E+00  0.4000E+01
 -60.372  0.0000E+00  0.4000E+01
 -60.367  0.0000E+00  0.4000E+01
 -60.362  0.0000E+00  0.4000E+01
 -60.357  0.0000E+00  0.4000E+01
 -60.352  0.0000E+00  0.4000E+01
 -60.347  0.0000E+00  0.4000E+01
 -60.342  0.0000E+00  0.4000E+01
 -60.337  0.0000E+00  0.4000E+01
 -60.332  0.0000E+00  0.4000E+01
 -60.327  0.0000E+00  0.4000E+01
 -60.322  0.0000E+00  0.4000E+01
 -60.317  0.0000E+00  0.4000E+01
 -60.312  0.0000E+00  0.4000E+01
 -60.307  0.0000E+00  0.4000E+01
 -60.302  0.0000E+00  0.4000E+01
 -60.297  0.0000E+00  0.4000E+01
 -60.292  0.0000E+00  0.4000E+01
 -60.287  0.0000E+00  0.4000E+01
 -60.282  0.0000E+00  0.4000E+01
 -60.277  0.0000E+00  0.4000E+01
 -60.272  0.0000E+00  0.4000E+01
 -60.267  0.0000E+00  0.4000E+01
 -60.262  0.0000E+00  0.4000E+01
 -60.257  0.0000E+00  0.4000E+01
 -60.252  0.0000E+00  0.4000E+01
 -60.247  0.0000E+00  0.4000E+01
 -60.242  0.0000E+00  0.4000E+01
 -60.237  0.0000E+00  0.4000E+01
 -60.232  0.0000E+00  0.4000E+01
 -60.227  0.0000E+00  0.4000E+01
 -60.222  0.0000E+00  0.4000E+01
 -60.217  0.0000E+00  0.4000E+01
 -60.212  0.0000E+00  0.4000E+01
 -60.207  0.0000E+00  0.4000E+01
 -60.202  0.0000E+00  0.4000E+01
 -60.197  0.0000E+00  0.4000E+01
 -60.192  0.0000E+00  0.4000E+01
 -60.187  0.0000E+00  0.4000E+01
 -60.182  0.0000E+00  0.4000E+01
 -60.177  0.0000E+00  0.4000E+01
 -60.172  0.0000E+00  0.4000E+01
 -60.167  0.0000E+00  0.4000E+01
 -60.162  0.0000E+00  0.4000E+01
 -60.157  0.0000E+00  0.4000E+01
 -60.152  0.0000E+00  0.4000E+01
 -60.147  0.0000E+00  0.4000E+01
 -60.142  0.0000E+00  0.4000E+01
 -60.137  0.0000E+00  0.4000E+01
 -60.132  0.0000E+00  0.4000E+01
 -60.127  0.0000E+00  0.4000E+01
 -60.122  0.0000E+00  0.4000E+01
 -60.117  0.0000E+00  0.4000E+01
 -60.112  0.0000E+00  0.4000E+01
 -60.107  0.0000E+00  0.4000E+01
 -60.102  0.0000E+00  0.4000E+01
 -60.097  0.0000E+00  0.4000E+01
 -60.092  0.0000E+00  0.4000E+01
 -60.087  0.0000E+00  0.4000E+01
 -60.082  0.0000E+00  0.4000E+01
 -60.077  0.0000E+00  0.4000E+01
 -60.072  0.0000E+00  0.4000E+01
 -60.067  0.0000E+00  0.4000E+01
 -60.062  0.0000E+00  0.4000E+01
 -60.057  0.0000E+00  0.4000E+01
 -60.052  0.0000E+00  0.4000E+01
 -60.047  0.0000E+00  0.4000E+01
 -60.042  0.0000E+00  0.4000E+01
 -60.037  0.0000E+00  0.4000E+01
 -60.032  0.0000E+00  0.4000E+01
 -60.027  0.0000E+00  0.4000E+01
 -60.022  0.0000E+00  0.4000E+01
 -60.017  0.0000E+00  0.4000E+01
 -60.012  0.0000E+00  0.4000E+01
 -60.007  0.0000E+00  0.4000E+01
 -60.002  0.0000E+00  0.4000E+01
 -59.997  0.0000E+00  0.4000E+01
 -59.992  0.0000E+00  0.4000E+01
 -59.987  0.0000E+00  0.4000E+01
 -59.982  0.0000E+00  0.4000E+01
 -59.977  0.0000E+00  0.4000E+01
 -59.972  0.0000E+00  0.4000E+01
 -59.967  0.0000E+00  0.4000E+01
 -59.962  0.0000E+00  0.4000E+01
 -59.957  0.0000E+00  0.4000E+01
 -59.952  0.0000E+00  0.4000E+01
 -59.947  0.0000E+00  0.4000E+01
 -59.942  0.0000E+00  0.4000E+01
 -59.937  0.0000E+00  0.4000E+01
 -59.932  0.0000E+00  0.4000E+01
 -59.927  0.0000E+00  0.4000E+01
 -59.922  0.0000E+00  0.4000E+01
 -59.917  0.0000E+00  0.4000E+01
 -59.912  0.0000E+00  0.4000E+01
 -59.907  0.0000E+00  0.4000E+01
 -59.902  0.0000E+00  0.4000E+01
 -59.897  0.0000E+00  0.4000E+01
 -59.892  0.0000E+00  0.4000E+01
 -59.887  0.0000E+00  0.4000E+01
 -59.882  0.0000E+00  0.4000E+01
 -59.877  0.0000E+00  0.4000E+01
 -59.872  0.0000E+00  0.4000E+01
 -59.867  0.0000E+00  0.4000E+01
 -59.862  0.0000E+00  0.4000E+01
 -59.857  0.0000E+00  0.4000E+01
 -59.852  0.0000E+00  0.4000E+01
 -59.847  0.0000E+00  0.4000E+01
 -59.842  0.0000E+00  0.4000E+01
 -59.837  0.0000E+00  0.4000E+01
 -59.832  0.0000E+00  0.4000E+01
 -59.827  0.0000E+00  0.4000E+01
 -59.822  0.0000E+00  0.4000E+01
 -59.817  0.0000E+00  0.4000E+01
 -59.812  0.0000E+00  0.4000E+01
 -59.807  0.0000E+00  0.4000E+01
 -59.802  0.0000E+00  0.4000E+01
 -59.797  0.0000E+00  0.4000E+01
 -59.792  0.0000E+00  0.4000E+01
 -59.787  0.0000E+00  0.4000E+01
 -59.782  0.0000E+00  0.4000E+01
 -59.777  0.0000E+00  0.4000E+01
 -59.772  0.0000E+00  0.4000E+01
 -59.767  0.0000E+00  0.4000E+01
 -59.762  0.0000E+00  0.4000E+01
 -59.757  0.0000E+00  0.4000E+01
 -59.752  0.0000E+00  0.4000E+01
 -59.747  0.0000E+00  0.4000E+01
 -59.742  0.0000E+00  0.4000E+01
 -59.737  0.0000E+00  0.4000E+01
 -59.732  0.0000E+00  0.4000E+01
 -59.727  0.0000E+00  0.4000E+01
 -59.722  0.0000E+00  0.4000E+01
 -59.717  0.0000E+00  0.4000E+01
 -59.712  0.0000E+00  0.4000E+01
 -59.707  0.0000E+00  0.4000E+01
 -59.702  0.0000E+00  0.4000E+01
 -59.697  0.0000E+00  0.4000E+01
 -59.692  0.0000E+00  0.4000E+01
 -59.687  0.0000E+00  0.4000E+01
 -59.682  0.0000E+00  0.4000E+01
 -59.677  0.0000E+00  0.4000E+01
 -59.672  0.0000E+00  0.4000E+01
 -59.667  0.0000E+00  0.4000E+01
 -59.662  0.0000E+00  0.4000E+01
 -59.657  0.0000E+00  0.4000E+01
 -59.652  0.0000E+00  0.4000E+01
 -59.647  0.0000E+00  0.4000E+01
 -59.642  0.0000E+00  0.4000E+01
 -59.637  0.0000E+00  0.4000E+01
 -59.632  0.0000E+00  0.4000E+01
 -59.627  0.0000E+00  0.4000E+01
 -59.622  0.0000E+00  0.4000E+01
 -59.617  0.0000E+00  0.4000E+01
 -59.612  0.0000E+00  0.4000E+01
 -59.607  0.0000E+00  0.4000E+01
 -59.602  0.0000E+00  0.4000E+01
 -59.597  0.0000E+00  0.4000E+01
 -59.592  0.0000E+00  0.4000E+01
 -59.587  0.0000E+00  0.4000E+01
 -59.582  0.0000E+00  0.4000E+01
 -59.577  0.0000E+00  0.4000E+01
 -59.572  0.0000E+00  0.4000E+01
 -59.567  0.0000E+00  0.4000E+01
 -59.562  0.0000E+00  0.4000E+01
 -59.557  0.0000E+00  0.4000E+01
 -59.552  0.0000E+00  0.4000E+01
 -59.547  0.0000E+00  0.4000E+01
 -59.542  0.0000E+00  0.4000E+01
 -59.537  0.0000E+00  0.4000E+01
 -59.532  0.0000E+00  0.4000E+01
 -59.527  0.0000E+00  0.4000E+01
 -59.522  0.0000E+00  0.4000E+01
 -59.517  0.0000E+00  0.4000E+01
 -59.512  0.0000E+00  0.4000E+01
 -59.507  0.0000E+00  0.4000E+01
 -59.502  0.0000E+00  0.4000E+01
 -59.497  0.0000E+00  0.4000E+01
 -59.492  0.0000E+00  0.4000E+01
 -59.487  0.0000E+00  0.4000E+01
 -59.482  0.0000E+00  0.4000E+01
 -59.477  0.0000E+00  0.4000E+01
 -59.472  0.0000E+00  0.4000E+01
 -59.467  0.0000E+00  0.4000E+01
 -59.462  0.0000E+00  0.4000E+01
 -59.457  0.0000E+00  0.4000E+01
 -59.452  0.0000E+00  0.4000E+01
 -59.447  0.0000E+00  0.4000E+01
 -59.442  0.0000E+00  0.4000E+01
 -59.437  0.0000E+00  0.4000E+01
 -59.432  0.0000E+00  0.4000E+01
 -59.427  0.0000E+00  0.4000E+01
 -59.422  0.0000E+00  0.4000E+01
 -59.417  0.0000E+00  0.4000E+01
 -59.412  0.0000E+00  0.4000E+01
 -59.407  0.0000E+00  0.4000E+01
 -59.402  0.0000E+00  0.4000E+01
 -59.397  0.0000E+00  0.4000E+01
 -59.392  0.0000E+00  0.4000E+01
 -59.387  0.0000E+00  0.4000E+01
 -59.382  0.0000E+00  0.4000E+01
 -59.377  0.0000E+00  0.4000E+01
 -59.372  0.0000E+00  0.4000E+01
 -59.367  0.0000E+00  0.4000E+01
 -59.362  0.0000E+00  0.4000E+01
 -59.357  0.0000E+00  0.4000E+01
 -59.352  0.0000E+00  0.4000E+01
 -59.347  0.0000E+00  0.4000E+01
 -59.342  0.0000E+00  0.4000E+01
 -59.337  0.0000E+00  0.4000E+01
 -59.332  0.0000E+00  0.4000E+01
 -59.327  0.0000E+00  0.4000E+01
 -59.322  0.0000E+00  0.4000E+01
 -59.317  0.0000E+00  0.4000E+01
 -59.312  0.0000E+00  0.4000E+01
 -59.307  0.0000E+00  0.4000E+01
 -59.302  0.0000E+00  0.4000E+01
 -59.297  0.0000E+00  0.4000E+01
 -59.292  0.0000E+00  0.4000E+01
 -59.287  0.0000E+00  0.4000E+01
 -59.282  0.0000E+00  0.4000E+01
 -59.277  0.0000E+00  0.4000E+01
 -59.272  0.0000E+00  0.4000E+01
 -59.267  0.0000E+00  0.4000E+01
 -59.262  0.0000E+00  0.4000E+01
 -59.257  0.0000E+00  0.4000E+01
 -59.252  0.0000E+00  0.4000E+01
 -59.247  0.0000E+00  0.4000E+01
 -59.242  0.0000E+00  0.4000E+01
 -59.237  0.0000E+00  0.4000E+01
 -59.232  0.0000E+00  0.4000E+01
 -59.227  0.0000E+00  0.4000E+01
 -59.222  0.0000E+00  0.4000E+01
 -59.217  0.0000E+00  0.4000E+01
 -59.212  0.0000E+00  0.4000E+01
 -59.207  0.0000E+00  0.4000E+01
 -59.202  0.0000E+00  0.4000E+01
 -59.197  0.0000E+00  0.4000E+01
 -59.192  0.0000E+00  0.4000E+01
 -59.187  0.0000E+00  0.4000E+01
 -59.182  0.0000E+00  0.4000E+01
 -59.177  0.0000E+00  0.4000E+01
 -59.172  0.0000E+00  0.4000E+01
 -59.167  0.0000E+00  0.4000E+01
 -59.162  0.0000E+00  0.4000E+01
 -59.157  0.0000E+00  0.4000E+01
 -59.152  0.0000E+00  0.4000E+01
 -59.147  0.0000E+00  0.4000E+01
 -59.142  0.0000E+00  0.4000E+01
 -59.137  0.0000E+00  0.4000E+01
 -59.132  0.0000E+00  0.4000E+01
 -59.127  0.0000E+00  0.4000E+01
 -59.122  0.0000E+00  0.4000E+01
 -59.117  0.0000E+00  0.4000E+01
 -59.112  0.0000E+00  0.4000E+01
 -59.107  0.0000E+00  0.4000E+01
 -59.102  0.0000E+00  0.4000E+01
 -59.097  0.0000E+00  0.4000E+01
 -59.092  0.0000E+00  0.4000E+01
 -59.087  0.0000E+00  0.4000E+01
 -59.082  0.0000E+00  0.4000E+01
 -59.077  0.0000E+00  0.4000E+01
 -59.072  0.0000E+00  0.4000E+01
 -59.067  0.0000E+00  0.4000E+01
 -59.062  0.0000E+00  0.4000E+01
 -59.057  0.0000E+00  0.4000E+01
 -59.052  0.0000E+00  0.4000E+01
 -59.047  0.0000E+00  0.4000E+01
 -59.042  0.0000E+00  0.4000E+01
 -59.037  0.0000E+00  0.4000E+01
 -59.032  0.0000E+00  0.4000E+01
 -59.027  0.0000E+00  0.4000E+01
 -59.022  0.0000E+00  0.4000E+01
 -59.017  0.0000E+00  0.4000E+01
 -59.012  0.0000E+00  0.4000E+01
 -59.007  0.0000E+00  0.4000E+01
 -59.002  0.0000E+00  0.4000E+01
 -58.997  0.0000E+00  0.4000E+01
 -58.992  0.0000E+00  0.4000E+01
 -58.987  0.0000E+00  0.4000E+01
 -58.982  0.0000E+00  0.4000E+01
 -58.977  0.0000E+00  0.4000E+01
 -58.972  0.0000E+00  0.4000E+01
 -58.967  0.0000E+00  0.4000E+01
 -58.962  0.0000E+00  0.4000E+01
 -58.957  0.0000E+00  0.4000E+01
 -58.952  0.0000E+00  0.4000E+01
 -58.947  0.0000E+00  0.4000E+01
 -58.942  0.0000E+00  0.4000E+01
 -58.937  0.0000E+00  0.4000E+01
 -58.932  0.0000E+00  0.4000E+01
 -58.927  0.0000E+00  0.4000E+01
 -58.922  0.0000E+00  0.4000E+01
 -58.917  0.0000E+00  0.4000E+01
 -58.912  0.0000E+00  0.4000E+01
 -58.907  0.0000E+00  0.4000E+01
 -58.902  0.0000E+00  0.4000E+01
 -58.897  0.0000E+00  0.4000E+01
 -58.892  0.0000E+00  0.4000E+01
 -58.887  0.0000E+00  0.4000E+01
 -58.882  0.0000E+00  0.4000E+01
 -58.877  0.0000E+00  0.4000E+01
 -58.872  0.0000E+00  0.4000E+01
 -58.867  0.0000E+00  0.4000E+01
 -58.862  0.0000E+00  0.4000E+01
 -58.857  0.0000E+00  0.4000E+01
 -58.852  0.0000E+00  0.4000E+01
 -58.847  0.0000E+00  0.4000E+01
 -58.842  0.0000E+00  0.4000E+01
 -58.837  0.0000E+00  0.4000E+01
 -58.832  0.0000E+00  0.4000E+01
 -58.827  0.0000E+00  0.4000E+01
 -58.822  0.0000E+00  0.4000E+01
 -58.817  0.0000E+00  0.4000E+01
 -58.812  0.0000E+00  0.4000E+01
 -58.807  0.0000E+00  0.4000E+01
 -58.802  0.0000E+00  0.4000E+01
 -58.797  0.0000E+00  0.4000E+01
 -58.792  0.0000E+00  0.4000E+01
 -58.787  0.0000E+00  0.4000E+01
 -58.782  0.0000E+00  0.4000E+01
 -58.777  0.0000E+00  0.4000E+01
 -58.772  0.0000E+00  0.4000E+01
 -58.767  0.0000E+00  0.4000E+01
 -58.762  0.0000E+00  0.4000E+01
 -58.757  0.0000E+00  0.4000E+01
 -58.752  0.0000E+00  0.4000E+01
 -58.747  0.0000E+00  0.4000E+01
 -58.742  0.0000E+00  0.4000E+01
 -58.737  0.0000E+00  0.4000E+01
 -58.732  0.0000E+00  0.4000E+01
 -58.727  0.0000E+00  0.4000E+01
 -58.722  0.0000E+00  0.4000E+01
 -58.717  0.0000E+00  0.4000E+01
 -58.712  0.0000E+00  0.4000E+01
 -58.707  0.0000E+00  0.4000E+01
 -58.702  0.0000E+00  0.4000E+01
 -58.697  0.0000E+00  0.4000E+01
 -58.692  0.0000E+00  0.4000E+01
 -58.687  0.0000E+00  0.4000E+01
 -58.682  0.0000E+00  0.4000E+01
 -58.677  0.0000E+00  0.4000E+01
 -58.672  0.0000E+00  0.4000E+01
 -58.667  0.0000E+00  0.4000E+01
 -58.662  0.0000E+00  0.4000E+01
 -58.657  0.0000E+00  0.4000E+01
 -58.652  0.0000E+00  0.4000E+01
 -58.647  0.0000E+00  0.4000E+01
 -58.642  0.0000E+00  0.4000E+01
 -58.637  0.0000E+00  0.4000E+01
 -58.632  0.0000E+00  0.4000E+01
 -58.627  0.0000E+00  0.4000E+01
 -58.622  0.0000E+00  0.4000E+01
 -58.617  0.0000E+00  0.4000E+01
 -58.612  0.0000E+00  0.4000E+01
 -58.607  0.0000E+00  0.4000E+01
 -58.602  0.0000E+00  0.4000E+01
 -58.597  0.0000E+00  0.4000E+01
 -58.592  0.0000E+00  0.4000E+01
 -58.587  0.0000E+00  0.4000E+01
 -58.582  0.0000E+00  0.4000E+01
 -58.577  0.0000E+00  0.4000E+01
 -58.572  0.0000E+00  0.4000E+01
 -58.567  0.0000E+00  0.4000E+01
 -58.562  0.0000E+00  0.4000E+01
 -58.557  0.0000E+00  0.4000E+01
 -58.552  0.0000E+00  0.4000E+01
 -58.547  0.0000E+00  0.4000E+01
 -58.542  0.0000E+00  0.4000E+01
 -58.537  0.0000E+00  0.4000E+01
 -58.532  0.0000E+00  0.4000E+01
 -58.527  0.0000E+00  0.4000E+01
 -58.522  0.0000E+00  0.4000E+01
 -58.517  0.0000E+00  0.4000E+01
 -58.512  0.0000E+00  0.4000E+01
 -58.507  0.0000E+00  0.4000E+01
 -58.502  0.0000E+00  0.4000E+01
 -58.497  0.0000E+00  0.4000E+01
 -58.492  0.0000E+00  0.4000E+01
 -58.487  0.0000E+00  0.4000E+01
 -58.482  0.0000E+00  0.4000E+01
 -58.477  0.0000E+00  0.4000E+01
 -58.472  0.0000E+00  0.4000E+01
 -58.467  0.0000E+00  0.4000E+01
 -58.462  0.0000E+00  0.4000E+01
 -58.457  0.0000E+00  0.4000E+01
 -58.452  0.0000E+00  0.4000E+01
 -58.447  0.0000E+00  0.4000E+01
 -58.442  0.0000E+00  0.4000E+01
 -58.437  0.0000E+00  0.4000E+01
 -58.432  0.0000E+00  0.4000E+01
 -58.427  0.0000E+00  0.4000E+01
 -58.422  0.0000E+00  0.4000E+01
 -58.417  0.0000E+00  0.4000E+01
 -58.412  0.0000E+00  0.4000E+01
 -58.407  0.0000E+00  0.4000E+01
 -58.402  0.0000E+00  0.4000E+01
 -58.397  0.0000E+00  0.4000E+01
 -58.392  0.0000E+00  0.4000E+01
 -58.387  0.0000E+00  0.4000E+01
 -58.382  0.0000E+00  0.4000E+01
 -58.377  0.0000E+00  0.4000E+01
 -58.372  0.0000E+00  0.4000E+01
 -58.367  0.0000E+00  0.4000E+01
 -58.362  0.0000E+00  0.4000E+01
 -58.357  0.0000E+00  0.4000E+01
 -58.352  0.0000E+00  0.4000E+01
 -58.347  0.0000E+00  0.4000E+01
 -58.342  0.0000E+00  0.4000E+01
 -58.337  0.0000E+00  0.4000E+01
 -58.332  0.0000E+00  0.4000E+01
 -58.327  0.0000E+00  0.4000E+01
 -58.322  0.0000E+00  0.4000E+01
 -58.317  0.0000E+00  0.4000E+01
 -58.312  0.0000E+00  0.4000E+01
 -58.307  0.0000E+00  0.4000E+01
 -58.302  0.0000E+00  0.4000E+01
 -58.297  0.0000E+00  0.4000E+01
 -58.292  0.0000E+00  0.4000E+01
 -58.287  0.0000E+00  0.4000E+01
 -58.282  0.0000E+00  0.4000E+01
 -58.277  0.0000E+00  0.4000E+01
 -58.272  0.0000E+00  0.4000E+01
 -58.267  0.0000E+00  0.4000E+01
 -58.262  0.0000E+00  0.4000E+01
 -58.257  0.0000E+00  0.4000E+01
 -58.252  0.0000E+00  0.4000E+01
 -58.247  0.0000E+00  0.4000E+01
 -58.242  0.0000E+00  0.4000E+01
 -58.237  0.0000E+00  0.4000E+01
 -58.232  0.0000E+00  0.4000E+01
 -58.227  0.0000E+00  0.4000E+01
 -58.222  0.0000E+00  0.4000E+01
 -58.217  0.0000E+00  0.4000E+01
 -58.212  0.0000E+00  0.4000E+01
 -58.207  0.0000E+00  0.4000E+01
 -58.202  0.0000E+00  0.4000E+01
 -58.197  0.0000E+00  0.4000E+01
 -58.192  0.0000E+00  0.4000E+01
 -58.187  0.0000E+00  0.4000E+01
 -58.182  0.0000E+00  0.4000E+01
 -58.177  0.0000E+00  0.4000E+01
 -58.172  0.0000E+00  0.4000E+01
 -58.167  0.0000E+00  0.4000E+01
 -58.162  0.0000E+00  0.4000E+01
 -58.157  0.0000E+00  0.4000E+01
 -58.152  0.0000E+00  0.4000E+01
 -58.147  0.0000E+00  0.4000E+01
 -58.142  0.0000E+00  0.4000E+01
 -58.137  0.0000E+00  0.4000E+01
 -58.132  0.0000E+00  0.4000E+01
 -58.127  0.0000E+00  0.4000E+01
 -58.122  0.0000E+00  0.4000E+01
 -58.117  0.0000E+00  0.4000E+01
 -58.112  0.0000E+00  0.4000E+01
 -58.107  0.0000E+00  0.4000E+01
 -58.102  0.0000E+00  0.4000E+01
 -58.097  0.0000E+00  0.4000E+01
 -58.092  0.0000E+00  0.4000E+01
 -58.087  0.0000E+00  0.4000E+01
 -58.082  0.0000E+00  0.4000E+01
 -58.077  0.0000E+00  0.4000E+01
 -58.072  0.0000E+00  0.4000E+01
 -58.067  0.0000E+00  0.4000E+01
 -58.062  0.0000E+00  0.4000E+01
 -58.057  0.0000E+00  0.4000E+01
 -58.052  0.0000E+00  0.4000E+01
 -58.047  0.0000E+00  0.4000E+01
 -58.042  0.0000E+00  0.4000E+01
 -58.037  0.0000E+00  0.4000E+01
 -58.032  0.0000E+00  0.4000E+01
 -58.027  0.0000E+00  0.4000E+01
 -58.022  0.0000E+00  0.4000E+01
 -58.017  0.0000E+00  0.4000E+01
 -58.012  0.0000E+00  0.4000E+01
 -58.007  0.0000E+00  0.4000E+01
 -58.002  0.0000E+00  0.4000E+01
 -57.997  0.0000E+00  0.4000E+01
 -57.992  0.0000E+00  0.4000E+01
 -57.987  0.0000E+00  0.4000E+01
 -57.982  0.0000E+00  0.4000E+01
 -57.977  0.0000E+00  0.4000E+01
 -57.972  0.0000E+00  0.4000E+01
 -57.967  0.0000E+00  0.4000E+01
 -57.962  0.0000E+00  0.4000E+01
 -57.957  0.0000E+00  0.4000E+01
 -57.952  0.0000E+00  0.4000E+01
 -57.947  0.0000E+00  0.4000E+01
 -57.942  0.0000E+00  0.4000E+01
 -57.937  0.0000E+00  0.4000E+01
 -57.932  0.0000E+00  0.4000E+01
 -57.927  0.0000E+00  0.4000E+01
 -57.922  0.0000E+00  0.4000E+01
 -57.917  0.0000E+00  0.4000E+01
 -57.912  0.0000E+00  0.4000E+01
 -57.907  0.0000E+00  0.4000E+01
 -57.902  0.0000E+00  0.4000E+01
 -57.897  0.0000E+00  0.4000E+01
 -57.892  0.0000E+00  0.4000E+01
 -57.887  0.0000E+00  0.4000E+01
 -57.882  0.0000E+00  0.4000E+01
 -57.877  0.0000E+00  0.4000E+01
 -57.872  0.0000E+00  0.4000E+01
 -57.867  0.0000E+00  0.4000E+01
 -57.862  0.0000E+00  0.4000E+01
 -57.857  0.0000E+00  0.4000E+01
 -57.852  0.0000E+00  0.4000E+01
 -57.847  0.0000E+00  0.4000E+01
 -57.842  0.0000E+00  0.4000E+01
 -57.837  0.0000E+00  0.4000E+01
 -57.832  0.0000E+00  0.4000E+01
 -57.827  0.0000E+00  0.4000E+01
 -57.822  0.0000E+00  0.4000E+01
 -57.817  0.0000E+00  0.4000E+01
 -57.812  0.0000E+00  0.4000E+01
 -57.807  0.0000E+00  0.4000E+01
 -57.802  0.0000E+00  0.4000E+01
 -57.797  0.0000E+00  0.4000E+01
 -57.792  0.0000E+00  0.4000E+01
 -57.787  0.0000E+00  0.4000E+01
 -57.782  0.0000E+00  0.4000E+01
 -57.777  0.0000E+00  0.4000E+01
 -57.772  0.0000E+00  0.4000E+01
 -57.767  0.0000E+00  0.4000E+01
 -57.762  0.0000E+00  0.4000E+01
 -57.757  0.0000E+00  0.4000E+01
 -57.752  0.0000E+00  0.4000E+01
 -57.747  0.0000E+00  0.4000E+01
 -57.742  0.0000E+00  0.4000E+01
 -57.737  0.0000E+00  0.4000E+01
 -57.732  0.0000E+00  0.4000E+01
 -57.727  0.0000E+00  0.4000E+01
 -57.722  0.0000E+00  0.4000E+01
 -57.717  0.0000E+00  0.4000E+01
 -57.712  0.0000E+00  0.4000E+01
 -57.707  0.0000E+00  0.4000E+01
 -57.702  0.0000E+00  0.4000E+01
 -57.697  0.0000E+00  0.4000E+01
 -57.692  0.0000E+00  0.4000E+01
 -57.687  0.0000E+00  0.4000E+01
 -57.682  0.0000E+00  0.4000E+01
 -57.677  0.0000E+00  0.4000E+01
 -57.672  0.0000E+00  0.4000E+01
 -57.667  0.0000E+00  0.4000E+01
 -57.662  0.0000E+00  0.4000E+01
 -57.657  0.0000E+00  0.4000E+01
 -57.652  0.0000E+00  0.4000E+01
 -57.647  0.0000E+00  0.4000E+01
 -57.642  0.0000E+00  0.4000E+01
 -57.637  0.0000E+00  0.4000E+01
 -57.632  0.0000E+00  0.4000E+01
 -57.627  0.0000E+00  0.4000E+01
 -57.622  0.0000E+00  0.4000E+01
 -57.617  0.0000E+00  0.4000E+01
 -57.612  0.0000E+00  0.4000E+01
 -57.607  0.0000E+00  0.4000E+01
 -57.602  0.0000E+00  0.4000E+01
 -57.597  0.0000E+00  0.4000E+01
 -57.592  0.0000E+00  0.4000E+01
 -57.587  0.0000E+00  0.4000E+01
 -57.582  0.0000E+00  0.4000E+01
 -57.577  0.0000E+00  0.4000E+01
 -57.572  0.0000E+00  0.4000E+01
 -57.567  0.0000E+00  0.4000E+01
 -57.562  0.0000E+00  0.4000E+01
 -57.557  0.0000E+00  0.4000E+01
 -57.552  0.0000E+00  0.4000E+01
 -57.547  0.0000E+00  0.4000E+01
 -57.542  0.0000E+00  0.4000E+01
 -57.537  0.0000E+00  0.4000E+01
 -57.532  0.0000E+00  0.4000E+01
 -57.527  0.0000E+00  0.4000E+01
 -57.522  0.0000E+00  0.4000E+01
 -57.517  0.0000E+00  0.4000E+01
 -57.512  0.0000E+00  0.4000E+01
 -57.507  0.0000E+00  0.4000E+01
 -57.502  0.0000E+00  0.4000E+01
 -57.497  0.0000E+00  0.4000E+01
 -57.492  0.0000E+00  0.4000E+01
 -57.487  0.0000E+00  0.4000E+01
 -57.482  0.0000E+00  0.4000E+01
 -57.477  0.0000E+00  0.4000E+01
 -57.472  0.0000E+00  0.4000E+01
 -57.467  0.0000E+00  0.4000E+01
 -57.462  0.0000E+00  0.4000E+01
 -57.457  0.0000E+00  0.4000E+01
 -57.452  0.0000E+00  0.4000E+01
 -57.447  0.0000E+00  0.4000E+01
 -57.442  0.0000E+00  0.4000E+01
 -57.437  0.0000E+00  0.4000E+01
 -57.432  0.0000E+00  0.4000E+01
 -57.427  0.0000E+00  0.4000E+01
 -57.422  0.0000E+00  0.4000E+01
 -57.417  0.0000E+00  0.4000E+01
 -57.412  0.0000E+00  0.4000E+01
 -57.407  0.0000E+00  0.4000E+01
 -57.402  0.0000E+00  0.4000E+01
 -57.397  0.0000E+00  0.4000E+01
 -57.392  0.0000E+00  0.4000E+01
 -57.387  0.0000E+00  0.4000E+01
 -57.382  0.0000E+00  0.4000E+01
 -57.377  0.0000E+00  0.4000E+01
 -57.372  0.0000E+00  0.4000E+01
 -57.367  0.0000E+00  0.4000E+01
 -57.362  0.0000E+00  0.4000E+01
 -57.357  0.0000E+00  0.4000E+01
 -57.352  0.0000E+00  0.4000E+01
 -57.347  0.0000E+00  0.4000E+01
 -57.342  0.0000E+00  0.4000E+01
 -57.337  0.0000E+00  0.4000E+01
 -57.332  0.0000E+00  0.4000E+01
 -57.327  0.0000E+00  0.4000E+01
 -57.322  0.0000E+00  0.4000E+01
 -57.317  0.0000E+00  0.4000E+01
 -57.312  0.0000E+00  0.4000E+01
 -57.307  0.0000E+00  0.4000E+01
 -57.302  0.0000E+00  0.4000E+01
 -57.297  0.0000E+00  0.4000E+01
 -57.292  0.0000E+00  0.4000E+01
 -57.287  0.0000E+00  0.4000E+01
 -57.282  0.0000E+00  0.4000E+01
 -57.277  0.0000E+00  0.4000E+01
 -57.272  0.0000E+00  0.4000E+01
 -57.267  0.0000E+00  0.4000E+01
 -57.262  0.0000E+00  0.4000E+01
 -57.257  0.0000E+00  0.4000E+01
 -57.252  0.0000E+00  0.4000E+01
 -57.247  0.0000E+00  0.4000E+01
 -57.242  0.0000E+00  0.4000E+01
 -57.237  0.0000E+00  0.4000E+01
 -57.232  0.0000E+00  0.4000E+01
 -57.227  0.0000E+00  0.4000E+01
 -57.222  0.0000E+00  0.4000E+01
 -57.217  0.0000E+00  0.4000E+01
 -57.212  0.0000E+00  0.4000E+01
 -57.207  0.0000E+00  0.4000E+01
 -57.202  0.0000E+00  0.4000E+01
 -57.197  0.0000E+00  0.4000E+01
 -57.192  0.0000E+00  0.4000E+01
 -57.187  0.0000E+00  0.4000E+01
 -57.182  0.0000E+00  0.4000E+01
 -57.177  0.0000E+00  0.4000E+01
 -57.172  0.0000E+00  0.4000E+01
 -57.167  0.0000E+00  0.4000E+01
 -57.162  0.0000E+00  0.4000E+01
 -57.157  0.0000E+00  0.4000E+01
 -57.152  0.0000E+00  0.4000E+01
 -57.147  0.0000E+00  0.4000E+01
 -57.142  0.0000E+00  0.4000E+01
 -57.137  0.0000E+00  0.4000E+01
 -57.132  0.0000E+00  0.4000E+01
 -57.127  0.0000E+00  0.4000E+01
 -57.122  0.0000E+00  0.4000E+01
 -57.117  0.0000E+00  0.4000E+01
 -57.112  0.0000E+00  0.4000E+01
 -57.107  0.0000E+00  0.4000E+01
 -57.102  0.0000E+00  0.4000E+01
 -57.097  0.0000E+00  0.4000E+01
 -57.092  0.0000E+00  0.4000E+01
 -57.087  0.0000E+00  0.4000E+01
 -57.082  0.0000E+00  0.4000E+01
 -57.077  0.0000E+00  0.4000E+01
 -57.072  0.0000E+00  0.4000E+01
 -57.067  0.0000E+00  0.4000E+01
 -57.062  0.0000E+00  0.4000E+01
 -57.057  0.0000E+00  0.4000E+01
 -57.052  0.0000E+00  0.4000E+01
 -57.047  0.0000E+00  0.4000E+01
 -57.042  0.0000E+00  0.4000E+01
 -57.037  0.0000E+00  0.4000E+01
 -57.032  0.0000E+00  0.4000E+01
 -57.027  0.0000E+00  0.4000E+01
 -57.022  0.0000E+00  0.4000E+01
 -57.017  0.0000E+00  0.4000E+01
 -57.012  0.0000E+00  0.4000E+01
 -57.007  0.0000E+00  0.4000E+01
 -57.002  0.0000E+00  0.4000E+01
 -56.997  0.0000E+00  0.4000E+01
 -56.992  0.0000E+00  0.4000E+01
 -56.987  0.0000E+00  0.4000E+01
 -56.982  0.0000E+00  0.4000E+01
 -56.977  0.0000E+00  0.4000E+01
 -56.972  0.0000E+00  0.4000E+01
 -56.967  0.0000E+00  0.4000E+01
 -56.962  0.0000E+00  0.4000E+01
 -56.957  0.0000E+00  0.4000E+01
 -56.952  0.0000E+00  0.4000E+01
 -56.947  0.0000E+00  0.4000E+01
 -56.942  0.0000E+00  0.4000E+01
 -56.937  0.0000E+00  0.4000E+01
 -56.932  0.0000E+00  0.4000E+01
 -56.927  0.0000E+00  0.4000E+01
 -56.922  0.0000E+00  0.4000E+01
 -56.917  0.0000E+00  0.4000E+01
 -56.912  0.0000E+00  0.4000E+01
 -56.907  0.0000E+00  0.4000E+01
 -56.902  0.0000E+00  0.4000E+01
 -56.897  0.0000E+00  0.4000E+01
 -56.892  0.0000E+00  0.4000E+01
 -56.887  0.0000E+00  0.4000E+01
 -56.882  0.0000E+00  0.4000E+01
 -56.877  0.0000E+00  0.4000E+01
 -56.872  0.0000E+00  0.4000E+01
 -56.867  0.0000E+00  0.4000E+01
 -56.862  0.0000E+00  0.4000E+01
 -56.857  0.0000E+00  0.4000E+01
 -56.852  0.0000E+00  0.4000E+01
 -56.847  0.0000E+00  0.4000E+01
 -56.842  0.0000E+00  0.4000E+01
 -56.837  0.0000E+00  0.4000E+01
 -56.832  0.0000E+00  0.4000E+01
 -56.827  0.0000E+00  0.4000E+01
 -56.822  0.0000E+00  0.4000E+01
 -56.817  0.0000E+00  0.4000E+01
 -56.812  0.0000E+00  0.4000E+01
 -56.807  0.0000E+00  0.4000E+01
 -56.802  0.0000E+00  0.4000E+01
 -56.797  0.0000E+00  0.4000E+01
 -56.792  0.0000E+00  0.4000E+01
 -56.787  0.0000E+00  0.4000E+01
 -56.782  0.0000E+00  0.4000E+01
 -56.777  0.0000E+00  0.4000E+01
 -56.772  0.0000E+00  0.4000E+01
 -56.767  0.0000E+00  0.4000E+01
 -56.762  0.0000E+00  0.4000E+01
 -56.757  0.0000E+00  0.4000E+01
 -56.752  0.0000E+00  0.4000E+01
 -56.747  0.0000E+00  0.4000E+01
 -56.742  0.0000E+00  0.4000E+01
 -56.737  0.0000E+00  0.4000E+01
 -56.732  0.0000E+00  0.4000E+01
 -56.727  0.0000E+00  0.4000E+01
 -56.722  0.0000E+00  0.4000E+01
 -56.717  0.0000E+00  0.4000E+01
 -56.712  0.0000E+00  0.4000E+01
 -56.707  0.0000E+00  0.4000E+01
 -56.702  0.0000E+00  0.4000E+01
 -56.697  0.0000E+00  0.4000E+01
 -56.692  0.0000E+00  0.4000E+01
 -56.687  0.0000E+00  0.4000E+01
 -56.682  0.0000E+00  0.4000E+01
 -56.677  0.0000E+00  0.4000E+01
 -56.672  0.0000E+00  0.4000E+01
 -56.667  0.0000E+00  0.4000E+01
 -56.662  0.0000E+00  0.4000E+01
 -56.657  0.0000E+00  0.4000E+01
 -56.652  0.0000E+00  0.4000E+01
 -56.647  0.0000E+00  0.4000E+01
 -56.642  0.0000E+00  0.4000E+01
 -56.637  0.0000E+00  0.4000E+01
 -56.632  0.0000E+00  0.4000E+01
 -56.627  0.0000E+00  0.4000E+01
 -56.622  0.0000E+00  0.4000E+01
 -56.617  0.0000E+00  0.4000E+01
 -56.612  0.0000E+00  0.4000E+01
 -56.607  0.0000E+00  0.4000E+01
 -56.602  0.0000E+00  0.4000E+01
 -56.597  0.0000E+00  0.4000E+01
 -56.592  0.0000E+00  0.4000E+01
 -56.587  0.0000E+00  0.4000E+01
 -56.582  0.0000E+00  0.4000E+01
 -56.577  0.0000E+00  0.4000E+01
 -56.572  0.0000E+00  0.4000E+01
 -56.567  0.0000E+00  0.4000E+01
 -56.562  0.0000E+00  0.4000E+01
 -56.557  0.0000E+00  0.4000E+01
 -56.552  0.0000E+00  0.4000E+01
 -56.547  0.0000E+00  0.4000E+01
 -56.542  0.0000E+00  0.4000E+01
 -56.537  0.0000E+00  0.4000E+01
 -56.532  0.0000E+00  0.4000E+01
 -56.527  0.0000E+00  0.4000E+01
 -56.522  0.0000E+00  0.4000E+01
 -56.517  0.0000E+00  0.4000E+01
 -56.512  0.0000E+00  0.4000E+01
 -56.507  0.0000E+00  0.4000E+01
 -56.502  0.0000E+00  0.4000E+01
 -56.497  0.0000E+00  0.4000E+01
 -56.492  0.0000E+00  0.4000E+01
 -56.487  0.0000E+00  0.4000E+01
 -56.482  0.0000E+00  0.4000E+01
 -56.477  0.0000E+00  0.4000E+01
 -56.472  0.0000E+00  0.4000E+01
 -56.467  0.0000E+00  0.4000E+01
 -56.462  0.0000E+00  0.4000E+01
 -56.457  0.0000E+00  0.4000E+01
 -56.452  0.0000E+00  0.4000E+01
 -56.447  0.0000E+00  0.4000E+01
 -56.442  0.0000E+00  0.4000E+01
 -56.437  0.0000E+00  0.4000E+01
 -56.432  0.0000E+00  0.4000E+01
 -56.427  0.0000E+00  0.4000E+01
 -56.422  0.0000E+00  0.4000E+01
 -56.417  0.0000E+00  0.4000E+01
 -56.412  0.0000E+00  0.4000E+01
 -56.407  0.0000E+00  0.4000E+01
 -56.402  0.0000E+00  0.4000E+01
 -56.397  0.0000E+00  0.4000E+01
 -56.392  0.0000E+00  0.4000E+01
 -56.387  0.0000E+00  0.4000E+01
 -56.382  0.0000E+00  0.4000E+01
 -56.377  0.0000E+00  0.4000E+01
 -56.372  0.0000E+00  0.4000E+01
 -56.367  0.0000E+00  0.4000E+01
 -56.362  0.0000E+00  0.4000E+01
 -56.357  0.0000E+00  0.4000E+01
 -56.352  0.0000E+00  0.4000E+01
 -56.347  0.0000E+00  0.4000E+01
 -56.342  0.0000E+00  0.4000E+01
 -56.337  0.0000E+00  0.4000E+01
 -56.332  0.0000E+00  0.4000E+01
 -56.327  0.0000E+00  0.4000E+01
 -56.322  0.0000E+00  0.4000E+01
 -56.317  0.0000E+00  0.4000E+01
 -56.312  0.0000E+00  0.4000E+01
 -56.307  0.0000E+00  0.4000E+01
 -56.302  0.0000E+00  0.4000E+01
 -56.297  0.0000E+00  0.4000E+01
 -56.292  0.0000E+00  0.4000E+01
 -56.287  0.0000E+00  0.4000E+01
 -56.282  0.0000E+00  0.4000E+01
 -56.277  0.0000E+00  0.4000E+01
 -56.272  0.0000E+00  0.4000E+01
 -56.267  0.0000E+00  0.4000E+01
 -56.262  0.0000E+00  0.4000E+01
 -56.257  0.0000E+00  0.4000E+01
 -56.252  0.0000E+00  0.4000E+01
 -56.247  0.0000E+00  0.4000E+01
 -56.242  0.0000E+00  0.4000E+01
 -56.237  0.0000E+00  0.4000E+01
 -56.232  0.0000E+00  0.4000E+01
 -56.227  0.0000E+00  0.4000E+01
 -56.222  0.0000E+00  0.4000E+01
 -56.217  0.0000E+00  0.4000E+01
 -56.212  0.0000E+00  0.4000E+01
 -56.207  0.0000E+00  0.4000E+01
 -56.202  0.0000E+00  0.4000E+01
 -56.197  0.0000E+00  0.4000E+01
 -56.192  0.0000E+00  0.4000E+01
 -56.187  0.0000E+00  0.4000E+01
 -56.182  0.0000E+00  0.4000E+01
 -56.177  0.0000E+00  0.4000E+01
 -56.172  0.0000E+00  0.4000E+01
 -56.167  0.0000E+00  0.4000E+01
 -56.162  0.0000E+00  0.4000E+01
 -56.157  0.0000E+00  0.4000E+01
 -56.152  0.0000E+00  0.4000E+01
 -56.147  0.0000E+00  0.4000E+01
 -56.142  0.0000E+00  0.4000E+01
 -56.137  0.0000E+00  0.4000E+01
 -56.132  0.0000E+00  0.4000E+01
 -56.127  0.0000E+00  0.4000E+01
 -56.122  0.0000E+00  0.4000E+01
 -56.117  0.0000E+00  0.4000E+01
 -56.112  0.0000E+00  0.4000E+01
 -56.107  0.0000E+00  0.4000E+01
 -56.102  0.0000E+00  0.4000E+01
 -56.097  0.0000E+00  0.4000E+01
 -56.092  0.0000E+00  0.4000E+01
 -56.087  0.0000E+00  0.4000E+01
 -56.082  0.0000E+00  0.4000E+01
 -56.077  0.0000E+00  0.4000E+01
 -56.072  0.0000E+00  0.4000E+01
 -56.067  0.0000E+00  0.4000E+01
 -56.062  0.0000E+00  0.4000E+01
 -56.057  0.0000E+00  0.4000E+01
 -56.052  0.0000E+00  0.4000E+01
 -56.047  0.0000E+00  0.4000E+01
 -56.042  0.0000E+00  0.4000E+01
 -56.037  0.0000E+00  0.4000E+01
 -56.032  0.0000E+00  0.4000E+01
 -56.027  0.0000E+00  0.4000E+01
 -56.022  0.0000E+00  0.4000E+01
 -56.017  0.0000E+00  0.4000E+01
 -56.012  0.0000E+00  0.4000E+01
 -56.007  0.0000E+00  0.4000E+01
 -56.002  0.0000E+00  0.4000E+01
 -55.997  0.0000E+00  0.4000E+01
 -55.992  0.0000E+00  0.4000E+01
 -55.987  0.0000E+00  0.4000E+01
 -55.982  0.0000E+00  0.4000E+01
 -55.977  0.0000E+00  0.4000E+01
 -55.972  0.0000E+00  0.4000E+01
 -55.967  0.0000E+00  0.4000E+01
 -55.962  0.0000E+00  0.4000E+01
 -55.957  0.0000E+00  0.4000E+01
 -55.952  0.0000E+00  0.4000E+01
 -55.947  0.0000E+00  0.4000E+01
 -55.942  0.0000E+00  0.4000E+01
 -55.937  0.0000E+00  0.4000E+01
 -55.932  0.0000E+00  0.4000E+01
 -55.927  0.0000E+00  0.4000E+01
 -55.922  0.0000E+00  0.4000E+01
 -55.917  0.0000E+00  0.4000E+01
 -55.912  0.0000E+00  0.4000E+01
 -55.907  0.0000E+00  0.4000E+01
 -55.902  0.0000E+00  0.4000E+01
 -55.897  0.0000E+00  0.4000E+01
 -55.892  0.0000E+00  0.4000E+01
 -55.887  0.0000E+00  0.4000E+01
 -55.882  0.0000E+00  0.4000E+01
 -55.877  0.0000E+00  0.4000E+01
 -55.872  0.0000E+00  0.4000E+01
 -55.867  0.0000E+00  0.4000E+01
 -55.862  0.0000E+00  0.4000E+01
 -55.857  0.0000E+00  0.4000E+01
 -55.852  0.0000E+00  0.4000E+01
 -55.847  0.0000E+00  0.4000E+01
 -55.842  0.0000E+00  0.4000E+01
 -55.837  0.0000E+00  0.4000E+01
 -55.832  0.0000E+00  0.4000E+01
 -55.827  0.0000E+00  0.4000E+01
 -55.822  0.0000E+00  0.4000E+01
 -55.817  0.0000E+00  0.4000E+01
 -55.812  0.0000E+00  0.4000E+01
 -55.807  0.0000E+00  0.4000E+01
 -55.802  0.0000E+00  0.4000E+01
 -55.797  0.0000E+00  0.4000E+01
 -55.792  0.0000E+00  0.4000E+01
 -55.787  0.0000E+00  0.4000E+01
 -55.782  0.0000E+00  0.4000E+01
 -55.777  0.0000E+00  0.4000E+01
 -55.772  0.0000E+00  0.4000E+01
 -55.767  0.0000E+00  0.4000E+01
 -55.762  0.0000E+00  0.4000E+01
 -55.757  0.0000E+00  0.4000E+01
 -55.752  0.0000E+00  0.4000E+01
 -55.747  0.0000E+00  0.4000E+01
 -55.742  0.0000E+00  0.4000E+01
 -55.737  0.0000E+00  0.4000E+01
 -55.732  0.0000E+00  0.4000E+01
 -55.727  0.0000E+00  0.4000E+01
 -55.722  0.0000E+00  0.4000E+01
 -55.717  0.0000E+00  0.4000E+01
 -55.712  0.0000E+00  0.4000E+01
 -55.707  0.0000E+00  0.4000E+01
 -55.702  0.0000E+00  0.4000E+01
 -55.697  0.0000E+00  0.4000E+01
 -55.692  0.0000E+00  0.4000E+01
 -55.687  0.0000E+00  0.4000E+01
 -55.682  0.0000E+00  0.4000E+01
 -55.677  0.0000E+00  0.4000E+01
 -55.672  0.0000E+00  0.4000E+01
 -55.667  0.0000E+00  0.4000E+01
 -55.662  0.0000E+00  0.4000E+01
 -55.657  0.0000E+00  0.4000E+01
 -55.652  0.0000E+00  0.4000E+01
 -55.647  0.0000E+00  0.4000E+01
 -55.642  0.0000E+00  0.4000E+01
 -55.637  0.0000E+00  0.4000E+01
 -55.632  0.0000E+00  0.4000E+01
 -55.627  0.0000E+00  0.4000E+01
 -55.622  0.0000E+00  0.4000E+01
 -55.617  0.0000E+00  0.4000E+01
 -55.612  0.0000E+00  0.4000E+01
 -55.607  0.0000E+00  0.4000E+01
 -55.602  0.0000E+00  0.4000E+01
 -55.597  0.0000E+00  0.4000E+01
 -55.592  0.0000E+00  0.4000E+01
 -55.587  0.0000E+00  0.4000E+01
 -55.582  0.0000E+00  0.4000E+01
 -55.577  0.0000E+00  0.4000E+01
 -55.572  0.0000E+00  0.4000E+01
 -55.567  0.0000E+00  0.4000E+01
 -55.562  0.0000E+00  0.4000E+01
 -55.557  0.0000E+00  0.4000E+01
 -55.552  0.0000E+00  0.4000E+01
 -55.547  0.0000E+00  0.4000E+01
 -55.542  0.0000E+00  0.4000E+01
 -55.537  0.0000E+00  0.4000E+01
 -55.532  0.0000E+00  0.4000E+01
 -55.527  0.0000E+00  0.4000E+01
 -55.522  0.0000E+00  0.4000E+01
 -55.517  0.0000E+00  0.4000E+01
 -55.512  0.0000E+00  0.4000E+01
 -55.507  0.0000E+00  0.4000E+01
 -55.502  0.0000E+00  0.4000E+01
 -55.497  0.0000E+00  0.4000E+01
 -55.492  0.0000E+00  0.4000E+01
 -55.487  0.0000E+00  0.4000E+01
 -55.482  0.0000E+00  0.4000E+01
 -55.477  0.0000E+00  0.4000E+01
 -55.472  0.0000E+00  0.4000E+01
 -55.467  0.0000E+00  0.4000E+01
 -55.462  0.0000E+00  0.4000E+01
 -55.457  0.0000E+00  0.4000E+01
 -55.452  0.0000E+00  0.4000E+01
 -55.447  0.0000E+00  0.4000E+01
 -55.442  0.0000E+00  0.4000E+01
 -55.437  0.0000E+00  0.4000E+01
 -55.432  0.0000E+00  0.4000E+01
 -55.427  0.0000E+00  0.4000E+01
 -55.422  0.0000E+00  0.4000E+01
 -55.417  0.0000E+00  0.4000E+01
 -55.412  0.0000E+00  0.4000E+01
 -55.407  0.0000E+00  0.4000E+01
 -55.402  0.0000E+00  0.4000E+01
 -55.397  0.0000E+00  0.4000E+01
 -55.392  0.0000E+00  0.4000E+01
 -55.387  0.0000E+00  0.4000E+01
 -55.382  0.0000E+00  0.4000E+01
 -55.377  0.0000E+00  0.4000E+01
 -55.372  0.0000E+00  0.4000E+01
 -55.367  0.0000E+00  0.4000E+01
 -55.362  0.0000E+00  0.4000E+01
 -55.357  0.0000E+00  0.4000E+01
 -55.352  0.0000E+00  0.4000E+01
 -55.347  0.0000E+00  0.4000E+01
 -55.342  0.0000E+00  0.4000E+01
 -55.337  0.0000E+00  0.4000E+01
 -55.332  0.0000E+00  0.4000E+01
 -55.327  0.0000E+00  0.4000E+01
 -55.322  0.0000E+00  0.4000E+01
 -55.317  0.0000E+00  0.4000E+01
 -55.312  0.0000E+00  0.4000E+01
 -55.307  0.0000E+00  0.4000E+01
 -55.302  0.0000E+00  0.4000E+01
 -55.297  0.0000E+00  0.4000E+01
 -55.292  0.0000E+00  0.4000E+01
 -55.287  0.0000E+00  0.4000E+01
 -55.282  0.0000E+00  0.4000E+01
 -55.277  0.0000E+00  0.4000E+01
 -55.272  0.0000E+00  0.4000E+01
 -55.267  0.0000E+00  0.4000E+01
 -55.262  0.0000E+00  0.4000E+01
 -55.257  0.0000E+00  0.4000E+01
 -55.252  0.0000E+00  0.4000E+01
 -55.247  0.0000E+00  0.4000E+01
 -55.242  0.0000E+00  0.4000E+01
 -55.237  0.0000E+00  0.4000E+01
 -55.232  0.0000E+00  0.4000E+01
 -55.227  0.0000E+00  0.4000E+01
 -55.222  0.0000E+00  0.4000E+01
 -55.217  0.0000E+00  0.4000E+01
 -55.212  0.0000E+00  0.4000E+01
 -55.207  0.0000E+00  0.4000E+01
 -55.202  0.0000E+00  0.4000E+01
 -55.197  0.0000E+00  0.4000E+01
 -55.192  0.0000E+00  0.4000E+01
 -55.187  0.0000E+00  0.4000E+01
 -55.182  0.0000E+00  0.4000E+01
 -55.177  0.0000E+00  0.4000E+01
 -55.172  0.0000E+00  0.4000E+01
 -55.167  0.0000E+00  0.4000E+01
 -55.162  0.0000E+00  0.4000E+01
 -55.157  0.0000E+00  0.4000E+01
 -55.152  0.0000E+00  0.4000E+01
 -55.147  0.0000E+00  0.4000E+01
 -55.142  0.0000E+00  0.4000E+01
 -55.137  0.0000E+00  0.4000E+01
 -55.132  0.0000E+00  0.4000E+01
 -55.127  0.0000E+00  0.4000E+01
 -55.122  0.0000E+00  0.4000E+01
 -55.117  0.0000E+00  0.4000E+01
 -55.112  0.0000E+00  0.4000E+01
 -55.107  0.0000E+00  0.4000E+01
 -55.102  0.0000E+00  0.4000E+01
 -55.097  0.0000E+00  0.4000E+01
 -55.092  0.0000E+00  0.4000E+01
 -55.087  0.0000E+00  0.4000E+01
 -55.082  0.0000E+00  0.4000E+01
 -55.077  0.0000E+00  0.4000E+01
 -55.072  0.0000E+00  0.4000E+01
 -55.067  0.0000E+00  0.4000E+01
 -55.062  0.0000E+00  0.4000E+01
 -55.057  0.0000E+00  0.4000E+01
 -55.052  0.0000E+00  0.4000E+01
 -55.047  0.0000E+00  0.4000E+01
 -55.042  0.0000E+00  0.4000E+01
 -55.037  0.0000E+00  0.4000E+01
 -55.032  0.0000E+00  0.4000E+01
 -55.027  0.0000E+00  0.4000E+01
 -55.022  0.0000E+00  0.4000E+01
 -55.017  0.0000E+00  0.4000E+01
 -55.012  0.0000E+00  0.4000E+01
 -55.007  0.0000E+00  0.4000E+01
 -55.002  0.0000E+00  0.4000E+01
 -54.997  0.0000E+00  0.4000E+01
 -54.992  0.0000E+00  0.4000E+01
 -54.987  0.0000E+00  0.4000E+01
 -54.982  0.0000E+00  0.4000E+01
 -54.977  0.0000E+00  0.4000E+01
 -54.972  0.0000E+00  0.4000E+01
 -54.967  0.0000E+00  0.4000E+01
 -54.962  0.0000E+00  0.4000E+01
 -54.957  0.0000E+00  0.4000E+01
 -54.952  0.0000E+00  0.4000E+01
 -54.947  0.0000E+00  0.4000E+01
 -54.942  0.0000E+00  0.4000E+01
 -54.937  0.0000E+00  0.4000E+01
 -54.932  0.0000E+00  0.4000E+01
 -54.927  0.0000E+00  0.4000E+01
 -54.922  0.0000E+00  0.4000E+01
 -54.917  0.0000E+00  0.4000E+01
 -54.912  0.0000E+00  0.4000E+01
 -54.907  0.0000E+00  0.4000E+01
 -54.902  0.0000E+00  0.4000E+01
 -54.897  0.0000E+00  0.4000E+01
 -54.892  0.0000E+00  0.4000E+01
 -54.887  0.0000E+00  0.4000E+01
 -54.882  0.0000E+00  0.4000E+01
 -54.877  0.0000E+00  0.4000E+01
 -54.872  0.0000E+00  0.4000E+01
 -54.867  0.0000E+00  0.4000E+01
 -54.862  0.0000E+00  0.4000E+01
 -54.857  0.0000E+00  0.4000E+01
 -54.852  0.0000E+00  0.4000E+01
 -54.847  0.0000E+00  0.4000E+01
 -54.842  0.0000E+00  0.4000E+01
 -54.837  0.0000E+00  0.4000E+01
 -54.832  0.0000E+00  0.4000E+01
 -54.827  0.0000E+00  0.4000E+01
 -54.822  0.0000E+00  0.4000E+01
 -54.817  0.0000E+00  0.4000E+01
 -54.812  0.0000E+00  0.4000E+01
 -54.807  0.0000E+00  0.4000E+01
 -54.802  0.0000E+00  0.4000E+01
 -54.797  0.0000E+00  0.4000E+01
 -54.792  0.0000E+00  0.4000E+01
 -54.787  0.0000E+00  0.4000E+01
 -54.782  0.0000E+00  0.4000E+01
 -54.777  0.0000E+00  0.4000E+01
 -54.772  0.0000E+00  0.4000E+01
 -54.767  0.0000E+00  0.4000E+01
 -54.762  0.0000E+00  0.4000E+01
 -54.757  0.0000E+00  0.4000E+01
 -54.752  0.0000E+00  0.4000E+01
 -54.747  0.0000E+00  0.4000E+01
 -54.742  0.0000E+00  0.4000E+01
 -54.737  0.0000E+00  0.4000E+01
 -54.732  0.0000E+00  0.4000E+01
 -54.727  0.0000E+00  0.4000E+01
 -54.722  0.0000E+00  0.4000E+01
 -54.717  0.0000E+00  0.4000E+01
 -54.712  0.0000E+00  0.4000E+01
 -54.707  0.0000E+00  0.4000E+01
 -54.702  0.0000E+00  0.4000E+01
 -54.697  0.0000E+00  0.4000E+01
 -54.692  0.0000E+00  0.4000E+01
 -54.687  0.0000E+00  0.4000E+01
 -54.682  0.0000E+00  0.4000E+01
 -54.677  0.0000E+00  0.4000E+01
 -54.672  0.0000E+00  0.4000E+01
 -54.667  0.0000E+00  0.4000E+01
 -54.662  0.0000E+00  0.4000E+01
 -54.657  0.0000E+00  0.4000E+01
 -54.652  0.0000E+00  0.4000E+01
 -54.647  0.0000E+00  0.4000E+01
 -54.642  0.0000E+00  0.4000E+01
 -54.637  0.0000E+00  0.4000E+01
 -54.632  0.0000E+00  0.4000E+01
 -54.627  0.0000E+00  0.4000E+01
 -54.622  0.0000E+00  0.4000E+01
 -54.617  0.0000E+00  0.4000E+01
 -54.612  0.0000E+00  0.4000E+01
 -54.607  0.0000E+00  0.4000E+01
 -54.602  0.0000E+00  0.4000E+01
 -54.597  0.0000E+00  0.4000E+01
 -54.592  0.0000E+00  0.4000E+01
 -54.587  0.0000E+00  0.4000E+01
 -54.582  0.0000E+00  0.4000E+01
 -54.577  0.0000E+00  0.4000E+01
 -54.572  0.0000E+00  0.4000E+01
 -54.567  0.0000E+00  0.4000E+01
 -54.562  0.0000E+00  0.4000E+01
 -54.557  0.0000E+00  0.4000E+01
 -54.552  0.0000E+00  0.4000E+01
 -54.547  0.0000E+00  0.4000E+01
 -54.542  0.0000E+00  0.4000E+01
 -54.537  0.0000E+00  0.4000E+01
 -54.532  0.0000E+00  0.4000E+01
 -54.527  0.0000E+00  0.4000E+01
 -54.522  0.0000E+00  0.4000E+01
 -54.517  0.0000E+00  0.4000E+01
 -54.512  0.0000E+00  0.4000E+01
 -54.507  0.0000E+00  0.4000E+01
 -54.502  0.0000E+00  0.4000E+01
 -54.497  0.0000E+00  0.4000E+01
 -54.492  0.0000E+00  0.4000E+01
 -54.487  0.0000E+00  0.4000E+01
 -54.482  0.0000E+00  0.4000E+01
 -54.477  0.0000E+00  0.4000E+01
 -54.472  0.0000E+00  0.4000E+01
 -54.467  0.0000E+00  0.4000E+01
 -54.462  0.0000E+00  0.4000E+01
 -54.457  0.0000E+00  0.4000E+01
 -54.452  0.0000E+00  0.4000E+01
 -54.447  0.0000E+00  0.4000E+01
 -54.442  0.0000E+00  0.4000E+01
 -54.437  0.0000E+00  0.4000E+01
 -54.432  0.0000E+00  0.4000E+01
 -54.427  0.0000E+00  0.4000E+01
 -54.422  0.0000E+00  0.4000E+01
 -54.417  0.0000E+00  0.4000E+01
 -54.412  0.0000E+00  0.4000E+01
 -54.407  0.0000E+00  0.4000E+01
 -54.402  0.0000E+00  0.4000E+01
 -54.397  0.0000E+00  0.4000E+01
 -54.392  0.0000E+00  0.4000E+01
 -54.387  0.0000E+00  0.4000E+01
 -54.382  0.0000E+00  0.4000E+01
 -54.377  0.0000E+00  0.4000E+01
 -54.372  0.0000E+00  0.4000E+01
 -54.367  0.0000E+00  0.4000E+01
 -54.362  0.0000E+00  0.4000E+01
 -54.357  0.0000E+00  0.4000E+01
 -54.352  0.0000E+00  0.4000E+01
 -54.347  0.0000E+00  0.4000E+01
 -54.342  0.0000E+00  0.4000E+01
 -54.337  0.0000E+00  0.4000E+01
 -54.332  0.0000E+00  0.4000E+01
 -54.327  0.0000E+00  0.4000E+01
 -54.322  0.0000E+00  0.4000E+01
 -54.317  0.0000E+00  0.4000E+01
 -54.312  0.0000E+00  0.4000E+01
 -54.307  0.0000E+00  0.4000E+01
 -54.302  0.0000E+00  0.4000E+01
 -54.297  0.0000E+00  0.4000E+01
 -54.292  0.0000E+00  0.4000E+01
 -54.287  0.0000E+00  0.4000E+01
 -54.282  0.0000E+00  0.4000E+01
 -54.277  0.0000E+00  0.4000E+01
 -54.272  0.0000E+00  0.4000E+01
 -54.267  0.0000E+00  0.4000E+01
 -54.262  0.0000E+00  0.4000E+01
 -54.257  0.0000E+00  0.4000E+01
 -54.252  0.0000E+00  0.4000E+01
 -54.247  0.0000E+00  0.4000E+01
 -54.242  0.0000E+00  0.4000E+01
 -54.237  0.0000E+00  0.4000E+01
 -54.232  0.0000E+00  0.4000E+01
 -54.227  0.0000E+00  0.4000E+01
 -54.222  0.0000E+00  0.4000E+01
 -54.217  0.0000E+00  0.4000E+01
 -54.212  0.0000E+00  0.4000E+01
 -54.207  0.0000E+00  0.4000E+01
 -54.202  0.0000E+00  0.4000E+01
 -54.197  0.0000E+00  0.4000E+01
 -54.192  0.0000E+00  0.4000E+01
 -54.187  0.0000E+00  0.4000E+01
 -54.182  0.0000E+00  0.4000E+01
 -54.177  0.0000E+00  0.4000E+01
 -54.172  0.0000E+00  0.4000E+01
 -54.167  0.0000E+00  0.4000E+01
 -54.162  0.0000E+00  0.4000E+01
 -54.157  0.0000E+00  0.4000E+01
 -54.152  0.0000E+00  0.4000E+01
 -54.147  0.0000E+00  0.4000E+01
 -54.142  0.0000E+00  0.4000E+01
 -54.137  0.0000E+00  0.4000E+01
 -54.132  0.0000E+00  0.4000E+01
 -54.127  0.0000E+00  0.4000E+01
 -54.122  0.0000E+00  0.4000E+01
 -54.117  0.0000E+00  0.4000E+01
 -54.112  0.0000E+00  0.4000E+01
 -54.107  0.0000E+00  0.4000E+01
 -54.102  0.0000E+00  0.4000E+01
 -54.097  0.0000E+00  0.4000E+01
 -54.092  0.0000E+00  0.4000E+01
 -54.087  0.0000E+00  0.4000E+01
 -54.082  0.0000E+00  0.4000E+01
 -54.077  0.0000E+00  0.4000E+01
 -54.072  0.0000E+00  0.4000E+01
 -54.067  0.0000E+00  0.4000E+01
 -54.062  0.0000E+00  0.4000E+01
 -54.057  0.0000E+00  0.4000E+01
 -54.052  0.0000E+00  0.4000E+01
 -54.047  0.0000E+00  0.4000E+01
 -54.042  0.0000E+00  0.4000E+01
 -54.037  0.0000E+00  0.4000E+01
 -54.032  0.0000E+00  0.4000E+01
 -54.027  0.0000E+00  0.4000E+01
 -54.022  0.0000E+00  0.4000E+01
 -54.017  0.0000E+00  0.4000E+01
 -54.012  0.0000E+00  0.4000E+01
 -54.007  0.0000E+00  0.4000E+01
 -54.002  0.0000E+00  0.4000E+01
 -53.997  0.0000E+00  0.4000E+01
 -53.992  0.0000E+00  0.4000E+01
 -53.987  0.0000E+00  0.4000E+01
 -53.982  0.0000E+00  0.4000E+01
 -53.977  0.0000E+00  0.4000E+01
 -53.972  0.0000E+00  0.4000E+01
 -53.967  0.0000E+00  0.4000E+01
 -53.962  0.0000E+00  0.4000E+01
 -53.957  0.0000E+00  0.4000E+01
 -53.952  0.0000E+00  0.4000E+01
 -53.947  0.0000E+00  0.4000E+01
 -53.942  0.0000E+00  0.4000E+01
 -53.937  0.0000E+00  0.4000E+01
 -53.932  0.0000E+00  0.4000E+01
 -53.927  0.0000E+00  0.4000E+01
 -53.922  0.0000E+00  0.4000E+01
 -53.917  0.0000E+00  0.4000E+01
 -53.912  0.0000E+00  0.4000E+01
 -53.907  0.0000E+00  0.4000E+01
 -53.902  0.0000E+00  0.4000E+01
 -53.897  0.0000E+00  0.4000E+01
 -53.892  0.0000E+00  0.4000E+01
 -53.887  0.0000E+00  0.4000E+01
 -53.882  0.0000E+00  0.4000E+01
 -53.877  0.0000E+00  0.4000E+01
 -53.872  0.0000E+00  0.4000E+01
 -53.867  0.0000E+00  0.4000E+01
 -53.862  0.0000E+00  0.4000E+01
 -53.857  0.0000E+00  0.4000E+01
 -53.852  0.0000E+00  0.4000E+01
 -53.847  0.0000E+00  0.4000E+01
 -53.842  0.0000E+00  0.4000E+01
 -53.837  0.0000E+00  0.4000E+01
 -53.832  0.0000E+00  0.4000E+01
 -53.827  0.0000E+00  0.4000E+01
 -53.822  0.0000E+00  0.4000E+01
 -53.817  0.0000E+00  0.4000E+01
 -53.812  0.0000E+00  0.4000E+01
 -53.807  0.0000E+00  0.4000E+01
 -53.802  0.0000E+00  0.4000E+01
 -53.797  0.0000E+00  0.4000E+01
 -53.792  0.0000E+00  0.4000E+01
 -53.787  0.0000E+00  0.4000E+01
 -53.782  0.0000E+00  0.4000E+01
 -53.777  0.0000E+00  0.4000E+01
 -53.772  0.0000E+00  0.4000E+01
 -53.767  0.0000E+00  0.4000E+01
 -53.762  0.0000E+00  0.4000E+01
 -53.757  0.0000E+00  0.4000E+01
 -53.752  0.0000E+00  0.4000E+01
 -53.747  0.0000E+00  0.4000E+01
 -53.742  0.0000E+00  0.4000E+01
 -53.737  0.0000E+00  0.4000E+01
 -53.732  0.0000E+00  0.4000E+01
 -53.727  0.0000E+00  0.4000E+01
 -53.722  0.0000E+00  0.4000E+01
 -53.717  0.0000E+00  0.4000E+01
 -53.712  0.0000E+00  0.4000E+01
 -53.707  0.0000E+00  0.4000E+01
 -53.702  0.0000E+00  0.4000E+01
 -53.697  0.0000E+00  0.4000E+01
 -53.692  0.0000E+00  0.4000E+01
 -53.687  0.0000E+00  0.4000E+01
 -53.682  0.0000E+00  0.4000E+01
 -53.677  0.0000E+00  0.4000E+01
 -53.672  0.0000E+00  0.4000E+01
 -53.667  0.0000E+00  0.4000E+01
 -53.662  0.0000E+00  0.4000E+01
 -53.657  0.0000E+00  0.4000E+01
 -53.652  0.0000E+00  0.4000E+01
 -53.647  0.0000E+00  0.4000E+01
 -53.642  0.0000E+00  0.4000E+01
 -53.637  0.0000E+00  0.4000E+01
 -53.632  0.0000E+00  0.4000E+01
 -53.627  0.0000E+00  0.4000E+01
 -53.622  0.0000E+00  0.4000E+01
 -53.617  0.0000E+00  0.4000E+01
 -53.612  0.0000E+00  0.4000E+01
 -53.607  0.0000E+00  0.4000E+01
 -53.602  0.0000E+00  0.4000E+01
 -53.597  0.0000E+00  0.4000E+01
 -53.592  0.0000E+00  0.4000E+01
 -53.587  0.0000E+00  0.4000E+01
 -53.582  0.0000E+00  0.4000E+01
 -53.577  0.0000E+00  0.4000E+01
 -53.572  0.0000E+00  0.4000E+01
 -53.567  0.0000E+00  0.4000E+01
 -53.562  0.0000E+00  0.4000E+01
 -53.557  0.0000E+00  0.4000E+01
 -53.552  0.0000E+00  0.4000E+01
 -53.547  0.0000E+00  0.4000E+01
 -53.542  0.0000E+00  0.4000E+01
 -53.537  0.0000E+00  0.4000E+01
 -53.532  0.0000E+00  0.4000E+01
 -53.527  0.0000E+00  0.4000E+01
 -53.522  0.0000E+00  0.4000E+01
 -53.517  0.0000E+00  0.4000E+01
 -53.512  0.0000E+00  0.4000E+01
 -53.507  0.0000E+00  0.4000E+01
 -53.502  0.0000E+00  0.4000E+01
 -53.497  0.0000E+00  0.4000E+01
 -53.492  0.0000E+00  0.4000E+01
 -53.487  0.0000E+00  0.4000E+01
 -53.482  0.0000E+00  0.4000E+01
 -53.477  0.0000E+00  0.4000E+01
 -53.472  0.0000E+00  0.4000E+01
 -53.467  0.0000E+00  0.4000E+01
 -53.462  0.0000E+00  0.4000E+01
 -53.457  0.0000E+00  0.4000E+01
 -53.452  0.0000E+00  0.4000E+01
 -53.447  0.0000E+00  0.4000E+01
 -53.442  0.0000E+00  0.4000E+01
 -53.437  0.0000E+00  0.4000E+01
 -53.432  0.0000E+00  0.4000E+01
 -53.427  0.0000E+00  0.4000E+01
 -53.422  0.0000E+00  0.4000E+01
 -53.417  0.0000E+00  0.4000E+01
 -53.412  0.0000E+00  0.4000E+01
 -53.407  0.0000E+00  0.4000E+01
 -53.402  0.0000E+00  0.4000E+01
 -53.397  0.0000E+00  0.4000E+01
 -53.392  0.0000E+00  0.4000E+01
 -53.387  0.0000E+00  0.4000E+01
 -53.382  0.0000E+00  0.4000E+01
 -53.377  0.0000E+00  0.4000E+01
 -53.372  0.0000E+00  0.4000E+01
 -53.367  0.0000E+00  0.4000E+01
 -53.362  0.0000E+00  0.4000E+01
 -53.357  0.0000E+00  0.4000E+01
 -53.352  0.0000E+00  0.4000E+01
 -53.347  0.0000E+00  0.4000E+01
 -53.342  0.0000E+00  0.4000E+01
 -53.337  0.0000E+00  0.4000E+01
 -53.332  0.0000E+00  0.4000E+01
 -53.327  0.0000E+00  0.4000E+01
 -53.322  0.0000E+00  0.4000E+01
 -53.317  0.0000E+00  0.4000E+01
 -53.312  0.0000E+00  0.4000E+01
 -53.307  0.0000E+00  0.4000E+01
 -53.302  0.0000E+00  0.4000E+01
 -53.297  0.0000E+00  0.4000E+01
 -53.292  0.0000E+00  0.4000E+01
 -53.287  0.0000E+00  0.4000E+01
 -53.282  0.0000E+00  0.4000E+01
 -53.277  0.0000E+00  0.4000E+01
 -53.272  0.0000E+00  0.4000E+01
 -53.267  0.0000E+00  0.4000E+01
 -53.262  0.0000E+00  0.4000E+01
 -53.257  0.0000E+00  0.4000E+01
 -53.252  0.0000E+00  0.4000E+01
 -53.247  0.0000E+00  0.4000E+01
 -53.242  0.0000E+00  0.4000E+01
 -53.237  0.0000E+00  0.4000E+01
 -53.232  0.0000E+00  0.4000E+01
 -53.227  0.0000E+00  0.4000E+01
 -53.222  0.0000E+00  0.4000E+01
 -53.217  0.0000E+00  0.4000E+01
 -53.212  0.0000E+00  0.4000E+01
 -53.207  0.0000E+00  0.4000E+01
 -53.202  0.0000E+00  0.4000E+01
 -53.197  0.0000E+00  0.4000E+01
 -53.192  0.0000E+00  0.4000E+01
 -53.187  0.0000E+00  0.4000E+01
 -53.182  0.0000E+00  0.4000E+01
 -53.177  0.0000E+00  0.4000E+01
 -53.172  0.0000E+00  0.4000E+01
 -53.167  0.0000E+00  0.4000E+01
 -53.162  0.0000E+00  0.4000E+01
 -53.157  0.0000E+00  0.4000E+01
 -53.152  0.0000E+00  0.4000E+01
 -53.147  0.0000E+00  0.4000E+01
 -53.142  0.0000E+00  0.4000E+01
 -53.137  0.0000E+00  0.4000E+01
 -53.132  0.0000E+00  0.4000E+01
 -53.127  0.0000E+00  0.4000E+01
 -53.122  0.0000E+00  0.4000E+01
 -53.117  0.0000E+00  0.4000E+01
 -53.112  0.0000E+00  0.4000E+01
 -53.107  0.0000E+00  0.4000E+01
 -53.102  0.0000E+00  0.4000E+01
 -53.097  0.0000E+00  0.4000E+01
 -53.092  0.0000E+00  0.4000E+01
 -53.087  0.0000E+00  0.4000E+01
 -53.082  0.0000E+00  0.4000E+01
 -53.077  0.0000E+00  0.4000E+01
 -53.072  0.0000E+00  0.4000E+01
 -53.067  0.0000E+00  0.4000E+01
 -53.062  0.0000E+00  0.4000E+01
 -53.057  0.0000E+00  0.4000E+01
 -53.052  0.0000E+00  0.4000E+01
 -53.047  0.0000E+00  0.4000E+01
 -53.042  0.0000E+00  0.4000E+01
 -53.037  0.0000E+00  0.4000E+01
 -53.032  0.0000E+00  0.4000E+01
 -53.027  0.0000E+00  0.4000E+01
 -53.022  0.0000E+00  0.4000E+01
 -53.017  0.0000E+00  0.4000E+01
 -53.012  0.0000E+00  0.4000E+01
 -53.007  0.0000E+00  0.4000E+01
 -53.002  0.0000E+00  0.4000E+01
 -52.997  0.0000E+00  0.4000E+01
 -52.992  0.0000E+00  0.4000E+01
 -52.987  0.0000E+00  0.4000E+01
 -52.982  0.0000E+00  0.4000E+01
 -52.977  0.0000E+00  0.4000E+01
 -52.972  0.0000E+00  0.4000E+01
 -52.967  0.0000E+00  0.4000E+01
 -52.962  0.0000E+00  0.4000E+01
 -52.957  0.0000E+00  0.4000E+01
 -52.952  0.0000E+00  0.4000E+01
 -52.947  0.0000E+00  0.4000E+01
 -52.942  0.0000E+00  0.4000E+01
 -52.937  0.0000E+00  0.4000E+01
 -52.932  0.0000E+00  0.4000E+01
 -52.927  0.0000E+00  0.4000E+01
 -52.922  0.0000E+00  0.4000E+01
 -52.917  0.0000E+00  0.4000E+01
 -52.912  0.0000E+00  0.4000E+01
 -52.907  0.0000E+00  0.4000E+01
 -52.902  0.0000E+00  0.4000E+01
 -52.897  0.0000E+00  0.4000E+01
 -52.892  0.0000E+00  0.4000E+01
 -52.887  0.0000E+00  0.4000E+01
 -52.882  0.0000E+00  0.4000E+01
 -52.877  0.0000E+00  0.4000E+01
 -52.872  0.0000E+00  0.4000E+01
 -52.867  0.0000E+00  0.4000E+01
 -52.862  0.0000E+00  0.4000E+01
 -52.857  0.0000E+00  0.4000E+01
 -52.852  0.0000E+00  0.4000E+01
 -52.847  0.0000E+00  0.4000E+01
 -52.842  0.0000E+00  0.4000E+01
 -52.837  0.0000E+00  0.4000E+01
 -52.832  0.0000E+00  0.4000E+01
 -52.827  0.0000E+00  0.4000E+01
 -52.822  0.0000E+00  0.4000E+01
 -52.817  0.0000E+00  0.4000E+01
 -52.812  0.0000E+00  0.4000E+01
 -52.807  0.0000E+00  0.4000E+01
 -52.802  0.0000E+00  0.4000E+01
 -52.797  0.0000E+00  0.4000E+01
 -52.792  0.0000E+00  0.4000E+01
 -52.787  0.0000E+00  0.4000E+01
 -52.782  0.0000E+00  0.4000E+01
 -52.777  0.0000E+00  0.4000E+01
 -52.772  0.0000E+00  0.4000E+01
 -52.767  0.0000E+00  0.4000E+01
 -52.762  0.0000E+00  0.4000E+01
 -52.757  0.0000E+00  0.4000E+01
 -52.752  0.0000E+00  0.4000E+01
 -52.747  0.0000E+00  0.4000E+01
 -52.742  0.0000E+00  0.4000E+01
 -52.737  0.0000E+00  0.4000E+01
 -52.732  0.0000E+00  0.4000E+01
 -52.727  0.0000E+00  0.4000E+01
 -52.722  0.0000E+00  0.4000E+01
 -52.717  0.0000E+00  0.4000E+01
 -52.712  0.0000E+00  0.4000E+01
 -52.707  0.0000E+00  0.4000E+01
 -52.702  0.0000E+00  0.4000E+01
 -52.697  0.0000E+00  0.4000E+01
 -52.692  0.0000E+00  0.4000E+01
 -52.687  0.0000E+00  0.4000E+01
 -52.682  0.0000E+00  0.4000E+01
 -52.677  0.0000E+00  0.4000E+01
 -52.672  0.0000E+00  0.4000E+01
 -52.667  0.0000E+00  0.4000E+01
 -52.662  0.0000E+00  0.4000E+01
 -52.657  0.0000E+00  0.4000E+01
 -52.652  0.0000E+00  0.4000E+01
 -52.647  0.0000E+00  0.4000E+01
 -52.642  0.0000E+00  0.4000E+01
 -52.637  0.0000E+00  0.4000E+01
 -52.632  0.0000E+00  0.4000E+01
 -52.627  0.0000E+00  0.4000E+01
 -52.622  0.0000E+00  0.4000E+01
 -52.617  0.0000E+00  0.4000E+01
 -52.612  0.0000E+00  0.4000E+01
 -52.607  0.0000E+00  0.4000E+01
 -52.602  0.0000E+00  0.4000E+01
 -52.597  0.0000E+00  0.4000E+01
 -52.592  0.0000E+00  0.4000E+01
 -52.587  0.0000E+00  0.4000E+01
 -52.582  0.0000E+00  0.4000E+01
 -52.577  0.0000E+00  0.4000E+01
 -52.572  0.0000E+00  0.4000E+01
 -52.567  0.0000E+00  0.4000E+01
 -52.562  0.0000E+00  0.4000E+01
 -52.557  0.0000E+00  0.4000E+01
 -52.552  0.0000E+00  0.4000E+01
 -52.547  0.0000E+00  0.4000E+01
 -52.542  0.0000E+00  0.4000E+01
 -52.537  0.0000E+00  0.4000E+01
 -52.532  0.0000E+00  0.4000E+01
 -52.527  0.0000E+00  0.4000E+01
 -52.522  0.0000E+00  0.4000E+01
 -52.517  0.0000E+00  0.4000E+01
 -52.512  0.0000E+00  0.4000E+01
 -52.507  0.0000E+00  0.4000E+01
 -52.502  0.0000E+00  0.4000E+01
 -52.497  0.0000E+00  0.4000E+01
 -52.492  0.0000E+00  0.4000E+01
 -52.487  0.0000E+00  0.4000E+01
 -52.482  0.0000E+00  0.4000E+01
 -52.477  0.0000E+00  0.4000E+01
 -52.472  0.0000E+00  0.4000E+01
 -52.467  0.0000E+00  0.4000E+01
 -52.462  0.0000E+00  0.4000E+01
 -52.457  0.0000E+00  0.4000E+01
 -52.452  0.0000E+00  0.4000E+01
 -52.447  0.0000E+00  0.4000E+01
 -52.442  0.0000E+00  0.4000E+01
 -52.437  0.0000E+00  0.4000E+01
 -52.432  0.0000E+00  0.4000E+01
 -52.427  0.0000E+00  0.4000E+01
 -52.422  0.0000E+00  0.4000E+01
 -52.417  0.0000E+00  0.4000E+01
 -52.412  0.0000E+00  0.4000E+01
 -52.407  0.0000E+00  0.4000E+01
 -52.402  0.0000E+00  0.4000E+01
 -52.397  0.0000E+00  0.4000E+01
 -52.392  0.0000E+00  0.4000E+01
 -52.387  0.0000E+00  0.4000E+01
 -52.382  0.0000E+00  0.4000E+01
 -52.377  0.0000E+00  0.4000E+01
 -52.372  0.0000E+00  0.4000E+01
 -52.367  0.0000E+00  0.4000E+01
 -52.362  0.0000E+00  0.4000E+01
 -52.357  0.0000E+00  0.4000E+01
 -52.352  0.0000E+00  0.4000E+01
 -52.347  0.0000E+00  0.4000E+01
 -52.342  0.0000E+00  0.4000E+01
 -52.337  0.0000E+00  0.4000E+01
 -52.332  0.0000E+00  0.4000E+01
 -52.327  0.0000E+00  0.4000E+01
 -52.322  0.0000E+00  0.4000E+01
 -52.317  0.0000E+00  0.4000E+01
 -52.312  0.0000E+00  0.4000E+01
 -52.307  0.0000E+00  0.4000E+01
 -52.302  0.0000E+00  0.4000E+01
 -52.297  0.0000E+00  0.4000E+01
 -52.292  0.0000E+00  0.4000E+01
 -52.287  0.0000E+00  0.4000E+01
 -52.282  0.0000E+00  0.4000E+01
 -52.277  0.0000E+00  0.4000E+01
 -52.272  0.0000E+00  0.4000E+01
 -52.267  0.0000E+00  0.4000E+01
 -52.262  0.0000E+00  0.4000E+01
 -52.257  0.0000E+00  0.4000E+01
 -52.252  0.0000E+00  0.4000E+01
 -52.247  0.0000E+00  0.4000E+01
 -52.242  0.0000E+00  0.4000E+01
 -52.237  0.0000E+00  0.4000E+01
 -52.232  0.0000E+00  0.4000E+01
 -52.227  0.0000E+00  0.4000E+01
 -52.222  0.0000E+00  0.4000E+01
 -52.217  0.0000E+00  0.4000E+01
 -52.212  0.0000E+00  0.4000E+01
 -52.207  0.0000E+00  0.4000E+01
 -52.202  0.0000E+00  0.4000E+01
 -52.197  0.0000E+00  0.4000E+01
 -52.192  0.0000E+00  0.4000E+01
 -52.187  0.0000E+00  0.4000E+01
 -52.182  0.0000E+00  0.4000E+01
 -52.177  0.0000E+00  0.4000E+01
 -52.172  0.0000E+00  0.4000E+01
 -52.167  0.0000E+00  0.4000E+01
 -52.162  0.0000E+00  0.4000E+01
 -52.157  0.0000E+00  0.4000E+01
 -52.152  0.0000E+00  0.4000E+01
 -52.147  0.0000E+00  0.4000E+01
 -52.142  0.0000E+00  0.4000E+01
 -52.137  0.0000E+00  0.4000E+01
 -52.132  0.0000E+00  0.4000E+01
 -52.127  0.0000E+00  0.4000E+01
 -52.122  0.0000E+00  0.4000E+01
 -52.117  0.0000E+00  0.4000E+01
 -52.112  0.0000E+00  0.4000E+01
 -52.107  0.0000E+00  0.4000E+01
 -52.102  0.0000E+00  0.4000E+01
 -52.097  0.0000E+00  0.4000E+01
 -52.092  0.0000E+00  0.4000E+01
 -52.087  0.0000E+00  0.4000E+01
 -52.082  0.0000E+00  0.4000E+01
 -52.077  0.0000E+00  0.4000E+01
 -52.072  0.0000E+00  0.4000E+01
 -52.067  0.0000E+00  0.4000E+01
 -52.062  0.0000E+00  0.4000E+01
 -52.057  0.0000E+00  0.4000E+01
 -52.052  0.0000E+00  0.4000E+01
 -52.047  0.0000E+00  0.4000E+01
 -52.042  0.0000E+00  0.4000E+01
 -52.037  0.0000E+00  0.4000E+01
 -52.032  0.0000E+00  0.4000E+01
 -52.027  0.0000E+00  0.4000E+01
 -52.022  0.0000E+00  0.4000E+01
 -52.017  0.0000E+00  0.4000E+01
 -52.012  0.0000E+00  0.4000E+01
 -52.007  0.0000E+00  0.4000E+01
 -52.002  0.0000E+00  0.4000E+01
 -51.997  0.0000E+00  0.4000E+01
 -51.992  0.0000E+00  0.4000E+01
 -51.987  0.0000E+00  0.4000E+01
 -51.982  0.0000E+00  0.4000E+01
 -51.977  0.0000E+00  0.4000E+01
 -51.972  0.0000E+00  0.4000E+01
 -51.967  0.0000E+00  0.4000E+01
 -51.962  0.0000E+00  0.4000E+01
 -51.957  0.0000E+00  0.4000E+01
 -51.952  0.0000E+00  0.4000E+01
 -51.947  0.0000E+00  0.4000E+01
 -51.942  0.0000E+00  0.4000E+01
 -51.937  0.0000E+00  0.4000E+01
 -51.932  0.0000E+00  0.4000E+01
 -51.927  0.0000E+00  0.4000E+01
 -51.922  0.0000E+00  0.4000E+01
 -51.917  0.0000E+00  0.4000E+01
 -51.912  0.0000E+00  0.4000E+01
 -51.907  0.0000E+00  0.4000E+01
 -51.902  0.0000E+00  0.4000E+01
 -51.897  0.0000E+00  0.4000E+01
 -51.892  0.0000E+00  0.4000E+01
 -51.887  0.0000E+00  0.4000E+01
 -51.882  0.0000E+00  0.4000E+01
 -51.877  0.0000E+00  0.4000E+01
 -51.872  0.0000E+00  0.4000E+01
 -51.867  0.0000E+00  0.8000E+01
 -51.862  0.0000E+00  0.8000E+01
 -51.857  0.0000E+00  0.8000E+01
 -51.852  0.0000E+00  0.8000E+01
 -51.847  0.0000E+00  0.8000E+01
 -51.842  0.0000E+00  0.8000E+01
 -51.837  0.0000E+00  0.8000E+01
 -51.832  0.0000E+00  0.8000E+01
 -51.827  0.0000E+00  0.8000E+01
 -51.822  0.0000E+00  0.8000E+01
 -51.817  0.0000E+00  0.8000E+01
 -51.812  0.0000E+00  0.8000E+01
 -51.807  0.0000E+00  0.8000E+01
 -51.802  0.0000E+00  0.8000E+01
 -51.797  0.0000E+00  0.8000E+01
 -51.792  0.0000E+00  0.8000E+01
 -51.787  0.0000E+00  0.8000E+01
 -51.782  0.0000E+00  0.8000E+01
 -51.777  0.0000E+00  0.8000E+01
 -51.772  0.0000E+00  0.8000E+01
 -51.767  0.0000E+00  0.8000E+01
 -51.762  0.0000E+00  0.8000E+01
 -51.757  0.0000E+00  0.8000E+01
 -51.752  0.0000E+00  0.8000E+01
 -51.747  0.0000E+00  0.8000E+01
 -51.742  0.0000E+00  0.8000E+01
 -51.737  0.0000E+00  0.8000E+01
 -51.732  0.0000E+00  0.8000E+01
 -51.727  0.0000E+00  0.8000E+01
 -51.722  0.0000E+00  0.8000E+01
 -51.717  0.0000E+00  0.8000E+01
 -51.712  0.0000E+00  0.8000E+01
 -51.707  0.0000E+00  0.8000E+01
 -51.702  0.0000E+00  0.8000E+01
 -51.697  0.0000E+00  0.8000E+01
 -51.692  0.0000E+00  0.8000E+01
 -51.687  0.0000E+00  0.8000E+01
 -51.682  0.0000E+00  0.8000E+01
 -51.677  0.0000E+00  0.8000E+01
 -51.672  0.0000E+00  0.8000E+01
 -51.667  0.0000E+00  0.8000E+01
 -51.662  0.0000E+00  0.8000E+01
 -51.657  0.0000E+00  0.8000E+01
 -51.652  0.0000E+00  0.8000E+01
 -51.647  0.0000E+00  0.8000E+01
 -51.642  0.0000E+00  0.8000E+01
 -51.637  0.0000E+00  0.8000E+01
 -51.632  0.0000E+00  0.8000E+01
 -51.627  0.0000E+00  0.8000E+01
 -51.622  0.0000E+00  0.8000E+01
 -51.617  0.0000E+00  0.8000E+01
 -51.612  0.0000E+00  0.8000E+01
 -51.607  0.0000E+00  0.8000E+01
 -51.602  0.0000E+00  0.8000E+01
 -51.597  0.0000E+00  0.8000E+01
 -51.592  0.0000E+00  0.8000E+01
 -51.587  0.0000E+00  0.8000E+01
 -51.582  0.0000E+00  0.8000E+01
 -51.577  0.0000E+00  0.8000E+01
 -51.572  0.0000E+00  0.8000E+01
 -51.567  0.0000E+00  0.8000E+01
 -51.562  0.0000E+00  0.8000E+01
 -51.557  0.0000E+00  0.8000E+01
 -51.552  0.0000E+00  0.8000E+01
 -51.547  0.0000E+00  0.8000E+01
 -51.542  0.0000E+00  0.8000E+01
 -51.537  0.0000E+00  0.8000E+01
 -51.532  0.0000E+00  0.8000E+01
 -51.527  0.0000E+00  0.8000E+01
 -51.522  0.0000E+00  0.8000E+01
 -51.517  0.0000E+00  0.8000E+01
 -51.512  0.0000E+00  0.8000E+01
 -51.507  0.0000E+00  0.8000E+01
 -51.502  0.0000E+00  0.8000E+01
 -51.497  0.0000E+00  0.8000E+01
 -51.492  0.0000E+00  0.8000E+01
 -51.487  0.0000E+00  0.8000E+01
 -51.482  0.0000E+00  0.8000E+01
 -51.477  0.0000E+00  0.8000E+01
 -51.472  0.0000E+00  0.8000E+01
 -51.467  0.0000E+00  0.8000E+01
 -51.462  0.0000E+00  0.8000E+01
 -51.457  0.0000E+00  0.8000E+01
 -51.452  0.0000E+00  0.8000E+01
 -51.447  0.0000E+00  0.8000E+01
 -51.442  0.0000E+00  0.8000E+01
 -51.437  0.0000E+00  0.8000E+01
 -51.432  0.0000E+00  0.8000E+01
 -51.427  0.0000E+00  0.8000E+01
 -51.422  0.0000E+00  0.8000E+01
 -51.417  0.0000E+00  0.8000E+01
 -51.412  0.0000E+00  0.8000E+01
 -51.407  0.0000E+00  0.8000E+01
 -51.402  0.0000E+00  0.8000E+01
 -51.397  0.0000E+00  0.8000E+01
 -51.392  0.0000E+00  0.8000E+01
 -51.387  0.0000E+00  0.8000E+01
 -51.382  0.0000E+00  0.8000E+01
 -51.377  0.0000E+00  0.8000E+01
 -51.372  0.0000E+00  0.8000E+01
 -51.367  0.0000E+00  0.8000E+01
 -51.362  0.0000E+00  0.8000E+01
 -51.357  0.0000E+00  0.8000E+01
 -51.352  0.0000E+00  0.8000E+01
 -51.347  0.0000E+00  0.8000E+01
 -51.342  0.0000E+00  0.8000E+01
 -51.337  0.0000E+00  0.8000E+01
 -51.332  0.0000E+00  0.8000E+01
 -51.327  0.0000E+00  0.8000E+01
 -51.322  0.0000E+00  0.8000E+01
 -51.317  0.0000E+00  0.8000E+01
 -51.312  0.0000E+00  0.8000E+01
 -51.307  0.0000E+00  0.8000E+01
 -51.302  0.0000E+00  0.8000E+01
 -51.297  0.0000E+00  0.8000E+01
 -51.292  0.0000E+00  0.8000E+01
 -51.287  0.0000E+00  0.8000E+01
 -51.282  0.0000E+00  0.8000E+01
 -51.277  0.0000E+00  0.8000E+01
 -51.272  0.0000E+00  0.8000E+01
 -51.267  0.0000E+00  0.8000E+01
 -51.262  0.0000E+00  0.8000E+01
 -51.257  0.0000E+00  0.8000E+01
 -51.252  0.0000E+00  0.8000E+01
 -51.247  0.0000E+00  0.8000E+01
 -51.242  0.0000E+00  0.8000E+01
 -51.237  0.0000E+00  0.8000E+01
 -51.232  0.0000E+00  0.8000E+01
 -51.227  0.0000E+00  0.8000E+01
 -51.222  0.0000E+00  0.8000E+01
 -51.217  0.0000E+00  0.8000E+01
 -51.212  0.0000E+00  0.8000E+01
 -51.207  0.0000E+00  0.8000E+01
 -51.202  0.0000E+00  0.8000E+01
 -51.197  0.0000E+00  0.8000E+01
 -51.192  0.0000E+00  0.8000E+01
 -51.187  0.0000E+00  0.8000E+01
 -51.182  0.0000E+00  0.8000E+01
 -51.177  0.0000E+00  0.8000E+01
 -51.172  0.0000E+00  0.8000E+01
 -51.167  0.0000E+00  0.8000E+01
 -51.162  0.0000E+00  0.8000E+01
 -51.157  0.0000E+00  0.8000E+01
 -51.152  0.0000E+00  0.8000E+01
 -51.147  0.0000E+00  0.8000E+01
 -51.142  0.0000E+00  0.8000E+01
 -51.137  0.0000E+00  0.8000E+01
 -51.132  0.0000E+00  0.8000E+01
 -51.127  0.0000E+00  0.8000E+01
 -51.122  0.0000E+00  0.8000E+01
 -51.117  0.0000E+00  0.8000E+01
 -51.112  0.0000E+00  0.8000E+01
 -51.107  0.0000E+00  0.8000E+01
 -51.102  0.0000E+00  0.8000E+01
 -51.097  0.0000E+00  0.8000E+01
 -51.092  0.0000E+00  0.8000E+01
 -51.087  0.0000E+00  0.8000E+01
 -51.082  0.0000E+00  0.8000E+01
 -51.077  0.0000E+00  0.8000E+01
 -51.072  0.0000E+00  0.8000E+01
 -51.067  0.0000E+00  0.8000E+01
 -51.062  0.0000E+00  0.8000E+01
 -51.057  0.0000E+00  0.8000E+01
 -51.052  0.0000E+00  0.8000E+01
 -51.047  0.0000E+00  0.8000E+01
 -51.042  0.0000E+00  0.8000E+01
 -51.037  0.0000E+00  0.8000E+01
 -51.032  0.0000E+00  0.8000E+01
 -51.027  0.0000E+00  0.8000E+01
 -51.022  0.0000E+00  0.8000E+01
 -51.017  0.0000E+00  0.8000E+01
 -51.012  0.0000E+00  0.8000E+01
 -51.007  0.0000E+00  0.8000E+01
 -51.002  0.0000E+00  0.8000E+01
 -50.997  0.0000E+00  0.8000E+01
 -50.992  0.0000E+00  0.8000E+01
 -50.987  0.0000E+00  0.8000E+01
 -50.982  0.0000E+00  0.8000E+01
 -50.977  0.0000E+00  0.8000E+01
 -50.972  0.0000E+00  0.8000E+01
 -50.967  0.0000E+00  0.8000E+01
 -50.962  0.0000E+00  0.8000E+01
 -50.957  0.0000E+00  0.8000E+01
 -50.952  0.0000E+00  0.8000E+01
 -50.947  0.0000E+00  0.8000E+01
 -50.942  0.0000E+00  0.8000E+01
 -50.937  0.0000E+00  0.8000E+01
 -50.932  0.0000E+00  0.8000E+01
 -50.927  0.0000E+00  0.8000E+01
 -50.922  0.0000E+00  0.8000E+01
 -50.917  0.0000E+00  0.8000E+01
 -50.912  0.0000E+00  0.8000E+01
 -50.907  0.0000E+00  0.8000E+01
 -50.902  0.0000E+00  0.8000E+01
 -50.897  0.0000E+00  0.8000E+01
 -50.892  0.0000E+00  0.8000E+01
 -50.887  0.0000E+00  0.8000E+01
 -50.882  0.0000E+00  0.8000E+01
 -50.877  0.0000E+00  0.8000E+01
 -50.872  0.0000E+00  0.8000E+01
 -50.867  0.0000E+00  0.8000E+01
 -50.862  0.0000E+00  0.8000E+01
 -50.857  0.0000E+00  0.8000E+01
 -50.852  0.0000E+00  0.8000E+01
 -50.847  0.0000E+00  0.8000E+01
 -50.842  0.0000E+00  0.8000E+01
 -50.837  0.0000E+00  0.8000E+01
 -50.832  0.0000E+00  0.8000E+01
 -50.827  0.0000E+00  0.8000E+01
 -50.822  0.0000E+00  0.8000E+01
 -50.817  0.0000E+00  0.8000E+01
 -50.812  0.0000E+00  0.8000E+01
 -50.807  0.0000E+00  0.8000E+01
 -50.802  0.0000E+00  0.8000E+01
 -50.797  0.0000E+00  0.8000E+01
 -50.792  0.0000E+00  0.8000E+01
 -50.787  0.0000E+00  0.8000E+01
 -50.782  0.0000E+00  0.8000E+01
 -50.777  0.0000E+00  0.8000E+01
 -50.772  0.0000E+00  0.8000E+01
 -50.767  0.0000E+00  0.8000E+01
 -50.762  0.0000E+00  0.8000E+01
 -50.757  0.0000E+00  0.8000E+01
 -50.752  0.0000E+00  0.8000E+01
 -50.747  0.0000E+00  0.8000E+01
 -50.742  0.0000E+00  0.8000E+01
 -50.737  0.0000E+00  0.8000E+01
 -50.732  0.0000E+00  0.8000E+01
 -50.727  0.0000E+00  0.8000E+01
 -50.722  0.0000E+00  0.8000E+01
 -50.717  0.0000E+00  0.8000E+01
 -50.712  0.0000E+00  0.8000E+01
 -50.707  0.0000E+00  0.8000E+01
 -50.702  0.0000E+00  0.8000E+01
 -50.697  0.0000E+00  0.8000E+01
 -50.692  0.0000E+00  0.8000E+01
 -50.687  0.0000E+00  0.8000E+01
 -50.682  0.0000E+00  0.8000E+01
 -50.677  0.0000E+00  0.8000E+01
 -50.672  0.0000E+00  0.8000E+01
 -50.667  0.0000E+00  0.8000E+01
 -50.662  0.0000E+00  0.8000E+01
 -50.657  0.0000E+00  0.8000E+01
 -50.652  0.0000E+00  0.8000E+01
 -50.647  0.0000E+00  0.8000E+01
 -50.642  0.0000E+00  0.8000E+01
 -50.637  0.0000E+00  0.8000E+01
 -50.632  0.0000E+00  0.8000E+01
 -50.627  0.0000E+00  0.8000E+01
 -50.622  0.0000E+00  0.8000E+01
 -50.617  0.0000E+00  0.8000E+01
 -50.612  0.0000E+00  0.8000E+01
 -50.607  0.0000E+00  0.8000E+01
 -50.602  0.0000E+00  0.8000E+01
 -50.597  0.0000E+00  0.8000E+01
 -50.592  0.0000E+00  0.8000E+01
 -50.587  0.0000E+00  0.8000E+01
 -50.582  0.0000E+00  0.8000E+01
 -50.577  0.0000E+00  0.8000E+01
 -50.572  0.0000E+00  0.8000E+01
 -50.567  0.0000E+00  0.8000E+01
 -50.562  0.0000E+00  0.8000E+01
 -50.557  0.0000E+00  0.8000E+01
 -50.552  0.0000E+00  0.8000E+01
 -50.547  0.0000E+00  0.8000E+01
 -50.542  0.0000E+00  0.8000E+01
 -50.537  0.0000E+00  0.8000E+01
 -50.532  0.0000E+00  0.8000E+01
 -50.527  0.0000E+00  0.8000E+01
 -50.522  0.0000E+00  0.8000E+01
 -50.517  0.0000E+00  0.8000E+01
 -50.512  0.0000E+00  0.8000E+01
 -50.507  0.0000E+00  0.8000E+01
 -50.502  0.0000E+00  0.8000E+01
 -50.497  0.0000E+00  0.8000E+01
 -50.492  0.0000E+00  0.8000E+01
 -50.487  0.0000E+00  0.8000E+01
 -50.482  0.0000E+00  0.8000E+01
 -50.477  0.0000E+00  0.8000E+01
 -50.472  0.0000E+00  0.8000E+01
 -50.467  0.0000E+00  0.8000E+01
 -50.462  0.0000E+00  0.8000E+01
 -50.457  0.0000E+00  0.8000E+01
 -50.452  0.0000E+00  0.8000E+01
 -50.447  0.0000E+00  0.8000E+01
 -50.442  0.0000E+00  0.8000E+01
 -50.437  0.0000E+00  0.8000E+01
 -50.432  0.0000E+00  0.8000E+01
 -50.427  0.0000E+00  0.8000E+01
 -50.422  0.0000E+00  0.8000E+01
 -50.417  0.0000E+00  0.8000E+01
 -50.412  0.0000E+00  0.8000E+01
 -50.407  0.0000E+00  0.8000E+01
 -50.402  0.0000E+00  0.8000E+01
 -50.397  0.0000E+00  0.8000E+01
 -50.392  0.0000E+00  0.8000E+01
 -50.387  0.0000E+00  0.8000E+01
 -50.382  0.0000E+00  0.8000E+01
 -50.377  0.0000E+00  0.8000E+01
 -50.372  0.0000E+00  0.8000E+01
 -50.367  0.0000E+00  0.8000E+01
 -50.362  0.0000E+00  0.8000E+01
 -50.357  0.0000E+00  0.8000E+01
 -50.352  0.0000E+00  0.8000E+01
 -50.347  0.0000E+00  0.8000E+01
 -50.342  0.0000E+00  0.8000E+01
 -50.337  0.0000E+00  0.8000E+01
 -50.332  0.0000E+00  0.8000E+01
 -50.327  0.0000E+00  0.8000E+01
 -50.322  0.0000E+00  0.8000E+01
 -50.317  0.0000E+00  0.8000E+01
 -50.312  0.0000E+00  0.8000E+01
 -50.307  0.0000E+00  0.8000E+01
 -50.302  0.0000E+00  0.8000E+01
 -50.297  0.0000E+00  0.8000E+01
 -50.292  0.0000E+00  0.8000E+01
 -50.287  0.0000E+00  0.8000E+01
 -50.282  0.0000E+00  0.8000E+01
 -50.277  0.0000E+00  0.8000E+01
 -50.272  0.0000E+00  0.8000E+01
 -50.267  0.0000E+00  0.8000E+01
 -50.262  0.0000E+00  0.8000E+01
 -50.257  0.0000E+00  0.8000E+01
 -50.252  0.0000E+00  0.8000E+01
 -50.247  0.0000E+00  0.8000E+01
 -50.242  0.0000E+00  0.8000E+01
 -50.237  0.0000E+00  0.8000E+01
 -50.232  0.0000E+00  0.8000E+01
 -50.227  0.0000E+00  0.8000E+01
 -50.222  0.0000E+00  0.8000E+01
 -50.217  0.0000E+00  0.8000E+01
 -50.212  0.0000E+00  0.8000E+01
 -50.207  0.0000E+00  0.8000E+01
 -50.202  0.0000E+00  0.8000E+01
 -50.197  0.0000E+00  0.8000E+01
 -50.192  0.0000E+00  0.8000E+01
 -50.187  0.0000E+00  0.8000E+01
 -50.182  0.0000E+00  0.8000E+01
 -50.177  0.0000E+00  0.8000E+01
 -50.172  0.0000E+00  0.8000E+01
 -50.167  0.0000E+00  0.8000E+01
 -50.162  0.0000E+00  0.8000E+01
 -50.157  0.0000E+00  0.8000E+01
 -50.152  0.0000E+00  0.8000E+01
 -50.147  0.0000E+00  0.8000E+01
 -50.142  0.0000E+00  0.8000E+01
 -50.137  0.0000E+00  0.8000E+01
 -50.132  0.0000E+00  0.8000E+01
 -50.127  0.0000E+00  0.8000E+01
 -50.122  0.0000E+00  0.8000E+01
 -50.117  0.0000E+00  0.8000E+01
 -50.112  0.0000E+00  0.8000E+01
 -50.107  0.0000E+00  0.8000E+01
 -50.102  0.0000E+00  0.8000E+01
 -50.097  0.0000E+00  0.8000E+01
 -50.092  0.0000E+00  0.8000E+01
 -50.087  0.0000E+00  0.8000E+01
 -50.082  0.0000E+00  0.8000E+01
 -50.077  0.0000E+00  0.8000E+01
 -50.072  0.0000E+00  0.8000E+01
 -50.067  0.0000E+00  0.8000E+01
 -50.062  0.0000E+00  0.8000E+01
 -50.057  0.0000E+00  0.8000E+01
 -50.052  0.0000E+00  0.8000E+01
 -50.047  0.0000E+00  0.8000E+01
 -50.042  0.0000E+00  0.8000E+01
 -50.037  0.0000E+00  0.8000E+01
 -50.032  0.0000E+00  0.8000E+01
 -50.027  0.0000E+00  0.8000E+01
 -50.022  0.0000E+00  0.8000E+01
 -50.017  0.0000E+00  0.8000E+01
 -50.012  0.0000E+00  0.8000E+01
 -50.007  0.0000E+00  0.8000E+01
 -50.002  0.0000E+00  0.8000E+01
 -49.997  0.0000E+00  0.8000E+01
 -49.992  0.0000E+00  0.8000E+01
 -49.987  0.0000E+00  0.8000E+01
 -49.982  0.0000E+00  0.8000E+01
 -49.977  0.0000E+00  0.8000E+01
 -49.972  0.0000E+00  0.8000E+01
 -49.967  0.0000E+00  0.8000E+01
 -49.962  0.0000E+00  0.8000E+01
 -49.957  0.0000E+00  0.8000E+01
 -49.952  0.0000E+00  0.8000E+01
 -49.947  0.0000E+00  0.8000E+01
 -49.942  0.0000E+00  0.8000E+01
 -49.937  0.0000E+00  0.8000E+01
 -49.932  0.0000E+00  0.8000E+01
 -49.927  0.0000E+00  0.8000E+01
 -49.922  0.0000E+00  0.8000E+01
 -49.917  0.0000E+00  0.8000E+01
 -49.912  0.0000E+00  0.8000E+01
 -49.907  0.0000E+00  0.8000E+01
 -49.902  0.0000E+00  0.8000E+01
 -49.897  0.0000E+00  0.8000E+01
 -49.892  0.0000E+00  0.8000E+01
 -49.887  0.0000E+00  0.8000E+01
 -49.882  0.0000E+00  0.8000E+01
 -49.877  0.0000E+00  0.8000E+01
 -49.872  0.0000E+00  0.8000E+01
 -49.867  0.0000E+00  0.8000E+01
 -49.862  0.0000E+00  0.8000E+01
 -49.857  0.0000E+00  0.8000E+01
 -49.852  0.0000E+00  0.8000E+01
 -49.847  0.0000E+00  0.8000E+01
 -49.842  0.0000E+00  0.8000E+01
 -49.837  0.0000E+00  0.8000E+01
 -49.832  0.0000E+00  0.8000E+01
 -49.827  0.0000E+00  0.8000E+01
 -49.822  0.0000E+00  0.8000E+01
 -49.817  0.0000E+00  0.8000E+01
 -49.812  0.0000E+00  0.8000E+01
 -49.807  0.0000E+00  0.8000E+01
 -49.802  0.0000E+00  0.8000E+01
 -49.797  0.0000E+00  0.8000E+01
 -49.792  0.0000E+00  0.8000E+01
 -49.787  0.0000E+00  0.8000E+01
 -49.782  0.0000E+00  0.8000E+01
 -49.777  0.0000E+00  0.8000E+01
 -49.772  0.0000E+00  0.8000E+01
 -49.767  0.0000E+00  0.8000E+01
 -49.762  0.0000E+00  0.8000E+01
 -49.757  0.0000E+00  0.8000E+01
 -49.752  0.0000E+00  0.8000E+01
 -49.747  0.0000E+00  0.8000E+01
 -49.742  0.0000E+00  0.8000E+01
 -49.737  0.0000E+00  0.8000E+01
 -49.732  0.0000E+00  0.8000E+01
 -49.727  0.0000E+00  0.8000E+01
 -49.722  0.0000E+00  0.8000E+01
 -49.717  0.0000E+00  0.8000E+01
 -49.712  0.0000E+00  0.8000E+01
 -49.707  0.0000E+00  0.8000E+01
 -49.702  0.0000E+00  0.8000E+01
 -49.697  0.0000E+00  0.8000E+01
 -49.692  0.0000E+00  0.8000E+01
 -49.687  0.0000E+00  0.8000E+01
 -49.682  0.0000E+00  0.8000E+01
 -49.677  0.0000E+00  0.8000E+01
 -49.672  0.0000E+00  0.8000E+01
 -49.667  0.0000E+00  0.8000E+01
 -49.662  0.0000E+00  0.8000E+01
 -49.657  0.0000E+00  0.8000E+01
 -49.652  0.0000E+00  0.8000E+01
 -49.647  0.0000E+00  0.8000E+01
 -49.642  0.0000E+00  0.8000E+01
 -49.637  0.0000E+00  0.8000E+01
 -49.632  0.0000E+00  0.8000E+01
 -49.627  0.0000E+00  0.8000E+01
 -49.622  0.0000E+00  0.8000E+01
 -49.617  0.0000E+00  0.8000E+01
 -49.612  0.0000E+00  0.8000E+01
 -49.607  0.0000E+00  0.8000E+01
 -49.602  0.0000E+00  0.8000E+01
 -49.597  0.0000E+00  0.8000E+01
 -49.592  0.0000E+00  0.8000E+01
 -49.587  0.0000E+00  0.8000E+01
 -49.582  0.0000E+00  0.8000E+01
 -49.577  0.0000E+00  0.8000E+01
 -49.572  0.0000E+00  0.8000E+01
 -49.567  0.0000E+00  0.8000E+01
 -49.562  0.0000E+00  0.8000E+01
 -49.557  0.0000E+00  0.8000E+01
 -49.552  0.0000E+00  0.8000E+01
 -49.547  0.0000E+00  0.8000E+01
 -49.542  0.0000E+00  0.8000E+01
 -49.537  0.0000E+00  0.8000E+01
 -49.532  0.0000E+00  0.8000E+01
 -49.527  0.0000E+00  0.8000E+01
 -49.522  0.0000E+00  0.8000E+01
 -49.517  0.0000E+00  0.8000E+01
 -49.512  0.0000E+00  0.8000E+01
 -49.507  0.0000E+00  0.8000E+01
 -49.502  0.0000E+00  0.8000E+01
 -49.497  0.0000E+00  0.8000E+01
 -49.492  0.0000E+00  0.8000E+01
 -49.487  0.0000E+00  0.8000E+01
 -49.482  0.0000E+00  0.8000E+01
 -49.477  0.0000E+00  0.8000E+01
 -49.472  0.0000E+00  0.8000E+01
 -49.467  0.0000E+00  0.8000E+01
 -49.462  0.0000E+00  0.8000E+01
 -49.457  0.0000E+00  0.8000E+01
 -49.452  0.0000E+00  0.8000E+01
 -49.447  0.0000E+00  0.8000E+01
 -49.442  0.0000E+00  0.8000E+01
 -49.437  0.0000E+00  0.8000E+01
 -49.432  0.0000E+00  0.8000E+01
 -49.427  0.0000E+00  0.8000E+01
 -49.422  0.0000E+00  0.8000E+01
 -49.417  0.0000E+00  0.8000E+01
 -49.412  0.0000E+00  0.8000E+01
 -49.407  0.0000E+00  0.8000E+01
 -49.402  0.0000E+00  0.8000E+01
 -49.397  0.0000E+00  0.8000E+01
 -49.392  0.0000E+00  0.8000E+01
 -49.387  0.0000E+00  0.8000E+01
 -49.382  0.0000E+00  0.8000E+01
 -49.377  0.0000E+00  0.8000E+01
 -49.372  0.0000E+00  0.8000E+01
 -49.367  0.0000E+00  0.8000E+01
 -49.362  0.0000E+00  0.8000E+01
 -49.357  0.0000E+00  0.8000E+01
 -49.352  0.0000E+00  0.8000E+01
 -49.347  0.0000E+00  0.8000E+01
 -49.342  0.0000E+00  0.8000E+01
 -49.337  0.0000E+00  0.8000E+01
 -49.332  0.0000E+00  0.8000E+01
 -49.327  0.0000E+00  0.8000E+01
 -49.322  0.0000E+00  0.8000E+01
 -49.317  0.0000E+00  0.8000E+01
 -49.312  0.0000E+00  0.8000E+01
 -49.307  0.0000E+00  0.8000E+01
 -49.302  0.0000E+00  0.8000E+01
 -49.297  0.0000E+00  0.8000E+01
 -49.292  0.0000E+00  0.8000E+01
 -49.287  0.0000E+00  0.8000E+01
 -49.282  0.0000E+00  0.8000E+01
 -49.277  0.0000E+00  0.8000E+01
 -49.272  0.0000E+00  0.8000E+01
 -49.267  0.0000E+00  0.8000E+01
 -49.262  0.0000E+00  0.8000E+01
 -49.257  0.0000E+00  0.8000E+01
 -49.252  0.0000E+00  0.8000E+01
 -49.247  0.0000E+00  0.8000E+01
 -49.242  0.0000E+00  0.8000E+01
 -49.237  0.0000E+00  0.8000E+01
 -49.232  0.0000E+00  0.8000E+01
 -49.227  0.0000E+00  0.8000E+01
 -49.222  0.0000E+00  0.8000E+01
 -49.217  0.0000E+00  0.8000E+01
 -49.212  0.0000E+00  0.8000E+01
 -49.207  0.0000E+00  0.8000E+01
 -49.202  0.0000E+00  0.8000E+01
 -49.197  0.0000E+00  0.8000E+01
 -49.192  0.0000E+00  0.8000E+01
 -49.187  0.0000E+00  0.8000E+01
 -49.182  0.0000E+00  0.8000E+01
 -49.177  0.0000E+00  0.8000E+01
 -49.172  0.0000E+00  0.8000E+01
 -49.167  0.0000E+00  0.8000E+01
 -49.162  0.0000E+00  0.8000E+01
 -49.157  0.0000E+00  0.8000E+01
 -49.152  0.0000E+00  0.8000E+01
 -49.147  0.0000E+00  0.8000E+01
 -49.142  0.0000E+00  0.8000E+01
 -49.137  0.0000E+00  0.8000E+01
 -49.132  0.0000E+00  0.8000E+01
 -49.127  0.0000E+00  0.8000E+01
 -49.122  0.0000E+00  0.8000E+01
 -49.117  0.0000E+00  0.8000E+01
 -49.112  0.0000E+00  0.8000E+01
 -49.107  0.0000E+00  0.8000E+01
 -49.102  0.0000E+00  0.8000E+01
 -49.097  0.0000E+00  0.8000E+01
 -49.092  0.0000E+00  0.8000E+01
 -49.087  0.0000E+00  0.8000E+01
 -49.082  0.0000E+00  0.8000E+01
 -49.077  0.0000E+00  0.8000E+01
 -49.072  0.0000E+00  0.8000E+01
 -49.067  0.0000E+00  0.8000E+01
 -49.062  0.0000E+00  0.8000E+01
 -49.057  0.0000E+00  0.8000E+01
 -49.052  0.0000E+00  0.8000E+01
 -49.047  0.0000E+00  0.8000E+01
 -49.042  0.0000E+00  0.8000E+01
 -49.037  0.0000E+00  0.8000E+01
 -49.032  0.0000E+00  0.8000E+01
 -49.027  0.0000E+00  0.8000E+01
 -49.022  0.0000E+00  0.8000E+01
 -49.017  0.0000E+00  0.8000E+01
 -49.012  0.0000E+00  0.8000E+01
 -49.007  0.0000E+00  0.8000E+01
 -49.002  0.0000E+00  0.8000E+01
 -48.997  0.0000E+00  0.8000E+01
 -48.992  0.0000E+00  0.8000E+01
 -48.987  0.0000E+00  0.8000E+01
 -48.982  0.0000E+00  0.8000E+01
 -48.977  0.0000E+00  0.8000E+01
 -48.972  0.0000E+00  0.8000E+01
 -48.967  0.0000E+00  0.8000E+01
 -48.962  0.0000E+00  0.8000E+01
 -48.957  0.0000E+00  0.8000E+01
 -48.952  0.0000E+00  0.8000E+01
 -48.947  0.0000E+00  0.8000E+01
 -48.942  0.0000E+00  0.8000E+01
 -48.937  0.0000E+00  0.8000E+01
 -48.932  0.0000E+00  0.8000E+01
 -48.927  0.0000E+00  0.8000E+01
 -48.922  0.0000E+00  0.8000E+01
 -48.917  0.0000E+00  0.8000E+01
 -48.912  0.0000E+00  0.8000E+01
 -48.907  0.0000E+00  0.8000E+01
 -48.902  0.0000E+00  0.8000E+01
 -48.897  0.0000E+00  0.8000E+01
 -48.892  0.0000E+00  0.8000E+01
 -48.887  0.0000E+00  0.8000E+01
 -48.882  0.0000E+00  0.8000E+01
 -48.877  0.0000E+00  0.8000E+01
 -48.872  0.0000E+00  0.8000E+01
 -48.867  0.0000E+00  0.8000E+01
 -48.862  0.0000E+00  0.8000E+01
 -48.857  0.0000E+00  0.8000E+01
 -48.852  0.0000E+00  0.8000E+01
 -48.847  0.0000E+00  0.8000E+01
 -48.842  0.0000E+00  0.8000E+01
 -48.837  0.0000E+00  0.8000E+01
 -48.832  0.0000E+00  0.8000E+01
 -48.827  0.0000E+00  0.8000E+01
 -48.822  0.0000E+00  0.8000E+01
 -48.817  0.0000E+00  0.8000E+01
 -48.812  0.0000E+00  0.8000E+01
 -48.807  0.0000E+00  0.8000E+01
 -48.802  0.0000E+00  0.8000E+01
 -48.797  0.0000E+00  0.8000E+01
 -48.792  0.0000E+00  0.8000E+01
 -48.787  0.0000E+00  0.8000E+01
 -48.782  0.0000E+00  0.8000E+01
 -48.777  0.0000E+00  0.8000E+01
 -48.772  0.0000E+00  0.8000E+01
 -48.767  0.0000E+00  0.8000E+01
 -48.762  0.0000E+00  0.8000E+01
 -48.757  0.0000E+00  0.8000E+01
 -48.752  0.0000E+00  0.8000E+01
 -48.747  0.0000E+00  0.8000E+01
 -48.742  0.0000E+00  0.8000E+01
 -48.737  0.0000E+00  0.8000E+01
 -48.732  0.0000E+00  0.8000E+01
 -48.727  0.0000E+00  0.8000E+01
 -48.722  0.0000E+00  0.8000E+01
 -48.717  0.0000E+00  0.8000E+01
 -48.712  0.0000E+00  0.8000E+01
 -48.707  0.0000E+00  0.8000E+01
 -48.702  0.0000E+00  0.8000E+01
 -48.697  0.0000E+00  0.8000E+01
 -48.692  0.0000E+00  0.8000E+01
 -48.687  0.0000E+00  0.8000E+01
 -48.682  0.0000E+00  0.8000E+01
 -48.677  0.0000E+00  0.8000E+01
 -48.672  0.0000E+00  0.8000E+01
 -48.667  0.0000E+00  0.8000E+01
 -48.662  0.0000E+00  0.8000E+01
 -48.657  0.0000E+00  0.8000E+01
 -48.652  0.0000E+00  0.8000E+01
 -48.647  0.0000E+00  0.8000E+01
 -48.642  0.0000E+00  0.8000E+01
 -48.637  0.0000E+00  0.8000E+01
 -48.632  0.0000E+00  0.8000E+01
 -48.627  0.0000E+00  0.8000E+01
 -48.622  0.0000E+00  0.8000E+01
 -48.617  0.0000E+00  0.8000E+01
 -48.612  0.0000E+00  0.8000E+01
 -48.607  0.0000E+00  0.8000E+01
 -48.602  0.0000E+00  0.8000E+01
 -48.597  0.0000E+00  0.8000E+01
 -48.592  0.0000E+00  0.8000E+01
 -48.587  0.0000E+00  0.8000E+01
 -48.582  0.0000E+00  0.8000E+01
 -48.577  0.0000E+00  0.8000E+01
 -48.572  0.0000E+00  0.8000E+01
 -48.567  0.0000E+00  0.8000E+01
 -48.562  0.0000E+00  0.8000E+01
 -48.557  0.0000E+00  0.8000E+01
 -48.552  0.0000E+00  0.8000E+01
 -48.547  0.0000E+00  0.8000E+01
 -48.542  0.0000E+00  0.8000E+01
 -48.537  0.0000E+00  0.8000E+01
 -48.532  0.0000E+00  0.8000E+01
 -48.527  0.0000E+00  0.8000E+01
 -48.522  0.0000E+00  0.8000E+01
 -48.517  0.0000E+00  0.8000E+01
 -48.512  0.0000E+00  0.8000E+01
 -48.507  0.0000E+00  0.8000E+01
 -48.502  0.0000E+00  0.8000E+01
 -48.497  0.0000E+00  0.8000E+01
 -48.492  0.0000E+00  0.8000E+01
 -48.487  0.0000E+00  0.8000E+01
 -48.482  0.0000E+00  0.8000E+01
 -48.477  0.0000E+00  0.8000E+01
 -48.472  0.0000E+00  0.8000E+01
 -48.467  0.0000E+00  0.8000E+01
 -48.462  0.0000E+00  0.8000E+01
 -48.457  0.0000E+00  0.8000E+01
 -48.452  0.0000E+00  0.8000E+01
 -48.447  0.0000E+00  0.8000E+01
 -48.442  0.0000E+00  0.8000E+01
 -48.437  0.0000E+00  0.8000E+01
 -48.432  0.0000E+00  0.8000E+01
 -48.427  0.0000E+00  0.8000E+01
 -48.422  0.0000E+00  0.8000E+01
 -48.417  0.0000E+00  0.8000E+01
 -48.412  0.0000E+00  0.8000E+01
 -48.407  0.0000E+00  0.8000E+01
 -48.402  0.0000E+00  0.8000E+01
 -48.397  0.0000E+00  0.8000E+01
 -48.392  0.0000E+00  0.8000E+01
 -48.387  0.0000E+00  0.8000E+01
 -48.382  0.0000E+00  0.8000E+01
 -48.377  0.0000E+00  0.8000E+01
 -48.372  0.0000E+00  0.8000E+01
 -48.367  0.0000E+00  0.8000E+01
 -48.362  0.0000E+00  0.8000E+01
 -48.357  0.0000E+00  0.8000E+01
 -48.352  0.0000E+00  0.8000E+01
 -48.347  0.0000E+00  0.8000E+01
 -48.342  0.0000E+00  0.8000E+01
 -48.337  0.0000E+00  0.8000E+01
 -48.332  0.0000E+00  0.8000E+01
 -48.327  0.0000E+00  0.8000E+01
 -48.322  0.0000E+00  0.8000E+01
 -48.317  0.0000E+00  0.8000E+01
 -48.312  0.0000E+00  0.8000E+01
 -48.307  0.0000E+00  0.8000E+01
 -48.302  0.0000E+00  0.8000E+01
 -48.297  0.0000E+00  0.8000E+01
 -48.292  0.0000E+00  0.8000E+01
 -48.287  0.0000E+00  0.8000E+01
 -48.282  0.0000E+00  0.8000E+01
 -48.277  0.0000E+00  0.8000E+01
 -48.272  0.0000E+00  0.8000E+01
 -48.267  0.0000E+00  0.8000E+01
 -48.262  0.0000E+00  0.8000E+01
 -48.257  0.0000E+00  0.8000E+01
 -48.252  0.0000E+00  0.8000E+01
 -48.247  0.0000E+00  0.8000E+01
 -48.242  0.0000E+00  0.8000E+01
 -48.237  0.0000E+00  0.8000E+01
 -48.232  0.0000E+00  0.8000E+01
 -48.227  0.0000E+00  0.8000E+01
 -48.222  0.0000E+00  0.8000E+01
 -48.217  0.0000E+00  0.8000E+01
 -48.212  0.0000E+00  0.8000E+01
 -48.207  0.0000E+00  0.8000E+01
 -48.202  0.0000E+00  0.8000E+01
 -48.197  0.0000E+00  0.8000E+01
 -48.192  0.0000E+00  0.8000E+01
 -48.187  0.0000E+00  0.8000E+01
 -48.182  0.0000E+00  0.8000E+01
 -48.177  0.0000E+00  0.8000E+01
 -48.172  0.0000E+00  0.8000E+01
 -48.167  0.0000E+00  0.8000E+01
 -48.162  0.0000E+00  0.8000E+01
 -48.157  0.0000E+00  0.8000E+01
 -48.152  0.0000E+00  0.8000E+01
 -48.147  0.0000E+00  0.8000E+01
 -48.142  0.0000E+00  0.8000E+01
 -48.137  0.0000E+00  0.8000E+01
 -48.132  0.0000E+00  0.8000E+01
 -48.127  0.0000E+00  0.8000E+01
 -48.122  0.0000E+00  0.8000E+01
 -48.117  0.0000E+00  0.8000E+01
 -48.112  0.0000E+00  0.8000E+01
 -48.107  0.0000E+00  0.8000E+01
 -48.102  0.0000E+00  0.8000E+01
 -48.097  0.0000E+00  0.8000E+01
 -48.092  0.0000E+00  0.8000E+01
 -48.087  0.0000E+00  0.8000E+01
 -48.082  0.0000E+00  0.8000E+01
 -48.077  0.0000E+00  0.8000E+01
 -48.072  0.0000E+00  0.8000E+01
 -48.067  0.0000E+00  0.8000E+01
 -48.062  0.0000E+00  0.8000E+01
 -48.057  0.0000E+00  0.8000E+01
 -48.052  0.0000E+00  0.8000E+01
 -48.047  0.0000E+00  0.8000E+01
 -48.042  0.0000E+00  0.8000E+01
 -48.037  0.0000E+00  0.8000E+01
 -48.032  0.0000E+00  0.8000E+01
 -48.027  0.0000E+00  0.8000E+01
 -48.022  0.0000E+00  0.8000E+01
 -48.017  0.0000E+00  0.8000E+01
 -48.012  0.0000E+00  0.8000E+01
 -48.007  0.0000E+00  0.8000E+01
 -48.002  0.0000E+00  0.8000E+01
 -47.997  0.0000E+00  0.8000E+01
 -47.992  0.0000E+00  0.8000E+01
 -47.987  0.0000E+00  0.8000E+01
 -47.982  0.0000E+00  0.8000E+01
 -47.977  0.0000E+00  0.8000E+01
 -47.972  0.0000E+00  0.8000E+01
 -47.967  0.0000E+00  0.8000E+01
 -47.962  0.0000E+00  0.8000E+01
 -47.957  0.0000E+00  0.8000E+01
 -47.952  0.0000E+00  0.8000E+01
 -47.947  0.0000E+00  0.8000E+01
 -47.942  0.0000E+00  0.8000E+01
 -47.937  0.0000E+00  0.8000E+01
 -47.932  0.0000E+00  0.8000E+01
 -47.927  0.0000E+00  0.8000E+01
 -47.922  0.0000E+00  0.8000E+01
 -47.917  0.0000E+00  0.8000E+01
 -47.912  0.0000E+00  0.8000E+01
 -47.907  0.0000E+00  0.8000E+01
 -47.902  0.0000E+00  0.8000E+01
 -47.897  0.0000E+00  0.8000E+01
 -47.892  0.0000E+00  0.8000E+01
 -47.887  0.0000E+00  0.8000E+01
 -47.882  0.0000E+00  0.8000E+01
 -47.877  0.0000E+00  0.8000E+01
 -47.872  0.0000E+00  0.8000E+01
 -47.867  0.0000E+00  0.8000E+01
 -47.862  0.0000E+00  0.8000E+01
 -47.857  0.0000E+00  0.8000E+01
 -47.852  0.0000E+00  0.8000E+01
 -47.847  0.0000E+00  0.8000E+01
 -47.842  0.0000E+00  0.8000E+01
 -47.837  0.0000E+00  0.8000E+01
 -47.832  0.0000E+00  0.8000E+01
 -47.827  0.0000E+00  0.8000E+01
 -47.822  0.0000E+00  0.8000E+01
 -47.817  0.0000E+00  0.8000E+01
 -47.812  0.0000E+00  0.8000E+01
 -47.807  0.0000E+00  0.8000E+01
 -47.802  0.0000E+00  0.8000E+01
 -47.797  0.0000E+00  0.8000E+01
 -47.792  0.0000E+00  0.8000E+01
 -47.787  0.0000E+00  0.8000E+01
 -47.782  0.0000E+00  0.8000E+01
 -47.777  0.0000E+00  0.8000E+01
 -47.772  0.0000E+00  0.8000E+01
 -47.767  0.0000E+00  0.8000E+01
 -47.762  0.0000E+00  0.8000E+01
 -47.757  0.0000E+00  0.8000E+01
 -47.752  0.0000E+00  0.8000E+01
 -47.747  0.0000E+00  0.8000E+01
 -47.742  0.0000E+00  0.8000E+01
 -47.737  0.0000E+00  0.8000E+01
 -47.732  0.0000E+00  0.8000E+01
 -47.727  0.0000E+00  0.8000E+01
 -47.722  0.0000E+00  0.8000E+01
 -47.717  0.0000E+00  0.8000E+01
 -47.712  0.0000E+00  0.8000E+01
 -47.707  0.0000E+00  0.8000E+01
 -47.702  0.0000E+00  0.8000E+01
 -47.697  0.0000E+00  0.8000E+01
 -47.692  0.0000E+00  0.8000E+01
 -47.687  0.0000E+00  0.8000E+01
 -47.682  0.0000E+00  0.8000E+01
 -47.677  0.0000E+00  0.8000E+01
 -47.672  0.0000E+00  0.8000E+01
 -47.667  0.0000E+00  0.8000E+01
 -47.662  0.0000E+00  0.8000E+01
 -47.657  0.0000E+00  0.8000E+01
 -47.652  0.0000E+00  0.8000E+01
 -47.647  0.0000E+00  0.8000E+01
 -47.642  0.0000E+00  0.8000E+01
 -47.637  0.0000E+00  0.8000E+01
 -47.632  0.0000E+00  0.8000E+01
 -47.627  0.0000E+00  0.8000E+01
 -47.622  0.0000E+00  0.8000E+01
 -47.617  0.0000E+00  0.8000E+01
 -47.612  0.0000E+00  0.8000E+01
 -47.607  0.0000E+00  0.8000E+01
 -47.602  0.0000E+00  0.8000E+01
 -47.597  0.0000E+00  0.8000E+01
 -47.592  0.0000E+00  0.8000E+01
 -47.587  0.0000E+00  0.8000E+01
 -47.582  0.0000E+00  0.8000E+01
 -47.577  0.0000E+00  0.8000E+01
 -47.572  0.0000E+00  0.8000E+01
 -47.567  0.0000E+00  0.8000E+01
 -47.562  0.0000E+00  0.8000E+01
 -47.557  0.0000E+00  0.8000E+01
 -47.552  0.0000E+00  0.8000E+01
 -47.547  0.0000E+00  0.8000E+01
 -47.542  0.0000E+00  0.8000E+01
 -47.537  0.0000E+00  0.8000E+01
 -47.532  0.0000E+00  0.8000E+01
 -47.527  0.0000E+00  0.8000E+01
 -47.522  0.0000E+00  0.8000E+01
 -47.517  0.0000E+00  0.8000E+01
 -47.512  0.0000E+00  0.8000E+01
 -47.507  0.0000E+00  0.8000E+01
 -47.502  0.0000E+00  0.8000E+01
 -47.497  0.0000E+00  0.8000E+01
 -47.492  0.0000E+00  0.8000E+01
 -47.487  0.0000E+00  0.8000E+01
 -47.482  0.0000E+00  0.8000E+01
 -47.477  0.0000E+00  0.8000E+01
 -47.472  0.0000E+00  0.8000E+01
 -47.467  0.0000E+00  0.8000E+01
 -47.462  0.0000E+00  0.8000E+01
 -47.457  0.0000E+00  0.8000E+01
 -47.452  0.0000E+00  0.8000E+01
 -47.447  0.0000E+00  0.8000E+01
 -47.442  0.0000E+00  0.8000E+01
 -47.437  0.0000E+00  0.8000E+01
 -47.432  0.0000E+00  0.8000E+01
 -47.427  0.0000E+00  0.8000E+01
 -47.422  0.0000E+00  0.8000E+01
 -47.417  0.0000E+00  0.8000E+01
 -47.412  0.0000E+00  0.8000E+01
 -47.407  0.0000E+00  0.8000E+01
 -47.402  0.0000E+00  0.8000E+01
 -47.397  0.0000E+00  0.8000E+01
 -47.392  0.0000E+00  0.8000E+01
 -47.387  0.0000E+00  0.8000E+01
 -47.382  0.0000E+00  0.8000E+01
 -47.377  0.0000E+00  0.8000E+01
 -47.372  0.0000E+00  0.8000E+01
 -47.367  0.0000E+00  0.8000E+01
 -47.362  0.0000E+00  0.8000E+01
 -47.357  0.0000E+00  0.8000E+01
 -47.352  0.0000E+00  0.8000E+01
 -47.347  0.0000E+00  0.8000E+01
 -47.342  0.0000E+00  0.8000E+01
 -47.337  0.0000E+00  0.8000E+01
 -47.332  0.0000E+00  0.8000E+01
 -47.327  0.0000E+00  0.8000E+01
 -47.322  0.0000E+00  0.8000E+01
 -47.317  0.0000E+00  0.8000E+01
 -47.312  0.0000E+00  0.8000E+01
 -47.307  0.0000E+00  0.8000E+01
 -47.302  0.0000E+00  0.8000E+01
 -47.297  0.0000E+00  0.8000E+01
 -47.292  0.0000E+00  0.8000E+01
 -47.287  0.0000E+00  0.8000E+01
 -47.282  0.0000E+00  0.8000E+01
 -47.277  0.0000E+00  0.8000E+01
 -47.272  0.0000E+00  0.8000E+01
 -47.267  0.0000E+00  0.8000E+01
 -47.262  0.0000E+00  0.8000E+01
 -47.257  0.0000E+00  0.8000E+01
 -47.252  0.0000E+00  0.8000E+01
 -47.247  0.0000E+00  0.8000E+01
 -47.242  0.0000E+00  0.8000E+01
 -47.237  0.0000E+00  0.8000E+01
 -47.232  0.0000E+00  0.8000E+01
 -47.227  0.0000E+00  0.8000E+01
 -47.222  0.0000E+00  0.8000E+01
 -47.217  0.0000E+00  0.8000E+01
 -47.212  0.0000E+00  0.8000E+01
 -47.207  0.0000E+00  0.8000E+01
 -47.202  0.0000E+00  0.8000E+01
 -47.197  0.0000E+00  0.8000E+01
 -47.192  0.0000E+00  0.8000E+01
 -47.187  0.0000E+00  0.8000E+01
 -47.182  0.0000E+00  0.8000E+01
 -47.177  0.0000E+00  0.8000E+01
 -47.172  0.0000E+00  0.8000E+01
 -47.167  0.0000E+00  0.8000E+01
 -47.162  0.0000E+00  0.8000E+01
 -47.157  0.0000E+00  0.8000E+01
 -47.152  0.0000E+00  0.8000E+01
 -47.147  0.0000E+00  0.8000E+01
 -47.142  0.0000E+00  0.8000E+01
 -47.137  0.0000E+00  0.8000E+01
 -47.132  0.0000E+00  0.8000E+01
 -47.127  0.0000E+00  0.8000E+01
 -47.122  0.0000E+00  0.8000E+01
 -47.117  0.0000E+00  0.8000E+01
 -47.112  0.0000E+00  0.8000E+01
 -47.107  0.0000E+00  0.8000E+01
 -47.102  0.0000E+00  0.8000E+01
 -47.097  0.0000E+00  0.8000E+01
 -47.092  0.0000E+00  0.8000E+01
 -47.087  0.0000E+00  0.8000E+01
 -47.082  0.0000E+00  0.8000E+01
 -47.077  0.0000E+00  0.8000E+01
 -47.072  0.0000E+00  0.8000E+01
 -47.067  0.0000E+00  0.8000E+01
 -47.062  0.0000E+00  0.8000E+01
 -47.057  0.0000E+00  0.8000E+01
 -47.052  0.0000E+00  0.8000E+01
 -47.047  0.0000E+00  0.8000E+01
 -47.042  0.0000E+00  0.8000E+01
 -47.037  0.0000E+00  0.8000E+01
 -47.032  0.0000E+00  0.8000E+01
 -47.027  0.0000E+00  0.8000E+01
 -47.022  0.0000E+00  0.8000E+01
 -47.017  0.0000E+00  0.8000E+01
 -47.012  0.0000E+00  0.8000E+01
 -47.007  0.0000E+00  0.8000E+01
 -47.002  0.0000E+00  0.8000E+01
 -46.997  0.0000E+00  0.8000E+01
 -46.992  0.0000E+00  0.8000E+01
 -46.987  0.0000E+00  0.8000E+01
 -46.982  0.0000E+00  0.8000E+01
 -46.977  0.0000E+00  0.8000E+01
 -46.972  0.0000E+00  0.8000E+01
 -46.967  0.0000E+00  0.8000E+01
 -46.962  0.0000E+00  0.8000E+01
 -46.957  0.0000E+00  0.8000E+01
 -46.952  0.0000E+00  0.8000E+01
 -46.947  0.0000E+00  0.8000E+01
 -46.942  0.0000E+00  0.8000E+01
 -46.937  0.0000E+00  0.8000E+01
 -46.932  0.0000E+00  0.8000E+01
 -46.927  0.0000E+00  0.8000E+01
 -46.922  0.0000E+00  0.8000E+01
 -46.917  0.0000E+00  0.8000E+01
 -46.912  0.0000E+00  0.8000E+01
 -46.907  0.0000E+00  0.8000E+01
 -46.902  0.0000E+00  0.8000E+01
 -46.897  0.0000E+00  0.8000E+01
 -46.892  0.0000E+00  0.8000E+01
 -46.887  0.0000E+00  0.8000E+01
 -46.882  0.0000E+00  0.8000E+01
 -46.877  0.0000E+00  0.8000E+01
 -46.872  0.0000E+00  0.8000E+01
 -46.867  0.0000E+00  0.8000E+01
 -46.862  0.0000E+00  0.8000E+01
 -46.857  0.0000E+00  0.8000E+01
 -46.852  0.0000E+00  0.8000E+01
 -46.847  0.0000E+00  0.8000E+01
 -46.842  0.0000E+00  0.8000E+01
 -46.837  0.0000E+00  0.8000E+01
 -46.832  0.0000E+00  0.8000E+01
 -46.827  0.0000E+00  0.8000E+01
 -46.822  0.0000E+00  0.8000E+01
 -46.817  0.0000E+00  0.8000E+01
 -46.812  0.0000E+00  0.8000E+01
 -46.807  0.0000E+00  0.8000E+01
 -46.802  0.0000E+00  0.8000E+01
 -46.797  0.0000E+00  0.8000E+01
 -46.792  0.0000E+00  0.8000E+01
 -46.787  0.0000E+00  0.8000E+01
 -46.782  0.0000E+00  0.8000E+01
 -46.777  0.0000E+00  0.8000E+01
 -46.772  0.0000E+00  0.8000E+01
 -46.767  0.0000E+00  0.8000E+01
 -46.762  0.0000E+00  0.8000E+01
 -46.757  0.0000E+00  0.8000E+01
 -46.752  0.0000E+00  0.8000E+01
 -46.747  0.0000E+00  0.8000E+01
 -46.742  0.0000E+00  0.8000E+01
 -46.737  0.0000E+00  0.8000E+01
 -46.732  0.0000E+00  0.8000E+01
 -46.727  0.0000E+00  0.8000E+01
 -46.722  0.0000E+00  0.8000E+01
 -46.717  0.0000E+00  0.8000E+01
 -46.712  0.0000E+00  0.8000E+01
 -46.707  0.0000E+00  0.8000E+01
 -46.702  0.0000E+00  0.8000E+01
 -46.697  0.0000E+00  0.8000E+01
 -46.692  0.0000E+00  0.8000E+01
 -46.687  0.0000E+00  0.8000E+01
 -46.682  0.0000E+00  0.8000E+01
 -46.677  0.0000E+00  0.8000E+01
 -46.672  0.0000E+00  0.8000E+01
 -46.667  0.0000E+00  0.8000E+01
 -46.662  0.0000E+00  0.8000E+01
 -46.657  0.0000E+00  0.8000E+01
 -46.652  0.0000E+00  0.8000E+01
 -46.647  0.0000E+00  0.8000E+01
 -46.642  0.0000E+00  0.8000E+01
 -46.637  0.0000E+00  0.8000E+01
 -46.632  0.0000E+00  0.8000E+01
 -46.627  0.0000E+00  0.8000E+01
 -46.622  0.0000E+00  0.8000E+01
 -46.617  0.0000E+00  0.8000E+01
 -46.612  0.0000E+00  0.8000E+01
 -46.607  0.0000E+00  0.8000E+01
 -46.602  0.0000E+00  0.8000E+01
 -46.597  0.0000E+00  0.8000E+01
 -46.592  0.0000E+00  0.8000E+01
 -46.587  0.0000E+00  0.8000E+01
 -46.582  0.0000E+00  0.8000E+01
 -46.577  0.0000E+00  0.8000E+01
 -46.572  0.0000E+00  0.8000E+01
 -46.567  0.0000E+00  0.8000E+01
 -46.562  0.0000E+00  0.8000E+01
 -46.557  0.0000E+00  0.8000E+01
 -46.552  0.0000E+00  0.8000E+01
 -46.547  0.0000E+00  0.8000E+01
 -46.542  0.0000E+00  0.8000E+01
 -46.537  0.0000E+00  0.8000E+01
 -46.532  0.0000E+00  0.8000E+01
 -46.527  0.0000E+00  0.8000E+01
 -46.522  0.0000E+00  0.8000E+01
 -46.517  0.0000E+00  0.8000E+01
 -46.512  0.0000E+00  0.8000E+01
 -46.507  0.0000E+00  0.8000E+01
 -46.502  0.0000E+00  0.8000E+01
 -46.497  0.0000E+00  0.8000E+01
 -46.492  0.0000E+00  0.8000E+01
 -46.487  0.0000E+00  0.8000E+01
 -46.482  0.0000E+00  0.8000E+01
 -46.477  0.0000E+00  0.8000E+01
 -46.472  0.0000E+00  0.8000E+01
 -46.467  0.0000E+00  0.8000E+01
 -46.462  0.0000E+00  0.8000E+01
 -46.457  0.0000E+00  0.8000E+01
 -46.452  0.0000E+00  0.8000E+01
 -46.447  0.0000E+00  0.8000E+01
 -46.442  0.0000E+00  0.8000E+01
 -46.437  0.0000E+00  0.8000E+01
 -46.432  0.0000E+00  0.8000E+01
 -46.427  0.0000E+00  0.8000E+01
 -46.422  0.0000E+00  0.8000E+01
 -46.417  0.0000E+00  0.8000E+01
 -46.412  0.0000E+00  0.8000E+01
 -46.407  0.0000E+00  0.8000E+01
 -46.402  0.0000E+00  0.8000E+01
 -46.397  0.0000E+00  0.8000E+01
 -46.392  0.0000E+00  0.8000E+01
 -46.387  0.0000E+00  0.8000E+01
 -46.382  0.0000E+00  0.8000E+01
 -46.377  0.0000E+00  0.8000E+01
 -46.372  0.0000E+00  0.8000E+01
 -46.367  0.0000E+00  0.8000E+01
 -46.362  0.0000E+00  0.8000E+01
 -46.357  0.0000E+00  0.8000E+01
 -46.352  0.0000E+00  0.8000E+01
 -46.347  0.0000E+00  0.8000E+01
 -46.342  0.0000E+00  0.8000E+01
 -46.337  0.0000E+00  0.8000E+01
 -46.332  0.0000E+00  0.8000E+01
 -46.327  0.0000E+00  0.8000E+01
 -46.322  0.0000E+00  0.8000E+01
 -46.317  0.0000E+00  0.8000E+01
 -46.312  0.0000E+00  0.8000E+01
 -46.307  0.0000E+00  0.8000E+01
 -46.302  0.0000E+00  0.8000E+01
 -46.297  0.0000E+00  0.8000E+01
 -46.292  0.0000E+00  0.8000E+01
 -46.287  0.0000E+00  0.8000E+01
 -46.282  0.0000E+00  0.8000E+01
 -46.277  0.0000E+00  0.8000E+01
 -46.272  0.0000E+00  0.8000E+01
 -46.267  0.0000E+00  0.8000E+01
 -46.262  0.0000E+00  0.8000E+01
 -46.257  0.0000E+00  0.8000E+01
 -46.252  0.0000E+00  0.8000E+01
 -46.247  0.0000E+00  0.8000E+01
 -46.242  0.0000E+00  0.8000E+01
 -46.237  0.0000E+00  0.8000E+01
 -46.232  0.0000E+00  0.8000E+01
 -46.227  0.0000E+00  0.8000E+01
 -46.222  0.0000E+00  0.8000E+01
 -46.217  0.0000E+00  0.8000E+01
 -46.212  0.0000E+00  0.8000E+01
 -46.207  0.0000E+00  0.8000E+01
 -46.202  0.0000E+00  0.8000E+01
 -46.197  0.0000E+00  0.8000E+01
 -46.192  0.0000E+00  0.8000E+01
 -46.187  0.0000E+00  0.8000E+01
 -46.182  0.0000E+00  0.8000E+01
 -46.177  0.0000E+00  0.8000E+01
 -46.172  0.0000E+00  0.8000E+01
 -46.167  0.0000E+00  0.8000E+01
 -46.162  0.0000E+00  0.8000E+01
 -46.157  0.0000E+00  0.8000E+01
 -46.152  0.0000E+00  0.8000E+01
 -46.147  0.0000E+00  0.8000E+01
 -46.142  0.0000E+00  0.8000E+01
 -46.137  0.0000E+00  0.8000E+01
 -46.132  0.0000E+00  0.8000E+01
 -46.127  0.0000E+00  0.8000E+01
 -46.122  0.0000E+00  0.8000E+01
 -46.117  0.0000E+00  0.8000E+01
 -46.112  0.0000E+00  0.8000E+01
 -46.107  0.0000E+00  0.8000E+01
 -46.102  0.0000E+00  0.8000E+01
 -46.097  0.0000E+00  0.8000E+01
 -46.092  0.0000E+00  0.8000E+01
 -46.087  0.0000E+00  0.8000E+01
 -46.082  0.0000E+00  0.8000E+01
 -46.077  0.0000E+00  0.8000E+01
 -46.072  0.0000E+00  0.8000E+01
 -46.067  0.0000E+00  0.8000E+01
 -46.062  0.0000E+00  0.8000E+01
 -46.057  0.0000E+00  0.8000E+01
 -46.052  0.0000E+00  0.8000E+01
 -46.047  0.0000E+00  0.8000E+01
 -46.042  0.0000E+00  0.8000E+01
 -46.037  0.0000E+00  0.8000E+01
 -46.032  0.0000E+00  0.8000E+01
 -46.027  0.0000E+00  0.8000E+01
 -46.022  0.0000E+00  0.8000E+01
 -46.017  0.0000E+00  0.8000E+01
 -46.012  0.0000E+00  0.8000E+01
 -46.007  0.0000E+00  0.8000E+01
 -46.002  0.0000E+00  0.8000E+01
 -45.997  0.0000E+00  0.8000E+01
 -45.992  0.0000E+00  0.8000E+01
 -45.987  0.0000E+00  0.8000E+01
 -45.982  0.0000E+00  0.8000E+01
 -45.977  0.0000E+00  0.8000E+01
 -45.972  0.0000E+00  0.8000E+01
 -45.967  0.0000E+00  0.8000E+01
 -45.962  0.0000E+00  0.8000E+01
 -45.957  0.0000E+00  0.8000E+01
 -45.952  0.0000E+00  0.8000E+01
 -45.947  0.0000E+00  0.8000E+01
 -45.942  0.0000E+00  0.8000E+01
 -45.937  0.0000E+00  0.8000E+01
 -45.932  0.0000E+00  0.8000E+01
 -45.927  0.0000E+00  0.8000E+01
 -45.922  0.0000E+00  0.8000E+01
 -45.917  0.0000E+00  0.8000E+01
 -45.912  0.0000E+00  0.8000E+01
 -45.907  0.0000E+00  0.8000E+01
 -45.902  0.0000E+00  0.8000E+01
 -45.897  0.0000E+00  0.8000E+01
 -45.892  0.0000E+00  0.8000E+01
 -45.887  0.0000E+00  0.8000E+01
 -45.882  0.0000E+00  0.8000E+01
 -45.877  0.0000E+00  0.8000E+01
 -45.872  0.0000E+00  0.8000E+01
 -45.867  0.0000E+00  0.8000E+01
 -45.862  0.0000E+00  0.8000E+01
 -45.857  0.0000E+00  0.8000E+01
 -45.852  0.0000E+00  0.8000E+01
 -45.847  0.0000E+00  0.8000E+01
 -45.842  0.0000E+00  0.8000E+01
 -45.837  0.0000E+00  0.8000E+01
 -45.832  0.0000E+00  0.8000E+01
 -45.827  0.0000E+00  0.8000E+01
 -45.822  0.0000E+00  0.8000E+01
 -45.817  0.0000E+00  0.8000E+01
 -45.812  0.0000E+00  0.8000E+01
 -45.807  0.0000E+00  0.8000E+01
 -45.802  0.0000E+00  0.8000E+01
 -45.797  0.0000E+00  0.8000E+01
 -45.792  0.0000E+00  0.8000E+01
 -45.787  0.0000E+00  0.8000E+01
 -45.782  0.0000E+00  0.8000E+01
 -45.777  0.0000E+00  0.8000E+01
 -45.772  0.0000E+00  0.8000E+01
 -45.767  0.0000E+00  0.8000E+01
 -45.762  0.0000E+00  0.8000E+01
 -45.757  0.0000E+00  0.8000E+01
 -45.752  0.0000E+00  0.8000E+01
 -45.747  0.0000E+00  0.8000E+01
 -45.742  0.0000E+00  0.8000E+01
 -45.737  0.0000E+00  0.8000E+01
 -45.732  0.0000E+00  0.8000E+01
 -45.727  0.0000E+00  0.8000E+01
 -45.722  0.0000E+00  0.8000E+01
 -45.717  0.0000E+00  0.8000E+01
 -45.712  0.0000E+00  0.8000E+01
 -45.707  0.0000E+00  0.8000E+01
 -45.702  0.0000E+00  0.8000E+01
 -45.697  0.0000E+00  0.8000E+01
 -45.692  0.0000E+00  0.8000E+01
 -45.687  0.0000E+00  0.8000E+01
 -45.682  0.0000E+00  0.8000E+01
 -45.677  0.0000E+00  0.8000E+01
 -45.672  0.0000E+00  0.8000E+01
 -45.667  0.0000E+00  0.8000E+01
 -45.662  0.0000E+00  0.8000E+01
 -45.657  0.0000E+00  0.8000E+01
 -45.652  0.0000E+00  0.8000E+01
 -45.647  0.0000E+00  0.8000E+01
 -45.642  0.0000E+00  0.8000E+01
 -45.637  0.0000E+00  0.8000E+01
 -45.632  0.0000E+00  0.8000E+01
 -45.627  0.0000E+00  0.8000E+01
 -45.622  0.0000E+00  0.8000E+01
 -45.617  0.0000E+00  0.8000E+01
 -45.612  0.0000E+00  0.8000E+01
 -45.607  0.0000E+00  0.8000E+01
 -45.602  0.0000E+00  0.8000E+01
 -45.597  0.0000E+00  0.8000E+01
 -45.592  0.0000E+00  0.8000E+01
 -45.587  0.0000E+00  0.8000E+01
 -45.582  0.0000E+00  0.8000E+01
 -45.577  0.0000E+00  0.8000E+01
 -45.572  0.0000E+00  0.8000E+01
 -45.567  0.0000E+00  0.8000E+01
 -45.562  0.0000E+00  0.8000E+01
 -45.557  0.0000E+00  0.8000E+01
 -45.552  0.0000E+00  0.8000E+01
 -45.547  0.0000E+00  0.8000E+01
 -45.542  0.0000E+00  0.8000E+01
 -45.537  0.0000E+00  0.8000E+01
 -45.532  0.0000E+00  0.8000E+01
 -45.527  0.0000E+00  0.8000E+01
 -45.522  0.0000E+00  0.8000E+01
 -45.517  0.0000E+00  0.8000E+01
 -45.512  0.0000E+00  0.8000E+01
 -45.507  0.0000E+00  0.8000E+01
 -45.502  0.0000E+00  0.8000E+01
 -45.497  0.0000E+00  0.8000E+01
 -45.492  0.0000E+00  0.8000E+01
 -45.487  0.0000E+00  0.8000E+01
 -45.482  0.0000E+00  0.8000E+01
 -45.477  0.0000E+00  0.8000E+01
 -45.472  0.0000E+00  0.8000E+01
 -45.467  0.0000E+00  0.8000E+01
 -45.462  0.0000E+00  0.8000E+01
 -45.457  0.0000E+00  0.8000E+01
 -45.452  0.0000E+00  0.8000E+01
 -45.447  0.0000E+00  0.8000E+01
 -45.442  0.0000E+00  0.8000E+01
 -45.437  0.0000E+00  0.8000E+01
 -45.432  0.0000E+00  0.8000E+01
 -45.427  0.0000E+00  0.8000E+01
 -45.422  0.0000E+00  0.8000E+01
 -45.417  0.0000E+00  0.8000E+01
 -45.412  0.0000E+00  0.8000E+01
 -45.407  0.0000E+00  0.8000E+01
 -45.402  0.0000E+00  0.8000E+01
 -45.397  0.0000E+00  0.8000E+01
 -45.392  0.0000E+00  0.8000E+01
 -45.387  0.0000E+00  0.8000E+01
 -45.382  0.0000E+00  0.8000E+01
 -45.377  0.0000E+00  0.8000E+01
 -45.372  0.0000E+00  0.8000E+01
 -45.367  0.0000E+00  0.8000E+01
 -45.362  0.0000E+00  0.8000E+01
 -45.357  0.0000E+00  0.8000E+01
 -45.352  0.0000E+00  0.8000E+01
 -45.347  0.0000E+00  0.8000E+01
 -45.342  0.0000E+00  0.8000E+01
 -45.337  0.0000E+00  0.8000E+01
 -45.332  0.0000E+00  0.8000E+01
 -45.327  0.0000E+00  0.8000E+01
 -45.322  0.0000E+00  0.8000E+01
 -45.317  0.0000E+00  0.8000E+01
 -45.312  0.0000E+00  0.8000E+01
 -45.307  0.0000E+00  0.8000E+01
 -45.302  0.0000E+00  0.8000E+01
 -45.297  0.0000E+00  0.8000E+01
 -45.292  0.0000E+00  0.8000E+01
 -45.287  0.0000E+00  0.8000E+01
 -45.282  0.0000E+00  0.8000E+01
 -45.277  0.0000E+00  0.8000E+01
 -45.272  0.0000E+00  0.8000E+01
 -45.267  0.0000E+00  0.8000E+01
 -45.262  0.0000E+00  0.8000E+01
 -45.257  0.0000E+00  0.8000E+01
 -45.252  0.0000E+00  0.8000E+01
 -45.247  0.0000E+00  0.8000E+01
 -45.242  0.0000E+00  0.8000E+01
 -45.237  0.0000E+00  0.8000E+01
 -45.232  0.0000E+00  0.8000E+01
 -45.227  0.0000E+00  0.8000E+01
 -45.222  0.0000E+00  0.8000E+01
 -45.217  0.0000E+00  0.8000E+01
 -45.212  0.0000E+00  0.8000E+01
 -45.207  0.0000E+00  0.8000E+01
 -45.202  0.0000E+00  0.8000E+01
 -45.197  0.0000E+00  0.8000E+01
 -45.192  0.0000E+00  0.8000E+01
 -45.187  0.0000E+00  0.8000E+01
 -45.182  0.0000E+00  0.8000E+01
 -45.177  0.0000E+00  0.8000E+01
 -45.172  0.0000E+00  0.8000E+01
 -45.167  0.0000E+00  0.8000E+01
 -45.162  0.0000E+00  0.8000E+01
 -45.157  0.0000E+00  0.8000E+01
 -45.152  0.0000E+00  0.8000E+01
 -45.147  0.0000E+00  0.8000E+01
 -45.142  0.0000E+00  0.8000E+01
 -45.137  0.0000E+00  0.8000E+01
 -45.132  0.0000E+00  0.8000E+01
 -45.127  0.0000E+00  0.8000E+01
 -45.122  0.0000E+00  0.8000E+01
 -45.117  0.0000E+00  0.8000E+01
 -45.112  0.0000E+00  0.8000E+01
 -45.107  0.0000E+00  0.8000E+01
 -45.102  0.0000E+00  0.8000E+01
 -45.097  0.0000E+00  0.8000E+01
 -45.092  0.0000E+00  0.8000E+01
 -45.087  0.0000E+00  0.8000E+01
 -45.082  0.0000E+00  0.8000E+01
 -45.077  0.0000E+00  0.8000E+01
 -45.072  0.0000E+00  0.8000E+01
 -45.067  0.0000E+00  0.8000E+01
 -45.062  0.0000E+00  0.8000E+01
 -45.057  0.0000E+00  0.8000E+01
 -45.052  0.0000E+00  0.8000E+01
 -45.047  0.0000E+00  0.8000E+01
 -45.042  0.0000E+00  0.8000E+01
 -45.037  0.0000E+00  0.8000E+01
 -45.032  0.0000E+00  0.8000E+01
 -45.027  0.0000E+00  0.8000E+01
 -45.022  0.0000E+00  0.8000E+01
 -45.017  0.0000E+00  0.8000E+01
 -45.012  0.0000E+00  0.8000E+01
 -45.007  0.0000E+00  0.8000E+01
 -45.002  0.0000E+00  0.8000E+01
 -44.997  0.0000E+00  0.8000E+01
 -44.992  0.0000E+00  0.8000E+01
 -44.987  0.0000E+00  0.8000E+01
 -44.982  0.0000E+00  0.8000E+01
 -44.977  0.0000E+00  0.8000E+01
 -44.972  0.0000E+00  0.8000E+01
 -44.967  0.0000E+00  0.8000E+01
 -44.962  0.0000E+00  0.8000E+01
 -44.957  0.0000E+00  0.8000E+01
 -44.952  0.0000E+00  0.8000E+01
 -44.947  0.0000E+00  0.8000E+01
 -44.942  0.0000E+00  0.8000E+01
 -44.937  0.0000E+00  0.8000E+01
 -44.932  0.0000E+00  0.8000E+01
 -44.927  0.0000E+00  0.8000E+01
 -44.922  0.0000E+00  0.8000E+01
 -44.917  0.0000E+00  0.8000E+01
 -44.912  0.0000E+00  0.8000E+01
 -44.907  0.0000E+00  0.8000E+01
 -44.902  0.0000E+00  0.8000E+01
 -44.897  0.0000E+00  0.8000E+01
 -44.892  0.0000E+00  0.8000E+01
 -44.887  0.0000E+00  0.8000E+01
 -44.882  0.0000E+00  0.8000E+01
 -44.877  0.0000E+00  0.8000E+01
 -44.872  0.0000E+00  0.8000E+01
 -44.867  0.0000E+00  0.8000E+01
 -44.862  0.0000E+00  0.8000E+01
 -44.857  0.0000E+00  0.8000E+01
 -44.852  0.0000E+00  0.8000E+01
 -44.847  0.0000E+00  0.8000E+01
 -44.842  0.0000E+00  0.8000E+01
 -44.837  0.0000E+00  0.8000E+01
 -44.832  0.0000E+00  0.8000E+01
 -44.827  0.0000E+00  0.8000E+01
 -44.822  0.0000E+00  0.8000E+01
 -44.817  0.0000E+00  0.8000E+01
 -44.812  0.0000E+00  0.8000E+01
 -44.807  0.0000E+00  0.8000E+01
 -44.802  0.0000E+00  0.8000E+01
 -44.797  0.0000E+00  0.8000E+01
 -44.792  0.0000E+00  0.8000E+01
 -44.787  0.0000E+00  0.8000E+01
 -44.782  0.0000E+00  0.8000E+01
 -44.777  0.0000E+00  0.8000E+01
 -44.772  0.0000E+00  0.8000E+01
 -44.767  0.0000E+00  0.8000E+01
 -44.762  0.0000E+00  0.8000E+01
 -44.757  0.0000E+00  0.8000E+01
 -44.752  0.0000E+00  0.8000E+01
 -44.747  0.0000E+00  0.8000E+01
 -44.742  0.0000E+00  0.8000E+01
 -44.737  0.0000E+00  0.8000E+01
 -44.732  0.0000E+00  0.8000E+01
 -44.727  0.0000E+00  0.8000E+01
 -44.722  0.0000E+00  0.8000E+01
 -44.717  0.0000E+00  0.8000E+01
 -44.712  0.0000E+00  0.8000E+01
 -44.707  0.0000E+00  0.8000E+01
 -44.702  0.0000E+00  0.8000E+01
 -44.697  0.0000E+00  0.8000E+01
 -44.692  0.0000E+00  0.8000E+01
 -44.687  0.0000E+00  0.8000E+01
 -44.682  0.0000E+00  0.8000E+01
 -44.677  0.0000E+00  0.8000E+01
 -44.672  0.0000E+00  0.8000E+01
 -44.667  0.0000E+00  0.8000E+01
 -44.662  0.0000E+00  0.8000E+01
 -44.657  0.0000E+00  0.8000E+01
 -44.652  0.0000E+00  0.8000E+01
 -44.647  0.0000E+00  0.8000E+01
 -44.642  0.0000E+00  0.8000E+01
 -44.637  0.0000E+00  0.8000E+01
 -44.632  0.0000E+00  0.8000E+01
 -44.627  0.0000E+00  0.8000E+01
 -44.622  0.0000E+00  0.8000E+01
 -44.617  0.0000E+00  0.8000E+01
 -44.612  0.0000E+00  0.8000E+01
 -44.607  0.0000E+00  0.8000E+01
 -44.602  0.0000E+00  0.8000E+01
 -44.597  0.0000E+00  0.8000E+01
 -44.592  0.0000E+00  0.8000E+01
 -44.587  0.0000E+00  0.8000E+01
 -44.582  0.0000E+00  0.8000E+01
 -44.577  0.0000E+00  0.8000E+01
 -44.572  0.0000E+00  0.8000E+01
 -44.567  0.0000E+00  0.8000E+01
 -44.562  0.0000E+00  0.8000E+01
 -44.557  0.0000E+00  0.8000E+01
 -44.552  0.0000E+00  0.8000E+01
 -44.547  0.0000E+00  0.8000E+01
 -44.542  0.0000E+00  0.8000E+01
 -44.537  0.0000E+00  0.8000E+01
 -44.532  0.0000E+00  0.8000E+01
 -44.527  0.0000E+00  0.8000E+01
 -44.522  0.0000E+00  0.8000E+01
 -44.517  0.0000E+00  0.8000E+01
 -44.512  0.0000E+00  0.8000E+01
 -44.507  0.0000E+00  0.8000E+01
 -44.502  0.0000E+00  0.8000E+01
 -44.497  0.0000E+00  0.8000E+01
 -44.492  0.0000E+00  0.8000E+01
 -44.487  0.0000E+00  0.8000E+01
 -44.482  0.0000E+00  0.8000E+01
 -44.477  0.0000E+00  0.8000E+01
 -44.472  0.0000E+00  0.8000E+01
 -44.467  0.0000E+00  0.8000E+01
 -44.462  0.0000E+00  0.8000E+01
 -44.457  0.0000E+00  0.8000E+01
 -44.452  0.0000E+00  0.8000E+01
 -44.447  0.0000E+00  0.8000E+01
 -44.442  0.0000E+00  0.8000E+01
 -44.437  0.0000E+00  0.8000E+01
 -44.432  0.0000E+00  0.8000E+01
 -44.427  0.0000E+00  0.8000E+01
 -44.422  0.0000E+00  0.8000E+01
 -44.417  0.0000E+00  0.8000E+01
 -44.412  0.0000E+00  0.8000E+01
 -44.407  0.0000E+00  0.8000E+01
 -44.402  0.0000E+00  0.8000E+01
 -44.397  0.0000E+00  0.8000E+01
 -44.392  0.0000E+00  0.8000E+01
 -44.387  0.0000E+00  0.8000E+01
 -44.382  0.0000E+00  0.8000E+01
 -44.377  0.0000E+00  0.8000E+01
 -44.372  0.0000E+00  0.8000E+01
 -44.367  0.0000E+00  0.8000E+01
 -44.362  0.0000E+00  0.8000E+01
 -44.357  0.0000E+00  0.8000E+01
 -44.352  0.0000E+00  0.8000E+01
 -44.347  0.0000E+00  0.8000E+01
 -44.342  0.0000E+00  0.8000E+01
 -44.337  0.0000E+00  0.8000E+01
 -44.332  0.0000E+00  0.8000E+01
 -44.327  0.0000E+00  0.8000E+01
 -44.322  0.0000E+00  0.8000E+01
 -44.317  0.0000E+00  0.8000E+01
 -44.312  0.0000E+00  0.8000E+01
 -44.307  0.0000E+00  0.8000E+01
 -44.302  0.0000E+00  0.8000E+01
 -44.297  0.0000E+00  0.8000E+01
 -44.292  0.0000E+00  0.8000E+01
 -44.287  0.0000E+00  0.8000E+01
 -44.282  0.0000E+00  0.8000E+01
 -44.277  0.0000E+00  0.8000E+01
 -44.272  0.0000E+00  0.8000E+01
 -44.267  0.0000E+00  0.8000E+01
 -44.262  0.0000E+00  0.8000E+01
 -44.257  0.0000E+00  0.8000E+01
 -44.252  0.0000E+00  0.8000E+01
 -44.247  0.0000E+00  0.8000E+01
 -44.242  0.0000E+00  0.8000E+01
 -44.237  0.0000E+00  0.8000E+01
 -44.232  0.0000E+00  0.8000E+01
 -44.227  0.0000E+00  0.8000E+01
 -44.222  0.0000E+00  0.8000E+01
 -44.217  0.0000E+00  0.8000E+01
 -44.212  0.0000E+00  0.8000E+01
 -44.207  0.0000E+00  0.8000E+01
 -44.202  0.0000E+00  0.8000E+01
 -44.197  0.0000E+00  0.8000E+01
 -44.192  0.0000E+00  0.8000E+01
 -44.187  0.0000E+00  0.8000E+01
 -44.182  0.0000E+00  0.8000E+01
 -44.177  0.0000E+00  0.8000E+01
 -44.172  0.0000E+00  0.8000E+01
 -44.167  0.0000E+00  0.8000E+01
 -44.162  0.0000E+00  0.8000E+01
 -44.157  0.0000E+00  0.8000E+01
 -44.152  0.0000E+00  0.8000E+01
 -44.147  0.0000E+00  0.8000E+01
 -44.142  0.0000E+00  0.8000E+01
 -44.137  0.0000E+00  0.8000E+01
 -44.132  0.0000E+00  0.8000E+01
 -44.127  0.0000E+00  0.8000E+01
 -44.122  0.0000E+00  0.8000E+01
 -44.117  0.0000E+00  0.8000E+01
 -44.112  0.0000E+00  0.8000E+01
 -44.107  0.0000E+00  0.8000E+01
 -44.102  0.0000E+00  0.8000E+01
 -44.097  0.0000E+00  0.8000E+01
 -44.092  0.0000E+00  0.8000E+01
 -44.087  0.0000E+00  0.8000E+01
 -44.082  0.0000E+00  0.8000E+01
 -44.077  0.0000E+00  0.8000E+01
 -44.072  0.0000E+00  0.8000E+01
 -44.067  0.0000E+00  0.8000E+01
 -44.062  0.0000E+00  0.8000E+01
 -44.057  0.0000E+00  0.8000E+01
 -44.052  0.0000E+00  0.8000E+01
 -44.047  0.0000E+00  0.8000E+01
 -44.042  0.0000E+00  0.8000E+01
 -44.037  0.0000E+00  0.8000E+01
 -44.032  0.0000E+00  0.8000E+01
 -44.027  0.0000E+00  0.8000E+01
 -44.022  0.0000E+00  0.8000E+01
 -44.017  0.0000E+00  0.8000E+01
 -44.012  0.0000E+00  0.8000E+01
 -44.007  0.0000E+00  0.8000E+01
 -44.002  0.0000E+00  0.8000E+01
 -43.997  0.0000E+00  0.8000E+01
 -43.992  0.0000E+00  0.8000E+01
 -43.987  0.0000E+00  0.8000E+01
 -43.982  0.0000E+00  0.8000E+01
 -43.977  0.0000E+00  0.8000E+01
 -43.972  0.0000E+00  0.8000E+01
 -43.967  0.0000E+00  0.8000E+01
 -43.962  0.0000E+00  0.8000E+01
 -43.957  0.0000E+00  0.8000E+01
 -43.952  0.0000E+00  0.8000E+01
 -43.947  0.0000E+00  0.8000E+01
 -43.942  0.0000E+00  0.8000E+01
 -43.937  0.0000E+00  0.8000E+01
 -43.932  0.0000E+00  0.8000E+01
 -43.927  0.0000E+00  0.8000E+01
 -43.922  0.0000E+00  0.8000E+01
 -43.917  0.0000E+00  0.8000E+01
 -43.912  0.0000E+00  0.8000E+01
 -43.907  0.0000E+00  0.8000E+01
 -43.902  0.0000E+00  0.8000E+01
 -43.897  0.0000E+00  0.8000E+01
 -43.892  0.0000E+00  0.8000E+01
 -43.887  0.0000E+00  0.8000E+01
 -43.882  0.0000E+00  0.8000E+01
 -43.877  0.0000E+00  0.8000E+01
 -43.872  0.0000E+00  0.8000E+01
 -43.867  0.0000E+00  0.8000E+01
 -43.862  0.0000E+00  0.8000E+01
 -43.857  0.0000E+00  0.8000E+01
 -43.852  0.0000E+00  0.8000E+01
 -43.847  0.0000E+00  0.8000E+01
 -43.842  0.0000E+00  0.8000E+01
 -43.837  0.0000E+00  0.8000E+01
 -43.832  0.0000E+00  0.8000E+01
 -43.827  0.0000E+00  0.8000E+01
 -43.822  0.0000E+00  0.8000E+01
 -43.817  0.0000E+00  0.8000E+01
 -43.812  0.0000E+00  0.8000E+01
 -43.807  0.0000E+00  0.8000E+01
 -43.802  0.0000E+00  0.8000E+01
 -43.797  0.0000E+00  0.8000E+01
 -43.792  0.0000E+00  0.8000E+01
 -43.787  0.0000E+00  0.8000E+01
 -43.782  0.0000E+00  0.8000E+01
 -43.777  0.0000E+00  0.8000E+01
 -43.772  0.0000E+00  0.8000E+01
 -43.767  0.0000E+00  0.8000E+01
 -43.762  0.0000E+00  0.8000E+01
 -43.757  0.0000E+00  0.8000E+01
 -43.752  0.0000E+00  0.8000E+01
 -43.747  0.0000E+00  0.8000E+01
 -43.742  0.0000E+00  0.8000E+01
 -43.737  0.0000E+00  0.8000E+01
 -43.732  0.0000E+00  0.8000E+01
 -43.727  0.0000E+00  0.8000E+01
 -43.722  0.0000E+00  0.8000E+01
 -43.717  0.0000E+00  0.8000E+01
 -43.712  0.0000E+00  0.8000E+01
 -43.707  0.0000E+00  0.8000E+01
 -43.702  0.0000E+00  0.8000E+01
 -43.697  0.0000E+00  0.8000E+01
 -43.692  0.0000E+00  0.8000E+01
 -43.687  0.0000E+00  0.8000E+01
 -43.682  0.0000E+00  0.8000E+01
 -43.677  0.0000E+00  0.8000E+01
 -43.672  0.0000E+00  0.8000E+01
 -43.667  0.0000E+00  0.8000E+01
 -43.662  0.0000E+00  0.8000E+01
 -43.657  0.0000E+00  0.8000E+01
 -43.652  0.0000E+00  0.8000E+01
 -43.647  0.0000E+00  0.8000E+01
 -43.642  0.0000E+00  0.8000E+01
 -43.637  0.0000E+00  0.8000E+01
 -43.632  0.0000E+00  0.8000E+01
 -43.627  0.0000E+00  0.8000E+01
 -43.622  0.0000E+00  0.8000E+01
 -43.617  0.0000E+00  0.8000E+01
 -43.612  0.0000E+00  0.8000E+01
 -43.607  0.0000E+00  0.8000E+01
 -43.602  0.0000E+00  0.8000E+01
 -43.597  0.0000E+00  0.8000E+01
 -43.592  0.0000E+00  0.8000E+01
 -43.587  0.0000E+00  0.8000E+01
 -43.582  0.0000E+00  0.8000E+01
 -43.577  0.0000E+00  0.8000E+01
 -43.572  0.0000E+00  0.8000E+01
 -43.567  0.0000E+00  0.8000E+01
 -43.562  0.0000E+00  0.8000E+01
 -43.557  0.0000E+00  0.8000E+01
 -43.552  0.0000E+00  0.8000E+01
 -43.547  0.0000E+00  0.8000E+01
 -43.542  0.0000E+00  0.8000E+01
 -43.537  0.0000E+00  0.8000E+01
 -43.532  0.0000E+00  0.8000E+01
 -43.527  0.0000E+00  0.8000E+01
 -43.522  0.0000E+00  0.8000E+01
 -43.517  0.0000E+00  0.8000E+01
 -43.512  0.0000E+00  0.8000E+01
 -43.507  0.0000E+00  0.8000E+01
 -43.502  0.0000E+00  0.8000E+01
 -43.497  0.0000E+00  0.8000E+01
 -43.492  0.0000E+00  0.8000E+01
 -43.487  0.0000E+00  0.8000E+01
 -43.482  0.0000E+00  0.8000E+01
 -43.477  0.0000E+00  0.8000E+01
 -43.472  0.0000E+00  0.8000E+01
 -43.467  0.0000E+00  0.8000E+01
 -43.462  0.0000E+00  0.8000E+01
 -43.457  0.0000E+00  0.8000E+01
 -43.452  0.0000E+00  0.8000E+01
 -43.447  0.0000E+00  0.8000E+01
 -43.442  0.0000E+00  0.8000E+01
 -43.437  0.0000E+00  0.8000E+01
 -43.432  0.0000E+00  0.8000E+01
 -43.427  0.0000E+00  0.8000E+01
 -43.422  0.0000E+00  0.8000E+01
 -43.417  0.0000E+00  0.8000E+01
 -43.412  0.0000E+00  0.8000E+01
 -43.407  0.0000E+00  0.8000E+01
 -43.402  0.0000E+00  0.8000E+01
 -43.397  0.0000E+00  0.8000E+01
 -43.392  0.0000E+00  0.8000E+01
 -43.387  0.0000E+00  0.8000E+01
 -43.382  0.0000E+00  0.8000E+01
 -43.377  0.0000E+00  0.8000E+01
 -43.372  0.0000E+00  0.8000E+01
 -43.367  0.0000E+00  0.8000E+01
 -43.362  0.0000E+00  0.8000E+01
 -43.357  0.0000E+00  0.8000E+01
 -43.352  0.0000E+00  0.8000E+01
 -43.347  0.0000E+00  0.8000E+01
 -43.342  0.0000E+00  0.8000E+01
 -43.337  0.0000E+00  0.8000E+01
 -43.332  0.0000E+00  0.8000E+01
 -43.327  0.0000E+00  0.8000E+01
 -43.322  0.0000E+00  0.8000E+01
 -43.317  0.0000E+00  0.8000E+01
 -43.312  0.0000E+00  0.8000E+01
 -43.307  0.0000E+00  0.8000E+01
 -43.302  0.0000E+00  0.8000E+01
 -43.297  0.0000E+00  0.8000E+01
 -43.292  0.0000E+00  0.8000E+01
 -43.287  0.0000E+00  0.8000E+01
 -43.282  0.0000E+00  0.8000E+01
 -43.277  0.0000E+00  0.8000E+01
 -43.272  0.0000E+00  0.8000E+01
 -43.267  0.0000E+00  0.8000E+01
 -43.262  0.0000E+00  0.8000E+01
 -43.257  0.0000E+00  0.8000E+01
 -43.252  0.0000E+00  0.8000E+01
 -43.247  0.0000E+00  0.8000E+01
 -43.242  0.0000E+00  0.8000E+01
 -43.237  0.0000E+00  0.8000E+01
 -43.232  0.0000E+00  0.8000E+01
 -43.227  0.0000E+00  0.8000E+01
 -43.222  0.0000E+00  0.8000E+01
 -43.217  0.0000E+00  0.8000E+01
 -43.212  0.0000E+00  0.8000E+01
 -43.207  0.0000E+00  0.8000E+01
 -43.202  0.0000E+00  0.8000E+01
 -43.197  0.0000E+00  0.8000E+01
 -43.192  0.0000E+00  0.8000E+01
 -43.187  0.0000E+00  0.8000E+01
 -43.182  0.0000E+00  0.8000E+01
 -43.177  0.0000E+00  0.8000E+01
 -43.172  0.0000E+00  0.8000E+01
 -43.167  0.0000E+00  0.8000E+01
 -43.162  0.0000E+00  0.8000E+01
 -43.157  0.0000E+00  0.8000E+01
 -43.152  0.0000E+00  0.8000E+01
 -43.147  0.0000E+00  0.8000E+01
 -43.142  0.0000E+00  0.8000E+01
 -43.137  0.0000E+00  0.8000E+01
 -43.132  0.0000E+00  0.8000E+01
 -43.127  0.0000E+00  0.8000E+01
 -43.122  0.0000E+00  0.8000E+01
 -43.117  0.0000E+00  0.8000E+01
 -43.112  0.0000E+00  0.8000E+01
 -43.107  0.0000E+00  0.8000E+01
 -43.102  0.0000E+00  0.8000E+01
 -43.097  0.0000E+00  0.8000E+01
 -43.092  0.0000E+00  0.8000E+01
 -43.087  0.0000E+00  0.8000E+01
 -43.082  0.0000E+00  0.8000E+01
 -43.077  0.0000E+00  0.8000E+01
 -43.072  0.0000E+00  0.8000E+01
 -43.067  0.0000E+00  0.8000E+01
 -43.062  0.0000E+00  0.8000E+01
 -43.057  0.0000E+00  0.8000E+01
 -43.052  0.0000E+00  0.8000E+01
 -43.047  0.0000E+00  0.8000E+01
 -43.042  0.0000E+00  0.8000E+01
 -43.037  0.0000E+00  0.8000E+01
 -43.032  0.0000E+00  0.8000E+01
 -43.027  0.0000E+00  0.8000E+01
 -43.022  0.0000E+00  0.8000E+01
 -43.017  0.0000E+00  0.8000E+01
 -43.012  0.0000E+00  0.8000E+01
 -43.007  0.0000E+00  0.8000E+01
 -43.002  0.0000E+00  0.8000E+01
 -42.997  0.0000E+00  0.8000E+01
 -42.992  0.0000E+00  0.8000E+01
 -42.987  0.0000E+00  0.8000E+01
 -42.982  0.0000E+00  0.8000E+01
 -42.977  0.0000E+00  0.8000E+01
 -42.972  0.0000E+00  0.8000E+01
 -42.967  0.0000E+00  0.8000E+01
 -42.962  0.0000E+00  0.8000E+01
 -42.957  0.0000E+00  0.8000E+01
 -42.952  0.0000E+00  0.8000E+01
 -42.947  0.0000E+00  0.8000E+01
 -42.942  0.0000E+00  0.8000E+01
 -42.937  0.0000E+00  0.8000E+01
 -42.932  0.0000E+00  0.8000E+01
 -42.927  0.0000E+00  0.8000E+01
 -42.922  0.0000E+00  0.8000E+01
 -42.917  0.0000E+00  0.8000E+01
 -42.912  0.0000E+00  0.8000E+01
 -42.907  0.0000E+00  0.8000E+01
 -42.902  0.0000E+00  0.8000E+01
 -42.897  0.0000E+00  0.8000E+01
 -42.892  0.0000E+00  0.8000E+01
 -42.887  0.0000E+00  0.8000E+01
 -42.882  0.0000E+00  0.8000E+01
 -42.877  0.0000E+00  0.8000E+01
 -42.872  0.0000E+00  0.8000E+01
 -42.867  0.0000E+00  0.8000E+01
 -42.862  0.0000E+00  0.8000E+01
 -42.857  0.0000E+00  0.8000E+01
 -42.852  0.0000E+00  0.8000E+01
 -42.847  0.0000E+00  0.8000E+01
 -42.842  0.0000E+00  0.8000E+01
 -42.837  0.0000E+00  0.8000E+01
 -42.832  0.0000E+00  0.8000E+01
 -42.827  0.0000E+00  0.8000E+01
 -42.822  0.0000E+00  0.8000E+01
 -42.817  0.0000E+00  0.8000E+01
 -42.812  0.0000E+00  0.8000E+01
 -42.807  0.0000E+00  0.8000E+01
 -42.802  0.0000E+00  0.8000E+01
 -42.797  0.0000E+00  0.8000E+01
 -42.792  0.0000E+00  0.8000E+01
 -42.787  0.0000E+00  0.8000E+01
 -42.782  0.0000E+00  0.8000E+01
 -42.777  0.0000E+00  0.8000E+01
 -42.772  0.0000E+00  0.8000E+01
 -42.767  0.0000E+00  0.8000E+01
 -42.762  0.0000E+00  0.8000E+01
 -42.757  0.0000E+00  0.8000E+01
 -42.752  0.0000E+00  0.8000E+01
 -42.747  0.0000E+00  0.8000E+01
 -42.742  0.0000E+00  0.8000E+01
 -42.737  0.0000E+00  0.8000E+01
 -42.732  0.0000E+00  0.8000E+01
 -42.727  0.0000E+00  0.8000E+01
 -42.722  0.0000E+00  0.8000E+01
 -42.717  0.0000E+00  0.8000E+01
 -42.712  0.0000E+00  0.8000E+01
 -42.707  0.0000E+00  0.8000E+01
 -42.702  0.0000E+00  0.8000E+01
 -42.697  0.0000E+00  0.8000E+01
 -42.692  0.0000E+00  0.8000E+01
 -42.687  0.0000E+00  0.8000E+01
 -42.682  0.0000E+00  0.8000E+01
 -42.677  0.0000E+00  0.8000E+01
 -42.672  0.0000E+00  0.8000E+01
 -42.667  0.0000E+00  0.8000E+01
 -42.662  0.0000E+00  0.8000E+01
 -42.657  0.0000E+00  0.8000E+01
 -42.652  0.0000E+00  0.8000E+01
 -42.647  0.0000E+00  0.8000E+01
 -42.642  0.0000E+00  0.8000E+01
 -42.637  0.0000E+00  0.8000E+01
 -42.632  0.0000E+00  0.8000E+01
 -42.627  0.0000E+00  0.8000E+01
 -42.622  0.0000E+00  0.8000E+01
 -42.617  0.0000E+00  0.8000E+01
 -42.612  0.0000E+00  0.8000E+01
 -42.607  0.0000E+00  0.8000E+01
 -42.602  0.0000E+00  0.8000E+01
 -42.597  0.0000E+00  0.8000E+01
 -42.592  0.0000E+00  0.8000E+01
 -42.587  0.0000E+00  0.8000E+01
 -42.582  0.0000E+00  0.8000E+01
 -42.577  0.0000E+00  0.8000E+01
 -42.572  0.0000E+00  0.8000E+01
 -42.567  0.0000E+00  0.8000E+01
 -42.562  0.0000E+00  0.8000E+01
 -42.557  0.0000E+00  0.8000E+01
 -42.552  0.0000E+00  0.8000E+01
 -42.547  0.0000E+00  0.8000E+01
 -42.542  0.0000E+00  0.8000E+01
 -42.537  0.0000E+00  0.8000E+01
 -42.532  0.0000E+00  0.8000E+01
 -42.527  0.0000E+00  0.8000E+01
 -42.522  0.0000E+00  0.8000E+01
 -42.517  0.0000E+00  0.8000E+01
 -42.512  0.0000E+00  0.8000E+01
 -42.507  0.0000E+00  0.8000E+01
 -42.502  0.0000E+00  0.8000E+01
 -42.497  0.0000E+00  0.8000E+01
 -42.492  0.0000E+00  0.8000E+01
 -42.487  0.0000E+00  0.8000E+01
 -42.482  0.0000E+00  0.8000E+01
 -42.477  0.0000E+00  0.8000E+01
 -42.472  0.0000E+00  0.8000E+01
 -42.467  0.0000E+00  0.8000E+01
 -42.462  0.0000E+00  0.8000E+01
 -42.457  0.0000E+00  0.8000E+01
 -42.452  0.0000E+00  0.8000E+01
 -42.447  0.0000E+00  0.8000E+01
 -42.442  0.0000E+00  0.8000E+01
 -42.437  0.0000E+00  0.8000E+01
 -42.432  0.0000E+00  0.8000E+01
 -42.427  0.0000E+00  0.8000E+01
 -42.422  0.0000E+00  0.8000E+01
 -42.417  0.0000E+00  0.8000E+01
 -42.412  0.0000E+00  0.8000E+01
 -42.407  0.0000E+00  0.8000E+01
 -42.402  0.0000E+00  0.8000E+01
 -42.397  0.0000E+00  0.8000E+01
 -42.392  0.0000E+00  0.8000E+01
 -42.387  0.0000E+00  0.8000E+01
 -42.382  0.0000E+00  0.8000E+01
 -42.377  0.0000E+00  0.8000E+01
 -42.372  0.0000E+00  0.8000E+01
 -42.367  0.0000E+00  0.8000E+01
 -42.362  0.0000E+00  0.8000E+01
 -42.357  0.0000E+00  0.8000E+01
 -42.352  0.0000E+00  0.8000E+01
 -42.347  0.0000E+00  0.8000E+01
 -42.342  0.0000E+00  0.8000E+01
 -42.337  0.0000E+00  0.8000E+01
 -42.332  0.0000E+00  0.8000E+01
 -42.327  0.0000E+00  0.8000E+01
 -42.322  0.0000E+00  0.8000E+01
 -42.317  0.0000E+00  0.8000E+01
 -42.312  0.0000E+00  0.8000E+01
 -42.307  0.0000E+00  0.8000E+01
 -42.302  0.0000E+00  0.8000E+01
 -42.297  0.0000E+00  0.8000E+01
 -42.292  0.0000E+00  0.8000E+01
 -42.287  0.0000E+00  0.8000E+01
 -42.282  0.0000E+00  0.8000E+01
 -42.277  0.0000E+00  0.8000E+01
 -42.272  0.0000E+00  0.8000E+01
 -42.267  0.0000E+00  0.8000E+01
 -42.262  0.0000E+00  0.8000E+01
 -42.257  0.0000E+00  0.8000E+01
 -42.252  0.0000E+00  0.8000E+01
 -42.247  0.0000E+00  0.8000E+01
 -42.242  0.0000E+00  0.8000E+01
 -42.237  0.0000E+00  0.8000E+01
 -42.232  0.0000E+00  0.8000E+01
 -42.227  0.0000E+00  0.8000E+01
 -42.222  0.0000E+00  0.8000E+01
 -42.217  0.0000E+00  0.8000E+01
 -42.212  0.0000E+00  0.8000E+01
 -42.207  0.0000E+00  0.8000E+01
 -42.202  0.0000E+00  0.8000E+01
 -42.197  0.0000E+00  0.8000E+01
 -42.192  0.0000E+00  0.8000E+01
 -42.187  0.0000E+00  0.8000E+01
 -42.182  0.0000E+00  0.8000E+01
 -42.177  0.0000E+00  0.8000E+01
 -42.172  0.0000E+00  0.8000E+01
 -42.167  0.0000E+00  0.8000E+01
 -42.162  0.0000E+00  0.8000E+01
 -42.157  0.0000E+00  0.8000E+01
 -42.152  0.0000E+00  0.8000E+01
 -42.147  0.0000E+00  0.8000E+01
 -42.142  0.0000E+00  0.8000E+01
 -42.137  0.0000E+00  0.8000E+01
 -42.132  0.0000E+00  0.8000E+01
 -42.127  0.0000E+00  0.8000E+01
 -42.122  0.0000E+00  0.8000E+01
 -42.117  0.0000E+00  0.8000E+01
 -42.112  0.0000E+00  0.8000E+01
 -42.107  0.0000E+00  0.8000E+01
 -42.102  0.0000E+00  0.8000E+01
 -42.097  0.0000E+00  0.8000E+01
 -42.092  0.0000E+00  0.8000E+01
 -42.087  0.0000E+00  0.8000E+01
 -42.082  0.0000E+00  0.8000E+01
 -42.077  0.0000E+00  0.8000E+01
 -42.072  0.0000E+00  0.8000E+01
 -42.067  0.0000E+00  0.8000E+01
 -42.062  0.0000E+00  0.8000E+01
 -42.057  0.0000E+00  0.8000E+01
 -42.052  0.0000E+00  0.8000E+01
 -42.047  0.0000E+00  0.8000E+01
 -42.042  0.0000E+00  0.8000E+01
 -42.037  0.0000E+00  0.8000E+01
 -42.032  0.0000E+00  0.8000E+01
 -42.027  0.0000E+00  0.8000E+01
 -42.022  0.0000E+00  0.8000E+01
 -42.017  0.0000E+00  0.8000E+01
 -42.012  0.0000E+00  0.8000E+01
 -42.007  0.0000E+00  0.8000E+01
 -42.002  0.0000E+00  0.8000E+01
 -41.997  0.0000E+00  0.8000E+01
 -41.992  0.0000E+00  0.8000E+01
 -41.987  0.0000E+00  0.8000E+01
 -41.982  0.0000E+00  0.8000E+01
 -41.977  0.0000E+00  0.8000E+01
 -41.972  0.0000E+00  0.8000E+01
 -41.967  0.0000E+00  0.8000E+01
 -41.962  0.0000E+00  0.8000E+01
 -41.957  0.0000E+00  0.8000E+01
 -41.952  0.0000E+00  0.8000E+01
 -41.947  0.0000E+00  0.8000E+01
 -41.942  0.0000E+00  0.8000E+01
 -41.937  0.0000E+00  0.8000E+01
 -41.932  0.0000E+00  0.8000E+01
 -41.927  0.0000E+00  0.8000E+01
 -41.922  0.0000E+00  0.8000E+01
 -41.917  0.0000E+00  0.8000E+01
 -41.912  0.0000E+00  0.8000E+01
 -41.907  0.0000E+00  0.8000E+01
 -41.902  0.0000E+00  0.8000E+01
 -41.897  0.0000E+00  0.8000E+01
 -41.892  0.0000E+00  0.8000E+01
 -41.887  0.0000E+00  0.8000E+01
 -41.882  0.0000E+00  0.8000E+01
 -41.877  0.0000E+00  0.8000E+01
 -41.872  0.0000E+00  0.8000E+01
 -41.867  0.0000E+00  0.8000E+01
 -41.862  0.0000E+00  0.8000E+01
 -41.857  0.0000E+00  0.8000E+01
 -41.852  0.0000E+00  0.8000E+01
 -41.847  0.0000E+00  0.8000E+01
 -41.842  0.0000E+00  0.8000E+01
 -41.837  0.0000E+00  0.8000E+01
 -41.832  0.0000E+00  0.8000E+01
 -41.827  0.0000E+00  0.8000E+01
 -41.822  0.0000E+00  0.8000E+01
 -41.817  0.0000E+00  0.8000E+01
 -41.812  0.0000E+00  0.8000E+01
 -41.807  0.0000E+00  0.8000E+01
 -41.802  0.0000E+00  0.8000E+01
 -41.797  0.0000E+00  0.8000E+01
 -41.792  0.0000E+00  0.8000E+01
 -41.787  0.0000E+00  0.8000E+01
 -41.782  0.0000E+00  0.8000E+01
 -41.777  0.0000E+00  0.8000E+01
 -41.772  0.0000E+00  0.8000E+01
 -41.767  0.0000E+00  0.8000E+01
 -41.762  0.0000E+00  0.8000E+01
 -41.757  0.0000E+00  0.8000E+01
 -41.752  0.0000E+00  0.8000E+01
 -41.747  0.0000E+00  0.8000E+01
 -41.742  0.0000E+00  0.8000E+01
 -41.737  0.0000E+00  0.8000E+01
 -41.732  0.0000E+00  0.8000E+01
 -41.727  0.0000E+00  0.8000E+01
 -41.722  0.0000E+00  0.8000E+01
 -41.717  0.0000E+00  0.8000E+01
 -41.712  0.0000E+00  0.8000E+01
 -41.707  0.0000E+00  0.8000E+01
 -41.702  0.0000E+00  0.8000E+01
 -41.697  0.0000E+00  0.8000E+01
 -41.692  0.0000E+00  0.8000E+01
 -41.687  0.0000E+00  0.8000E+01
 -41.682  0.0000E+00  0.8000E+01
 -41.677  0.0000E+00  0.8000E+01
 -41.672  0.0000E+00  0.8000E+01
 -41.667  0.0000E+00  0.8000E+01
 -41.662  0.0000E+00  0.8000E+01
 -41.657  0.0000E+00  0.8000E+01
 -41.652  0.0000E+00  0.8000E+01
 -41.647  0.0000E+00  0.8000E+01
 -41.642  0.0000E+00  0.8000E+01
 -41.637  0.0000E+00  0.8000E+01
 -41.632  0.0000E+00  0.8000E+01
 -41.627  0.0000E+00  0.8000E+01
 -41.622  0.0000E+00  0.8000E+01
 -41.617  0.0000E+00  0.8000E+01
 -41.612  0.0000E+00  0.8000E+01
 -41.607  0.0000E+00  0.8000E+01
 -41.602  0.0000E+00  0.8000E+01
 -41.597  0.0000E+00  0.8000E+01
 -41.592  0.0000E+00  0.8000E+01
 -41.587  0.0000E+00  0.8000E+01
 -41.582  0.0000E+00  0.8000E+01
 -41.577  0.0000E+00  0.8000E+01
 -41.572  0.0000E+00  0.8000E+01
 -41.567  0.0000E+00  0.8000E+01
 -41.562  0.0000E+00  0.8000E+01
 -41.557  0.0000E+00  0.8000E+01
 -41.552  0.0000E+00  0.8000E+01
 -41.547  0.0000E+00  0.8000E+01
 -41.542  0.0000E+00  0.8000E+01
 -41.537  0.0000E+00  0.8000E+01
 -41.532  0.0000E+00  0.8000E+01
 -41.527  0.0000E+00  0.8000E+01
 -41.522  0.0000E+00  0.8000E+01
 -41.517  0.0000E+00  0.8000E+01
 -41.512  0.0000E+00  0.8000E+01
 -41.507  0.0000E+00  0.8000E+01
 -41.502  0.0000E+00  0.8000E+01
 -41.497  0.0000E+00  0.8000E+01
 -41.492  0.0000E+00  0.8000E+01
 -41.487  0.0000E+00  0.8000E+01
 -41.482  0.0000E+00  0.8000E+01
 -41.477  0.0000E+00  0.8000E+01
 -41.472  0.0000E+00  0.8000E+01
 -41.467  0.0000E+00  0.8000E+01
 -41.462  0.0000E+00  0.8000E+01
 -41.457  0.0000E+00  0.8000E+01
 -41.452  0.0000E+00  0.8000E+01
 -41.447  0.0000E+00  0.8000E+01
 -41.442  0.0000E+00  0.8000E+01
 -41.437  0.0000E+00  0.8000E+01
 -41.432  0.0000E+00  0.8000E+01
 -41.427  0.0000E+00  0.8000E+01
 -41.422  0.0000E+00  0.8000E+01
 -41.417  0.0000E+00  0.8000E+01
 -41.412  0.0000E+00  0.8000E+01
 -41.407  0.0000E+00  0.8000E+01
 -41.402  0.0000E+00  0.8000E+01
 -41.397  0.0000E+00  0.8000E+01
 -41.392  0.0000E+00  0.8000E+01
 -41.387  0.0000E+00  0.8000E+01
 -41.382  0.0000E+00  0.8000E+01
 -41.377  0.0000E+00  0.8000E+01
 -41.372  0.0000E+00  0.8000E+01
 -41.367  0.0000E+00  0.8000E+01
 -41.362  0.0000E+00  0.8000E+01
 -41.357  0.0000E+00  0.8000E+01
 -41.352  0.0000E+00  0.8000E+01
 -41.347  0.0000E+00  0.8000E+01
 -41.342  0.0000E+00  0.8000E+01
 -41.337  0.0000E+00  0.8000E+01
 -41.332  0.0000E+00  0.8000E+01
 -41.327  0.0000E+00  0.8000E+01
 -41.322  0.0000E+00  0.8000E+01
 -41.317  0.0000E+00  0.8000E+01
 -41.312  0.0000E+00  0.8000E+01
 -41.307  0.0000E+00  0.8000E+01
 -41.302  0.0000E+00  0.8000E+01
 -41.297  0.0000E+00  0.8000E+01
 -41.292  0.0000E+00  0.8000E+01
 -41.287  0.0000E+00  0.8000E+01
 -41.282  0.0000E+00  0.8000E+01
 -41.277  0.0000E+00  0.8000E+01
 -41.272  0.0000E+00  0.8000E+01
 -41.267  0.0000E+00  0.8000E+01
 -41.262  0.0000E+00  0.8000E+01
 -41.257  0.0000E+00  0.8000E+01
 -41.252  0.0000E+00  0.8000E+01
 -41.247  0.0000E+00  0.8000E+01
 -41.242  0.0000E+00  0.8000E+01
 -41.237  0.0000E+00  0.8000E+01
 -41.232  0.0000E+00  0.8000E+01
 -41.227  0.0000E+00  0.8000E+01
 -41.222  0.0000E+00  0.8000E+01
 -41.217  0.0000E+00  0.8000E+01
 -41.212  0.0000E+00  0.8000E+01
 -41.207  0.0000E+00  0.8000E+01
 -41.202  0.0000E+00  0.8000E+01
 -41.197  0.0000E+00  0.8000E+01
 -41.192  0.0000E+00  0.8000E+01
 -41.187  0.0000E+00  0.8000E+01
 -41.182  0.0000E+00  0.8000E+01
 -41.177  0.0000E+00  0.8000E+01
 -41.172  0.0000E+00  0.8000E+01
 -41.167  0.0000E+00  0.8000E+01
 -41.162  0.0000E+00  0.8000E+01
 -41.157  0.0000E+00  0.8000E+01
 -41.152  0.0000E+00  0.8000E+01
 -41.147  0.0000E+00  0.8000E+01
 -41.142  0.0000E+00  0.8000E+01
 -41.137  0.0000E+00  0.8000E+01
 -41.132  0.0000E+00  0.8000E+01
 -41.127  0.0000E+00  0.8000E+01
 -41.122  0.0000E+00  0.8000E+01
 -41.117  0.0000E+00  0.8000E+01
 -41.112  0.0000E+00  0.8000E+01
 -41.107  0.0000E+00  0.8000E+01
 -41.102  0.0000E+00  0.8000E+01
 -41.097  0.0000E+00  0.8000E+01
 -41.092  0.0000E+00  0.8000E+01
 -41.087  0.0000E+00  0.8000E+01
 -41.082  0.0000E+00  0.8000E+01
 -41.077  0.0000E+00  0.8000E+01
 -41.072  0.0000E+00  0.8000E+01
 -41.067  0.0000E+00  0.8000E+01
 -41.062  0.0000E+00  0.8000E+01
 -41.057  0.0000E+00  0.8000E+01
 -41.052  0.0000E+00  0.8000E+01
 -41.047  0.0000E+00  0.8000E+01
 -41.042  0.0000E+00  0.8000E+01
 -41.037  0.0000E+00  0.8000E+01
 -41.032  0.0000E+00  0.8000E+01
 -41.027  0.0000E+00  0.8000E+01
 -41.022  0.0000E+00  0.8000E+01
 -41.017  0.0000E+00  0.8000E+01
 -41.012  0.0000E+00  0.8000E+01
 -41.007  0.0000E+00  0.8000E+01
 -41.002  0.0000E+00  0.8000E+01
 -40.997  0.0000E+00  0.8000E+01
 -40.992  0.0000E+00  0.8000E+01
 -40.987  0.0000E+00  0.8000E+01
 -40.982  0.0000E+00  0.8000E+01
 -40.977  0.0000E+00  0.8000E+01
 -40.972  0.0000E+00  0.8000E+01
 -40.967  0.0000E+00  0.8000E+01
 -40.962  0.0000E+00  0.8000E+01
 -40.957  0.0000E+00  0.8000E+01
 -40.952  0.0000E+00  0.8000E+01
 -40.947  0.0000E+00  0.8000E+01
 -40.942  0.0000E+00  0.8000E+01
 -40.937  0.0000E+00  0.8000E+01
 -40.932  0.0000E+00  0.8000E+01
 -40.927  0.0000E+00  0.8000E+01
 -40.922  0.0000E+00  0.8000E+01
 -40.917  0.0000E+00  0.8000E+01
 -40.912  0.0000E+00  0.8000E+01
 -40.907  0.0000E+00  0.8000E+01
 -40.902  0.0000E+00  0.8000E+01
 -40.897  0.0000E+00  0.8000E+01
 -40.892  0.0000E+00  0.8000E+01
 -40.887  0.0000E+00  0.8000E+01
 -40.882  0.0000E+00  0.8000E+01
 -40.877  0.0000E+00  0.8000E+01
 -40.872  0.0000E+00  0.8000E+01
 -40.867  0.0000E+00  0.8000E+01
 -40.862  0.0000E+00  0.8000E+01
 -40.857  0.0000E+00  0.8000E+01
 -40.852  0.0000E+00  0.8000E+01
 -40.847  0.0000E+00  0.8000E+01
 -40.842  0.0000E+00  0.8000E+01
 -40.837  0.0000E+00  0.8000E+01
 -40.832  0.0000E+00  0.8000E+01
 -40.827  0.0000E+00  0.8000E+01
 -40.822  0.0000E+00  0.8000E+01
 -40.817  0.0000E+00  0.8000E+01
 -40.812  0.0000E+00  0.8000E+01
 -40.807  0.0000E+00  0.8000E+01
 -40.802  0.0000E+00  0.8000E+01
 -40.797  0.0000E+00  0.8000E+01
 -40.792  0.0000E+00  0.8000E+01
 -40.787  0.0000E+00  0.8000E+01
 -40.782  0.0000E+00  0.8000E+01
 -40.777  0.0000E+00  0.8000E+01
 -40.772  0.0000E+00  0.8000E+01
 -40.767  0.0000E+00  0.8000E+01
 -40.762  0.0000E+00  0.8000E+01
 -40.757  0.0000E+00  0.8000E+01
 -40.752  0.0000E+00  0.8000E+01
 -40.747  0.0000E+00  0.8000E+01
 -40.742  0.0000E+00  0.8000E+01
 -40.737  0.0000E+00  0.8000E+01
 -40.732  0.0000E+00  0.8000E+01
 -40.727  0.0000E+00  0.8000E+01
 -40.722  0.0000E+00  0.8000E+01
 -40.717  0.0000E+00  0.8000E+01
 -40.712  0.0000E+00  0.8000E+01
 -40.707  0.0000E+00  0.8000E+01
 -40.702  0.0000E+00  0.8000E+01
 -40.697  0.0000E+00  0.8000E+01
 -40.692  0.0000E+00  0.8000E+01
 -40.687  0.0000E+00  0.8000E+01
 -40.682  0.0000E+00  0.8000E+01
 -40.677  0.0000E+00  0.8000E+01
 -40.672  0.0000E+00  0.8000E+01
 -40.667  0.0000E+00  0.8000E+01
 -40.662  0.0000E+00  0.8000E+01
 -40.657  0.0000E+00  0.8000E+01
 -40.652  0.0000E+00  0.8000E+01
 -40.647  0.0000E+00  0.8000E+01
 -40.642  0.0000E+00  0.8000E+01
 -40.637  0.0000E+00  0.8000E+01
 -40.632  0.0000E+00  0.8000E+01
 -40.627  0.0000E+00  0.8000E+01
 -40.622  0.0000E+00  0.8000E+01
 -40.617  0.0000E+00  0.8000E+01
 -40.612  0.0000E+00  0.8000E+01
 -40.607  0.0000E+00  0.8000E+01
 -40.602  0.0000E+00  0.8000E+01
 -40.597  0.0000E+00  0.8000E+01
 -40.592  0.0000E+00  0.8000E+01
 -40.587  0.0000E+00  0.8000E+01
 -40.582  0.0000E+00  0.8000E+01
 -40.577  0.0000E+00  0.8000E+01
 -40.572  0.0000E+00  0.8000E+01
 -40.567  0.0000E+00  0.8000E+01
 -40.562  0.0000E+00  0.8000E+01
 -40.557  0.0000E+00  0.8000E+01
 -40.552  0.0000E+00  0.8000E+01
 -40.547  0.0000E+00  0.8000E+01
 -40.542  0.0000E+00  0.8000E+01
 -40.537  0.0000E+00  0.8000E+01
 -40.532  0.0000E+00  0.8000E+01
 -40.527  0.0000E+00  0.8000E+01
 -40.522  0.0000E+00  0.8000E+01
 -40.517  0.0000E+00  0.8000E+01
 -40.512  0.0000E+00  0.8000E+01
 -40.507  0.0000E+00  0.8000E+01
 -40.502  0.0000E+00  0.8000E+01
 -40.497  0.0000E+00  0.8000E+01
 -40.492  0.0000E+00  0.8000E+01
 -40.487  0.0000E+00  0.8000E+01
 -40.482  0.0000E+00  0.8000E+01
 -40.477  0.0000E+00  0.8000E+01
 -40.472  0.0000E+00  0.8000E+01
 -40.467  0.0000E+00  0.8000E+01
 -40.462  0.0000E+00  0.8000E+01
 -40.457  0.0000E+00  0.8000E+01
 -40.452  0.0000E+00  0.8000E+01
 -40.447  0.0000E+00  0.8000E+01
 -40.442  0.0000E+00  0.8000E+01
 -40.437  0.0000E+00  0.8000E+01
 -40.432  0.0000E+00  0.8000E+01
 -40.427  0.0000E+00  0.8000E+01
 -40.422  0.0000E+00  0.8000E+01
 -40.417  0.0000E+00  0.8000E+01
 -40.412  0.0000E+00  0.8000E+01
 -40.407  0.0000E+00  0.8000E+01
 -40.402  0.0000E+00  0.8000E+01
 -40.397  0.0000E+00  0.8000E+01
 -40.392  0.0000E+00  0.8000E+01
 -40.387  0.0000E+00  0.8000E+01
 -40.382  0.0000E+00  0.8000E+01
 -40.377  0.0000E+00  0.8000E+01
 -40.372  0.0000E+00  0.8000E+01
 -40.367  0.0000E+00  0.8000E+01
 -40.362  0.0000E+00  0.8000E+01
 -40.357  0.0000E+00  0.8000E+01
 -40.352  0.0000E+00  0.8000E+01
 -40.347  0.0000E+00  0.8000E+01
 -40.342  0.0000E+00  0.8000E+01
 -40.337  0.0000E+00  0.8000E+01
 -40.332  0.0000E+00  0.8000E+01
 -40.327  0.0000E+00  0.8000E+01
 -40.322  0.0000E+00  0.8000E+01
 -40.317  0.0000E+00  0.8000E+01
 -40.312  0.0000E+00  0.8000E+01
 -40.307  0.0000E+00  0.8000E+01
 -40.302  0.0000E+00  0.8000E+01
 -40.297  0.0000E+00  0.8000E+01
 -40.292  0.0000E+00  0.8000E+01
 -40.287  0.0000E+00  0.8000E+01
 -40.282  0.0000E+00  0.8000E+01
 -40.277  0.0000E+00  0.8000E+01
 -40.272  0.0000E+00  0.8000E+01
 -40.267  0.0000E+00  0.8000E+01
 -40.262  0.0000E+00  0.8000E+01
 -40.257  0.0000E+00  0.8000E+01
 -40.252  0.0000E+00  0.8000E+01
 -40.247  0.0000E+00  0.8000E+01
 -40.242  0.0000E+00  0.8000E+01
 -40.237  0.0000E+00  0.8000E+01
 -40.232  0.0000E+00  0.8000E+01
 -40.227  0.0000E+00  0.8000E+01
 -40.222  0.0000E+00  0.8000E+01
 -40.217  0.0000E+00  0.8000E+01
 -40.212  0.0000E+00  0.8000E+01
 -40.207  0.0000E+00  0.8000E+01
 -40.202  0.0000E+00  0.8000E+01
 -40.197  0.0000E+00  0.8000E+01
 -40.192  0.0000E+00  0.8000E+01
 -40.187  0.0000E+00  0.8000E+01
 -40.182  0.0000E+00  0.8000E+01
 -40.177  0.0000E+00  0.8000E+01
 -40.172  0.0000E+00  0.8000E+01
 -40.167  0.0000E+00  0.8000E+01
 -40.162  0.0000E+00  0.8000E+01
 -40.157  0.0000E+00  0.8000E+01
 -40.152  0.0000E+00  0.8000E+01
 -40.147  0.0000E+00  0.8000E+01
 -40.142  0.0000E+00  0.8000E+01
 -40.137  0.0000E+00  0.8000E+01
 -40.132  0.0000E+00  0.8000E+01
 -40.127  0.0000E+00  0.8000E+01
 -40.122  0.0000E+00  0.8000E+01
 -40.117  0.0000E+00  0.8000E+01
 -40.112  0.0000E+00  0.8000E+01
 -40.107  0.0000E+00  0.8000E+01
 -40.102  0.0000E+00  0.8000E+01
 -40.097  0.0000E+00  0.8000E+01
 -40.092  0.0000E+00  0.8000E+01
 -40.087  0.0000E+00  0.8000E+01
 -40.082  0.0000E+00  0.8000E+01
 -40.077  0.0000E+00  0.8000E+01
 -40.072  0.0000E+00  0.8000E+01
 -40.067  0.0000E+00  0.8000E+01
 -40.062  0.0000E+00  0.8000E+01
 -40.057  0.0000E+00  0.8000E+01
 -40.052  0.0000E+00  0.8000E+01
 -40.047  0.0000E+00  0.8000E+01
 -40.042  0.0000E+00  0.8000E+01
 -40.037  0.0000E+00  0.8000E+01
 -40.032  0.0000E+00  0.8000E+01
 -40.027  0.0000E+00  0.8000E+01
 -40.022  0.0000E+00  0.8000E+01
 -40.017  0.0000E+00  0.8000E+01
 -40.012  0.0000E+00  0.8000E+01
 -40.007  0.0000E+00  0.8000E+01
 -40.002  0.0000E+00  0.8000E+01
 -39.997  0.0000E+00  0.8000E+01
 -39.992  0.0000E+00  0.8000E+01
 -39.987  0.0000E+00  0.8000E+01
 -39.982  0.0000E+00  0.8000E+01
 -39.977  0.0000E+00  0.8000E+01
 -39.972  0.0000E+00  0.8000E+01
 -39.967  0.0000E+00  0.8000E+01
 -39.962  0.0000E+00  0.8000E+01
 -39.957  0.0000E+00  0.8000E+01
 -39.952  0.0000E+00  0.8000E+01
 -39.947  0.0000E+00  0.8000E+01
 -39.942  0.0000E+00  0.8000E+01
 -39.937  0.0000E+00  0.8000E+01
 -39.932  0.0000E+00  0.8000E+01
 -39.927  0.0000E+00  0.8000E+01
 -39.922  0.0000E+00  0.8000E+01
 -39.917  0.0000E+00  0.8000E+01
 -39.912  0.0000E+00  0.8000E+01
 -39.907  0.0000E+00  0.8000E+01
 -39.902  0.0000E+00  0.8000E+01
 -39.897  0.0000E+00  0.8000E+01
 -39.892  0.0000E+00  0.8000E+01
 -39.887  0.0000E+00  0.8000E+01
 -39.882  0.0000E+00  0.8000E+01
 -39.877  0.0000E+00  0.8000E+01
 -39.872  0.0000E+00  0.8000E+01
 -39.867  0.0000E+00  0.8000E+01
 -39.862  0.0000E+00  0.8000E+01
 -39.857  0.0000E+00  0.8000E+01
 -39.852  0.0000E+00  0.8000E+01
 -39.847  0.0000E+00  0.8000E+01
 -39.842  0.0000E+00  0.8000E+01
 -39.837  0.0000E+00  0.8000E+01
 -39.832  0.0000E+00  0.8000E+01
 -39.827  0.0000E+00  0.8000E+01
 -39.822  0.0000E+00  0.8000E+01
 -39.817  0.0000E+00  0.8000E+01
 -39.812  0.0000E+00  0.8000E+01
 -39.807  0.0000E+00  0.8000E+01
 -39.802  0.0000E+00  0.8000E+01
 -39.797  0.0000E+00  0.8000E+01
 -39.792  0.0000E+00  0.8000E+01
 -39.787  0.0000E+00  0.8000E+01
 -39.782  0.0000E+00  0.8000E+01
 -39.777  0.0000E+00  0.8000E+01
 -39.772  0.0000E+00  0.8000E+01
 -39.767  0.0000E+00  0.8000E+01
 -39.762  0.0000E+00  0.8000E+01
 -39.757  0.0000E+00  0.8000E+01
 -39.752  0.0000E+00  0.8000E+01
 -39.747  0.0000E+00  0.8000E+01
 -39.742  0.0000E+00  0.8000E+01
 -39.737  0.0000E+00  0.8000E+01
 -39.732  0.0000E+00  0.8000E+01
 -39.727  0.0000E+00  0.8000E+01
 -39.722  0.0000E+00  0.8000E+01
 -39.717  0.0000E+00  0.8000E+01
 -39.712  0.0000E+00  0.8000E+01
 -39.707  0.0000E+00  0.8000E+01
 -39.702  0.0000E+00  0.8000E+01
 -39.697  0.0000E+00  0.8000E+01
 -39.692  0.0000E+00  0.8000E+01
 -39.687  0.0000E+00  0.8000E+01
 -39.682  0.0000E+00  0.8000E+01
 -39.677  0.0000E+00  0.8000E+01
 -39.672  0.0000E+00  0.8000E+01
 -39.667  0.0000E+00  0.8000E+01
 -39.662  0.0000E+00  0.8000E+01
 -39.657  0.0000E+00  0.8000E+01
 -39.652  0.0000E+00  0.8000E+01
 -39.647  0.0000E+00  0.8000E+01
 -39.642  0.0000E+00  0.8000E+01
 -39.637  0.0000E+00  0.8000E+01
 -39.632  0.0000E+00  0.8000E+01
 -39.627  0.0000E+00  0.8000E+01
 -39.622  0.0000E+00  0.8000E+01
 -39.617  0.0000E+00  0.8000E+01
 -39.612  0.0000E+00  0.8000E+01
 -39.607  0.0000E+00  0.8000E+01
 -39.602  0.0000E+00  0.8000E+01
 -39.597  0.0000E+00  0.8000E+01
 -39.592  0.0000E+00  0.8000E+01
 -39.587  0.0000E+00  0.8000E+01
 -39.582  0.0000E+00  0.8000E+01
 -39.577  0.0000E+00  0.8000E+01
 -39.572  0.0000E+00  0.8000E+01
 -39.567  0.0000E+00  0.8000E+01
 -39.562  0.0000E+00  0.8000E+01
 -39.557  0.0000E+00  0.8000E+01
 -39.552  0.0000E+00  0.8000E+01
 -39.547  0.0000E+00  0.8000E+01
 -39.542  0.0000E+00  0.8000E+01
 -39.537  0.0000E+00  0.8000E+01
 -39.532  0.0000E+00  0.8000E+01
 -39.527  0.0000E+00  0.8000E+01
 -39.522  0.0000E+00  0.8000E+01
 -39.517  0.0000E+00  0.8000E+01
 -39.512  0.0000E+00  0.8000E+01
 -39.507  0.0000E+00  0.8000E+01
 -39.502  0.0000E+00  0.8000E+01
 -39.497  0.0000E+00  0.8000E+01
 -39.492  0.0000E+00  0.8000E+01
 -39.487  0.0000E+00  0.8000E+01
 -39.482  0.0000E+00  0.8000E+01
 -39.477  0.0000E+00  0.8000E+01
 -39.472  0.0000E+00  0.8000E+01
 -39.467  0.0000E+00  0.8000E+01
 -39.462  0.0000E+00  0.8000E+01
 -39.457  0.0000E+00  0.8000E+01
 -39.452  0.0000E+00  0.8000E+01
 -39.447  0.0000E+00  0.8000E+01
 -39.442  0.0000E+00  0.8000E+01
 -39.437  0.0000E+00  0.8000E+01
 -39.432  0.0000E+00  0.8000E+01
 -39.427  0.0000E+00  0.8000E+01
 -39.422  0.0000E+00  0.8000E+01
 -39.417  0.0000E+00  0.8000E+01
 -39.412  0.0000E+00  0.8000E+01
 -39.407  0.0000E+00  0.8000E+01
 -39.402  0.0000E+00  0.8000E+01
 -39.397  0.0000E+00  0.8000E+01
 -39.392  0.0000E+00  0.8000E+01
 -39.387  0.0000E+00  0.8000E+01
 -39.382  0.0000E+00  0.8000E+01
 -39.377  0.0000E+00  0.8000E+01
 -39.372  0.0000E+00  0.8000E+01
 -39.367  0.0000E+00  0.8000E+01
 -39.362  0.0000E+00  0.8000E+01
 -39.357  0.0000E+00  0.8000E+01
 -39.352  0.0000E+00  0.8000E+01
 -39.347  0.0000E+00  0.8000E+01
 -39.342  0.0000E+00  0.8000E+01
 -39.337  0.0000E+00  0.8000E+01
 -39.332  0.0000E+00  0.8000E+01
 -39.327  0.0000E+00  0.8000E+01
 -39.322  0.0000E+00  0.8000E+01
 -39.317  0.0000E+00  0.8000E+01
 -39.312  0.0000E+00  0.8000E+01
 -39.307  0.0000E+00  0.8000E+01
 -39.302  0.0000E+00  0.8000E+01
 -39.297  0.0000E+00  0.8000E+01
 -39.292  0.0000E+00  0.8000E+01
 -39.287  0.0000E+00  0.8000E+01
 -39.282  0.0000E+00  0.8000E+01
 -39.277  0.0000E+00  0.8000E+01
 -39.272  0.0000E+00  0.8000E+01
 -39.267  0.0000E+00  0.8000E+01
 -39.262  0.0000E+00  0.8000E+01
 -39.257  0.0000E+00  0.8000E+01
 -39.252  0.0000E+00  0.8000E+01
 -39.247  0.0000E+00  0.8000E+01
 -39.242  0.0000E+00  0.8000E+01
 -39.237  0.0000E+00  0.8000E+01
 -39.232  0.0000E+00  0.8000E+01
 -39.227  0.0000E+00  0.8000E+01
 -39.222  0.0000E+00  0.8000E+01
 -39.217  0.0000E+00  0.8000E+01
 -39.212  0.0000E+00  0.8000E+01
 -39.207  0.0000E+00  0.8000E+01
 -39.202  0.0000E+00  0.8000E+01
 -39.197  0.0000E+00  0.8000E+01
 -39.192  0.0000E+00  0.8000E+01
 -39.187  0.0000E+00  0.8000E+01
 -39.182  0.0000E+00  0.8000E+01
 -39.177  0.0000E+00  0.8000E+01
 -39.172  0.0000E+00  0.8000E+01
 -39.167  0.0000E+00  0.8000E+01
 -39.162  0.0000E+00  0.8000E+01
 -39.157  0.0000E+00  0.8000E+01
 -39.152  0.0000E+00  0.8000E+01
 -39.147  0.0000E+00  0.8000E+01
 -39.142  0.0000E+00  0.8000E+01
 -39.137  0.0000E+00  0.8000E+01
 -39.132  0.0000E+00  0.8000E+01
 -39.127  0.0000E+00  0.8000E+01
 -39.122  0.0000E+00  0.8000E+01
 -39.117  0.0000E+00  0.8000E+01
 -39.112  0.0000E+00  0.8000E+01
 -39.107  0.0000E+00  0.8000E+01
 -39.102  0.0000E+00  0.8000E+01
 -39.097  0.0000E+00  0.8000E+01
 -39.092  0.0000E+00  0.8000E+01
 -39.087  0.0000E+00  0.8000E+01
 -39.082  0.0000E+00  0.8000E+01
 -39.077  0.0000E+00  0.8000E+01
 -39.072  0.0000E+00  0.8000E+01
 -39.067  0.0000E+00  0.8000E+01
 -39.062  0.0000E+00  0.8000E+01
 -39.057  0.0000E+00  0.8000E+01
 -39.052  0.0000E+00  0.8000E+01
 -39.047  0.0000E+00  0.8000E+01
 -39.042  0.0000E+00  0.8000E+01
 -39.037  0.0000E+00  0.8000E+01
 -39.032  0.0000E+00  0.8000E+01
 -39.027  0.0000E+00  0.8000E+01
 -39.022  0.0000E+00  0.8000E+01
 -39.017  0.0000E+00  0.8000E+01
 -39.012  0.0000E+00  0.8000E+01
 -39.007  0.0000E+00  0.8000E+01
 -39.002  0.0000E+00  0.8000E+01
 -38.997  0.0000E+00  0.8000E+01
 -38.992  0.0000E+00  0.8000E+01
 -38.987  0.0000E+00  0.8000E+01
 -38.982  0.0000E+00  0.8000E+01
 -38.977  0.0000E+00  0.8000E+01
 -38.972  0.0000E+00  0.8000E+01
 -38.967  0.0000E+00  0.8000E+01
 -38.962  0.0000E+00  0.8000E+01
 -38.957  0.0000E+00  0.8000E+01
 -38.952  0.0000E+00  0.8000E+01
 -38.947  0.0000E+00  0.8000E+01
 -38.942  0.0000E+00  0.8000E+01
 -38.937  0.0000E+00  0.8000E+01
 -38.932  0.0000E+00  0.8000E+01
 -38.927  0.0000E+00  0.8000E+01
 -38.922  0.0000E+00  0.8000E+01
 -38.917  0.0000E+00  0.8000E+01
 -38.912  0.0000E+00  0.8000E+01
 -38.907  0.0000E+00  0.8000E+01
 -38.902  0.0000E+00  0.8000E+01
 -38.897  0.0000E+00  0.8000E+01
 -38.892  0.0000E+00  0.8000E+01
 -38.887  0.0000E+00  0.8000E+01
 -38.882  0.0000E+00  0.8000E+01
 -38.877  0.0000E+00  0.8000E+01
 -38.872  0.0000E+00  0.8000E+01
 -38.867  0.0000E+00  0.8000E+01
 -38.862  0.0000E+00  0.8000E+01
 -38.857  0.0000E+00  0.8000E+01
 -38.852  0.0000E+00  0.8000E+01
 -38.847  0.0000E+00  0.8000E+01
 -38.842  0.0000E+00  0.8000E+01
 -38.837  0.0000E+00  0.8000E+01
 -38.832  0.0000E+00  0.8000E+01
 -38.827  0.0000E+00  0.8000E+01
 -38.822  0.0000E+00  0.8000E+01
 -38.817  0.0000E+00  0.8000E+01
 -38.812  0.0000E+00  0.8000E+01
 -38.807  0.0000E+00  0.8000E+01
 -38.802  0.0000E+00  0.8000E+01
 -38.797  0.0000E+00  0.8000E+01
 -38.792  0.0000E+00  0.8000E+01
 -38.787  0.0000E+00  0.8000E+01
 -38.782  0.0000E+00  0.8000E+01
 -38.777  0.0000E+00  0.8000E+01
 -38.772  0.0000E+00  0.8000E+01
 -38.767  0.0000E+00  0.8000E+01
 -38.762  0.0000E+00  0.8000E+01
 -38.757  0.0000E+00  0.8000E+01
 -38.752  0.0000E+00  0.8000E+01
 -38.747  0.0000E+00  0.8000E+01
 -38.742  0.0000E+00  0.8000E+01
 -38.737  0.0000E+00  0.8000E+01
 -38.732  0.0000E+00  0.8000E+01
 -38.727  0.0000E+00  0.8000E+01
 -38.722  0.0000E+00  0.8000E+01
 -38.717  0.0000E+00  0.8000E+01
 -38.712  0.0000E+00  0.8000E+01
 -38.707  0.0000E+00  0.8000E+01
 -38.702  0.0000E+00  0.8000E+01
 -38.697  0.0000E+00  0.8000E+01
 -38.692  0.0000E+00  0.8000E+01
 -38.687  0.0000E+00  0.8000E+01
 -38.682  0.0000E+00  0.8000E+01
 -38.677  0.0000E+00  0.8000E+01
 -38.672  0.0000E+00  0.8000E+01
 -38.667  0.0000E+00  0.8000E+01
 -38.662  0.0000E+00  0.8000E+01
 -38.657  0.0000E+00  0.8000E+01
 -38.652  0.0000E+00  0.8000E+01
 -38.647  0.0000E+00  0.8000E+01
 -38.642  0.0000E+00  0.8000E+01
 -38.637  0.0000E+00  0.8000E+01
 -38.632  0.0000E+00  0.8000E+01
 -38.627  0.0000E+00  0.8000E+01
 -38.622  0.0000E+00  0.8000E+01
 -38.617  0.0000E+00  0.8000E+01
 -38.612  0.0000E+00  0.8000E+01
 -38.607  0.0000E+00  0.8000E+01
 -38.602  0.0000E+00  0.8000E+01
 -38.597  0.0000E+00  0.8000E+01
 -38.592  0.0000E+00  0.8000E+01
 -38.587  0.0000E+00  0.8000E+01
 -38.582  0.0000E+00  0.8000E+01
 -38.577  0.0000E+00  0.8000E+01
 -38.572  0.0000E+00  0.8000E+01
 -38.567  0.0000E+00  0.8000E+01
 -38.562  0.0000E+00  0.8000E+01
 -38.557  0.0000E+00  0.8000E+01
 -38.552  0.0000E+00  0.8000E+01
 -38.547  0.0000E+00  0.8000E+01
 -38.542  0.0000E+00  0.8000E+01
 -38.537  0.0000E+00  0.8000E+01
 -38.532  0.0000E+00  0.8000E+01
 -38.527  0.0000E+00  0.8000E+01
 -38.522  0.0000E+00  0.8000E+01
 -38.517  0.0000E+00  0.8000E+01
 -38.512  0.0000E+00  0.8000E+01
 -38.507  0.0000E+00  0.8000E+01
 -38.502  0.0000E+00  0.8000E+01
 -38.497  0.0000E+00  0.8000E+01
 -38.492  0.0000E+00  0.8000E+01
 -38.487  0.0000E+00  0.8000E+01
 -38.482  0.0000E+00  0.8000E+01
 -38.477  0.0000E+00  0.8000E+01
 -38.472  0.0000E+00  0.8000E+01
 -38.467  0.0000E+00  0.8000E+01
 -38.462  0.0000E+00  0.8000E+01
 -38.457  0.0000E+00  0.8000E+01
 -38.452  0.0000E+00  0.8000E+01
 -38.447  0.0000E+00  0.8000E+01
 -38.442  0.0000E+00  0.8000E+01
 -38.437  0.0000E+00  0.8000E+01
 -38.432  0.0000E+00  0.8000E+01
 -38.427  0.0000E+00  0.8000E+01
 -38.422  0.0000E+00  0.8000E+01
 -38.417  0.0000E+00  0.8000E+01
 -38.412  0.0000E+00  0.8000E+01
 -38.407  0.0000E+00  0.8000E+01
 -38.402  0.0000E+00  0.8000E+01
 -38.397  0.0000E+00  0.8000E+01
 -38.392  0.0000E+00  0.8000E+01
 -38.387  0.0000E+00  0.8000E+01
 -38.382  0.0000E+00  0.8000E+01
 -38.377  0.0000E+00  0.8000E+01
 -38.372  0.0000E+00  0.8000E+01
 -38.367  0.0000E+00  0.8000E+01
 -38.362  0.0000E+00  0.8000E+01
 -38.357  0.0000E+00  0.8000E+01
 -38.352  0.0000E+00  0.8000E+01
 -38.347  0.0000E+00  0.8000E+01
 -38.342  0.0000E+00  0.8000E+01
 -38.337  0.0000E+00  0.8000E+01
 -38.332  0.0000E+00  0.8000E+01
 -38.327  0.0000E+00  0.8000E+01
 -38.322  0.0000E+00  0.8000E+01
 -38.317  0.0000E+00  0.8000E+01
 -38.312  0.0000E+00  0.8000E+01
 -38.307  0.0000E+00  0.8000E+01
 -38.302  0.0000E+00  0.8000E+01
 -38.297  0.0000E+00  0.8000E+01
 -38.292  0.0000E+00  0.8000E+01
 -38.287  0.0000E+00  0.8000E+01
 -38.282  0.0000E+00  0.8000E+01
 -38.277  0.0000E+00  0.8000E+01
 -38.272  0.0000E+00  0.8000E+01
 -38.267  0.0000E+00  0.8000E+01
 -38.262  0.0000E+00  0.8000E+01
 -38.257  0.0000E+00  0.8000E+01
 -38.252  0.0000E+00  0.8000E+01
 -38.247  0.0000E+00  0.8000E+01
 -38.242  0.0000E+00  0.8000E+01
 -38.237  0.0000E+00  0.8000E+01
 -38.232  0.0000E+00  0.8000E+01
 -38.227  0.0000E+00  0.8000E+01
 -38.222  0.0000E+00  0.8000E+01
 -38.217  0.0000E+00  0.8000E+01
 -38.212  0.0000E+00  0.8000E+01
 -38.207  0.0000E+00  0.8000E+01
 -38.202  0.0000E+00  0.8000E+01
 -38.197  0.0000E+00  0.8000E+01
 -38.192  0.0000E+00  0.8000E+01
 -38.187  0.0000E+00  0.8000E+01
 -38.182  0.0000E+00  0.8000E+01
 -38.177  0.0000E+00  0.8000E+01
 -38.172  0.0000E+00  0.8000E+01
 -38.167  0.0000E+00  0.8000E+01
 -38.162  0.0000E+00  0.8000E+01
 -38.157  0.0000E+00  0.8000E+01
 -38.152  0.0000E+00  0.8000E+01
 -38.147  0.0000E+00  0.8000E+01
 -38.142  0.0000E+00  0.8000E+01
 -38.137  0.0000E+00  0.8000E+01
 -38.132  0.0000E+00  0.8000E+01
 -38.127  0.0000E+00  0.8000E+01
 -38.122  0.0000E+00  0.8000E+01
 -38.117  0.0000E+00  0.8000E+01
 -38.112  0.0000E+00  0.8000E+01
 -38.107  0.0000E+00  0.8000E+01
 -38.102  0.0000E+00  0.8000E+01
 -38.097  0.0000E+00  0.8000E+01
 -38.092  0.0000E+00  0.8000E+01
 -38.087  0.0000E+00  0.8000E+01
 -38.082  0.0000E+00  0.8000E+01
 -38.077  0.0000E+00  0.8000E+01
 -38.072  0.0000E+00  0.8000E+01
 -38.067  0.0000E+00  0.8000E+01
 -38.062  0.0000E+00  0.8000E+01
 -38.057  0.0000E+00  0.8000E+01
 -38.052  0.0000E+00  0.8000E+01
 -38.047  0.0000E+00  0.8000E+01
 -38.042  0.0000E+00  0.8000E+01
 -38.037  0.0000E+00  0.8000E+01
 -38.032  0.0000E+00  0.8000E+01
 -38.027  0.0000E+00  0.8000E+01
 -38.022  0.0000E+00  0.8000E+01
 -38.017  0.0000E+00  0.8000E+01
 -38.012  0.0000E+00  0.8000E+01
 -38.007  0.0000E+00  0.8000E+01
 -38.002  0.0000E+00  0.8000E+01
 -37.997  0.0000E+00  0.8000E+01
 -37.992  0.0000E+00  0.8000E+01
 -37.987  0.0000E+00  0.8000E+01
 -37.982  0.0000E+00  0.8000E+01
 -37.977  0.0000E+00  0.8000E+01
 -37.972  0.0000E+00  0.8000E+01
 -37.967  0.0000E+00  0.8000E+01
 -37.962  0.0000E+00  0.8000E+01
 -37.957  0.0000E+00  0.8000E+01
 -37.952  0.0000E+00  0.8000E+01
 -37.947  0.0000E+00  0.8000E+01
 -37.942  0.0000E+00  0.8000E+01
 -37.937  0.0000E+00  0.8000E+01
 -37.932  0.0000E+00  0.8000E+01
 -37.927  0.0000E+00  0.8000E+01
 -37.922  0.0000E+00  0.8000E+01
 -37.917  0.0000E+00  0.8000E+01
 -37.912  0.0000E+00  0.8000E+01
 -37.907  0.0000E+00  0.8000E+01
 -37.902  0.0000E+00  0.8000E+01
 -37.897  0.0000E+00  0.8000E+01
 -37.892  0.0000E+00  0.8000E+01
 -37.887  0.0000E+00  0.8000E+01
 -37.882  0.0000E+00  0.8000E+01
 -37.877  0.0000E+00  0.8000E+01
 -37.872  0.0000E+00  0.8000E+01
 -37.867  0.0000E+00  0.8000E+01
 -37.862  0.0000E+00  0.8000E+01
 -37.857  0.0000E+00  0.8000E+01
 -37.852  0.0000E+00  0.8000E+01
 -37.847  0.0000E+00  0.8000E+01
 -37.842  0.0000E+00  0.8000E+01
 -37.837  0.0000E+00  0.8000E+01
 -37.832  0.0000E+00  0.8000E+01
 -37.827  0.0000E+00  0.8000E+01
 -37.822  0.0000E+00  0.8000E+01
 -37.817  0.0000E+00  0.8000E+01
 -37.812  0.0000E+00  0.8000E+01
 -37.807  0.0000E+00  0.8000E+01
 -37.802  0.0000E+00  0.8000E+01
 -37.797  0.0000E+00  0.8000E+01
 -37.792  0.0000E+00  0.8000E+01
 -37.787  0.0000E+00  0.8000E+01
 -37.782  0.0000E+00  0.8000E+01
 -37.777  0.0000E+00  0.8000E+01
 -37.772  0.0000E+00  0.8000E+01
 -37.767  0.0000E+00  0.8000E+01
 -37.762  0.0000E+00  0.8000E+01
 -37.757  0.0000E+00  0.8000E+01
 -37.752  0.0000E+00  0.8000E+01
 -37.747  0.0000E+00  0.8000E+01
 -37.742  0.0000E+00  0.8000E+01
 -37.737  0.0000E+00  0.8000E+01
 -37.732  0.0000E+00  0.8000E+01
 -37.727  0.0000E+00  0.8000E+01
 -37.722  0.0000E+00  0.8000E+01
 -37.717  0.0000E+00  0.8000E+01
 -37.712  0.0000E+00  0.8000E+01
 -37.707  0.0000E+00  0.8000E+01
 -37.702  0.0000E+00  0.8000E+01
 -37.697  0.0000E+00  0.8000E+01
 -37.692  0.0000E+00  0.8000E+01
 -37.687  0.0000E+00  0.8000E+01
 -37.682  0.0000E+00  0.8000E+01
 -37.677  0.0000E+00  0.8000E+01
 -37.672  0.0000E+00  0.8000E+01
 -37.667  0.0000E+00  0.8000E+01
 -37.662  0.0000E+00  0.8000E+01
 -37.657  0.0000E+00  0.8000E+01
 -37.652  0.0000E+00  0.8000E+01
 -37.647  0.0000E+00  0.8000E+01
 -37.642  0.0000E+00  0.8000E+01
 -37.637  0.0000E+00  0.8000E+01
 -37.632  0.0000E+00  0.8000E+01
 -37.627  0.0000E+00  0.8000E+01
 -37.622  0.0000E+00  0.8000E+01
 -37.617  0.0000E+00  0.8000E+01
 -37.612  0.0000E+00  0.8000E+01
 -37.607  0.0000E+00  0.8000E+01
 -37.602  0.0000E+00  0.8000E+01
 -37.597  0.0000E+00  0.8000E+01
 -37.592  0.0000E+00  0.8000E+01
 -37.587  0.0000E+00  0.8000E+01
 -37.582  0.0000E+00  0.8000E+01
 -37.577  0.0000E+00  0.8000E+01
 -37.572  0.0000E+00  0.8000E+01
 -37.567  0.0000E+00  0.8000E+01
 -37.562  0.0000E+00  0.8000E+01
 -37.557  0.0000E+00  0.8000E+01
 -37.552  0.0000E+00  0.8000E+01
 -37.547  0.0000E+00  0.8000E+01
 -37.542  0.0000E+00  0.8000E+01
 -37.537  0.0000E+00  0.8000E+01
 -37.532  0.0000E+00  0.8000E+01
 -37.527  0.0000E+00  0.8000E+01
 -37.522  0.0000E+00  0.8000E+01
 -37.517  0.0000E+00  0.8000E+01
 -37.512  0.0000E+00  0.8000E+01
 -37.507  0.0000E+00  0.8000E+01
 -37.502  0.0000E+00  0.8000E+01
 -37.497  0.0000E+00  0.8000E+01
 -37.492  0.0000E+00  0.8000E+01
 -37.487  0.0000E+00  0.8000E+01
 -37.482  0.0000E+00  0.8000E+01
 -37.477  0.0000E+00  0.8000E+01
 -37.472  0.0000E+00  0.8000E+01
 -37.467  0.0000E+00  0.8000E+01
 -37.462  0.0000E+00  0.8000E+01
 -37.457  0.0000E+00  0.8000E+01
 -37.452  0.0000E+00  0.8000E+01
 -37.447  0.0000E+00  0.8000E+01
 -37.442  0.0000E+00  0.8000E+01
 -37.437  0.0000E+00  0.8000E+01
 -37.432  0.0000E+00  0.8000E+01
 -37.427  0.0000E+00  0.8000E+01
 -37.422  0.0000E+00  0.8000E+01
 -37.417  0.0000E+00  0.8000E+01
 -37.412  0.0000E+00  0.8000E+01
 -37.407  0.0000E+00  0.8000E+01
 -37.402  0.0000E+00  0.8000E+01
 -37.397  0.0000E+00  0.8000E+01
 -37.392  0.0000E+00  0.8000E+01
 -37.387  0.0000E+00  0.8000E+01
 -37.382  0.0000E+00  0.8000E+01
 -37.377  0.0000E+00  0.8000E+01
 -37.372  0.0000E+00  0.8000E+01
 -37.367  0.0000E+00  0.8000E+01
 -37.362  0.0000E+00  0.8000E+01
 -37.357  0.0000E+00  0.8000E+01
 -37.352  0.0000E+00  0.8000E+01
 -37.347  0.0000E+00  0.8000E+01
 -37.342  0.0000E+00  0.8000E+01
 -37.337  0.0000E+00  0.8000E+01
 -37.332  0.0000E+00  0.8000E+01
 -37.327  0.0000E+00  0.8000E+01
 -37.322  0.0000E+00  0.8000E+01
 -37.317  0.0000E+00  0.8000E+01
 -37.312  0.0000E+00  0.8000E+01
 -37.307  0.0000E+00  0.8000E+01
 -37.302  0.0000E+00  0.8000E+01
 -37.297  0.0000E+00  0.8000E+01
 -37.292  0.0000E+00  0.8000E+01
 -37.287  0.0000E+00  0.8000E+01
 -37.282  0.0000E+00  0.8000E+01
 -37.277  0.0000E+00  0.8000E+01
 -37.272  0.0000E+00  0.8000E+01
 -37.267  0.0000E+00  0.8000E+01
 -37.262  0.0000E+00  0.8000E+01
 -37.257  0.0000E+00  0.8000E+01
 -37.252  0.0000E+00  0.8000E+01
 -37.247  0.0000E+00  0.8000E+01
 -37.242  0.0000E+00  0.8000E+01
 -37.237  0.0000E+00  0.8000E+01
 -37.232  0.0000E+00  0.8000E+01
 -37.227  0.0000E+00  0.8000E+01
 -37.222  0.0000E+00  0.8000E+01
 -37.217  0.0000E+00  0.8000E+01
 -37.212  0.0000E+00  0.8000E+01
 -37.207  0.0000E+00  0.8000E+01
 -37.202  0.0000E+00  0.8000E+01
 -37.197  0.0000E+00  0.8000E+01
 -37.192  0.0000E+00  0.8000E+01
 -37.187  0.0000E+00  0.8000E+01
 -37.182  0.0000E+00  0.8000E+01
 -37.177  0.0000E+00  0.8000E+01
 -37.172  0.0000E+00  0.8000E+01
 -37.167  0.0000E+00  0.8000E+01
 -37.162  0.0000E+00  0.8000E+01
 -37.157  0.0000E+00  0.8000E+01
 -37.152  0.0000E+00  0.8000E+01
 -37.147  0.0000E+00  0.8000E+01
 -37.142  0.0000E+00  0.8000E+01
 -37.137  0.0000E+00  0.8000E+01
 -37.132  0.0000E+00  0.8000E+01
 -37.127  0.0000E+00  0.8000E+01
 -37.122  0.0000E+00  0.8000E+01
 -37.117  0.0000E+00  0.8000E+01
 -37.112  0.0000E+00  0.8000E+01
 -37.107  0.0000E+00  0.8000E+01
 -37.102  0.0000E+00  0.8000E+01
 -37.097  0.0000E+00  0.8000E+01
 -37.092  0.0000E+00  0.8000E+01
 -37.087  0.0000E+00  0.8000E+01
 -37.082  0.0000E+00  0.8000E+01
 -37.077  0.0000E+00  0.8000E+01
 -37.072  0.0000E+00  0.8000E+01
 -37.067  0.0000E+00  0.8000E+01
 -37.062  0.0000E+00  0.8000E+01
 -37.057  0.0000E+00  0.8000E+01
 -37.052  0.0000E+00  0.8000E+01
 -37.047  0.0000E+00  0.8000E+01
 -37.042  0.0000E+00  0.8000E+01
 -37.037  0.0000E+00  0.8000E+01
 -37.032  0.0000E+00  0.8000E+01
 -37.027  0.0000E+00  0.8000E+01
 -37.022  0.0000E+00  0.8000E+01
 -37.017  0.0000E+00  0.8000E+01
 -37.012  0.0000E+00  0.8000E+01
 -37.007  0.0000E+00  0.8000E+01
 -37.002  0.0000E+00  0.8000E+01
 -36.997  0.0000E+00  0.8000E+01
 -36.992  0.0000E+00  0.8000E+01
 -36.987  0.0000E+00  0.8000E+01
 -36.982  0.0000E+00  0.8000E+01
 -36.977  0.0000E+00  0.8000E+01
 -36.972  0.0000E+00  0.8000E+01
 -36.967  0.0000E+00  0.8000E+01
 -36.962  0.0000E+00  0.8000E+01
 -36.957  0.0000E+00  0.8000E+01
 -36.952  0.0000E+00  0.8000E+01
 -36.947  0.0000E+00  0.8000E+01
 -36.942  0.0000E+00  0.8000E+01
 -36.937  0.0000E+00  0.8000E+01
 -36.932  0.0000E+00  0.8000E+01
 -36.927  0.0000E+00  0.8000E+01
 -36.922  0.0000E+00  0.8000E+01
 -36.917  0.0000E+00  0.8000E+01
 -36.912  0.0000E+00  0.8000E+01
 -36.907  0.0000E+00  0.8000E+01
 -36.902  0.0000E+00  0.8000E+01
 -36.897  0.0000E+00  0.8000E+01
 -36.892  0.0000E+00  0.8000E+01
 -36.887  0.0000E+00  0.8000E+01
 -36.882  0.0000E+00  0.8000E+01
 -36.877  0.0000E+00  0.8000E+01
 -36.872  0.0000E+00  0.8000E+01
 -36.867  0.0000E+00  0.8000E+01
 -36.862  0.0000E+00  0.8000E+01
 -36.857  0.0000E+00  0.8000E+01
 -36.852  0.0000E+00  0.8000E+01
 -36.847  0.0000E+00  0.8000E+01
 -36.842  0.0000E+00  0.8000E+01
 -36.837  0.0000E+00  0.8000E+01
 -36.832  0.0000E+00  0.8000E+01
 -36.827  0.0000E+00  0.8000E+01
 -36.822  0.0000E+00  0.8000E+01
 -36.817  0.0000E+00  0.8000E+01
 -36.812  0.0000E+00  0.8000E+01
 -36.807  0.0000E+00  0.8000E+01
 -36.802  0.0000E+00  0.8000E+01
 -36.797  0.0000E+00  0.8000E+01
 -36.792  0.0000E+00  0.8000E+01
 -36.787  0.0000E+00  0.8000E+01
 -36.782  0.0000E+00  0.8000E+01
 -36.777  0.0000E+00  0.8000E+01
 -36.772  0.0000E+00  0.8000E+01
 -36.767  0.0000E+00  0.8000E+01
 -36.762  0.0000E+00  0.8000E+01
 -36.757  0.0000E+00  0.8000E+01
 -36.752  0.0000E+00  0.8000E+01
 -36.747  0.0000E+00  0.8000E+01
 -36.742  0.0000E+00  0.8000E+01
 -36.737  0.0000E+00  0.8000E+01
 -36.732  0.0000E+00  0.8000E+01
 -36.727  0.0000E+00  0.8000E+01
 -36.722  0.0000E+00  0.8000E+01
 -36.717  0.0000E+00  0.8000E+01
 -36.712  0.0000E+00  0.8000E+01
 -36.707  0.0000E+00  0.8000E+01
 -36.702  0.0000E+00  0.8000E+01
 -36.697  0.0000E+00  0.8000E+01
 -36.692  0.0000E+00  0.8000E+01
 -36.687  0.0000E+00  0.8000E+01
 -36.682  0.0000E+00  0.8000E+01
 -36.677  0.0000E+00  0.8000E+01
 -36.672  0.0000E+00  0.8000E+01
 -36.667  0.0000E+00  0.8000E+01
 -36.662  0.0000E+00  0.8000E+01
 -36.657  0.0000E+00  0.8000E+01
 -36.652  0.0000E+00  0.8000E+01
 -36.647  0.0000E+00  0.8000E+01
 -36.642  0.0000E+00  0.8000E+01
 -36.637  0.0000E+00  0.8000E+01
 -36.632  0.0000E+00  0.8000E+01
 -36.627  0.0000E+00  0.8000E+01
 -36.622  0.0000E+00  0.8000E+01
 -36.617  0.0000E+00  0.8000E+01
 -36.612  0.0000E+00  0.8000E+01
 -36.607  0.0000E+00  0.8000E+01
 -36.602  0.0000E+00  0.8000E+01
 -36.597  0.0000E+00  0.8000E+01
 -36.592  0.0000E+00  0.8000E+01
 -36.587  0.0000E+00  0.8000E+01
 -36.582  0.0000E+00  0.8000E+01
 -36.577  0.0000E+00  0.8000E+01
 -36.572  0.0000E+00  0.8000E+01
 -36.567  0.0000E+00  0.8000E+01
 -36.562  0.0000E+00  0.8000E+01
 -36.557  0.0000E+00  0.8000E+01
 -36.552  0.0000E+00  0.8000E+01
 -36.547  0.0000E+00  0.8000E+01
 -36.542  0.0000E+00  0.8000E+01
 -36.537  0.0000E+00  0.8000E+01
 -36.532  0.0000E+00  0.8000E+01
 -36.527  0.0000E+00  0.8000E+01
 -36.522  0.0000E+00  0.8000E+01
 -36.517  0.0000E+00  0.8000E+01
 -36.512  0.0000E+00  0.8000E+01
 -36.507  0.0000E+00  0.8000E+01
 -36.502  0.0000E+00  0.8000E+01
 -36.497  0.0000E+00  0.8000E+01
 -36.492  0.0000E+00  0.8000E+01
 -36.487  0.0000E+00  0.8000E+01
 -36.482  0.0000E+00  0.8000E+01
 -36.477  0.0000E+00  0.8000E+01
 -36.472  0.0000E+00  0.8000E+01
 -36.467  0.0000E+00  0.8000E+01
 -36.462  0.0000E+00  0.8000E+01
 -36.457  0.0000E+00  0.8000E+01
 -36.452  0.0000E+00  0.8000E+01
 -36.447  0.0000E+00  0.8000E+01
 -36.442  0.0000E+00  0.8000E+01
 -36.437  0.0000E+00  0.8000E+01
 -36.432  0.0000E+00  0.8000E+01
 -36.427  0.0000E+00  0.8000E+01
 -36.422  0.0000E+00  0.8000E+01
 -36.417  0.0000E+00  0.8000E+01
 -36.412  0.0000E+00  0.8000E+01
 -36.407  0.0000E+00  0.8000E+01
 -36.402  0.0000E+00  0.8000E+01
 -36.397  0.0000E+00  0.8000E+01
 -36.392  0.0000E+00  0.8000E+01
 -36.387  0.0000E+00  0.8000E+01
 -36.382  0.0000E+00  0.8000E+01
 -36.377  0.0000E+00  0.8000E+01
 -36.372  0.0000E+00  0.8000E+01
 -36.367  0.0000E+00  0.8000E+01
 -36.362  0.0000E+00  0.8000E+01
 -36.357  0.0000E+00  0.8000E+01
 -36.352  0.0000E+00  0.8000E+01
 -36.347  0.0000E+00  0.8000E+01
 -36.342  0.0000E+00  0.8000E+01
 -36.337  0.0000E+00  0.8000E+01
 -36.332  0.0000E+00  0.8000E+01
 -36.327  0.0000E+00  0.8000E+01
 -36.322  0.0000E+00  0.8000E+01
 -36.317  0.0000E+00  0.8000E+01
 -36.312  0.0000E+00  0.8000E+01
 -36.307  0.0000E+00  0.8000E+01
 -36.302  0.0000E+00  0.8000E+01
 -36.297  0.0000E+00  0.8000E+01
 -36.292  0.0000E+00  0.8000E+01
 -36.287  0.0000E+00  0.8000E+01
 -36.282  0.0000E+00  0.8000E+01
 -36.277  0.0000E+00  0.8000E+01
 -36.272  0.0000E+00  0.8000E+01
 -36.267  0.0000E+00  0.8000E+01
 -36.262  0.0000E+00  0.8000E+01
 -36.257  0.0000E+00  0.8000E+01
 -36.252  0.0000E+00  0.8000E+01
 -36.247  0.0000E+00  0.8000E+01
 -36.242  0.0000E+00  0.8000E+01
 -36.237  0.0000E+00  0.8000E+01
 -36.232  0.0000E+00  0.8000E+01
 -36.227  0.0000E+00  0.8000E+01
 -36.222  0.0000E+00  0.8000E+01
 -36.217  0.0000E+00  0.8000E+01
 -36.212  0.0000E+00  0.8000E+01
 -36.207  0.0000E+00  0.8000E+01
 -36.202  0.0000E+00  0.8000E+01
 -36.197  0.0000E+00  0.8000E+01
 -36.192  0.0000E+00  0.8000E+01
 -36.187  0.0000E+00  0.8000E+01
 -36.182  0.0000E+00  0.8000E+01
 -36.177  0.0000E+00  0.8000E+01
 -36.172  0.0000E+00  0.8000E+01
 -36.167  0.0000E+00  0.8000E+01
 -36.162  0.0000E+00  0.8000E+01
 -36.157  0.0000E+00  0.8000E+01
 -36.152  0.0000E+00  0.8000E+01
 -36.147  0.0000E+00  0.8000E+01
 -36.142  0.0000E+00  0.8000E+01
 -36.137  0.0000E+00  0.8000E+01
 -36.132  0.0000E+00  0.8000E+01
 -36.127  0.0000E+00  0.8000E+01
 -36.122  0.0000E+00  0.8000E+01
 -36.117  0.0000E+00  0.8000E+01
 -36.112  0.0000E+00  0.8000E+01
 -36.107  0.0000E+00  0.8000E+01
 -36.102  0.0000E+00  0.8000E+01
 -36.097  0.0000E+00  0.8000E+01
 -36.092  0.0000E+00  0.8000E+01
 -36.087  0.0000E+00  0.8000E+01
 -36.082  0.0000E+00  0.8000E+01
 -36.077  0.0000E+00  0.8000E+01
 -36.072  0.0000E+00  0.8000E+01
 -36.067  0.0000E+00  0.8000E+01
 -36.062  0.0000E+00  0.8000E+01
 -36.057  0.0000E+00  0.8000E+01
 -36.052  0.0000E+00  0.8000E+01
 -36.047  0.0000E+00  0.8000E+01
 -36.042  0.0000E+00  0.8000E+01
 -36.037  0.0000E+00  0.8000E+01
 -36.032  0.0000E+00  0.8000E+01
 -36.027  0.0000E+00  0.8000E+01
 -36.022  0.0000E+00  0.8000E+01
 -36.017  0.0000E+00  0.8000E+01
 -36.012  0.0000E+00  0.8000E+01
 -36.007  0.0000E+00  0.8000E+01
 -36.002  0.0000E+00  0.8000E+01
 -35.997  0.0000E+00  0.8000E+01
 -35.992  0.0000E+00  0.8000E+01
 -35.987  0.0000E+00  0.8000E+01
 -35.982  0.0000E+00  0.8000E+01
 -35.977  0.0000E+00  0.8000E+01
 -35.972  0.0000E+00  0.8000E+01
 -35.967  0.0000E+00  0.8000E+01
 -35.962  0.0000E+00  0.8000E+01
 -35.957  0.0000E+00  0.8000E+01
 -35.952  0.0000E+00  0.8000E+01
 -35.947  0.0000E+00  0.8000E+01
 -35.942  0.0000E+00  0.8000E+01
 -35.937  0.0000E+00  0.8000E+01
 -35.932  0.0000E+00  0.8000E+01
 -35.927  0.0000E+00  0.8000E+01
 -35.922  0.0000E+00  0.8000E+01
 -35.917  0.0000E+00  0.8000E+01
 -35.912  0.0000E+00  0.8000E+01
 -35.907  0.0000E+00  0.8000E+01
 -35.902  0.0000E+00  0.8000E+01
 -35.897  0.0000E+00  0.8000E+01
 -35.892  0.0000E+00  0.8000E+01
 -35.887  0.0000E+00  0.8000E+01
 -35.882  0.0000E+00  0.8000E+01
 -35.877  0.0000E+00  0.8000E+01
 -35.872  0.0000E+00  0.8000E+01
 -35.867  0.0000E+00  0.8000E+01
 -35.862  0.0000E+00  0.8000E+01
 -35.857  0.0000E+00  0.8000E+01
 -35.852  0.0000E+00  0.8000E+01
 -35.847  0.0000E+00  0.8000E+01
 -35.842  0.0000E+00  0.8000E+01
 -35.837  0.0000E+00  0.8000E+01
 -35.832  0.0000E+00  0.8000E+01
 -35.827  0.0000E+00  0.8000E+01
 -35.822  0.0000E+00  0.8000E+01
 -35.817  0.0000E+00  0.8000E+01
 -35.812  0.0000E+00  0.8000E+01
 -35.807  0.0000E+00  0.8000E+01
 -35.802  0.0000E+00  0.8000E+01
 -35.797  0.0000E+00  0.8000E+01
 -35.792  0.0000E+00  0.8000E+01
 -35.787  0.0000E+00  0.8000E+01
 -35.782  0.0000E+00  0.8000E+01
 -35.777  0.0000E+00  0.8000E+01
 -35.772  0.0000E+00  0.8000E+01
 -35.767  0.0000E+00  0.8000E+01
 -35.762  0.0000E+00  0.8000E+01
 -35.757  0.0000E+00  0.8000E+01
 -35.752  0.0000E+00  0.8000E+01
 -35.747  0.0000E+00  0.8000E+01
 -35.742  0.0000E+00  0.8000E+01
 -35.737  0.0000E+00  0.8000E+01
 -35.732  0.0000E+00  0.8000E+01
 -35.727  0.0000E+00  0.8000E+01
 -35.722  0.0000E+00  0.8000E+01
 -35.717  0.0000E+00  0.8000E+01
 -35.712  0.0000E+00  0.8000E+01
 -35.707  0.0000E+00  0.8000E+01
 -35.702  0.0000E+00  0.8000E+01
 -35.697  0.0000E+00  0.8000E+01
 -35.692  0.0000E+00  0.8000E+01
 -35.687  0.0000E+00  0.8000E+01
 -35.682  0.0000E+00  0.8000E+01
 -35.677  0.0000E+00  0.8000E+01
 -35.672  0.0000E+00  0.8000E+01
 -35.667  0.0000E+00  0.8000E+01
 -35.662  0.0000E+00  0.8000E+01
 -35.657  0.0000E+00  0.8000E+01
 -35.652  0.0000E+00  0.8000E+01
 -35.647  0.0000E+00  0.8000E+01
 -35.642  0.0000E+00  0.8000E+01
 -35.637  0.0000E+00  0.8000E+01
 -35.632  0.0000E+00  0.8000E+01
 -35.627  0.0000E+00  0.8000E+01
 -35.622  0.0000E+00  0.8000E+01
 -35.617  0.0000E+00  0.8000E+01
 -35.612  0.0000E+00  0.8000E+01
 -35.607  0.0000E+00  0.8000E+01
 -35.602  0.0000E+00  0.8000E+01
 -35.597  0.0000E+00  0.8000E+01
 -35.592  0.0000E+00  0.8000E+01
 -35.587  0.0000E+00  0.8000E+01
 -35.582  0.0000E+00  0.8000E+01
 -35.577  0.0000E+00  0.8000E+01
 -35.572  0.0000E+00  0.8000E+01
 -35.567  0.0000E+00  0.8000E+01
 -35.562  0.0000E+00  0.8000E+01
 -35.557  0.0000E+00  0.8000E+01
 -35.552  0.0000E+00  0.8000E+01
 -35.547  0.0000E+00  0.8000E+01
 -35.542  0.0000E+00  0.8000E+01
 -35.537  0.0000E+00  0.8000E+01
 -35.532  0.0000E+00  0.8000E+01
 -35.527  0.0000E+00  0.8000E+01
 -35.522  0.0000E+00  0.8000E+01
 -35.517  0.0000E+00  0.8000E+01
 -35.512  0.0000E+00  0.8000E+01
 -35.507  0.0000E+00  0.8000E+01
 -35.502  0.0000E+00  0.8000E+01
 -35.497  0.0000E+00  0.8000E+01
 -35.492  0.0000E+00  0.8000E+01
 -35.487  0.0000E+00  0.8000E+01
 -35.482  0.0000E+00  0.8000E+01
 -35.477  0.0000E+00  0.8000E+01
 -35.472  0.0000E+00  0.8000E+01
 -35.467  0.0000E+00  0.8000E+01
 -35.462  0.0000E+00  0.8000E+01
 -35.457  0.0000E+00  0.8000E+01
 -35.452  0.0000E+00  0.8000E+01
 -35.447  0.0000E+00  0.8000E+01
 -35.442  0.0000E+00  0.8000E+01
 -35.437  0.0000E+00  0.8000E+01
 -35.432  0.0000E+00  0.8000E+01
 -35.427  0.0000E+00  0.8000E+01
 -35.422  0.0000E+00  0.8000E+01
 -35.417  0.0000E+00  0.8000E+01
 -35.412  0.0000E+00  0.8000E+01
 -35.407  0.0000E+00  0.8000E+01
 -35.402  0.0000E+00  0.8000E+01
 -35.397  0.0000E+00  0.8000E+01
 -35.392  0.0000E+00  0.8000E+01
 -35.387  0.0000E+00  0.8000E+01
 -35.382  0.0000E+00  0.8000E+01
 -35.377  0.0000E+00  0.8000E+01
 -35.372  0.0000E+00  0.8000E+01
 -35.367  0.0000E+00  0.8000E+01
 -35.362  0.0000E+00  0.8000E+01
 -35.357  0.0000E+00  0.8000E+01
 -35.352  0.0000E+00  0.8000E+01
 -35.347  0.0000E+00  0.8000E+01
 -35.342  0.0000E+00  0.8000E+01
 -35.337  0.0000E+00  0.8000E+01
 -35.332  0.0000E+00  0.8000E+01
 -35.327  0.0000E+00  0.8000E+01
 -35.322  0.0000E+00  0.8000E+01
 -35.317  0.0000E+00  0.8000E+01
 -35.312  0.0000E+00  0.8000E+01
 -35.307  0.0000E+00  0.8000E+01
 -35.302  0.0000E+00  0.8000E+01
 -35.297  0.0000E+00  0.8000E+01
 -35.292  0.0000E+00  0.8000E+01
 -35.287  0.0000E+00  0.8000E+01
 -35.282  0.0000E+00  0.8000E+01
 -35.277  0.0000E+00  0.8000E+01
 -35.272  0.0000E+00  0.8000E+01
 -35.267  0.0000E+00  0.8000E+01
 -35.262  0.0000E+00  0.8000E+01
 -35.257  0.0000E+00  0.8000E+01
 -35.252  0.0000E+00  0.8000E+01
 -35.247  0.0000E+00  0.8000E+01
 -35.242  0.0000E+00  0.8000E+01
 -35.237  0.0000E+00  0.8000E+01
 -35.232  0.0000E+00  0.8000E+01
 -35.227  0.0000E+00  0.8000E+01
 -35.222  0.0000E+00  0.8000E+01
 -35.217  0.0000E+00  0.8000E+01
 -35.212  0.0000E+00  0.8000E+01
 -35.207  0.0000E+00  0.8000E+01
 -35.202  0.0000E+00  0.8000E+01
 -35.197  0.0000E+00  0.8000E+01
 -35.192  0.0000E+00  0.8000E+01
 -35.187  0.0000E+00  0.8000E+01
 -35.182  0.0000E+00  0.8000E+01
 -35.177  0.0000E+00  0.8000E+01
 -35.172  0.0000E+00  0.8000E+01
 -35.167  0.0000E+00  0.8000E+01
 -35.162  0.0000E+00  0.8000E+01
 -35.157  0.0000E+00  0.8000E+01
 -35.152  0.0000E+00  0.8000E+01
 -35.147  0.0000E+00  0.8000E+01
 -35.142  0.0000E+00  0.8000E+01
 -35.137  0.0000E+00  0.8000E+01
 -35.132  0.0000E+00  0.8000E+01
 -35.127  0.0000E+00  0.8000E+01
 -35.122  0.0000E+00  0.8000E+01
 -35.117  0.0000E+00  0.8000E+01
 -35.112  0.0000E+00  0.8000E+01
 -35.107  0.0000E+00  0.8000E+01
 -35.102  0.0000E+00  0.8000E+01
 -35.097  0.0000E+00  0.8000E+01
 -35.092  0.0000E+00  0.8000E+01
 -35.087  0.0000E+00  0.8000E+01
 -35.082  0.0000E+00  0.8000E+01
 -35.077  0.0000E+00  0.8000E+01
 -35.072  0.0000E+00  0.8000E+01
 -35.067  0.0000E+00  0.8000E+01
 -35.062  0.0000E+00  0.8000E+01
 -35.057  0.0000E+00  0.8000E+01
 -35.052  0.0000E+00  0.8000E+01
 -35.047  0.0000E+00  0.8000E+01
 -35.042  0.0000E+00  0.8000E+01
 -35.037  0.0000E+00  0.8000E+01
 -35.032  0.0000E+00  0.8000E+01
 -35.027  0.0000E+00  0.8000E+01
 -35.022  0.0000E+00  0.8000E+01
 -35.017  0.0000E+00  0.8000E+01
 -35.012  0.0000E+00  0.8000E+01
 -35.007  0.0000E+00  0.8000E+01
 -35.002  0.0000E+00  0.8000E+01
 -34.997  0.0000E+00  0.8000E+01
 -34.992  0.0000E+00  0.8000E+01
 -34.987  0.0000E+00  0.8000E+01
 -34.982  0.0000E+00  0.8000E+01
 -34.977  0.0000E+00  0.8000E+01
 -34.972  0.0000E+00  0.8000E+01
 -34.967  0.0000E+00  0.8000E+01
 -34.962  0.0000E+00  0.8000E+01
 -34.957  0.0000E+00  0.8000E+01
 -34.952  0.0000E+00  0.8000E+01
 -34.947  0.0000E+00  0.8000E+01
 -34.942  0.0000E+00  0.8000E+01
 -34.937  0.0000E+00  0.8000E+01
 -34.932  0.0000E+00  0.8000E+01
 -34.927  0.0000E+00  0.8000E+01
 -34.922  0.0000E+00  0.8000E+01
 -34.917  0.0000E+00  0.8000E+01
 -34.912  0.0000E+00  0.8000E+01
 -34.907  0.0000E+00  0.8000E+01
 -34.902  0.0000E+00  0.8000E+01
 -34.897  0.0000E+00  0.8000E+01
 -34.892  0.0000E+00  0.8000E+01
 -34.887  0.0000E+00  0.8000E+01
 -34.882  0.0000E+00  0.8000E+01
 -34.877  0.0000E+00  0.8000E+01
 -34.872  0.0000E+00  0.8000E+01
 -34.867  0.0000E+00  0.8000E+01
 -34.862  0.0000E+00  0.8000E+01
 -34.857  0.0000E+00  0.8000E+01
 -34.852  0.0000E+00  0.8000E+01
 -34.847  0.0000E+00  0.8000E+01
 -34.842  0.0000E+00  0.8000E+01
 -34.837  0.0000E+00  0.8000E+01
 -34.832  0.0000E+00  0.8000E+01
 -34.827  0.0000E+00  0.8000E+01
 -34.822  0.0000E+00  0.8000E+01
 -34.817  0.0000E+00  0.8000E+01
 -34.812  0.0000E+00  0.8000E+01
 -34.807  0.0000E+00  0.8000E+01
 -34.802  0.0000E+00  0.8000E+01
 -34.797  0.0000E+00  0.8000E+01
 -34.792  0.0000E+00  0.8000E+01
 -34.787  0.0000E+00  0.8000E+01
 -34.782  0.0000E+00  0.8000E+01
 -34.777  0.0000E+00  0.8000E+01
 -34.772  0.0000E+00  0.8000E+01
 -34.767  0.0000E+00  0.8000E+01
 -34.762  0.0000E+00  0.8000E+01
 -34.757  0.0000E+00  0.8000E+01
 -34.752  0.0000E+00  0.8000E+01
 -34.747  0.0000E+00  0.8000E+01
 -34.742  0.0000E+00  0.8000E+01
 -34.737  0.0000E+00  0.8000E+01
 -34.732  0.0000E+00  0.8000E+01
 -34.727  0.0000E+00  0.8000E+01
 -34.722  0.0000E+00  0.8000E+01
 -34.717  0.0000E+00  0.8000E+01
 -34.712  0.0000E+00  0.8000E+01
 -34.707  0.0000E+00  0.8000E+01
 -34.702  0.0000E+00  0.8000E+01
 -34.697  0.0000E+00  0.8000E+01
 -34.692  0.0000E+00  0.8000E+01
 -34.687  0.0000E+00  0.8000E+01
 -34.682  0.0000E+00  0.8000E+01
 -34.677  0.0000E+00  0.8000E+01
 -34.672  0.0000E+00  0.8000E+01
 -34.667  0.0000E+00  0.8000E+01
 -34.662  0.0000E+00  0.8000E+01
 -34.657  0.0000E+00  0.8000E+01
 -34.652  0.0000E+00  0.8000E+01
 -34.647  0.0000E+00  0.8000E+01
 -34.642  0.0000E+00  0.8000E+01
 -34.637  0.0000E+00  0.8000E+01
 -34.632  0.0000E+00  0.8000E+01
 -34.627  0.0000E+00  0.8000E+01
 -34.622  0.0000E+00  0.8000E+01
 -34.617  0.0000E+00  0.8000E+01
 -34.612  0.0000E+00  0.8000E+01
 -34.607  0.0000E+00  0.8000E+01
 -34.602  0.0000E+00  0.8000E+01
 -34.597  0.0000E+00  0.8000E+01
 -34.592  0.0000E+00  0.8000E+01
 -34.587  0.0000E+00  0.8000E+01
 -34.582  0.0000E+00  0.8000E+01
 -34.577  0.0000E+00  0.8000E+01
 -34.572  0.0000E+00  0.8000E+01
 -34.567  0.0000E+00  0.8000E+01
 -34.562  0.0000E+00  0.8000E+01
 -34.557  0.0000E+00  0.8000E+01
 -34.552  0.0000E+00  0.8000E+01
 -34.547  0.0000E+00  0.8000E+01
 -34.542  0.0000E+00  0.8000E+01
 -34.537  0.0000E+00  0.8000E+01
 -34.532  0.0000E+00  0.8000E+01
 -34.527  0.0000E+00  0.8000E+01
 -34.522  0.0000E+00  0.8000E+01
 -34.517  0.0000E+00  0.8000E+01
 -34.512  0.0000E+00  0.8000E+01
 -34.507  0.0000E+00  0.8000E+01
 -34.502  0.0000E+00  0.8000E+01
 -34.497  0.0000E+00  0.8000E+01
 -34.492  0.0000E+00  0.8000E+01
 -34.487  0.0000E+00  0.8000E+01
 -34.482  0.0000E+00  0.8000E+01
 -34.477  0.0000E+00  0.8000E+01
 -34.472  0.0000E+00  0.8000E+01
 -34.467  0.0000E+00  0.8000E+01
 -34.462  0.0000E+00  0.8000E+01
 -34.457  0.0000E+00  0.8000E+01
 -34.452  0.0000E+00  0.8000E+01
 -34.447  0.0000E+00  0.8000E+01
 -34.442  0.0000E+00  0.8000E+01
 -34.437  0.0000E+00  0.8000E+01
 -34.432  0.0000E+00  0.8000E+01
 -34.427  0.0000E+00  0.8000E+01
 -34.422  0.0000E+00  0.8000E+01
 -34.417  0.0000E+00  0.8000E+01
 -34.412  0.0000E+00  0.8000E+01
 -34.407  0.0000E+00  0.8000E+01
 -34.402  0.0000E+00  0.8000E+01
 -34.397  0.0000E+00  0.8000E+01
 -34.392  0.0000E+00  0.8000E+01
 -34.387  0.0000E+00  0.8000E+01
 -34.382  0.0000E+00  0.8000E+01
 -34.377  0.0000E+00  0.8000E+01
 -34.372  0.0000E+00  0.8000E+01
 -34.367  0.0000E+00  0.8000E+01
 -34.362  0.0000E+00  0.8000E+01
 -34.357  0.0000E+00  0.8000E+01
 -34.352  0.0000E+00  0.8000E+01
 -34.347  0.0000E+00  0.8000E+01
 -34.342  0.0000E+00  0.8000E+01
 -34.337  0.0000E+00  0.8000E+01
 -34.332  0.0000E+00  0.8000E+01
 -34.327  0.0000E+00  0.8000E+01
 -34.322  0.0000E+00  0.8000E+01
 -34.317  0.0000E+00  0.8000E+01
 -34.312  0.0000E+00  0.8000E+01
 -34.307  0.0000E+00  0.8000E+01
 -34.302  0.0000E+00  0.8000E+01
 -34.297  0.0000E+00  0.8000E+01
 -34.292  0.0000E+00  0.8000E+01
 -34.287  0.0000E+00  0.8000E+01
 -34.282  0.0000E+00  0.8000E+01
 -34.277  0.0000E+00  0.8000E+01
 -34.272  0.0000E+00  0.8000E+01
 -34.267  0.0000E+00  0.8000E+01
 -34.262  0.0000E+00  0.8000E+01
 -34.257  0.0000E+00  0.8000E+01
 -34.252  0.0000E+00  0.8000E+01
 -34.247  0.0000E+00  0.8000E+01
 -34.242  0.0000E+00  0.8000E+01
 -34.237  0.0000E+00  0.8000E+01
 -34.232  0.0000E+00  0.8000E+01
 -34.227  0.0000E+00  0.8000E+01
 -34.222  0.0000E+00  0.8000E+01
 -34.217  0.0000E+00  0.8000E+01
 -34.212  0.0000E+00  0.8000E+01
 -34.207  0.0000E+00  0.8000E+01
 -34.202  0.0000E+00  0.8000E+01
 -34.197  0.0000E+00  0.8000E+01
 -34.192  0.0000E+00  0.8000E+01
 -34.187  0.0000E+00  0.8000E+01
 -34.182  0.0000E+00  0.8000E+01
 -34.177  0.0000E+00  0.8000E+01
 -34.172  0.0000E+00  0.8000E+01
 -34.167  0.0000E+00  0.8000E+01
 -34.162  0.0000E+00  0.8000E+01
 -34.157  0.0000E+00  0.8000E+01
 -34.152  0.0000E+00  0.8000E+01
 -34.147  0.0000E+00  0.8000E+01
 -34.142  0.0000E+00  0.8000E+01
 -34.137  0.0000E+00  0.8000E+01
 -34.132  0.0000E+00  0.8000E+01
 -34.127  0.0000E+00  0.8000E+01
 -34.122  0.0000E+00  0.8000E+01
 -34.117  0.0000E+00  0.8000E+01
 -34.112  0.0000E+00  0.8000E+01
 -34.107  0.0000E+00  0.8000E+01
 -34.102  0.0000E+00  0.8000E+01
 -34.097  0.0000E+00  0.8000E+01
 -34.092  0.0000E+00  0.8000E+01
 -34.087  0.0000E+00  0.8000E+01
 -34.082  0.0000E+00  0.8000E+01
 -34.077  0.0000E+00  0.8000E+01
 -34.072  0.0000E+00  0.8000E+01
 -34.067  0.0000E+00  0.8000E+01
 -34.062  0.0000E+00  0.8000E+01
 -34.057  0.0000E+00  0.8000E+01
 -34.052  0.0000E+00  0.8000E+01
 -34.047  0.0000E+00  0.8000E+01
 -34.042  0.0000E+00  0.8000E+01
 -34.037  0.0000E+00  0.8000E+01
 -34.032  0.0000E+00  0.8000E+01
 -34.027  0.0000E+00  0.8000E+01
 -34.022  0.0000E+00  0.8000E+01
 -34.017  0.0000E+00  0.8000E+01
 -34.012  0.0000E+00  0.8000E+01
 -34.007  0.0000E+00  0.8000E+01
 -34.002  0.0000E+00  0.8000E+01
 -33.997  0.0000E+00  0.8000E+01
 -33.992  0.0000E+00  0.8000E+01
 -33.987  0.0000E+00  0.8000E+01
 -33.982  0.0000E+00  0.8000E+01
 -33.977  0.0000E+00  0.8000E+01
 -33.972  0.0000E+00  0.8000E+01
 -33.967  0.0000E+00  0.8000E+01
 -33.962  0.0000E+00  0.8000E+01
 -33.957  0.0000E+00  0.8000E+01
 -33.952  0.0000E+00  0.8000E+01
 -33.947  0.0000E+00  0.8000E+01
 -33.942  0.0000E+00  0.8000E+01
 -33.937  0.0000E+00  0.8000E+01
 -33.932  0.0000E+00  0.8000E+01
 -33.927  0.0000E+00  0.8000E+01
 -33.922  0.0000E+00  0.8000E+01
 -33.917  0.0000E+00  0.8000E+01
 -33.912  0.0000E+00  0.8000E+01
 -33.907  0.0000E+00  0.8000E+01
 -33.902  0.0000E+00  0.8000E+01
 -33.897  0.0000E+00  0.8000E+01
 -33.892  0.0000E+00  0.8000E+01
 -33.887  0.0000E+00  0.8000E+01
 -33.882  0.0000E+00  0.8000E+01
 -33.877  0.0000E+00  0.8000E+01
 -33.872  0.0000E+00  0.8000E+01
 -33.867  0.0000E+00  0.8000E+01
 -33.862  0.0000E+00  0.8000E+01
 -33.857  0.0000E+00  0.8000E+01
 -33.852  0.0000E+00  0.8000E+01
 -33.847  0.0000E+00  0.8000E+01
 -33.842  0.0000E+00  0.8000E+01
 -33.837  0.0000E+00  0.8000E+01
 -33.832  0.0000E+00  0.8000E+01
 -33.827  0.0000E+00  0.8000E+01
 -33.822  0.0000E+00  0.8000E+01
 -33.817  0.0000E+00  0.8000E+01
 -33.812  0.0000E+00  0.8000E+01
 -33.807  0.0000E+00  0.8000E+01
 -33.802  0.0000E+00  0.8000E+01
 -33.797  0.0000E+00  0.8000E+01
 -33.792  0.0000E+00  0.8000E+01
 -33.787  0.0000E+00  0.8000E+01
 -33.782  0.0000E+00  0.8000E+01
 -33.777  0.0000E+00  0.8000E+01
 -33.772  0.0000E+00  0.8000E+01
 -33.767  0.0000E+00  0.8000E+01
 -33.762  0.0000E+00  0.8000E+01
 -33.757  0.0000E+00  0.8000E+01
 -33.752  0.0000E+00  0.8000E+01
 -33.747  0.0000E+00  0.8000E+01
 -33.742  0.0000E+00  0.8000E+01
 -33.737  0.0000E+00  0.8000E+01
 -33.732  0.0000E+00  0.8000E+01
 -33.727  0.0000E+00  0.8000E+01
 -33.722  0.0000E+00  0.8000E+01
 -33.717  0.0000E+00  0.8000E+01
 -33.712  0.0000E+00  0.8000E+01
 -33.707  0.0000E+00  0.8000E+01
 -33.702  0.0000E+00  0.8000E+01
 -33.697  0.0000E+00  0.8000E+01
 -33.692  0.0000E+00  0.8000E+01
 -33.687  0.0000E+00  0.8000E+01
 -33.682  0.0000E+00  0.8000E+01
 -33.677  0.0000E+00  0.8000E+01
 -33.672  0.0000E+00  0.8000E+01
 -33.667  0.0000E+00  0.8000E+01
 -33.662  0.0000E+00  0.8000E+01
 -33.657  0.0000E+00  0.8000E+01
 -33.652  0.0000E+00  0.8000E+01
 -33.647  0.0000E+00  0.8000E+01
 -33.642  0.0000E+00  0.8000E+01
 -33.637  0.0000E+00  0.8000E+01
 -33.632  0.0000E+00  0.8000E+01
 -33.627  0.0000E+00  0.8000E+01
 -33.622  0.0000E+00  0.8000E+01
 -33.617  0.0000E+00  0.8000E+01
 -33.612  0.0000E+00  0.8000E+01
 -33.607  0.0000E+00  0.8000E+01
 -33.602  0.0000E+00  0.8000E+01
 -33.597  0.0000E+00  0.8000E+01
 -33.592  0.0000E+00  0.8000E+01
 -33.587  0.0000E+00  0.8000E+01
 -33.582  0.0000E+00  0.8000E+01
 -33.577  0.0000E+00  0.8000E+01
 -33.572  0.0000E+00  0.8000E+01
 -33.567  0.0000E+00  0.8000E+01
 -33.562  0.0000E+00  0.8000E+01
 -33.557  0.0000E+00  0.8000E+01
 -33.552  0.0000E+00  0.8000E+01
 -33.547  0.0000E+00  0.8000E+01
 -33.542  0.0000E+00  0.8000E+01
 -33.537  0.0000E+00  0.8000E+01
 -33.532  0.0000E+00  0.8000E+01
 -33.527  0.0000E+00  0.8000E+01
 -33.522  0.0000E+00  0.8000E+01
 -33.517  0.0000E+00  0.8000E+01
 -33.512  0.0000E+00  0.8000E+01
 -33.507  0.0000E+00  0.8000E+01
 -33.502  0.0000E+00  0.8000E+01
 -33.497  0.0000E+00  0.8000E+01
 -33.492  0.0000E+00  0.8000E+01
 -33.487  0.0000E+00  0.8000E+01
 -33.482  0.0000E+00  0.8000E+01
 -33.477  0.0000E+00  0.8000E+01
 -33.472  0.0000E+00  0.8000E+01
 -33.467  0.0000E+00  0.8000E+01
 -33.462  0.0000E+00  0.8000E+01
 -33.457  0.0000E+00  0.8000E+01
 -33.452  0.0000E+00  0.8000E+01
 -33.447  0.0000E+00  0.8000E+01
 -33.442  0.0000E+00  0.8000E+01
 -33.437  0.0000E+00  0.8000E+01
 -33.432  0.0000E+00  0.8000E+01
 -33.427  0.0000E+00  0.8000E+01
 -33.422  0.0000E+00  0.8000E+01
 -33.417  0.0000E+00  0.8000E+01
 -33.412  0.0000E+00  0.8000E+01
 -33.407  0.0000E+00  0.8000E+01
 -33.402  0.0000E+00  0.8000E+01
 -33.397  0.0000E+00  0.8000E+01
 -33.392  0.0000E+00  0.8000E+01
 -33.387  0.0000E+00  0.8000E+01
 -33.382  0.0000E+00  0.8000E+01
 -33.377  0.0000E+00  0.8000E+01
 -33.372  0.0000E+00  0.8000E+01
 -33.367  0.0000E+00  0.8000E+01
 -33.362  0.0000E+00  0.8000E+01
 -33.357  0.0000E+00  0.8000E+01
 -33.352  0.0000E+00  0.8000E+01
 -33.347  0.0000E+00  0.8000E+01
 -33.342  0.0000E+00  0.8000E+01
 -33.337  0.0000E+00  0.8000E+01
 -33.332  0.0000E+00  0.8000E+01
 -33.327  0.0000E+00  0.8000E+01
 -33.322  0.0000E+00  0.8000E+01
 -33.317  0.0000E+00  0.8000E+01
 -33.312  0.0000E+00  0.8000E+01
 -33.307  0.0000E+00  0.8000E+01
 -33.302  0.0000E+00  0.8000E+01
 -33.297  0.0000E+00  0.8000E+01
 -33.292  0.0000E+00  0.8000E+01
 -33.287  0.0000E+00  0.8000E+01
 -33.282  0.0000E+00  0.8000E+01
 -33.277  0.0000E+00  0.8000E+01
 -33.272  0.0000E+00  0.8000E+01
 -33.267  0.0000E+00  0.8000E+01
 -33.262  0.0000E+00  0.8000E+01
 -33.257  0.0000E+00  0.8000E+01
 -33.252  0.0000E+00  0.8000E+01
 -33.247  0.0000E+00  0.8000E+01
 -33.242  0.0000E+00  0.8000E+01
 -33.237  0.0000E+00  0.8000E+01
 -33.232  0.0000E+00  0.8000E+01
 -33.227  0.0000E+00  0.8000E+01
 -33.222  0.0000E+00  0.8000E+01
 -33.217  0.0000E+00  0.8000E+01
 -33.212  0.0000E+00  0.8000E+01
 -33.207  0.0000E+00  0.8000E+01
 -33.202  0.0000E+00  0.8000E+01
 -33.197  0.0000E+00  0.8000E+01
 -33.192  0.0000E+00  0.8000E+01
 -33.187  0.0000E+00  0.8000E+01
 -33.182  0.0000E+00  0.8000E+01
 -33.177  0.0000E+00  0.8000E+01
 -33.172  0.0000E+00  0.8000E+01
 -33.167  0.0000E+00  0.8000E+01
 -33.162  0.0000E+00  0.8000E+01
 -33.157  0.0000E+00  0.8000E+01
 -33.152  0.0000E+00  0.8000E+01
 -33.147  0.0000E+00  0.8000E+01
 -33.142  0.0000E+00  0.8000E+01
 -33.137  0.0000E+00  0.8000E+01
 -33.132  0.0000E+00  0.8000E+01
 -33.127  0.0000E+00  0.8000E+01
 -33.122  0.0000E+00  0.8000E+01
 -33.117  0.0000E+00  0.8000E+01
 -33.112  0.0000E+00  0.8000E+01
 -33.107  0.0000E+00  0.8000E+01
 -33.102  0.0000E+00  0.8000E+01
 -33.097  0.0000E+00  0.8000E+01
 -33.092  0.0000E+00  0.8000E+01
 -33.087  0.0000E+00  0.8000E+01
 -33.082  0.0000E+00  0.8000E+01
 -33.077  0.0000E+00  0.8000E+01
 -33.072  0.0000E+00  0.8000E+01
 -33.067  0.0000E+00  0.8000E+01
 -33.062  0.0000E+00  0.8000E+01
 -33.057  0.0000E+00  0.8000E+01
 -33.052  0.0000E+00  0.8000E+01
 -33.047  0.0000E+00  0.8000E+01
 -33.042  0.0000E+00  0.8000E+01
 -33.037  0.0000E+00  0.8000E+01
 -33.032  0.0000E+00  0.8000E+01
 -33.027  0.0000E+00  0.8000E+01
 -33.022  0.0000E+00  0.8000E+01
 -33.017  0.0000E+00  0.8000E+01
 -33.012  0.0000E+00  0.8000E+01
 -33.007  0.0000E+00  0.8000E+01
 -33.002  0.0000E+00  0.8000E+01
 -32.997  0.0000E+00  0.8000E+01
 -32.992  0.0000E+00  0.8000E+01
 -32.987  0.0000E+00  0.8000E+01
 -32.982  0.0000E+00  0.8000E+01
 -32.977  0.0000E+00  0.8000E+01
 -32.972  0.0000E+00  0.8000E+01
 -32.967  0.0000E+00  0.8000E+01
 -32.962  0.0000E+00  0.8000E+01
 -32.957  0.0000E+00  0.8000E+01
 -32.952  0.0000E+00  0.8000E+01
 -32.947  0.0000E+00  0.8000E+01
 -32.942  0.0000E+00  0.8000E+01
 -32.937  0.0000E+00  0.8000E+01
 -32.932  0.0000E+00  0.8000E+01
 -32.927  0.0000E+00  0.8000E+01
 -32.922  0.0000E+00  0.8000E+01
 -32.917  0.0000E+00  0.8000E+01
 -32.912  0.0000E+00  0.8000E+01
 -32.907  0.0000E+00  0.8000E+01
 -32.902  0.0000E+00  0.8000E+01
 -32.897  0.0000E+00  0.8000E+01
 -32.892  0.0000E+00  0.8000E+01
 -32.887  0.0000E+00  0.8000E+01
 -32.882  0.0000E+00  0.8000E+01
 -32.877  0.0000E+00  0.8000E+01
 -32.872  0.0000E+00  0.8000E+01
 -32.867  0.0000E+00  0.8000E+01
 -32.862  0.0000E+00  0.8000E+01
 -32.857  0.0000E+00  0.8000E+01
 -32.852  0.0000E+00  0.8000E+01
 -32.847  0.0000E+00  0.8000E+01
 -32.842  0.0000E+00  0.8000E+01
 -32.837  0.0000E+00  0.8000E+01
 -32.832  0.0000E+00  0.8000E+01
 -32.827  0.0000E+00  0.8000E+01
 -32.822  0.0000E+00  0.8000E+01
 -32.817  0.0000E+00  0.8000E+01
 -32.812  0.0000E+00  0.8000E+01
 -32.807  0.0000E+00  0.8000E+01
 -32.802  0.0000E+00  0.8000E+01
 -32.797  0.0000E+00  0.8000E+01
 -32.792  0.0000E+00  0.8000E+01
 -32.787  0.0000E+00  0.8000E+01
 -32.782  0.0000E+00  0.8000E+01
 -32.777  0.0000E+00  0.8000E+01
 -32.772  0.0000E+00  0.8000E+01
 -32.767  0.0000E+00  0.8000E+01
 -32.762  0.0000E+00  0.8000E+01
 -32.757  0.0000E+00  0.8000E+01
 -32.752  0.0000E+00  0.8000E+01
 -32.747  0.0000E+00  0.8000E+01
 -32.742  0.0000E+00  0.8000E+01
 -32.737  0.0000E+00  0.8000E+01
 -32.732  0.0000E+00  0.8000E+01
 -32.727  0.0000E+00  0.8000E+01
 -32.722  0.0000E+00  0.8000E+01
 -32.717  0.0000E+00  0.8000E+01
 -32.712  0.0000E+00  0.8000E+01
 -32.707  0.0000E+00  0.8000E+01
 -32.702  0.0000E+00  0.8000E+01
 -32.697  0.0000E+00  0.8000E+01
 -32.692  0.0000E+00  0.8000E+01
 -32.687  0.0000E+00  0.8000E+01
 -32.682  0.0000E+00  0.8000E+01
 -32.677  0.0000E+00  0.8000E+01
 -32.672  0.0000E+00  0.8000E+01
 -32.667  0.0000E+00  0.8000E+01
 -32.662  0.0000E+00  0.8000E+01
 -32.657  0.0000E+00  0.8000E+01
 -32.652  0.0000E+00  0.8000E+01
 -32.647  0.0000E+00  0.8000E+01
 -32.642  0.0000E+00  0.8000E+01
 -32.637  0.0000E+00  0.8000E+01
 -32.632  0.0000E+00  0.8000E+01
 -32.627  0.0000E+00  0.8000E+01
 -32.622  0.0000E+00  0.8000E+01
 -32.617  0.0000E+00  0.8000E+01
 -32.612  0.0000E+00  0.8000E+01
 -32.607  0.0000E+00  0.8000E+01
 -32.602  0.0000E+00  0.8000E+01
 -32.597  0.0000E+00  0.8000E+01
 -32.592  0.0000E+00  0.8000E+01
 -32.587  0.0000E+00  0.8000E+01
 -32.582  0.0000E+00  0.8000E+01
 -32.577  0.0000E+00  0.8000E+01
 -32.572  0.0000E+00  0.8000E+01
 -32.567  0.0000E+00  0.8000E+01
 -32.562  0.0000E+00  0.8000E+01
 -32.557  0.0000E+00  0.8000E+01
 -32.552  0.0000E+00  0.8000E+01
 -32.547  0.0000E+00  0.8000E+01
 -32.542  0.0000E+00  0.8000E+01
 -32.537  0.0000E+00  0.8000E+01
 -32.532  0.0000E+00  0.8000E+01
 -32.527  0.0000E+00  0.8000E+01
 -32.522  0.0000E+00  0.8000E+01
 -32.517  0.0000E+00  0.8000E+01
 -32.512  0.0000E+00  0.8000E+01
 -32.507  0.0000E+00  0.8000E+01
 -32.502  0.0000E+00  0.8000E+01
 -32.497  0.0000E+00  0.8000E+01
 -32.492  0.0000E+00  0.8000E+01
 -32.487  0.0000E+00  0.8000E+01
 -32.482  0.0000E+00  0.8000E+01
 -32.477  0.0000E+00  0.8000E+01
 -32.472  0.0000E+00  0.8000E+01
 -32.467  0.0000E+00  0.8000E+01
 -32.462  0.0000E+00  0.8000E+01
 -32.457  0.0000E+00  0.8000E+01
 -32.452  0.0000E+00  0.8000E+01
 -32.447  0.0000E+00  0.8000E+01
 -32.442  0.0000E+00  0.8000E+01
 -32.437  0.0000E+00  0.8000E+01
 -32.432  0.0000E+00  0.8000E+01
 -32.427  0.0000E+00  0.8000E+01
 -32.422  0.0000E+00  0.8000E+01
 -32.417  0.0000E+00  0.8000E+01
 -32.412  0.0000E+00  0.8000E+01
 -32.407  0.0000E+00  0.8000E+01
 -32.402  0.0000E+00  0.8000E+01
 -32.397  0.0000E+00  0.8000E+01
 -32.392  0.0000E+00  0.8000E+01
 -32.387  0.0000E+00  0.8000E+01
 -32.382  0.0000E+00  0.8000E+01
 -32.377  0.0000E+00  0.8000E+01
 -32.372  0.0000E+00  0.8000E+01
 -32.367  0.0000E+00  0.8000E+01
 -32.362  0.0000E+00  0.8000E+01
 -32.357  0.0000E+00  0.8000E+01
 -32.352  0.0000E+00  0.8000E+01
 -32.347  0.0000E+00  0.8000E+01
 -32.342  0.0000E+00  0.8000E+01
 -32.337  0.0000E+00  0.8000E+01
 -32.332  0.0000E+00  0.8000E+01
 -32.327  0.0000E+00  0.8000E+01
 -32.322  0.0000E+00  0.8000E+01
 -32.317  0.0000E+00  0.8000E+01
 -32.312  0.0000E+00  0.8000E+01
 -32.307  0.0000E+00  0.8000E+01
 -32.302  0.0000E+00  0.8000E+01
 -32.297  0.0000E+00  0.8000E+01
 -32.292  0.0000E+00  0.8000E+01
 -32.287  0.0000E+00  0.8000E+01
 -32.282  0.0000E+00  0.8000E+01
 -32.277  0.0000E+00  0.8000E+01
 -32.272  0.0000E+00  0.8000E+01
 -32.267  0.0000E+00  0.8000E+01
 -32.262  0.0000E+00  0.8000E+01
 -32.257  0.0000E+00  0.8000E+01
 -32.252  0.0000E+00  0.8000E+01
 -32.247  0.0000E+00  0.8000E+01
 -32.242  0.0000E+00  0.8000E+01
 -32.237  0.0000E+00  0.8000E+01
 -32.232  0.0000E+00  0.8000E+01
 -32.227  0.0000E+00  0.8000E+01
 -32.222  0.0000E+00  0.8000E+01
 -32.217  0.0000E+00  0.8000E+01
 -32.212  0.0000E+00  0.8000E+01
 -32.207  0.0000E+00  0.8000E+01
 -32.202  0.0000E+00  0.8000E+01
 -32.197  0.0000E+00  0.8000E+01
 -32.192  0.0000E+00  0.8000E+01
 -32.187  0.0000E+00  0.8000E+01
 -32.182  0.0000E+00  0.8000E+01
 -32.177  0.0000E+00  0.8000E+01
 -32.172  0.0000E+00  0.8000E+01
 -32.167  0.0000E+00  0.8000E+01
 -32.162  0.0000E+00  0.8000E+01
 -32.157  0.0000E+00  0.8000E+01
 -32.152  0.0000E+00  0.8000E+01
 -32.147  0.0000E+00  0.8000E+01
 -32.142  0.0000E+00  0.8000E+01
 -32.137  0.0000E+00  0.8000E+01
 -32.132  0.0000E+00  0.8000E+01
 -32.127  0.0000E+00  0.8000E+01
 -32.122  0.0000E+00  0.8000E+01
 -32.117  0.0000E+00  0.8000E+01
 -32.112  0.0000E+00  0.8000E+01
 -32.107  0.0000E+00  0.8000E+01
 -32.102  0.0000E+00  0.8000E+01
 -32.097  0.0000E+00  0.8000E+01
 -32.092  0.0000E+00  0.8000E+01
 -32.087  0.0000E+00  0.8000E+01
 -32.082  0.0000E+00  0.8000E+01
 -32.077  0.0000E+00  0.8000E+01
 -32.072  0.0000E+00  0.8000E+01
 -32.067  0.0000E+00  0.8000E+01
 -32.062  0.0000E+00  0.8000E+01
 -32.057  0.0000E+00  0.8000E+01
 -32.052  0.0000E+00  0.8000E+01
 -32.047  0.0000E+00  0.8000E+01
 -32.042  0.0000E+00  0.8000E+01
 -32.037  0.0000E+00  0.8000E+01
 -32.032  0.0000E+00  0.8000E+01
 -32.027  0.0000E+00  0.8000E+01
 -32.022  0.0000E+00  0.8000E+01
 -32.017  0.0000E+00  0.8000E+01
 -32.012  0.0000E+00  0.8000E+01
 -32.007  0.0000E+00  0.8000E+01
 -32.002  0.0000E+00  0.8000E+01
 -31.997  0.0000E+00  0.8000E+01
 -31.992  0.0000E+00  0.8000E+01
 -31.987  0.0000E+00  0.8000E+01
 -31.982  0.0000E+00  0.8000E+01
 -31.977  0.0000E+00  0.8000E+01
 -31.972  0.0000E+00  0.8000E+01
 -31.967  0.0000E+00  0.8000E+01
 -31.962  0.0000E+00  0.8000E+01
 -31.957  0.0000E+00  0.8000E+01
 -31.952  0.0000E+00  0.8000E+01
 -31.947  0.0000E+00  0.8000E+01
 -31.942  0.0000E+00  0.8000E+01
 -31.937  0.0000E+00  0.8000E+01
 -31.932  0.0000E+00  0.8000E+01
 -31.927  0.0000E+00  0.8000E+01
 -31.922  0.0000E+00  0.8000E+01
 -31.917  0.0000E+00  0.8000E+01
 -31.912  0.0000E+00  0.8000E+01
 -31.907  0.0000E+00  0.8000E+01
 -31.902  0.0000E+00  0.8000E+01
 -31.897  0.0000E+00  0.8000E+01
 -31.892  0.0000E+00  0.8000E+01
 -31.887  0.0000E+00  0.8000E+01
 -31.882  0.0000E+00  0.8000E+01
 -31.877  0.0000E+00  0.8000E+01
 -31.872  0.0000E+00  0.8000E+01
 -31.867  0.0000E+00  0.8000E+01
 -31.862  0.0000E+00  0.8000E+01
 -31.857  0.0000E+00  0.8000E+01
 -31.852  0.0000E+00  0.8000E+01
 -31.847  0.0000E+00  0.8000E+01
 -31.842  0.0000E+00  0.8000E+01
 -31.837  0.0000E+00  0.8000E+01
 -31.832  0.0000E+00  0.8000E+01
 -31.827  0.0000E+00  0.8000E+01
 -31.822  0.0000E+00  0.8000E+01
 -31.817  0.0000E+00  0.8000E+01
 -31.812  0.0000E+00  0.8000E+01
 -31.807  0.0000E+00  0.8000E+01
 -31.802  0.0000E+00  0.8000E+01
 -31.797  0.0000E+00  0.8000E+01
 -31.792  0.0000E+00  0.8000E+01
 -31.787  0.0000E+00  0.8000E+01
 -31.782  0.0000E+00  0.8000E+01
 -31.777  0.0000E+00  0.8000E+01
 -31.772  0.0000E+00  0.8000E+01
 -31.767  0.0000E+00  0.8000E+01
 -31.762  0.0000E+00  0.8000E+01
 -31.757  0.0000E+00  0.8000E+01
 -31.752  0.0000E+00  0.8000E+01
 -31.747  0.0000E+00  0.8000E+01
 -31.742  0.0000E+00  0.8000E+01
 -31.737  0.0000E+00  0.8000E+01
 -31.732  0.0000E+00  0.8000E+01
 -31.727  0.0000E+00  0.8000E+01
 -31.722  0.0000E+00  0.8000E+01
 -31.717  0.0000E+00  0.8000E+01
 -31.712  0.0000E+00  0.8000E+01
 -31.707  0.0000E+00  0.8000E+01
 -31.702  0.0000E+00  0.8000E+01
 -31.697  0.0000E+00  0.8000E+01
 -31.692  0.0000E+00  0.8000E+01
 -31.687  0.0000E+00  0.8000E+01
 -31.682  0.0000E+00  0.8000E+01
 -31.677  0.0000E+00  0.8000E+01
 -31.672  0.0000E+00  0.8000E+01
 -31.667  0.0000E+00  0.8000E+01
 -31.662  0.0000E+00  0.8000E+01
 -31.657  0.0000E+00  0.8000E+01
 -31.652  0.0000E+00  0.8000E+01
 -31.647  0.0000E+00  0.8000E+01
 -31.642  0.0000E+00  0.8000E+01
 -31.637  0.0000E+00  0.8000E+01
 -31.632  0.0000E+00  0.8000E+01
 -31.627  0.0000E+00  0.8000E+01
 -31.622  0.0000E+00  0.8000E+01
 -31.617  0.0000E+00  0.8000E+01
 -31.612  0.0000E+00  0.8000E+01
 -31.607  0.0000E+00  0.8000E+01
 -31.602  0.0000E+00  0.8000E+01
 -31.597  0.0000E+00  0.8000E+01
 -31.592  0.0000E+00  0.8000E+01
 -31.587  0.0000E+00  0.8000E+01
 -31.582  0.0000E+00  0.8000E+01
 -31.577  0.0000E+00  0.8000E+01
 -31.572  0.0000E+00  0.8000E+01
 -31.567  0.0000E+00  0.8000E+01
 -31.562  0.0000E+00  0.8000E+01
 -31.557  0.0000E+00  0.8000E+01
 -31.552  0.0000E+00  0.8000E+01
 -31.547  0.0000E+00  0.8000E+01
 -31.542  0.0000E+00  0.8000E+01
 -31.537  0.0000E+00  0.8000E+01
 -31.532  0.0000E+00  0.8000E+01
 -31.527  0.0000E+00  0.8000E+01
 -31.522  0.0000E+00  0.8000E+01
 -31.517  0.0000E+00  0.8000E+01
 -31.512  0.0000E+00  0.8000E+01
 -31.507  0.0000E+00  0.8000E+01
 -31.502  0.0000E+00  0.8000E+01
 -31.497  0.0000E+00  0.8000E+01
 -31.492  0.0000E+00  0.8000E+01
 -31.487  0.0000E+00  0.8000E+01
 -31.482  0.0000E+00  0.8000E+01
 -31.477  0.0000E+00  0.8000E+01
 -31.472  0.0000E+00  0.8000E+01
 -31.467  0.0000E+00  0.8000E+01
 -31.462  0.0000E+00  0.8000E+01
 -31.457  0.0000E+00  0.8000E+01
 -31.452  0.0000E+00  0.8000E+01
 -31.447  0.0000E+00  0.8000E+01
 -31.442  0.0000E+00  0.8000E+01
 -31.437  0.0000E+00  0.8000E+01
 -31.432  0.0000E+00  0.8000E+01
 -31.427  0.0000E+00  0.8000E+01
 -31.422  0.0000E+00  0.8000E+01
 -31.417  0.0000E+00  0.8000E+01
 -31.412  0.0000E+00  0.8000E+01
 -31.407  0.0000E+00  0.8000E+01
 -31.402  0.0000E+00  0.8000E+01
 -31.397  0.0000E+00  0.8000E+01
 -31.392  0.0000E+00  0.8000E+01
 -31.387  0.0000E+00  0.8000E+01
 -31.382  0.0000E+00  0.8000E+01
 -31.377  0.0000E+00  0.8000E+01
 -31.372  0.0000E+00  0.8000E+01
 -31.367  0.0000E+00  0.8000E+01
 -31.362  0.0000E+00  0.8000E+01
 -31.357  0.0000E+00  0.8000E+01
 -31.352  0.0000E+00  0.8000E+01
 -31.347  0.0000E+00  0.8000E+01
 -31.342  0.0000E+00  0.8000E+01
 -31.337  0.0000E+00  0.8000E+01
 -31.332  0.0000E+00  0.8000E+01
 -31.327  0.0000E+00  0.8000E+01
 -31.322  0.0000E+00  0.8000E+01
 -31.317  0.0000E+00  0.8000E+01
 -31.312  0.0000E+00  0.8000E+01
 -31.307  0.0000E+00  0.8000E+01
 -31.302  0.0000E+00  0.8000E+01
 -31.297  0.0000E+00  0.8000E+01
 -31.292  0.0000E+00  0.8000E+01
 -31.287  0.0000E+00  0.8000E+01
 -31.282  0.0000E+00  0.8000E+01
 -31.277  0.0000E+00  0.8000E+01
 -31.272  0.0000E+00  0.8000E+01
 -31.267  0.0000E+00  0.8000E+01
 -31.262  0.0000E+00  0.8000E+01
 -31.257  0.0000E+00  0.8000E+01
 -31.252  0.0000E+00  0.8000E+01
 -31.247  0.0000E+00  0.8000E+01
 -31.242  0.0000E+00  0.8000E+01
 -31.237  0.0000E+00  0.8000E+01
 -31.232  0.0000E+00  0.8000E+01
 -31.227  0.0000E+00  0.8000E+01
 -31.222  0.0000E+00  0.8000E+01
 -31.217  0.0000E+00  0.8000E+01
 -31.212  0.0000E+00  0.8000E+01
 -31.207  0.0000E+00  0.8000E+01
 -31.202  0.0000E+00  0.8000E+01
 -31.197  0.0000E+00  0.8000E+01
 -31.192  0.0000E+00  0.8000E+01
 -31.187  0.0000E+00  0.8000E+01
 -31.182  0.0000E+00  0.8000E+01
 -31.177  0.0000E+00  0.8000E+01
 -31.172  0.0000E+00  0.8000E+01
 -31.167  0.0000E+00  0.8000E+01
 -31.162  0.0000E+00  0.8000E+01
 -31.157  0.0000E+00  0.8000E+01
 -31.152  0.0000E+00  0.8000E+01
 -31.147  0.0000E+00  0.8000E+01
 -31.142  0.0000E+00  0.8000E+01
 -31.137  0.0000E+00  0.8000E+01
 -31.132  0.0000E+00  0.8000E+01
 -31.127  0.0000E+00  0.8000E+01
 -31.122  0.0000E+00  0.8000E+01
 -31.117  0.0000E+00  0.8000E+01
 -31.112  0.0000E+00  0.8000E+01
 -31.107  0.0000E+00  0.8000E+01
 -31.102  0.0000E+00  0.8000E+01
 -31.097  0.0000E+00  0.8000E+01
 -31.092  0.0000E+00  0.8000E+01
 -31.087  0.0000E+00  0.8000E+01
 -31.082  0.0000E+00  0.8000E+01
 -31.077  0.0000E+00  0.8000E+01
 -31.072  0.0000E+00  0.8000E+01
 -31.067  0.0000E+00  0.8000E+01
 -31.062  0.0000E+00  0.8000E+01
 -31.057  0.0000E+00  0.8000E+01
 -31.052  0.0000E+00  0.8000E+01
 -31.047  0.0000E+00  0.8000E+01
 -31.042  0.0000E+00  0.8000E+01
 -31.037  0.0000E+00  0.8000E+01
 -31.032  0.0000E+00  0.8000E+01
 -31.027  0.0000E+00  0.8000E+01
 -31.022  0.0000E+00  0.8000E+01
 -31.017  0.0000E+00  0.8000E+01
 -31.012  0.0000E+00  0.8000E+01
 -31.007  0.0000E+00  0.8000E+01
 -31.002  0.0000E+00  0.8000E+01
 -30.997  0.0000E+00  0.8000E+01
 -30.992  0.0000E+00  0.8000E+01
 -30.987  0.0000E+00  0.8000E+01
 -30.982  0.0000E+00  0.8000E+01
 -30.977  0.0000E+00  0.8000E+01
 -30.972  0.0000E+00  0.8000E+01
 -30.967  0.0000E+00  0.8000E+01
 -30.962  0.0000E+00  0.8000E+01
 -30.957  0.0000E+00  0.8000E+01
 -30.952  0.0000E+00  0.8000E+01
 -30.947  0.0000E+00  0.8000E+01
 -30.942  0.0000E+00  0.8000E+01
 -30.937  0.0000E+00  0.8000E+01
 -30.932  0.0000E+00  0.8000E+01
 -30.927  0.0000E+00  0.8000E+01
 -30.922  0.0000E+00  0.8000E+01
 -30.917  0.0000E+00  0.8000E+01
 -30.912  0.0000E+00  0.8000E+01
 -30.907  0.0000E+00  0.8000E+01
 -30.902  0.0000E+00  0.8000E+01
 -30.897  0.0000E+00  0.8000E+01
 -30.892  0.0000E+00  0.8000E+01
 -30.887  0.0000E+00  0.8000E+01
 -30.882  0.0000E+00  0.8000E+01
 -30.877  0.0000E+00  0.8000E+01
 -30.872  0.0000E+00  0.8000E+01
 -30.867  0.0000E+00  0.8000E+01
 -30.862  0.0000E+00  0.8000E+01
 -30.857  0.0000E+00  0.8000E+01
 -30.852  0.0000E+00  0.8000E+01
 -30.847  0.0000E+00  0.8000E+01
 -30.842  0.0000E+00  0.8000E+01
 -30.837  0.0000E+00  0.8000E+01
 -30.832  0.0000E+00  0.8000E+01
 -30.827  0.0000E+00  0.8000E+01
 -30.822  0.0000E+00  0.8000E+01
 -30.817  0.0000E+00  0.8000E+01
 -30.812  0.0000E+00  0.8000E+01
 -30.807  0.0000E+00  0.8000E+01
 -30.802  0.0000E+00  0.8000E+01
 -30.797  0.0000E+00  0.8000E+01
 -30.792  0.0000E+00  0.8000E+01
 -30.787  0.0000E+00  0.8000E+01
 -30.782  0.0000E+00  0.8000E+01
 -30.777  0.0000E+00  0.8000E+01
 -30.772  0.0000E+00  0.8000E+01
 -30.767  0.0000E+00  0.8000E+01
 -30.762  0.0000E+00  0.8000E+01
 -30.757  0.0000E+00  0.8000E+01
 -30.752  0.0000E+00  0.8000E+01
 -30.747  0.0000E+00  0.8000E+01
 -30.742  0.0000E+00  0.8000E+01
 -30.737  0.0000E+00  0.8000E+01
 -30.732  0.0000E+00  0.8000E+01
 -30.727  0.0000E+00  0.8000E+01
 -30.722  0.0000E+00  0.8000E+01
 -30.717  0.0000E+00  0.8000E+01
 -30.712  0.0000E+00  0.8000E+01
 -30.707  0.0000E+00  0.8000E+01
 -30.702  0.0000E+00  0.8000E+01
 -30.697  0.0000E+00  0.8000E+01
 -30.692  0.0000E+00  0.8000E+01
 -30.687  0.0000E+00  0.8000E+01
 -30.682  0.0000E+00  0.8000E+01
 -30.677  0.0000E+00  0.8000E+01
 -30.672  0.0000E+00  0.8000E+01
 -30.667  0.0000E+00  0.8000E+01
 -30.662  0.0000E+00  0.8000E+01
 -30.657  0.0000E+00  0.8000E+01
 -30.652  0.0000E+00  0.8000E+01
 -30.647  0.0000E+00  0.8000E+01
 -30.642  0.0000E+00  0.8000E+01
 -30.637  0.0000E+00  0.8000E+01
 -30.632  0.0000E+00  0.8000E+01
 -30.627  0.0000E+00  0.8000E+01
 -30.622  0.0000E+00  0.8000E+01
 -30.617  0.0000E+00  0.8000E+01
 -30.612  0.0000E+00  0.8000E+01
 -30.607  0.0000E+00  0.8000E+01
 -30.602  0.0000E+00  0.8000E+01
 -30.597  0.0000E+00  0.8000E+01
 -30.592  0.0000E+00  0.8000E+01
 -30.587  0.0000E+00  0.8000E+01
 -30.582  0.0000E+00  0.8000E+01
 -30.577  0.0000E+00  0.8000E+01
 -30.572  0.0000E+00  0.8000E+01
 -30.567  0.0000E+00  0.8000E+01
 -30.562  0.0000E+00  0.8000E+01
 -30.557  0.0000E+00  0.8000E+01
 -30.552  0.0000E+00  0.8000E+01
 -30.547  0.0000E+00  0.8000E+01
 -30.542  0.0000E+00  0.8000E+01
 -30.537  0.0000E+00  0.8000E+01
 -30.532  0.0000E+00  0.8000E+01
 -30.527  0.0000E+00  0.8000E+01
 -30.522  0.0000E+00  0.8000E+01
 -30.517  0.0000E+00  0.8000E+01
 -30.512  0.0000E+00  0.8000E+01
 -30.507  0.0000E+00  0.8000E+01
 -30.502  0.0000E+00  0.8000E+01
 -30.497  0.0000E+00  0.8000E+01
 -30.492  0.0000E+00  0.8000E+01
 -30.487  0.0000E+00  0.8000E+01
 -30.482  0.0000E+00  0.8000E+01
 -30.477  0.0000E+00  0.8000E+01
 -30.472  0.0000E+00  0.8000E+01
 -30.467  0.0000E+00  0.8000E+01
 -30.462  0.0000E+00  0.8000E+01
 -30.457  0.0000E+00  0.8000E+01
 -30.452  0.0000E+00  0.8000E+01
 -30.447  0.0000E+00  0.8000E+01
 -30.442  0.0000E+00  0.8000E+01
 -30.437  0.0000E+00  0.8000E+01
 -30.432  0.0000E+00  0.8000E+01
 -30.427  0.0000E+00  0.8000E+01
 -30.422  0.0000E+00  0.8000E+01
 -30.417  0.0000E+00  0.8000E+01
 -30.412  0.0000E+00  0.8000E+01
 -30.407  0.0000E+00  0.8000E+01
 -30.402  0.0000E+00  0.8000E+01
 -30.397  0.0000E+00  0.8000E+01
 -30.392  0.0000E+00  0.8000E+01
 -30.387  0.0000E+00  0.8000E+01
 -30.382  0.0000E+00  0.8000E+01
 -30.377  0.0000E+00  0.8000E+01
 -30.372  0.0000E+00  0.8000E+01
 -30.367  0.0000E+00  0.8000E+01
 -30.362  0.0000E+00  0.8000E+01
 -30.357  0.0000E+00  0.8000E+01
 -30.352  0.0000E+00  0.8000E+01
 -30.347  0.0000E+00  0.8000E+01
 -30.342  0.0000E+00  0.8000E+01
 -30.337  0.0000E+00  0.8000E+01
 -30.332  0.0000E+00  0.8000E+01
 -30.327  0.0000E+00  0.8000E+01
 -30.322  0.0000E+00  0.8000E+01
 -30.317  0.0000E+00  0.8000E+01
 -30.312  0.0000E+00  0.8000E+01
 -30.307  0.0000E+00  0.8000E+01
 -30.302  0.0000E+00  0.8000E+01
 -30.297  0.0000E+00  0.8000E+01
 -30.292  0.0000E+00  0.8000E+01
 -30.287  0.0000E+00  0.8000E+01
 -30.282  0.0000E+00  0.8000E+01
 -30.277  0.0000E+00  0.8000E+01
 -30.272  0.0000E+00  0.8000E+01
 -30.267  0.0000E+00  0.8000E+01
 -30.262  0.0000E+00  0.8000E+01
 -30.257  0.0000E+00  0.8000E+01
 -30.252  0.0000E+00  0.8000E+01
 -30.247  0.0000E+00  0.8000E+01
 -30.242  0.0000E+00  0.8000E+01
 -30.237  0.0000E+00  0.8000E+01
 -30.232  0.0000E+00  0.8000E+01
 -30.227  0.0000E+00  0.8000E+01
 -30.222  0.0000E+00  0.8000E+01
 -30.217  0.0000E+00  0.8000E+01
 -30.212  0.0000E+00  0.8000E+01
 -30.207  0.0000E+00  0.8000E+01
 -30.202  0.0000E+00  0.8000E+01
 -30.197  0.0000E+00  0.8000E+01
 -30.192  0.0000E+00  0.8000E+01
 -30.187  0.0000E+00  0.8000E+01
 -30.182  0.0000E+00  0.8000E+01
 -30.177  0.0000E+00  0.8000E+01
 -30.172  0.0000E+00  0.8000E+01
 -30.167  0.0000E+00  0.8000E+01
 -30.162  0.0000E+00  0.8000E+01
 -30.157  0.0000E+00  0.8000E+01
 -30.152  0.0000E+00  0.8000E+01
 -30.147  0.0000E+00  0.8000E+01
 -30.142  0.0000E+00  0.8000E+01
 -30.137  0.0000E+00  0.8000E+01
 -30.132  0.0000E+00  0.8000E+01
 -30.127  0.0000E+00  0.8000E+01
 -30.122  0.0000E+00  0.8000E+01
 -30.117  0.0000E+00  0.8000E+01
 -30.112  0.0000E+00  0.8000E+01
 -30.107  0.0000E+00  0.8000E+01
 -30.102  0.0000E+00  0.8000E+01
 -30.097  0.0000E+00  0.8000E+01
 -30.092  0.0000E+00  0.8000E+01
 -30.087  0.0000E+00  0.8000E+01
 -30.082  0.0000E+00  0.8000E+01
 -30.077  0.0000E+00  0.8000E+01
 -30.072  0.0000E+00  0.8000E+01
 -30.067  0.0000E+00  0.8000E+01
 -30.062  0.0000E+00  0.8000E+01
 -30.057  0.0000E+00  0.8000E+01
 -30.052  0.0000E+00  0.8000E+01
 -30.047  0.0000E+00  0.8000E+01
 -30.042  0.0000E+00  0.8000E+01
 -30.037  0.0000E+00  0.8000E+01
 -30.032  0.0000E+00  0.8000E+01
 -30.027  0.0000E+00  0.8000E+01
 -30.022  0.0000E+00  0.8000E+01
 -30.017  0.0000E+00  0.8000E+01
 -30.012  0.0000E+00  0.8000E+01
 -30.007  0.0000E+00  0.8000E+01
 -30.002  0.0000E+00  0.8000E+01
 -29.997  0.0000E+00  0.8000E+01
 -29.992  0.0000E+00  0.8000E+01
 -29.987  0.0000E+00  0.8000E+01
 -29.982  0.0000E+00  0.8000E+01
 -29.977  0.0000E+00  0.8000E+01
 -29.972  0.0000E+00  0.8000E+01
 -29.967  0.0000E+00  0.8000E+01
 -29.962  0.0000E+00  0.8000E+01
 -29.957  0.0000E+00  0.8000E+01
 -29.952  0.0000E+00  0.8000E+01
 -29.947  0.0000E+00  0.8000E+01
 -29.942  0.0000E+00  0.8000E+01
 -29.937  0.0000E+00  0.8000E+01
 -29.932  0.0000E+00  0.8000E+01
 -29.927  0.0000E+00  0.8000E+01
 -29.922  0.0000E+00  0.8000E+01
 -29.917  0.0000E+00  0.8000E+01
 -29.912  0.0000E+00  0.8000E+01
 -29.907  0.0000E+00  0.8000E+01
 -29.902  0.0000E+00  0.8000E+01
 -29.897  0.0000E+00  0.8000E+01
 -29.892  0.0000E+00  0.8000E+01
 -29.887  0.0000E+00  0.8000E+01
 -29.882  0.0000E+00  0.8000E+01
 -29.877  0.0000E+00  0.8000E+01
 -29.872  0.0000E+00  0.8000E+01
 -29.867  0.0000E+00  0.8000E+01
 -29.862  0.0000E+00  0.8000E+01
 -29.857  0.0000E+00  0.8000E+01
 -29.852  0.0000E+00  0.8000E+01
 -29.847  0.0000E+00  0.8000E+01
 -29.842  0.0000E+00  0.8000E+01
 -29.837  0.0000E+00  0.8000E+01
 -29.832  0.0000E+00  0.8000E+01
 -29.827  0.0000E+00  0.8000E+01
 -29.822  0.0000E+00  0.8000E+01
 -29.817  0.0000E+00  0.8000E+01
 -29.812  0.0000E+00  0.8000E+01
 -29.807  0.0000E+00  0.8000E+01
 -29.802  0.0000E+00  0.8000E+01
 -29.797  0.0000E+00  0.8000E+01
 -29.792  0.0000E+00  0.8000E+01
 -29.787  0.0000E+00  0.8000E+01
 -29.782  0.0000E+00  0.8000E+01
 -29.777  0.0000E+00  0.8000E+01
 -29.772  0.0000E+00  0.8000E+01
 -29.767  0.0000E+00  0.8000E+01
 -29.762  0.0000E+00  0.8000E+01
 -29.757  0.0000E+00  0.8000E+01
 -29.752  0.0000E+00  0.8000E+01
 -29.747  0.0000E+00  0.8000E+01
 -29.742  0.0000E+00  0.8000E+01
 -29.737  0.0000E+00  0.8000E+01
 -29.732  0.0000E+00  0.8000E+01
 -29.727  0.0000E+00  0.8000E+01
 -29.722  0.0000E+00  0.8000E+01
 -29.717  0.0000E+00  0.8000E+01
 -29.712  0.0000E+00  0.8000E+01
 -29.707  0.0000E+00  0.8000E+01
 -29.702  0.0000E+00  0.8000E+01
 -29.697  0.0000E+00  0.8000E+01
 -29.692  0.0000E+00  0.8000E+01
 -29.687  0.0000E+00  0.8000E+01
 -29.682  0.0000E+00  0.8000E+01
 -29.677  0.0000E+00  0.8000E+01
 -29.672  0.0000E+00  0.8000E+01
 -29.667  0.0000E+00  0.8000E+01
 -29.662  0.0000E+00  0.8000E+01
 -29.657  0.0000E+00  0.8000E+01
 -29.652  0.0000E+00  0.8000E+01
 -29.647  0.0000E+00  0.8000E+01
 -29.642  0.0000E+00  0.8000E+01
 -29.637  0.0000E+00  0.8000E+01
 -29.632  0.0000E+00  0.8000E+01
 -29.627  0.0000E+00  0.8000E+01
 -29.622  0.0000E+00  0.8000E+01
 -29.617  0.0000E+00  0.8000E+01
 -29.612  0.0000E+00  0.8000E+01
 -29.607  0.0000E+00  0.8000E+01
 -29.602  0.0000E+00  0.8000E+01
 -29.597  0.0000E+00  0.8000E+01
 -29.592  0.0000E+00  0.8000E+01
 -29.587  0.0000E+00  0.8000E+01
 -29.582  0.0000E+00  0.8000E+01
 -29.577  0.0000E+00  0.8000E+01
 -29.572  0.0000E+00  0.8000E+01
 -29.567  0.0000E+00  0.8000E+01
 -29.562  0.0000E+00  0.8000E+01
 -29.557  0.0000E+00  0.8000E+01
 -29.552  0.0000E+00  0.8000E+01
 -29.547  0.0000E+00  0.8000E+01
 -29.542  0.0000E+00  0.8000E+01
 -29.537  0.0000E+00  0.8000E+01
 -29.532  0.0000E+00  0.8000E+01
 -29.527  0.0000E+00  0.8000E+01
 -29.522  0.0000E+00  0.8000E+01
 -29.517  0.0000E+00  0.8000E+01
 -29.512  0.0000E+00  0.8000E+01
 -29.507  0.0000E+00  0.8000E+01
 -29.502  0.0000E+00  0.8000E+01
 -29.497  0.0000E+00  0.8000E+01
 -29.492  0.0000E+00  0.8000E+01
 -29.487  0.0000E+00  0.8000E+01
 -29.482  0.0000E+00  0.8000E+01
 -29.477  0.0000E+00  0.8000E+01
 -29.472  0.0000E+00  0.8000E+01
 -29.467  0.0000E+00  0.8000E+01
 -29.462  0.0000E+00  0.8000E+01
 -29.457  0.0000E+00  0.8000E+01
 -29.452  0.0000E+00  0.8000E+01
 -29.447  0.0000E+00  0.8000E+01
 -29.442  0.0000E+00  0.8000E+01
 -29.437  0.0000E+00  0.8000E+01
 -29.432  0.0000E+00  0.8000E+01
 -29.427  0.0000E+00  0.8000E+01
 -29.422  0.0000E+00  0.8000E+01
 -29.417  0.0000E+00  0.8000E+01
 -29.412  0.0000E+00  0.8000E+01
 -29.407  0.0000E+00  0.8000E+01
 -29.402  0.0000E+00  0.8000E+01
 -29.397  0.0000E+00  0.8000E+01
 -29.392  0.0000E+00  0.8000E+01
 -29.387  0.0000E+00  0.8000E+01
 -29.382  0.0000E+00  0.8000E+01
 -29.377  0.0000E+00  0.8000E+01
 -29.372  0.0000E+00  0.8000E+01
 -29.367  0.0000E+00  0.8000E+01
 -29.362  0.0000E+00  0.8000E+01
 -29.357  0.0000E+00  0.8000E+01
 -29.352  0.0000E+00  0.8000E+01
 -29.347  0.0000E+00  0.8000E+01
 -29.342  0.0000E+00  0.8000E+01
 -29.337  0.0000E+00  0.8000E+01
 -29.332  0.0000E+00  0.8000E+01
 -29.327  0.0000E+00  0.8000E+01
 -29.322  0.0000E+00  0.8000E+01
 -29.317  0.0000E+00  0.8000E+01
 -29.312  0.0000E+00  0.8000E+01
 -29.307  0.0000E+00  0.8000E+01
 -29.302  0.0000E+00  0.8000E+01
 -29.297  0.0000E+00  0.8000E+01
 -29.292  0.0000E+00  0.8000E+01
 -29.287  0.0000E+00  0.8000E+01
 -29.282  0.0000E+00  0.8000E+01
 -29.277  0.0000E+00  0.8000E+01
 -29.272  0.0000E+00  0.8000E+01
 -29.267  0.0000E+00  0.8000E+01
 -29.262  0.0000E+00  0.8000E+01
 -29.257  0.0000E+00  0.8000E+01
 -29.252  0.0000E+00  0.8000E+01
 -29.247  0.0000E+00  0.8000E+01
 -29.242  0.0000E+00  0.8000E+01
 -29.237  0.0000E+00  0.8000E+01
 -29.232  0.0000E+00  0.8000E+01
 -29.227  0.0000E+00  0.8000E+01
 -29.222  0.0000E+00  0.8000E+01
 -29.217  0.0000E+00  0.8000E+01
 -29.212  0.0000E+00  0.8000E+01
 -29.207  0.0000E+00  0.8000E+01
 -29.202  0.0000E+00  0.8000E+01
 -29.197  0.0000E+00  0.8000E+01
 -29.192  0.0000E+00  0.8000E+01
 -29.187  0.0000E+00  0.8000E+01
 -29.182  0.0000E+00  0.8000E+01
 -29.177  0.0000E+00  0.8000E+01
 -29.172  0.0000E+00  0.8000E+01
 -29.167  0.0000E+00  0.8000E+01
 -29.162  0.0000E+00  0.8000E+01
 -29.157  0.0000E+00  0.8000E+01
 -29.152  0.0000E+00  0.8000E+01
 -29.147  0.0000E+00  0.8000E+01
 -29.142  0.0000E+00  0.8000E+01
 -29.137  0.0000E+00  0.8000E+01
 -29.132  0.0000E+00  0.8000E+01
 -29.127  0.0000E+00  0.8000E+01
 -29.122  0.0000E+00  0.8000E+01
 -29.117  0.0000E+00  0.8000E+01
 -29.112  0.0000E+00  0.8000E+01
 -29.107  0.0000E+00  0.8000E+01
 -29.102  0.0000E+00  0.8000E+01
 -29.097  0.0000E+00  0.8000E+01
 -29.092  0.0000E+00  0.8000E+01
 -29.087  0.0000E+00  0.8000E+01
 -29.082  0.0000E+00  0.8000E+01
 -29.077  0.0000E+00  0.8000E+01
 -29.072  0.0000E+00  0.8000E+01
 -29.067  0.0000E+00  0.8000E+01
 -29.062  0.0000E+00  0.8000E+01
 -29.057  0.0000E+00  0.8000E+01
 -29.052  0.0000E+00  0.8000E+01
 -29.047  0.0000E+00  0.8000E+01
 -29.042  0.0000E+00  0.8000E+01
 -29.037  0.0000E+00  0.8000E+01
 -29.032  0.0000E+00  0.8000E+01
 -29.027  0.0000E+00  0.8000E+01
 -29.022  0.0000E+00  0.8000E+01
 -29.017  0.0000E+00  0.8000E+01
 -29.012  0.0000E+00  0.8000E+01
 -29.007  0.0000E+00  0.8000E+01
 -29.002  0.0000E+00  0.8000E+01
 -28.997  0.0000E+00  0.8000E+01
 -28.992  0.0000E+00  0.8000E+01
 -28.987  0.0000E+00  0.8000E+01
 -28.982  0.0000E+00  0.8000E+01
 -28.977  0.0000E+00  0.8000E+01
 -28.972  0.0000E+00  0.8000E+01
 -28.967  0.0000E+00  0.8000E+01
 -28.962  0.0000E+00  0.8000E+01
 -28.957  0.0000E+00  0.8000E+01
 -28.952  0.0000E+00  0.8000E+01
 -28.947  0.0000E+00  0.8000E+01
 -28.942  0.0000E+00  0.8000E+01
 -28.937  0.0000E+00  0.8000E+01
 -28.932  0.0000E+00  0.8000E+01
 -28.927  0.0000E+00  0.8000E+01
 -28.922  0.0000E+00  0.8000E+01
 -28.917  0.0000E+00  0.8000E+01
 -28.912  0.0000E+00  0.8000E+01
 -28.907  0.0000E+00  0.8000E+01
 -28.902  0.0000E+00  0.8000E+01
 -28.897  0.0000E+00  0.8000E+01
 -28.892  0.0000E+00  0.8000E+01
 -28.887  0.0000E+00  0.8000E+01
 -28.882  0.0000E+00  0.8000E+01
 -28.877  0.0000E+00  0.8000E+01
 -28.872  0.0000E+00  0.8000E+01
 -28.867  0.0000E+00  0.8000E+01
 -28.862  0.0000E+00  0.8000E+01
 -28.857  0.0000E+00  0.8000E+01
 -28.852  0.0000E+00  0.8000E+01
 -28.847  0.0000E+00  0.8000E+01
 -28.842  0.0000E+00  0.8000E+01
 -28.837  0.0000E+00  0.8000E+01
 -28.832  0.0000E+00  0.8000E+01
 -28.827  0.0000E+00  0.8000E+01
 -28.822  0.0000E+00  0.8000E+01
 -28.817  0.0000E+00  0.8000E+01
 -28.812  0.0000E+00  0.8000E+01
 -28.807  0.0000E+00  0.8000E+01
 -28.802  0.0000E+00  0.8000E+01
 -28.797  0.0000E+00  0.8000E+01
 -28.792  0.0000E+00  0.8000E+01
 -28.787  0.0000E+00  0.8000E+01
 -28.782  0.0000E+00  0.8000E+01
 -28.777  0.0000E+00  0.8000E+01
 -28.772  0.0000E+00  0.8000E+01
 -28.767  0.0000E+00  0.8000E+01
 -28.762  0.0000E+00  0.8000E+01
 -28.757  0.0000E+00  0.8000E+01
 -28.752  0.0000E+00  0.8000E+01
 -28.747  0.0000E+00  0.8000E+01
 -28.742  0.0000E+00  0.8000E+01
 -28.737  0.0000E+00  0.8000E+01
 -28.732  0.0000E+00  0.8000E+01
 -28.727  0.0000E+00  0.8000E+01
 -28.722  0.0000E+00  0.8000E+01
 -28.717  0.0000E+00  0.8000E+01
 -28.712  0.0000E+00  0.8000E+01
 -28.707  0.0000E+00  0.8000E+01
 -28.702  0.0000E+00  0.8000E+01
 -28.697  0.0000E+00  0.8000E+01
 -28.692  0.0000E+00  0.8000E+01
 -28.687  0.0000E+00  0.8000E+01
 -28.682  0.0000E+00  0.8000E+01
 -28.677  0.0000E+00  0.8000E+01
 -28.672  0.0000E+00  0.8000E+01
 -28.667  0.0000E+00  0.8000E+01
 -28.662  0.0000E+00  0.8000E+01
 -28.657  0.0000E+00  0.8000E+01
 -28.652  0.0000E+00  0.8000E+01
 -28.647  0.0000E+00  0.8000E+01
 -28.642  0.0000E+00  0.8000E+01
 -28.637  0.0000E+00  0.8000E+01
 -28.632  0.0000E+00  0.8000E+01
 -28.627  0.0000E+00  0.8000E+01
 -28.622  0.0000E+00  0.8000E+01
 -28.617  0.0000E+00  0.8000E+01
 -28.612  0.0000E+00  0.8000E+01
 -28.607  0.0000E+00  0.8000E+01
 -28.602  0.0000E+00  0.8000E+01
 -28.597  0.0000E+00  0.8000E+01
 -28.592  0.0000E+00  0.8000E+01
 -28.587  0.0000E+00  0.8000E+01
 -28.582  0.0000E+00  0.8000E+01
 -28.577  0.0000E+00  0.8000E+01
 -28.572  0.0000E+00  0.8000E+01
 -28.567  0.0000E+00  0.8000E+01
 -28.562  0.0000E+00  0.8000E+01
 -28.557  0.0000E+00  0.8000E+01
 -28.552  0.0000E+00  0.8000E+01
 -28.547  0.0000E+00  0.8000E+01
 -28.542  0.0000E+00  0.8000E+01
 -28.537  0.0000E+00  0.8000E+01
 -28.532  0.0000E+00  0.8000E+01
 -28.527  0.0000E+00  0.8000E+01
 -28.522  0.0000E+00  0.8000E+01
 -28.517  0.0000E+00  0.8000E+01
 -28.512  0.0000E+00  0.8000E+01
 -28.507  0.0000E+00  0.8000E+01
 -28.502  0.0000E+00  0.8000E+01
 -28.497  0.0000E+00  0.8000E+01
 -28.492  0.0000E+00  0.8000E+01
 -28.487  0.0000E+00  0.8000E+01
 -28.482  0.0000E+00  0.8000E+01
 -28.477  0.0000E+00  0.8000E+01
 -28.472  0.0000E+00  0.8000E+01
 -28.467  0.0000E+00  0.8000E+01
 -28.462  0.0000E+00  0.8000E+01
 -28.457  0.0000E+00  0.8000E+01
 -28.452  0.0000E+00  0.8000E+01
 -28.447  0.0000E+00  0.8000E+01
 -28.442  0.0000E+00  0.8000E+01
 -28.437  0.0000E+00  0.8000E+01
 -28.432  0.0000E+00  0.8000E+01
 -28.427  0.0000E+00  0.8000E+01
 -28.422  0.0000E+00  0.8000E+01
 -28.417  0.0000E+00  0.8000E+01
 -28.412  0.0000E+00  0.8000E+01
 -28.407  0.0000E+00  0.8000E+01
 -28.402  0.0000E+00  0.8000E+01
 -28.397  0.0000E+00  0.8000E+01
 -28.392  0.0000E+00  0.8000E+01
 -28.387  0.0000E+00  0.8000E+01
 -28.382  0.0000E+00  0.8000E+01
 -28.377  0.0000E+00  0.8000E+01
 -28.372  0.0000E+00  0.8000E+01
 -28.367  0.0000E+00  0.8000E+01
 -28.362  0.0000E+00  0.8000E+01
 -28.357  0.0000E+00  0.8000E+01
 -28.352  0.0000E+00  0.8000E+01
 -28.347  0.0000E+00  0.8000E+01
 -28.342  0.0000E+00  0.8000E+01
 -28.337  0.0000E+00  0.8000E+01
 -28.332  0.0000E+00  0.8000E+01
 -28.327  0.0000E+00  0.8000E+01
 -28.322  0.0000E+00  0.8000E+01
 -28.317  0.0000E+00  0.8000E+01
 -28.312  0.0000E+00  0.8000E+01
 -28.307  0.0000E+00  0.8000E+01
 -28.302  0.0000E+00  0.8000E+01
 -28.297  0.0000E+00  0.8000E+01
 -28.292  0.0000E+00  0.8000E+01
 -28.287  0.0000E+00  0.8000E+01
 -28.282  0.0000E+00  0.8000E+01
 -28.277  0.0000E+00  0.8000E+01
 -28.272  0.0000E+00  0.8000E+01
 -28.267  0.0000E+00  0.8000E+01
 -28.262  0.0000E+00  0.8000E+01
 -28.257  0.0000E+00  0.8000E+01
 -28.252  0.0000E+00  0.8000E+01
 -28.247  0.0000E+00  0.8000E+01
 -28.242  0.0000E+00  0.8000E+01
 -28.237  0.0000E+00  0.8000E+01
 -28.232  0.0000E+00  0.8000E+01
 -28.227  0.0000E+00  0.8000E+01
 -28.222  0.0000E+00  0.8000E+01
 -28.217  0.0000E+00  0.8000E+01
 -28.212  0.0000E+00  0.8000E+01
 -28.207  0.0000E+00  0.8000E+01
 -28.202  0.0000E+00  0.8000E+01
 -28.197  0.0000E+00  0.8000E+01
 -28.192  0.0000E+00  0.8000E+01
 -28.187  0.0000E+00  0.8000E+01
 -28.182  0.0000E+00  0.8000E+01
 -28.177  0.0000E+00  0.8000E+01
 -28.172  0.0000E+00  0.8000E+01
 -28.167  0.0000E+00  0.8000E+01
 -28.162  0.0000E+00  0.8000E+01
 -28.157  0.0000E+00  0.8000E+01
 -28.152  0.0000E+00  0.8000E+01
 -28.147  0.0000E+00  0.8000E+01
 -28.142  0.0000E+00  0.8000E+01
 -28.137  0.0000E+00  0.8000E+01
 -28.132  0.0000E+00  0.8000E+01
 -28.127  0.0000E+00  0.8000E+01
 -28.122  0.0000E+00  0.8000E+01
 -28.117  0.0000E+00  0.8000E+01
 -28.112  0.0000E+00  0.8000E+01
 -28.107  0.0000E+00  0.8000E+01
 -28.102  0.0000E+00  0.8000E+01
 -28.097  0.0000E+00  0.8000E+01
 -28.092  0.0000E+00  0.8000E+01
 -28.087  0.0000E+00  0.8000E+01
 -28.082  0.0000E+00  0.8000E+01
 -28.077  0.0000E+00  0.8000E+01
 -28.072  0.0000E+00  0.8000E+01
 -28.067  0.0000E+00  0.8000E+01
 -28.062  0.0000E+00  0.8000E+01
 -28.057  0.0000E+00  0.8000E+01
 -28.052  0.0000E+00  0.8000E+01
 -28.047  0.0000E+00  0.8000E+01
 -28.042  0.0000E+00  0.8000E+01
 -28.037  0.0000E+00  0.8000E+01
 -28.032  0.0000E+00  0.8000E+01
 -28.027  0.0000E+00  0.8000E+01
 -28.022  0.0000E+00  0.8000E+01
 -28.017  0.0000E+00  0.8000E+01
 -28.012  0.0000E+00  0.8000E+01
 -28.007  0.0000E+00  0.8000E+01
 -28.002  0.0000E+00  0.8000E+01
 -27.997  0.0000E+00  0.8000E+01
 -27.992  0.0000E+00  0.8000E+01
 -27.987  0.0000E+00  0.8000E+01
 -27.982  0.0000E+00  0.8000E+01
 -27.977  0.0000E+00  0.8000E+01
 -27.972  0.0000E+00  0.8000E+01
 -27.967  0.0000E+00  0.8000E+01
 -27.962  0.0000E+00  0.8000E+01
 -27.957  0.0000E+00  0.8000E+01
 -27.952  0.0000E+00  0.8000E+01
 -27.947  0.0000E+00  0.8000E+01
 -27.942  0.0000E+00  0.8000E+01
 -27.937  0.0000E+00  0.8000E+01
 -27.932  0.0000E+00  0.8000E+01
 -27.927  0.0000E+00  0.8000E+01
 -27.922  0.0000E+00  0.8000E+01
 -27.917  0.0000E+00  0.8000E+01
 -27.912  0.0000E+00  0.8000E+01
 -27.907  0.0000E+00  0.8000E+01
 -27.902  0.0000E+00  0.8000E+01
 -27.897  0.0000E+00  0.8000E+01
 -27.892  0.0000E+00  0.8000E+01
 -27.887  0.0000E+00  0.8000E+01
 -27.882  0.0000E+00  0.8000E+01
 -27.877  0.0000E+00  0.8000E+01
 -27.872  0.0000E+00  0.8000E+01
 -27.867  0.0000E+00  0.8000E+01
 -27.862  0.0000E+00  0.8000E+01
 -27.857  0.0000E+00  0.8000E+01
 -27.852  0.0000E+00  0.8000E+01
 -27.847  0.0000E+00  0.8000E+01
 -27.842  0.0000E+00  0.8000E+01
 -27.837  0.0000E+00  0.8000E+01
 -27.832  0.0000E+00  0.8000E+01
 -27.827  0.0000E+00  0.8000E+01
 -27.822  0.0000E+00  0.8000E+01
 -27.817  0.0000E+00  0.8000E+01
 -27.812  0.0000E+00  0.8000E+01
 -27.807  0.0000E+00  0.8000E+01
 -27.802  0.0000E+00  0.8000E+01
 -27.797  0.0000E+00  0.8000E+01
 -27.792  0.0000E+00  0.8000E+01
 -27.787  0.0000E+00  0.8000E+01
 -27.782  0.0000E+00  0.8000E+01
 -27.777  0.0000E+00  0.8000E+01
 -27.772  0.0000E+00  0.8000E+01
 -27.767  0.0000E+00  0.8000E+01
 -27.762  0.0000E+00  0.8000E+01
 -27.757  0.0000E+00  0.8000E+01
 -27.752  0.0000E+00  0.8000E+01
 -27.747  0.0000E+00  0.8000E+01
 -27.742  0.0000E+00  0.8000E+01
 -27.737  0.0000E+00  0.8000E+01
 -27.732  0.0000E+00  0.8000E+01
 -27.727  0.0000E+00  0.8000E+01
 -27.722  0.0000E+00  0.8000E+01
 -27.717  0.0000E+00  0.8000E+01
 -27.712  0.0000E+00  0.8000E+01
 -27.707  0.0000E+00  0.8000E+01
 -27.702  0.0000E+00  0.8000E+01
 -27.697  0.0000E+00  0.8000E+01
 -27.692  0.0000E+00  0.8000E+01
 -27.687  0.0000E+00  0.8000E+01
 -27.682  0.0000E+00  0.8000E+01
 -27.677  0.0000E+00  0.8000E+01
 -27.672  0.0000E+00  0.8000E+01
 -27.667  0.0000E+00  0.8000E+01
 -27.662  0.0000E+00  0.8000E+01
 -27.657  0.0000E+00  0.8000E+01
 -27.652  0.0000E+00  0.8000E+01
 -27.647  0.0000E+00  0.8000E+01
 -27.642  0.0000E+00  0.8000E+01
 -27.637  0.0000E+00  0.8000E+01
 -27.632  0.0000E+00  0.8000E+01
 -27.627  0.0000E+00  0.8000E+01
 -27.622  0.0000E+00  0.8000E+01
 -27.617  0.0000E+00  0.8000E+01
 -27.612  0.0000E+00  0.8000E+01
 -27.607  0.0000E+00  0.8000E+01
 -27.602  0.0000E+00  0.8000E+01
 -27.597  0.0000E+00  0.8000E+01
 -27.592  0.0000E+00  0.8000E+01
 -27.587  0.0000E+00  0.8000E+01
 -27.582  0.0000E+00  0.8000E+01
 -27.577  0.0000E+00  0.8000E+01
 -27.572  0.0000E+00  0.8000E+01
 -27.567  0.0000E+00  0.8000E+01
 -27.562  0.0000E+00  0.8000E+01
 -27.557  0.0000E+00  0.8000E+01
 -27.552  0.0000E+00  0.8000E+01
 -27.547  0.0000E+00  0.8000E+01
 -27.542  0.0000E+00  0.8000E+01
 -27.537  0.0000E+00  0.8000E+01
 -27.532  0.0000E+00  0.8000E+01
 -27.527  0.0000E+00  0.8000E+01
 -27.522  0.0000E+00  0.8000E+01
 -27.517  0.0000E+00  0.8000E+01
 -27.512  0.0000E+00  0.8000E+01
 -27.507  0.0000E+00  0.8000E+01
 -27.502  0.0000E+00  0.8000E+01
 -27.497  0.0000E+00  0.8000E+01
 -27.492  0.0000E+00  0.8000E+01
 -27.487  0.0000E+00  0.8000E+01
 -27.482  0.0000E+00  0.8000E+01
 -27.477  0.0000E+00  0.8000E+01
 -27.472  0.0000E+00  0.8000E+01
 -27.467  0.0000E+00  0.8000E+01
 -27.462  0.0000E+00  0.8000E+01
 -27.457  0.0000E+00  0.8000E+01
 -27.452  0.0000E+00  0.8000E+01
 -27.447  0.0000E+00  0.8000E+01
 -27.442  0.0000E+00  0.8000E+01
 -27.437  0.0000E+00  0.8000E+01
 -27.432  0.0000E+00  0.8000E+01
 -27.427  0.0000E+00  0.8000E+01
 -27.422  0.0000E+00  0.8000E+01
 -27.417  0.0000E+00  0.8000E+01
 -27.412  0.0000E+00  0.8000E+01
 -27.407  0.0000E+00  0.8000E+01
 -27.402  0.0000E+00  0.8000E+01
 -27.397  0.0000E+00  0.8000E+01
 -27.392  0.0000E+00  0.8000E+01
 -27.387  0.0000E+00  0.8000E+01
 -27.382  0.0000E+00  0.8000E+01
 -27.377  0.0000E+00  0.8000E+01
 -27.372  0.0000E+00  0.8000E+01
 -27.367  0.0000E+00  0.8000E+01
 -27.362  0.0000E+00  0.8000E+01
 -27.357  0.0000E+00  0.8000E+01
 -27.352  0.0000E+00  0.8000E+01
 -27.347  0.0000E+00  0.8000E+01
 -27.342  0.0000E+00  0.8000E+01
 -27.337  0.0000E+00  0.8000E+01
 -27.332  0.0000E+00  0.8000E+01
 -27.327  0.0000E+00  0.8000E+01
 -27.322  0.0000E+00  0.8000E+01
 -27.317  0.0000E+00  0.8000E+01
 -27.312  0.0000E+00  0.8000E+01
 -27.307  0.0000E+00  0.8000E+01
 -27.302  0.0000E+00  0.8000E+01
 -27.297  0.0000E+00  0.8000E+01
 -27.292  0.0000E+00  0.8000E+01
 -27.287  0.0000E+00  0.8000E+01
 -27.282  0.0000E+00  0.8000E+01
 -27.277  0.0000E+00  0.8000E+01
 -27.272  0.0000E+00  0.8000E+01
 -27.267  0.0000E+00  0.8000E+01
 -27.262  0.0000E+00  0.8000E+01
 -27.257  0.0000E+00  0.8000E+01
 -27.252  0.0000E+00  0.8000E+01
 -27.247  0.0000E+00  0.8000E+01
 -27.242  0.0000E+00  0.8000E+01
 -27.237  0.0000E+00  0.8000E+01
 -27.232  0.0000E+00  0.8000E+01
 -27.227  0.0000E+00  0.8000E+01
 -27.222  0.0000E+00  0.8000E+01
 -27.217  0.0000E+00  0.8000E+01
 -27.212  0.0000E+00  0.8000E+01
 -27.207  0.0000E+00  0.8000E+01
 -27.202  0.0000E+00  0.8000E+01
 -27.197  0.0000E+00  0.8000E+01
 -27.192  0.0000E+00  0.8000E+01
 -27.187  0.0000E+00  0.8000E+01
 -27.182  0.0000E+00  0.8000E+01
 -27.177  0.0000E+00  0.8000E+01
 -27.172  0.0000E+00  0.8000E+01
 -27.167  0.0000E+00  0.8000E+01
 -27.162  0.0000E+00  0.8000E+01
 -27.157  0.0000E+00  0.8000E+01
 -27.152  0.0000E+00  0.8000E+01
 -27.147  0.0000E+00  0.8000E+01
 -27.142  0.0000E+00  0.8000E+01
 -27.137  0.0000E+00  0.8000E+01
 -27.132  0.0000E+00  0.8000E+01
 -27.127  0.0000E+00  0.8000E+01
 -27.122  0.0000E+00  0.8000E+01
 -27.117  0.0000E+00  0.8000E+01
 -27.112  0.0000E+00  0.8000E+01
 -27.107  0.0000E+00  0.8000E+01
 -27.102  0.0000E+00  0.8000E+01
 -27.097  0.0000E+00  0.8000E+01
 -27.092  0.0000E+00  0.8000E+01
 -27.087  0.0000E+00  0.8000E+01
 -27.082  0.0000E+00  0.8000E+01
 -27.077  0.0000E+00  0.8000E+01
 -27.072  0.0000E+00  0.8000E+01
 -27.067  0.0000E+00  0.8000E+01
 -27.062  0.0000E+00  0.8000E+01
 -27.057  0.0000E+00  0.8000E+01
 -27.052  0.0000E+00  0.8000E+01
 -27.047  0.0000E+00  0.8000E+01
 -27.042  0.0000E+00  0.8000E+01
 -27.037  0.0000E+00  0.8000E+01
 -27.032  0.0000E+00  0.8000E+01
 -27.027  0.0000E+00  0.8000E+01
 -27.022  0.0000E+00  0.8000E+01
 -27.017  0.0000E+00  0.8000E+01
 -27.012  0.0000E+00  0.8000E+01
 -27.007  0.0000E+00  0.8000E+01
 -27.002  0.0000E+00  0.8000E+01
 -26.997  0.0000E+00  0.8000E+01
 -26.992  0.0000E+00  0.8000E+01
 -26.987  0.0000E+00  0.8000E+01
 -26.982  0.0000E+00  0.8000E+01
 -26.977  0.0000E+00  0.8000E+01
 -26.972  0.0000E+00  0.8000E+01
 -26.967  0.0000E+00  0.8000E+01
 -26.962  0.0000E+00  0.8000E+01
 -26.957  0.0000E+00  0.8000E+01
 -26.952  0.0000E+00  0.8000E+01
 -26.947  0.0000E+00  0.8000E+01
 -26.942  0.0000E+00  0.8000E+01
 -26.937  0.0000E+00  0.8000E+01
 -26.932  0.0000E+00  0.8000E+01
 -26.927  0.0000E+00  0.8000E+01
 -26.922  0.0000E+00  0.8000E+01
 -26.917  0.0000E+00  0.8000E+01
 -26.912  0.0000E+00  0.8000E+01
 -26.907  0.0000E+00  0.8000E+01
 -26.902  0.0000E+00  0.8000E+01
 -26.897  0.0000E+00  0.8000E+01
 -26.892  0.0000E+00  0.8000E+01
 -26.887  0.0000E+00  0.8000E+01
 -26.882  0.0000E+00  0.8000E+01
 -26.877  0.0000E+00  0.8000E+01
 -26.872  0.0000E+00  0.8000E+01
 -26.867  0.0000E+00  0.8000E+01
 -26.862  0.0000E+00  0.8000E+01
 -26.857  0.0000E+00  0.8000E+01
 -26.852  0.0000E+00  0.8000E+01
 -26.847  0.0000E+00  0.8000E+01
 -26.842  0.0000E+00  0.8000E+01
 -26.837  0.0000E+00  0.8000E+01
 -26.832  0.0000E+00  0.8000E+01
 -26.827  0.0000E+00  0.8000E+01
 -26.822  0.0000E+00  0.8000E+01
 -26.817  0.0000E+00  0.8000E+01
 -26.812  0.0000E+00  0.8000E+01
 -26.807  0.0000E+00  0.8000E+01
 -26.802  0.0000E+00  0.8000E+01
 -26.797  0.0000E+00  0.8000E+01
 -26.792  0.0000E+00  0.8000E+01
 -26.787  0.0000E+00  0.8000E+01
 -26.782  0.0000E+00  0.8000E+01
 -26.777  0.0000E+00  0.8000E+01
 -26.772  0.0000E+00  0.8000E+01
 -26.767  0.0000E+00  0.8000E+01
 -26.762  0.0000E+00  0.8000E+01
 -26.757  0.0000E+00  0.8000E+01
 -26.752  0.0000E+00  0.8000E+01
 -26.747  0.0000E+00  0.8000E+01
 -26.742  0.0000E+00  0.8000E+01
 -26.737  0.0000E+00  0.8000E+01
 -26.732  0.0000E+00  0.8000E+01
 -26.727  0.0000E+00  0.8000E+01
 -26.722  0.0000E+00  0.8000E+01
 -26.717  0.0000E+00  0.8000E+01
 -26.712  0.0000E+00  0.8000E+01
 -26.707  0.0000E+00  0.8000E+01
 -26.702  0.0000E+00  0.8000E+01
 -26.697  0.0000E+00  0.8000E+01
 -26.692  0.0000E+00  0.8000E+01
 -26.687  0.0000E+00  0.8000E+01
 -26.682  0.0000E+00  0.8000E+01
 -26.677  0.0000E+00  0.8000E+01
 -26.672  0.0000E+00  0.8000E+01
 -26.667  0.0000E+00  0.8000E+01
 -26.662  0.0000E+00  0.8000E+01
 -26.657  0.0000E+00  0.8000E+01
 -26.652  0.0000E+00  0.8000E+01
 -26.647  0.0000E+00  0.8000E+01
 -26.642  0.0000E+00  0.8000E+01
 -26.637  0.0000E+00  0.8000E+01
 -26.632  0.0000E+00  0.8000E+01
 -26.627  0.0000E+00  0.8000E+01
 -26.622  0.0000E+00  0.8000E+01
 -26.617  0.0000E+00  0.8000E+01
 -26.612  0.0000E+00  0.8000E+01
 -26.607  0.0000E+00  0.8000E+01
 -26.602  0.0000E+00  0.8000E+01
 -26.597  0.0000E+00  0.8000E+01
 -26.592  0.0000E+00  0.8000E+01
 -26.587  0.0000E+00  0.8000E+01
 -26.582  0.0000E+00  0.8000E+01
 -26.577  0.0000E+00  0.8000E+01
 -26.572  0.0000E+00  0.8000E+01
 -26.567  0.0000E+00  0.8000E+01
 -26.562  0.0000E+00  0.8000E+01
 -26.557  0.0000E+00  0.8000E+01
 -26.552  0.0000E+00  0.8000E+01
 -26.547  0.0000E+00  0.8000E+01
 -26.542  0.0000E+00  0.8000E+01
 -26.537  0.0000E+00  0.8000E+01
 -26.532  0.0000E+00  0.8000E+01
 -26.527  0.0000E+00  0.8000E+01
 -26.522  0.0000E+00  0.8000E+01
 -26.517  0.0000E+00  0.8000E+01
 -26.512  0.0000E+00  0.8000E+01
 -26.507  0.0000E+00  0.8000E+01
 -26.502  0.0000E+00  0.8000E+01
 -26.497  0.0000E+00  0.8000E+01
 -26.492  0.0000E+00  0.8000E+01
 -26.487  0.0000E+00  0.8000E+01
 -26.482  0.0000E+00  0.8000E+01
 -26.477  0.0000E+00  0.8000E+01
 -26.472  0.0000E+00  0.8000E+01
 -26.467  0.0000E+00  0.8000E+01
 -26.462  0.0000E+00  0.8000E+01
 -26.457  0.0000E+00  0.8000E+01
 -26.452  0.0000E+00  0.8000E+01
 -26.447  0.0000E+00  0.8000E+01
 -26.442  0.0000E+00  0.8000E+01
 -26.437  0.0000E+00  0.8000E+01
 -26.432  0.0000E+00  0.8000E+01
 -26.427  0.0000E+00  0.8000E+01
 -26.422  0.0000E+00  0.8000E+01
 -26.417  0.0000E+00  0.8000E+01
 -26.412  0.0000E+00  0.8000E+01
 -26.407  0.0000E+00  0.8000E+01
 -26.402  0.0000E+00  0.8000E+01
 -26.397  0.0000E+00  0.8000E+01
 -26.392  0.0000E+00  0.8000E+01
 -26.387  0.0000E+00  0.8000E+01
 -26.382  0.0000E+00  0.8000E+01
 -26.377  0.0000E+00  0.8000E+01
 -26.372  0.0000E+00  0.8000E+01
 -26.367  0.0000E+00  0.8000E+01
 -26.362  0.0000E+00  0.8000E+01
 -26.357  0.0000E+00  0.8000E+01
 -26.352  0.0000E+00  0.8000E+01
 -26.347  0.0000E+00  0.8000E+01
 -26.342  0.0000E+00  0.8000E+01
 -26.337  0.0000E+00  0.8000E+01
 -26.332  0.0000E+00  0.8000E+01
 -26.327  0.0000E+00  0.8000E+01
 -26.322  0.0000E+00  0.8000E+01
 -26.317  0.0000E+00  0.8000E+01
 -26.312  0.0000E+00  0.8000E+01
 -26.307  0.0000E+00  0.8000E+01
 -26.302  0.0000E+00  0.8000E+01
 -26.297  0.0000E+00  0.8000E+01
 -26.292  0.0000E+00  0.8000E+01
 -26.287  0.0000E+00  0.8000E+01
 -26.282  0.0000E+00  0.8000E+01
 -26.277  0.0000E+00  0.8000E+01
 -26.272  0.0000E+00  0.8000E+01
 -26.267  0.0000E+00  0.8000E+01
 -26.262  0.0000E+00  0.8000E+01
 -26.257  0.0000E+00  0.8000E+01
 -26.252  0.0000E+00  0.8000E+01
 -26.247  0.0000E+00  0.8000E+01
 -26.242  0.0000E+00  0.8000E+01
 -26.237  0.0000E+00  0.8000E+01
 -26.232  0.0000E+00  0.8000E+01
 -26.227  0.0000E+00  0.8000E+01
 -26.222  0.0000E+00  0.8000E+01
 -26.217  0.0000E+00  0.8000E+01
 -26.212  0.0000E+00  0.8000E+01
 -26.207  0.0000E+00  0.8000E+01
 -26.202  0.0000E+00  0.8000E+01
 -26.197  0.0000E+00  0.8000E+01
 -26.192  0.0000E+00  0.8000E+01
 -26.187  0.0000E+00  0.8000E+01
 -26.182  0.0000E+00  0.8000E+01
 -26.177  0.0000E+00  0.8000E+01
 -26.172  0.0000E+00  0.8000E+01
 -26.167  0.0000E+00  0.8000E+01
 -26.162  0.0000E+00  0.8000E+01
 -26.157  0.0000E+00  0.8000E+01
 -26.152  0.0000E+00  0.8000E+01
 -26.147  0.0000E+00  0.8000E+01
 -26.142  0.0000E+00  0.8000E+01
 -26.137  0.0000E+00  0.8000E+01
 -26.132  0.0000E+00  0.8000E+01
 -26.127  0.0000E+00  0.8000E+01
 -26.122  0.0000E+00  0.8000E+01
 -26.117  0.0000E+00  0.8000E+01
 -26.112  0.0000E+00  0.8000E+01
 -26.107  0.0000E+00  0.8000E+01
 -26.102  0.0000E+00  0.8000E+01
 -26.097  0.0000E+00  0.8000E+01
 -26.092  0.0000E+00  0.8000E+01
 -26.087  0.0000E+00  0.8000E+01
 -26.082  0.0000E+00  0.8000E+01
 -26.077  0.0000E+00  0.8000E+01
 -26.072  0.0000E+00  0.8000E+01
 -26.067  0.0000E+00  0.8000E+01
 -26.062  0.0000E+00  0.8000E+01
 -26.057  0.0000E+00  0.8000E+01
 -26.052  0.0000E+00  0.8000E+01
 -26.047  0.0000E+00  0.8000E+01
 -26.042  0.0000E+00  0.8000E+01
 -26.037  0.0000E+00  0.8000E+01
 -26.032  0.0000E+00  0.8000E+01
 -26.027  0.0000E+00  0.8000E+01
 -26.022  0.0000E+00  0.8000E+01
 -26.017  0.0000E+00  0.8000E+01
 -26.012  0.0000E+00  0.8000E+01
 -26.007  0.0000E+00  0.8000E+01
 -26.002  0.0000E+00  0.8000E+01
 -25.997  0.0000E+00  0.8000E+01
 -25.992  0.0000E+00  0.8000E+01
 -25.987  0.0000E+00  0.8000E+01
 -25.982  0.0000E+00  0.8000E+01
 -25.977  0.0000E+00  0.8000E+01
 -25.972  0.0000E+00  0.8000E+01
 -25.967  0.0000E+00  0.8000E+01
 -25.962  0.0000E+00  0.8000E+01
 -25.957  0.0000E+00  0.8000E+01
 -25.952  0.0000E+00  0.8000E+01
 -25.947  0.0000E+00  0.8000E+01
 -25.942  0.0000E+00  0.8000E+01
 -25.937  0.0000E+00  0.8000E+01
 -25.932  0.0000E+00  0.8000E+01
 -25.927  0.0000E+00  0.8000E+01
 -25.922  0.0000E+00  0.8000E+01
 -25.917  0.0000E+00  0.8000E+01
 -25.912  0.0000E+00  0.8000E+01
 -25.907  0.0000E+00  0.8000E+01
 -25.902  0.0000E+00  0.8000E+01
 -25.897  0.0000E+00  0.8000E+01
 -25.892  0.0000E+00  0.8000E+01
 -25.887  0.0000E+00  0.8000E+01
 -25.882  0.0000E+00  0.8000E+01
 -25.877  0.0000E+00  0.8000E+01
 -25.872  0.0000E+00  0.8000E+01
 -25.867  0.0000E+00  0.8000E+01
 -25.862  0.0000E+00  0.8000E+01
 -25.857  0.0000E+00  0.8000E+01
 -25.852  0.0000E+00  0.8000E+01
 -25.847  0.0000E+00  0.8000E+01
 -25.842  0.0000E+00  0.8000E+01
 -25.837  0.0000E+00  0.8000E+01
 -25.832  0.0000E+00  0.8000E+01
 -25.827  0.0000E+00  0.8000E+01
 -25.822  0.0000E+00  0.8000E+01
 -25.817  0.0000E+00  0.8000E+01
 -25.812  0.0000E+00  0.8000E+01
 -25.807  0.0000E+00  0.8000E+01
 -25.802  0.0000E+00  0.8000E+01
 -25.797  0.0000E+00  0.8000E+01
 -25.792  0.0000E+00  0.8000E+01
 -25.787  0.0000E+00  0.8000E+01
 -25.782  0.0000E+00  0.8000E+01
 -25.777  0.0000E+00  0.8000E+01
 -25.772  0.0000E+00  0.8000E+01
 -25.767  0.0000E+00  0.8000E+01
 -25.762  0.0000E+00  0.8000E+01
 -25.757  0.0000E+00  0.8000E+01
 -25.752  0.0000E+00  0.8000E+01
 -25.747  0.0000E+00  0.8000E+01
 -25.742  0.0000E+00  0.8000E+01
 -25.737  0.0000E+00  0.8000E+01
 -25.732  0.0000E+00  0.8000E+01
 -25.727  0.0000E+00  0.8000E+01
 -25.722  0.0000E+00  0.8000E+01
 -25.717  0.0000E+00  0.8000E+01
 -25.712  0.0000E+00  0.8000E+01
 -25.707  0.0000E+00  0.8000E+01
 -25.702  0.0000E+00  0.8000E+01
 -25.697  0.0000E+00  0.8000E+01
 -25.692  0.0000E+00  0.8000E+01
 -25.687  0.0000E+00  0.8000E+01
 -25.682  0.0000E+00  0.8000E+01
 -25.677  0.0000E+00  0.8000E+01
 -25.672  0.0000E+00  0.8000E+01
 -25.667  0.0000E+00  0.8000E+01
 -25.662  0.0000E+00  0.8000E+01
 -25.657  0.0000E+00  0.8000E+01
 -25.652  0.0000E+00  0.8000E+01
 -25.647  0.0000E+00  0.8000E+01
 -25.642  0.0000E+00  0.8000E+01
 -25.637  0.0000E+00  0.8000E+01
 -25.632  0.0000E+00  0.8000E+01
 -25.627  0.0000E+00  0.8000E+01
 -25.622  0.0000E+00  0.8000E+01
 -25.617  0.0000E+00  0.8000E+01
 -25.612  0.0000E+00  0.8000E+01
 -25.607  0.0000E+00  0.8000E+01
 -25.602  0.0000E+00  0.8000E+01
 -25.597  0.0000E+00  0.8000E+01
 -25.592  0.0000E+00  0.8000E+01
 -25.587  0.0000E+00  0.8000E+01
 -25.582  0.0000E+00  0.8000E+01
 -25.577  0.0000E+00  0.8000E+01
 -25.572  0.0000E+00  0.8000E+01
 -25.567  0.0000E+00  0.8000E+01
 -25.562  0.0000E+00  0.8000E+01
 -25.557  0.0000E+00  0.8000E+01
 -25.552  0.0000E+00  0.8000E+01
 -25.547  0.0000E+00  0.8000E+01
 -25.542  0.0000E+00  0.8000E+01
 -25.537  0.0000E+00  0.8000E+01
 -25.532  0.0000E+00  0.8000E+01
 -25.527  0.0000E+00  0.8000E+01
 -25.522  0.0000E+00  0.8000E+01
 -25.517  0.0000E+00  0.8000E+01
 -25.512  0.0000E+00  0.8000E+01
 -25.507  0.0000E+00  0.8000E+01
 -25.502  0.0000E+00  0.8000E+01
 -25.497  0.0000E+00  0.8000E+01
 -25.492  0.0000E+00  0.8000E+01
 -25.487  0.0000E+00  0.8000E+01
 -25.482  0.0000E+00  0.8000E+01
 -25.477  0.0000E+00  0.8000E+01
 -25.472  0.0000E+00  0.8000E+01
 -25.467  0.0000E+00  0.8000E+01
 -25.462  0.0000E+00  0.8000E+01
 -25.457  0.0000E+00  0.8000E+01
 -25.452  0.0000E+00  0.8000E+01
 -25.447  0.0000E+00  0.8000E+01
 -25.442  0.0000E+00  0.8000E+01
 -25.437  0.0000E+00  0.8000E+01
 -25.432  0.0000E+00  0.8000E+01
 -25.427  0.0000E+00  0.8000E+01
 -25.422  0.0000E+00  0.8000E+01
 -25.417  0.0000E+00  0.8000E+01
 -25.412  0.0000E+00  0.8000E+01
 -25.407  0.0000E+00  0.8000E+01
 -25.402  0.0000E+00  0.8000E+01
 -25.397  0.0000E+00  0.8000E+01
 -25.392  0.0000E+00  0.8000E+01
 -25.387  0.0000E+00  0.8000E+01
 -25.382  0.0000E+00  0.8000E+01
 -25.377  0.0000E+00  0.8000E+01
 -25.372  0.0000E+00  0.8000E+01
 -25.367  0.0000E+00  0.8000E+01
 -25.362  0.0000E+00  0.8000E+01
 -25.357  0.0000E+00  0.8000E+01
 -25.352  0.0000E+00  0.8000E+01
 -25.347  0.0000E+00  0.8000E+01
 -25.342  0.0000E+00  0.8000E+01
 -25.337  0.0000E+00  0.8000E+01
 -25.332  0.0000E+00  0.8000E+01
 -25.327  0.0000E+00  0.8000E+01
 -25.322  0.0000E+00  0.8000E+01
 -25.317  0.0000E+00  0.8000E+01
 -25.312  0.0000E+00  0.8000E+01
 -25.307  0.0000E+00  0.8000E+01
 -25.302  0.0000E+00  0.8000E+01
 -25.297  0.0000E+00  0.8000E+01
 -25.292  0.0000E+00  0.8000E+01
 -25.287  0.0000E+00  0.8000E+01
 -25.282  0.0000E+00  0.8000E+01
 -25.277  0.0000E+00  0.8000E+01
 -25.272  0.0000E+00  0.8000E+01
 -25.267  0.0000E+00  0.8000E+01
 -25.262  0.0000E+00  0.8000E+01
 -25.257  0.0000E+00  0.8000E+01
 -25.252  0.0000E+00  0.8000E+01
 -25.247  0.0000E+00  0.8000E+01
 -25.242  0.0000E+00  0.8000E+01
 -25.237  0.0000E+00  0.8000E+01
 -25.232  0.0000E+00  0.8000E+01
 -25.227  0.0000E+00  0.8000E+01
 -25.222  0.0000E+00  0.8000E+01
 -25.217  0.0000E+00  0.8000E+01
 -25.212  0.0000E+00  0.8000E+01
 -25.207  0.0000E+00  0.8000E+01
 -25.202  0.0000E+00  0.8000E+01
 -25.197  0.0000E+00  0.8000E+01
 -25.192  0.0000E+00  0.8000E+01
 -25.187  0.0000E+00  0.8000E+01
 -25.182  0.0000E+00  0.8000E+01
 -25.177  0.0000E+00  0.8000E+01
 -25.172  0.0000E+00  0.8000E+01
 -25.167  0.0000E+00  0.8000E+01
 -25.162  0.0000E+00  0.8000E+01
 -25.157  0.0000E+00  0.8000E+01
 -25.152  0.0000E+00  0.8000E+01
 -25.147  0.0000E+00  0.8000E+01
 -25.142  0.0000E+00  0.8000E+01
 -25.137  0.0000E+00  0.8000E+01
 -25.132  0.0000E+00  0.8000E+01
 -25.127  0.0000E+00  0.8000E+01
 -25.122  0.0000E+00  0.8000E+01
 -25.117  0.0000E+00  0.8000E+01
 -25.112  0.0000E+00  0.8000E+01
 -25.107  0.0000E+00  0.8000E+01
 -25.102  0.0000E+00  0.8000E+01
 -25.097  0.0000E+00  0.8000E+01
 -25.092  0.0000E+00  0.8000E+01
 -25.087  0.0000E+00  0.8000E+01
 -25.082  0.0000E+00  0.8000E+01
 -25.077  0.0000E+00  0.8000E+01
 -25.072  0.0000E+00  0.8000E+01
 -25.067  0.0000E+00  0.8000E+01
 -25.062  0.0000E+00  0.8000E+01
 -25.057  0.0000E+00  0.8000E+01
 -25.052  0.0000E+00  0.8000E+01
 -25.047  0.0000E+00  0.8000E+01
 -25.042  0.0000E+00  0.8000E+01
 -25.037  0.0000E+00  0.8000E+01
 -25.032  0.0000E+00  0.8000E+01
 -25.027  0.0000E+00  0.8000E+01
 -25.022  0.0000E+00  0.8000E+01
 -25.017  0.0000E+00  0.8000E+01
 -25.012  0.0000E+00  0.8000E+01
 -25.007  0.0000E+00  0.8000E+01
 -25.002  0.0000E+00  0.8000E+01
 -24.997  0.0000E+00  0.8000E+01
 -24.992  0.0000E+00  0.8000E+01
 -24.987  0.0000E+00  0.8000E+01
 -24.982  0.0000E+00  0.8000E+01
 -24.977  0.0000E+00  0.8000E+01
 -24.972  0.0000E+00  0.8000E+01
 -24.967  0.0000E+00  0.8000E+01
 -24.962  0.0000E+00  0.8000E+01
 -24.957  0.0000E+00  0.8000E+01
 -24.952  0.0000E+00  0.8000E+01
 -24.947  0.0000E+00  0.8000E+01
 -24.942  0.0000E+00  0.8000E+01
 -24.937  0.0000E+00  0.8000E+01
 -24.932  0.0000E+00  0.8000E+01
 -24.927  0.0000E+00  0.8000E+01
 -24.922  0.0000E+00  0.8000E+01
 -24.917  0.0000E+00  0.8000E+01
 -24.912  0.0000E+00  0.8000E+01
 -24.907  0.0000E+00  0.8000E+01
 -24.902  0.0000E+00  0.8000E+01
 -24.897  0.0000E+00  0.8000E+01
 -24.892  0.0000E+00  0.8000E+01
 -24.887  0.0000E+00  0.8000E+01
 -24.882  0.0000E+00  0.8000E+01
 -24.877  0.0000E+00  0.8000E+01
 -24.872  0.0000E+00  0.8000E+01
 -24.867  0.0000E+00  0.8000E+01
 -24.862  0.0000E+00  0.8000E+01
 -24.857  0.0000E+00  0.8000E+01
 -24.852  0.0000E+00  0.8000E+01
 -24.847  0.0000E+00  0.8000E+01
 -24.842  0.0000E+00  0.8000E+01
 -24.837  0.0000E+00  0.8000E+01
 -24.832  0.0000E+00  0.8000E+01
 -24.827  0.0000E+00  0.8000E+01
 -24.822  0.0000E+00  0.8000E+01
 -24.817  0.0000E+00  0.8000E+01
 -24.812  0.0000E+00  0.8000E+01
 -24.807  0.0000E+00  0.8000E+01
 -24.802  0.0000E+00  0.8000E+01
 -24.797  0.0000E+00  0.8000E+01
 -24.792  0.0000E+00  0.8000E+01
 -24.787  0.0000E+00  0.8000E+01
 -24.782  0.0000E+00  0.8000E+01
 -24.777  0.0000E+00  0.8000E+01
 -24.772  0.0000E+00  0.8000E+01
 -24.767  0.0000E+00  0.8000E+01
 -24.762  0.0000E+00  0.8000E+01
 -24.757  0.0000E+00  0.8000E+01
 -24.752  0.0000E+00  0.8000E+01
 -24.747  0.0000E+00  0.8000E+01
 -24.742  0.0000E+00  0.8000E+01
 -24.737  0.0000E+00  0.8000E+01
 -24.732  0.0000E+00  0.8000E+01
 -24.727  0.0000E+00  0.8000E+01
 -24.722  0.0000E+00  0.8000E+01
 -24.717  0.0000E+00  0.8000E+01
 -24.712  0.0000E+00  0.8000E+01
 -24.707  0.0000E+00  0.8000E+01
 -24.702  0.0000E+00  0.8000E+01
 -24.697  0.0000E+00  0.8000E+01
 -24.692  0.0000E+00  0.8000E+01
 -24.687  0.0000E+00  0.8000E+01
 -24.682  0.0000E+00  0.8000E+01
 -24.677  0.0000E+00  0.8000E+01
 -24.672  0.0000E+00  0.8000E+01
 -24.667  0.0000E+00  0.8000E+01
 -24.662  0.0000E+00  0.8000E+01
 -24.657  0.0000E+00  0.8000E+01
 -24.652  0.0000E+00  0.8000E+01
 -24.647  0.0000E+00  0.8000E+01
 -24.642  0.0000E+00  0.8000E+01
 -24.637  0.0000E+00  0.8000E+01
 -24.632  0.0000E+00  0.8000E+01
 -24.627  0.0000E+00  0.8000E+01
 -24.622  0.0000E+00  0.8000E+01
 -24.617  0.0000E+00  0.8000E+01
 -24.612  0.0000E+00  0.8000E+01
 -24.607  0.0000E+00  0.8000E+01
 -24.602  0.0000E+00  0.8000E+01
 -24.597  0.0000E+00  0.8000E+01
 -24.592  0.0000E+00  0.8000E+01
 -24.587  0.0000E+00  0.8000E+01
 -24.582  0.0000E+00  0.8000E+01
 -24.577  0.0000E+00  0.8000E+01
 -24.572  0.0000E+00  0.8000E+01
 -24.567  0.0000E+00  0.8000E+01
 -24.562  0.0000E+00  0.8000E+01
 -24.557  0.0000E+00  0.8000E+01
 -24.552  0.0000E+00  0.8000E+01
 -24.547  0.0000E+00  0.8000E+01
 -24.542  0.0000E+00  0.8000E+01
 -24.537  0.0000E+00  0.8000E+01
 -24.532  0.0000E+00  0.8000E+01
 -24.527  0.0000E+00  0.8000E+01
 -24.522  0.0000E+00  0.8000E+01
 -24.517  0.0000E+00  0.8000E+01
 -24.512  0.0000E+00  0.8000E+01
 -24.507  0.0000E+00  0.8000E+01
 -24.502  0.0000E+00  0.8000E+01
 -24.497  0.0000E+00  0.8000E+01
 -24.492  0.0000E+00  0.8000E+01
 -24.487  0.0000E+00  0.8000E+01
 -24.482  0.0000E+00  0.8000E+01
 -24.477  0.0000E+00  0.8000E+01
 -24.472  0.0000E+00  0.8000E+01
 -24.467  0.0000E+00  0.8000E+01
 -24.462  0.0000E+00  0.8000E+01
 -24.457  0.0000E+00  0.8000E+01
 -24.452  0.0000E+00  0.8000E+01
 -24.447  0.0000E+00  0.8000E+01
 -24.442  0.0000E+00  0.8000E+01
 -24.437  0.0000E+00  0.8000E+01
 -24.432  0.0000E+00  0.8000E+01
 -24.427  0.0000E+00  0.8000E+01
 -24.422  0.0000E+00  0.8000E+01
 -24.417  0.0000E+00  0.8000E+01
 -24.412  0.0000E+00  0.8000E+01
 -24.407  0.0000E+00  0.8000E+01
 -24.402  0.0000E+00  0.8000E+01
 -24.397  0.0000E+00  0.8000E+01
 -24.392  0.0000E+00  0.8000E+01
 -24.387  0.0000E+00  0.8000E+01
 -24.382  0.0000E+00  0.8000E+01
 -24.377  0.0000E+00  0.8000E+01
 -24.372  0.0000E+00  0.8000E+01
 -24.367  0.0000E+00  0.8000E+01
 -24.362  0.0000E+00  0.8000E+01
 -24.357  0.0000E+00  0.8000E+01
 -24.352  0.0000E+00  0.8000E+01
 -24.347  0.0000E+00  0.8000E+01
 -24.342  0.0000E+00  0.8000E+01
 -24.337  0.0000E+00  0.8000E+01
 -24.332  0.0000E+00  0.8000E+01
 -24.327  0.0000E+00  0.8000E+01
 -24.322  0.0000E+00  0.8000E+01
 -24.317  0.0000E+00  0.8000E+01
 -24.312  0.0000E+00  0.8000E+01
 -24.307  0.0000E+00  0.8000E+01
 -24.302  0.0000E+00  0.8000E+01
 -24.297  0.0000E+00  0.8000E+01
 -24.292  0.0000E+00  0.8000E+01
 -24.287  0.0000E+00  0.8000E+01
 -24.282  0.0000E+00  0.8000E+01
 -24.277  0.0000E+00  0.8000E+01
 -24.272  0.0000E+00  0.8000E+01
 -24.267  0.0000E+00  0.8000E+01
 -24.262  0.0000E+00  0.8000E+01
 -24.257  0.0000E+00  0.8000E+01
 -24.252  0.0000E+00  0.8000E+01
 -24.247  0.0000E+00  0.8000E+01
 -24.242  0.0000E+00  0.8000E+01
 -24.237  0.0000E+00  0.8000E+01
 -24.232  0.0000E+00  0.8000E+01
 -24.227  0.0000E+00  0.8000E+01
 -24.222  0.0000E+00  0.8000E+01
 -24.217  0.0000E+00  0.8000E+01
 -24.212  0.0000E+00  0.8000E+01
 -24.207  0.0000E+00  0.8000E+01
 -24.202  0.0000E+00  0.8000E+01
 -24.197  0.0000E+00  0.8000E+01
 -24.192  0.0000E+00  0.8000E+01
 -24.187  0.0000E+00  0.8000E+01
 -24.182  0.0000E+00  0.8000E+01
 -24.177  0.0000E+00  0.8000E+01
 -24.172  0.0000E+00  0.8000E+01
 -24.167  0.0000E+00  0.8000E+01
 -24.162  0.0000E+00  0.8000E+01
 -24.157  0.0000E+00  0.8000E+01
 -24.152  0.0000E+00  0.8000E+01
 -24.147  0.0000E+00  0.8000E+01
 -24.142  0.0000E+00  0.8000E+01
 -24.137  0.0000E+00  0.8000E+01
 -24.132  0.0000E+00  0.8000E+01
 -24.127  0.0000E+00  0.8000E+01
 -24.122  0.0000E+00  0.8000E+01
 -24.117  0.0000E+00  0.8000E+01
 -24.112  0.0000E+00  0.8000E+01
 -24.107  0.0000E+00  0.8000E+01
 -24.102  0.0000E+00  0.8000E+01
 -24.097  0.0000E+00  0.8000E+01
 -24.092  0.0000E+00  0.8000E+01
 -24.087  0.0000E+00  0.8000E+01
 -24.082  0.0000E+00  0.8000E+01
 -24.077  0.0000E+00  0.8000E+01
 -24.072  0.0000E+00  0.8000E+01
 -24.067  0.0000E+00  0.8000E+01
 -24.062  0.0000E+00  0.8000E+01
 -24.057  0.0000E+00  0.8000E+01
 -24.052  0.0000E+00  0.8000E+01
 -24.047  0.0000E+00  0.8000E+01
 -24.042  0.0000E+00  0.8000E+01
 -24.037  0.0000E+00  0.8000E+01
 -24.032  0.0000E+00  0.8000E+01
 -24.027  0.0000E+00  0.8000E+01
 -24.022  0.0000E+00  0.8000E+01
 -24.017  0.0000E+00  0.8000E+01
 -24.012  0.0000E+00  0.8000E+01
 -24.007  0.0000E+00  0.8000E+01
 -24.002  0.0000E+00  0.8000E+01
 -23.997  0.0000E+00  0.8000E+01
 -23.992  0.0000E+00  0.8000E+01
 -23.987  0.0000E+00  0.8000E+01
 -23.982  0.0000E+00  0.8000E+01
 -23.977  0.0000E+00  0.8000E+01
 -23.972  0.0000E+00  0.8000E+01
 -23.967  0.0000E+00  0.8000E+01
 -23.962  0.0000E+00  0.8000E+01
 -23.957  0.0000E+00  0.8000E+01
 -23.952  0.0000E+00  0.8000E+01
 -23.947  0.0000E+00  0.8000E+01
 -23.942  0.0000E+00  0.8000E+01
 -23.937  0.0000E+00  0.8000E+01
 -23.932  0.0000E+00  0.8000E+01
 -23.927  0.0000E+00  0.8000E+01
 -23.922  0.0000E+00  0.8000E+01
 -23.917  0.0000E+00  0.8000E+01
 -23.912  0.0000E+00  0.8000E+01
 -23.907  0.0000E+00  0.8000E+01
 -23.902  0.0000E+00  0.8000E+01
 -23.897  0.0000E+00  0.8000E+01
 -23.892  0.0000E+00  0.8000E+01
 -23.887  0.0000E+00  0.8000E+01
 -23.882  0.0000E+00  0.8000E+01
 -23.877  0.0000E+00  0.8000E+01
 -23.872  0.0000E+00  0.8000E+01
 -23.867  0.0000E+00  0.8000E+01
 -23.862  0.0000E+00  0.8000E+01
 -23.857  0.0000E+00  0.8000E+01
 -23.852  0.0000E+00  0.8000E+01
 -23.847  0.0000E+00  0.8000E+01
 -23.842  0.0000E+00  0.8000E+01
 -23.837  0.0000E+00  0.8000E+01
 -23.832  0.0000E+00  0.8000E+01
 -23.827  0.0000E+00  0.8000E+01
 -23.822  0.0000E+00  0.8000E+01
 -23.817  0.0000E+00  0.8000E+01
 -23.812  0.0000E+00  0.8000E+01
 -23.807  0.0000E+00  0.8000E+01
 -23.802  0.0000E+00  0.8000E+01
 -23.797  0.0000E+00  0.8000E+01
 -23.792  0.0000E+00  0.8000E+01
 -23.787  0.0000E+00  0.8000E+01
 -23.782  0.0000E+00  0.8000E+01
 -23.777  0.0000E+00  0.8000E+01
 -23.772  0.0000E+00  0.8000E+01
 -23.767  0.0000E+00  0.8000E+01
 -23.762  0.0000E+00  0.8000E+01
 -23.757  0.0000E+00  0.8000E+01
 -23.752  0.0000E+00  0.8000E+01
 -23.747  0.0000E+00  0.8000E+01
 -23.742  0.0000E+00  0.8000E+01
 -23.737  0.0000E+00  0.8000E+01
 -23.732  0.0000E+00  0.8000E+01
 -23.727  0.0000E+00  0.8000E+01
 -23.722  0.0000E+00  0.8000E+01
 -23.717  0.0000E+00  0.8000E+01
 -23.712  0.0000E+00  0.8000E+01
 -23.707  0.0000E+00  0.8000E+01
 -23.702  0.0000E+00  0.8000E+01
 -23.697  0.0000E+00  0.8000E+01
 -23.692  0.0000E+00  0.8000E+01
 -23.687  0.0000E+00  0.8000E+01
 -23.682  0.0000E+00  0.8000E+01
 -23.677  0.0000E+00  0.8000E+01
 -23.672  0.0000E+00  0.8000E+01
 -23.667  0.0000E+00  0.8000E+01
 -23.662  0.0000E+00  0.8000E+01
 -23.657  0.0000E+00  0.8000E+01
 -23.652  0.0000E+00  0.8000E+01
 -23.647  0.0000E+00  0.8000E+01
 -23.642  0.0000E+00  0.8000E+01
 -23.637  0.0000E+00  0.8000E+01
 -23.632  0.0000E+00  0.8000E+01
 -23.627  0.0000E+00  0.8000E+01
 -23.622  0.0000E+00  0.8000E+01
 -23.617  0.0000E+00  0.8000E+01
 -23.612  0.0000E+00  0.8000E+01
 -23.607  0.0000E+00  0.8000E+01
 -23.602  0.0000E+00  0.8000E+01
 -23.597  0.0000E+00  0.8000E+01
 -23.592  0.0000E+00  0.8000E+01
 -23.587  0.0000E+00  0.8000E+01
 -23.582  0.0000E+00  0.8000E+01
 -23.577  0.0000E+00  0.8000E+01
 -23.572  0.0000E+00  0.8000E+01
 -23.567  0.0000E+00  0.8000E+01
 -23.562  0.0000E+00  0.8000E+01
 -23.557  0.0000E+00  0.8000E+01
 -23.552  0.0000E+00  0.8000E+01
 -23.547  0.0000E+00  0.8000E+01
 -23.542  0.0000E+00  0.8000E+01
 -23.537  0.0000E+00  0.8000E+01
 -23.532  0.0000E+00  0.8000E+01
 -23.527  0.0000E+00  0.8000E+01
 -23.522  0.0000E+00  0.8000E+01
 -23.517  0.0000E+00  0.8000E+01
 -23.512  0.0000E+00  0.8000E+01
 -23.507  0.0000E+00  0.8000E+01
 -23.502  0.0000E+00  0.8000E+01
 -23.497  0.0000E+00  0.8000E+01
 -23.492  0.0000E+00  0.8000E+01
 -23.487  0.0000E+00  0.8000E+01
 -23.482  0.0000E+00  0.8000E+01
 -23.477  0.0000E+00  0.8000E+01
 -23.472  0.0000E+00  0.8000E+01
 -23.467  0.0000E+00  0.8000E+01
 -23.462  0.0000E+00  0.8000E+01
 -23.457  0.0000E+00  0.8000E+01
 -23.452  0.0000E+00  0.8000E+01
 -23.447  0.0000E+00  0.8000E+01
 -23.442  0.0000E+00  0.8000E+01
 -23.437  0.0000E+00  0.8000E+01
 -23.432  0.0000E+00  0.8000E+01
 -23.427  0.0000E+00  0.8000E+01
 -23.422  0.0000E+00  0.8000E+01
 -23.417  0.0000E+00  0.8000E+01
 -23.412  0.0000E+00  0.8000E+01
 -23.407  0.0000E+00  0.8000E+01
 -23.402  0.0000E+00  0.8000E+01
 -23.397  0.0000E+00  0.8000E+01
 -23.392  0.0000E+00  0.8000E+01
 -23.387  0.0000E+00  0.8000E+01
 -23.382  0.0000E+00  0.8000E+01
 -23.377  0.0000E+00  0.8000E+01
 -23.372  0.0000E+00  0.8000E+01
 -23.367  0.0000E+00  0.8000E+01
 -23.362  0.0000E+00  0.8000E+01
 -23.357  0.0000E+00  0.8000E+01
 -23.352  0.0000E+00  0.8000E+01
 -23.347  0.0000E+00  0.8000E+01
 -23.342  0.0000E+00  0.8000E+01
 -23.337  0.0000E+00  0.8000E+01
 -23.332  0.0000E+00  0.8000E+01
 -23.327  0.0000E+00  0.8000E+01
 -23.322  0.0000E+00  0.8000E+01
 -23.317  0.0000E+00  0.8000E+01
 -23.312  0.0000E+00  0.8000E+01
 -23.307  0.0000E+00  0.8000E+01
 -23.302  0.0000E+00  0.8000E+01
 -23.297  0.0000E+00  0.8000E+01
 -23.292  0.0000E+00  0.8000E+01
 -23.287  0.0000E+00  0.8000E+01
 -23.282  0.0000E+00  0.8000E+01
 -23.277  0.0000E+00  0.8000E+01
 -23.272  0.0000E+00  0.8000E+01
 -23.267  0.0000E+00  0.8000E+01
 -23.262  0.0000E+00  0.8000E+01
 -23.257  0.0000E+00  0.8000E+01
 -23.252  0.0000E+00  0.8000E+01
 -23.247  0.0000E+00  0.8000E+01
 -23.242  0.0000E+00  0.8000E+01
 -23.237  0.0000E+00  0.8000E+01
 -23.232  0.0000E+00  0.8000E+01
 -23.227  0.0000E+00  0.8000E+01
 -23.222  0.0000E+00  0.8000E+01
 -23.217  0.0000E+00  0.8000E+01
 -23.212  0.0000E+00  0.8000E+01
 -23.207  0.0000E+00  0.8000E+01
 -23.202  0.0000E+00  0.8000E+01
 -23.197  0.0000E+00  0.8000E+01
 -23.192  0.0000E+00  0.8000E+01
 -23.187  0.0000E+00  0.8000E+01
 -23.182  0.0000E+00  0.8000E+01
 -23.177  0.0000E+00  0.8000E+01
 -23.172  0.0000E+00  0.8000E+01
 -23.167  0.0000E+00  0.8000E+01
 -23.162  0.0000E+00  0.8000E+01
 -23.157  0.0000E+00  0.8000E+01
 -23.152  0.0000E+00  0.8000E+01
 -23.147  0.0000E+00  0.8000E+01
 -23.142  0.0000E+00  0.8000E+01
 -23.137  0.0000E+00  0.8000E+01
 -23.132  0.0000E+00  0.8000E+01
 -23.127  0.0000E+00  0.8000E+01
 -23.122  0.0000E+00  0.8000E+01
 -23.117  0.0000E+00  0.8000E+01
 -23.112  0.0000E+00  0.8000E+01
 -23.107  0.0000E+00  0.8000E+01
 -23.102  0.0000E+00  0.8000E+01
 -23.097  0.0000E+00  0.8000E+01
 -23.092  0.0000E+00  0.8000E+01
 -23.087  0.0000E+00  0.8000E+01
 -23.082  0.0000E+00  0.8000E+01
 -23.077  0.0000E+00  0.8000E+01
 -23.072  0.0000E+00  0.8000E+01
 -23.067  0.0000E+00  0.8000E+01
 -23.062  0.0000E+00  0.8000E+01
 -23.057  0.0000E+00  0.8000E+01
 -23.052  0.0000E+00  0.8000E+01
 -23.047  0.0000E+00  0.8000E+01
 -23.042  0.0000E+00  0.8000E+01
 -23.037  0.0000E+00  0.8000E+01
 -23.032  0.0000E+00  0.8000E+01
 -23.027  0.0000E+00  0.8000E+01
 -23.022  0.0000E+00  0.8000E+01
 -23.017  0.0000E+00  0.8000E+01
 -23.012  0.0000E+00  0.8000E+01
 -23.007  0.0000E+00  0.8000E+01
 -23.002  0.0000E+00  0.8000E+01
 -22.997  0.0000E+00  0.8000E+01
 -22.992  0.0000E+00  0.8000E+01
 -22.987  0.0000E+00  0.8000E+01
 -22.982  0.0000E+00  0.8000E+01
 -22.977  0.0000E+00  0.8000E+01
 -22.972  0.0000E+00  0.8000E+01
 -22.967  0.0000E+00  0.8000E+01
 -22.962  0.0000E+00  0.8000E+01
 -22.957  0.0000E+00  0.8000E+01
 -22.952  0.0000E+00  0.8000E+01
 -22.947  0.0000E+00  0.8000E+01
 -22.942  0.0000E+00  0.8000E+01
 -22.937  0.0000E+00  0.8000E+01
 -22.932  0.0000E+00  0.8000E+01
 -22.927  0.0000E+00  0.8000E+01
 -22.922  0.0000E+00  0.8000E+01
 -22.917  0.0000E+00  0.8000E+01
 -22.912  0.0000E+00  0.8000E+01
 -22.907  0.0000E+00  0.8000E+01
 -22.902  0.0000E+00  0.8000E+01
 -22.897  0.0000E+00  0.8000E+01
 -22.892  0.0000E+00  0.8000E+01
 -22.887  0.0000E+00  0.8000E+01
 -22.882  0.0000E+00  0.8000E+01
 -22.877  0.0000E+00  0.8000E+01
 -22.872  0.0000E+00  0.8000E+01
 -22.867  0.0000E+00  0.8000E+01
 -22.862  0.0000E+00  0.8000E+01
 -22.857  0.0000E+00  0.8000E+01
 -22.852  0.0000E+00  0.8000E+01
 -22.847  0.0000E+00  0.8000E+01
 -22.842  0.0000E+00  0.8000E+01
 -22.837  0.0000E+00  0.8000E+01
 -22.832  0.0000E+00  0.8000E+01
 -22.827  0.0000E+00  0.8000E+01
 -22.822  0.0000E+00  0.8000E+01
 -22.817  0.0000E+00  0.8000E+01
 -22.812  0.0000E+00  0.8000E+01
 -22.807  0.0000E+00  0.8000E+01
 -22.802  0.0000E+00  0.8000E+01
 -22.797  0.0000E+00  0.8000E+01
 -22.792  0.0000E+00  0.8000E+01
 -22.787  0.0000E+00  0.8000E+01
 -22.782  0.0000E+00  0.8000E+01
 -22.777  0.0000E+00  0.8000E+01
 -22.772  0.0000E+00  0.8000E+01
 -22.767  0.0000E+00  0.8000E+01
 -22.762  0.0000E+00  0.8000E+01
 -22.757  0.0000E+00  0.8000E+01
 -22.752  0.0000E+00  0.8000E+01
 -22.747  0.0000E+00  0.8000E+01
 -22.742  0.0000E+00  0.8000E+01
 -22.737  0.0000E+00  0.8000E+01
 -22.732  0.0000E+00  0.8000E+01
 -22.727  0.0000E+00  0.8000E+01
 -22.722  0.0000E+00  0.8000E+01
 -22.717  0.0000E+00  0.8000E+01
 -22.712  0.0000E+00  0.8000E+01
 -22.707  0.0000E+00  0.8000E+01
 -22.702  0.0000E+00  0.8000E+01
 -22.697  0.0000E+00  0.8000E+01
 -22.692  0.0000E+00  0.8000E+01
 -22.687  0.0000E+00  0.8000E+01
 -22.682  0.0000E+00  0.8000E+01
 -22.677  0.0000E+00  0.8000E+01
 -22.672  0.0000E+00  0.8000E+01
 -22.667  0.0000E+00  0.8000E+01
 -22.662  0.0000E+00  0.8000E+01
 -22.657  0.0000E+00  0.8000E+01
 -22.652  0.0000E+00  0.8000E+01
 -22.647  0.0000E+00  0.8000E+01
 -22.642  0.0000E+00  0.8000E+01
 -22.637  0.0000E+00  0.8000E+01
 -22.632  0.0000E+00  0.8000E+01
 -22.627  0.0000E+00  0.8000E+01
 -22.622  0.0000E+00  0.8000E+01
 -22.617  0.0000E+00  0.8000E+01
 -22.612  0.0000E+00  0.8000E+01
 -22.607  0.0000E+00  0.8000E+01
 -22.602  0.0000E+00  0.8000E+01
 -22.597  0.0000E+00  0.8000E+01
 -22.592  0.0000E+00  0.8000E+01
 -22.587  0.0000E+00  0.8000E+01
 -22.582  0.0000E+00  0.8000E+01
 -22.577  0.0000E+00  0.8000E+01
 -22.572  0.0000E+00  0.8000E+01
 -22.567  0.0000E+00  0.8000E+01
 -22.562  0.0000E+00  0.8000E+01
 -22.557  0.0000E+00  0.8000E+01
 -22.552  0.0000E+00  0.8000E+01
 -22.547  0.0000E+00  0.8000E+01
 -22.542  0.0000E+00  0.8000E+01
 -22.537  0.0000E+00  0.8000E+01
 -22.532  0.0000E+00  0.8000E+01
 -22.527  0.0000E+00  0.8000E+01
 -22.522  0.0000E+00  0.8000E+01
 -22.517  0.0000E+00  0.8000E+01
 -22.512  0.0000E+00  0.8000E+01
 -22.507  0.0000E+00  0.8000E+01
 -22.502  0.0000E+00  0.8000E+01
 -22.497  0.0000E+00  0.8000E+01
 -22.492  0.0000E+00  0.8000E+01
 -22.487  0.0000E+00  0.8000E+01
 -22.482  0.0000E+00  0.8000E+01
 -22.477  0.0000E+00  0.8000E+01
 -22.472  0.0000E+00  0.8000E+01
 -22.467  0.0000E+00  0.8000E+01
 -22.462  0.0000E+00  0.8000E+01
 -22.457  0.0000E+00  0.8000E+01
 -22.452  0.0000E+00  0.8000E+01
 -22.447  0.0000E+00  0.8000E+01
 -22.442  0.0000E+00  0.8000E+01
 -22.437  0.0000E+00  0.8000E+01
 -22.432  0.0000E+00  0.8000E+01
 -22.427  0.0000E+00  0.8000E+01
 -22.422  0.0000E+00  0.8000E+01
 -22.417  0.0000E+00  0.8000E+01
 -22.412  0.0000E+00  0.8000E+01
 -22.407  0.0000E+00  0.8000E+01
 -22.402  0.0000E+00  0.8000E+01
 -22.397  0.0000E+00  0.8000E+01
 -22.392  0.0000E+00  0.8000E+01
 -22.387  0.0000E+00  0.8000E+01
 -22.382  0.0000E+00  0.8000E+01
 -22.377  0.0000E+00  0.8000E+01
 -22.372  0.0000E+00  0.8000E+01
 -22.367  0.0000E+00  0.8000E+01
 -22.362  0.0000E+00  0.8000E+01
 -22.357  0.0000E+00  0.8000E+01
 -22.352  0.0000E+00  0.8000E+01
 -22.347  0.0000E+00  0.8000E+01
 -22.342  0.0000E+00  0.8000E+01
 -22.337  0.0000E+00  0.8000E+01
 -22.332  0.0000E+00  0.8000E+01
 -22.327  0.0000E+00  0.8000E+01
 -22.322  0.0000E+00  0.8000E+01
 -22.317  0.0000E+00  0.8000E+01
 -22.312  0.0000E+00  0.8000E+01
 -22.307  0.0000E+00  0.8000E+01
 -22.302  0.0000E+00  0.8000E+01
 -22.297  0.0000E+00  0.8000E+01
 -22.292  0.0000E+00  0.8000E+01
 -22.287  0.0000E+00  0.8000E+01
 -22.282  0.0000E+00  0.8000E+01
 -22.277  0.0000E+00  0.8000E+01
 -22.272  0.0000E+00  0.8000E+01
 -22.267  0.0000E+00  0.8000E+01
 -22.262  0.0000E+00  0.8000E+01
 -22.257  0.0000E+00  0.8000E+01
 -22.252  0.0000E+00  0.8000E+01
 -22.247  0.0000E+00  0.8000E+01
 -22.242  0.0000E+00  0.8000E+01
 -22.237  0.0000E+00  0.8000E+01
 -22.232  0.0000E+00  0.8000E+01
 -22.227  0.0000E+00  0.8000E+01
 -22.222  0.0000E+00  0.8000E+01
 -22.217  0.0000E+00  0.8000E+01
 -22.212  0.0000E+00  0.8000E+01
 -22.207  0.0000E+00  0.8000E+01
 -22.202  0.0000E+00  0.8000E+01
 -22.197  0.0000E+00  0.8000E+01
 -22.192  0.0000E+00  0.8000E+01
 -22.187  0.0000E+00  0.8000E+01
 -22.182  0.0000E+00  0.8000E+01
 -22.177  0.0000E+00  0.8000E+01
 -22.172  0.0000E+00  0.8000E+01
 -22.167  0.0000E+00  0.8000E+01
 -22.162  0.0000E+00  0.8000E+01
 -22.157  0.0000E+00  0.8000E+01
 -22.152  0.0000E+00  0.8000E+01
 -22.147  0.0000E+00  0.8000E+01
 -22.142  0.0000E+00  0.8000E+01
 -22.137  0.0000E+00  0.8000E+01
 -22.132  0.0000E+00  0.8000E+01
 -22.127  0.0000E+00  0.8000E+01
 -22.122  0.0000E+00  0.8000E+01
 -22.117  0.0000E+00  0.8000E+01
 -22.112  0.0000E+00  0.8000E+01
 -22.107  0.0000E+00  0.8000E+01
 -22.102  0.0000E+00  0.8000E+01
 -22.097  0.0000E+00  0.8000E+01
 -22.092  0.0000E+00  0.8000E+01
 -22.087  0.0000E+00  0.8000E+01
 -22.082  0.0000E+00  0.8000E+01
 -22.077  0.0000E+00  0.8000E+01
 -22.072  0.0000E+00  0.8000E+01
 -22.067  0.0000E+00  0.8000E+01
 -22.062  0.0000E+00  0.8000E+01
 -22.057  0.0000E+00  0.8000E+01
 -22.052  0.0000E+00  0.8000E+01
 -22.047  0.0000E+00  0.8000E+01
 -22.042  0.0000E+00  0.8000E+01
 -22.037  0.0000E+00  0.8000E+01
 -22.032  0.0000E+00  0.8000E+01
 -22.027  0.0000E+00  0.8000E+01
 -22.022  0.0000E+00  0.8000E+01
 -22.017  0.0000E+00  0.8000E+01
 -22.012  0.0000E+00  0.8000E+01
 -22.007  0.0000E+00  0.8000E+01
 -22.002  0.0000E+00  0.8000E+01
 -21.997  0.0000E+00  0.8000E+01
 -21.992  0.0000E+00  0.8000E+01
 -21.987  0.0000E+00  0.8000E+01
 -21.982  0.0000E+00  0.8000E+01
 -21.977  0.0000E+00  0.8000E+01
 -21.972  0.0000E+00  0.8000E+01
 -21.967  0.0000E+00  0.8000E+01
 -21.962  0.0000E+00  0.8000E+01
 -21.957  0.0000E+00  0.8000E+01
 -21.952  0.0000E+00  0.8000E+01
 -21.947  0.0000E+00  0.8000E+01
 -21.942  0.0000E+00  0.8000E+01
 -21.937  0.0000E+00  0.8000E+01
 -21.932  0.0000E+00  0.8000E+01
 -21.927  0.0000E+00  0.8000E+01
 -21.922  0.0000E+00  0.8000E+01
 -21.917  0.0000E+00  0.8000E+01
 -21.912  0.0000E+00  0.8000E+01
 -21.907  0.0000E+00  0.8000E+01
 -21.902  0.0000E+00  0.8000E+01
 -21.897  0.0000E+00  0.8000E+01
 -21.892  0.0000E+00  0.8000E+01
 -21.887  0.0000E+00  0.8000E+01
 -21.882  0.0000E+00  0.8000E+01
 -21.877  0.0000E+00  0.8000E+01
 -21.872  0.0000E+00  0.8000E+01
 -21.867  0.0000E+00  0.8000E+01
 -21.862  0.0000E+00  0.8000E+01
 -21.857  0.0000E+00  0.8000E+01
 -21.852  0.0000E+00  0.8000E+01
 -21.847  0.0000E+00  0.8000E+01
 -21.842  0.0000E+00  0.8000E+01
 -21.837  0.0000E+00  0.8000E+01
 -21.832  0.0000E+00  0.8000E+01
 -21.827  0.0000E+00  0.8000E+01
 -21.822  0.0000E+00  0.8000E+01
 -21.817  0.0000E+00  0.8000E+01
 -21.812  0.0000E+00  0.8000E+01
 -21.807  0.0000E+00  0.8000E+01
 -21.802  0.0000E+00  0.8000E+01
 -21.797  0.0000E+00  0.8000E+01
 -21.792  0.0000E+00  0.8000E+01
 -21.787  0.0000E+00  0.8000E+01
 -21.782  0.0000E+00  0.8000E+01
 -21.777  0.0000E+00  0.8000E+01
 -21.772  0.0000E+00  0.8000E+01
 -21.767  0.0000E+00  0.8000E+01
 -21.762  0.0000E+00  0.8000E+01
 -21.757  0.0000E+00  0.8000E+01
 -21.752  0.0000E+00  0.8000E+01
 -21.747  0.0000E+00  0.8000E+01
 -21.742  0.0000E+00  0.8000E+01
 -21.737  0.0000E+00  0.8000E+01
 -21.732  0.0000E+00  0.8000E+01
 -21.727  0.0000E+00  0.8000E+01
 -21.722  0.0000E+00  0.8000E+01
 -21.717  0.0000E+00  0.8000E+01
 -21.712  0.0000E+00  0.8000E+01
 -21.707  0.0000E+00  0.8000E+01
 -21.702  0.0000E+00  0.8000E+01
 -21.697  0.0000E+00  0.8000E+01
 -21.692  0.0000E+00  0.8000E+01
 -21.687  0.0000E+00  0.8000E+01
 -21.682  0.0000E+00  0.8000E+01
 -21.677  0.0000E+00  0.8000E+01
 -21.672  0.0000E+00  0.8000E+01
 -21.667  0.0000E+00  0.8000E+01
 -21.662  0.0000E+00  0.8000E+01
 -21.657  0.0000E+00  0.8000E+01
 -21.652  0.0000E+00  0.8000E+01
 -21.647  0.0000E+00  0.8000E+01
 -21.642  0.0000E+00  0.8000E+01
 -21.637  0.0000E+00  0.8000E+01
 -21.632  0.0000E+00  0.8000E+01
 -21.627  0.0000E+00  0.8000E+01
 -21.622  0.0000E+00  0.8000E+01
 -21.617  0.0000E+00  0.8000E+01
 -21.612  0.0000E+00  0.8000E+01
 -21.607  0.0000E+00  0.8000E+01
 -21.602  0.0000E+00  0.8000E+01
 -21.597  0.0000E+00  0.8000E+01
 -21.592  0.0000E+00  0.8000E+01
 -21.587  0.0000E+00  0.8000E+01
 -21.582  0.0000E+00  0.8000E+01
 -21.577  0.0000E+00  0.8000E+01
 -21.572  0.0000E+00  0.8000E+01
 -21.567  0.0000E+00  0.8000E+01
 -21.562  0.0000E+00  0.8000E+01
 -21.557  0.0000E+00  0.8000E+01
 -21.552  0.0000E+00  0.8000E+01
 -21.547  0.0000E+00  0.8000E+01
 -21.542  0.0000E+00  0.8000E+01
 -21.537  0.0000E+00  0.8000E+01
 -21.532  0.0000E+00  0.8000E+01
 -21.527  0.0000E+00  0.8000E+01
 -21.522  0.0000E+00  0.8000E+01
 -21.517  0.0000E+00  0.8000E+01
 -21.512  0.0000E+00  0.8000E+01
 -21.507  0.0000E+00  0.8000E+01
 -21.502  0.0000E+00  0.8000E+01
 -21.497  0.0000E+00  0.8000E+01
 -21.492  0.0000E+00  0.8000E+01
 -21.487  0.0000E+00  0.8000E+01
 -21.482  0.0000E+00  0.8000E+01
 -21.477  0.0000E+00  0.8000E+01
 -21.472  0.0000E+00  0.8000E+01
 -21.467  0.0000E+00  0.8000E+01
 -21.462  0.0000E+00  0.8000E+01
 -21.457  0.0000E+00  0.8000E+01
 -21.452  0.0000E+00  0.8000E+01
 -21.447  0.0000E+00  0.8000E+01
 -21.442  0.0000E+00  0.8000E+01
 -21.437  0.0000E+00  0.8000E+01
 -21.432  0.0000E+00  0.8000E+01
 -21.427  0.0000E+00  0.8000E+01
 -21.422  0.0000E+00  0.8000E+01
 -21.417  0.0000E+00  0.8000E+01
 -21.412  0.0000E+00  0.8000E+01
 -21.407  0.0000E+00  0.8000E+01
 -21.402  0.0000E+00  0.8000E+01
 -21.397  0.0000E+00  0.8000E+01
 -21.392  0.0000E+00  0.8000E+01
 -21.387  0.0000E+00  0.8000E+01
 -21.382  0.0000E+00  0.8000E+01
 -21.377  0.0000E+00  0.8000E+01
 -21.372  0.0000E+00  0.8000E+01
 -21.367  0.0000E+00  0.8000E+01
 -21.362  0.0000E+00  0.8000E+01
 -21.357  0.0000E+00  0.8000E+01
 -21.352  0.0000E+00  0.8000E+01
 -21.347  0.0000E+00  0.8000E+01
 -21.342  0.0000E+00  0.8000E+01
 -21.337  0.0000E+00  0.8000E+01
 -21.332  0.0000E+00  0.8000E+01
 -21.327  0.0000E+00  0.8000E+01
 -21.322  0.0000E+00  0.8000E+01
 -21.317  0.0000E+00  0.8000E+01
 -21.312  0.0000E+00  0.8000E+01
 -21.307  0.0000E+00  0.8000E+01
 -21.302  0.0000E+00  0.8000E+01
 -21.297  0.0000E+00  0.8000E+01
 -21.292  0.0000E+00  0.8000E+01
 -21.287  0.0000E+00  0.8000E+01
 -21.282  0.0000E+00  0.8000E+01
 -21.277  0.0000E+00  0.8000E+01
 -21.272  0.0000E+00  0.8000E+01
 -21.267  0.0000E+00  0.8000E+01
 -21.262  0.0000E+00  0.8000E+01
 -21.257  0.0000E+00  0.8000E+01
 -21.252  0.0000E+00  0.8000E+01
 -21.247  0.0000E+00  0.8000E+01
 -21.242  0.0000E+00  0.8000E+01
 -21.237  0.0000E+00  0.8000E+01
 -21.232  0.0000E+00  0.8000E+01
 -21.227  0.0000E+00  0.8000E+01
 -21.222  0.0000E+00  0.8000E+01
 -21.217  0.0000E+00  0.8000E+01
 -21.212  0.0000E+00  0.8000E+01
 -21.207  0.0000E+00  0.8000E+01
 -21.202  0.0000E+00  0.8000E+01
 -21.197  0.0000E+00  0.8000E+01
 -21.192  0.0000E+00  0.8000E+01
 -21.187  0.0000E+00  0.8000E+01
 -21.182  0.0000E+00  0.8000E+01
 -21.177  0.0000E+00  0.8000E+01
 -21.172  0.0000E+00  0.8000E+01
 -21.167  0.0000E+00  0.8000E+01
 -21.162  0.0000E+00  0.8000E+01
 -21.157  0.0000E+00  0.8000E+01
 -21.152  0.0000E+00  0.8000E+01
 -21.147  0.0000E+00  0.8000E+01
 -21.142  0.0000E+00  0.8000E+01
 -21.137  0.0000E+00  0.8000E+01
 -21.132  0.0000E+00  0.8000E+01
 -21.127  0.0000E+00  0.8000E+01
 -21.122  0.0000E+00  0.8000E+01
 -21.117  0.0000E+00  0.8000E+01
 -21.112  0.0000E+00  0.8000E+01
 -21.107  0.0000E+00  0.8000E+01
 -21.102  0.0000E+00  0.8000E+01
 -21.097  0.0000E+00  0.8000E+01
 -21.092  0.0000E+00  0.8000E+01
 -21.087  0.0000E+00  0.8000E+01
 -21.082  0.0000E+00  0.8000E+01
 -21.077  0.0000E+00  0.8000E+01
 -21.072  0.0000E+00  0.8000E+01
 -21.067  0.0000E+00  0.8000E+01
 -21.062  0.0000E+00  0.8000E+01
 -21.057  0.0000E+00  0.8000E+01
 -21.052  0.0000E+00  0.8000E+01
 -21.047  0.0000E+00  0.8000E+01
 -21.042  0.0000E+00  0.8000E+01
 -21.037  0.0000E+00  0.8000E+01
 -21.032  0.0000E+00  0.8000E+01
 -21.027  0.0000E+00  0.8000E+01
 -21.022  0.0000E+00  0.8000E+01
 -21.017  0.0000E+00  0.8000E+01
 -21.012  0.0000E+00  0.8000E+01
 -21.007  0.0000E+00  0.8000E+01
 -21.002  0.0000E+00  0.8000E+01
 -20.997  0.0000E+00  0.8000E+01
 -20.992  0.0000E+00  0.8000E+01
 -20.987  0.0000E+00  0.8000E+01
 -20.982  0.0000E+00  0.8000E+01
 -20.977  0.0000E+00  0.8000E+01
 -20.972  0.0000E+00  0.8000E+01
 -20.967  0.0000E+00  0.8000E+01
 -20.962  0.0000E+00  0.8000E+01
 -20.957  0.0000E+00  0.8000E+01
 -20.952  0.0000E+00  0.8000E+01
 -20.947  0.0000E+00  0.8000E+01
 -20.942  0.0000E+00  0.8000E+01
 -20.937  0.0000E+00  0.8000E+01
 -20.932  0.0000E+00  0.8000E+01
 -20.927  0.0000E+00  0.8000E+01
 -20.922  0.0000E+00  0.8000E+01
 -20.917  0.0000E+00  0.8000E+01
 -20.912  0.0000E+00  0.8000E+01
 -20.907  0.0000E+00  0.8000E+01
 -20.902  0.0000E+00  0.8000E+01
 -20.897  0.0000E+00  0.8000E+01
 -20.892  0.0000E+00  0.8000E+01
 -20.887  0.0000E+00  0.8000E+01
 -20.882  0.0000E+00  0.8000E+01
 -20.877  0.0000E+00  0.8000E+01
 -20.872  0.0000E+00  0.8000E+01
 -20.867  0.0000E+00  0.8000E+01
 -20.862  0.0000E+00  0.8000E+01
 -20.857  0.0000E+00  0.8000E+01
 -20.852  0.0000E+00  0.8000E+01
 -20.847  0.0000E+00  0.8000E+01
 -20.842  0.0000E+00  0.8000E+01
 -20.837  0.0000E+00  0.8000E+01
 -20.832  0.0000E+00  0.8000E+01
 -20.827  0.0000E+00  0.8000E+01
 -20.822  0.0000E+00  0.8000E+01
 -20.817  0.0000E+00  0.8000E+01
 -20.812  0.0000E+00  0.8000E+01
 -20.807  0.0000E+00  0.8000E+01
 -20.802  0.0000E+00  0.8000E+01
 -20.797  0.0000E+00  0.8000E+01
 -20.792  0.0000E+00  0.8000E+01
 -20.787  0.0000E+00  0.8000E+01
 -20.782  0.0000E+00  0.8000E+01
 -20.777  0.0000E+00  0.8000E+01
 -20.772  0.0000E+00  0.8000E+01
 -20.767  0.0000E+00  0.8000E+01
 -20.762  0.0000E+00  0.8000E+01
 -20.757  0.0000E+00  0.8000E+01
 -20.752  0.0000E+00  0.8000E+01
 -20.747  0.0000E+00  0.8000E+01
 -20.742  0.0000E+00  0.8000E+01
 -20.737  0.0000E+00  0.8000E+01
 -20.732  0.0000E+00  0.8000E+01
 -20.727  0.0000E+00  0.8000E+01
 -20.722  0.0000E+00  0.8000E+01
 -20.717  0.0000E+00  0.8000E+01
 -20.712  0.0000E+00  0.8000E+01
 -20.707  0.0000E+00  0.8000E+01
 -20.702  0.0000E+00  0.8000E+01
 -20.697  0.0000E+00  0.8000E+01
 -20.692  0.0000E+00  0.8000E+01
 -20.687  0.0000E+00  0.8000E+01
 -20.682  0.0000E+00  0.8000E+01
 -20.677  0.0000E+00  0.8000E+01
 -20.672  0.0000E+00  0.8000E+01
 -20.667  0.0000E+00  0.8000E+01
 -20.662  0.0000E+00  0.8000E+01
 -20.657  0.0000E+00  0.8000E+01
 -20.652  0.0000E+00  0.8000E+01
 -20.647  0.0000E+00  0.8000E+01
 -20.642  0.0000E+00  0.8000E+01
 -20.637  0.0000E+00  0.8000E+01
 -20.632  0.0000E+00  0.8000E+01
 -20.627  0.0000E+00  0.8000E+01
 -20.622  0.0000E+00  0.8000E+01
 -20.617  0.0000E+00  0.8000E+01
 -20.612  0.0000E+00  0.8000E+01
 -20.607  0.0000E+00  0.8000E+01
 -20.602  0.0000E+00  0.8000E+01
 -20.597  0.0000E+00  0.8000E+01
 -20.592  0.0000E+00  0.8000E+01
 -20.587  0.0000E+00  0.8000E+01
 -20.582  0.0000E+00  0.8000E+01
 -20.577  0.0000E+00  0.8000E+01
 -20.572  0.0000E+00  0.8000E+01
 -20.567  0.0000E+00  0.8000E+01
 -20.562  0.0000E+00  0.8000E+01
 -20.557  0.0000E+00  0.8000E+01
 -20.552  0.0000E+00  0.8000E+01
 -20.547  0.0000E+00  0.8000E+01
 -20.542  0.0000E+00  0.8000E+01
 -20.537  0.0000E+00  0.8000E+01
 -20.532  0.0000E+00  0.8000E+01
 -20.527  0.0000E+00  0.8000E+01
 -20.522  0.0000E+00  0.8000E+01
 -20.517  0.0000E+00  0.8000E+01
 -20.512  0.0000E+00  0.8000E+01
 -20.507  0.0000E+00  0.8000E+01
 -20.502  0.0000E+00  0.8000E+01
 -20.497  0.0000E+00  0.8000E+01
 -20.492  0.0000E+00  0.8000E+01
 -20.487  0.0000E+00  0.8000E+01
 -20.482  0.0000E+00  0.8000E+01
 -20.477  0.0000E+00  0.8000E+01
 -20.472  0.0000E+00  0.8000E+01
 -20.467  0.0000E+00  0.8000E+01
 -20.462  0.0000E+00  0.8000E+01
 -20.457  0.0000E+00  0.8000E+01
 -20.452  0.0000E+00  0.8000E+01
 -20.447  0.0000E+00  0.8000E+01
 -20.442  0.0000E+00  0.8000E+01
 -20.437  0.0000E+00  0.8000E+01
 -20.432  0.0000E+00  0.8000E+01
 -20.427  0.0000E+00  0.8000E+01
 -20.422  0.0000E+00  0.8000E+01
 -20.417  0.0000E+00  0.8000E+01
 -20.412  0.0000E+00  0.8000E+01
 -20.407  0.0000E+00  0.8000E+01
 -20.402  0.0000E+00  0.8000E+01
 -20.397  0.0000E+00  0.8000E+01
 -20.392  0.0000E+00  0.8000E+01
 -20.387  0.0000E+00  0.8000E+01
 -20.382  0.0000E+00  0.8000E+01
 -20.377  0.0000E+00  0.8000E+01
 -20.372  0.0000E+00  0.8000E+01
 -20.367  0.0000E+00  0.8000E+01
 -20.362  0.0000E+00  0.8000E+01
 -20.357  0.0000E+00  0.8000E+01
 -20.352  0.0000E+00  0.8000E+01
 -20.347  0.0000E+00  0.8000E+01
 -20.342  0.0000E+00  0.8000E+01
 -20.337  0.0000E+00  0.8000E+01
 -20.332  0.0000E+00  0.8000E+01
 -20.327  0.0000E+00  0.8000E+01
 -20.322  0.0000E+00  0.8000E+01
 -20.317  0.0000E+00  0.8000E+01
 -20.312  0.0000E+00  0.8000E+01
 -20.307  0.0000E+00  0.8000E+01
 -20.302  0.0000E+00  0.8000E+01
 -20.297  0.0000E+00  0.8000E+01
 -20.292  0.0000E+00  0.8000E+01
 -20.287  0.0000E+00  0.8000E+01
 -20.282  0.0000E+00  0.8000E+01
 -20.277  0.0000E+00  0.8000E+01
 -20.272  0.0000E+00  0.8000E+01
 -20.267  0.0000E+00  0.8000E+01
 -20.262  0.0000E+00  0.8000E+01
 -20.257  0.0000E+00  0.8000E+01
 -20.252  0.0000E+00  0.8000E+01
 -20.247  0.0000E+00  0.8000E+01
 -20.242  0.0000E+00  0.8000E+01
 -20.237  0.0000E+00  0.8000E+01
 -20.232  0.0000E+00  0.8000E+01
 -20.227  0.0000E+00  0.8000E+01
 -20.222  0.0000E+00  0.8000E+01
 -20.217  0.0000E+00  0.8000E+01
 -20.212  0.0000E+00  0.8000E+01
 -20.207  0.0000E+00  0.8000E+01
 -20.202  0.0000E+00  0.8000E+01
 -20.197  0.0000E+00  0.8000E+01
 -20.192  0.0000E+00  0.8000E+01
 -20.187  0.0000E+00  0.8000E+01
 -20.182  0.0000E+00  0.8000E+01
 -20.177  0.0000E+00  0.8000E+01
 -20.172  0.0000E+00  0.8000E+01
 -20.167  0.0000E+00  0.8000E+01
 -20.162  0.0000E+00  0.8000E+01
 -20.157  0.0000E+00  0.8000E+01
 -20.152  0.0000E+00  0.8000E+01
 -20.147  0.0000E+00  0.8000E+01
 -20.142  0.0000E+00  0.8000E+01
 -20.137  0.0000E+00  0.8000E+01
 -20.132  0.0000E+00  0.8000E+01
 -20.127  0.0000E+00  0.8000E+01
 -20.122  0.0000E+00  0.8000E+01
 -20.117  0.0000E+00  0.8000E+01
 -20.112  0.0000E+00  0.8000E+01
 -20.107  0.0000E+00  0.8000E+01
 -20.102  0.0000E+00  0.8000E+01
 -20.097  0.0000E+00  0.8000E+01
 -20.092  0.0000E+00  0.8000E+01
 -20.087  0.0000E+00  0.8000E+01
 -20.082  0.0000E+00  0.8000E+01
 -20.077  0.0000E+00  0.8000E+01
 -20.072  0.0000E+00  0.8000E+01
 -20.067  0.0000E+00  0.8000E+01
 -20.062  0.0000E+00  0.8000E+01
 -20.057  0.0000E+00  0.8000E+01
 -20.052  0.0000E+00  0.8000E+01
 -20.047  0.0000E+00  0.8000E+01
 -20.042  0.0000E+00  0.8000E+01
 -20.037  0.0000E+00  0.8000E+01
 -20.032  0.0000E+00  0.8000E+01
 -20.027  0.0000E+00  0.8000E+01
 -20.022  0.0000E+00  0.8000E+01
 -20.017  0.0000E+00  0.8000E+01
 -20.012  0.0000E+00  0.8000E+01
 -20.007  0.0000E+00  0.8000E+01
 -20.002  0.0000E+00  0.8000E+01
 -19.997  0.0000E+00  0.8000E+01
 -19.992  0.0000E+00  0.8000E+01
 -19.987  0.0000E+00  0.8000E+01
 -19.982  0.0000E+00  0.8000E+01
 -19.977  0.0000E+00  0.8000E+01
 -19.972  0.0000E+00  0.8000E+01
 -19.967  0.0000E+00  0.8000E+01
 -19.962  0.0000E+00  0.8000E+01
 -19.957  0.0000E+00  0.8000E+01
 -19.952  0.0000E+00  0.8000E+01
 -19.947  0.0000E+00  0.8000E+01
 -19.942  0.0000E+00  0.8000E+01
 -19.937  0.0000E+00  0.8000E+01
 -19.932  0.0000E+00  0.8000E+01
 -19.927  0.0000E+00  0.8000E+01
 -19.922  0.0000E+00  0.8000E+01
 -19.917  0.0000E+00  0.8000E+01
 -19.912  0.0000E+00  0.8000E+01
 -19.907  0.0000E+00  0.8000E+01
 -19.902  0.0000E+00  0.8000E+01
 -19.897  0.0000E+00  0.8000E+01
 -19.892  0.0000E+00  0.8000E+01
 -19.887  0.0000E+00  0.8000E+01
 -19.882  0.0000E+00  0.8000E+01
 -19.877  0.0000E+00  0.8000E+01
 -19.872  0.0000E+00  0.8000E+01
 -19.867  0.0000E+00  0.8000E+01
 -19.862  0.0000E+00  0.8000E+01
 -19.857  0.0000E+00  0.8000E+01
 -19.852  0.0000E+00  0.8000E+01
 -19.847  0.0000E+00  0.8000E+01
 -19.842  0.0000E+00  0.8000E+01
 -19.837  0.0000E+00  0.8000E+01
 -19.832  0.0000E+00  0.8000E+01
 -19.827  0.0000E+00  0.8000E+01
 -19.822  0.0000E+00  0.8000E+01
 -19.817  0.0000E+00  0.8000E+01
 -19.812  0.0000E+00  0.8000E+01
 -19.807  0.0000E+00  0.8000E+01
 -19.802  0.0000E+00  0.8000E+01
 -19.797  0.0000E+00  0.8000E+01
 -19.792  0.0000E+00  0.8000E+01
 -19.787  0.0000E+00  0.8000E+01
 -19.782  0.0000E+00  0.8000E+01
 -19.777  0.0000E+00  0.8000E+01
 -19.772  0.0000E+00  0.8000E+01
 -19.767  0.0000E+00  0.8000E+01
 -19.762  0.0000E+00  0.8000E+01
 -19.757  0.0000E+00  0.8000E+01
 -19.752  0.0000E+00  0.8000E+01
 -19.747  0.0000E+00  0.8000E+01
 -19.742  0.0000E+00  0.8000E+01
 -19.737  0.0000E+00  0.8000E+01
 -19.732  0.0000E+00  0.8000E+01
 -19.727  0.0000E+00  0.8000E+01
 -19.722  0.0000E+00  0.8000E+01
 -19.717  0.0000E+00  0.8000E+01
 -19.712  0.0000E+00  0.8000E+01
 -19.707  0.0000E+00  0.8000E+01
 -19.702  0.0000E+00  0.8000E+01
 -19.697  0.0000E+00  0.8000E+01
 -19.692  0.0000E+00  0.8000E+01
 -19.687  0.0000E+00  0.8000E+01
 -19.682  0.0000E+00  0.8000E+01
 -19.677  0.0000E+00  0.8000E+01
 -19.672  0.0000E+00  0.8000E+01
 -19.667  0.0000E+00  0.8000E+01
 -19.662  0.0000E+00  0.8000E+01
 -19.657  0.0000E+00  0.8000E+01
 -19.652  0.0000E+00  0.8000E+01
 -19.647  0.0000E+00  0.8000E+01
 -19.642  0.0000E+00  0.8000E+01
 -19.637  0.0000E+00  0.8000E+01
 -19.632  0.0000E+00  0.8000E+01
 -19.627  0.0000E+00  0.8000E+01
 -19.622  0.0000E+00  0.8000E+01
 -19.617  0.0000E+00  0.8000E+01
 -19.612  0.0000E+00  0.8000E+01
 -19.607  0.0000E+00  0.8000E+01
 -19.602  0.0000E+00  0.8000E+01
 -19.597  0.0000E+00  0.8000E+01
 -19.592  0.0000E+00  0.8000E+01
 -19.587  0.0000E+00  0.8000E+01
 -19.582  0.0000E+00  0.8000E+01
 -19.577  0.0000E+00  0.8000E+01
 -19.572  0.0000E+00  0.8000E+01
 -19.567  0.0000E+00  0.8000E+01
 -19.562  0.0000E+00  0.8000E+01
 -19.557  0.0000E+00  0.8000E+01
 -19.552  0.0000E+00  0.8000E+01
 -19.547  0.0000E+00  0.8000E+01
 -19.542  0.0000E+00  0.8000E+01
 -19.537  0.0000E+00  0.8000E+01
 -19.532  0.0000E+00  0.8000E+01
 -19.527  0.0000E+00  0.8000E+01
 -19.522  0.0000E+00  0.8000E+01
 -19.517  0.0000E+00  0.8000E+01
 -19.512  0.0000E+00  0.8000E+01
 -19.507  0.0000E+00  0.8000E+01
 -19.502  0.0000E+00  0.8000E+01
 -19.497  0.0000E+00  0.8000E+01
 -19.492  0.0000E+00  0.8000E+01
 -19.487  0.0000E+00  0.8000E+01
 -19.482  0.0000E+00  0.8000E+01
 -19.477  0.0000E+00  0.8000E+01
 -19.472  0.0000E+00  0.8000E+01
 -19.467  0.0000E+00  0.8000E+01
 -19.462  0.0000E+00  0.8000E+01
 -19.457  0.0000E+00  0.8000E+01
 -19.452  0.0000E+00  0.8000E+01
 -19.447  0.0000E+00  0.8000E+01
 -19.442  0.0000E+00  0.8000E+01
 -19.437  0.0000E+00  0.8000E+01
 -19.432  0.0000E+00  0.8000E+01
 -19.427  0.0000E+00  0.8000E+01
 -19.422  0.0000E+00  0.8000E+01
 -19.417  0.0000E+00  0.8000E+01
 -19.412  0.0000E+00  0.8000E+01
 -19.407  0.0000E+00  0.8000E+01
 -19.402  0.0000E+00  0.8000E+01
 -19.397  0.0000E+00  0.8000E+01
 -19.392  0.0000E+00  0.8000E+01
 -19.387  0.0000E+00  0.8000E+01
 -19.382  0.0000E+00  0.8000E+01
 -19.377  0.0000E+00  0.8000E+01
 -19.372  0.0000E+00  0.8000E+01
 -19.367  0.0000E+00  0.8000E+01
 -19.362  0.0000E+00  0.8000E+01
 -19.357  0.0000E+00  0.8000E+01
 -19.352  0.0000E+00  0.8000E+01
 -19.347  0.0000E+00  0.8000E+01
 -19.342  0.0000E+00  0.8000E+01
 -19.337  0.0000E+00  0.8000E+01
 -19.332  0.0000E+00  0.8000E+01
 -19.327  0.0000E+00  0.8000E+01
 -19.322  0.0000E+00  0.8000E+01
 -19.317  0.0000E+00  0.8000E+01
 -19.312  0.0000E+00  0.8000E+01
 -19.307  0.0000E+00  0.8000E+01
 -19.302  0.0000E+00  0.8000E+01
 -19.297  0.0000E+00  0.8000E+01
 -19.292  0.0000E+00  0.8000E+01
 -19.287  0.0000E+00  0.8000E+01
 -19.282  0.0000E+00  0.8000E+01
 -19.277  0.0000E+00  0.8000E+01
 -19.272  0.0000E+00  0.8000E+01
 -19.267  0.0000E+00  0.8000E+01
 -19.262  0.0000E+00  0.8000E+01
 -19.257  0.0000E+00  0.8000E+01
 -19.252  0.0000E+00  0.8000E+01
 -19.247  0.0000E+00  0.8000E+01
 -19.242  0.0000E+00  0.8000E+01
 -19.237  0.0000E+00  0.8000E+01
 -19.232  0.0000E+00  0.8000E+01
 -19.227  0.0000E+00  0.8000E+01
 -19.222  0.0000E+00  0.8000E+01
 -19.217  0.0000E+00  0.8000E+01
 -19.212  0.0000E+00  0.8000E+01
 -19.207  0.0000E+00  0.8000E+01
 -19.202  0.0000E+00  0.8000E+01
 -19.197  0.0000E+00  0.8000E+01
 -19.192  0.0000E+00  0.8000E+01
 -19.187  0.0000E+00  0.8000E+01
 -19.182  0.0000E+00  0.8000E+01
 -19.177  0.0000E+00  0.8000E+01
 -19.172  0.0000E+00  0.8000E+01
 -19.167  0.0000E+00  0.8000E+01
 -19.162  0.0000E+00  0.8000E+01
 -19.157  0.0000E+00  0.8000E+01
 -19.152  0.0000E+00  0.8000E+01
 -19.147  0.0000E+00  0.8000E+01
 -19.142  0.0000E+00  0.8000E+01
 -19.137  0.0000E+00  0.8000E+01
 -19.132  0.0000E+00  0.8000E+01
 -19.127  0.0000E+00  0.8000E+01
 -19.122  0.0000E+00  0.8000E+01
 -19.117  0.0000E+00  0.8000E+01
 -19.112  0.0000E+00  0.8000E+01
 -19.107  0.0000E+00  0.8000E+01
 -19.102  0.0000E+00  0.8000E+01
 -19.097  0.0000E+00  0.8000E+01
 -19.092  0.0000E+00  0.8000E+01
 -19.087  0.0000E+00  0.8000E+01
 -19.082  0.0000E+00  0.8000E+01
 -19.077  0.0000E+00  0.8000E+01
 -19.072  0.0000E+00  0.8000E+01
 -19.067  0.0000E+00  0.8000E+01
 -19.062  0.0000E+00  0.8000E+01
 -19.057  0.0000E+00  0.8000E+01
 -19.052  0.0000E+00  0.8000E+01
 -19.047  0.0000E+00  0.8000E+01
 -19.042  0.0000E+00  0.8000E+01
 -19.037  0.0000E+00  0.8000E+01
 -19.032  0.0000E+00  0.8000E+01
 -19.027  0.0000E+00  0.8000E+01
 -19.022  0.0000E+00  0.8000E+01
 -19.017  0.0000E+00  0.8000E+01
 -19.012  0.0000E+00  0.8000E+01
 -19.007  0.0000E+00  0.8000E+01
 -19.002  0.0000E+00  0.8000E+01
 -18.997  0.0000E+00  0.8000E+01
 -18.992  0.0000E+00  0.8000E+01
 -18.987  0.0000E+00  0.8000E+01
 -18.982  0.0000E+00  0.8000E+01
 -18.977  0.0000E+00  0.8000E+01
 -18.972  0.0000E+00  0.8000E+01
 -18.967  0.0000E+00  0.8000E+01
 -18.962  0.0000E+00  0.8000E+01
 -18.957  0.0000E+00  0.8000E+01
 -18.952  0.0000E+00  0.8000E+01
 -18.947  0.0000E+00  0.8000E+01
 -18.942  0.0000E+00  0.8000E+01
 -18.937  0.0000E+00  0.8000E+01
 -18.932  0.0000E+00  0.8000E+01
 -18.927  0.0000E+00  0.8000E+01
 -18.922  0.0000E+00  0.8000E+01
 -18.917  0.0000E+00  0.8000E+01
 -18.912  0.0000E+00  0.8000E+01
 -18.907  0.0000E+00  0.8000E+01
 -18.902  0.0000E+00  0.8000E+01
 -18.897  0.0000E+00  0.8000E+01
 -18.892  0.0000E+00  0.8000E+01
 -18.887  0.0000E+00  0.8000E+01
 -18.882  0.0000E+00  0.8000E+01
 -18.877  0.0000E+00  0.8000E+01
 -18.872  0.0000E+00  0.8000E+01
 -18.867  0.0000E+00  0.8000E+01
 -18.862  0.0000E+00  0.8000E+01
 -18.857  0.0000E+00  0.8000E+01
 -18.852  0.0000E+00  0.8000E+01
 -18.847  0.0000E+00  0.8000E+01
 -18.842  0.0000E+00  0.8000E+01
 -18.837  0.0000E+00  0.8000E+01
 -18.832  0.0000E+00  0.8000E+01
 -18.827  0.0000E+00  0.8000E+01
 -18.822  0.0000E+00  0.8000E+01
 -18.817  0.0000E+00  0.8000E+01
 -18.812  0.0000E+00  0.8000E+01
 -18.807  0.0000E+00  0.8000E+01
 -18.802  0.0000E+00  0.8000E+01
 -18.797  0.0000E+00  0.8000E+01
 -18.792  0.0000E+00  0.8000E+01
 -18.787  0.0000E+00  0.8000E+01
 -18.782  0.0000E+00  0.8000E+01
 -18.777  0.0000E+00  0.8000E+01
 -18.772  0.0000E+00  0.8000E+01
 -18.767  0.0000E+00  0.8000E+01
 -18.762  0.0000E+00  0.8000E+01
 -18.757  0.0000E+00  0.8000E+01
 -18.752  0.0000E+00  0.8000E+01
 -18.747  0.0000E+00  0.8000E+01
 -18.742  0.0000E+00  0.8000E+01
 -18.737  0.0000E+00  0.8000E+01
 -18.732  0.0000E+00  0.8000E+01
 -18.727  0.0000E+00  0.8000E+01
 -18.722  0.0000E+00  0.8000E+01
 -18.717  0.0000E+00  0.8000E+01
 -18.712  0.0000E+00  0.8000E+01
 -18.707  0.0000E+00  0.8000E+01
 -18.702  0.0000E+00  0.8000E+01
 -18.697  0.0000E+00  0.8000E+01
 -18.692  0.0000E+00  0.8000E+01
 -18.687  0.0000E+00  0.8000E+01
 -18.682  0.0000E+00  0.8000E+01
 -18.677  0.0000E+00  0.8000E+01
 -18.672  0.0000E+00  0.8000E+01
 -18.667  0.0000E+00  0.8000E+01
 -18.662  0.0000E+00  0.8000E+01
 -18.657  0.0000E+00  0.8000E+01
 -18.652  0.0000E+00  0.8000E+01
 -18.647  0.0000E+00  0.8000E+01
 -18.642  0.0000E+00  0.8000E+01
 -18.637  0.0000E+00  0.8000E+01
 -18.632  0.0000E+00  0.8000E+01
 -18.627  0.0000E+00  0.8000E+01
 -18.622  0.0000E+00  0.8000E+01
 -18.617  0.0000E+00  0.8000E+01
 -18.612  0.0000E+00  0.8000E+01
 -18.607  0.0000E+00  0.8000E+01
 -18.602  0.0000E+00  0.8000E+01
 -18.597  0.0000E+00  0.8000E+01
 -18.592  0.0000E+00  0.8000E+01
 -18.587  0.0000E+00  0.8000E+01
 -18.582  0.0000E+00  0.8000E+01
 -18.577  0.0000E+00  0.8000E+01
 -18.572  0.0000E+00  0.8000E+01
 -18.567  0.0000E+00  0.8000E+01
 -18.562  0.0000E+00  0.8000E+01
 -18.557  0.0000E+00  0.8000E+01
 -18.552  0.0000E+00  0.8000E+01
 -18.547  0.0000E+00  0.8000E+01
 -18.542  0.0000E+00  0.8000E+01
 -18.537  0.0000E+00  0.8000E+01
 -18.532  0.0000E+00  0.8000E+01
 -18.527  0.0000E+00  0.8000E+01
 -18.522  0.0000E+00  0.8000E+01
 -18.517  0.0000E+00  0.8000E+01
 -18.512  0.0000E+00  0.8000E+01
 -18.507  0.0000E+00  0.8000E+01
 -18.502  0.0000E+00  0.8000E+01
 -18.497  0.0000E+00  0.8000E+01
 -18.492  0.0000E+00  0.8000E+01
 -18.487  0.0000E+00  0.8000E+01
 -18.482  0.0000E+00  0.8000E+01
 -18.477  0.0000E+00  0.8000E+01
 -18.472  0.0000E+00  0.8000E+01
 -18.467  0.0000E+00  0.8000E+01
 -18.462  0.0000E+00  0.8000E+01
 -18.457  0.0000E+00  0.8000E+01
 -18.452  0.0000E+00  0.8000E+01
 -18.447  0.0000E+00  0.8000E+01
 -18.442  0.0000E+00  0.8000E+01
 -18.437  0.0000E+00  0.8000E+01
 -18.432  0.0000E+00  0.8000E+01
 -18.427  0.0000E+00  0.8000E+01
 -18.422  0.0000E+00  0.8000E+01
 -18.417  0.0000E+00  0.8000E+01
 -18.412  0.0000E+00  0.8000E+01
 -18.407  0.0000E+00  0.8000E+01
 -18.402  0.0000E+00  0.8000E+01
 -18.397  0.0000E+00  0.8000E+01
 -18.392  0.0000E+00  0.8000E+01
 -18.387  0.0000E+00  0.8000E+01
 -18.382  0.0000E+00  0.8000E+01
 -18.377  0.0000E+00  0.8000E+01
 -18.372  0.0000E+00  0.8000E+01
 -18.367  0.0000E+00  0.8000E+01
 -18.362  0.0000E+00  0.8000E+01
 -18.357  0.0000E+00  0.8000E+01
 -18.352  0.0000E+00  0.8000E+01
 -18.347  0.0000E+00  0.8000E+01
 -18.342  0.0000E+00  0.8000E+01
 -18.337  0.0000E+00  0.8000E+01
 -18.332  0.0000E+00  0.8000E+01
 -18.327  0.0000E+00  0.8000E+01
 -18.322  0.0000E+00  0.8000E+01
 -18.317  0.0000E+00  0.8000E+01
 -18.312  0.0000E+00  0.8000E+01
 -18.307  0.0000E+00  0.8000E+01
 -18.302  0.0000E+00  0.8000E+01
 -18.297  0.0000E+00  0.8000E+01
 -18.292  0.0000E+00  0.8000E+01
 -18.287  0.0000E+00  0.8000E+01
 -18.282  0.0000E+00  0.8000E+01
 -18.277  0.0000E+00  0.8000E+01
 -18.272  0.0000E+00  0.8000E+01
 -18.267  0.0000E+00  0.8000E+01
 -18.262  0.0000E+00  0.8000E+01
 -18.257  0.0000E+00  0.8000E+01
 -18.252  0.0000E+00  0.8000E+01
 -18.247  0.0000E+00  0.8000E+01
 -18.242  0.0000E+00  0.8000E+01
 -18.237  0.0000E+00  0.8000E+01
 -18.232  0.0000E+00  0.8000E+01
 -18.227  0.0000E+00  0.8000E+01
 -18.222  0.0000E+00  0.8000E+01
 -18.217  0.0000E+00  0.8000E+01
 -18.212  0.0000E+00  0.8000E+01
 -18.207  0.0000E+00  0.8000E+01
 -18.202  0.0000E+00  0.8000E+01
 -18.197  0.0000E+00  0.8000E+01
 -18.192  0.0000E+00  0.8000E+01
 -18.187  0.0000E+00  0.8000E+01
 -18.182  0.0000E+00  0.8000E+01
 -18.177  0.0000E+00  0.8000E+01
 -18.172  0.0000E+00  0.8000E+01
 -18.167  0.0000E+00  0.8000E+01
 -18.162  0.0000E+00  0.8000E+01
 -18.157  0.0000E+00  0.8000E+01
 -18.152  0.0000E+00  0.8000E+01
 -18.147  0.0000E+00  0.8000E+01
 -18.142  0.0000E+00  0.8000E+01
 -18.137  0.0000E+00  0.8000E+01
 -18.132  0.0000E+00  0.8000E+01
 -18.127  0.0000E+00  0.8000E+01
 -18.122  0.0000E+00  0.8000E+01
 -18.117  0.0000E+00  0.8000E+01
 -18.112  0.0000E+00  0.8000E+01
 -18.107  0.0000E+00  0.8000E+01
 -18.102  0.0000E+00  0.8000E+01
 -18.097  0.0000E+00  0.8000E+01
 -18.092  0.0000E+00  0.8000E+01
 -18.087  0.0000E+00  0.8000E+01
 -18.082  0.0000E+00  0.8000E+01
 -18.077  0.0000E+00  0.8000E+01
 -18.072  0.0000E+00  0.8000E+01
 -18.067  0.0000E+00  0.8000E+01
 -18.062  0.0000E+00  0.8000E+01
 -18.057  0.0000E+00  0.8000E+01
 -18.052  0.0000E+00  0.8000E+01
 -18.047  0.0000E+00  0.8000E+01
 -18.042  0.0000E+00  0.8000E+01
 -18.037  0.0000E+00  0.8000E+01
 -18.032  0.0000E+00  0.8000E+01
 -18.027  0.0000E+00  0.8000E+01
 -18.022  0.0000E+00  0.8000E+01
 -18.017  0.0000E+00  0.8000E+01
 -18.012  0.0000E+00  0.8000E+01
 -18.007  0.0000E+00  0.8000E+01
 -18.002  0.0000E+00  0.8000E+01
 -17.997  0.0000E+00  0.8000E+01
 -17.992  0.0000E+00  0.8000E+01
 -17.987  0.0000E+00  0.8000E+01
 -17.982  0.0000E+00  0.8000E+01
 -17.977  0.0000E+00  0.8000E+01
 -17.972  0.0000E+00  0.8000E+01
 -17.967  0.0000E+00  0.8000E+01
 -17.962  0.0000E+00  0.8000E+01
 -17.957  0.0000E+00  0.8000E+01
 -17.952  0.0000E+00  0.8000E+01
 -17.947  0.0000E+00  0.8000E+01
 -17.942  0.0000E+00  0.8000E+01
 -17.937  0.0000E+00  0.8000E+01
 -17.932  0.0000E+00  0.8000E+01
 -17.927  0.0000E+00  0.8000E+01
 -17.922  0.0000E+00  0.8000E+01
 -17.917  0.0000E+00  0.8000E+01
 -17.912  0.0000E+00  0.8000E+01
 -17.907  0.0000E+00  0.8000E+01
 -17.902  0.0000E+00  0.8000E+01
 -17.897  0.0000E+00  0.8000E+01
 -17.892  0.0000E+00  0.8000E+01
 -17.887  0.0000E+00  0.8000E+01
 -17.882  0.0000E+00  0.8000E+01
 -17.877  0.0000E+00  0.8000E+01
 -17.872  0.0000E+00  0.8000E+01
 -17.867  0.0000E+00  0.8000E+01
 -17.862  0.0000E+00  0.8000E+01
 -17.857  0.0000E+00  0.8000E+01
 -17.852  0.0000E+00  0.8000E+01
 -17.847  0.0000E+00  0.8000E+01
 -17.842  0.0000E+00  0.8000E+01
 -17.837  0.0000E+00  0.8000E+01
 -17.832  0.0000E+00  0.8000E+01
 -17.827  0.0000E+00  0.8000E+01
 -17.822  0.0000E+00  0.8000E+01
 -17.817  0.0000E+00  0.8000E+01
 -17.812  0.0000E+00  0.8000E+01
 -17.807  0.0000E+00  0.8000E+01
 -17.802  0.0000E+00  0.8000E+01
 -17.797  0.0000E+00  0.8000E+01
 -17.792  0.0000E+00  0.8000E+01
 -17.787  0.0000E+00  0.8000E+01
 -17.782  0.0000E+00  0.8000E+01
 -17.777  0.0000E+00  0.8000E+01
 -17.772  0.0000E+00  0.8000E+01
 -17.767  0.0000E+00  0.8000E+01
 -17.762  0.0000E+00  0.8000E+01
 -17.757  0.0000E+00  0.8000E+01
 -17.752  0.0000E+00  0.8000E+01
 -17.747  0.0000E+00  0.8000E+01
 -17.742  0.0000E+00  0.8000E+01
 -17.737  0.0000E+00  0.8000E+01
 -17.732  0.0000E+00  0.8000E+01
 -17.727  0.0000E+00  0.8000E+01
 -17.722  0.0000E+00  0.8000E+01
 -17.717  0.0000E+00  0.8000E+01
 -17.712  0.0000E+00  0.8000E+01
 -17.707  0.0000E+00  0.8000E+01
 -17.702  0.0000E+00  0.8000E+01
 -17.697  0.0000E+00  0.8000E+01
 -17.692  0.0000E+00  0.8000E+01
 -17.687  0.0000E+00  0.8000E+01
 -17.682  0.0000E+00  0.8000E+01
 -17.677  0.0000E+00  0.8000E+01
 -17.672  0.0000E+00  0.8000E+01
 -17.667  0.0000E+00  0.8000E+01
 -17.662  0.0000E+00  0.8000E+01
 -17.657  0.0000E+00  0.8000E+01
 -17.652  0.0000E+00  0.8000E+01
 -17.647  0.0000E+00  0.8000E+01
 -17.642  0.0000E+00  0.8000E+01
 -17.637  0.0000E+00  0.8000E+01
 -17.632  0.0000E+00  0.8000E+01
 -17.627  0.0000E+00  0.8000E+01
 -17.622  0.0000E+00  0.8000E+01
 -17.617  0.0000E+00  0.8000E+01
 -17.612  0.0000E+00  0.8000E+01
 -17.607  0.0000E+00  0.8000E+01
 -17.602  0.0000E+00  0.8000E+01
 -17.597  0.0000E+00  0.8000E+01
 -17.592  0.0000E+00  0.8000E+01
 -17.587  0.0000E+00  0.8000E+01
 -17.582  0.0000E+00  0.8000E+01
 -17.577  0.0000E+00  0.8000E+01
 -17.572  0.0000E+00  0.8000E+01
 -17.567  0.0000E+00  0.8000E+01
 -17.562  0.0000E+00  0.8000E+01
 -17.557  0.0000E+00  0.8000E+01
 -17.552  0.0000E+00  0.8000E+01
 -17.547  0.0000E+00  0.8000E+01
 -17.542  0.0000E+00  0.8000E+01
 -17.537  0.0000E+00  0.8000E+01
 -17.532  0.0000E+00  0.8000E+01
 -17.527  0.0000E+00  0.8000E+01
 -17.522  0.0000E+00  0.8000E+01
 -17.517  0.0000E+00  0.8000E+01
 -17.512  0.0000E+00  0.8000E+01
 -17.507  0.0000E+00  0.8000E+01
 -17.502  0.0000E+00  0.8000E+01
 -17.497  0.0000E+00  0.8000E+01
 -17.492  0.0000E+00  0.8000E+01
 -17.487  0.0000E+00  0.8000E+01
 -17.482  0.0000E+00  0.8000E+01
 -17.477  0.0000E+00  0.8000E+01
 -17.472  0.0000E+00  0.8000E+01
 -17.467  0.0000E+00  0.8000E+01
 -17.462  0.0000E+00  0.8000E+01
 -17.457  0.0000E+00  0.8000E+01
 -17.452  0.0000E+00  0.8000E+01
 -17.447  0.0000E+00  0.8000E+01
 -17.442  0.0000E+00  0.8000E+01
 -17.437  0.0000E+00  0.8000E+01
 -17.432  0.0000E+00  0.8000E+01
 -17.427  0.0000E+00  0.8000E+01
 -17.422  0.0000E+00  0.8000E+01
 -17.417  0.0000E+00  0.8000E+01
 -17.412  0.0000E+00  0.8000E+01
 -17.407  0.0000E+00  0.8000E+01
 -17.402  0.0000E+00  0.8000E+01
 -17.397  0.0000E+00  0.8000E+01
 -17.392  0.0000E+00  0.8000E+01
 -17.387  0.0000E+00  0.8000E+01
 -17.382  0.0000E+00  0.8000E+01
 -17.377  0.0000E+00  0.8000E+01
 -17.372  0.0000E+00  0.8000E+01
 -17.367  0.0000E+00  0.8000E+01
 -17.362  0.0000E+00  0.8000E+01
 -17.357  0.0000E+00  0.8000E+01
 -17.352  0.0000E+00  0.8000E+01
 -17.347  0.0000E+00  0.8000E+01
 -17.342  0.0000E+00  0.8000E+01
 -17.337  0.0000E+00  0.8000E+01
 -17.332  0.0000E+00  0.8000E+01
 -17.327  0.0000E+00  0.8000E+01
 -17.322  0.0000E+00  0.8000E+01
 -17.317  0.0000E+00  0.8000E+01
 -17.312  0.0000E+00  0.8000E+01
 -17.307  0.0000E+00  0.8000E+01
 -17.302  0.0000E+00  0.8000E+01
 -17.297  0.0000E+00  0.8000E+01
 -17.292  0.0000E+00  0.8000E+01
 -17.287  0.0000E+00  0.8000E+01
 -17.282  0.0000E+00  0.8000E+01
 -17.277  0.0000E+00  0.8000E+01
 -17.272  0.0000E+00  0.8000E+01
 -17.267  0.0000E+00  0.8000E+01
 -17.262  0.0000E+00  0.8000E+01
 -17.257  0.0000E+00  0.8000E+01
 -17.252  0.0000E+00  0.8000E+01
 -17.247  0.0000E+00  0.8000E+01
 -17.242  0.0000E+00  0.8000E+01
 -17.237  0.0000E+00  0.8000E+01
 -17.232  0.0000E+00  0.8000E+01
 -17.227  0.0000E+00  0.8000E+01
 -17.222  0.0000E+00  0.8000E+01
 -17.217  0.0000E+00  0.8000E+01
 -17.212  0.0000E+00  0.8000E+01
 -17.207  0.0000E+00  0.8000E+01
 -17.202  0.0000E+00  0.8000E+01
 -17.197  0.0000E+00  0.8000E+01
 -17.192  0.0000E+00  0.8000E+01
 -17.187  0.0000E+00  0.8000E+01
 -17.182  0.0000E+00  0.8000E+01
 -17.177  0.0000E+00  0.8000E+01
 -17.172  0.0000E+00  0.8000E+01
 -17.167  0.0000E+00  0.8000E+01
 -17.162  0.0000E+00  0.8000E+01
 -17.157  0.0000E+00  0.8000E+01
 -17.152  0.0000E+00  0.8000E+01
 -17.147  0.0000E+00  0.8000E+01
 -17.142  0.0000E+00  0.8000E+01
 -17.137  0.0000E+00  0.8000E+01
 -17.132  0.0000E+00  0.8000E+01
 -17.127  0.0000E+00  0.8000E+01
 -17.122  0.0000E+00  0.8000E+01
 -17.117  0.0000E+00  0.8000E+01
 -17.112  0.0000E+00  0.8000E+01
 -17.107  0.0000E+00  0.8000E+01
 -17.102  0.0000E+00  0.8000E+01
 -17.097  0.0000E+00  0.8000E+01
 -17.092  0.0000E+00  0.8000E+01
 -17.087  0.0000E+00  0.8000E+01
 -17.082  0.0000E+00  0.8000E+01
 -17.077  0.0000E+00  0.8000E+01
 -17.072  0.0000E+00  0.8000E+01
 -17.067  0.0000E+00  0.8000E+01
 -17.062  0.0000E+00  0.8000E+01
 -17.057  0.0000E+00  0.8000E+01
 -17.052  0.0000E+00  0.8000E+01
 -17.047  0.0000E+00  0.8000E+01
 -17.042  0.0000E+00  0.8000E+01
 -17.037  0.0000E+00  0.8000E+01
 -17.032  0.0000E+00  0.8000E+01
 -17.027  0.0000E+00  0.8000E+01
 -17.022  0.0000E+00  0.8000E+01
 -17.017  0.0000E+00  0.8000E+01
 -17.012  0.0000E+00  0.8000E+01
 -17.007  0.0000E+00  0.8000E+01
 -17.002  0.0000E+00  0.8000E+01
 -16.997  0.0000E+00  0.8000E+01
 -16.992  0.0000E+00  0.8000E+01
 -16.987  0.0000E+00  0.8000E+01
 -16.982  0.0000E+00  0.8000E+01
 -16.977  0.0000E+00  0.8000E+01
 -16.972  0.0000E+00  0.8000E+01
 -16.967  0.0000E+00  0.8000E+01
 -16.962  0.0000E+00  0.8000E+01
 -16.957  0.0000E+00  0.8000E+01
 -16.952  0.0000E+00  0.8000E+01
 -16.947  0.0000E+00  0.8000E+01
 -16.942  0.0000E+00  0.8000E+01
 -16.937  0.0000E+00  0.8000E+01
 -16.932  0.0000E+00  0.8000E+01
 -16.927  0.0000E+00  0.8000E+01
 -16.922  0.0000E+00  0.8000E+01
 -16.917  0.0000E+00  0.8000E+01
 -16.912  0.0000E+00  0.8000E+01
 -16.907  0.0000E+00  0.8000E+01
 -16.902  0.0000E+00  0.8000E+01
 -16.897  0.0000E+00  0.8000E+01
 -16.892  0.0000E+00  0.8000E+01
 -16.887  0.0000E+00  0.8000E+01
 -16.882  0.0000E+00  0.8000E+01
 -16.877  0.0000E+00  0.8000E+01
 -16.872  0.0000E+00  0.8000E+01
 -16.867  0.0000E+00  0.8000E+01
 -16.862  0.0000E+00  0.8000E+01
 -16.857  0.0000E+00  0.8000E+01
 -16.852  0.0000E+00  0.8000E+01
 -16.847  0.0000E+00  0.8000E+01
 -16.842  0.0000E+00  0.8000E+01
 -16.837  0.0000E+00  0.8000E+01
 -16.832  0.0000E+00  0.8000E+01
 -16.827  0.0000E+00  0.8000E+01
 -16.822  0.0000E+00  0.8000E+01
 -16.817  0.0000E+00  0.8000E+01
 -16.812  0.0000E+00  0.8000E+01
 -16.807  0.0000E+00  0.8000E+01
 -16.802  0.0000E+00  0.8000E+01
 -16.797  0.0000E+00  0.8000E+01
 -16.792  0.0000E+00  0.8000E+01
 -16.787  0.0000E+00  0.8000E+01
 -16.782  0.0000E+00  0.8000E+01
 -16.777  0.0000E+00  0.8000E+01
 -16.772  0.0000E+00  0.8000E+01
 -16.767  0.0000E+00  0.8000E+01
 -16.762  0.0000E+00  0.8000E+01
 -16.757  0.0000E+00  0.8000E+01
 -16.752  0.0000E+00  0.8000E+01
 -16.747  0.0000E+00  0.8000E+01
 -16.742  0.0000E+00  0.8000E+01
 -16.737  0.0000E+00  0.8000E+01
 -16.732  0.0000E+00  0.8000E+01
 -16.727  0.0000E+00  0.8000E+01
 -16.722  0.0000E+00  0.8000E+01
 -16.717  0.0000E+00  0.8000E+01
 -16.712  0.0000E+00  0.8000E+01
 -16.707  0.0000E+00  0.8000E+01
 -16.702  0.0000E+00  0.8000E+01
 -16.697  0.0000E+00  0.8000E+01
 -16.692  0.0000E+00  0.8000E+01
 -16.687  0.0000E+00  0.8000E+01
 -16.682  0.0000E+00  0.8000E+01
 -16.677  0.0000E+00  0.8000E+01
 -16.672  0.0000E+00  0.8000E+01
 -16.667  0.0000E+00  0.8000E+01
 -16.662  0.0000E+00  0.8000E+01
 -16.657  0.0000E+00  0.8000E+01
 -16.652  0.0000E+00  0.8000E+01
 -16.647  0.0000E+00  0.8000E+01
 -16.642  0.0000E+00  0.8000E+01
 -16.637  0.0000E+00  0.8000E+01
 -16.632  0.0000E+00  0.8000E+01
 -16.627  0.0000E+00  0.8000E+01
 -16.622  0.0000E+00  0.8000E+01
 -16.617  0.0000E+00  0.8000E+01
 -16.612  0.0000E+00  0.8000E+01
 -16.607  0.0000E+00  0.8000E+01
 -16.602  0.0000E+00  0.8000E+01
 -16.597  0.0000E+00  0.8000E+01
 -16.592  0.0000E+00  0.8000E+01
 -16.587  0.0000E+00  0.8000E+01
 -16.582  0.0000E+00  0.8000E+01
 -16.577  0.0000E+00  0.8000E+01
 -16.572  0.0000E+00  0.8000E+01
 -16.567  0.0000E+00  0.8000E+01
 -16.562  0.0000E+00  0.8000E+01
 -16.557  0.0000E+00  0.8000E+01
 -16.552  0.0000E+00  0.8000E+01
 -16.547  0.0000E+00  0.8000E+01
 -16.542  0.0000E+00  0.8000E+01
 -16.537  0.0000E+00  0.8000E+01
 -16.532  0.0000E+00  0.8000E+01
 -16.527  0.0000E+00  0.8000E+01
 -16.522  0.0000E+00  0.8000E+01
 -16.517  0.0000E+00  0.8000E+01
 -16.512  0.0000E+00  0.8000E+01
 -16.507  0.0000E+00  0.8000E+01
 -16.502  0.0000E+00  0.8000E+01
 -16.497  0.0000E+00  0.8000E+01
 -16.492  0.0000E+00  0.8000E+01
 -16.487  0.0000E+00  0.8000E+01
 -16.482  0.0000E+00  0.8000E+01
 -16.477  0.0000E+00  0.8000E+01
 -16.472  0.0000E+00  0.8000E+01
 -16.467  0.0000E+00  0.8000E+01
 -16.462  0.0000E+00  0.8000E+01
 -16.457  0.0000E+00  0.8000E+01
 -16.452  0.0000E+00  0.8000E+01
 -16.447  0.0000E+00  0.8000E+01
 -16.442  0.0000E+00  0.8000E+01
 -16.437  0.0000E+00  0.8000E+01
 -16.432  0.0000E+00  0.8000E+01
 -16.427  0.0000E+00  0.8000E+01
 -16.422  0.0000E+00  0.8000E+01
 -16.417  0.0000E+00  0.8000E+01
 -16.412  0.0000E+00  0.8000E+01
 -16.407  0.0000E+00  0.8000E+01
 -16.402  0.0000E+00  0.8000E+01
 -16.397  0.0000E+00  0.8000E+01
 -16.392  0.0000E+00  0.8000E+01
 -16.387  0.0000E+00  0.8000E+01
 -16.382  0.0000E+00  0.8000E+01
 -16.377  0.0000E+00  0.8000E+01
 -16.372  0.0000E+00  0.8000E+01
 -16.367  0.0000E+00  0.8000E+01
 -16.362  0.0000E+00  0.8000E+01
 -16.357  0.0000E+00  0.8000E+01
 -16.352  0.0000E+00  0.8000E+01
 -16.347  0.0000E+00  0.8000E+01
 -16.342  0.0000E+00  0.8000E+01
 -16.337  0.0000E+00  0.8000E+01
 -16.332  0.0000E+00  0.8000E+01
 -16.327  0.0000E+00  0.8000E+01
 -16.322  0.0000E+00  0.8000E+01
 -16.317  0.0000E+00  0.8000E+01
 -16.312  0.0000E+00  0.8000E+01
 -16.307  0.0000E+00  0.8000E+01
 -16.302  0.0000E+00  0.8000E+01
 -16.297  0.0000E+00  0.8000E+01
 -16.292  0.0000E+00  0.8000E+01
 -16.287  0.0000E+00  0.8000E+01
 -16.282  0.0000E+00  0.8000E+01
 -16.277  0.0000E+00  0.8000E+01
 -16.272  0.0000E+00  0.8000E+01
 -16.267  0.0000E+00  0.8000E+01
 -16.262  0.0000E+00  0.8000E+01
 -16.257  0.0000E+00  0.8000E+01
 -16.252  0.0000E+00  0.8000E+01
 -16.247  0.0000E+00  0.8000E+01
 -16.242  0.0000E+00  0.8000E+01
 -16.237  0.0000E+00  0.8000E+01
 -16.232  0.0000E+00  0.8000E+01
 -16.227  0.0000E+00  0.8000E+01
 -16.222  0.0000E+00  0.8000E+01
 -16.217  0.0000E+00  0.8000E+01
 -16.212  0.0000E+00  0.8000E+01
 -16.207  0.0000E+00  0.8000E+01
 -16.202  0.0000E+00  0.8000E+01
 -16.197  0.0000E+00  0.8000E+01
 -16.192  0.0000E+00  0.8000E+01
 -16.187  0.0000E+00  0.8000E+01
 -16.182  0.0000E+00  0.8000E+01
 -16.177  0.0000E+00  0.8000E+01
 -16.172  0.0000E+00  0.8000E+01
 -16.167  0.0000E+00  0.8000E+01
 -16.162  0.0000E+00  0.8000E+01
 -16.157  0.0000E+00  0.8000E+01
 -16.152  0.0000E+00  0.8000E+01
 -16.147  0.0000E+00  0.8000E+01
 -16.142  0.0000E+00  0.8000E+01
 -16.137  0.0000E+00  0.8000E+01
 -16.132  0.0000E+00  0.8000E+01
 -16.127  0.0000E+00  0.8000E+01
 -16.122  0.0000E+00  0.8000E+01
 -16.117  0.0000E+00  0.8000E+01
 -16.112  0.0000E+00  0.8000E+01
 -16.107  0.0000E+00  0.8000E+01
 -16.102  0.0000E+00  0.8000E+01
 -16.097  0.0000E+00  0.8000E+01
 -16.092  0.0000E+00  0.8000E+01
 -16.087  0.0000E+00  0.8000E+01
 -16.082  0.0000E+00  0.8000E+01
 -16.077  0.0000E+00  0.8000E+01
 -16.072  0.0000E+00  0.8000E+01
 -16.067  0.0000E+00  0.8000E+01
 -16.062  0.0000E+00  0.8000E+01
 -16.057  0.0000E+00  0.8000E+01
 -16.052  0.0000E+00  0.8000E+01
 -16.047  0.0000E+00  0.8000E+01
 -16.042  0.0000E+00  0.8000E+01
 -16.037  0.0000E+00  0.8000E+01
 -16.032  0.0000E+00  0.8000E+01
 -16.027  0.0000E+00  0.8000E+01
 -16.022  0.0000E+00  0.8000E+01
 -16.017  0.0000E+00  0.8000E+01
 -16.012  0.0000E+00  0.8000E+01
 -16.007  0.0000E+00  0.8000E+01
 -16.002  0.0000E+00  0.8000E+01
 -15.997  0.0000E+00  0.8000E+01
 -15.992  0.0000E+00  0.8000E+01
 -15.987  0.0000E+00  0.8000E+01
 -15.982  0.0000E+00  0.8000E+01
 -15.977  0.0000E+00  0.8000E+01
 -15.972  0.0000E+00  0.8000E+01
 -15.967  0.0000E+00  0.8000E+01
 -15.962  0.0000E+00  0.8000E+01
 -15.957  0.0000E+00  0.8000E+01
 -15.952  0.0000E+00  0.8000E+01
 -15.947  0.0000E+00  0.8000E+01
 -15.942  0.0000E+00  0.8000E+01
 -15.937  0.0000E+00  0.8000E+01
 -15.932  0.0000E+00  0.8000E+01
 -15.927  0.0000E+00  0.8000E+01
 -15.922  0.0000E+00  0.8000E+01
 -15.917  0.0000E+00  0.8000E+01
 -15.912  0.0000E+00  0.8000E+01
 -15.907  0.0000E+00  0.8000E+01
 -15.902  0.0000E+00  0.8000E+01
 -15.897  0.0000E+00  0.8000E+01
 -15.892  0.0000E+00  0.8000E+01
 -15.887  0.0000E+00  0.8000E+01
 -15.882  0.0000E+00  0.8000E+01
 -15.877  0.0000E+00  0.8000E+01
 -15.872  0.0000E+00  0.8000E+01
 -15.867  0.0000E+00  0.8000E+01
 -15.862  0.0000E+00  0.8000E+01
 -15.857  0.0000E+00  0.8000E+01
 -15.852  0.0000E+00  0.8000E+01
 -15.847  0.0000E+00  0.8000E+01
 -15.842  0.0000E+00  0.8000E+01
 -15.837  0.0000E+00  0.8000E+01
 -15.832  0.0000E+00  0.8000E+01
 -15.827  0.0000E+00  0.8000E+01
 -15.822  0.0000E+00  0.8000E+01
 -15.817  0.0000E+00  0.8000E+01
 -15.812  0.0000E+00  0.8000E+01
 -15.807  0.0000E+00  0.8000E+01
 -15.802  0.0000E+00  0.8000E+01
 -15.797  0.0000E+00  0.8000E+01
 -15.792  0.0000E+00  0.8000E+01
 -15.787  0.0000E+00  0.8000E+01
 -15.782  0.0000E+00  0.8000E+01
 -15.777  0.0000E+00  0.8000E+01
 -15.772  0.0000E+00  0.8000E+01
 -15.767  0.0000E+00  0.8000E+01
 -15.762  0.0000E+00  0.8000E+01
 -15.757  0.0000E+00  0.8000E+01
 -15.752  0.0000E+00  0.8000E+01
 -15.747  0.0000E+00  0.8000E+01
 -15.742  0.0000E+00  0.8000E+01
 -15.737  0.0000E+00  0.8000E+01
 -15.732  0.0000E+00  0.8000E+01
 -15.727  0.0000E+00  0.8000E+01
 -15.722  0.0000E+00  0.8000E+01
 -15.717  0.0000E+00  0.8000E+01
 -15.712  0.0000E+00  0.8000E+01
 -15.707  0.0000E+00  0.8000E+01
 -15.702  0.0000E+00  0.8000E+01
 -15.697  0.0000E+00  0.8000E+01
 -15.692  0.0000E+00  0.8000E+01
 -15.687  0.0000E+00  0.8000E+01
 -15.682  0.0000E+00  0.8000E+01
 -15.677  0.0000E+00  0.8000E+01
 -15.672  0.0000E+00  0.8000E+01
 -15.667  0.0000E+00  0.8000E+01
 -15.662  0.0000E+00  0.8000E+01
 -15.657  0.0000E+00  0.8000E+01
 -15.652  0.0000E+00  0.8000E+01
 -15.647  0.0000E+00  0.8000E+01
 -15.642  0.0000E+00  0.8000E+01
 -15.637  0.0000E+00  0.8000E+01
 -15.632  0.0000E+00  0.8000E+01
 -15.627  0.0000E+00  0.8000E+01
 -15.622  0.0000E+00  0.8000E+01
 -15.617  0.0000E+00  0.8000E+01
 -15.612  0.0000E+00  0.8000E+01
 -15.607  0.0000E+00  0.8000E+01
 -15.602  0.0000E+00  0.8000E+01
 -15.597  0.0000E+00  0.8000E+01
 -15.592  0.0000E+00  0.8000E+01
 -15.587  0.0000E+00  0.8000E+01
 -15.582  0.0000E+00  0.8000E+01
 -15.577  0.0000E+00  0.8000E+01
 -15.572  0.0000E+00  0.8000E+01
 -15.567  0.0000E+00  0.8000E+01
 -15.562  0.0000E+00  0.8000E+01
 -15.557  0.0000E+00  0.8000E+01
 -15.552  0.0000E+00  0.8000E+01
 -15.547  0.0000E+00  0.8000E+01
 -15.542  0.0000E+00  0.8000E+01
 -15.537  0.0000E+00  0.8000E+01
 -15.532  0.0000E+00  0.8000E+01
 -15.527  0.0000E+00  0.8000E+01
 -15.522  0.0000E+00  0.8000E+01
 -15.517  0.0000E+00  0.8000E+01
 -15.512  0.0000E+00  0.8000E+01
 -15.507  0.0000E+00  0.8000E+01
 -15.502  0.0000E+00  0.8000E+01
 -15.497  0.0000E+00  0.8000E+01
 -15.492  0.0000E+00  0.8000E+01
 -15.487  0.0000E+00  0.8000E+01
 -15.482  0.0000E+00  0.8000E+01
 -15.477  0.0000E+00  0.8000E+01
 -15.472  0.0000E+00  0.8000E+01
 -15.467  0.0000E+00  0.8000E+01
 -15.462  0.0000E+00  0.8000E+01
 -15.457  0.0000E+00  0.8000E+01
 -15.452  0.0000E+00  0.8000E+01
 -15.447  0.0000E+00  0.8000E+01
 -15.442  0.0000E+00  0.8000E+01
 -15.437  0.0000E+00  0.8000E+01
 -15.432  0.0000E+00  0.8000E+01
 -15.427  0.0000E+00  0.8000E+01
 -15.422  0.0000E+00  0.8000E+01
 -15.417  0.0000E+00  0.8000E+01
 -15.412  0.0000E+00  0.8000E+01
 -15.407  0.0000E+00  0.8000E+01
 -15.402  0.0000E+00  0.8000E+01
 -15.397  0.0000E+00  0.8000E+01
 -15.392  0.0000E+00  0.8000E+01
 -15.387  0.0000E+00  0.8000E+01
 -15.382  0.0000E+00  0.8000E+01
 -15.377  0.0000E+00  0.8000E+01
 -15.372  0.0000E+00  0.8000E+01
 -15.367  0.0000E+00  0.8000E+01
 -15.362  0.0000E+00  0.8000E+01
 -15.357  0.0000E+00  0.8000E+01
 -15.352  0.0000E+00  0.8000E+01
 -15.347  0.0000E+00  0.8000E+01
 -15.342  0.0000E+00  0.8000E+01
 -15.337  0.0000E+00  0.8000E+01
 -15.332  0.0000E+00  0.8000E+01
 -15.327  0.0000E+00  0.8000E+01
 -15.322  0.0000E+00  0.8000E+01
 -15.317  0.0000E+00  0.8000E+01
 -15.312  0.0000E+00  0.8000E+01
 -15.307  0.0000E+00  0.8000E+01
 -15.302  0.0000E+00  0.8000E+01
 -15.297  0.0000E+00  0.8000E+01
 -15.292  0.0000E+00  0.8000E+01
 -15.287  0.0000E+00  0.8000E+01
 -15.282  0.0000E+00  0.8000E+01
 -15.277  0.0000E+00  0.8000E+01
 -15.272  0.0000E+00  0.8000E+01
 -15.267  0.0000E+00  0.8000E+01
 -15.262  0.0000E+00  0.8000E+01
 -15.257  0.0000E+00  0.8000E+01
 -15.252  0.0000E+00  0.8000E+01
 -15.247  0.0000E+00  0.8000E+01
 -15.242  0.0000E+00  0.8000E+01
 -15.237  0.0000E+00  0.8000E+01
 -15.232  0.0000E+00  0.8000E+01
 -15.227  0.0000E+00  0.8000E+01
 -15.222  0.0000E+00  0.8000E+01
 -15.217  0.0000E+00  0.8000E+01
 -15.212  0.0000E+00  0.8000E+01
 -15.207  0.0000E+00  0.8000E+01
 -15.202  0.0000E+00  0.8000E+01
 -15.197  0.0000E+00  0.8000E+01
 -15.192  0.0000E+00  0.8000E+01
 -15.187  0.0000E+00  0.8000E+01
 -15.182  0.0000E+00  0.8000E+01
 -15.177  0.0000E+00  0.8000E+01
 -15.172  0.0000E+00  0.8000E+01
 -15.167  0.0000E+00  0.8000E+01
 -15.162  0.0000E+00  0.8000E+01
 -15.157  0.0000E+00  0.8000E+01
 -15.152  0.0000E+00  0.8000E+01
 -15.147  0.0000E+00  0.8000E+01
 -15.142  0.0000E+00  0.8000E+01
 -15.137  0.0000E+00  0.8000E+01
 -15.132  0.0000E+00  0.8000E+01
 -15.127  0.0000E+00  0.8000E+01
 -15.122  0.0000E+00  0.8000E+01
 -15.117  0.0000E+00  0.8000E+01
 -15.112  0.0000E+00  0.8000E+01
 -15.107  0.0000E+00  0.8000E+01
 -15.102  0.0000E+00  0.8000E+01
 -15.097  0.0000E+00  0.8000E+01
 -15.092  0.0000E+00  0.8000E+01
 -15.087  0.0000E+00  0.8000E+01
 -15.082  0.0000E+00  0.8000E+01
 -15.077  0.0000E+00  0.8000E+01
 -15.072  0.0000E+00  0.8000E+01
 -15.067  0.0000E+00  0.8000E+01
 -15.062  0.0000E+00  0.8000E+01
 -15.057  0.0000E+00  0.8000E+01
 -15.052  0.0000E+00  0.8000E+01
 -15.047  0.0000E+00  0.8000E+01
 -15.042  0.0000E+00  0.8000E+01
 -15.037  0.0000E+00  0.8000E+01
 -15.032  0.0000E+00  0.8000E+01
 -15.027  0.0000E+00  0.8000E+01
 -15.022  0.0000E+00  0.8000E+01
 -15.017  0.0000E+00  0.8000E+01
 -15.012  0.0000E+00  0.8000E+01
 -15.007  0.0000E+00  0.8000E+01
 -15.002  0.0000E+00  0.8000E+01
 -14.997  0.0000E+00  0.8000E+01
 -14.992  0.0000E+00  0.8000E+01
 -14.987  0.0000E+00  0.8000E+01
 -14.982  0.0000E+00  0.8000E+01
 -14.977  0.0000E+00  0.8000E+01
 -14.972  0.0000E+00  0.8000E+01
 -14.967  0.0000E+00  0.8000E+01
 -14.962  0.0000E+00  0.8000E+01
 -14.957  0.0000E+00  0.8000E+01
 -14.952  0.0000E+00  0.8000E+01
 -14.947  0.0000E+00  0.8000E+01
 -14.942  0.0000E+00  0.8000E+01
 -14.937  0.0000E+00  0.8000E+01
 -14.932  0.0000E+00  0.8000E+01
 -14.927  0.0000E+00  0.8000E+01
 -14.922  0.0000E+00  0.8000E+01
 -14.917  0.0000E+00  0.8000E+01
 -14.912  0.0000E+00  0.8000E+01
 -14.907  0.0000E+00  0.8000E+01
 -14.902  0.0000E+00  0.8000E+01
 -14.897  0.0000E+00  0.8000E+01
 -14.892  0.0000E+00  0.8000E+01
 -14.887  0.0000E+00  0.8000E+01
 -14.882  0.0000E+00  0.8000E+01
 -14.877  0.0000E+00  0.8000E+01
 -14.872  0.0000E+00  0.8000E+01
 -14.867  0.0000E+00  0.8000E+01
 -14.862  0.0000E+00  0.8000E+01
 -14.857  0.0000E+00  0.8000E+01
 -14.852  0.0000E+00  0.8000E+01
 -14.847  0.0000E+00  0.8000E+01
 -14.842  0.0000E+00  0.8000E+01
 -14.837  0.0000E+00  0.8000E+01
 -14.832  0.0000E+00  0.8000E+01
 -14.827  0.0000E+00  0.8000E+01
 -14.822  0.0000E+00  0.8000E+01
 -14.817  0.0000E+00  0.8000E+01
 -14.812  0.0000E+00  0.8000E+01
 -14.807  0.0000E+00  0.8000E+01
 -14.802  0.0000E+00  0.8000E+01
 -14.797  0.0000E+00  0.8000E+01
 -14.792  0.0000E+00  0.8000E+01
 -14.787  0.0000E+00  0.8000E+01
 -14.782  0.0000E+00  0.8000E+01
 -14.777  0.0000E+00  0.8000E+01
 -14.772  0.0000E+00  0.8000E+01
 -14.767  0.0000E+00  0.8000E+01
 -14.762  0.0000E+00  0.8000E+01
 -14.757  0.0000E+00  0.8000E+01
 -14.752  0.0000E+00  0.8000E+01
 -14.747  0.0000E+00  0.8000E+01
 -14.742  0.0000E+00  0.8000E+01
 -14.737  0.0000E+00  0.8000E+01
 -14.732  0.0000E+00  0.8000E+01
 -14.727  0.0000E+00  0.8000E+01
 -14.722  0.0000E+00  0.8000E+01
 -14.717  0.0000E+00  0.8000E+01
 -14.712  0.0000E+00  0.8000E+01
 -14.707  0.0000E+00  0.8000E+01
 -14.702  0.0000E+00  0.8000E+01
 -14.697  0.0000E+00  0.8000E+01
 -14.692  0.0000E+00  0.8000E+01
 -14.687  0.0000E+00  0.8000E+01
 -14.682  0.0000E+00  0.8000E+01
 -14.677  0.0000E+00  0.8000E+01
 -14.672  0.0000E+00  0.8000E+01
 -14.667  0.0000E+00  0.8000E+01
 -14.662  0.0000E+00  0.8000E+01
 -14.657  0.0000E+00  0.8000E+01
 -14.652  0.0000E+00  0.8000E+01
 -14.647  0.0000E+00  0.8000E+01
 -14.642  0.0000E+00  0.8000E+01
 -14.637  0.0000E+00  0.8000E+01
 -14.632  0.0000E+00  0.8000E+01
 -14.627  0.0000E+00  0.8000E+01
 -14.622  0.0000E+00  0.8000E+01
 -14.617  0.0000E+00  0.8000E+01
 -14.612  0.0000E+00  0.8000E+01
 -14.607  0.0000E+00  0.8000E+01
 -14.602  0.0000E+00  0.8000E+01
 -14.597  0.0000E+00  0.8000E+01
 -14.592  0.0000E+00  0.8000E+01
 -14.587  0.0000E+00  0.8000E+01
 -14.582  0.0000E+00  0.8000E+01
 -14.577  0.0000E+00  0.8000E+01
 -14.572  0.0000E+00  0.8000E+01
 -14.567  0.0000E+00  0.8000E+01
 -14.562  0.0000E+00  0.8000E+01
 -14.557  0.0000E+00  0.8000E+01
 -14.552  0.0000E+00  0.8000E+01
 -14.547  0.0000E+00  0.8000E+01
 -14.542  0.0000E+00  0.8000E+01
 -14.537  0.0000E+00  0.8000E+01
 -14.532  0.0000E+00  0.8000E+01
 -14.527  0.0000E+00  0.8000E+01
 -14.522  0.0000E+00  0.8000E+01
 -14.517  0.0000E+00  0.8000E+01
 -14.512  0.0000E+00  0.8000E+01
 -14.507  0.0000E+00  0.8000E+01
 -14.502  0.0000E+00  0.8000E+01
 -14.497  0.0000E+00  0.8000E+01
 -14.492  0.0000E+00  0.8000E+01
 -14.487  0.0000E+00  0.8000E+01
 -14.482  0.0000E+00  0.8000E+01
 -14.477  0.0000E+00  0.8000E+01
 -14.472  0.0000E+00  0.8000E+01
 -14.467  0.0000E+00  0.8000E+01
 -14.462  0.0000E+00  0.8000E+01
 -14.457  0.0000E+00  0.8000E+01
 -14.452  0.0000E+00  0.8000E+01
 -14.447  0.0000E+00  0.8000E+01
 -14.442  0.0000E+00  0.8000E+01
 -14.437  0.0000E+00  0.8000E+01
 -14.432  0.0000E+00  0.8000E+01
 -14.427  0.0000E+00  0.8000E+01
 -14.422  0.0000E+00  0.8000E+01
 -14.417  0.0000E+00  0.8000E+01
 -14.412  0.0000E+00  0.8000E+01
 -14.407  0.0000E+00  0.8000E+01
 -14.402  0.0000E+00  0.8000E+01
 -14.397  0.0000E+00  0.8000E+01
 -14.392  0.0000E+00  0.8000E+01
 -14.387  0.0000E+00  0.8000E+01
 -14.382  0.0000E+00  0.8000E+01
 -14.377  0.0000E+00  0.8000E+01
 -14.372  0.0000E+00  0.8000E+01
 -14.367  0.0000E+00  0.8000E+01
 -14.362  0.0000E+00  0.8000E+01
 -14.357  0.0000E+00  0.8000E+01
 -14.352  0.0000E+00  0.8000E+01
 -14.347  0.0000E+00  0.8000E+01
 -14.342  0.0000E+00  0.8000E+01
 -14.337  0.0000E+00  0.8000E+01
 -14.332  0.0000E+00  0.8000E+01
 -14.327  0.0000E+00  0.8000E+01
 -14.322  0.0000E+00  0.8000E+01
 -14.317  0.0000E+00  0.8000E+01
 -14.312  0.0000E+00  0.8000E+01
 -14.307  0.0000E+00  0.8000E+01
 -14.302  0.0000E+00  0.8000E+01
 -14.297  0.0000E+00  0.8000E+01
 -14.292  0.0000E+00  0.8000E+01
 -14.287  0.0000E+00  0.8000E+01
 -14.282  0.0000E+00  0.8000E+01
 -14.277  0.0000E+00  0.8000E+01
 -14.272  0.0000E+00  0.8000E+01
 -14.267  0.0000E+00  0.8000E+01
 -14.262  0.0000E+00  0.8000E+01
 -14.257  0.0000E+00  0.8000E+01
 -14.252  0.0000E+00  0.8000E+01
 -14.247  0.0000E+00  0.8000E+01
 -14.242  0.0000E+00  0.8000E+01
 -14.237  0.0000E+00  0.8000E+01
 -14.232  0.0000E+00  0.8000E+01
 -14.227  0.0000E+00  0.8000E+01
 -14.222  0.0000E+00  0.8000E+01
 -14.217  0.0000E+00  0.8000E+01
 -14.212  0.0000E+00  0.8000E+01
 -14.207  0.0000E+00  0.8000E+01
 -14.202  0.0000E+00  0.8000E+01
 -14.197  0.0000E+00  0.8000E+01
 -14.192  0.0000E+00  0.8000E+01
 -14.187  0.0000E+00  0.8000E+01
 -14.182  0.0000E+00  0.8000E+01
 -14.177  0.0000E+00  0.8000E+01
 -14.172  0.0000E+00  0.8000E+01
 -14.167  0.0000E+00  0.8000E+01
 -14.162  0.0000E+00  0.8000E+01
 -14.157  0.0000E+00  0.8000E+01
 -14.152  0.0000E+00  0.8000E+01
 -14.147  0.0000E+00  0.8000E+01
 -14.142  0.0000E+00  0.8000E+01
 -14.137  0.0000E+00  0.8000E+01
 -14.132  0.0000E+00  0.8000E+01
 -14.127  0.0000E+00  0.8000E+01
 -14.122  0.0000E+00  0.8000E+01
 -14.117  0.0000E+00  0.8000E+01
 -14.112  0.0000E+00  0.8000E+01
 -14.107  0.0000E+00  0.8000E+01
 -14.102  0.0000E+00  0.8000E+01
 -14.097  0.0000E+00  0.8000E+01
 -14.092  0.0000E+00  0.8000E+01
 -14.087  0.0000E+00  0.8000E+01
 -14.082  0.0000E+00  0.8000E+01
 -14.077  0.0000E+00  0.8000E+01
 -14.072  0.0000E+00  0.8000E+01
 -14.067  0.0000E+00  0.8000E+01
 -14.062  0.0000E+00  0.8000E+01
 -14.057  0.0000E+00  0.8000E+01
 -14.052  0.0000E+00  0.8000E+01
 -14.047  0.0000E+00  0.8000E+01
 -14.042  0.0000E+00  0.8000E+01
 -14.037  0.0000E+00  0.8000E+01
 -14.032  0.0000E+00  0.8000E+01
 -14.027  0.0000E+00  0.8000E+01
 -14.022  0.0000E+00  0.8000E+01
 -14.017  0.0000E+00  0.8000E+01
 -14.012  0.0000E+00  0.8000E+01
 -14.007  0.0000E+00  0.8000E+01
 -14.002  0.0000E+00  0.8000E+01
 -13.997  0.0000E+00  0.8000E+01
 -13.992  0.0000E+00  0.8000E+01
 -13.987  0.0000E+00  0.8000E+01
 -13.982  0.0000E+00  0.8000E+01
 -13.977  0.0000E+00  0.8000E+01
 -13.972  0.0000E+00  0.8000E+01
 -13.967  0.0000E+00  0.8000E+01
 -13.962  0.0000E+00  0.8000E+01
 -13.957  0.0000E+00  0.8000E+01
 -13.952  0.0000E+00  0.8000E+01
 -13.947  0.0000E+00  0.8000E+01
 -13.942  0.0000E+00  0.8000E+01
 -13.937  0.0000E+00  0.8000E+01
 -13.932  0.0000E+00  0.8000E+01
 -13.927  0.0000E+00  0.8000E+01
 -13.922  0.0000E+00  0.8000E+01
 -13.917  0.0000E+00  0.8000E+01
 -13.912  0.0000E+00  0.8000E+01
 -13.907  0.0000E+00  0.8000E+01
 -13.902  0.0000E+00  0.8000E+01
 -13.897  0.0000E+00  0.8000E+01
 -13.892  0.0000E+00  0.8000E+01
 -13.887  0.0000E+00  0.8000E+01
 -13.882  0.0000E+00  0.8000E+01
 -13.877  0.0000E+00  0.8000E+01
 -13.872  0.0000E+00  0.8000E+01
 -13.867  0.0000E+00  0.8000E+01
 -13.862  0.0000E+00  0.8000E+01
 -13.857  0.0000E+00  0.8000E+01
 -13.852  0.0000E+00  0.8000E+01
 -13.847  0.0000E+00  0.8000E+01
 -13.842  0.0000E+00  0.8000E+01
 -13.837  0.0000E+00  0.8000E+01
 -13.832  0.0000E+00  0.8000E+01
 -13.827  0.0000E+00  0.8000E+01
 -13.822  0.0000E+00  0.8000E+01
 -13.817  0.0000E+00  0.8000E+01
 -13.812  0.0000E+00  0.8000E+01
 -13.807  0.0000E+00  0.8000E+01
 -13.802  0.0000E+00  0.8000E+01
 -13.797  0.0000E+00  0.8000E+01
 -13.792  0.0000E+00  0.8000E+01
 -13.787  0.0000E+00  0.8000E+01
 -13.782  0.0000E+00  0.8000E+01
 -13.777  0.0000E+00  0.8000E+01
 -13.772  0.0000E+00  0.8000E+01
 -13.767  0.0000E+00  0.8000E+01
 -13.762  0.0000E+00  0.8000E+01
 -13.757  0.0000E+00  0.8000E+01
 -13.752  0.0000E+00  0.8000E+01
 -13.747  0.0000E+00  0.8000E+01
 -13.742  0.0000E+00  0.8000E+01
 -13.737  0.0000E+00  0.8000E+01
 -13.732  0.0000E+00  0.8000E+01
 -13.727  0.0000E+00  0.8000E+01
 -13.722  0.0000E+00  0.8000E+01
 -13.717  0.0000E+00  0.8000E+01
 -13.712  0.0000E+00  0.8000E+01
 -13.707  0.0000E+00  0.8000E+01
 -13.702  0.0000E+00  0.8000E+01
 -13.697  0.0000E+00  0.8000E+01
 -13.692  0.0000E+00  0.8000E+01
 -13.687  0.0000E+00  0.8000E+01
 -13.682  0.0000E+00  0.8000E+01
 -13.677  0.0000E+00  0.8000E+01
 -13.672  0.0000E+00  0.8000E+01
 -13.667  0.0000E+00  0.8000E+01
 -13.662  0.0000E+00  0.8000E+01
 -13.657  0.0000E+00  0.8000E+01
 -13.652  0.0000E+00  0.8000E+01
 -13.647  0.0000E+00  0.8000E+01
 -13.642  0.0000E+00  0.8000E+01
 -13.637  0.0000E+00  0.8000E+01
 -13.632  0.0000E+00  0.8000E+01
 -13.627  0.0000E+00  0.8000E+01
 -13.622  0.0000E+00  0.8000E+01
 -13.617  0.0000E+00  0.8000E+01
 -13.612  0.0000E+00  0.8000E+01
 -13.607  0.0000E+00  0.8000E+01
 -13.602  0.0000E+00  0.8000E+01
 -13.597  0.0000E+00  0.8000E+01
 -13.592  0.0000E+00  0.8000E+01
 -13.587  0.0000E+00  0.8000E+01
 -13.582  0.0000E+00  0.8000E+01
 -13.577  0.0000E+00  0.8000E+01
 -13.572  0.0000E+00  0.8000E+01
 -13.567  0.0000E+00  0.8000E+01
 -13.562  0.0000E+00  0.8000E+01
 -13.557  0.0000E+00  0.8000E+01
 -13.552  0.0000E+00  0.8000E+01
 -13.547  0.0000E+00  0.8000E+01
 -13.542  0.0000E+00  0.8000E+01
 -13.537  0.0000E+00  0.8000E+01
 -13.532  0.0000E+00  0.8000E+01
 -13.527  0.0000E+00  0.8000E+01
 -13.522  0.0000E+00  0.8000E+01
 -13.517  0.0000E+00  0.8000E+01
 -13.512  0.0000E+00  0.8000E+01
 -13.507  0.0000E+00  0.8000E+01
 -13.502  0.0000E+00  0.8000E+01
 -13.497  0.0000E+00  0.8000E+01
 -13.492  0.0000E+00  0.8000E+01
 -13.487  0.0000E+00  0.8000E+01
 -13.482  0.0000E+00  0.8000E+01
 -13.477  0.0000E+00  0.8000E+01
 -13.472  0.0000E+00  0.8000E+01
 -13.467  0.0000E+00  0.8000E+01
 -13.462  0.0000E+00  0.8000E+01
 -13.457  0.0000E+00  0.8000E+01
 -13.452  0.0000E+00  0.8000E+01
 -13.447  0.0000E+00  0.8000E+01
 -13.442  0.0000E+00  0.8000E+01
 -13.437  0.0000E+00  0.8000E+01
 -13.432  0.0000E+00  0.8000E+01
 -13.427  0.0000E+00  0.8000E+01
 -13.422  0.0000E+00  0.8000E+01
 -13.417  0.0000E+00  0.8000E+01
 -13.412  0.0000E+00  0.8000E+01
 -13.407  0.0000E+00  0.8000E+01
 -13.402  0.0000E+00  0.8000E+01
 -13.397  0.0000E+00  0.8000E+01
 -13.392  0.0000E+00  0.8000E+01
 -13.387  0.0000E+00  0.8000E+01
 -13.382  0.0000E+00  0.8000E+01
 -13.377  0.0000E+00  0.8000E+01
 -13.372  0.0000E+00  0.8000E+01
 -13.367  0.0000E+00  0.8000E+01
 -13.362  0.0000E+00  0.8000E+01
 -13.357  0.0000E+00  0.8000E+01
 -13.352  0.0000E+00  0.8000E+01
 -13.347  0.0000E+00  0.8000E+01
 -13.342  0.0000E+00  0.8000E+01
 -13.337  0.0000E+00  0.8000E+01
 -13.332  0.0000E+00  0.8000E+01
 -13.327  0.0000E+00  0.8000E+01
 -13.322  0.0000E+00  0.8000E+01
 -13.317  0.0000E+00  0.8000E+01
 -13.312  0.0000E+00  0.8000E+01
 -13.307  0.0000E+00  0.8000E+01
 -13.302  0.0000E+00  0.8000E+01
 -13.297  0.0000E+00  0.8000E+01
 -13.292  0.0000E+00  0.8000E+01
 -13.287  0.0000E+00  0.8000E+01
 -13.282  0.0000E+00  0.8000E+01
 -13.277  0.0000E+00  0.8000E+01
 -13.272  0.0000E+00  0.8000E+01
 -13.267  0.0000E+00  0.8000E+01
 -13.262  0.0000E+00  0.8000E+01
 -13.257  0.0000E+00  0.8000E+01
 -13.252  0.0000E+00  0.8000E+01
 -13.247  0.0000E+00  0.8000E+01
 -13.242  0.0000E+00  0.8000E+01
 -13.237  0.0000E+00  0.8000E+01
 -13.232  0.0000E+00  0.8000E+01
 -13.227  0.0000E+00  0.8000E+01
 -13.222  0.0000E+00  0.8000E+01
 -13.217  0.0000E+00  0.8000E+01
 -13.212  0.0000E+00  0.8000E+01
 -13.207  0.0000E+00  0.8000E+01
 -13.202  0.0000E+00  0.8000E+01
 -13.197  0.0000E+00  0.8000E+01
 -13.192  0.0000E+00  0.8000E+01
 -13.187  0.0000E+00  0.8000E+01
 -13.182  0.0000E+00  0.8000E+01
 -13.177  0.0000E+00  0.8000E+01
 -13.172  0.0000E+00  0.8000E+01
 -13.167  0.0000E+00  0.8000E+01
 -13.162  0.0000E+00  0.8000E+01
 -13.157  0.0000E+00  0.8000E+01
 -13.152  0.0000E+00  0.8000E+01
 -13.147  0.0000E+00  0.8000E+01
 -13.142  0.0000E+00  0.8000E+01
 -13.137  0.0000E+00  0.8000E+01
 -13.132  0.0000E+00  0.8000E+01
 -13.127  0.0000E+00  0.8000E+01
 -13.122  0.0000E+00  0.8000E+01
 -13.117  0.0000E+00  0.8000E+01
 -13.112  0.0000E+00  0.8000E+01
 -13.107  0.0000E+00  0.8000E+01
 -13.102  0.0000E+00  0.8000E+01
 -13.097  0.0000E+00  0.8000E+01
 -13.092  0.0000E+00  0.8000E+01
 -13.087  0.0000E+00  0.8000E+01
 -13.082  0.0000E+00  0.8000E+01
 -13.077  0.0000E+00  0.8000E+01
 -13.072  0.0000E+00  0.8000E+01
 -13.067  0.0000E+00  0.8000E+01
 -13.062  0.0000E+00  0.8000E+01
 -13.057  0.0000E+00  0.8000E+01
 -13.052  0.0000E+00  0.8000E+01
 -13.047  0.0000E+00  0.8000E+01
 -13.042  0.0000E+00  0.8000E+01
 -13.037  0.0000E+00  0.8000E+01
 -13.032  0.0000E+00  0.8000E+01
 -13.027  0.0000E+00  0.8000E+01
 -13.022  0.0000E+00  0.8000E+01
 -13.017  0.0000E+00  0.8000E+01
 -13.012  0.0000E+00  0.8000E+01
 -13.007  0.0000E+00  0.8000E+01
 -13.002  0.0000E+00  0.8000E+01
 -12.997  0.0000E+00  0.8000E+01
 -12.992  0.0000E+00  0.8000E+01
 -12.987  0.0000E+00  0.8000E+01
 -12.982  0.0000E+00  0.8000E+01
 -12.977  0.0000E+00  0.8000E+01
 -12.972  0.0000E+00  0.8000E+01
 -12.967  0.0000E+00  0.8000E+01
 -12.962  0.0000E+00  0.8000E+01
 -12.957  0.0000E+00  0.8000E+01
 -12.952  0.0000E+00  0.8000E+01
 -12.947  0.0000E+00  0.8000E+01
 -12.942  0.0000E+00  0.8000E+01
 -12.937  0.0000E+00  0.8000E+01
 -12.932  0.0000E+00  0.8000E+01
 -12.927  0.0000E+00  0.8000E+01
 -12.922  0.0000E+00  0.8000E+01
 -12.917  0.0000E+00  0.8000E+01
 -12.912  0.0000E+00  0.8000E+01
 -12.907  0.0000E+00  0.8000E+01
 -12.902  0.0000E+00  0.8000E+01
 -12.897  0.0000E+00  0.8000E+01
 -12.892  0.0000E+00  0.8000E+01
 -12.887  0.0000E+00  0.8000E+01
 -12.882  0.0000E+00  0.8000E+01
 -12.877  0.0000E+00  0.8000E+01
 -12.872  0.0000E+00  0.8000E+01
 -12.867  0.0000E+00  0.8000E+01
 -12.862  0.0000E+00  0.8000E+01
 -12.857  0.0000E+00  0.8000E+01
 -12.852  0.0000E+00  0.8000E+01
 -12.847  0.0000E+00  0.8000E+01
 -12.842  0.0000E+00  0.8000E+01
 -12.837  0.0000E+00  0.8000E+01
 -12.832  0.0000E+00  0.8000E+01
 -12.827  0.0000E+00  0.8000E+01
 -12.822  0.0000E+00  0.8000E+01
 -12.817  0.0000E+00  0.8000E+01
 -12.812  0.0000E+00  0.8000E+01
 -12.807  0.0000E+00  0.8000E+01
 -12.802  0.0000E+00  0.8000E+01
 -12.797  0.0000E+00  0.8000E+01
 -12.792  0.0000E+00  0.8000E+01
 -12.787  0.0000E+00  0.8000E+01
 -12.782  0.0000E+00  0.8000E+01
 -12.777  0.0000E+00  0.8000E+01
 -12.772  0.0000E+00  0.8000E+01
 -12.767  0.0000E+00  0.8000E+01
 -12.762  0.0000E+00  0.8000E+01
 -12.757  0.0000E+00  0.8000E+01
 -12.752  0.0000E+00  0.8000E+01
 -12.747  0.0000E+00  0.8000E+01
 -12.742  0.0000E+00  0.8000E+01
 -12.737  0.0000E+00  0.8000E+01
 -12.732  0.0000E+00  0.8000E+01
 -12.727  0.0000E+00  0.8000E+01
 -12.722  0.0000E+00  0.8000E+01
 -12.717  0.0000E+00  0.8000E+01
 -12.712  0.0000E+00  0.8000E+01
 -12.707  0.0000E+00  0.8000E+01
 -12.702  0.0000E+00  0.8000E+01
 -12.697  0.0000E+00  0.8000E+01
 -12.692  0.0000E+00  0.8000E+01
 -12.687  0.0000E+00  0.8000E+01
 -12.682  0.0000E+00  0.8000E+01
 -12.677  0.0000E+00  0.8000E+01
 -12.672  0.0000E+00  0.8000E+01
 -12.667  0.0000E+00  0.8000E+01
 -12.662  0.0000E+00  0.8000E+01
 -12.657  0.0000E+00  0.8000E+01
 -12.652  0.0000E+00  0.8000E+01
 -12.647  0.0000E+00  0.8000E+01
 -12.642  0.0000E+00  0.8000E+01
 -12.637  0.0000E+00  0.8000E+01
 -12.632  0.0000E+00  0.8000E+01
 -12.627  0.0000E+00  0.8000E+01
 -12.622  0.0000E+00  0.8000E+01
 -12.617  0.0000E+00  0.8000E+01
 -12.612  0.0000E+00  0.8000E+01
 -12.607  0.0000E+00  0.8000E+01
 -12.602  0.0000E+00  0.8000E+01
 -12.597  0.0000E+00  0.8000E+01
 -12.592  0.0000E+00  0.8000E+01
 -12.587  0.0000E+00  0.8000E+01
 -12.582  0.0000E+00  0.8000E+01
 -12.577  0.0000E+00  0.8000E+01
 -12.572  0.0000E+00  0.8000E+01
 -12.567  0.0000E+00  0.8000E+01
 -12.562  0.0000E+00  0.8000E+01
 -12.557  0.0000E+00  0.8000E+01
 -12.552  0.0000E+00  0.8000E+01
 -12.547  0.0000E+00  0.8000E+01
 -12.542  0.0000E+00  0.8000E+01
 -12.537  0.0000E+00  0.8000E+01
 -12.532  0.0000E+00  0.8000E+01
 -12.527  0.0000E+00  0.8000E+01
 -12.522  0.0000E+00  0.8000E+01
 -12.517  0.0000E+00  0.8000E+01
 -12.512  0.0000E+00  0.8000E+01
 -12.507  0.0000E+00  0.8000E+01
 -12.502  0.0000E+00  0.8000E+01
 -12.497  0.0000E+00  0.8000E+01
 -12.492  0.0000E+00  0.8000E+01
 -12.487  0.0000E+00  0.8000E+01
 -12.482  0.0000E+00  0.8000E+01
 -12.477  0.0000E+00  0.8000E+01
 -12.472  0.0000E+00  0.8000E+01
 -12.467  0.0000E+00  0.8000E+01
 -12.462  0.0000E+00  0.8000E+01
 -12.457  0.0000E+00  0.8000E+01
 -12.452  0.0000E+00  0.8000E+01
 -12.447  0.0000E+00  0.8000E+01
 -12.442  0.0000E+00  0.8000E+01
 -12.437  0.0000E+00  0.8000E+01
 -12.432  0.0000E+00  0.8000E+01
 -12.427  0.0000E+00  0.8000E+01
 -12.422  0.0000E+00  0.8000E+01
 -12.417  0.0000E+00  0.8000E+01
 -12.412  0.0000E+00  0.8000E+01
 -12.407  0.0000E+00  0.8000E+01
 -12.402  0.0000E+00  0.8000E+01
 -12.397  0.0000E+00  0.8000E+01
 -12.392  0.0000E+00  0.8000E+01
 -12.387  0.0000E+00  0.8000E+01
 -12.382  0.0000E+00  0.8000E+01
 -12.377  0.0000E+00  0.8000E+01
 -12.372  0.0000E+00  0.8000E+01
 -12.367  0.0000E+00  0.8000E+01
 -12.362  0.0000E+00  0.8000E+01
 -12.357  0.0000E+00  0.8000E+01
 -12.352  0.0000E+00  0.8000E+01
 -12.347  0.0000E+00  0.8000E+01
 -12.342  0.0000E+00  0.8000E+01
 -12.337  0.0000E+00  0.8000E+01
 -12.332  0.0000E+00  0.8000E+01
 -12.327  0.0000E+00  0.8000E+01
 -12.322  0.0000E+00  0.8000E+01
 -12.317  0.0000E+00  0.8000E+01
 -12.312  0.0000E+00  0.8000E+01
 -12.307  0.0000E+00  0.8000E+01
 -12.302  0.0000E+00  0.8000E+01
 -12.297  0.0000E+00  0.8000E+01
 -12.292  0.0000E+00  0.8000E+01
 -12.287  0.0000E+00  0.8000E+01
 -12.282  0.0000E+00  0.8000E+01
 -12.277  0.0000E+00  0.8000E+01
 -12.272  0.0000E+00  0.8000E+01
 -12.267  0.0000E+00  0.8000E+01
 -12.262  0.0000E+00  0.8000E+01
 -12.257  0.0000E+00  0.8000E+01
 -12.252  0.0000E+00  0.8000E+01
 -12.247  0.0000E+00  0.8000E+01
 -12.242  0.0000E+00  0.8000E+01
 -12.237  0.0000E+00  0.8000E+01
 -12.232  0.0000E+00  0.8000E+01
 -12.227  0.0000E+00  0.8000E+01
 -12.222  0.0000E+00  0.8000E+01
 -12.217  0.0000E+00  0.8000E+01
 -12.212  0.0000E+00  0.8000E+01
 -12.207  0.0000E+00  0.8000E+01
 -12.202  0.0000E+00  0.8000E+01
 -12.197  0.0000E+00  0.8000E+01
 -12.192  0.0000E+00  0.8000E+01
 -12.187  0.0000E+00  0.8000E+01
 -12.182  0.0000E+00  0.8000E+01
 -12.177  0.0000E+00  0.8000E+01
 -12.172  0.0000E+00  0.8000E+01
 -12.167  0.0000E+00  0.8000E+01
 -12.162  0.0000E+00  0.8000E+01
 -12.157  0.0000E+00  0.8000E+01
 -12.152  0.0000E+00  0.8000E+01
 -12.147  0.0000E+00  0.8000E+01
 -12.142  0.0000E+00  0.8000E+01
 -12.137  0.0000E+00  0.8000E+01
 -12.132  0.0000E+00  0.8000E+01
 -12.127  0.0000E+00  0.8000E+01
 -12.122  0.0000E+00  0.8000E+01
 -12.117  0.0000E+00  0.8000E+01
 -12.112  0.0000E+00  0.8000E+01
 -12.107  0.0000E+00  0.8000E+01
 -12.102  0.0000E+00  0.8000E+01
 -12.097  0.0000E+00  0.8000E+01
 -12.092  0.0000E+00  0.8000E+01
 -12.087  0.0000E+00  0.8000E+01
 -12.082  0.0000E+00  0.8000E+01
 -12.077  0.0000E+00  0.8000E+01
 -12.072  0.0000E+00  0.8000E+01
 -12.067  0.0000E+00  0.8000E+01
 -12.062  0.0000E+00  0.8000E+01
 -12.057  0.0000E+00  0.8000E+01
 -12.052  0.0000E+00  0.8000E+01
 -12.047  0.0000E+00  0.8000E+01
 -12.042  0.0000E+00  0.8000E+01
 -12.037  0.0000E+00  0.8000E+01
 -12.032  0.0000E+00  0.8000E+01
 -12.027  0.0000E+00  0.8000E+01
 -12.022  0.0000E+00  0.8000E+01
 -12.017  0.0000E+00  0.8000E+01
 -12.012  0.0000E+00  0.8000E+01
 -12.007  0.0000E+00  0.8000E+01
 -12.002  0.0000E+00  0.8000E+01
 -11.997  0.0000E+00  0.8000E+01
 -11.992  0.0000E+00  0.8000E+01
 -11.987  0.0000E+00  0.8000E+01
 -11.982  0.0000E+00  0.8000E+01
 -11.977  0.0000E+00  0.8000E+01
 -11.972  0.0000E+00  0.8000E+01
 -11.967  0.0000E+00  0.8000E+01
 -11.962  0.0000E+00  0.8000E+01
 -11.957  0.0000E+00  0.8000E+01
 -11.952  0.0000E+00  0.8000E+01
 -11.947  0.0000E+00  0.8000E+01
 -11.942  0.0000E+00  0.8000E+01
 -11.937  0.0000E+00  0.8000E+01
 -11.932  0.0000E+00  0.8000E+01
 -11.927  0.0000E+00  0.8000E+01
 -11.922  0.0000E+00  0.8000E+01
 -11.917  0.0000E+00  0.8000E+01
 -11.912  0.0000E+00  0.8000E+01
 -11.907  0.0000E+00  0.8000E+01
 -11.902  0.0000E+00  0.8000E+01
 -11.897  0.0000E+00  0.8000E+01
 -11.892  0.0000E+00  0.8000E+01
 -11.887  0.0000E+00  0.8000E+01
 -11.882  0.0000E+00  0.8000E+01
 -11.877  0.0000E+00  0.8000E+01
 -11.872  0.0000E+00  0.8000E+01
 -11.867  0.0000E+00  0.8000E+01
 -11.862  0.0000E+00  0.8000E+01
 -11.857  0.0000E+00  0.8000E+01
 -11.852  0.0000E+00  0.8000E+01
 -11.847  0.0000E+00  0.8000E+01
 -11.842  0.0000E+00  0.8000E+01
 -11.837  0.0000E+00  0.8000E+01
 -11.832  0.0000E+00  0.8000E+01
 -11.827  0.0000E+00  0.8000E+01
 -11.822  0.0000E+00  0.8000E+01
 -11.817  0.0000E+00  0.8000E+01
 -11.812  0.0000E+00  0.8000E+01
 -11.807  0.0000E+00  0.8000E+01
 -11.802  0.0000E+00  0.8000E+01
 -11.797  0.0000E+00  0.8000E+01
 -11.792  0.0000E+00  0.8000E+01
 -11.787  0.0000E+00  0.8000E+01
 -11.782  0.0000E+00  0.8000E+01
 -11.777  0.0000E+00  0.8000E+01
 -11.772  0.0000E+00  0.8000E+01
 -11.767  0.0000E+00  0.8000E+01
 -11.762  0.0000E+00  0.8000E+01
 -11.757  0.0000E+00  0.8000E+01
 -11.752  0.0000E+00  0.8000E+01
 -11.747  0.0000E+00  0.8000E+01
 -11.742  0.0000E+00  0.8000E+01
 -11.737  0.0000E+00  0.8000E+01
 -11.732  0.0000E+00  0.8000E+01
 -11.727  0.0000E+00  0.8000E+01
 -11.722  0.0000E+00  0.8000E+01
 -11.717  0.0000E+00  0.8000E+01
 -11.712  0.0000E+00  0.8000E+01
 -11.707  0.0000E+00  0.8000E+01
 -11.702  0.0000E+00  0.8000E+01
 -11.697  0.0000E+00  0.8000E+01
 -11.692  0.0000E+00  0.8000E+01
 -11.687  0.0000E+00  0.8000E+01
 -11.682  0.0000E+00  0.8000E+01
 -11.677  0.0000E+00  0.8000E+01
 -11.672  0.0000E+00  0.8000E+01
 -11.667  0.0000E+00  0.8000E+01
 -11.662  0.0000E+00  0.8000E+01
 -11.657  0.0000E+00  0.8000E+01
 -11.652  0.0000E+00  0.8000E+01
 -11.647  0.0000E+00  0.8000E+01
 -11.642  0.0000E+00  0.8000E+01
 -11.637  0.0000E+00  0.8000E+01
 -11.632  0.0000E+00  0.8000E+01
 -11.627  0.0000E+00  0.8000E+01
 -11.622  0.0000E+00  0.8000E+01
 -11.617  0.0000E+00  0.8000E+01
 -11.612  0.0000E+00  0.8000E+01
 -11.607  0.0000E+00  0.8000E+01
 -11.602  0.0000E+00  0.8000E+01
 -11.597  0.0000E+00  0.8000E+01
 -11.592  0.0000E+00  0.8000E+01
 -11.587  0.0000E+00  0.8000E+01
 -11.582  0.0000E+00  0.8000E+01
 -11.577  0.0000E+00  0.8000E+01
 -11.572  0.0000E+00  0.8000E+01
 -11.567  0.0000E+00  0.8000E+01
 -11.562  0.0000E+00  0.8000E+01
 -11.557  0.0000E+00  0.8000E+01
 -11.552  0.0000E+00  0.8000E+01
 -11.547  0.0000E+00  0.8000E+01
 -11.542  0.0000E+00  0.8000E+01
 -11.537  0.0000E+00  0.8000E+01
 -11.532  0.0000E+00  0.8000E+01
 -11.527  0.0000E+00  0.8000E+01
 -11.522  0.0000E+00  0.8000E+01
 -11.517  0.0000E+00  0.8000E+01
 -11.512  0.0000E+00  0.8000E+01
 -11.507  0.0000E+00  0.8000E+01
 -11.502  0.0000E+00  0.8000E+01
 -11.497  0.0000E+00  0.8000E+01
 -11.492  0.0000E+00  0.8000E+01
 -11.487  0.0000E+00  0.8000E+01
 -11.482  0.0000E+00  0.8000E+01
 -11.477  0.0000E+00  0.8000E+01
 -11.472  0.0000E+00  0.8000E+01
 -11.467  0.0000E+00  0.8000E+01
 -11.462  0.0000E+00  0.8000E+01
 -11.457  0.0000E+00  0.8000E+01
 -11.452  0.0000E+00  0.8000E+01
 -11.447  0.0000E+00  0.8000E+01
 -11.442  0.0000E+00  0.8000E+01
 -11.437  0.0000E+00  0.8000E+01
 -11.432  0.0000E+00  0.8000E+01
 -11.427  0.0000E+00  0.8000E+01
 -11.422  0.0000E+00  0.8000E+01
 -11.417  0.0000E+00  0.8000E+01
 -11.412  0.0000E+00  0.8000E+01
 -11.407  0.0000E+00  0.8000E+01
 -11.402  0.0000E+00  0.8000E+01
 -11.397  0.0000E+00  0.8000E+01
 -11.392  0.0000E+00  0.8000E+01
 -11.387  0.0000E+00  0.8000E+01
 -11.382  0.0000E+00  0.8000E+01
 -11.377  0.0000E+00  0.8000E+01
 -11.372  0.0000E+00  0.8000E+01
 -11.367  0.0000E+00  0.8000E+01
 -11.362  0.0000E+00  0.8000E+01
 -11.357  0.0000E+00  0.8000E+01
 -11.352  0.0000E+00  0.8000E+01
 -11.347  0.0000E+00  0.8000E+01
 -11.342  0.0000E+00  0.8000E+01
 -11.337  0.0000E+00  0.8000E+01
 -11.332  0.0000E+00  0.8000E+01
 -11.327  0.0000E+00  0.8000E+01
 -11.322  0.0000E+00  0.8000E+01
 -11.317  0.0000E+00  0.8000E+01
 -11.312  0.0000E+00  0.8000E+01
 -11.307  0.0000E+00  0.8000E+01
 -11.302  0.0000E+00  0.8000E+01
 -11.297  0.0000E+00  0.8000E+01
 -11.292  0.0000E+00  0.8000E+01
 -11.287  0.0000E+00  0.8000E+01
 -11.282  0.0000E+00  0.8000E+01
 -11.277  0.0000E+00  0.8000E+01
 -11.272  0.0000E+00  0.8000E+01
 -11.267  0.0000E+00  0.8000E+01
 -11.262  0.0000E+00  0.8000E+01
 -11.257  0.0000E+00  0.8000E+01
 -11.252  0.0000E+00  0.8000E+01
 -11.247  0.0000E+00  0.8000E+01
 -11.242  0.0000E+00  0.8000E+01
 -11.237  0.0000E+00  0.8000E+01
 -11.232  0.0000E+00  0.8000E+01
 -11.227  0.0000E+00  0.8000E+01
 -11.222  0.0000E+00  0.8000E+01
 -11.217  0.0000E+00  0.8000E+01
 -11.212  0.0000E+00  0.8000E+01
 -11.207  0.0000E+00  0.8000E+01
 -11.202  0.0000E+00  0.8000E+01
 -11.197  0.0000E+00  0.8000E+01
 -11.192  0.0000E+00  0.8000E+01
 -11.187  0.0000E+00  0.8000E+01
 -11.182  0.0000E+00  0.8000E+01
 -11.177  0.0000E+00  0.8000E+01
 -11.172  0.0000E+00  0.8000E+01
 -11.167  0.0000E+00  0.8000E+01
 -11.162  0.0000E+00  0.8000E+01
 -11.157  0.0000E+00  0.8000E+01
 -11.152  0.0000E+00  0.8000E+01
 -11.147  0.0000E+00  0.8000E+01
 -11.142  0.0000E+00  0.8000E+01
 -11.137  0.0000E+00  0.8000E+01
 -11.132  0.0000E+00  0.8000E+01
 -11.127  0.0000E+00  0.8000E+01
 -11.122  0.0000E+00  0.8000E+01
 -11.117  0.0000E+00  0.8000E+01
 -11.112  0.0000E+00  0.8000E+01
 -11.107  0.0000E+00  0.8000E+01
 -11.102  0.0000E+00  0.8000E+01
 -11.097  0.0000E+00  0.8000E+01
 -11.092  0.0000E+00  0.8000E+01
 -11.087  0.0000E+00  0.8000E+01
 -11.082  0.0000E+00  0.8000E+01
 -11.077  0.0000E+00  0.8000E+01
 -11.072  0.0000E+00  0.8000E+01
 -11.067  0.0000E+00  0.8000E+01
 -11.062  0.0000E+00  0.8000E+01
 -11.057  0.0000E+00  0.8000E+01
 -11.052  0.0000E+00  0.8000E+01
 -11.047  0.0000E+00  0.8000E+01
 -11.042  0.0000E+00  0.8000E+01
 -11.037  0.0000E+00  0.8000E+01
 -11.032  0.0000E+00  0.8000E+01
 -11.027  0.0000E+00  0.8000E+01
 -11.022  0.0000E+00  0.8000E+01
 -11.017  0.0000E+00  0.8000E+01
 -11.012  0.0000E+00  0.8000E+01
 -11.007  0.0000E+00  0.8000E+01
 -11.002  0.0000E+00  0.8000E+01
 -10.997  0.0000E+00  0.8000E+01
 -10.992  0.0000E+00  0.8000E+01
 -10.987  0.0000E+00  0.8000E+01
 -10.982  0.0000E+00  0.8000E+01
 -10.977  0.0000E+00  0.8000E+01
 -10.972  0.0000E+00  0.8000E+01
 -10.967  0.0000E+00  0.8000E+01
 -10.962  0.0000E+00  0.8000E+01
 -10.957  0.0000E+00  0.8000E+01
 -10.952  0.0000E+00  0.8000E+01
 -10.947  0.0000E+00  0.8000E+01
 -10.942  0.0000E+00  0.8000E+01
 -10.937  0.0000E+00  0.8000E+01
 -10.932  0.0000E+00  0.8000E+01
 -10.927  0.0000E+00  0.8000E+01
 -10.922  0.0000E+00  0.8000E+01
 -10.917  0.0000E+00  0.8000E+01
 -10.912  0.0000E+00  0.8000E+01
 -10.907  0.0000E+00  0.8000E+01
 -10.902  0.0000E+00  0.8000E+01
 -10.897  0.0000E+00  0.8000E+01
 -10.892  0.0000E+00  0.8000E+01
 -10.887  0.0000E+00  0.8000E+01
 -10.882  0.0000E+00  0.8000E+01
 -10.877  0.0000E+00  0.8000E+01
 -10.872  0.0000E+00  0.8000E+01
 -10.867  0.0000E+00  0.8000E+01
 -10.862  0.0000E+00  0.8000E+01
 -10.857  0.0000E+00  0.8000E+01
 -10.852  0.0000E+00  0.8000E+01
 -10.847  0.0000E+00  0.8000E+01
 -10.842  0.0000E+00  0.8000E+01
 -10.837  0.0000E+00  0.8000E+01
 -10.832  0.0000E+00  0.8000E+01
 -10.827  0.0000E+00  0.8000E+01
 -10.822  0.0000E+00  0.8000E+01
 -10.817  0.0000E+00  0.8000E+01
 -10.812  0.0000E+00  0.8000E+01
 -10.807  0.0000E+00  0.8000E+01
 -10.802  0.0000E+00  0.8000E+01
 -10.797  0.0000E+00  0.8000E+01
 -10.792  0.0000E+00  0.8000E+01
 -10.787  0.0000E+00  0.8000E+01
 -10.782  0.0000E+00  0.8000E+01
 -10.777  0.0000E+00  0.8000E+01
 -10.772  0.0000E+00  0.8000E+01
 -10.767  0.0000E+00  0.8000E+01
 -10.762  0.0000E+00  0.8000E+01
 -10.757  0.0000E+00  0.8000E+01
 -10.752  0.0000E+00  0.8000E+01
 -10.747  0.0000E+00  0.8000E+01
 -10.742  0.0000E+00  0.8000E+01
 -10.737  0.0000E+00  0.8000E+01
 -10.732  0.0000E+00  0.8000E+01
 -10.727  0.0000E+00  0.8000E+01
 -10.722  0.0000E+00  0.8000E+01
 -10.717  0.0000E+00  0.8000E+01
 -10.712  0.0000E+00  0.8000E+01
 -10.707  0.0000E+00  0.8000E+01
 -10.702  0.0000E+00  0.8000E+01
 -10.697  0.0000E+00  0.8000E+01
 -10.692  0.0000E+00  0.8000E+01
 -10.687  0.0000E+00  0.8000E+01
 -10.682  0.0000E+00  0.8000E+01
 -10.677  0.0000E+00  0.8000E+01
 -10.672  0.0000E+00  0.8000E+01
 -10.667  0.0000E+00  0.8000E+01
 -10.662  0.0000E+00  0.8000E+01
 -10.657  0.0000E+00  0.8000E+01
 -10.652  0.0000E+00  0.8000E+01
 -10.647  0.0000E+00  0.8000E+01
 -10.642  0.0000E+00  0.8000E+01
 -10.637  0.0000E+00  0.8000E+01
 -10.632  0.0000E+00  0.8000E+01
 -10.627  0.0000E+00  0.8000E+01
 -10.622  0.0000E+00  0.8000E+01
 -10.617  0.0000E+00  0.8000E+01
 -10.612  0.0000E+00  0.8000E+01
 -10.607  0.0000E+00  0.8000E+01
 -10.602  0.0000E+00  0.8000E+01
 -10.597  0.0000E+00  0.8000E+01
 -10.592  0.0000E+00  0.8000E+01
 -10.587  0.0000E+00  0.8000E+01
 -10.582  0.0000E+00  0.8000E+01
 -10.577  0.0000E+00  0.8000E+01
 -10.572  0.0000E+00  0.8000E+01
 -10.567  0.0000E+00  0.8000E+01
 -10.562  0.0000E+00  0.8000E+01
 -10.557  0.0000E+00  0.8000E+01
 -10.552  0.0000E+00  0.8000E+01
 -10.547  0.0000E+00  0.8000E+01
 -10.542  0.0000E+00  0.8000E+01
 -10.537  0.0000E+00  0.8000E+01
 -10.532  0.0000E+00  0.8000E+01
 -10.527  0.0000E+00  0.8000E+01
 -10.522  0.0000E+00  0.8000E+01
 -10.517  0.0000E+00  0.8000E+01
 -10.512  0.0000E+00  0.8000E+01
 -10.507  0.0000E+00  0.8000E+01
 -10.502  0.0000E+00  0.8000E+01
 -10.497  0.0000E+00  0.8000E+01
 -10.492  0.0000E+00  0.8000E+01
 -10.487  0.0000E+00  0.8000E+01
 -10.482  0.0000E+00  0.8000E+01
 -10.477  0.0000E+00  0.8000E+01
 -10.472  0.0000E+00  0.8000E+01
 -10.467  0.0000E+00  0.8000E+01
 -10.462  0.0000E+00  0.8000E+01
 -10.457  0.0000E+00  0.8000E+01
 -10.452  0.0000E+00  0.8000E+01
 -10.447  0.0000E+00  0.8000E+01
 -10.442  0.0000E+00  0.8000E+01
 -10.437  0.0000E+00  0.8000E+01
 -10.432  0.0000E+00  0.8000E+01
 -10.427  0.0000E+00  0.8000E+01
 -10.422  0.0000E+00  0.8000E+01
 -10.417  0.0000E+00  0.8000E+01
 -10.412  0.0000E+00  0.8000E+01
 -10.407  0.0000E+00  0.8000E+01
 -10.402  0.0000E+00  0.8000E+01
 -10.397  0.0000E+00  0.8000E+01
 -10.392  0.0000E+00  0.8000E+01
 -10.387  0.0000E+00  0.8000E+01
 -10.382  0.0000E+00  0.8000E+01
 -10.377  0.0000E+00  0.8000E+01
 -10.372  0.0000E+00  0.8000E+01
 -10.367  0.0000E+00  0.8000E+01
 -10.362  0.0000E+00  0.8000E+01
 -10.357  0.0000E+00  0.8000E+01
 -10.352  0.0000E+00  0.8000E+01
 -10.347  0.0000E+00  0.8000E+01
 -10.342  0.0000E+00  0.8000E+01
 -10.337  0.0000E+00  0.8000E+01
 -10.332  0.0000E+00  0.8000E+01
 -10.327  0.0000E+00  0.8000E+01
 -10.322  0.0000E+00  0.8000E+01
 -10.317  0.0000E+00  0.8000E+01
 -10.312  0.0000E+00  0.8000E+01
 -10.307  0.0000E+00  0.8000E+01
 -10.302  0.0000E+00  0.8000E+01
 -10.297  0.0000E+00  0.8000E+01
 -10.292  0.0000E+00  0.8000E+01
 -10.287  0.0000E+00  0.8000E+01
 -10.282  0.0000E+00  0.8000E+01
 -10.277  0.0000E+00  0.8000E+01
 -10.272  0.0000E+00  0.8000E+01
 -10.267  0.0000E+00  0.8000E+01
 -10.262  0.0000E+00  0.8000E+01
 -10.257  0.0000E+00  0.8000E+01
 -10.252  0.0000E+00  0.8000E+01
 -10.247  0.0000E+00  0.8000E+01
 -10.242  0.0000E+00  0.8000E+01
 -10.237  0.0000E+00  0.8000E+01
 -10.232  0.0000E+00  0.8000E+01
 -10.227  0.0000E+00  0.8000E+01
 -10.222  0.0000E+00  0.8000E+01
 -10.217  0.0000E+00  0.8000E+01
 -10.212  0.0000E+00  0.8000E+01
 -10.207  0.0000E+00  0.8000E+01
 -10.202  0.0000E+00  0.8000E+01
 -10.197  0.0000E+00  0.8000E+01
 -10.192  0.0000E+00  0.8000E+01
 -10.187  0.0000E+00  0.8000E+01
 -10.182  0.0000E+00  0.8000E+01
 -10.177  0.0000E+00  0.8000E+01
 -10.172  0.0000E+00  0.8000E+01
 -10.167  0.0000E+00  0.8000E+01
 -10.162  0.0000E+00  0.8000E+01
 -10.157  0.0000E+00  0.8000E+01
 -10.152  0.0000E+00  0.8000E+01
 -10.147  0.0000E+00  0.8000E+01
 -10.142  0.0000E+00  0.8000E+01
 -10.137  0.0000E+00  0.8000E+01
 -10.132  0.0000E+00  0.8000E+01
 -10.127  0.0000E+00  0.8000E+01
 -10.122  0.0000E+00  0.8000E+01
 -10.117  0.0000E+00  0.8000E+01
 -10.112  0.0000E+00  0.8000E+01
 -10.107  0.0000E+00  0.8000E+01
 -10.102  0.0000E+00  0.8000E+01
 -10.097  0.0000E+00  0.8000E+01
 -10.092  0.0000E+00  0.8000E+01
 -10.087  0.0000E+00  0.8000E+01
 -10.082  0.0000E+00  0.8000E+01
 -10.077  0.0000E+00  0.8000E+01
 -10.072  0.0000E+00  0.8000E+01
 -10.067  0.0000E+00  0.8000E+01
 -10.062  0.0000E+00  0.8000E+01
 -10.057  0.0000E+00  0.8000E+01
 -10.052  0.0000E+00  0.8000E+01
 -10.047  0.0000E+00  0.8000E+01
 -10.042  0.0000E+00  0.8000E+01
 -10.037  0.0000E+00  0.8000E+01
 -10.032  0.0000E+00  0.8000E+01
 -10.027  0.0000E+00  0.8000E+01
 -10.022  0.0000E+00  0.8000E+01
 -10.017  0.0000E+00  0.8000E+01
 -10.012  0.0000E+00  0.8000E+01
 -10.007  0.0000E+00  0.8000E+01
 -10.002  0.0000E+00  0.8000E+01
  -9.997  0.0000E+00  0.8000E+01
  -9.992  0.0000E+00  0.8000E+01
  -9.987  0.0000E+00  0.8000E+01
  -9.982  0.0000E+00  0.8000E+01
  -9.977  0.0000E+00  0.8000E+01
  -9.972  0.0000E+00  0.8000E+01
  -9.967  0.0000E+00  0.8000E+01
  -9.962  0.0000E+00  0.8000E+01
  -9.957  0.0000E+00  0.8000E+01
  -9.952  0.0000E+00  0.8000E+01
  -9.947  0.0000E+00  0.8000E+01
  -9.942  0.0000E+00  0.8000E+01
  -9.937  0.0000E+00  0.8000E+01
  -9.932  0.0000E+00  0.8000E+01
  -9.927  0.0000E+00  0.8000E+01
  -9.922  0.0000E+00  0.8000E+01
  -9.917  0.0000E+00  0.8000E+01
  -9.912  0.0000E+00  0.8000E+01
  -9.907  0.0000E+00  0.8000E+01
  -9.902  0.0000E+00  0.8000E+01
  -9.897  0.0000E+00  0.8000E+01
  -9.892  0.0000E+00  0.8000E+01
  -9.887  0.0000E+00  0.8000E+01
  -9.882  0.0000E+00  0.8000E+01
  -9.877  0.0000E+00  0.8000E+01
  -9.872  0.0000E+00  0.8000E+01
  -9.867  0.0000E+00  0.8000E+01
  -9.862  0.0000E+00  0.8000E+01
  -9.857  0.0000E+00  0.8000E+01
  -9.852  0.0000E+00  0.8000E+01
  -9.847  0.0000E+00  0.8000E+01
  -9.842  0.0000E+00  0.8000E+01
  -9.837  0.0000E+00  0.8000E+01
  -9.832  0.0000E+00  0.8000E+01
  -9.827  0.0000E+00  0.8000E+01
  -9.822  0.0000E+00  0.8000E+01
  -9.817  0.0000E+00  0.8000E+01
  -9.812  0.0000E+00  0.8000E+01
  -9.807  0.0000E+00  0.8000E+01
  -9.802  0.0000E+00  0.8000E+01
  -9.797  0.0000E+00  0.8000E+01
  -9.792  0.0000E+00  0.8000E+01
  -9.787  0.0000E+00  0.8000E+01
  -9.782  0.0000E+00  0.8000E+01
  -9.777  0.0000E+00  0.8000E+01
  -9.772  0.0000E+00  0.8000E+01
  -9.767  0.0000E+00  0.8000E+01
  -9.762  0.0000E+00  0.8000E+01
  -9.757  0.0000E+00  0.8000E+01
  -9.752  0.0000E+00  0.8000E+01
  -9.747  0.0000E+00  0.8000E+01
  -9.742  0.0000E+00  0.8000E+01
  -9.737  0.0000E+00  0.8000E+01
  -9.732  0.0000E+00  0.8000E+01
  -9.727  0.0000E+00  0.8000E+01
  -9.722  0.0000E+00  0.8000E+01
  -9.717  0.0000E+00  0.8000E+01
  -9.712  0.0000E+00  0.8000E+01
  -9.707  0.0000E+00  0.8000E+01
  -9.702  0.0000E+00  0.8000E+01
  -9.697  0.0000E+00  0.8000E+01
  -9.692  0.0000E+00  0.8000E+01
  -9.687  0.0000E+00  0.8000E+01
  -9.682  0.0000E+00  0.8000E+01
  -9.677  0.0000E+00  0.8000E+01
  -9.672  0.0000E+00  0.8000E+01
  -9.667  0.0000E+00  0.8000E+01
  -9.662  0.0000E+00  0.8000E+01
  -9.657  0.0000E+00  0.8000E+01
  -9.652  0.0000E+00  0.8000E+01
  -9.647  0.0000E+00  0.8000E+01
  -9.642  0.0000E+00  0.8000E+01
  -9.637  0.0000E+00  0.8000E+01
  -9.632  0.0000E+00  0.8000E+01
  -9.627  0.0000E+00  0.8000E+01
  -9.622  0.0000E+00  0.8000E+01
  -9.617  0.0000E+00  0.8000E+01
  -9.612  0.0000E+00  0.8000E+01
  -9.607  0.0000E+00  0.8000E+01
  -9.602  0.0000E+00  0.8000E+01
  -9.597  0.0000E+00  0.8000E+01
  -9.592  0.0000E+00  0.8000E+01
  -9.587  0.0000E+00  0.8000E+01
  -9.582  0.0000E+00  0.8000E+01
  -9.577  0.0000E+00  0.8000E+01
  -9.572  0.0000E+00  0.8000E+01
  -9.567  0.0000E+00  0.8000E+01
  -9.562  0.0000E+00  0.8000E+01
  -9.557  0.0000E+00  0.8000E+01
  -9.552  0.0000E+00  0.8000E+01
  -9.547  0.0000E+00  0.8000E+01
  -9.542  0.0000E+00  0.8000E+01
  -9.537  0.0000E+00  0.8000E+01
  -9.532  0.0000E+00  0.8000E+01
  -9.527  0.0000E+00  0.8000E+01
  -9.522  0.0000E+00  0.8000E+01
  -9.517  0.0000E+00  0.8000E+01
  -9.512  0.0000E+00  0.8000E+01
  -9.507  0.0000E+00  0.8000E+01
  -9.502  0.0000E+00  0.8000E+01
  -9.497  0.0000E+00  0.8000E+01
  -9.492  0.0000E+00  0.8000E+01
  -9.487  0.0000E+00  0.8000E+01
  -9.482  0.0000E+00  0.8000E+01
  -9.477  0.0000E+00  0.8000E+01
  -9.472  0.0000E+00  0.8000E+01
  -9.467  0.0000E+00  0.8000E+01
  -9.462  0.0000E+00  0.8000E+01
  -9.457  0.0000E+00  0.8000E+01
  -9.452  0.0000E+00  0.8000E+01
  -9.447  0.0000E+00  0.8000E+01
  -9.442  0.0000E+00  0.8000E+01
  -9.437  0.0000E+00  0.8000E+01
  -9.432  0.0000E+00  0.8000E+01
  -9.427  0.0000E+00  0.8000E+01
  -9.422  0.0000E+00  0.8000E+01
  -9.417  0.0000E+00  0.8000E+01
  -9.412  0.0000E+00  0.8000E+01
  -9.407  0.0000E+00  0.8000E+01
  -9.402  0.0000E+00  0.8000E+01
  -9.397  0.0000E+00  0.8000E+01
  -9.392  0.0000E+00  0.8000E+01
  -9.387  0.0000E+00  0.8000E+01
  -9.382  0.0000E+00  0.8000E+01
  -9.377  0.0000E+00  0.8000E+01
  -9.372  0.0000E+00  0.8000E+01
  -9.367  0.0000E+00  0.8000E+01
  -9.362  0.0000E+00  0.8000E+01
  -9.357  0.0000E+00  0.8000E+01
  -9.352  0.0000E+00  0.8000E+01
  -9.347  0.0000E+00  0.8000E+01
  -9.342  0.0000E+00  0.8000E+01
  -9.337  0.0000E+00  0.8000E+01
  -9.332  0.0000E+00  0.8000E+01
  -9.327  0.0000E+00  0.8000E+01
  -9.322  0.0000E+00  0.8000E+01
  -9.317  0.0000E+00  0.8000E+01
  -9.312  0.0000E+00  0.8000E+01
  -9.307  0.0000E+00  0.8000E+01
  -9.302  0.0000E+00  0.8000E+01
  -9.297  0.0000E+00  0.8000E+01
  -9.292  0.0000E+00  0.8000E+01
  -9.287  0.0000E+00  0.8000E+01
  -9.282  0.0000E+00  0.8000E+01
  -9.277  0.0000E+00  0.8000E+01
  -9.272  0.0000E+00  0.8000E+01
  -9.267  0.0000E+00  0.8000E+01
  -9.262  0.0000E+00  0.8000E+01
  -9.257  0.0000E+00  0.8000E+01
  -9.252  0.0000E+00  0.8000E+01
  -9.247  0.0000E+00  0.8000E+01
  -9.242  0.0000E+00  0.8000E+01
  -9.237  0.0000E+00  0.8000E+01
  -9.232  0.0000E+00  0.8000E+01
  -9.227  0.0000E+00  0.8000E+01
  -9.222  0.0000E+00  0.8000E+01
  -9.217  0.0000E+00  0.8000E+01
  -9.212  0.0000E+00  0.8000E+01
  -9.207  0.0000E+00  0.8000E+01
  -9.202  0.0000E+00  0.8000E+01
  -9.197  0.0000E+00  0.8000E+01
  -9.192  0.0000E+00  0.8000E+01
  -9.187  0.0000E+00  0.8000E+01
  -9.182  0.0000E+00  0.8000E+01
  -9.177  0.0000E+00  0.8000E+01
  -9.172  0.0000E+00  0.8000E+01
  -9.167  0.0000E+00  0.8000E+01
  -9.162  0.0000E+00  0.8000E+01
  -9.157  0.0000E+00  0.8000E+01
  -9.152  0.0000E+00  0.8000E+01
  -9.147  0.0000E+00  0.8000E+01
  -9.142  0.0000E+00  0.8000E+01
  -9.137  0.0000E+00  0.8000E+01
  -9.132  0.0000E+00  0.8000E+01
  -9.127  0.0000E+00  0.8000E+01
  -9.122  0.0000E+00  0.8000E+01
  -9.117  0.0000E+00  0.8000E+01
  -9.112  0.0000E+00  0.8000E+01
  -9.107  0.0000E+00  0.8000E+01
  -9.102  0.0000E+00  0.8000E+01
  -9.097  0.0000E+00  0.8000E+01
  -9.092  0.0000E+00  0.8000E+01
  -9.087  0.0000E+00  0.8000E+01
  -9.082  0.0000E+00  0.8000E+01
  -9.077  0.0000E+00  0.8000E+01
  -9.072  0.0000E+00  0.8000E+01
  -9.067  0.0000E+00  0.8000E+01
  -9.062  0.0000E+00  0.8000E+01
  -9.057  0.0000E+00  0.8000E+01
  -9.052  0.0000E+00  0.8000E+01
  -9.047  0.0000E+00  0.8000E+01
  -9.042  0.0000E+00  0.8000E+01
  -9.037  0.0000E+00  0.8000E+01
  -9.032  0.0000E+00  0.8000E+01
  -9.027  0.0000E+00  0.8000E+01
  -9.022  0.0000E+00  0.8000E+01
  -9.017  0.0000E+00  0.8000E+01
  -9.012  0.0000E+00  0.8000E+01
  -9.007  0.0000E+00  0.8000E+01
  -9.002  0.0000E+00  0.8000E+01
  -8.997  0.0000E+00  0.8000E+01
  -8.992  0.0000E+00  0.8000E+01
  -8.987  0.0000E+00  0.8000E+01
  -8.982  0.0000E+00  0.8000E+01
  -8.977  0.0000E+00  0.8000E+01
  -8.972  0.0000E+00  0.8000E+01
  -8.967  0.0000E+00  0.8000E+01
  -8.962  0.0000E+00  0.8000E+01
  -8.957  0.0000E+00  0.8000E+01
  -8.952  0.0000E+00  0.8000E+01
  -8.947  0.0000E+00  0.8000E+01
  -8.942  0.0000E+00  0.8000E+01
  -8.937  0.0000E+00  0.8000E+01
  -8.932  0.0000E+00  0.8000E+01
  -8.927  0.0000E+00  0.8000E+01
  -8.922  0.0000E+00  0.8000E+01
  -8.917  0.0000E+00  0.8000E+01
  -8.912  0.0000E+00  0.8000E+01
  -8.907  0.0000E+00  0.8000E+01
  -8.902  0.0000E+00  0.8000E+01
  -8.897  0.0000E+00  0.8000E+01
  -8.892  0.0000E+00  0.8000E+01
  -8.887  0.0000E+00  0.8000E+01
  -8.882  0.0000E+00  0.8000E+01
  -8.877  0.0000E+00  0.8000E+01
  -8.872  0.0000E+00  0.8000E+01
  -8.867  0.0000E+00  0.8000E+01
  -8.862  0.0000E+00  0.8000E+01
  -8.857  0.0000E+00  0.8000E+01
  -8.852  0.0000E+00  0.8000E+01
  -8.847  0.0000E+00  0.8000E+01
  -8.842  0.0000E+00  0.8000E+01
  -8.837  0.0000E+00  0.8000E+01
  -8.832  0.0000E+00  0.8000E+01
  -8.827  0.0000E+00  0.8000E+01
  -8.822  0.0000E+00  0.8000E+01
  -8.817  0.0000E+00  0.8000E+01
  -8.812  0.0000E+00  0.8000E+01
  -8.807  0.0000E+00  0.8000E+01
  -8.802  0.0000E+00  0.8000E+01
  -8.797  0.0000E+00  0.8000E+01
  -8.792  0.0000E+00  0.8000E+01
  -8.787  0.0000E+00  0.8000E+01
  -8.782  0.0000E+00  0.8000E+01
  -8.777  0.0000E+00  0.8000E+01
  -8.772  0.0000E+00  0.8000E+01
  -8.767  0.0000E+00  0.8000E+01
  -8.762  0.0000E+00  0.8000E+01
  -8.757  0.0000E+00  0.8000E+01
  -8.752  0.0000E+00  0.8000E+01
  -8.747  0.0000E+00  0.8000E+01
  -8.742  0.0000E+00  0.8000E+01
  -8.737  0.0000E+00  0.8000E+01
  -8.732  0.0000E+00  0.8000E+01
  -8.727  0.0000E+00  0.8000E+01
  -8.722  0.0000E+00  0.8000E+01
  -8.717  0.0000E+00  0.8000E+01
  -8.712  0.0000E+00  0.8000E+01
  -8.707  0.0000E+00  0.8000E+01
  -8.702  0.0000E+00  0.8000E+01
  -8.697  0.0000E+00  0.8000E+01
  -8.692  0.0000E+00  0.8000E+01
  -8.687  0.0000E+00  0.8000E+01
  -8.682  0.0000E+00  0.8000E+01
  -8.677  0.0000E+00  0.8000E+01
  -8.672  0.0000E+00  0.8000E+01
  -8.667  0.0000E+00  0.8000E+01
  -8.662  0.0000E+00  0.8000E+01
  -8.657  0.0000E+00  0.8000E+01
  -8.652  0.0000E+00  0.8000E+01
  -8.647  0.0000E+00  0.8000E+01
  -8.642  0.0000E+00  0.8000E+01
  -8.637  0.0000E+00  0.8000E+01
  -8.632  0.0000E+00  0.8000E+01
  -8.627  0.0000E+00  0.8000E+01
  -8.622  0.0000E+00  0.8000E+01
  -8.617  0.0000E+00  0.8000E+01
  -8.612  0.0000E+00  0.8000E+01
  -8.607  0.0000E+00  0.8000E+01
  -8.602  0.0000E+00  0.8000E+01
  -8.597  0.0000E+00  0.8000E+01
  -8.592  0.0000E+00  0.8000E+01
  -8.587  0.0000E+00  0.8000E+01
  -8.582  0.0000E+00  0.8000E+01
  -8.577  0.0000E+00  0.8000E+01
  -8.572  0.0000E+00  0.8000E+01
  -8.567  0.0000E+00  0.8000E+01
  -8.562  0.0000E+00  0.8000E+01
  -8.557  0.0000E+00  0.8000E+01
  -8.552  0.0000E+00  0.8000E+01
  -8.547  0.0000E+00  0.8000E+01
  -8.542  0.0000E+00  0.8000E+01
  -8.537  0.0000E+00  0.8000E+01
  -8.532  0.0000E+00  0.8000E+01
  -8.527  0.0000E+00  0.8000E+01
  -8.522  0.0000E+00  0.8000E+01
  -8.517  0.0000E+00  0.8000E+01
  -8.512  0.0000E+00  0.8000E+01
  -8.507  0.0000E+00  0.8000E+01
  -8.502  0.0000E+00  0.8000E+01
  -8.497  0.0000E+00  0.8000E+01
  -8.492  0.0000E+00  0.8000E+01
  -8.487  0.0000E+00  0.8000E+01
  -8.482  0.0000E+00  0.8000E+01
  -8.477  0.0000E+00  0.8000E+01
  -8.472  0.0000E+00  0.8000E+01
  -8.467  0.0000E+00  0.8000E+01
  -8.462  0.0000E+00  0.8000E+01
  -8.457  0.0000E+00  0.8000E+01
  -8.452  0.0000E+00  0.8000E+01
  -8.447  0.0000E+00  0.8000E+01
  -8.442  0.0000E+00  0.8000E+01
  -8.437  0.0000E+00  0.8000E+01
  -8.432  0.0000E+00  0.8000E+01
  -8.427  0.0000E+00  0.8000E+01
  -8.422  0.0000E+00  0.8000E+01
  -8.417  0.0000E+00  0.8000E+01
  -8.412  0.0000E+00  0.8000E+01
  -8.407  0.0000E+00  0.8000E+01
  -8.402  0.0000E+00  0.8000E+01
  -8.397  0.0000E+00  0.8000E+01
  -8.392  0.0000E+00  0.8000E+01
  -8.387  0.0000E+00  0.8000E+01
  -8.382  0.0000E+00  0.8000E+01
  -8.377  0.0000E+00  0.8000E+01
  -8.372  0.0000E+00  0.8000E+01
  -8.367  0.0000E+00  0.8000E+01
  -8.362  0.0000E+00  0.8000E+01
  -8.357  0.0000E+00  0.8000E+01
  -8.352  0.0000E+00  0.8000E+01
  -8.347  0.0000E+00  0.8000E+01
  -8.342  0.0000E+00  0.8000E+01
  -8.337  0.0000E+00  0.8000E+01
  -8.332  0.0000E+00  0.8000E+01
  -8.327  0.0000E+00  0.8000E+01
  -8.322  0.0000E+00  0.8000E+01
  -8.317  0.0000E+00  0.8000E+01
  -8.312  0.0000E+00  0.8000E+01
  -8.307  0.0000E+00  0.8000E+01
  -8.302  0.0000E+00  0.8000E+01
  -8.297  0.0000E+00  0.8000E+01
  -8.292  0.0000E+00  0.8000E+01
  -8.287  0.0000E+00  0.8000E+01
  -8.282  0.0000E+00  0.8000E+01
  -8.277  0.0000E+00  0.8000E+01
  -8.272  0.0000E+00  0.8000E+01
  -8.267  0.0000E+00  0.8000E+01
  -8.262  0.0000E+00  0.8000E+01
  -8.257  0.0000E+00  0.8000E+01
  -8.252  0.0000E+00  0.8000E+01
  -8.247  0.0000E+00  0.8000E+01
  -8.242  0.0000E+00  0.8000E+01
  -8.237  0.0000E+00  0.8000E+01
  -8.232  0.0000E+00  0.8000E+01
  -8.227  0.0000E+00  0.8000E+01
  -8.222  0.0000E+00  0.8000E+01
  -8.217  0.0000E+00  0.8000E+01
  -8.212  0.0000E+00  0.8000E+01
  -8.207  0.0000E+00  0.8000E+01
  -8.202  0.0000E+00  0.8000E+01
  -8.197  0.0000E+00  0.8000E+01
  -8.192  0.0000E+00  0.8000E+01
  -8.187  0.0000E+00  0.8000E+01
  -8.182  0.0000E+00  0.8000E+01
  -8.177  0.0000E+00  0.8000E+01
  -8.172  0.0000E+00  0.8000E+01
  -8.167  0.0000E+00  0.8000E+01
  -8.162  0.0000E+00  0.8000E+01
  -8.157  0.0000E+00  0.8000E+01
  -8.152  0.0000E+00  0.8000E+01
  -8.147  0.0000E+00  0.8000E+01
  -8.142  0.0000E+00  0.8000E+01
  -8.137  0.0000E+00  0.8000E+01
  -8.132  0.0000E+00  0.8000E+01
  -8.127  0.0000E+00  0.8000E+01
  -8.122  0.0000E+00  0.8000E+01
  -8.117  0.0000E+00  0.8000E+01
  -8.112  0.0000E+00  0.8000E+01
  -8.107  0.0000E+00  0.8000E+01
  -8.102  0.0000E+00  0.8000E+01
  -8.097  0.0000E+00  0.8000E+01
  -8.092  0.0000E+00  0.8000E+01
  -8.087  0.0000E+00  0.8000E+01
  -8.082  0.0000E+00  0.8000E+01
  -8.077  0.0000E+00  0.8000E+01
  -8.072  0.0000E+00  0.8000E+01
  -8.067  0.0000E+00  0.8000E+01
  -8.062  0.0000E+00  0.8000E+01
  -8.057  0.0000E+00  0.8000E+01
  -8.052  0.0000E+00  0.8000E+01
  -8.047  0.0000E+00  0.8000E+01
  -8.042  0.0000E+00  0.8000E+01
  -8.037  0.0000E+00  0.8000E+01
  -8.032  0.0000E+00  0.8000E+01
  -8.027  0.0000E+00  0.8000E+01
  -8.022  0.0000E+00  0.8000E+01
  -8.017  0.0000E+00  0.8000E+01
  -8.012  0.0000E+00  0.8000E+01
  -8.007  0.0000E+00  0.8000E+01
  -8.002  0.0000E+00  0.8000E+01
  -7.997  0.0000E+00  0.8000E+01
  -7.992  0.0000E+00  0.8000E+01
  -7.987  0.0000E+00  0.8000E+01
  -7.982  0.0000E+00  0.8000E+01
  -7.977  0.0000E+00  0.8000E+01
  -7.972  0.0000E+00  0.8000E+01
  -7.967  0.0000E+00  0.8000E+01
  -7.962  0.0000E+00  0.8000E+01
  -7.957  0.0000E+00  0.8000E+01
  -7.952  0.0000E+00  0.8000E+01
  -7.947  0.0000E+00  0.8000E+01
  -7.942  0.0000E+00  0.8000E+01
  -7.937  0.0000E+00  0.8000E+01
  -7.932  0.0000E+00  0.8000E+01
  -7.927  0.0000E+00  0.8000E+01
  -7.922  0.0000E+00  0.8000E+01
  -7.917  0.0000E+00  0.8000E+01
  -7.912  0.0000E+00  0.8000E+01
  -7.907  0.0000E+00  0.8000E+01
  -7.902  0.0000E+00  0.8000E+01
  -7.897  0.0000E+00  0.8000E+01
  -7.892  0.0000E+00  0.8000E+01
  -7.887  0.0000E+00  0.8000E+01
  -7.882  0.0000E+00  0.8000E+01
  -7.877  0.0000E+00  0.8000E+01
  -7.872  0.0000E+00  0.8000E+01
  -7.867  0.0000E+00  0.8000E+01
  -7.862  0.0000E+00  0.8000E+01
  -7.857  0.0000E+00  0.8000E+01
  -7.852  0.0000E+00  0.8000E+01
  -7.847  0.0000E+00  0.8000E+01
  -7.842  0.0000E+00  0.8000E+01
  -7.837  0.0000E+00  0.8000E+01
  -7.832  0.0000E+00  0.8000E+01
  -7.827  0.0000E+00  0.8000E+01
  -7.822  0.0000E+00  0.8000E+01
  -7.817  0.0000E+00  0.8000E+01
  -7.812  0.0000E+00  0.8000E+01
  -7.807  0.0000E+00  0.8000E+01
  -7.802  0.0000E+00  0.8000E+01
  -7.797  0.0000E+00  0.8000E+01
  -7.792  0.0000E+00  0.8000E+01
  -7.787  0.0000E+00  0.8000E+01
  -7.782  0.0000E+00  0.8000E+01
  -7.777  0.0000E+00  0.8000E+01
  -7.772  0.0000E+00  0.8000E+01
  -7.767  0.0000E+00  0.8000E+01
  -7.762  0.0000E+00  0.8000E+01
  -7.757  0.0000E+00  0.8000E+01
  -7.752  0.0000E+00  0.8000E+01
  -7.747  0.0000E+00  0.8000E+01
  -7.742  0.0000E+00  0.8000E+01
  -7.737  0.0000E+00  0.8000E+01
  -7.732  0.0000E+00  0.8000E+01
  -7.727  0.0000E+00  0.8000E+01
  -7.722  0.0000E+00  0.8000E+01
  -7.717  0.0000E+00  0.8000E+01
  -7.712  0.0000E+00  0.8000E+01
  -7.707  0.0000E+00  0.8000E+01
  -7.702  0.0000E+00  0.8000E+01
  -7.697  0.0000E+00  0.8000E+01
  -7.692  0.0000E+00  0.8000E+01
  -7.687  0.0000E+00  0.8000E+01
  -7.682  0.0000E+00  0.8000E+01
  -7.677  0.0000E+00  0.8000E+01
  -7.672  0.0000E+00  0.8000E+01
  -7.667  0.0000E+00  0.8000E+01
  -7.662  0.0000E+00  0.8000E+01
  -7.657  0.0000E+00  0.8000E+01
  -7.652  0.0000E+00  0.8000E+01
  -7.647  0.0000E+00  0.8000E+01
  -7.642  0.0000E+00  0.8000E+01
  -7.637  0.0000E+00  0.8000E+01
  -7.632  0.0000E+00  0.8000E+01
  -7.627  0.0000E+00  0.8000E+01
  -7.622  0.0000E+00  0.8000E+01
  -7.617  0.0000E+00  0.8000E+01
  -7.612  0.0000E+00  0.8000E+01
  -7.607  0.0000E+00  0.8000E+01
  -7.602  0.0000E+00  0.8000E+01
  -7.597  0.0000E+00  0.8000E+01
  -7.592  0.0000E+00  0.8000E+01
  -7.587  0.0000E+00  0.8000E+01
  -7.582  0.0000E+00  0.8000E+01
  -7.577  0.0000E+00  0.8000E+01
  -7.572  0.0000E+00  0.8000E+01
  -7.567  0.0000E+00  0.8000E+01
  -7.562  0.0000E+00  0.8000E+01
  -7.557  0.0000E+00  0.8000E+01
  -7.552  0.0000E+00  0.8000E+01
  -7.547  0.0000E+00  0.8000E+01
  -7.542  0.0000E+00  0.8000E+01
  -7.537  0.0000E+00  0.8000E+01
  -7.532  0.0000E+00  0.8000E+01
  -7.527  0.0000E+00  0.8000E+01
  -7.522  0.0000E+00  0.8000E+01
  -7.517  0.0000E+00  0.8000E+01
  -7.512  0.0000E+00  0.8000E+01
  -7.507  0.0000E+00  0.8000E+01
  -7.502  0.0000E+00  0.8000E+01
  -7.497  0.0000E+00  0.8000E+01
  -7.492  0.0000E+00  0.8000E+01
  -7.487  0.0000E+00  0.8000E+01
  -7.482  0.0000E+00  0.8000E+01
  -7.477  0.0000E+00  0.8000E+01
  -7.472  0.0000E+00  0.8000E+01
  -7.467  0.0000E+00  0.8000E+01
  -7.462  0.0000E+00  0.8000E+01
  -7.457  0.0000E+00  0.8000E+01
  -7.452  0.0000E+00  0.8000E+01
  -7.447  0.0000E+00  0.8000E+01
  -7.442  0.0000E+00  0.8000E+01
  -7.437  0.0000E+00  0.8000E+01
  -7.432  0.0000E+00  0.8000E+01
  -7.427  0.0000E+00  0.8000E+01
  -7.422  0.0000E+00  0.8000E+01
  -7.417  0.0000E+00  0.8000E+01
  -7.412  0.0000E+00  0.8000E+01
  -7.407  0.0000E+00  0.8000E+01
  -7.402  0.0000E+00  0.8000E+01
  -7.397  0.0000E+00  0.8000E+01
  -7.392  0.0000E+00  0.8000E+01
  -7.387  0.0000E+00  0.8000E+01
  -7.382  0.0000E+00  0.8000E+01
  -7.377  0.0000E+00  0.8000E+01
  -7.372  0.0000E+00  0.8000E+01
  -7.367  0.0000E+00  0.8000E+01
  -7.362  0.0000E+00  0.8000E+01
  -7.357  0.0000E+00  0.8000E+01
  -7.352  0.0000E+00  0.8000E+01
  -7.347  0.0000E+00  0.8000E+01
  -7.342  0.0000E+00  0.8000E+01
  -7.337  0.0000E+00  0.8000E+01
  -7.332  0.0000E+00  0.8000E+01
  -7.327  0.0000E+00  0.8000E+01
  -7.322  0.0000E+00  0.8000E+01
  -7.317  0.0000E+00  0.8000E+01
  -7.312  0.0000E+00  0.8000E+01
  -7.307  0.0000E+00  0.8000E+01
  -7.302  0.0000E+00  0.8000E+01
  -7.297  0.0000E+00  0.8000E+01
  -7.292  0.0000E+00  0.8000E+01
  -7.287  0.0000E+00  0.8000E+01
  -7.282  0.0000E+00  0.8000E+01
  -7.277  0.0000E+00  0.8000E+01
  -7.272  0.0000E+00  0.8000E+01
  -7.267  0.0000E+00  0.8000E+01
  -7.262  0.0000E+00  0.8000E+01
  -7.257  0.0000E+00  0.8000E+01
  -7.252  0.0000E+00  0.8000E+01
  -7.247  0.0000E+00  0.8000E+01
  -7.242  0.0000E+00  0.8000E+01
  -7.237  0.0000E+00  0.8000E+01
  -7.232  0.0000E+00  0.8000E+01
  -7.227  0.0000E+00  0.8000E+01
  -7.222  0.0000E+00  0.8000E+01
  -7.217  0.0000E+00  0.8000E+01
  -7.212  0.0000E+00  0.8000E+01
  -7.207  0.0000E+00  0.8000E+01
  -7.202  0.0000E+00  0.8000E+01
  -7.197  0.0000E+00  0.8000E+01
  -7.192  0.0000E+00  0.8000E+01
  -7.187  0.0000E+00  0.8000E+01
  -7.182  0.0000E+00  0.8000E+01
  -7.177  0.0000E+00  0.8000E+01
  -7.172  0.0000E+00  0.8000E+01
  -7.167  0.0000E+00  0.8000E+01
  -7.162  0.0000E+00  0.8000E+01
  -7.157  0.0000E+00  0.8000E+01
  -7.152  0.0000E+00  0.8000E+01
  -7.147  0.0000E+00  0.8000E+01
  -7.142  0.0000E+00  0.8000E+01
  -7.137  0.0000E+00  0.8000E+01
  -7.132  0.0000E+00  0.8000E+01
  -7.127  0.0000E+00  0.8000E+01
  -7.122  0.0000E+00  0.8000E+01
  -7.117  0.0000E+00  0.8000E+01
  -7.112  0.0000E+00  0.8000E+01
  -7.107  0.0000E+00  0.8000E+01
  -7.102  0.0000E+00  0.8000E+01
  -7.097  0.0000E+00  0.8000E+01
  -7.092  0.0000E+00  0.8000E+01
  -7.087  0.0000E+00  0.8000E+01
  -7.082  0.0000E+00  0.8000E+01
  -7.077  0.0000E+00  0.8000E+01
  -7.072  0.0000E+00  0.8000E+01
  -7.067  0.0000E+00  0.8000E+01
  -7.062  0.0000E+00  0.8000E+01
  -7.057  0.0000E+00  0.8000E+01
  -7.052  0.0000E+00  0.8000E+01
  -7.047  0.0000E+00  0.8000E+01
  -7.042  0.0000E+00  0.8000E+01
  -7.037  0.0000E+00  0.8000E+01
  -7.032  0.0000E+00  0.8000E+01
  -7.027  0.0000E+00  0.8000E+01
  -7.022  0.0000E+00  0.8000E+01
  -7.017  0.0000E+00  0.8000E+01
  -7.012  0.0000E+00  0.8000E+01
  -7.007  0.0000E+00  0.8000E+01
  -7.002  0.0000E+00  0.8000E+01
  -6.997  0.0000E+00  0.8000E+01
  -6.992  0.0000E+00  0.8000E+01
  -6.987  0.0000E+00  0.8000E+01
  -6.982  0.0000E+00  0.8000E+01
  -6.977  0.0000E+00  0.8000E+01
  -6.972  0.0000E+00  0.8000E+01
  -6.967  0.0000E+00  0.8000E+01
  -6.962  0.0000E+00  0.8000E+01
  -6.957  0.0000E+00  0.8000E+01
  -6.952  0.0000E+00  0.8000E+01
  -6.947  0.0000E+00  0.8000E+01
  -6.942  0.0000E+00  0.8000E+01
  -6.937  0.0000E+00  0.8000E+01
  -6.932  0.0000E+00  0.8000E+01
  -6.927  0.0000E+00  0.8000E+01
  -6.922  0.0000E+00  0.8000E+01
  -6.917  0.0000E+00  0.8000E+01
  -6.912  0.0000E+00  0.8000E+01
  -6.907  0.0000E+00  0.8000E+01
  -6.902  0.0000E+00  0.8000E+01
  -6.897  0.0000E+00  0.8000E+01
  -6.892  0.0000E+00  0.8000E+01
  -6.887  0.0000E+00  0.8000E+01
  -6.882  0.0000E+00  0.8000E+01
  -6.877  0.0000E+00  0.8000E+01
  -6.872  0.0000E+00  0.8000E+01
  -6.867  0.0000E+00  0.8000E+01
  -6.862  0.0000E+00  0.8000E+01
  -6.857  0.0000E+00  0.8000E+01
  -6.852  0.0000E+00  0.8000E+01
  -6.847  0.0000E+00  0.8000E+01
  -6.842  0.0000E+00  0.8000E+01
  -6.837  0.0000E+00  0.8000E+01
  -6.832  0.0000E+00  0.8000E+01
  -6.827  0.0000E+00  0.8000E+01
  -6.822  0.0000E+00  0.8000E+01
  -6.817  0.0000E+00  0.8000E+01
  -6.812  0.0000E+00  0.8000E+01
  -6.807  0.0000E+00  0.8000E+01
  -6.802  0.0000E+00  0.8000E+01
  -6.797  0.0000E+00  0.8000E+01
  -6.792  0.0000E+00  0.8000E+01
  -6.787  0.0000E+00  0.8000E+01
  -6.782  0.0000E+00  0.8000E+01
  -6.777  0.0000E+00  0.8000E+01
  -6.772  0.0000E+00  0.8000E+01
  -6.767  0.0000E+00  0.8000E+01
  -6.762  0.0000E+00  0.8000E+01
  -6.757  0.0000E+00  0.8000E+01
  -6.752  0.0000E+00  0.8000E+01
  -6.747  0.0000E+00  0.8000E+01
  -6.742  0.0000E+00  0.8000E+01
  -6.737  0.0000E+00  0.8000E+01
  -6.732  0.0000E+00  0.8000E+01
  -6.727  0.0000E+00  0.8000E+01
  -6.722  0.0000E+00  0.8000E+01
  -6.717  0.0000E+00  0.8000E+01
  -6.712  0.0000E+00  0.8000E+01
  -6.707  0.0000E+00  0.8000E+01
  -6.702  0.0000E+00  0.8000E+01
  -6.697  0.0000E+00  0.8000E+01
  -6.692  0.0000E+00  0.8000E+01
  -6.687  0.0000E+00  0.8000E+01
  -6.682  0.0000E+00  0.8000E+01
  -6.677  0.0000E+00  0.8000E+01
  -6.672  0.0000E+00  0.8000E+01
  -6.667  0.0000E+00  0.8000E+01
  -6.662  0.0000E+00  0.8000E+01
  -6.657  0.0000E+00  0.8000E+01
  -6.652  0.0000E+00  0.8000E+01
  -6.647  0.0000E+00  0.8000E+01
  -6.642  0.0000E+00  0.8000E+01
  -6.637  0.0000E+00  0.8000E+01
  -6.632  0.0000E+00  0.8000E+01
  -6.627  0.0000E+00  0.8000E+01
  -6.622  0.0000E+00  0.8000E+01
  -6.617  0.0000E+00  0.8000E+01
  -6.612  0.0000E+00  0.8000E+01
  -6.607  0.0000E+00  0.8000E+01
  -6.602  0.0000E+00  0.8000E+01
  -6.597  0.0000E+00  0.8000E+01
  -6.592  0.0000E+00  0.8000E+01
  -6.587  0.0000E+00  0.8000E+01
  -6.582  0.0000E+00  0.8000E+01
  -6.577  0.0000E+00  0.8000E+01
  -6.572  0.0000E+00  0.8000E+01
  -6.567  0.0000E+00  0.8000E+01
  -6.562  0.0000E+00  0.8000E+01
  -6.557  0.0000E+00  0.8000E+01
  -6.552  0.0000E+00  0.8000E+01
  -6.547  0.0000E+00  0.8000E+01
  -6.542  0.0000E+00  0.8000E+01
  -6.537  0.0000E+00  0.8000E+01
  -6.532  0.0000E+00  0.8000E+01
  -6.527  0.0000E+00  0.8000E+01
  -6.522  0.0000E+00  0.8000E+01
  -6.517  0.0000E+00  0.8000E+01
  -6.512  0.0000E+00  0.8000E+01
  -6.507  0.0000E+00  0.8000E+01
  -6.502  0.0000E+00  0.8000E+01
  -6.497  0.0000E+00  0.8000E+01
  -6.492  0.0000E+00  0.8000E+01
  -6.487  0.0000E+00  0.8000E+01
  -6.482  0.0000E+00  0.8000E+01
  -6.477  0.0000E+00  0.8000E+01
  -6.472  0.0000E+00  0.8000E+01
  -6.467  0.0000E+00  0.8000E+01
  -6.462  0.0000E+00  0.8000E+01
  -6.457  0.0000E+00  0.8000E+01
  -6.452  0.0000E+00  0.8000E+01
  -6.447  0.0000E+00  0.8000E+01
  -6.442  0.0000E+00  0.8000E+01
  -6.437  0.0000E+00  0.8000E+01
  -6.432  0.0000E+00  0.8000E+01
  -6.427  0.0000E+00  0.8000E+01
  -6.422  0.0000E+00  0.8000E+01
  -6.417  0.0000E+00  0.8000E+01
  -6.412  0.0000E+00  0.8000E+01
  -6.407  0.0000E+00  0.8000E+01
  -6.402  0.0000E+00  0.8000E+01
  -6.397  0.0000E+00  0.8000E+01
  -6.392  0.0000E+00  0.8000E+01
  -6.387  0.0000E+00  0.8000E+01
  -6.382  0.0000E+00  0.8000E+01
  -6.377  0.0000E+00  0.8000E+01
  -6.372  0.0000E+00  0.8000E+01
  -6.367  0.0000E+00  0.8000E+01
  -6.362  0.0000E+00  0.8000E+01
  -6.357  0.0000E+00  0.8000E+01
  -6.352  0.0000E+00  0.8000E+01
  -6.347  0.0000E+00  0.8000E+01
  -6.342  0.0000E+00  0.8000E+01
  -6.337  0.0000E+00  0.8000E+01
  -6.332  0.0000E+00  0.8000E+01
  -6.327  0.0000E+00  0.8000E+01
  -6.322  0.0000E+00  0.8000E+01
  -6.317  0.0000E+00  0.8000E+01
  -6.312  0.0000E+00  0.8000E+01
  -6.307  0.0000E+00  0.8000E+01
  -6.302  0.0000E+00  0.8000E+01
  -6.297  0.0000E+00  0.8000E+01
  -6.292  0.0000E+00  0.8000E+01
  -6.287  0.0000E+00  0.8000E+01
  -6.282  0.0000E+00  0.8000E+01
  -6.277  0.0000E+00  0.8000E+01
  -6.272  0.0000E+00  0.8000E+01
  -6.267  0.0000E+00  0.8000E+01
  -6.262  0.0000E+00  0.8000E+01
  -6.257  0.0000E+00  0.8000E+01
  -6.252  0.0000E+00  0.8000E+01
  -6.247  0.0000E+00  0.8000E+01
  -6.242  0.0000E+00  0.8000E+01
  -6.237  0.0000E+00  0.8000E+01
  -6.232  0.0000E+00  0.8000E+01
  -6.227  0.0000E+00  0.8000E+01
  -6.222  0.0000E+00  0.8000E+01
  -6.217  0.0000E+00  0.8000E+01
  -6.212  0.0000E+00  0.8000E+01
  -6.207  0.0000E+00  0.8000E+01
  -6.202  0.0000E+00  0.8000E+01
  -6.197  0.0000E+00  0.8000E+01
  -6.192  0.0000E+00  0.8000E+01
  -6.187  0.0000E+00  0.8000E+01
  -6.182  0.0000E+00  0.8000E+01
  -6.177  0.0000E+00  0.8000E+01
  -6.172  0.0000E+00  0.8000E+01
  -6.167  0.0000E+00  0.8000E+01
  -6.162  0.0000E+00  0.8000E+01
  -6.157  0.0000E+00  0.8000E+01
  -6.152  0.0000E+00  0.8000E+01
  -6.147  0.0000E+00  0.8000E+01
  -6.142  0.0000E+00  0.8000E+01
  -6.137  0.0000E+00  0.8000E+01
  -6.132  0.0000E+00  0.8000E+01
  -6.127  0.0000E+00  0.8000E+01
  -6.122  0.0000E+00  0.8000E+01
  -6.117  0.0000E+00  0.8000E+01
  -6.112  0.0000E+00  0.8000E+01
  -6.107  0.0000E+00  0.8000E+01
  -6.102  0.0000E+00  0.8000E+01
  -6.097  0.0000E+00  0.8000E+01
  -6.092  0.0000E+00  0.8000E+01
  -6.087  0.0000E+00  0.8000E+01
  -6.082  0.0000E+00  0.8000E+01
  -6.077  0.0000E+00  0.8000E+01
  -6.072  0.0000E+00  0.8000E+01
  -6.067  0.0000E+00  0.8000E+01
  -6.062  0.0000E+00  0.8000E+01
  -6.057  0.0000E+00  0.8000E+01
  -6.052  0.0000E+00  0.8000E+01
  -6.047  0.0000E+00  0.8000E+01
  -6.042  0.0000E+00  0.8000E+01
  -6.037  0.0000E+00  0.8000E+01
  -6.032  0.0000E+00  0.8000E+01
  -6.027  0.0000E+00  0.8000E+01
  -6.022  0.0000E+00  0.8000E+01
  -6.017  0.0000E+00  0.8000E+01
  -6.012  0.0000E+00  0.8000E+01
  -6.007  0.0000E+00  0.8000E+01
  -6.002  0.0000E+00  0.8000E+01
  -5.997  0.0000E+00  0.8000E+01
  -5.992  0.0000E+00  0.8000E+01
  -5.987  0.0000E+00  0.8000E+01
  -5.982  0.0000E+00  0.8000E+01
  -5.977  0.0000E+00  0.8000E+01
  -5.972  0.0000E+00  0.8000E+01
  -5.967  0.0000E+00  0.8000E+01
  -5.962  0.0000E+00  0.8000E+01
  -5.957  0.0000E+00  0.8000E+01
  -5.952  0.0000E+00  0.8000E+01
  -5.947  0.0000E+00  0.8000E+01
  -5.942  0.0000E+00  0.8000E+01
  -5.937  0.0000E+00  0.8000E+01
  -5.932  0.0000E+00  0.8000E+01
  -5.927  0.0000E+00  0.8000E+01
  -5.922  0.0000E+00  0.8000E+01
  -5.917  0.0000E+00  0.8000E+01
  -5.912  0.0000E+00  0.8000E+01
  -5.907  0.0000E+00  0.8000E+01
  -5.902  0.0000E+00  0.8000E+01
  -5.897  0.0000E+00  0.8000E+01
  -5.892  0.0000E+00  0.8000E+01
  -5.887  0.0000E+00  0.8000E+01
  -5.882  0.0000E+00  0.8000E+01
  -5.877  0.0000E+00  0.8000E+01
  -5.872  0.0000E+00  0.8000E+01
  -5.867  0.0000E+00  0.8000E+01
  -5.862  0.0000E+00  0.8000E+01
  -5.857  0.0000E+00  0.8000E+01
  -5.852  0.0000E+00  0.8000E+01
  -5.847  0.0000E+00  0.8000E+01
  -5.842  0.0000E+00  0.8000E+01
  -5.837  0.0000E+00  0.8000E+01
  -5.832  0.0000E+00  0.8000E+01
  -5.827  0.0000E+00  0.8000E+01
  -5.822  0.0000E+00  0.8000E+01
  -5.817  0.0000E+00  0.8000E+01
  -5.812  0.0000E+00  0.8000E+01
  -5.807  0.0000E+00  0.8000E+01
  -5.802  0.0000E+00  0.8000E+01
  -5.797  0.0000E+00  0.8000E+01
  -5.792  0.0000E+00  0.8000E+01
  -5.787  0.0000E+00  0.8000E+01
  -5.782  0.0000E+00  0.8000E+01
  -5.777  0.0000E+00  0.8000E+01
  -5.772  0.0000E+00  0.8000E+01
  -5.767  0.0000E+00  0.8000E+01
  -5.762  0.0000E+00  0.8000E+01
  -5.757  0.0000E+00  0.8000E+01
  -5.752  0.0000E+00  0.8000E+01
  -5.747  0.0000E+00  0.8000E+01
  -5.742  0.0000E+00  0.8000E+01
  -5.737  0.0000E+00  0.8000E+01
  -5.732  0.0000E+00  0.8000E+01
  -5.727  0.0000E+00  0.8000E+01
  -5.722  0.0000E+00  0.8000E+01
  -5.717  0.0000E+00  0.8000E+01
  -5.712  0.0000E+00  0.8000E+01
  -5.707  0.0000E+00  0.8000E+01
  -5.702  0.0000E+00  0.8000E+01
  -5.697  0.0000E+00  0.8000E+01
  -5.692  0.0000E+00  0.8000E+01
  -5.687  0.0000E+00  0.8000E+01
  -5.682  0.0000E+00  0.8000E+01
  -5.677  0.0000E+00  0.8000E+01
  -5.672  0.0000E+00  0.8000E+01
  -5.667  0.0000E+00  0.8000E+01
  -5.662  0.0000E+00  0.8000E+01
  -5.657  0.0000E+00  0.8000E+01
  -5.652  0.0000E+00  0.8000E+01
  -5.647  0.0000E+00  0.8000E+01
  -5.642  0.0000E+00  0.8000E+01
  -5.637  0.0000E+00  0.8000E+01
  -5.632  0.0000E+00  0.8000E+01
  -5.627  0.0000E+00  0.8000E+01
  -5.622  0.0000E+00  0.8000E+01
  -5.617  0.0000E+00  0.8000E+01
  -5.612  0.0000E+00  0.8000E+01
  -5.607  0.0000E+00  0.8000E+01
  -5.602  0.0000E+00  0.8000E+01
  -5.597  0.0000E+00  0.8000E+01
  -5.592  0.0000E+00  0.8000E+01
  -5.587  0.0000E+00  0.8000E+01
  -5.582  0.0000E+00  0.8000E+01
  -5.577  0.0000E+00  0.8000E+01
  -5.572  0.0000E+00  0.8000E+01
  -5.567  0.0000E+00  0.8000E+01
  -5.562  0.0000E+00  0.8000E+01
  -5.557  0.0000E+00  0.8000E+01
  -5.552  0.0000E+00  0.8000E+01
  -5.547  0.0000E+00  0.8000E+01
  -5.542  0.0000E+00  0.8000E+01
  -5.537  0.0000E+00  0.8000E+01
  -5.532  0.0000E+00  0.8000E+01
  -5.527  0.0000E+00  0.8000E+01
  -5.522  0.0000E+00  0.8000E+01
  -5.517  0.0000E+00  0.8000E+01
  -5.512  0.0000E+00  0.8000E+01
  -5.507  0.0000E+00  0.8000E+01
  -5.502  0.0000E+00  0.8000E+01
  -5.497  0.0000E+00  0.8000E+01
  -5.492  0.0000E+00  0.8000E+01
  -5.487  0.0000E+00  0.8000E+01
  -5.482  0.0000E+00  0.8000E+01
  -5.477  0.0000E+00  0.8000E+01
  -5.472  0.0000E+00  0.8000E+01
  -5.467  0.0000E+00  0.8000E+01
  -5.462  0.0000E+00  0.8000E+01
  -5.457  0.0000E+00  0.8000E+01
  -5.452  0.0000E+00  0.8000E+01
  -5.447  0.0000E+00  0.8000E+01
  -5.442  0.0000E+00  0.8000E+01
  -5.437  0.0000E+00  0.8000E+01
  -5.432  0.0000E+00  0.8000E+01
  -5.427  0.0000E+00  0.8000E+01
  -5.422  0.0000E+00  0.8000E+01
  -5.417  0.0000E+00  0.8000E+01
  -5.412  0.0000E+00  0.8000E+01
  -5.407  0.0000E+00  0.8000E+01
  -5.402  0.0000E+00  0.8000E+01
  -5.397  0.0000E+00  0.8000E+01
  -5.392  0.0000E+00  0.8000E+01
  -5.387  0.0000E+00  0.8000E+01
  -5.382  0.0000E+00  0.8000E+01
  -5.377  0.0000E+00  0.8000E+01
  -5.372  0.0000E+00  0.8000E+01
  -5.367  0.0000E+00  0.8000E+01
  -5.362  0.0000E+00  0.8000E+01
  -5.357  0.0000E+00  0.8000E+01
  -5.352  0.0000E+00  0.8000E+01
  -5.347  0.0000E+00  0.8000E+01
  -5.342  0.0000E+00  0.8000E+01
  -5.337  0.0000E+00  0.8000E+01
  -5.332  0.0000E+00  0.8000E+01
  -5.327  0.0000E+00  0.8000E+01
  -5.322  0.0000E+00  0.8000E+01
  -5.317  0.0000E+00  0.8000E+01
  -5.312  0.0000E+00  0.8000E+01
  -5.307  0.0000E+00  0.8000E+01
  -5.302  0.0000E+00  0.8000E+01
  -5.297  0.0000E+00  0.8000E+01
  -5.292  0.0000E+00  0.8000E+01
  -5.287  0.0000E+00  0.8000E+01
  -5.282  0.0000E+00  0.8000E+01
  -5.277  0.0000E+00  0.8000E+01
  -5.272  0.0000E+00  0.8000E+01
  -5.267  0.0000E+00  0.8000E+01
  -5.262  0.0000E+00  0.8000E+01
  -5.257  0.0000E+00  0.8000E+01
  -5.252  0.0000E+00  0.8000E+01
  -5.247  0.0000E+00  0.8000E+01
  -5.242  0.0000E+00  0.8000E+01
  -5.237  0.0000E+00  0.8000E+01
  -5.232  0.0000E+00  0.8000E+01
  -5.227  0.0000E+00  0.8000E+01
  -5.222  0.0000E+00  0.8000E+01
  -5.217  0.0000E+00  0.8000E+01
  -5.212  0.0000E+00  0.8000E+01
  -5.207  0.0000E+00  0.8000E+01
  -5.202  0.0000E+00  0.8000E+01
  -5.197  0.0000E+00  0.8000E+01
  -5.192  0.0000E+00  0.8000E+01
  -5.187  0.0000E+00  0.8000E+01
  -5.182  0.0000E+00  0.8000E+01
  -5.177  0.0000E+00  0.8000E+01
  -5.172  0.0000E+00  0.8000E+01
  -5.167  0.4139E-04  0.8000E+01
  -5.162  0.8002E-02  0.8000E+01
  -5.157  0.2975E-01  0.8000E+01
  -5.152  0.6528E-01  0.8000E+01
  -5.147  0.1146E+00  0.8001E+01
  -5.142  0.3685E+00  0.8002E+01
  -5.137  0.2416E+00  0.8003E+01
  -5.132  0.2713E+00  0.8005E+01
  -5.127  0.3025E+00  0.8006E+01
  -5.122  0.3351E+00  0.8008E+01
  -5.117  0.3691E+00  0.8010E+01
  -5.112  0.4044E+00  0.8011E+01
  -5.107  0.4548E+00  0.8014E+01
  -5.102  0.5004E+00  0.8016E+01
  -5.097  0.5338E+00  0.8019E+01
  -5.092  0.5549E+00  0.8021E+01
  -5.087  0.5360E+00  0.8024E+01
  -5.082  0.5448E+00  0.8027E+01
  -5.077  0.5681E+00  0.8030E+01
  -5.072  0.5928E+00  0.8032E+01
  -5.067  0.6189E+00  0.8035E+01
  -5.062  0.6465E+00  0.8039E+01
  -5.057  0.6755E+00  0.8042E+01
  -5.052  0.7056E+00  0.8045E+01
  -5.047  0.7361E+00  0.8049E+01
  -5.042  0.7669E+00  0.8053E+01
  -5.037  0.7976E+00  0.8057E+01
  -5.032  0.8166E+00  0.8061E+01
  -5.027  0.8360E+00  0.8065E+01
  -5.022  0.8565E+00  0.8069E+01
  -5.017  0.8764E+00  0.8073E+01
  -5.012  0.8959E+00  0.8078E+01
  -5.007  0.9132E+00  0.8082E+01
  -5.002  0.9274E+00  0.8087E+01
  -4.997  0.9470E+00  0.8092E+01
  -4.992  0.9719E+00  0.8096E+01
  -4.987  0.1000E+01  0.8101E+01
  -4.982  0.1031E+01  0.8106E+01
  -4.977  0.1062E+01  0.8112E+01
  -4.972  0.1094E+01  0.8117E+01
  -4.967  0.1127E+01  0.8123E+01
  -4.962  0.1160E+01  0.8128E+01
  -4.957  0.1191E+01  0.8134E+01
  -4.952  0.1215E+01  0.8140E+01
  -4.947  0.1234E+01  0.8146E+01
  -4.942  0.1264E+01  0.8153E+01
  -4.937  0.1293E+01  0.8159E+01
  -4.932  0.1321E+01  0.8166E+01
  -4.927  0.1350E+01  0.8172E+01
  -4.922  0.1380E+01  0.8179E+01
  -4.917  0.1409E+01  0.8186E+01
  -4.912  0.1439E+01  0.8193E+01
  -4.907  0.1469E+01  0.8200E+01
  -4.902  0.1498E+01  0.8208E+01
  -4.897  0.1531E+01  0.8215E+01
  -4.892  0.1569E+01  0.8223E+01
  -4.887  0.1608E+01  0.8231E+01
  -4.882  0.1650E+01  0.8239E+01
  -4.877  0.1694E+01  0.8248E+01
  -4.872  0.1738E+01  0.8256E+01
  -4.867  0.1784E+01  0.8265E+01
  -4.862  0.1825E+01  0.8274E+01
  -4.857  0.1864E+01  0.8283E+01
  -4.852  0.1904E+01  0.8293E+01
  -4.847  0.1942E+01  0.8302E+01
  -4.842  0.1992E+01  0.8312E+01
  -4.837  0.2050E+01  0.8322E+01
  -4.832  0.2102E+01  0.8333E+01
  -4.827  0.2155E+01  0.8343E+01
  -4.822  0.2208E+01  0.8354E+01
  -4.817  0.2262E+01  0.8365E+01
  -4.812  0.2317E+01  0.8377E+01
  -4.807  0.2373E+01  0.8388E+01
  -4.802  0.2431E+01  0.8400E+01
  -4.797  0.2495E+01  0.8413E+01
  -4.792  0.2566E+01  0.8425E+01
  -4.787  0.2640E+01  0.8438E+01
  -4.782  0.2719E+01  0.8452E+01
  -4.777  0.2801E+01  0.8466E+01
  -4.772  0.2890E+01  0.8480E+01
  -4.767  0.2986E+01  0.8495E+01
  -4.762  0.3078E+01  0.8510E+01
  -4.757  0.3171E+01  0.8525E+01
  -4.752  0.3282E+01  0.8541E+01
  -4.747  0.3424E+01  0.8558E+01
  -4.742  0.3553E+01  0.8576E+01
  -4.737  0.3688E+01  0.8594E+01
  -4.732  0.3828E+01  0.8613E+01
  -4.727  0.3975E+01  0.8632E+01
  -4.722  0.4137E+01  0.8652E+01
  -4.717  0.4334E+01  0.8673E+01
  -4.712  0.4558E+01  0.8696E+01
  -4.707  0.4806E+01  0.8719E+01
  -4.702  0.5077E+01  0.8744E+01
  -4.697  0.5393E+01  0.8770E+01
  -4.692  0.6527E+01  0.8799E+01
  -4.687  0.6419E+01  0.8832E+01
  -4.682  0.6383E+01  0.8864E+01
  -4.677  0.6459E+01  0.8896E+01
  -4.672  0.6527E+01  0.8929E+01
  -4.667  0.6581E+01  0.8961E+01
  -4.662  0.6511E+01  0.8994E+01
  -4.657  0.6523E+01  0.9027E+01
  -4.652  0.6606E+01  0.9060E+01
  -4.647  0.6675E+01  0.9093E+01
  -4.642  0.6787E+01  0.9126E+01
  -4.637  0.6870E+01  0.9160E+01
  -4.632  0.6939E+01  0.9195E+01
  -4.627  0.7030E+01  0.9230E+01
  -4.622  0.7096E+01  0.9265E+01
  -4.617  0.7160E+01  0.9301E+01
  -4.612  0.7240E+01  0.9337E+01
  -4.607  0.7320E+01  0.9373E+01
  -4.602  0.7382E+01  0.9410E+01
  -4.597  0.7549E+01  0.9447E+01
  -4.592  0.7689E+01  0.9485E+01
  -4.587  0.7840E+01  0.9524E+01
  -4.582  0.8027E+01  0.9564E+01
  -4.577  0.8194E+01  0.9604E+01
  -4.572  0.8353E+01  0.9646E+01
  -4.567  0.8528E+01  0.9688E+01
  -4.562  0.9003E+01  0.9731E+01
  -4.557  0.9366E+01  0.9777E+01
  -4.552  0.9798E+01  0.9825E+01
  -4.547  0.1030E+02  0.9875E+01
  -4.542  0.1037E+02  0.9928E+01
  -4.537  0.7907E+01  0.9973E+01
  -4.532  0.1943E+01  0.9998E+01
  -4.527  0.0000E+00  0.1000E+02
  -4.522  0.0000E+00  0.1000E+02
  -4.517  0.0000E+00  0.1000E+02
  -4.512  0.0000E+00  0.1000E+02
  -4.507  0.0000E+00  0.1000E+02
  -4.502  0.0000E+00  0.1000E+02
  -4.497  0.0000E+00  0.1000E+02
  -4.492  0.0000E+00  0.1000E+02
  -4.487  0.0000E+00  0.1000E+02
  -4.482  0.0000E+00  0.1000E+02
  -4.477  0.0000E+00  0.1000E+02
  -4.472  0.0000E+00  0.1000E+02
  -4.467  0.0000E+00  0.1000E+02
  -4.462  0.0000E+00  0.1000E+02
  -4.457  0.0000E+00  0.1000E+02
  -4.452  0.0000E+00  0.1000E+02
  -4.447  0.0000E+00  0.1000E+02
  -4.442  0.0000E+00  0.1000E+02
  -4.437  0.0000E+00  0.1000E+02
  -4.432  0.0000E+00  0.1000E+02
  -4.427  0.0000E+00  0.1000E+02
  -4.422  0.0000E+00  0.1000E+02
  -4.417  0.0000E+00  0.1000E+02
  -4.412  0.0000E+00  0.1000E+02
  -4.407  0.0000E+00  0.1000E+02
  -4.402  0.0000E+00  0.1000E+02
  -4.397  0.0000E+00  0.1000E+02
  -4.392  0.0000E+00  0.1000E+02
  -4.387  0.0000E+00  0.1000E+02
  -4.382  0.0000E+00  0.1000E+02
  -4.377  0.0000E+00  0.1000E+02
  -4.372  0.0000E+00  0.1000E+02
  -4.367  0.0000E+00  0.1000E+02
  -4.362  0.0000E+00  0.1000E+02
  -4.357  0.0000E+00  0.1000E+02
  -4.352  0.0000E+00  0.1000E+02
  -4.347  0.0000E+00  0.1000E+02
  -4.342  0.0000E+00  0.1000E+02
  -4.337  0.0000E+00  0.1000E+02
  -4.332  0.0000E+00  0.1000E+02
  -4.327  0.0000E+00  0.1000E+02
  -4.322  0.0000E+00  0.1000E+02
  -4.317  0.0000E+00  0.1000E+02
  -4.312  0.0000E+00  0.1000E+02
  -4.307  0.0000E+00  0.1000E+02
  -4.302  0.0000E+00  0.1000E+02
  -4.297  0.0000E+00  0.1000E+02
  -4.292  0.0000E+00  0.1000E+02
  -4.287  0.0000E+00  0.1000E+02
  -4.282  0.0000E+00  0.1000E+02
  -4.277  0.0000E+00  0.1000E+02
  -4.272  0.0000E+00  0.1000E+02
  -4.267  0.0000E+00  0.1000E+02
  -4.262  0.0000E+00  0.1000E+02
  -4.257  0.0000E+00  0.1000E+02
  -4.252  0.0000E+00  0.1000E+02
  -4.247  0.0000E+00  0.1000E+02
  -4.242  0.0000E+00  0.1000E+02
  -4.237  0.0000E+00  0.1000E+02
  -4.232  0.0000E+00  0.1000E+02
  -4.227  0.0000E+00  0.1000E+02
  -4.222  0.0000E+00  0.1000E+02
  -4.217  0.0000E+00  0.1000E+02
  -4.212  0.0000E+00  0.1000E+02
  -4.207  0.0000E+00  0.1000E+02
  -4.202  0.0000E+00  0.1000E+02
  -4.197  0.0000E+00  0.1000E+02
  -4.192  0.0000E+00  0.1000E+02
  -4.187  0.0000E+00  0.1000E+02
  -4.182  0.0000E+00  0.1000E+02
  -4.177  0.0000E+00  0.1000E+02
  -4.172  0.0000E+00  0.1000E+02
  -4.167  0.0000E+00  0.1000E+02
  -4.162  0.0000E+00  0.1000E+02
  -4.157  0.0000E+00  0.1000E+02
  -4.152  0.0000E+00  0.1000E+02
  -4.147  0.0000E+00  0.1000E+02
  -4.142  0.0000E+00  0.1000E+02
  -4.137  0.0000E+00  0.1000E+02
  -4.132  0.0000E+00  0.1000E+02
  -4.127  0.0000E+00  0.1000E+02
  -4.122  0.0000E+00  0.1000E+02
  -4.117  0.0000E+00  0.1000E+02
  -4.112  0.0000E+00  0.1000E+02
  -4.107  0.0000E+00  0.1000E+02
  -4.102  0.0000E+00  0.1000E+02
  -4.097  0.0000E+00  0.1000E+02
  -4.092  0.0000E+00  0.1000E+02
  -4.087  0.0000E+00  0.1000E+02
  -4.082  0.0000E+00  0.1000E+02
  -4.077  0.0000E+00  0.1000E+02
  -4.072  0.0000E+00  0.1000E+02
  -4.067  0.0000E+00  0.1000E+02
  -4.062  0.0000E+00  0.1000E+02
  -4.057  0.0000E+00  0.1000E+02
  -4.052  0.0000E+00  0.1000E+02
  -4.047  0.0000E+00  0.1000E+02
  -4.042  0.0000E+00  0.1000E+02
  -4.037  0.0000E+00  0.1000E+02
  -4.032  0.0000E+00  0.1000E+02
  -4.027  0.0000E+00  0.1000E+02
  -4.022  0.0000E+00  0.1000E+02
  -4.017  0.0000E+00  0.1000E+02
  -4.012  0.0000E+00  0.1000E+02
  -4.007  0.0000E+00  0.1000E+02
  -4.002  0.0000E+00  0.1000E+02
  -3.997  0.0000E+00  0.1000E+02
  -3.992  0.0000E+00  0.1000E+02
  -3.987  0.0000E+00  0.1000E+02
  -3.982  0.0000E+00  0.1000E+02
  -3.977  0.0000E+00  0.1000E+02
  -3.972  0.0000E+00  0.1000E+02
  -3.967  0.0000E+00  0.1000E+02
  -3.962  0.0000E+00  0.1000E+02
  -3.957  0.0000E+00  0.1000E+02
  -3.952  0.0000E+00  0.1000E+02
  -3.947  0.0000E+00  0.1000E+02
  -3.942  0.0000E+00  0.1000E+02
  -3.937  0.0000E+00  0.1000E+02
  -3.932  0.0000E+00  0.1000E+02
  -3.927  0.0000E+00  0.1000E+02
  -3.922  0.0000E+00  0.1000E+02
  -3.917  0.0000E+00  0.1000E+02
  -3.912  0.0000E+00  0.1000E+02
  -3.907  0.0000E+00  0.1000E+02
  -3.902  0.0000E+00  0.1000E+02
  -3.897  0.0000E+00  0.1000E+02
  -3.892  0.0000E+00  0.1000E+02
  -3.887  0.0000E+00  0.1000E+02
  -3.882  0.0000E+00  0.1000E+02
  -3.877  0.0000E+00  0.1000E+02
  -3.872  0.0000E+00  0.1000E+02
  -3.867  0.0000E+00  0.1000E+02
  -3.862  0.0000E+00  0.1000E+02
  -3.857  0.0000E+00  0.1000E+02
  -3.852  0.0000E+00  0.1000E+02
  -3.847  0.0000E+00  0.1000E+02
  -3.842  0.0000E+00  0.1000E+02
  -3.837  0.0000E+00  0.1000E+02
  -3.832  0.0000E+00  0.1000E+02
  -3.827  0.0000E+00  0.1000E+02
  -3.822  0.0000E+00  0.1000E+02
  -3.817  0.0000E+00  0.1000E+02
  -3.812  0.0000E+00  0.1000E+02
  -3.807  0.0000E+00  0.1000E+02
  -3.802  0.0000E+00  0.1000E+02
  -3.797  0.0000E+00  0.1000E+02
  -3.792  0.0000E+00  0.1000E+02
  -3.787  0.0000E+00  0.1000E+02
  -3.782  0.0000E+00  0.1000E+02
  -3.777  0.0000E+00  0.1000E+02
  -3.772  0.0000E+00  0.1000E+02
  -3.767  0.0000E+00  0.1000E+02
  -3.762  0.0000E+00  0.1000E+02
  -3.757  0.0000E+00  0.1000E+02
  -3.752  0.0000E+00  0.1000E+02
  -3.747  0.0000E+00  0.1000E+02
  -3.742  0.0000E+00  0.1000E+02
  -3.737  0.0000E+00  0.1000E+02
  -3.732  0.0000E+00  0.1000E+02
  -3.727  0.0000E+00  0.1000E+02
  -3.722  0.0000E+00  0.1000E+02
  -3.717  0.0000E+00  0.1000E+02
  -3.712  0.0000E+00  0.1000E+02
  -3.707  0.0000E+00  0.1000E+02
  -3.702  0.0000E+00  0.1000E+02
  -3.697  0.0000E+00  0.1000E+02
  -3.692  0.0000E+00  0.1000E+02
  -3.687  0.0000E+00  0.1000E+02
  -3.682  0.0000E+00  0.1000E+02
  -3.677  0.0000E+00  0.1000E+02
  -3.672  0.0000E+00  0.1000E+02
  -3.667  0.0000E+00  0.1000E+02
  -3.662  0.0000E+00  0.1000E+02
  -3.657  0.0000E+00  0.1000E+02
  -3.652  0.0000E+00  0.1000E+02
  -3.647  0.0000E+00  0.1000E+02
  -3.642  0.0000E+00  0.1000E+02
  -3.637  0.0000E+00  0.1000E+02
  -3.632  0.0000E+00  0.1000E+02
  -3.627  0.0000E+00  0.1000E+02
  -3.622  0.0000E+00  0.1000E+02
  -3.617  0.0000E+00  0.1000E+02
  -3.612  0.0000E+00  0.1000E+02
  -3.607  0.0000E+00  0.1000E+02
  -3.602  0.0000E+00  0.1000E+02
  -3.597  0.0000E+00  0.1000E+02
  -3.592  0.0000E+00  0.1000E+02
  -3.587  0.0000E+00  0.1000E+02
  -3.582  0.0000E+00  0.1000E+02
  -3.577  0.0000E+00  0.1000E+02
  -3.572  0.0000E+00  0.1000E+02
  -3.567  0.0000E+00  0.1000E+02
  -3.562  0.0000E+00  0.1000E+02
  -3.557  0.0000E+00  0.1000E+02
  -3.552  0.0000E+00  0.1000E+02
  -3.547  0.0000E+00  0.1000E+02
  -3.542  0.0000E+00  0.1000E+02
  -3.537  0.0000E+00  0.1000E+02
  -3.532  0.0000E+00  0.1000E+02
  -3.527  0.0000E+00  0.1000E+02
  -3.522  0.0000E+00  0.1000E+02
  -3.517  0.0000E+00  0.1000E+02
  -3.512  0.0000E+00  0.1000E+02
  -3.507  0.0000E+00  0.1000E+02
  -3.502  0.0000E+00  0.1000E+02
  -3.497  0.0000E+00  0.1000E+02
  -3.492  0.0000E+00  0.1000E+02
  -3.487  0.0000E+00  0.1000E+02
  -3.482  0.0000E+00  0.1000E+02
  -3.477  0.0000E+00  0.1000E+02
  -3.472  0.0000E+00  0.1000E+02
  -3.467  0.0000E+00  0.1000E+02
  -3.462  0.0000E+00  0.1000E+02
  -3.457  0.0000E+00  0.1000E+02
  -3.452  0.0000E+00  0.1000E+02
  -3.447  0.0000E+00  0.1000E+02
  -3.442  0.0000E+00  0.1000E+02
  -3.437  0.0000E+00  0.1000E+02
  -3.432  0.0000E+00  0.1000E+02
  -3.427  0.0000E+00  0.1000E+02
  -3.422  0.0000E+00  0.1000E+02
  -3.417  0.0000E+00  0.1000E+02
  -3.412  0.0000E+00  0.1000E+02
  -3.407  0.0000E+00  0.1000E+02
  -3.402  0.0000E+00  0.1000E+02
  -3.397  0.0000E+00  0.1000E+02
  -3.392  0.0000E+00  0.1000E+02
  -3.387  0.0000E+00  0.1000E+02
  -3.382  0.0000E+00  0.1000E+02
  -3.377  0.0000E+00  0.1000E+02
  -3.372  0.0000E+00  0.1000E+02
  -3.367  0.0000E+00  0.1000E+02
  -3.362  0.0000E+00  0.1000E+02
  -3.357  0.0000E+00  0.1000E+02
  -3.352  0.0000E+00  0.1000E+02
  -3.347  0.0000E+00  0.1000E+02
  -3.342  0.0000E+00  0.1000E+02
  -3.337  0.0000E+00  0.1000E+02
  -3.332  0.0000E+00  0.1000E+02
  -3.327  0.0000E+00  0.1000E+02
  -3.322  0.0000E+00  0.1000E+02
  -3.317  0.0000E+00  0.1000E+02
  -3.312  0.0000E+00  0.1000E+02
  -3.307  0.0000E+00  0.1000E+02
  -3.302  0.0000E+00  0.1000E+02
  -3.297  0.0000E+00  0.1000E+02
  -3.292  0.0000E+00  0.1000E+02
  -3.287  0.0000E+00  0.1000E+02
  -3.282  0.0000E+00  0.1000E+02
  -3.277  0.0000E+00  0.1000E+02
  -3.272  0.0000E+00  0.1000E+02
  -3.267  0.0000E+00  0.1000E+02
  -3.262  0.0000E+00  0.1000E+02
  -3.257  0.0000E+00  0.1000E+02
  -3.252  0.0000E+00  0.1000E+02
  -3.247  0.0000E+00  0.1000E+02
  -3.242  0.0000E+00  0.1000E+02
  -3.237  0.0000E+00  0.1000E+02
  -3.232  0.0000E+00  0.1000E+02
  -3.227  0.0000E+00  0.1000E+02
  -3.222  0.0000E+00  0.1000E+02
  -3.217  0.0000E+00  0.1000E+02
  -3.212  0.0000E+00  0.1000E+02
  -3.207  0.0000E+00  0.1000E+02
  -3.202  0.0000E+00  0.1000E+02
  -3.197  0.0000E+00  0.1000E+02
  -3.192  0.0000E+00  0.1000E+02
  -3.187  0.0000E+00  0.1000E+02
  -3.182  0.0000E+00  0.1000E+02
  -3.177  0.0000E+00  0.1000E+02
  -3.172  0.0000E+00  0.1000E+02
  -3.167  0.0000E+00  0.1000E+02
  -3.162  0.0000E+00  0.1000E+02
  -3.157  0.0000E+00  0.1000E+02
  -3.152  0.0000E+00  0.1000E+02
  -3.147  0.0000E+00  0.1000E+02
  -3.142  0.0000E+00  0.1000E+02
  -3.137  0.0000E+00  0.1000E+02
  -3.132  0.0000E+00  0.1000E+02
  -3.127  0.0000E+00  0.1000E+02
  -3.122  0.0000E+00  0.1000E+02
  -3.117  0.0000E+00  0.1000E+02
  -3.112  0.0000E+00  0.1000E+02
  -3.107  0.0000E+00  0.1000E+02
  -3.102  0.0000E+00  0.1000E+02
  -3.097  0.0000E+00  0.1000E+02
  -3.092  0.0000E+00  0.1000E+02
  -3.087  0.0000E+00  0.1000E+02
  -3.082  0.0000E+00  0.1000E+02
  -3.077  0.0000E+00  0.1000E+02
  -3.072  0.0000E+00  0.1000E+02
  -3.067  0.0000E+00  0.1000E+02
  -3.062  0.0000E+00  0.1000E+02
  -3.057  0.0000E+00  0.1000E+02
  -3.052  0.0000E+00  0.1000E+02
  -3.047  0.0000E+00  0.1000E+02
  -3.042  0.0000E+00  0.1000E+02
  -3.037  0.0000E+00  0.1000E+02
  -3.032  0.0000E+00  0.1000E+02
  -3.027  0.0000E+00  0.1000E+02
  -3.022  0.0000E+00  0.1000E+02
  -3.017  0.0000E+00  0.1000E+02
  -3.012  0.0000E+00  0.1000E+02
  -3.007  0.0000E+00  0.1000E+02
  -3.002  0.0000E+00  0.1000E+02
  -2.997  0.0000E+00  0.1000E+02
  -2.992  0.0000E+00  0.1000E+02
  -2.987  0.0000E+00  0.1000E+02
  -2.982  0.0000E+00  0.1000E+02
  -2.977  0.0000E+00  0.1000E+02
  -2.972  0.0000E+00  0.1000E+02
  -2.967  0.0000E+00  0.1000E+02
  -2.962  0.0000E+00  0.1000E+02
  -2.957  0.0000E+00  0.1000E+02
  -2.952  0.0000E+00  0.1000E+02
  -2.947  0.0000E+00  0.1000E+02
  -2.942  0.0000E+00  0.1000E+02
  -2.937  0.0000E+00  0.1000E+02
  -2.932  0.0000E+00  0.1000E+02
  -2.927  0.0000E+00  0.1000E+02
  -2.922  0.0000E+00  0.1000E+02
  -2.917  0.0000E+00  0.1000E+02
  -2.912  0.0000E+00  0.1000E+02
  -2.907  0.0000E+00  0.1000E+02
  -2.902  0.0000E+00  0.1000E+02
  -2.897  0.0000E+00  0.1000E+02
  -2.892  0.0000E+00  0.1000E+02
  -2.887  0.0000E+00  0.1000E+02
  -2.882  0.0000E+00  0.1000E+02
  -2.877  0.0000E+00  0.1000E+02
  -2.872  0.0000E+00  0.1000E+02
  -2.867  0.0000E+00  0.1000E+02
  -2.862  0.0000E+00  0.1000E+02
  -2.857  0.0000E+00  0.1000E+02
  -2.852  0.0000E+00  0.1000E+02
  -2.847  0.0000E+00  0.1000E+02
  -2.842  0.0000E+00  0.1000E+02
  -2.837  0.0000E+00  0.1000E+02
  -2.832  0.0000E+00  0.1000E+02
  -2.827  0.0000E+00  0.1000E+02
  -2.822  0.0000E+00  0.1000E+02
  -2.817  0.0000E+00  0.1000E+02
  -2.812  0.0000E+00  0.1000E+02
  -2.807  0.0000E+00  0.1000E+02
  -2.802  0.0000E+00  0.1000E+02
  -2.797  0.0000E+00  0.1000E+02
  -2.792  0.0000E+00  0.1000E+02
  -2.787  0.0000E+00  0.1000E+02
  -2.782  0.0000E+00  0.1000E+02
  -2.777  0.0000E+00  0.1000E+02
  -2.772  0.0000E+00  0.1000E+02
  -2.767  0.0000E+00  0.1000E+02
  -2.762  0.0000E+00  0.1000E+02
  -2.757  0.0000E+00  0.1000E+02
  -2.752  0.0000E+00  0.1000E+02
  -2.747  0.0000E+00  0.1000E+02
  -2.742  0.0000E+00  0.1000E+02
  -2.737  0.0000E+00  0.1000E+02
  -2.732  0.0000E+00  0.1000E+02
  -2.727  0.0000E+00  0.1000E+02
  -2.722  0.0000E+00  0.1000E+02
  -2.717  0.0000E+00  0.1000E+02
  -2.712  0.0000E+00  0.1000E+02
  -2.707  0.0000E+00  0.1000E+02
  -2.702  0.0000E+00  0.1000E+02
  -2.697  0.0000E+00  0.1000E+02
  -2.692  0.0000E+00  0.1000E+02
  -2.687  0.0000E+00  0.1000E+02
  -2.682  0.0000E+00  0.1000E+02
  -2.677  0.0000E+00  0.1000E+02
  -2.672  0.0000E+00  0.1000E+02
  -2.667  0.0000E+00  0.1000E+02
  -2.662  0.0000E+00  0.1000E+02
  -2.657  0.0000E+00  0.1000E+02
  -2.652  0.0000E+00  0.1000E+02
  -2.647  0.0000E+00  0.1000E+02
  -2.642  0.0000E+00  0.1000E+02
  -2.637  0.0000E+00  0.1000E+02
  -2.632  0.0000E+00  0.1000E+02
  -2.627  0.0000E+00  0.1000E+02
  -2.622  0.0000E+00  0.1000E+02
  -2.617  0.0000E+00  0.1000E+02
  -2.612  0.0000E+00  0.1000E+02
  -2.607  0.0000E+00  0.1000E+02
  -2.602  0.0000E+00  0.1000E+02
  -2.597  0.0000E+00  0.1000E+02
  -2.592  0.0000E+00  0.1000E+02
  -2.587  0.0000E+00  0.1000E+02
  -2.582  0.0000E+00  0.1000E+02
  -2.577  0.0000E+00  0.1000E+02
  -2.572  0.0000E+00  0.1000E+02
  -2.567  0.0000E+00  0.1000E+02
  -2.562  0.0000E+00  0.1000E+02
  -2.557  0.0000E+00  0.1000E+02
  -2.552  0.0000E+00  0.1000E+02
  -2.547  0.0000E+00  0.1000E+02
  -2.542  0.0000E+00  0.1000E+02
  -2.537  0.0000E+00  0.1000E+02
  -2.532  0.0000E+00  0.1000E+02
  -2.527  0.0000E+00  0.1000E+02
  -2.522  0.0000E+00  0.1000E+02
  -2.517  0.0000E+00  0.1000E+02
  -2.512  0.0000E+00  0.1000E+02
  -2.507  0.0000E+00  0.1000E+02
  -2.502  0.0000E+00  0.1000E+02
  -2.497  0.0000E+00  0.1000E+02
  -2.492  0.0000E+00  0.1000E+02
  -2.487  0.0000E+00  0.1000E+02
  -2.482  0.0000E+00  0.1000E+02
  -2.477  0.0000E+00  0.1000E+02
  -2.472  0.0000E+00  0.1000E+02
  -2.467  0.0000E+00  0.1000E+02
  -2.462  0.0000E+00  0.1000E+02
  -2.457  0.0000E+00  0.1000E+02
  -2.452  0.0000E+00  0.1000E+02
  -2.447  0.0000E+00  0.1000E+02
  -2.442  0.0000E+00  0.1000E+02
  -2.437  0.0000E+00  0.1000E+02
  -2.432  0.0000E+00  0.1000E+02
  -2.427  0.0000E+00  0.1000E+02
  -2.422  0.0000E+00  0.1000E+02
  -2.417  0.0000E+00  0.1000E+02
  -2.412  0.0000E+00  0.1000E+02
  -2.407  0.0000E+00  0.1000E+02
  -2.402  0.0000E+00  0.1000E+02
  -2.397  0.0000E+00  0.1000E+02
  -2.392  0.0000E+00  0.1000E+02
  -2.387  0.0000E+00  0.1000E+02
  -2.382  0.0000E+00  0.1000E+02
  -2.377  0.0000E+00  0.1000E+02
  -2.372  0.0000E+00  0.1000E+02
  -2.367  0.0000E+00  0.1000E+02
  -2.362  0.0000E+00  0.1000E+02
  -2.357  0.0000E+00  0.1000E+02
  -2.352  0.0000E+00  0.1000E+02
  -2.347  0.0000E+00  0.1000E+02
  -2.342  0.0000E+00  0.1000E+02
  -2.337  0.0000E+00  0.1000E+02
  -2.332  0.0000E+00  0.1000E+02
  -2.327  0.0000E+00  0.1000E+02
  -2.322  0.0000E+00  0.1000E+02
  -2.317  0.0000E+00  0.1000E+02
  -2.312  0.0000E+00  0.1000E+02
  -2.307  0.0000E+00  0.1000E+02
  -2.302  0.0000E+00  0.1000E+02
  -2.297  0.0000E+00  0.1000E+02
  -2.292  0.0000E+00  0.1000E+02
  -2.287  0.0000E+00  0.1000E+02
  -2.282  0.0000E+00  0.1000E+02
  -2.277  0.0000E+00  0.1000E+02
  -2.272  0.0000E+00  0.1000E+02
  -2.267  0.0000E+00  0.1000E+02
  -2.262  0.0000E+00  0.1000E+02
  -2.257  0.0000E+00  0.1000E+02
  -2.252  0.0000E+00  0.1000E+02
  -2.247  0.0000E+00  0.1000E+02
  -2.242  0.0000E+00  0.1000E+02
  -2.237  0.0000E+00  0.1000E+02
  -2.232  0.0000E+00  0.1000E+02
  -2.227  0.0000E+00  0.1000E+02
  -2.222  0.0000E+00  0.1000E+02
  -2.217  0.0000E+00  0.1000E+02
  -2.212  0.0000E+00  0.1000E+02
  -2.207  0.0000E+00  0.1000E+02
  -2.202  0.0000E+00  0.1000E+02
  -2.197  0.0000E+00  0.1000E+02
  -2.192  0.0000E+00  0.1000E+02
  -2.187  0.0000E+00  0.1000E+02
  -2.182  0.0000E+00  0.1000E+02
  -2.177  0.0000E+00  0.1000E+02
  -2.172  0.0000E+00  0.1000E+02
  -2.167  0.0000E+00  0.1000E+02
  -2.162  0.0000E+00  0.1000E+02
  -2.157  0.0000E+00  0.1000E+02
  -2.152  0.0000E+00  0.1000E+02
  -2.147  0.0000E+00  0.1000E+02
  -2.142  0.0000E+00  0.1000E+02
  -2.137  0.0000E+00  0.1000E+02
  -2.132  0.0000E+00  0.1000E+02
  -2.127  0.0000E+00  0.1000E+02
  -2.122  0.0000E+00  0.1000E+02
  -2.117  0.0000E+00  0.1000E+02
  -2.112  0.0000E+00  0.1000E+02
  -2.107  0.0000E+00  0.1000E+02
  -2.102  0.0000E+00  0.1000E+02
  -2.097  0.0000E+00  0.1000E+02
  -2.092  0.0000E+00  0.1000E+02
  -2.087  0.0000E+00  0.1000E+02
  -2.082  0.0000E+00  0.1000E+02
  -2.077  0.0000E+00  0.1000E+02
  -2.072  0.0000E+00  0.1000E+02
  -2.067  0.0000E+00  0.1000E+02
  -2.062  0.0000E+00  0.1000E+02
  -2.057  0.0000E+00  0.1000E+02
  -2.052  0.0000E+00  0.1000E+02
  -2.047  0.0000E+00  0.1000E+02
  -2.042  0.0000E+00  0.1000E+02
  -2.037  0.0000E+00  0.1000E+02
  -2.032  0.0000E+00  0.1000E+02
  -2.027  0.0000E+00  0.1000E+02
  -2.022  0.0000E+00  0.1000E+02
  -2.017  0.0000E+00  0.1000E+02
  -2.012  0.0000E+00  0.1000E+02
  -2.007  0.0000E+00  0.1000E+02
  -2.002  0.0000E+00  0.1000E+02
  -1.997  0.0000E+00  0.1000E+02
  -1.992  0.0000E+00  0.1000E+02
  -1.987  0.0000E+00  0.1000E+02
  -1.982  0.0000E+00  0.1000E+02
  -1.977  0.0000E+00  0.1000E+02
  -1.972  0.0000E+00  0.1000E+02
  -1.967  0.0000E+00  0.1000E+02
  -1.962  0.0000E+00  0.1000E+02
  -1.957  0.0000E+00  0.1000E+02
  -1.952  0.0000E+00  0.1000E+02
  -1.947  0.0000E+00  0.1000E+02
  -1.942  0.0000E+00  0.1000E+02
  -1.937  0.0000E+00  0.1000E+02
  -1.932  0.0000E+00  0.1000E+02
  -1.927  0.0000E+00  0.1000E+02
  -1.922  0.0000E+00  0.1000E+02
  -1.917  0.0000E+00  0.1000E+02
  -1.912  0.0000E+00  0.1000E+02
  -1.907  0.0000E+00  0.1000E+02
  -1.902  0.0000E+00  0.1000E+02
  -1.897  0.0000E+00  0.1000E+02
  -1.892  0.0000E+00  0.1000E+02
  -1.887  0.0000E+00  0.1000E+02
  -1.882  0.0000E+00  0.1000E+02
  -1.877  0.0000E+00  0.1000E+02
  -1.872  0.0000E+00  0.1000E+02
  -1.867  0.0000E+00  0.1000E+02
  -1.862  0.0000E+00  0.1000E+02
  -1.857  0.0000E+00  0.1000E+02
  -1.852  0.0000E+00  0.1000E+02
  -1.847  0.0000E+00  0.1000E+02
  -1.842  0.0000E+00  0.1000E+02
  -1.837  0.0000E+00  0.1000E+02
  -1.832  0.0000E+00  0.1000E+02
  -1.827  0.0000E+00  0.1000E+02
  -1.822  0.0000E+00  0.1000E+02
  -1.817  0.0000E+00  0.1000E+02
  -1.812  0.0000E+00  0.1000E+02
  -1.807  0.0000E+00  0.1000E+02
  -1.802  0.0000E+00  0.1000E+02
  -1.797  0.0000E+00  0.1000E+02
  -1.792  0.0000E+00  0.1000E+02
  -1.787  0.0000E+00  0.1000E+02
  -1.782  0.0000E+00  0.1000E+02
  -1.777  0.0000E+00  0.1000E+02
  -1.772  0.0000E+00  0.1000E+02
  -1.767  0.0000E+00  0.1000E+02
  -1.762  0.0000E+00  0.1000E+02
  -1.757  0.0000E+00  0.1000E+02
  -1.752  0.0000E+00  0.1000E+02
  -1.747  0.0000E+00  0.1000E+02
  -1.742  0.0000E+00  0.1000E+02
  -1.737  0.0000E+00  0.1000E+02
  -1.732  0.0000E+00  0.1000E+02
  -1.727  0.0000E+00  0.1000E+02
  -1.722  0.0000E+00  0.1000E+02
  -1.717  0.0000E+00  0.1000E+02
  -1.712  0.0000E+00  0.1000E+02
  -1.707  0.0000E+00  0.1000E+02
  -1.702  0.0000E+00  0.1000E+02
  -1.697  0.0000E+00  0.1000E+02
  -1.692  0.0000E+00  0.1000E+02
  -1.687  0.0000E+00  0.1000E+02
  -1.682  0.0000E+00  0.1000E+02
  -1.677  0.0000E+00  0.1000E+02
  -1.672  0.0000E+00  0.1000E+02
  -1.667  0.0000E+00  0.1000E+02
  -1.662  0.0000E+00  0.1000E+02
  -1.657  0.0000E+00  0.1000E+02
  -1.652  0.0000E+00  0.1000E+02
  -1.647  0.0000E+00  0.1000E+02
  -1.642  0.0000E+00  0.1000E+02
  -1.637  0.0000E+00  0.1000E+02
  -1.632  0.0000E+00  0.1000E+02
  -1.627  0.0000E+00  0.1000E+02
  -1.622  0.0000E+00  0.1000E+02
  -1.617  0.0000E+00  0.1000E+02
  -1.612  0.0000E+00  0.1000E+02
  -1.607  0.0000E+00  0.1000E+02
  -1.602  0.0000E+00  0.1000E+02
  -1.597  0.0000E+00  0.1000E+02
  -1.592  0.0000E+00  0.1000E+02
  -1.587  0.0000E+00  0.1000E+02
  -1.582  0.0000E+00  0.1000E+02
  -1.577  0.0000E+00  0.1000E+02
  -1.572  0.0000E+00  0.1000E+02
  -1.567  0.0000E+00  0.1000E+02
  -1.562  0.0000E+00  0.1000E+02
  -1.557  0.0000E+00  0.1000E+02
  -1.552  0.0000E+00  0.1000E+02
  -1.547  0.0000E+00  0.1000E+02
  -1.542  0.0000E+00  0.1000E+02
  -1.537  0.0000E+00  0.1000E+02
  -1.532  0.0000E+00  0.1000E+02
  -1.527  0.0000E+00  0.1000E+02
  -1.522  0.0000E+00  0.1000E+02
  -1.517  0.0000E+00  0.1000E+02
  -1.512  0.0000E+00  0.1000E+02
  -1.507  0.0000E+00  0.1000E+02
  -1.502  0.0000E+00  0.1000E+02
  -1.497  0.0000E+00  0.1000E+02
  -1.492  0.0000E+00  0.1000E+02
  -1.487  0.3931E+00  0.1000E+02
  -1.482  0.8044E+01  0.1003E+02
  -1.477  0.6947E+01  0.1007E+02
  -1.472  0.7811E+01  0.1010E+02
  -1.467  0.8640E+01  0.1014E+02
  -1.462  0.1027E+02  0.1019E+02
  -1.457  0.1159E+02  0.1025E+02
  -1.452  0.1292E+02  0.1031E+02
  -1.447  0.1432E+02  0.1038E+02
  -1.442  0.1834E+02  0.1046E+02
  -1.437  0.2333E+02  0.1057E+02
  -1.432  0.2321E+02  0.1068E+02
  -1.427  0.2441E+02  0.1080E+02
  -1.422  0.2450E+02  0.1092E+02
  -1.417  0.2533E+02  0.1105E+02
  -1.412  0.2575E+02  0.1118E+02
  -1.407  0.2907E+02  0.1132E+02
  -1.402  0.2701E+02  0.1146E+02
  -1.397  0.1850E+02  0.1157E+02
  -1.392  0.1604E+02  0.1165E+02
  -1.387  0.1413E+02  0.1173E+02
  -1.382  0.1301E+02  0.1179E+02
  -1.377  0.1248E+02  0.1186E+02
  -1.372  0.1160E+02  0.1192E+02
  -1.367  0.1146E+02  0.1198E+02
  -1.362  0.1140E+02  0.1203E+02
  -1.357  0.1138E+02  0.1209E+02
  -1.352  0.1078E+02  0.1214E+02
  -1.347  0.1043E+02  0.1220E+02
  -1.342  0.1038E+02  0.1225E+02
  -1.337  0.6971E+01  0.1230E+02
  -1.332  0.4141E+01  0.1232E+02
  -1.327  0.4330E+01  0.1234E+02
  -1.322  0.4585E+01  0.1236E+02
  -1.317  0.4915E+01  0.1239E+02
  -1.312  0.5390E+01  0.1241E+02
  -1.307  0.7150E+01  0.1244E+02
  -1.302  0.9372E+01  0.1249E+02
  -1.297  0.1264E+02  0.1254E+02
  -1.292  0.1716E+02  0.1262E+02
  -1.287  0.1477E+02  0.1270E+02
  -1.282  0.1371E+02  0.1277E+02
  -1.277  0.1316E+02  0.1283E+02
  -1.272  0.1047E+02  0.1289E+02
  -1.267  0.8131E+01  0.1294E+02
  -1.262  0.7219E+01  0.1298E+02
  -1.257  0.6530E+01  0.1301E+02
  -1.252  0.5968E+01  0.1304E+02
  -1.247  0.5487E+01  0.1307E+02
  -1.242  0.5008E+01  0.1310E+02
  -1.237  0.4608E+01  0.1312E+02
  -1.232  0.4312E+01  0.1314E+02
  -1.227  0.3962E+01  0.1316E+02
  -1.222  0.3679E+01  0.1318E+02
  -1.217  0.3439E+01  0.1320E+02
  -1.212  0.3169E+01  0.1322E+02
  -1.207  0.2989E+01  0.1323E+02
  -1.202  0.2838E+01  0.1325E+02
  -1.197  0.2849E+01  0.1326E+02
  -1.192  0.2494E+01  0.1328E+02
  -1.187  0.2403E+01  0.1329E+02
  -1.182  0.2368E+01  0.1330E+02
  -1.177  0.2366E+01  0.1331E+02
  -1.172  0.2344E+01  0.1332E+02
  -1.167  0.2314E+01  0.1333E+02
  -1.162  0.2305E+01  0.1335E+02
  -1.157  0.2317E+01  0.1336E+02
  -1.152  0.2354E+01  0.1337E+02
  -1.147  0.2411E+01  0.1338E+02
  -1.142  0.2483E+01  0.1339E+02
  -1.137  0.2543E+01  0.1341E+02
  -1.132  0.2606E+01  0.1342E+02
  -1.127  0.2701E+01  0.1343E+02
  -1.122  0.3093E+01  0.1345E+02
  -1.117  0.3039E+01  0.1346E+02
  -1.112  0.3105E+01  0.1348E+02
  -1.107  0.3175E+01  0.1349E+02
  -1.102  0.3245E+01  0.1351E+02
  -1.097  0.3316E+01  0.1353E+02
  -1.092  0.3387E+01  0.1354E+02
  -1.087  0.3460E+01  0.1356E+02
  -1.082  0.3520E+01  0.1358E+02
  -1.077  0.3679E+01  0.1360E+02
  -1.072  0.3717E+01  0.1361E+02
  -1.067  0.3729E+01  0.1363E+02
  -1.062  0.3872E+01  0.1365E+02
  -1.057  0.4007E+01  0.1367E+02
  -1.052  0.4066E+01  0.1369E+02
  -1.047  0.4081E+01  0.1371E+02
  -1.042  0.4088E+01  0.1373E+02
  -1.037  0.4114E+01  0.1375E+02
  -1.032  0.4150E+01  0.1377E+02
  -1.027  0.4208E+01  0.1379E+02
  -1.022  0.4307E+01  0.1382E+02
  -1.017  0.4501E+01  0.1384E+02
  -1.012  0.4572E+01  0.1386E+02
  -1.007  0.4567E+01  0.1388E+02
  -1.002  0.4479E+01  0.1391E+02
  -0.997  0.4369E+01  0.1393E+02
  -0.992  0.4063E+01  0.1395E+02
  -0.987  0.2991E+01  0.1397E+02
  -0.982  0.2314E+01  0.1398E+02
  -0.977  0.1585E+01  0.1399E+02
  -0.972  0.9953E+00  0.1400E+02
  -0.967  0.1942E+00  0.1400E+02
  -0.962  0.0000E+00  0.1400E+02
  -0.957  0.0000E+00  0.1400E+02
  -0.952  0.0000E+00  0.1400E+02
  -0.947  0.0000E+00  0.1400E+02
  -0.942  0.0000E+00  0.1400E+02
  -0.937  0.0000E+00  0.1400E+02
  -0.932  0.0000E+00  0.1400E+02
  -0.927  0.0000E+00  0.1400E+02
  -0.922  0.0000E+00  0.1400E+02
  -0.917  0.0000E+00  0.1400E+02
  -0.912  0.0000E+00  0.1400E+02
  -0.907  0.0000E+00  0.1400E+02
  -0.902  0.0000E+00  0.1400E+02
  -0.897  0.0000E+00  0.1400E+02
  -0.892  0.0000E+00  0.1400E+02
  -0.887  0.0000E+00  0.1400E+02
  -0.882  0.0000E+00  0.1400E+02
  -0.877  0.0000E+00  0.1400E+02
  -0.872  0.0000E+00  0.1400E+02
  -0.867  0.0000E+00  0.1400E+02
  -0.862  0.0000E+00  0.1400E+02
  -0.857  0.0000E+00  0.1400E+02
  -0.852  0.0000E+00  0.1400E+02
  -0.847  0.0000E+00  0.1400E+02
  -0.842  0.0000E+00  0.1400E+02
  -0.837  0.0000E+00  0.1400E+02
  -0.832  0.0000E+00  0.1400E+02
  -0.827  0.0000E+00  0.1400E+02
  -0.822  0.0000E+00  0.1400E+02
  -0.817  0.0000E+00  0.1400E+02
  -0.812  0.0000E+00  0.1400E+02
  -0.807  0.0000E+00  0.1400E+02
  -0.802  0.0000E+00  0.1400E+02
  -0.797  0.0000E+00  0.1400E+02
  -0.792  0.0000E+00  0.1400E+02
  -0.787  0.0000E+00  0.1400E+02
  -0.782  0.0000E+00  0.1400E+02
  -0.777  0.0000E+00  0.1400E+02
  -0.772  0.0000E+00  0.1400E+02
  -0.767  0.0000E+00  0.1400E+02
  -0.762  0.0000E+00  0.1400E+02
  -0.757  0.0000E+00  0.1400E+02
  -0.752  0.0000E+00  0.1400E+02
  -0.747  0.0000E+00  0.1400E+02
  -0.742  0.0000E+00  0.1400E+02
  -0.737  0.0000E+00  0.1400E+02
  -0.732  0.0000E+00  0.1400E+02
  -0.727  0.0000E+00  0.1400E+02
  -0.722  0.0000E+00  0.1400E+02
  -0.717  0.0000E+00  0.1400E+02
  -0.712  0.0000E+00  0.1400E+02
  -0.707  0.0000E+00  0.1400E+02
  -0.702  0.0000E+00  0.1400E+02
  -0.697  0.0000E+00  0.1400E+02
  -0.692  0.0000E+00  0.1400E+02
  -0.687  0.0000E+00  0.1400E+02
  -0.682  0.0000E+00  0.1400E+02
  -0.677  0.0000E+00  0.1400E+02
  -0.672  0.0000E+00  0.1400E+02
  -0.667  0.0000E+00  0.1400E+02
  -0.662  0.0000E+00  0.1400E+02
  -0.657  0.0000E+00  0.1400E+02
  -0.652  0.0000E+00  0.1400E+02
  -0.647  0.0000E+00  0.1400E+02
  -0.642  0.0000E+00  0.1400E+02
  -0.637  0.0000E+00  0.1400E+02
  -0.632  0.0000E+00  0.1400E+02
  -0.627  0.0000E+00  0.1400E+02
  -0.622  0.0000E+00  0.1400E+02
  -0.617  0.0000E+00  0.1400E+02
  -0.612  0.0000E+00  0.1400E+02
  -0.607  0.0000E+00  0.1400E+02
  -0.602  0.0000E+00  0.1400E+02
  -0.597  0.0000E+00  0.1400E+02
  -0.592  0.0000E+00  0.1400E+02
  -0.587  0.0000E+00  0.1400E+02
  -0.582  0.0000E+00  0.1400E+02
  -0.577  0.0000E+00  0.1400E+02
  -0.572  0.0000E+00  0.1400E+02
  -0.567  0.0000E+00  0.1400E+02
  -0.562  0.0000E+00  0.1400E+02
  -0.557  0.0000E+00  0.1400E+02
  -0.552  0.0000E+00  0.1400E+02
  -0.547  0.0000E+00  0.1400E+02
  -0.542  0.0000E+00  0.1400E+02
  -0.537  0.0000E+00  0.1400E+02
  -0.532  0.0000E+00  0.1400E+02
  -0.527  0.0000E+00  0.1400E+02
  -0.522  0.0000E+00  0.1400E+02
  -0.517  0.0000E+00  0.1400E+02
  -0.512  0.0000E+00  0.1400E+02
  -0.507  0.0000E+00  0.1400E+02
  -0.502  0.0000E+00  0.1400E+02
  -0.497  0.0000E+00  0.1400E+02
  -0.492  0.0000E+00  0.1400E+02
  -0.487  0.0000E+00  0.1400E+02
  -0.482  0.0000E+00  0.1400E+02
  -0.477  0.0000E+00  0.1400E+02
  -0.472  0.0000E+00  0.1400E+02
  -0.467  0.0000E+00  0.1400E+02
  -0.462  0.0000E+00  0.1400E+02
  -0.457  0.0000E+00  0.1400E+02
  -0.452  0.0000E+00  0.1400E+02
  -0.447  0.0000E+00  0.1400E+02
  -0.442  0.0000E+00  0.1400E+02
  -0.437  0.0000E+00  0.1400E+02
  -0.432  0.0000E+00  0.1400E+02
  -0.427  0.0000E+00  0.1400E+02
  -0.422  0.0000E+00  0.1400E+02
  -0.417  0.0000E+00  0.1400E+02
  -0.412  0.0000E+00  0.1400E+02
  -0.407  0.0000E+00  0.1400E+02
  -0.402  0.0000E+00  0.1400E+02
  -0.397  0.0000E+00  0.1400E+02
  -0.392  0.0000E+00  0.1400E+02
  -0.387  0.0000E+00  0.1400E+02
  -0.382  0.0000E+00  0.1400E+02
  -0.377  0.0000E+00  0.1400E+02
  -0.372  0.0000E+00  0.1400E+02
  -0.367  0.0000E+00  0.1400E+02
  -0.362  0.0000E+00  0.1400E+02
  -0.357  0.0000E+00  0.1400E+02
  -0.352  0.0000E+00  0.1400E+02
  -0.347  0.0000E+00  0.1400E+02
  -0.342  0.0000E+00  0.1400E+02
  -0.337  0.0000E+00  0.1400E+02
  -0.332  0.0000E+00  0.1400E+02
  -0.327  0.0000E+00  0.1400E+02
  -0.322  0.0000E+00  0.1400E+02
  -0.317  0.0000E+00  0.1400E+02
  -0.312  0.0000E+00  0.1400E+02
  -0.307  0.0000E+00  0.1400E+02
  -0.302  0.0000E+00  0.1400E+02
  -0.297  0.0000E+00  0.1400E+02
  -0.292  0.0000E+00  0.1400E+02
  -0.287  0.0000E+00  0.1400E+02
  -0.282  0.0000E+00  0.1400E+02
  -0.277  0.0000E+00  0.1400E+02
  -0.272  0.0000E+00  0.1400E+02
  -0.267  0.0000E+00  0.1400E+02
  -0.262  0.0000E+00  0.1400E+02
  -0.257  0.0000E+00  0.1400E+02
  -0.252  0.0000E+00  0.1400E+02
  -0.247  0.0000E+00  0.1400E+02
  -0.242  0.0000E+00  0.1400E+02
  -0.237  0.0000E+00  0.1400E+02
  -0.232  0.0000E+00  0.1400E+02
  -0.227  0.0000E+00  0.1400E+02
  -0.222  0.0000E+00  0.1400E+02
  -0.217  0.0000E+00  0.1400E+02
  -0.212  0.0000E+00  0.1400E+02
  -0.207  0.0000E+00  0.1400E+02
  -0.202  0.0000E+00  0.1400E+02
  -0.197  0.0000E+00  0.1400E+02
  -0.192  0.0000E+00  0.1400E+02
  -0.187  0.0000E+00  0.1400E+02
  -0.182  0.0000E+00  0.1400E+02
  -0.177  0.0000E+00  0.1400E+02
  -0.172  0.0000E+00  0.1400E+02
  -0.167  0.0000E+00  0.1400E+02
  -0.162  0.0000E+00  0.1400E+02
  -0.157  0.0000E+00  0.1400E+02
  -0.152  0.0000E+00  0.1400E+02
  -0.147  0.0000E+00  0.1400E+02
  -0.142  0.0000E+00  0.1400E+02
  -0.137  0.0000E+00  0.1400E+02
  -0.132  0.0000E+00  0.1400E+02
  -0.127  0.0000E+00  0.1400E+02
  -0.122  0.0000E+00  0.1400E+02
  -0.117  0.0000E+00  0.1400E+02
  -0.112  0.0000E+00  0.1400E+02
  -0.107  0.0000E+00  0.1400E+02
  -0.102  0.0000E+00  0.1400E+02
  -0.097  0.0000E+00  0.1400E+02
  -0.092  0.0000E+00  0.1400E+02
  -0.087  0.0000E+00  0.1400E+02
  -0.082  0.0000E+00  0.1400E+02
  -0.077  0.0000E+00  0.1400E+02
  -0.072  0.0000E+00  0.1400E+02
  -0.067  0.0000E+00  0.1400E+02
  -0.062  0.0000E+00  0.1400E+02
  -0.057  0.0000E+00  0.1400E+02
  -0.052  0.0000E+00  0.1400E+02
  -0.047  0.7655E-02  0.1400E+02
  -0.042  0.2758E+00  0.1400E+02
  -0.037  0.7538E+00  0.1400E+02
  -0.032  0.1018E+01  0.1401E+02
  -0.027  0.1351E+01  0.1401E+02
  -0.022  0.1545E+01  0.1402E+02
  -0.017  0.1554E+01  0.1403E+02
  -0.012  0.1731E+01  0.1404E+02
  -0.007  0.1939E+01  0.1405E+02
  -0.002  0.2075E+01  0.1406E+02
   0.003  0.2219E+01  0.1407E+02
   0.008  0.2302E+01  0.1408E+02
   0.013  0.2383E+01  0.1409E+02
   0.018  0.2506E+01  0.1410E+02
   0.023  0.2678E+01  0.1412E+02
   0.028  0.2812E+01  0.1413E+02
   0.033  0.2914E+01  0.1414E+02
   0.038  0.3060E+01  0.1416E+02
   0.043  0.3163E+01  0.1417E+02
   0.048  0.3323E+01  0.1419E+02
   0.053  0.3451E+01  0.1421E+02
   0.058  0.3594E+01  0.1423E+02
   0.063  0.3752E+01  0.1424E+02
   0.068  0.3930E+01  0.1426E+02
   0.073  0.4110E+01  0.1428E+02
   0.078  0.4300E+01  0.1430E+02
   0.083  0.4529E+01  0.1433E+02
   0.088  0.4780E+01  0.1435E+02
   0.093  0.5036E+01  0.1437E+02
   0.098  0.5430E+01  0.1440E+02
   0.103  0.5776E+01  0.1443E+02
   0.108  0.6181E+01  0.1446E+02
   0.113  0.6766E+01  0.1449E+02
   0.118  0.7393E+01  0.1453E+02
   0.123  0.8154E+01  0.1456E+02
   0.128  0.1083E+02  0.1461E+02
   0.133  0.1098E+02  0.1466E+02
   0.138  0.1143E+02  0.1472E+02
   0.143  0.1178E+02  0.1478E+02
   0.148  0.1225E+02  0.1484E+02
   0.153  0.1289E+02  0.1490E+02
   0.158  0.1572E+02  0.1497E+02
   0.163  0.1524E+02  0.1505E+02
   0.168  0.1490E+02  0.1512E+02
   0.173  0.1489E+02  0.1520E+02
   0.178  0.1523E+02  0.1527E+02
   0.183  0.1624E+02  0.1535E+02
   0.188  0.1709E+02  0.1544E+02
   0.193  0.1702E+02  0.1552E+02
   0.198  0.1964E+02  0.1561E+02
   0.203  0.6234E+01  0.1567E+02
   0.208  0.6446E+01  0.1570E+02
   0.213  0.5195E+01  0.1573E+02
   0.218  0.4804E+01  0.1576E+02
   0.223  0.4542E+01  0.1578E+02
   0.228  0.4349E+01  0.1580E+02
   0.233  0.4173E+01  0.1582E+02
   0.238  0.4009E+01  0.1584E+02
   0.243  0.4001E+01  0.1586E+02
   0.248  0.4041E+01  0.1588E+02
   0.253  0.3612E+01  0.1590E+02
   0.258  0.2860E+01  0.1592E+02
   0.263  0.2484E+01  0.1593E+02
   0.268  0.2119E+01  0.1594E+02
   0.273  0.1802E+01  0.1595E+02
   0.278  0.1593E+01  0.1596E+02
   0.283  0.1398E+01  0.1597E+02
   0.288  0.1288E+01  0.1598E+02
   0.293  0.1210E+01  0.1598E+02
   0.298  0.1026E+01  0.1599E+02
   0.303  0.5885E+00  0.1599E+02
   0.308  0.4369E+00  0.1600E+02
   0.313  0.3192E+00  0.1600E+02
   0.318  0.2197E+00  0.1600E+02
   0.323  0.1386E+00  0.1600E+02
   0.328  0.9466E+01  0.1602E+02
   0.333  0.9531E+01  0.1607E+02
   0.338  0.1095E+02  0.1612E+02
   0.343  0.1260E+02  0.1618E+02
   0.348  0.9548E+01  0.1623E+02
   0.353  0.1006E+02  0.1628E+02
   0.358  0.1175E+02  0.1634E+02
   0.363  0.1179E+02  0.1640E+02
   0.368  0.1347E+02  0.1646E+02
   0.373  0.1463E+02  0.1653E+02
   0.378  0.1403E+02  0.1660E+02
   0.383  0.1278E+02  0.1667E+02
   0.388  0.1262E+02  0.1673E+02
   0.393  0.1247E+02  0.1680E+02
   0.398  0.1211E+02  0.1686E+02
   0.403  0.1196E+02  0.1692E+02
   0.408  0.1198E+02  0.1698E+02
   0.413  0.1195E+02  0.1704E+02
   0.418  0.1204E+02  0.1710E+02
   0.423  0.1226E+02  0.1716E+02
   0.428  0.1257E+02  0.1722E+02
   0.433  0.1344E+02  0.1729E+02
   0.438  0.1381E+02  0.1735E+02
   0.443  0.1400E+02  0.1742E+02
   0.448  0.1445E+02  0.1750E+02
   0.453  0.1490E+02  0.1757E+02
   0.458  0.1549E+02  0.1764E+02
   0.463  0.1658E+02  0.1772E+02
   0.468  0.1727E+02  0.1781E+02
   0.473  0.1643E+02  0.1790E+02
   0.478  0.1670E+02  0.1798E+02
   0.483  0.1815E+02  0.1807E+02
   0.488  0.1796E+02  0.1816E+02
   0.493  0.1658E+02  0.1825E+02
   0.498  0.1556E+02  0.1833E+02
   0.503  0.1765E+02  0.1841E+02
   0.508  0.1784E+02  0.1850E+02
   0.513  0.5531E+01  0.1856E+02
   0.518  0.5015E+01  0.1859E+02
   0.523  0.5082E+01  0.1861E+02
   0.528  0.5151E+01  0.1864E+02
   0.533  0.5036E+01  0.1866E+02
   0.538  0.4930E+01  0.1869E+02
   0.543  0.4832E+01  0.1871E+02
   0.548  0.4752E+01  0.1874E+02
   0.553  0.4729E+01  0.1876E+02
   0.558  0.4717E+01  0.1878E+02
   0.563  0.4719E+01  0.1881E+02
   0.568  0.4736E+01  0.1883E+02
   0.573  0.4754E+01  0.1886E+02
   0.578  0.4721E+01  0.1888E+02
   0.583  0.4693E+01  0.1890E+02
   0.588  0.4682E+01  0.1893E+02
   0.593  0.4709E+01  0.1895E+02
   0.598  0.4751E+01  0.1897E+02
   0.603  0.4803E+01  0.1900E+02
   0.608  0.4865E+01  0.1902E+02
   0.613  0.4934E+01  0.1905E+02
   0.618  0.5049E+01  0.1907E+02
   0.623  0.5250E+01  0.1910E+02
   0.628  0.5425E+01  0.1912E+02
   0.633  0.5581E+01  0.1915E+02
   0.638  0.5718E+01  0.1918E+02
   0.643  0.5836E+01  0.1921E+02
   0.648  0.5957E+01  0.1924E+02
   0.653  0.6054E+01  0.1927E+02
   0.658  0.6134E+01  0.1930E+02
   0.663  0.6260E+01  0.1933E+02
   0.668  0.6222E+01  0.1936E+02
   0.673  0.5859E+01  0.1939E+02
   0.678  0.5430E+01  0.1942E+02
   0.683  0.5341E+01  0.1945E+02
   0.688  0.5296E+01  0.1947E+02
   0.693  0.5315E+01  0.1950E+02
   0.698  0.5331E+01  0.1952E+02
   0.703  0.5356E+01  0.1955E+02
   0.708  0.5369E+01  0.1958E+02
   0.713  0.5371E+01  0.1961E+02
   0.718  0.5378E+01  0.1963E+02
   0.723  0.5344E+01  0.1966E+02
   0.728  0.5295E+01  0.1969E+02
   0.733  0.5085E+01  0.1971E+02
   0.738  0.4598E+01  0.1974E+02
   0.743  0.4207E+01  0.1976E+02
   0.748  0.3724E+01  0.1978E+02
   0.753  0.3157E+01  0.1980E+02
   0.758  0.2643E+01  0.1981E+02
   0.763  0.2335E+01  0.1982E+02
   0.768  0.2140E+01  0.1983E+02
   0.773  0.2076E+01  0.1984E+02
   0.778  0.2020E+01  0.1985E+02
   0.783  0.1986E+01  0.1986E+02
   0.788  0.1965E+01  0.1987E+02
   0.793  0.1944E+01  0.1988E+02
   0.798  0.1922E+01  0.1989E+02
   0.803  0.1899E+01  0.1990E+02
   0.808  0.1873E+01  0.1991E+02
   0.813  0.1851E+01  0.1992E+02
   0.818  0.1834E+01  0.1993E+02
   0.823  0.1777E+01  0.1994E+02
   0.828  0.1591E+01  0.1995E+02
   0.833  0.1419E+01  0.1996E+02
   0.838  0.1298E+01  0.1996E+02
   0.843  0.1194E+01  0.1997E+02
   0.848  0.1085E+01  0.1997E+02
   0.853  0.9717E+00  0.1998E+02
   0.858  0.8538E+00  0.1998E+02
   0.863  0.7325E+00  0.1999E+02
   0.868  0.5374E+00  0.1999E+02
   0.873  0.4109E+00  0.1999E+02
   0.878  0.3341E+00  0.2000E+02
   0.883  0.2647E+00  0.2000E+02
   0.888  0.1932E+00  0.2000E+02
   0.893  0.1328E+00  0.2000E+02
   0.898  0.8348E-01  0.2000E+02
   0.903  0.4529E-01  0.2000E+02
   0.908  0.1821E-01  0.2000E+02
   0.913  0.2235E-02  0.2000E+02
   0.918  0.0000E+00  0.2000E+02
   0.923  0.0000E+00  0.2000E+02
   0.928  0.0000E+00  0.2000E+02
   0.933  0.0000E+00  0.2000E+02
   0.938  0.0000E+00  0.2000E+02
   0.943  0.0000E+00  0.2000E+02
   0.948  0.0000E+00  0.2000E+02
   0.953  0.0000E+00  0.2000E+02
   0.958  0.0000E+00  0.2000E+02
   0.963  0.0000E+00  0.2000E+02
   0.968  0.0000E+00  0.2000E+02
   0.973  0.0000E+00  0.2000E+02
   0.978  0.0000E+00  0.2000E+02
   0.983  0.0000E+00  0.2000E+02
   0.988  0.0000E+00  0.2000E+02
   0.993  0.0000E+00  0.2000E+02
   0.998  0.0000E+00  0.2000E+02
   1.003  0.0000E+00  0.2000E+02
   1.008  0.0000E+00  0.2000E+02
   1.013  0.0000E+00  0.2000E+02
   1.018  0.0000E+00  0.2000E+02
   1.023  0.0000E+00  0.2000E+02
   1.028  0.0000E+00  0.2000E+02
   1.033  0.0000E+00  0.2000E+02
   1.038  0.0000E+00  0.2000E+02
   1.043  0.0000E+00  0.2000E+02
   1.048  0.0000E+00  0.2000E+02
   1.053  0.0000E+00  0.2000E+02
   1.058  0.0000E+00  0.2000E+02
   1.063  0.0000E+00  0.2000E+02
   1.068  0.0000E+00  0.2000E+02
   1.073  0.0000E+00  0.2000E+02
   1.078  0.0000E+00  0.2000E+02
   1.083  0.0000E+00  0.2000E+02
   1.088  0.0000E+00  0.2000E+02
   1.093  0.0000E+00  0.2000E+02
   1.098  0.0000E+00  0.2000E+02
   1.103  0.0000E+00  0.2000E+02
   1.108  0.0000E+00  0.2000E+02
   1.113  0.0000E+00  0.2000E+02
   1.118  0.0000E+00  0.2000E+02
   1.123  0.0000E+00  0.2000E+02
   1.128  0.0000E+00  0.2000E+02
   1.133  0.0000E+00  0.2000E+02
   1.138  0.0000E+00  0.2000E+02
   1.143  0.0000E+00  0.2000E+02
   1.148  0.0000E+00  0.2000E+02
   1.153  0.0000E+00  0.2000E+02
   1.158  0.0000E+00  0.2000E+02
   1.163  0.0000E+00  0.2000E+02
   1.168  0.0000E+00  0.2000E+02
   1.173  0.0000E+00  0.2000E+02
   1.178  0.0000E+00  0.2000E+02
   1.183  0.3568E-01  0.2000E+02
   1.188  0.1409E+00  0.2000E+02
   1.193  0.3135E+00  0.2000E+02
   1.198  0.3113E+00  0.2000E+02
   1.203  0.3978E+00  0.2000E+02
   1.208  0.4898E+00  0.2001E+02
   1.213  0.6328E+00  0.2001E+02
   1.218  0.7864E+00  0.2001E+02
   1.223  0.9242E+00  0.2002E+02
   1.228  0.1037E+01  0.2002E+02
   1.233  0.1107E+01  0.2003E+02
   1.238  0.1125E+01  0.2003E+02
   1.243  0.1139E+01  0.2004E+02
   1.248  0.1160E+01  0.2004E+02
   1.253  0.1182E+01  0.2005E+02
   1.258  0.1204E+01  0.2006E+02
   1.263  0.1227E+01  0.2006E+02
   1.268  0.1252E+01  0.2007E+02
   1.273  0.1270E+01  0.2008E+02
   1.278  0.1291E+01  0.2008E+02
   1.283  0.1319E+01  0.2009E+02
   1.288  0.1351E+01  0.2009E+02
   1.293  0.1389E+01  0.2010E+02
   1.298  0.1551E+01  0.2011E+02
   1.303  0.1730E+01  0.2012E+02
   1.308  0.1854E+01  0.2013E+02
   1.313  0.1864E+01  0.2014E+02
   1.318  0.1855E+01  0.2014E+02
   1.323  0.1821E+01  0.2015E+02
   1.328  0.1777E+01  0.2016E+02
   1.333  0.1726E+01  0.2017E+02
   1.338  0.1713E+01  0.2018E+02
   1.343  0.1709E+01  0.2019E+02
   1.348  0.1709E+01  0.2020E+02
   1.353  0.1712E+01  0.2021E+02
   1.358  0.1722E+01  0.2021E+02
   1.363  0.1746E+01  0.2022E+02
   1.368  0.1788E+01  0.2023E+02
   1.373  0.1860E+01  0.2024E+02
   1.378  0.1953E+01  0.2025E+02
   1.383  0.2071E+01  0.2026E+02
   1.388  0.2204E+01  0.2027E+02
   1.393  0.2322E+01  0.2028E+02
   1.398  0.2416E+01  0.2029E+02
   1.403  0.2478E+01  0.2031E+02
   1.408  0.2510E+01  0.2032E+02
   1.413  0.2518E+01  0.2033E+02
   1.418  0.2515E+01  0.2034E+02
   1.423  0.2504E+01  0.2036E+02
   1.428  0.2496E+01  0.2037E+02
   1.433  0.2491E+01  0.2038E+02
   1.438  0.2490E+01  0.2039E+02
   1.443  0.2489E+01  0.2041E+02
   1.448  0.2486E+01  0.2042E+02
   1.453  0.2482E+01  0.2043E+02
   1.458  0.2474E+01  0.2044E+02
   1.463  0.2502E+01  0.2046E+02
   1.468  0.2502E+01  0.2047E+02
   1.473  0.2521E+01  0.2048E+02
   1.478  0.2552E+01  0.2049E+02
   1.483  0.2594E+01  0.2051E+02
   1.488  0.2652E+01  0.2052E+02
   1.493  0.2813E+01  0.2053E+02
   1.498  0.2812E+01  0.2055E+02
   1.503  0.2792E+01  0.2056E+02
   1.508  0.2786E+01  0.2058E+02
   1.513  0.2780E+01  0.2059E+02
   1.518  0.2773E+01  0.2060E+02
   1.523  0.2766E+01  0.2062E+02
   1.528  0.2756E+01  0.2063E+02
   1.533  0.2744E+01  0.2065E+02
   1.538  0.2701E+01  0.2066E+02
   1.543  0.2614E+01  0.2067E+02
   1.548  0.2537E+01  0.2069E+02
   1.553  0.2460E+01  0.2070E+02
   1.558  0.2384E+01  0.2071E+02
   1.563  0.2312E+01  0.2072E+02
   1.568  0.2243E+01  0.2073E+02
   1.573  0.2175E+01  0.2074E+02
   1.578  0.2110E+01  0.2075E+02
   1.583  0.2047E+01  0.2077E+02
   1.588  0.1989E+01  0.2078E+02
   1.593  0.1941E+01  0.2078E+02
   1.598  0.1900E+01  0.2079E+02
   1.603  0.1860E+01  0.2080E+02
   1.608  0.1822E+01  0.2081E+02
   1.613  0.1786E+01  0.2082E+02
   1.618  0.1751E+01  0.2083E+02
   1.623  0.1718E+01  0.2084E+02
   1.628  0.1687E+01  0.2085E+02
   1.633  0.1657E+01  0.2086E+02
   1.638  0.1629E+01  0.2086E+02
   1.643  0.1602E+01  0.2087E+02
   1.648  0.1576E+01  0.2088E+02
   1.653  0.1552E+01  0.2089E+02
   1.658  0.1528E+01  0.2090E+02
   1.663  0.1504E+01  0.2090E+02
   1.668  0.1483E+01  0.2091E+02
   1.673  0.1464E+01  0.2092E+02
   1.678  0.1446E+01  0.2093E+02
   1.683  0.1429E+01  0.2093E+02
   1.688  0.1412E+01  0.2094E+02
   1.693  0.1396E+01  0.2095E+02
   1.698  0.1380E+01  0.2095E+02
   1.703  0.1364E+01  0.2096E+02
   1.708  0.1348E+01  0.2097E+02
   1.713  0.1333E+01  0.2097E+02
   1.718  0.1318E+01  0.2098E+02
   1.723  0.1304E+01  0.2099E+02
   1.728  0.1290E+01  0.2099E+02
   1.733  0.1276E+01  0.2100E+02
   1.738  0.1262E+01  0.2101E+02
   1.743  0.1249E+01  0.2101E+02
   1.748  0.1236E+01  0.2102E+02
   1.753  0.1224E+01  0.2103E+02
   1.758  0.1211E+01  0.2103E+02
   1.763  0.1199E+01  0.2104E+02
   1.768  0.1187E+01  0.2104E+02
   1.773  0.1175E+01  0.2105E+02
   1.778  0.1163E+01  0.2106E+02
   1.783  0.1152E+01  0.2106E+02
   1.788  0.1141E+01  0.2107E+02
   1.793  0.1131E+01  0.2107E+02
   1.798  0.1120E+01  0.2108E+02
   1.803  0.1110E+01  0.2108E+02
   1.808  0.1100E+01  0.2109E+02
   1.813  0.1090E+01  0.2109E+02
   1.818  0.1080E+01  0.2110E+02
   1.823  0.1071E+01  0.2111E+02
   1.828  0.1062E+01  0.2111E+02
   1.833  0.1053E+01  0.2112E+02
   1.838  0.1044E+01  0.2112E+02
   1.843  0.1035E+01  0.2113E+02
   1.848  0.1027E+01  0.2113E+02
   1.853  0.1019E+01  0.2114E+02
   1.858  0.1010E+01  0.2114E+02
   1.863  0.1002E+01  0.2115E+02
   1.868  0.9945E+00  0.2115E+02
   1.873  0.9868E+00  0.2116E+02
   1.878  0.9793E+00  0.2116E+02
   1.883  0.9718E+00  0.2117E+02
   1.888  0.9644E+00  0.2117E+02
   1.893  0.9571E+00  0.2118E+02
   1.898  0.9499E+00  0.2118E+02
   1.903  0.9427E+00  0.2119E+02
   1.908  0.9357E+00  0.2119E+02
   1.913  0.9287E+00  0.2120E+02
   1.918  0.9218E+00  0.2120E+02
   1.923  0.9153E+00  0.2120E+02
   1.928  0.9089E+00  0.2121E+02
   1.933  0.9024E+00  0.2121E+02
   1.938  0.8960E+00  0.2122E+02
   1.943  0.8895E+00  0.2122E+02
   1.948  0.8832E+00  0.2123E+02
   1.953  0.8769E+00  0.2123E+02
   1.958  0.8707E+00  0.2124E+02
   1.963  0.8646E+00  0.2124E+02
   1.968  0.8586E+00  0.2124E+02
   1.973  0.8527E+00  0.2125E+02
   1.978  0.8468E+00  0.2125E+02
   1.983  0.8410E+00  0.2126E+02
   1.988  0.8352E+00  0.2126E+02
   1.993  0.8295E+00  0.2127E+02
   1.998  0.8238E+00  0.2127E+02
   2.003  0.8182E+00  0.2127E+02
   2.008  0.8126E+00  0.2128E+02
   2.013  0.8071E+00  0.2128E+02
   2.018  0.8018E+00  0.2129E+02
   2.023  0.7966E+00  0.2129E+02
   2.028  0.7915E+00  0.2129E+02
   2.033  0.7864E+00  0.2130E+02
   2.038  0.7815E+00  0.2130E+02
   2.043  0.7767E+00  0.2131E+02
   2.048  0.7720E+00  0.2131E+02
   2.053  0.7673E+00  0.2131E+02
   2.058  0.7626E+00  0.2132E+02
   2.063  0.7579E+00  0.2132E+02
   2.068  0.7533E+00  0.2132E+02
   2.073  0.7487E+00  0.2133E+02
   2.078  0.7441E+00  0.2133E+02
   2.083  0.7399E+00  0.2134E+02
   2.088  0.7357E+00  0.2134E+02
   2.093  0.7315E+00  0.2134E+02
   2.098  0.7271E+00  0.2135E+02
   2.103  0.7226E+00  0.2135E+02
   2.108  0.7180E+00  0.2135E+02
   2.113  0.7134E+00  0.2136E+02
   2.118  0.7089E+00  0.2136E+02
   2.123  0.7046E+00  0.2136E+02
   2.128  0.7003E+00  0.2137E+02
   2.133  0.6961E+00  0.2137E+02
   2.138  0.6919E+00  0.2138E+02
   2.143  0.6877E+00  0.2138E+02
   2.148  0.6836E+00  0.2138E+02
   2.153  0.6795E+00  0.2139E+02
   2.158  0.6754E+00  0.2139E+02
   2.163  0.6714E+00  0.2139E+02
   2.168  0.6660E+00  0.2140E+02
   2.173  0.6615E+00  0.2140E+02
   2.178  0.6578E+00  0.2140E+02
   2.183  0.6542E+00  0.2141E+02
   2.188  0.6505E+00  0.2141E+02
   2.193  0.6469E+00  0.2141E+02
   2.198  0.6434E+00  0.2142E+02
   2.203  0.6398E+00  0.2142E+02
   2.208  0.6363E+00  0.2142E+02
   2.213  0.6328E+00  0.2142E+02
   2.218  0.6293E+00  0.2143E+02
   2.223  0.6259E+00  0.2143E+02
   2.228  0.6224E+00  0.2143E+02
   2.233  0.6190E+00  0.2144E+02
   2.238  0.6156E+00  0.2144E+02
   2.243  0.6116E+00  0.2144E+02
   2.248  0.6077E+00  0.2145E+02
   2.253  0.6043E+00  0.2145E+02
   2.258  0.6012E+00  0.2145E+02
   2.263  0.5982E+00  0.2146E+02
   2.268  0.5951E+00  0.2146E+02
   2.273  0.5920E+00  0.2146E+02
   2.278  0.5890E+00  0.2146E+02
   2.283  0.5860E+00  0.2147E+02
   2.288  0.5829E+00  0.2147E+02
   2.293  0.5799E+00  0.2147E+02
   2.298  0.5769E+00  0.2148E+02
   2.303  0.5738E+00  0.2148E+02
   2.308  0.5708E+00  0.2148E+02
   2.313  0.5679E+00  0.2148E+02
   2.318  0.5650E+00  0.2149E+02
   2.323  0.5623E+00  0.2149E+02
   2.328  0.5595E+00  0.2149E+02
   2.333  0.5566E+00  0.2150E+02
   2.338  0.5537E+00  0.2150E+02
   2.343  0.5509E+00  0.2150E+02
   2.348  0.5480E+00  0.2150E+02
   2.353  0.5451E+00  0.2151E+02
   2.358  0.5422E+00  0.2151E+02
   2.363  0.5393E+00  0.2151E+02
   2.368  0.5364E+00  0.2152E+02
   2.373  0.5334E+00  0.2152E+02
   2.378  0.5305E+00  0.2152E+02
   2.383  0.5276E+00  0.2152E+02
   2.388  0.5246E+00  0.2153E+02
   2.393  0.5217E+00  0.2153E+02
   2.398  0.5188E+00  0.2153E+02
   2.403  0.5159E+00  0.2153E+02
   2.408  0.5130E+00  0.2154E+02
   2.413  0.5102E+00  0.2154E+02
   2.418  0.5075E+00  0.2154E+02
   2.423  0.5049E+00  0.2154E+02
   2.428  0.5023E+00  0.2155E+02
   2.433  0.4997E+00  0.2155E+02
   2.438  0.4971E+00  0.2155E+02
   2.443  0.4945E+00  0.2155E+02
   2.448  0.4919E+00  0.2156E+02
   2.453  0.4894E+00  0.2156E+02
   2.458  0.4868E+00  0.2156E+02
   2.463  0.4843E+00  0.2156E+02
   2.468  0.4818E+00  0.2157E+02
   2.473  0.4793E+00  0.2157E+02
   2.478  0.4768E+00  0.2157E+02
   2.483  0.4744E+00  0.2157E+02
   2.488  0.4719E+00  0.2158E+02
   2.493  0.4695E+00  0.2158E+02
   2.498  0.4671E+00  0.2158E+02
   2.503  0.4647E+00  0.2158E+02
   2.508  0.4623E+00  0.2158E+02
   2.513  0.4599E+00  0.2159E+02
   2.518  0.4576E+00  0.2159E+02
   2.523  0.4554E+00  0.2159E+02
   2.528  0.4531E+00  0.2159E+02
   2.533  0.4509E+00  0.2160E+02
   2.538  0.4487E+00  0.2160E+02
   2.543  0.4466E+00  0.2160E+02
   2.548  0.4444E+00  0.2160E+02
   2.553  0.4422E+00  0.2161E+02
   2.558  0.4401E+00  0.2161E+02
   2.563  0.4380E+00  0.2161E+02
   2.568  0.4358E+00  0.2161E+02
   2.573  0.4337E+00  0.2161E+02
   2.578  0.4316E+00  0.2162E+02
   2.583  0.4295E+00  0.2162E+02
   2.588  0.4274E+00  0.2162E+02
   2.593  0.4253E+00  0.2162E+02
   2.598  0.4233E+00  0.2162E+02
   2.603  0.4212E+00  0.2163E+02
   2.608  0.4191E+00  0.2163E+02
   2.613  0.4171E+00  0.2163E+02
   2.618  0.4150E+00  0.2163E+02
   2.623  0.4129E+00  0.2164E+02
   2.628  0.4108E+00  0.2164E+02
   2.633  0.4088E+00  0.2164E+02
   2.638  0.4068E+00  0.2164E+02
   2.643  0.4047E+00  0.2164E+02
   2.648  0.4027E+00  0.2165E+02
   2.653  0.4007E+00  0.2165E+02
   2.658  0.3987E+00  0.2165E+02
   2.663  0.3966E+00  0.2165E+02
   2.668  0.3946E+00  0.2165E+02
   2.673  0.3927E+00  0.2166E+02
   2.678  0.3906E+00  0.2166E+02
   2.683  0.3885E+00  0.2166E+02
   2.688  0.3865E+00  0.2166E+02
   2.693  0.3844E+00  0.2166E+02
   2.698  0.3824E+00  0.2166E+02
   2.703  0.3804E+00  0.2167E+02
   2.708  0.3784E+00  0.2167E+02
   2.713  0.3764E+00  0.2167E+02
   2.718  0.3744E+00  0.2167E+02
   2.723  0.3724E+00  0.2167E+02
   2.728  0.3705E+00  0.2168E+02
   2.733  0.3688E+00  0.2168E+02
   2.738  0.3671E+00  0.2168E+02
   2.743  0.3654E+00  0.2168E+02
   2.748  0.3637E+00  0.2168E+02
   2.753  0.3620E+00  0.2169E+02
   2.758  0.3603E+00  0.2169E+02
   2.763  0.3586E+00  0.2169E+02
   2.768  0.3569E+00  0.2169E+02
   2.773  0.3552E+00  0.2169E+02
   2.778  0.3536E+00  0.2169E+02
   2.783  0.3522E+00  0.2170E+02
   2.788  0.3507E+00  0.2170E+02
   2.793  0.3493E+00  0.2170E+02
   2.798  0.3479E+00  0.2170E+02
   2.803  0.3464E+00  0.2170E+02
   2.808  0.3450E+00  0.2170E+02
   2.813  0.3435E+00  0.2171E+02
   2.818  0.3420E+00  0.2171E+02
   2.823  0.3405E+00  0.2171E+02
   2.828  0.3391E+00  0.2171E+02
   2.833  0.3379E+00  0.2171E+02
   2.838  0.3366E+00  0.2172E+02
   2.843  0.3353E+00  0.2172E+02
   2.848  0.3338E+00  0.2172E+02
   2.853  0.3324E+00  0.2172E+02
   2.858  0.3307E+00  0.2172E+02
   2.863  0.3291E+00  0.2172E+02
   2.868  0.3274E+00  0.2173E+02
   2.873  0.3258E+00  0.2173E+02
   2.878  0.3242E+00  0.2173E+02
   2.883  0.3226E+00  0.2173E+02
   2.888  0.3209E+00  0.2173E+02
   2.893  0.3194E+00  0.2173E+02
   2.898  0.3181E+00  0.2173E+02
   2.903  0.3167E+00  0.2174E+02
   2.908  0.3153E+00  0.2174E+02
   2.913  0.3138E+00  0.2174E+02
   2.918  0.3122E+00  0.2174E+02
   2.923  0.3105E+00  0.2174E+02
   2.928  0.3088E+00  0.2174E+02
   2.933  0.3071E+00  0.2175E+02
   2.938  0.3054E+00  0.2175E+02
   2.943  0.3037E+00  0.2175E+02
   2.948  0.3020E+00  0.2175E+02
   2.953  0.3004E+00  0.2175E+02
   2.958  0.2987E+00  0.2175E+02
   2.963  0.2971E+00  0.2175E+02
   2.968  0.2954E+00  0.2176E+02
   2.973  0.2938E+00  0.2176E+02
   2.978  0.2922E+00  0.2176E+02
   2.983  0.2906E+00  0.2176E+02
   2.988  0.2891E+00  0.2176E+02
   2.993  0.2875E+00  0.2176E+02
   2.998  0.2859E+00  0.2176E+02
   3.003  0.2844E+00  0.2177E+02
   3.008  0.2829E+00  0.2177E+02
   3.013  0.2813E+00  0.2177E+02
   3.018  0.2798E+00  0.2177E+02
   3.023  0.2783E+00  0.2177E+02
   3.028  0.2768E+00  0.2177E+02
   3.033  0.2754E+00  0.2177E+02
   3.038  0.2739E+00  0.2178E+02
   3.043  0.2725E+00  0.2178E+02
   3.048  0.2711E+00  0.2178E+02
   3.053  0.2698E+00  0.2178E+02
   3.058  0.2685E+00  0.2178E+02
   3.063  0.2672E+00  0.2178E+02
   3.068  0.2659E+00  0.2178E+02
   3.073  0.2647E+00  0.2179E+02
   3.078  0.2635E+00  0.2179E+02
   3.083  0.2623E+00  0.2179E+02
   3.088  0.2612E+00  0.2179E+02
   3.093  0.2600E+00  0.2179E+02
   3.098  0.2589E+00  0.2179E+02
   3.103  0.2578E+00  0.2179E+02
   3.108  0.2567E+00  0.2179E+02
   3.113  0.2556E+00  0.2180E+02
   3.118  0.2545E+00  0.2180E+02
   3.123  0.2534E+00  0.2180E+02
   3.128  0.2523E+00  0.2180E+02
   3.133  0.2512E+00  0.2180E+02
   3.138  0.2501E+00  0.2180E+02
   3.143  0.2490E+00  0.2180E+02
   3.148  0.2479E+00  0.2180E+02
   3.153  0.2468E+00  0.2181E+02
   3.158  0.2457E+00  0.2181E+02
   3.163  0.2446E+00  0.2181E+02
   3.168  0.2435E+00  0.2181E+02
   3.173  0.2424E+00  0.2181E+02
   3.178  0.2413E+00  0.2181E+02
   3.183  0.2403E+00  0.2181E+02
   3.188  0.2392E+00  0.2181E+02
   3.193  0.2381E+00  0.2182E+02
   3.198  0.2370E+00  0.2182E+02
   3.203  0.2359E+00  0.2182E+02
   3.208  0.2348E+00  0.2182E+02
   3.213  0.2337E+00  0.2182E+02
   3.218  0.2326E+00  0.2182E+02
   3.223  0.2315E+00  0.2182E+02
   3.228  0.2304E+00  0.2182E+02
   3.233  0.2293E+00  0.2183E+02
   3.238  0.2282E+00  0.2183E+02
   3.243  0.2271E+00  0.2183E+02
   3.248  0.2260E+00  0.2183E+02
   3.253  0.2248E+00  0.2183E+02
   3.258  0.2237E+00  0.2183E+02
   3.263  0.2225E+00  0.2183E+02
   3.268  0.2213E+00  0.2183E+02
   3.273  0.2201E+00  0.2183E+02
   3.278  0.2189E+00  0.2184E+02
   3.283  0.2177E+00  0.2184E+02
   3.288  0.2164E+00  0.2184E+02
   3.293  0.2152E+00  0.2184E+02
   3.298  0.2139E+00  0.2184E+02
   3.303  0.2127E+00  0.2184E+02
   3.308  0.2115E+00  0.2184E+02
   3.313  0.2104E+00  0.2184E+02
   3.318  0.2093E+00  0.2184E+02
   3.323  0.2082E+00  0.2184E+02
   3.328  0.2072E+00  0.2185E+02
   3.333  0.2064E+00  0.2185E+02
   3.338  0.2056E+00  0.2185E+02
   3.343  0.2047E+00  0.2185E+02
   3.348  0.2039E+00  0.2185E+02
   3.353  0.2031E+00  0.2185E+02
   3.358  0.2023E+00  0.2185E+02
   3.363  0.2016E+00  0.2185E+02
   3.368  0.2010E+00  0.2185E+02
   3.373  0.2002E+00  0.2185E+02
   3.378  0.1995E+00  0.2186E+02
   3.383  0.1987E+00  0.2186E+02
   3.388  0.1979E+00  0.2186E+02
   3.393  0.1970E+00  0.2186E+02
   3.398  0.1962E+00  0.2186E+02
   3.403  0.1953E+00  0.2186E+02
   3.408  0.1943E+00  0.2186E+02
   3.413  0.1934E+00  0.2186E+02
   3.418  0.1924E+00  0.2186E+02
   3.423  0.1914E+00  0.2186E+02
   3.428  0.1904E+00  0.2187E+02
   3.433  0.1893E+00  0.2187E+02
   3.438  0.1883E+00  0.2187E+02
   3.443  0.1872E+00  0.2187E+02
   3.448  0.1862E+00  0.2187E+02
   3.453  0.1851E+00  0.2187E+02
   3.458  0.1840E+00  0.2187E+02
   3.463  0.1829E+00  0.2187E+02
   3.468  0.1818E+00  0.2187E+02
   3.473  0.1808E+00  0.2187E+02
   3.478  0.1797E+00  0.2187E+02
   3.483  0.1787E+00  0.2188E+02
   3.488  0.1776E+00  0.2188E+02
   3.493  0.1766E+00  0.2188E+02
   3.498  0.1755E+00  0.2188E+02
   3.503  0.1745E+00  0.2188E+02
   3.508  0.1735E+00  0.2188E+02
   3.513  0.1725E+00  0.2188E+02
   3.518  0.1715E+00  0.2188E+02
   3.523  0.1705E+00  0.2188E+02
   3.528  0.1695E+00  0.2188E+02
   3.533  0.1685E+00  0.2188E+02
   3.538  0.1675E+00  0.2189E+02
   3.543  0.1666E+00  0.2189E+02
   3.548  0.1656E+00  0.2189E+02
   3.553  0.1646E+00  0.2189E+02
   3.558  0.1637E+00  0.2189E+02
   3.563  0.1628E+00  0.2189E+02
   3.568  0.1618E+00  0.2189E+02
   3.573  0.1609E+00  0.2189E+02
   3.578  0.1600E+00  0.2189E+02
   3.583  0.1591E+00  0.2189E+02
   3.588  0.1582E+00  0.2189E+02
   3.593  0.1573E+00  0.2189E+02
   3.598  0.1564E+00  0.2190E+02
   3.603  0.1555E+00  0.2190E+02
   3.608  0.1547E+00  0.2190E+02
   3.613  0.1538E+00  0.2190E+02
   3.618  0.1529E+00  0.2190E+02
   3.623  0.1521E+00  0.2190E+02
   3.628  0.1512E+00  0.2190E+02
   3.633  0.1504E+00  0.2190E+02
   3.638  0.1496E+00  0.2190E+02
   3.643  0.1490E+00  0.2190E+02
   3.648  0.1520E+00  0.2190E+02
   3.653  0.1595E+00  0.2190E+02
   3.658  0.1717E+00  0.2190E+02
   3.663  0.1885E+00  0.2191E+02
   3.668  0.2170E+00  0.2191E+02
   3.673  0.2588E+00  0.2191E+02
   3.678  0.3049E+00  0.2191E+02
   3.683  0.3553E+00  0.2191E+02
   3.688  0.4100E+00  0.2191E+02
   3.693  0.4690E+00  0.2191E+02
   3.698  0.5258E+00  0.2192E+02
   3.703  0.5567E+00  0.2192E+02
   3.708  0.5989E+00  0.2192E+02
   3.713  0.6511E+00  0.2193E+02
   3.718  0.7079E+00  0.2193E+02
   3.723  0.7692E+00  0.2193E+02
   3.728  0.8350E+00  0.2194E+02
   3.733  0.9054E+00  0.2194E+02
   3.738  0.9807E+00  0.2195E+02
   3.743  0.1061E+01  0.2195E+02
   3.748  0.1143E+01  0.2196E+02
   3.753  0.1226E+01  0.2196E+02
   3.758  0.1316E+01  0.2197E+02
   3.763  0.1390E+01  0.2198E+02
   3.768  0.1441E+01  0.2198E+02
   3.773  0.1470E+01  0.2199E+02
   3.778  0.1480E+01  0.2200E+02
   3.783  0.1500E+01  0.2200E+02
   3.788  0.1572E+01  0.2201E+02
   3.793  0.1619E+01  0.2202E+02
   3.798  0.1645E+01  0.2203E+02
   3.803  0.1665E+01  0.2204E+02
   3.808  0.1682E+01  0.2205E+02
   3.813  0.1692E+01  0.2205E+02
   3.818  0.1602E+01  0.2206E+02
   3.823  0.1625E+01  0.2207E+02
   3.828  0.1656E+01  0.2208E+02
   3.833  0.1688E+01  0.2209E+02
   3.838  0.1721E+01  0.2210E+02
   3.843  0.1770E+01  0.2210E+02
   3.848  0.1809E+01  0.2211E+02
   3.853  0.1833E+01  0.2212E+02
   3.858  0.1852E+01  0.2213E+02
   3.863  0.1899E+01  0.2214E+02
   3.868  0.1928E+01  0.2215E+02
   3.873  0.1963E+01  0.2216E+02
   3.878  0.2001E+01  0.2217E+02
   3.883  0.2043E+01  0.2218E+02
   3.888  0.2088E+01  0.2219E+02
   3.893  0.2133E+01  0.2220E+02
   3.898  0.2178E+01  0.2221E+02
   3.903  0.2219E+01  0.2222E+02
   3.908  0.2244E+01  0.2223E+02
   3.913  0.2243E+01  0.2224E+02
   3.918  0.2239E+01  0.2226E+02
   3.923  0.2230E+01  0.2227E+02
   3.928  0.2216E+01  0.2228E+02
   3.933  0.2199E+01  0.2229E+02
   3.938  0.2182E+01  0.2230E+02
   3.943  0.2173E+01  0.2231E+02
   3.948  0.2174E+01  0.2232E+02
   3.953  0.2152E+01  0.2233E+02
   3.958  0.2121E+01  0.2234E+02
   3.963  0.2091E+01  0.2235E+02
   3.968  0.2062E+01  0.2236E+02
   3.973  0.2042E+01  0.2237E+02
   3.978  0.2010E+01  0.2238E+02
   3.983  0.1997E+01  0.2239E+02
   3.988  0.1985E+01  0.2240E+02
   3.993  0.1973E+01  0.2241E+02
   3.998  0.1962E+01  0.2242E+02
   4.003  0.1952E+01  0.2243E+02
   4.008  0.1942E+01  0.2244E+02
   4.013  0.1933E+01  0.2245E+02
   4.018  0.1925E+01  0.2246E+02
   4.023  0.1919E+01  0.2247E+02
   4.028  0.1914E+01  0.2248E+02
   4.033  0.1908E+01  0.2249E+02
   4.038  0.1903E+01  0.2250E+02
   4.043  0.1895E+01  0.2251E+02
   4.048  0.1884E+01  0.2252E+02
   4.053  0.1875E+01  0.2253E+02
   4.058  0.1866E+01  0.2254E+02
   4.063  0.1858E+01  0.2255E+02
   4.068  0.1851E+01  0.2256E+02
   4.073  0.1844E+01  0.2257E+02
   4.078  0.1836E+01  0.2258E+02
   4.083  0.1829E+01  0.2259E+02
   4.088  0.1824E+01  0.2259E+02
   4.093  0.1818E+01  0.2260E+02
   4.098  0.1811E+01  0.2261E+02
   4.103  0.1802E+01  0.2262E+02
   4.108  0.1791E+01  0.2263E+02
   4.113  0.1777E+01  0.2264E+02
   4.118  0.1766E+01  0.2265E+02
   4.123  0.1755E+01  0.2266E+02
   4.128  0.1746E+01  0.2267E+02
   4.133  0.1740E+01  0.2267E+02
   4.138  0.1753E+01  0.2268E+02
   4.143  0.1771E+01  0.2269E+02
   4.148  0.1763E+01  0.2270E+02
   4.153  0.1732E+01  0.2271E+02
   4.158  0.1721E+01  0.2272E+02
   4.163  0.1711E+01  0.2273E+02
   4.168  0.1702E+01  0.2274E+02
   4.173  0.1694E+01  0.2274E+02
   4.178  0.1688E+01  0.2275E+02
   4.183  0.1683E+01  0.2276E+02
   4.188  0.1679E+01  0.2277E+02
   4.193  0.1677E+01  0.2278E+02
   4.198  0.1713E+01  0.2279E+02
   4.203  0.1999E+01  0.2280E+02
   4.208  0.1703E+01  0.2280E+02
   4.213  0.1692E+01  0.2281E+02
   4.218  0.1683E+01  0.2282E+02
   4.223  0.1675E+01  0.2283E+02
   4.228  0.1668E+01  0.2284E+02
   4.233  0.1662E+01  0.2285E+02
   4.238  0.1658E+01  0.2285E+02
   4.243  0.1651E+01  0.2286E+02
   4.248  0.1643E+01  0.2287E+02
   4.253  0.1640E+01  0.2288E+02
   4.258  0.1643E+01  0.2289E+02
   4.263  0.1649E+01  0.2290E+02
   4.268  0.1655E+01  0.2290E+02
   4.273  0.1663E+01  0.2291E+02
   4.278  0.1671E+01  0.2292E+02
   4.283  0.1682E+01  0.2293E+02
   4.288  0.1702E+01  0.2294E+02
   4.293  0.1728E+01  0.2295E+02
   4.298  0.1757E+01  0.2295E+02
   4.303  0.1786E+01  0.2296E+02
   4.308  0.1815E+01  0.2297E+02
   4.313  0.1843E+01  0.2298E+02
   4.318  0.1870E+01  0.2299E+02
   4.323  0.1897E+01  0.2300E+02
   4.328  0.1924E+01  0.2301E+02
   4.333  0.1951E+01  0.2302E+02
   4.338  0.1978E+01  0.2303E+02
   4.343  0.2004E+01  0.2304E+02
   4.348  0.2030E+01  0.2305E+02
   4.353  0.2108E+01  0.2306E+02
   4.358  0.2171E+01  0.2307E+02
   4.363  0.2214E+01  0.2308E+02
   4.368  0.2248E+01  0.2309E+02
   4.373  0.2269E+01  0.2310E+02
   4.378  0.2245E+01  0.2312E+02
   4.383  0.2225E+01  0.2313E+02
   4.388  0.2214E+01  0.2314E+02
   4.393  0.2226E+01  0.2315E+02
   4.398  0.2253E+01  0.2316E+02
   4.403  0.2292E+01  0.2317E+02
   4.408  0.2338E+01  0.2318E+02
   4.413  0.2392E+01  0.2319E+02
   4.418  0.2452E+01  0.2321E+02
   4.423  0.2487E+01  0.2322E+02
   4.428  0.2514E+01  0.2323E+02
   4.433  0.2534E+01  0.2324E+02
   4.438  0.2533E+01  0.2326E+02
   4.443  0.2520E+01  0.2327E+02
   4.448  0.2504E+01  0.2328E+02
   4.453  0.2484E+01  0.2329E+02
   4.458  0.2460E+01  0.2331E+02
   4.463  0.2432E+01  0.2332E+02
   4.468  0.2409E+01  0.2333E+02
   4.473  0.2393E+01  0.2334E+02
   4.478  0.2383E+01  0.2336E+02
   4.483  0.2381E+01  0.2337E+02
   4.488  0.2383E+01  0.2338E+02
   4.493  0.2386E+01  0.2339E+02
   4.498  0.2389E+01  0.2340E+02
   4.503  0.2393E+01  0.2341E+02
   4.508  0.2400E+01  0.2343E+02
   4.513  0.2408E+01  0.2344E+02
   4.518  0.2409E+01  0.2345E+02
   4.523  0.2400E+01  0.2346E+02
   4.528  0.2392E+01  0.2347E+02
   4.533  0.2384E+01  0.2349E+02
   4.538  0.2378E+01  0.2350E+02
   4.543  0.2372E+01  0.2351E+02
   4.548  0.2369E+01  0.2352E+02
   4.553  0.2363E+01  0.2353E+02
   4.558  0.2355E+01  0.2355E+02
   4.563  0.2348E+01  0.2356E+02
   4.568  0.2342E+01  0.2357E+02
   4.573  0.2336E+01  0.2358E+02
   4.578  0.2332E+01  0.2359E+02
   4.583  0.2329E+01  0.2360E+02
   4.588  0.2337E+01  0.2362E+02
   4.593  0.2345E+01  0.2363E+02
   4.598  0.2330E+01  0.2364E+02
   4.603  0.2318E+01  0.2365E+02
   4.608  0.2310E+01  0.2366E+02
   4.613  0.2304E+01  0.2367E+02
   4.618  0.2302E+01  0.2369E+02
   4.623  0.2301E+01  0.2370E+02
   4.628  0.2301E+01  0.2371E+02
   4.633  0.2300E+01  0.2372E+02
   4.638  0.2300E+01  0.2373E+02
   4.643  0.2300E+01  0.2374E+02
   4.648  0.2300E+01  0.2375E+02
   4.653  0.2300E+01  0.2377E+02
   4.658  0.2299E+01  0.2378E+02
   4.663  0.2297E+01  0.2379E+02
   4.668  0.2294E+01  0.2380E+02
   4.673  0.2291E+01  0.2381E+02
   4.678  0.2288E+01  0.2382E+02
   4.683  0.2285E+01  0.2384E+02
   4.688  0.2281E+01  0.2385E+02
   4.693  0.2278E+01  0.2386E+02
   4.698  0.2275E+01  0.2387E+02
   4.703  0.2272E+01  0.2388E+02
   4.708  0.2270E+01  0.2389E+02
   4.713  0.2268E+01  0.2390E+02
   4.718  0.2266E+01  0.2391E+02
   4.723  0.2263E+01  0.2393E+02
   4.728  0.2260E+01  0.2394E+02
   4.733  0.2257E+01  0.2395E+02
   4.738  0.2254E+01  0.2396E+02
   4.743  0.2251E+01  0.2397E+02
   4.748  0.2248E+01  0.2398E+02
   4.753  0.2244E+01  0.2399E+02
   4.758  0.2242E+01  0.2400E+02
   4.763  0.2241E+01  0.2402E+02
   4.768  0.2239E+01  0.2403E+02
   4.773  0.2237E+01  0.2404E+02
   4.778  0.2235E+01  0.2405E+02
   4.783  0.2234E+01  0.2406E+02
   4.788  0.2232E+01  0.2407E+02
   4.793  0.2235E+01  0.2408E+02
   4.798  0.2241E+01  0.2409E+02
   4.803  0.2221E+01  0.2411E+02
   4.808  0.2219E+01  0.2412E+02
   4.813  0.2218E+01  0.2413E+02
   4.818  0.2218E+01  0.2414E+02
   4.823  0.2221E+01  0.2415E+02
   4.828  0.2225E+01  0.2416E+02
   4.833  0.2230E+01  0.2417E+02
   4.838  0.2221E+01  0.2418E+02
   4.843  0.2214E+01  0.2419E+02
   4.848  0.2209E+01  0.2421E+02
   4.853  0.2207E+01  0.2422E+02
   4.858  0.2206E+01  0.2423E+02
   4.863  0.2206E+01  0.2424E+02
   4.868  0.2205E+01  0.2425E+02
   4.873  0.2204E+01  0.2426E+02
   4.878  0.2203E+01  0.2427E+02
   4.883  0.2200E+01  0.2428E+02
   4.888  0.2198E+01  0.2429E+02
   4.893  0.2196E+01  0.2430E+02
   4.898  0.2194E+01  0.2432E+02
   4.903  0.2191E+01  0.2433E+02
   4.908  0.2188E+01  0.2434E+02
   4.913  0.2186E+01  0.2435E+02
   4.918  0.2187E+01  0.2436E+02
   4.923  0.2188E+01  0.2437E+02
   4.928  0.2187E+01  0.2438E+02
   4.933  0.2185E+01  0.2439E+02
   4.938  0.2182E+01  0.2440E+02
   4.943  0.2178E+01  0.2441E+02
   4.948  0.2173E+01  0.2442E+02
   4.953  0.2168E+01  0.2444E+02
   4.958  0.2162E+01  0.2445E+02
   4.963  0.2156E+01  0.2446E+02
   4.968  0.2149E+01  0.2447E+02
   4.973  0.2203E+01  0.2448E+02
   4.978  0.2297E+01  0.2449E+02
   4.983  0.2149E+01  0.2450E+02
   4.988  0.2144E+01  0.2451E+02
   4.993  0.2139E+01  0.2452E+02
   4.998  0.2135E+01  0.2453E+02
   5.003  0.2131E+01  0.2454E+02
   5.008  0.2127E+01  0.2455E+02
   5.013  0.2123E+01  0.2457E+02
   5.018  0.2119E+01  0.2458E+02
   5.023  0.2251E+01  0.2459E+02
   5.028  0.2225E+01  0.2460E+02
   5.033  0.2139E+01  0.2461E+02
   5.038  0.2143E+01  0.2462E+02
   5.043  0.2141E+01  0.2463E+02
   5.048  0.2132E+01  0.2464E+02
   5.053  0.2117E+01  0.2465E+02
   5.058  0.2109E+01  0.2466E+02
   5.063  0.2107E+01  0.2467E+02
   5.068  0.2107E+01  0.2468E+02
   5.073  0.2109E+01  0.2469E+02
   5.078  0.2114E+01  0.2470E+02
   5.083  0.2084E+01  0.2471E+02
   5.088  0.2091E+01  0.2473E+02
   5.093  0.2093E+01  0.2474E+02
   5.098  0.2085E+01  0.2475E+02
   5.103  0.2061E+01  0.2476E+02
   5.108  0.2051E+01  0.2477E+02
   5.113  0.2041E+01  0.2478E+02
   5.118  0.2031E+01  0.2479E+02
   5.123  0.2022E+01  0.2480E+02
   5.128  0.2014E+01  0.2481E+02
   5.133  0.2006E+01  0.2482E+02
   5.138  0.1998E+01  0.2483E+02
   5.143  0.1990E+01  0.2484E+02
   5.148  0.1982E+01  0.2485E+02
   5.153  0.1973E+01  0.2486E+02
   5.158  0.1963E+01  0.2487E+02
   5.163  0.1958E+01  0.2488E+02
   5.168  0.1956E+01  0.2489E+02
   5.173  0.1949E+01  0.2490E+02
   5.178  0.1937E+01  0.2491E+02
   5.183  0.1921E+01  0.2492E+02
   5.188  0.1908E+01  0.2493E+02
   5.193  0.1898E+01  0.2493E+02
   5.198  0.1889E+01  0.2494E+02
   5.203  0.1880E+01  0.2495E+02
   5.208  0.1871E+01  0.2496E+02
   5.213  0.1863E+01  0.2497E+02
   5.218  0.1863E+01  0.2498E+02
   5.223  0.1867E+01  0.2499E+02
   5.228  0.1857E+01  0.2500E+02
   5.233  0.1832E+01  0.2501E+02
   5.238  0.1822E+01  0.2502E+02
   5.243  0.1812E+01  0.2503E+02
   5.248  0.1802E+01  0.2504E+02
   5.253  0.1793E+01  0.2505E+02
   5.258  0.1783E+01  0.2505E+02
   5.263  0.1774E+01  0.2506E+02
   5.268  0.1765E+01  0.2507E+02
   5.273  0.1756E+01  0.2508E+02
   5.278  0.1748E+01  0.2509E+02
   5.283  0.1741E+01  0.2510E+02
   5.288  0.1733E+01  0.2511E+02
   5.293  0.1727E+01  0.2512E+02
   5.298  0.1721E+01  0.2512E+02
   5.303  0.1715E+01  0.2513E+02
   5.308  0.1710E+01  0.2514E+02
   5.313  0.1706E+01  0.2515E+02
   5.318  0.1706E+01  0.2516E+02
   5.323  0.1707E+01  0.2517E+02
   5.328  0.1715E+01  0.2518E+02
   5.333  0.1719E+01  0.2518E+02
   5.338  0.1712E+01  0.2519E+02
   5.343  0.1700E+01  0.2520E+02
   5.348  0.1689E+01  0.2521E+02
   5.353  0.1713E+01  0.2522E+02
   5.358  0.1681E+01  0.2523E+02
   5.363  0.1665E+01  0.2524E+02
   5.368  0.1656E+01  0.2524E+02
   5.373  0.1647E+01  0.2525E+02
   5.378  0.1638E+01  0.2526E+02
   5.383  0.1629E+01  0.2527E+02
   5.388  0.1621E+01  0.2528E+02
   5.393  0.1613E+01  0.2528E+02
   5.398  0.1605E+01  0.2529E+02
   5.403  0.1596E+01  0.2530E+02
   5.408  0.1593E+01  0.2531E+02
   5.413  0.1581E+01  0.2532E+02
   5.418  0.1570E+01  0.2532E+02
   5.423  0.1559E+01  0.2533E+02
   5.428  0.1549E+01  0.2534E+02
   5.433  0.1539E+01  0.2535E+02
   5.438  0.1529E+01  0.2536E+02
   5.443  0.1520E+01  0.2536E+02
   5.448  0.1512E+01  0.2537E+02
   5.453  0.1504E+01  0.2538E+02
   5.458  0.1497E+01  0.2539E+02
   5.463  0.1489E+01  0.2539E+02
   5.468  0.1482E+01  0.2540E+02
   5.473  0.1475E+01  0.2541E+02
   5.478  0.1467E+01  0.2542E+02
   5.483  0.1460E+01  0.2542E+02
   5.488  0.1453E+01  0.2543E+02
   5.493  0.1445E+01  0.2544E+02
   5.498  0.1438E+01  0.2544E+02
   5.503  0.1431E+01  0.2545E+02
   5.508  0.1430E+01  0.2546E+02
   5.513  0.1445E+01  0.2547E+02
   5.518  0.1454E+01  0.2547E+02
   5.523  0.1455E+01  0.2548E+02
   5.528  0.1467E+01  0.2549E+02
   5.533  0.1470E+01  0.2550E+02
   5.538  0.1459E+01  0.2550E+02
   5.543  0.1438E+01  0.2551E+02
   5.548  0.1420E+01  0.2552E+02
   5.553  0.1403E+01  0.2552E+02
   5.558  0.1397E+01  0.2553E+02
   5.563  0.1376E+01  0.2554E+02
   5.568  0.1356E+01  0.2555E+02
   5.573  0.1330E+01  0.2555E+02
   5.578  0.1317E+01  0.2556E+02
   5.583  0.1305E+01  0.2556E+02
   5.588  0.1292E+01  0.2557E+02
   5.593  0.1279E+01  0.2558E+02
   5.598  0.1275E+01  0.2558E+02
   5.603  0.1269E+01  0.2559E+02
   5.608  0.1259E+01  0.2560E+02
   5.613  0.1245E+01  0.2560E+02
   5.618  0.1226E+01  0.2561E+02
   5.623  0.1204E+01  0.2562E+02
   5.628  0.1182E+01  0.2562E+02
   5.633  0.1166E+01  0.2563E+02
   5.638  0.1151E+01  0.2563E+02
   5.643  0.1137E+01  0.2564E+02
   5.648  0.1124E+01  0.2564E+02
   5.653  0.1110E+01  0.2565E+02
   5.658  0.1096E+01  0.2566E+02
   5.663  0.1082E+01  0.2566E+02
   5.668  0.1068E+01  0.2567E+02
   5.673  0.1055E+01  0.2567E+02
   5.678  0.1041E+01  0.2568E+02
   5.683  0.1027E+01  0.2568E+02
   5.688  0.1013E+01  0.2569E+02
   5.693  0.9991E+00  0.2569E+02
   5.698  0.9856E+00  0.2570E+02
   5.703  0.9721E+00  0.2570E+02
   5.708  0.9590E+00  0.2571E+02
   5.713  0.9466E+00  0.2571E+02
   5.718  0.9349E+00  0.2572E+02
   5.723  0.9238E+00  0.2572E+02
   5.728  0.9129E+00  0.2573E+02
   5.733  0.9074E+00  0.2573E+02
   5.738  0.9018E+00  0.2573E+02
   5.743  0.8956E+00  0.2574E+02
   5.748  0.8889E+00  0.2574E+02
   5.753  0.8816E+00  0.2575E+02
   5.758  0.8753E+00  0.2575E+02
   5.763  0.8732E+00  0.2576E+02
   5.768  0.8698E+00  0.2576E+02
   5.773  0.8652E+00  0.2577E+02
   5.778  0.8592E+00  0.2577E+02
   5.783  0.8527E+00  0.2577E+02
   5.788  0.8460E+00  0.2578E+02
   5.793  0.8378E+00  0.2578E+02
   5.798  0.8284E+00  0.2579E+02
   5.803  0.8178E+00  0.2579E+02
   5.808  0.8062E+00  0.2579E+02
   5.813  0.7939E+00  0.2580E+02
   5.818  0.7806E+00  0.2580E+02
   5.823  0.7663E+00  0.2581E+02
   5.828  0.7514E+00  0.2581E+02
   5.833  0.7358E+00  0.2581E+02
   5.838  0.7197E+00  0.2582E+02
   5.843  0.7108E+00  0.2582E+02
   5.848  0.6977E+00  0.2582E+02
   5.853  0.6797E+00  0.2583E+02
   5.858  0.6568E+00  0.2583E+02
   5.863  0.6290E+00  0.2583E+02
   5.868  0.5966E+00  0.2584E+02
   5.873  0.5595E+00  0.2584E+02
   5.878  0.5178E+00  0.2584E+02
   5.883  0.5097E+00  0.2585E+02
   5.888  0.5044E+00  0.2585E+02
   5.893  0.4990E+00  0.2585E+02
   5.898  0.4937E+00  0.2585E+02
   5.903  0.4884E+00  0.2586E+02
   5.908  0.4831E+00  0.2586E+02
   5.913  0.4780E+00  0.2586E+02
   5.918  0.4729E+00  0.2586E+02
   5.923  0.4678E+00  0.2587E+02
   5.928  0.4627E+00  0.2587E+02
   5.933  0.4577E+00  0.2587E+02
   5.938  0.4527E+00  0.2587E+02
   5.943  0.4477E+00  0.2587E+02
   5.948  0.4427E+00  0.2588E+02
   5.953  0.4377E+00  0.2588E+02
   5.958  0.4328E+00  0.2588E+02
   5.963  0.4279E+00  0.2588E+02
   5.968  0.4231E+00  0.2589E+02
   5.973  0.4183E+00  0.2589E+02
   5.978  0.4136E+00  0.2589E+02
   5.983  0.4090E+00  0.2589E+02
   5.988  0.4045E+00  0.2589E+02
   5.993  0.4000E+00  0.2590E+02
   5.998  0.3954E+00  0.2590E+02
   6.003  0.3908E+00  0.2590E+02
   6.008  0.3861E+00  0.2590E+02
   6.013  0.3814E+00  0.2590E+02
   6.018  0.3767E+00  0.2591E+02
   6.023  0.3719E+00  0.2591E+02
   6.028  0.3672E+00  0.2591E+02
   6.033  0.3624E+00  0.2591E+02
   6.038  0.3577E+00  0.2591E+02
   6.043  0.3530E+00  0.2591E+02
   6.048  0.3485E+00  0.2592E+02
   6.053  0.3441E+00  0.2592E+02
   6.058  0.3398E+00  0.2592E+02
   6.063  0.3356E+00  0.2592E+02
   6.068  0.3315E+00  0.2592E+02
   6.073  0.3273E+00  0.2593E+02
   6.078  0.3232E+00  0.2593E+02
   6.083  0.3191E+00  0.2593E+02
   6.088  0.3151E+00  0.2593E+02
   6.093  0.3111E+00  0.2593E+02
   6.098  0.3071E+00  0.2593E+02
   6.103  0.3031E+00  0.2593E+02
   6.108  0.2991E+00  0.2594E+02
   6.113  0.2951E+00  0.2594E+02
   6.118  0.2912E+00  0.2594E+02
   6.123  0.2872E+00  0.2594E+02
   6.128  0.2832E+00  0.2594E+02
   6.133  0.2793E+00  0.2594E+02
   6.138  0.2754E+00  0.2594E+02
   6.143  0.2714E+00  0.2595E+02
   6.148  0.2675E+00  0.2595E+02
   6.153  0.2637E+00  0.2595E+02
   6.158  0.2599E+00  0.2595E+02
   6.163  0.2561E+00  0.2595E+02
   6.168  0.2524E+00  0.2595E+02
   6.173  0.2488E+00  0.2595E+02
   6.178  0.2452E+00  0.2595E+02
   6.183  0.2417E+00  0.2596E+02
   6.188  0.2381E+00  0.2596E+02
   6.193  0.2343E+00  0.2596E+02
   6.198  0.2306E+00  0.2596E+02
   6.203  0.2269E+00  0.2596E+02
   6.208  0.2232E+00  0.2596E+02
   6.213  0.2196E+00  0.2596E+02
   6.218  0.2159E+00  0.2596E+02
   6.223  0.2122E+00  0.2597E+02
   6.228  0.2086E+00  0.2597E+02
   6.233  0.2050E+00  0.2597E+02
   6.238  0.2015E+00  0.2597E+02
   6.243  0.1983E+00  0.2597E+02
   6.248  0.1950E+00  0.2597E+02
   6.253  0.1918E+00  0.2597E+02
   6.258  0.1888E+00  0.2597E+02
   6.263  0.1857E+00  0.2597E+02
   6.268  0.1826E+00  0.2597E+02
   6.273  0.1795E+00  0.2598E+02
   6.278  0.1764E+00  0.2598E+02
   6.283  0.1732E+00  0.2598E+02
   6.288  0.1700E+00  0.2598E+02
   6.293  0.1668E+00  0.2598E+02
   6.298  0.1636E+00  0.2598E+02
   6.303  0.1604E+00  0.2598E+02
   6.308  0.1571E+00  0.2598E+02
   6.313  0.1538E+00  0.2598E+02
   6.318  0.1505E+00  0.2598E+02
   6.323  0.1472E+00  0.2598E+02
   6.328  0.1439E+00  0.2598E+02
   6.333  0.1405E+00  0.2598E+02
   6.338  0.1371E+00  0.2599E+02
   6.343  0.1339E+00  0.2599E+02
   6.348  0.1307E+00  0.2599E+02
   6.353  0.1275E+00  0.2599E+02
   6.358  0.1244E+00  0.2599E+02
   6.363  0.1212E+00  0.2599E+02
   6.368  0.1179E+00  0.2599E+02
   6.373  0.1147E+00  0.2599E+02
   6.378  0.1114E+00  0.2599E+02
   6.383  0.1081E+00  0.2599E+02
   6.388  0.1051E+00  0.2599E+02
   6.393  0.1022E+00  0.2599E+02
   6.398  0.9919E-01  0.2599E+02
   6.403  0.9614E-01  0.2599E+02
   6.408  0.9322E-01  0.2599E+02
   6.413  0.9024E-01  0.2599E+02
   6.418  0.8721E-01  0.2599E+02
   6.423  0.8412E-01  0.2599E+02
   6.428  0.8097E-01  0.2600E+02
   6.433  0.7777E-01  0.2600E+02
   6.438  0.7451E-01  0.2600E+02
   6.443  0.7119E-01  0.2600E+02
   6.448  0.6782E-01  0.2600E+02
   6.453  0.6439E-01  0.2600E+02
   6.458  0.6090E-01  0.2600E+02
   6.463  0.5736E-01  0.2600E+02
   6.468  0.5375E-01  0.2600E+02
   6.473  0.5009E-01  0.2600E+02
   6.478  0.4638E-01  0.2600E+02
   6.483  0.4261E-01  0.2600E+02
   6.488  0.3895E-01  0.2600E+02
   6.493  0.3560E-01  0.2600E+02
   6.498  0.3240E-01  0.2600E+02
   6.503  0.2936E-01  0.2600E+02
   6.508  0.2646E-01  0.2600E+02
   6.513  0.2372E-01  0.2600E+02
   6.518  0.2113E-01  0.2600E+02
   6.523  0.1870E-01  0.2600E+02
   6.528  0.1500E-01  0.2600E+02
   6.533  0.1030E-01  0.2600E+02
   6.538  0.6481E-02  0.2600E+02
   6.543  0.3543E-02  0.2600E+02
   6.548  0.1486E-02  0.2600E+02
   6.553  0.3087E-03  0.2600E+02
   6.558  0.3618E-06  0.2600E+02
   6.563  0.1852E-04  0.2600E+02
   6.568  0.6408E-04  0.2600E+02
   6.573  0.1370E-03  0.2600E+02
   6.578  0.2374E-03  0.2600E+02
   6.583  0.3652E-03  0.2600E+02
   6.588  0.5204E-03  0.2600E+02
   6.593  0.7030E-03  0.2600E+02
   6.598  0.9130E-03  0.2600E+02
   6.603  0.1150E-02  0.2600E+02
   6.608  0.1415E-02  0.2600E+02
   6.613  0.1707E-02  0.2600E+02
   6.618  0.2027E-02  0.2600E+02
   6.623  0.2374E-02  0.2600E+02
   6.628  0.2749E-02  0.2600E+02
   6.633  0.3150E-02  0.2600E+02
   6.638  0.3580E-02  0.2600E+02
   6.643  0.4036E-02  0.2600E+02
   6.648  0.4520E-02  0.2600E+02
   6.653  0.5032E-02  0.2600E+02
   6.658  0.5571E-02  0.2600E+02
   6.663  0.6137E-02  0.2600E+02
   6.668  0.6731E-02  0.2600E+02
   6.673  0.7352E-02  0.2600E+02
   6.678  0.8000E-02  0.2600E+02
   6.683  0.8676E-02  0.2600E+02
   6.688  0.9379E-02  0.2600E+02
   6.693  0.1011E-01  0.2600E+02
   6.698  0.1087E-01  0.2600E+02
   6.703  0.1165E-01  0.2600E+02
   6.708  0.1247E-01  0.2600E+02
   6.713  0.1331E-01  0.2600E+02
   6.718  0.1417E-01  0.2600E+02
   6.723  0.1565E-01  0.2600E+02
   6.728  0.1717E-01  0.2600E+02
   6.733  0.1866E-01  0.2600E+02
   6.738  0.2012E-01  0.2600E+02
   6.743  0.2155E-01  0.2600E+02
   6.748  0.2295E-01  0.2600E+02
   6.753  0.2432E-01  0.2600E+02
   6.758  0.2566E-01  0.2600E+02
   6.763  0.2698E-01  0.2600E+02
   6.768  0.2826E-01  0.2600E+02
   6.773  0.2951E-01  0.2600E+02
   6.778  0.3073E-01  0.2600E+02
   6.783  0.3192E-01  0.2600E+02
   6.788  0.3309E-01  0.2600E+02
   6.793  0.3422E-01  0.2600E+02
   6.798  0.3532E-01  0.2600E+02
   6.803  0.3639E-01  0.2600E+02
   6.808  0.3744E-01  0.2600E+02
   6.813  0.3845E-01  0.2600E+02
   6.818  0.3943E-01  0.2600E+02
   6.823  0.4039E-01  0.2600E+02
   6.828  0.4131E-01  0.2600E+02
   6.833  0.4220E-01  0.2600E+02
   6.838  0.4307E-01  0.2600E+02
   6.843  0.4390E-01  0.2600E+02
   6.848  0.4471E-01  0.2600E+02
   6.853  0.4548E-01  0.2601E+02
   6.858  0.4622E-01  0.2601E+02
   6.863  0.4694E-01  0.2601E+02
   6.868  0.4762E-01  0.2601E+02
   6.873  0.4828E-01  0.2601E+02
   6.878  0.4890E-01  0.2601E+02
   6.883  0.4950E-01  0.2601E+02
   6.888  0.5013E-01  0.2601E+02
   6.893  0.5110E-01  0.2601E+02
   6.898  0.5209E-01  0.2601E+02
   6.903  0.5307E-01  0.2601E+02
   6.908  0.5406E-01  0.2601E+02
   6.913  0.5506E-01  0.2601E+02
   6.918  0.5606E-01  0.2601E+02
   6.923  0.5707E-01  0.2601E+02
   6.928  0.5808E-01  0.2601E+02
   6.933  0.5909E-01  0.2601E+02
   6.938  0.6011E-01  0.2601E+02
   6.943  0.6114E-01  0.2601E+02
   6.948  0.6216E-01  0.2601E+02
   6.953  0.6320E-01  0.2601E+02
   6.958  0.6424E-01  0.2601E+02
   6.963  0.6528E-01  0.2601E+02
   6.968  0.6649E-01  0.2601E+02
   6.973  0.6791E-01  0.2601E+02
   6.978  0.6953E-01  0.2601E+02
   6.983  0.7128E-01  0.2601E+02
   6.988  0.7328E-01  0.2601E+02
   6.993  0.7569E-01  0.2601E+02
   6.998  0.7852E-01  0.2601E+02
   7.003  0.8181E-01  0.2601E+02
   7.008  0.8526E-01  0.2601E+02
   7.013  0.8885E-01  0.2601E+02
   7.018  0.9258E-01  0.2602E+02
   7.023  0.9644E-01  0.2602E+02
   7.028  0.1004E+00  0.2602E+02
   7.033  0.1046E+00  0.2602E+02
   7.038  0.1089E+00  0.2602E+02
   7.043  0.1133E+00  0.2602E+02
   7.048  0.1178E+00  0.2602E+02
   7.053  0.1226E+00  0.2602E+02
   7.058  0.1274E+00  0.2602E+02
   7.063  0.1324E+00  0.2602E+02
   7.068  0.1376E+00  0.2602E+02
   7.073  0.1430E+00  0.2602E+02
   7.078  0.1485E+00  0.2602E+02
   7.083  0.1541E+00  0.2602E+02
   7.088  0.1599E+00  0.2602E+02
   7.093  0.1659E+00  0.2602E+02
   7.098  0.1720E+00  0.2603E+02
   7.103  0.1796E+00  0.2603E+02
   7.108  0.1875E+00  0.2603E+02
   7.113  0.1954E+00  0.2603E+02
   7.118  0.2033E+00  0.2603E+02
   7.123  0.2113E+00  0.2603E+02
   7.128  0.2193E+00  0.2603E+02
   7.133  0.2273E+00  0.2603E+02
   7.138  0.2353E+00  0.2603E+02
   7.143  0.2433E+00  0.2603E+02
   7.148  0.2514E+00  0.2604E+02
   7.153  0.2594E+00  0.2604E+02
   7.158  0.2675E+00  0.2604E+02
   7.163  0.2756E+00  0.2604E+02
   7.168  0.2838E+00  0.2604E+02
   7.173  0.2919E+00  0.2604E+02
   7.178  0.3002E+00  0.2604E+02
   7.183  0.3084E+00  0.2605E+02
   7.188  0.3167E+00  0.2605E+02
   7.193  0.3250E+00  0.2605E+02
   7.198  0.3334E+00  0.2605E+02
   7.203  0.3419E+00  0.2605E+02
   7.208  0.3505E+00  0.2605E+02
   7.213  0.3597E+00  0.2606E+02
   7.218  0.3690E+00  0.2606E+02
   7.223  0.3782E+00  0.2606E+02
   7.228  0.3875E+00  0.2606E+02
   7.233  0.3968E+00  0.2606E+02
   7.238  0.4060E+00  0.2607E+02
   7.243  0.4153E+00  0.2607E+02
   7.248  0.4246E+00  0.2607E+02
   7.253  0.4339E+00  0.2607E+02
   7.258  0.4432E+00  0.2607E+02
   7.263  0.5012E+00  0.2608E+02
   7.268  0.5087E+00  0.2608E+02
   7.273  0.5161E+00  0.2608E+02
   7.278  0.5236E+00  0.2608E+02
   7.283  0.5311E+00  0.2609E+02
   7.288  0.7597E+00  0.2609E+02
   7.293  0.5299E+00  0.2609E+02
   7.298  0.5372E+00  0.2610E+02
   7.303  0.5446E+00  0.2610E+02
   7.308  0.5519E+00  0.2610E+02
   7.313  0.5593E+00  0.2610E+02
   7.318  0.5874E+00  0.2611E+02
   7.323  0.6348E+00  0.2611E+02
   7.328  0.6309E+00  0.2611E+02
   7.333  0.6056E+00  0.2612E+02
   7.338  0.1571E+01  0.2612E+02
   7.343  0.6326E+00  0.2612E+02
   7.348  0.6249E+00  0.2613E+02
   7.353  0.6168E+00  0.2613E+02
   7.358  0.6083E+00  0.2613E+02
   7.363  0.5995E+00  0.2614E+02
   7.368  0.6297E+00  0.2614E+02
   7.373  0.5929E+00  0.2614E+02
   7.378  0.5970E+00  0.2614E+02
   7.383  0.6011E+00  0.2615E+02
   7.388  0.6052E+00  0.2615E+02
   7.393  0.6093E+00  0.2615E+02
   7.398  0.6135E+00  0.2616E+02
   7.403  0.6177E+00  0.2616E+02
   7.408  0.6748E+00  0.2616E+02
   7.413  0.6786E+00  0.2617E+02
   7.418  0.6710E+00  0.2617E+02
   7.423  0.6519E+00  0.2617E+02
   7.428  0.6437E+00  0.2618E+02
   7.433  0.6381E+00  0.2618E+02
   7.438  0.6322E+00  0.2618E+02
   7.443  0.6259E+00  0.2619E+02
   7.448  0.6193E+00  0.2619E+02
   7.453  0.6123E+00  0.2619E+02
   7.458  0.6050E+00  0.2620E+02
   7.463  0.6067E+00  0.2620E+02
   7.468  0.6093E+00  0.2620E+02
   7.473  0.6119E+00  0.2620E+02
   7.478  0.6145E+00  0.2621E+02
   7.483  0.6171E+00  0.2621E+02
   7.488  0.6197E+00  0.2621E+02
   7.493  0.6224E+00  0.2622E+02
   7.498  0.6251E+00  0.2622E+02
   7.503  0.6278E+00  0.2622E+02
   7.508  0.6305E+00  0.2623E+02
   7.513  0.6332E+00  0.2623E+02
   7.518  0.6360E+00  0.2623E+02
   7.523  0.6388E+00  0.2624E+02
   7.528  0.6416E+00  0.2624E+02
   7.533  0.6444E+00  0.2624E+02
   7.538  0.6473E+00  0.2625E+02
   7.543  0.6502E+00  0.2625E+02
   7.548  0.6531E+00  0.2625E+02
   7.553  0.6561E+00  0.2626E+02
   7.558  0.6591E+00  0.2626E+02
   7.563  0.6621E+00  0.2626E+02
   7.568  0.6651E+00  0.2627E+02
   7.573  0.6682E+00  0.2627E+02
   7.578  0.6714E+00  0.2627E+02
   7.583  0.6745E+00  0.2628E+02
   7.588  0.6777E+00  0.2628E+02
   7.593  0.6809E+00  0.2628E+02
   7.598  0.6842E+00  0.2629E+02
   7.603  0.6875E+00  0.2629E+02
   7.608  0.6908E+00  0.2629E+02
   7.613  0.6931E+00  0.2630E+02
   7.618  0.6952E+00  0.2630E+02
   7.623  0.6975E+00  0.2630E+02
   7.628  0.6999E+00  0.2631E+02
   7.633  0.7024E+00  0.2631E+02
   7.638  0.7050E+00  0.2631E+02
   7.643  0.7077E+00  0.2632E+02
   7.648  0.7161E+00  0.2632E+02
   7.653  0.7270E+00  0.2632E+02
   7.658  0.7348E+00  0.2633E+02
   7.663  0.7418E+00  0.2633E+02
   7.668  0.7490E+00  0.2633E+02
   7.673  0.7564E+00  0.2634E+02
   7.678  0.8258E+00  0.2634E+02
   7.683  0.7766E+00  0.2635E+02
   7.688  0.7736E+00  0.2635E+02
   7.693  0.7743E+00  0.2635E+02
   7.698  0.7751E+00  0.2636E+02
   7.703  0.7761E+00  0.2636E+02
   7.708  0.7771E+00  0.2637E+02
   7.713  0.7783E+00  0.2637E+02
   7.718  0.7796E+00  0.2637E+02
   7.723  0.7810E+00  0.2638E+02
   7.728  0.7824E+00  0.2638E+02
   7.733  0.7840E+00  0.2639E+02
   7.738  0.7858E+00  0.2639E+02
   7.743  0.7876E+00  0.2639E+02
   7.748  0.7896E+00  0.2640E+02
   7.753  0.7907E+00  0.2640E+02
   7.758  0.7918E+00  0.2641E+02
   7.763  0.7933E+00  0.2641E+02
   7.768  0.7952E+00  0.2641E+02
   7.773  0.8017E+00  0.2642E+02
   7.778  0.8091E+00  0.2642E+02
   7.783  0.8160E+00  0.2643E+02
   7.788  0.8206E+00  0.2643E+02
   7.793  0.8254E+00  0.2643E+02
   7.798  0.8303E+00  0.2644E+02
   7.803  0.8353E+00  0.2644E+02
   7.808  0.8404E+00  0.2645E+02
   7.813  0.8458E+00  0.2645E+02
   7.818  0.8577E+00  0.2645E+02
   7.823  0.8743E+00  0.2646E+02
   7.828  0.8794E+00  0.2646E+02
   7.833  0.8750E+00  0.2647E+02
   7.838  0.8720E+00  0.2647E+02
   7.843  0.8704E+00  0.2648E+02
   7.848  0.8700E+00  0.2648E+02
   7.853  0.8713E+00  0.2648E+02
   7.858  0.8734E+00  0.2649E+02
   7.863  0.8755E+00  0.2649E+02
   7.868  0.8776E+00  0.2650E+02
   7.873  0.8796E+00  0.2650E+02
   7.878  0.8816E+00  0.2651E+02
   7.883  0.8837E+00  0.2651E+02
   7.888  0.8858E+00  0.2652E+02
   7.893  0.8880E+00  0.2652E+02
   7.898  0.8902E+00  0.2652E+02
   7.903  0.8924E+00  0.2653E+02
   7.908  0.8947E+00  0.2653E+02
   7.913  0.8970E+00  0.2654E+02
   7.918  0.9000E+00  0.2654E+02
   7.923  0.9031E+00  0.2655E+02
   7.928  0.9064E+00  0.2655E+02
   7.933  0.9098E+00  0.2656E+02
   7.938  0.9132E+00  0.2656E+02
   7.943  0.9166E+00  0.2657E+02
   7.948  0.9202E+00  0.2657E+02
   7.953  0.9238E+00  0.2657E+02
   7.958  0.9274E+00  0.2658E+02
   7.963  0.9311E+00  0.2658E+02
   7.968  0.9349E+00  0.2659E+02
   7.973  0.9389E+00  0.2659E+02
   7.978  0.9432E+00  0.2660E+02
   7.983  0.9477E+00  0.2660E+02
   7.988  0.9526E+00  0.2661E+02
   7.993  0.9577E+00  0.2661E+02
   7.998  0.9632E+00  0.2662E+02
   8.003  0.9689E+00  0.2662E+02
   8.008  0.9749E+00  0.2663E+02
   8.013  0.9812E+00  0.2663E+02
   8.018  0.9877E+00  0.2664E+02
   8.023  0.9926E+00  0.2664E+02
   8.028  0.9961E+00  0.2665E+02
   8.033  0.9999E+00  0.2665E+02
   8.038  0.1004E+01  0.2666E+02
   8.043  0.1008E+01  0.2666E+02
   8.048  0.1012E+01  0.2667E+02
   8.053  0.1017E+01  0.2667E+02
   8.058  0.1022E+01  0.2668E+02
   8.063  0.1028E+01  0.2668E+02
   8.068  0.1033E+01  0.2669E+02
   8.073  0.1039E+01  0.2669E+02
   8.078  0.1045E+01  0.2670E+02
   8.083  0.1054E+01  0.2670E+02
   8.088  0.1067E+01  0.2671E+02
   8.093  0.1079E+01  0.2671E+02
   8.098  0.1088E+01  0.2672E+02
   8.103  0.1102E+01  0.2672E+02
   8.108  0.1122E+01  0.2673E+02
   8.113  0.1144E+01  0.2674E+02
   8.118  0.1150E+01  0.2674E+02
   8.123  0.1156E+01  0.2675E+02
   8.128  0.1163E+01  0.2675E+02
   8.133  0.1169E+01  0.2676E+02
   8.138  0.1176E+01  0.2676E+02
   8.143  0.1183E+01  0.2677E+02
   8.148  0.1190E+01  0.2678E+02
   8.153  0.1197E+01  0.2678E+02
   8.158  0.1204E+01  0.2679E+02
   8.163  0.1211E+01  0.2679E+02
   8.168  0.1219E+01  0.2680E+02
   8.173  0.1226E+01  0.2681E+02
   8.178  0.1234E+01  0.2681E+02
   8.183  0.1243E+01  0.2682E+02
   8.188  0.1253E+01  0.2682E+02
   8.193  0.1263E+01  0.2683E+02
   8.198  0.1275E+01  0.2684E+02
   8.203  0.1287E+01  0.2684E+02
   8.208  0.1299E+01  0.2685E+02
   8.213  0.1311E+01  0.2686E+02
   8.218  0.1324E+01  0.2686E+02
   8.223  0.1345E+01  0.2687E+02
   8.228  0.1377E+01  0.2688E+02
   8.233  0.1452E+01  0.2688E+02
   8.238  0.1564E+01  0.2689E+02
   8.243  0.1716E+01  0.2690E+02
   8.248  0.1857E+01  0.2691E+02
   8.253  0.1908E+01  0.2692E+02
   8.258  0.1909E+01  0.2693E+02
   8.263  0.1911E+01  0.2694E+02
   8.268  0.1913E+01  0.2695E+02
   8.273  0.1915E+01  0.2696E+02
   8.278  0.1918E+01  0.2697E+02
   8.283  0.1921E+01  0.2698E+02
   8.288  0.1942E+01  0.2698E+02
   8.293  0.1957E+01  0.2699E+02
   8.298  0.1963E+01  0.2700E+02
   8.303  0.1968E+01  0.2701E+02
   8.308  0.1985E+01  0.2702E+02
   8.313  0.1978E+01  0.2703E+02
   8.318  0.1962E+01  0.2704E+02
   8.323  0.1970E+01  0.2705E+02
   8.328  0.1978E+01  0.2706E+02
   8.333  0.1988E+01  0.2707E+02
   8.338  0.2001E+01  0.2708E+02
   8.343  0.2018E+01  0.2709E+02
   8.348  0.2038E+01  0.2710E+02
   8.353  0.2060E+01  0.2711E+02
   8.358  0.2082E+01  0.2712E+02
   8.363  0.2107E+01  0.2713E+02
   8.368  0.2133E+01  0.2715E+02
   8.373  0.2162E+01  0.2716E+02
   8.378  0.2197E+01  0.2717E+02
   8.383  0.2235E+01  0.2718E+02
   8.388  0.2281E+01  0.2719E+02
   8.393  0.2308E+01  0.2720E+02
   8.398  0.2316E+01  0.2721E+02
   8.403  0.2305E+01  0.2722E+02
   8.408  0.2282E+01  0.2724E+02
   8.413  0.2255E+01  0.2725E+02
   8.418  0.2187E+01  0.2726E+02
   8.423  0.2162E+01  0.2727E+02
   8.428  0.2144E+01  0.2728E+02
   8.433  0.2128E+01  0.2729E+02
   8.438  0.2110E+01  0.2730E+02
   8.443  0.2092E+01  0.2731E+02
   8.448  0.2073E+01  0.2732E+02
   8.453  0.2053E+01  0.2733E+02
   8.458  0.2033E+01  0.2734E+02
   8.463  0.2012E+01  0.2735E+02
   8.468  0.1988E+01  0.2736E+02
   8.473  0.1964E+01  0.2737E+02
   8.478  0.1938E+01  0.2738E+02
   8.483  0.1912E+01  0.2739E+02
   8.488  0.1887E+01  0.2740E+02
   8.493  0.1863E+01  0.2741E+02
   8.498  0.1840E+01  0.2742E+02
   8.503  0.1820E+01  0.2743E+02
   8.508  0.1801E+01  0.2744E+02
   8.513  0.1783E+01  0.2745E+02
   8.518  0.1767E+01  0.2746E+02
   8.523  0.1740E+01  0.2746E+02
   8.528  0.1711E+01  0.2747E+02
   8.533  0.1683E+01  0.2748E+02
   8.538  0.1658E+01  0.2749E+02
   8.543  0.1652E+01  0.2750E+02
   8.548  0.1647E+01  0.2751E+02
   8.553  0.1641E+01  0.2751E+02
   8.558  0.1636E+01  0.2752E+02
   8.563  0.1631E+01  0.2753E+02
   8.568  0.1627E+01  0.2754E+02
   8.573  0.1623E+01  0.2755E+02
   8.578  0.1621E+01  0.2756E+02
   8.583  0.1619E+01  0.2756E+02
   8.588  0.1618E+01  0.2757E+02
   8.593  0.1627E+01  0.2758E+02
   8.598  0.1649E+01  0.2759E+02
   8.603  0.1667E+01  0.2760E+02
   8.608  0.1678E+01  0.2760E+02
   8.613  0.1687E+01  0.2761E+02
   8.618  0.1693E+01  0.2762E+02
   8.623  0.1693E+01  0.2763E+02
   8.628  0.1677E+01  0.2764E+02
   8.633  0.1652E+01  0.2765E+02
   8.638  0.1613E+01  0.2765E+02
   8.643  0.1569E+01  0.2766E+02
   8.648  0.1520E+01  0.2767E+02
   8.653  0.1473E+01  0.2768E+02
   8.658  0.1451E+01  0.2769E+02
   8.663  0.1429E+01  0.2769E+02
   8.668  0.1406E+01  0.2770E+02
   8.673  0.1382E+01  0.2771E+02
   8.678  0.1358E+01  0.2771E+02
   8.683  0.1335E+01  0.2772E+02
   8.688  0.1311E+01  0.2773E+02
   8.693  0.1286E+01  0.2773E+02
   8.698  0.1262E+01  0.2774E+02
   8.703  0.1237E+01  0.2775E+02
   8.708  0.1213E+01  0.2775E+02
   8.713  0.1210E+01  0.2776E+02
   8.718  0.1207E+01  0.2776E+02
   8.723  0.1175E+01  0.2777E+02
   8.728  0.1141E+01  0.2778E+02
   8.733  0.1106E+01  0.2778E+02
   8.738  0.1074E+01  0.2779E+02
   8.743  0.1044E+01  0.2779E+02
   8.748  0.1014E+01  0.2780E+02
   8.753  0.9829E+00  0.2780E+02
   8.758  0.9530E+00  0.2781E+02
   8.763  0.9233E+00  0.2781E+02
   8.768  0.8938E+00  0.2782E+02
   8.773  0.8570E+00  0.2782E+02
   8.778  0.8257E+00  0.2783E+02
   8.783  0.8103E+00  0.2783E+02
   8.788  0.7952E+00  0.2783E+02
   8.793  0.7804E+00  0.2784E+02
   8.798  0.7658E+00  0.2784E+02
   8.803  0.7515E+00  0.2784E+02
   8.808  0.7374E+00  0.2785E+02
   8.813  0.7235E+00  0.2785E+02
   8.818  0.7097E+00  0.2786E+02
   8.823  0.6960E+00  0.2786E+02
   8.828  0.6824E+00  0.2786E+02
   8.833  0.6689E+00  0.2787E+02
   8.838  0.6555E+00  0.2787E+02
   8.843  0.6422E+00  0.2787E+02
   8.848  0.6290E+00  0.2788E+02
   8.853  0.6159E+00  0.2788E+02
   8.858  0.6029E+00  0.2788E+02
   8.863  0.5901E+00  0.2788E+02
   8.868  0.5774E+00  0.2789E+02
   8.873  0.5648E+00  0.2789E+02
   8.878  0.5523E+00  0.2789E+02
   8.883  0.5400E+00  0.2790E+02
   8.888  0.5277E+00  0.2790E+02
   8.893  0.5157E+00  0.2790E+02
   8.898  0.5037E+00  0.2790E+02
   8.903  0.4919E+00  0.2791E+02
   8.908  0.4802E+00  0.2791E+02
   8.913  0.4688E+00  0.2791E+02
   8.918  0.4579E+00  0.2791E+02
   8.923  0.4477E+00  0.2792E+02
   8.928  0.4367E+00  0.2792E+02
   8.933  0.3908E+00  0.2792E+02
   8.938  0.3675E+00  0.2792E+02
   8.943  0.3641E+00  0.2792E+02
   8.948  0.3615E+00  0.2793E+02
   8.953  0.3589E+00  0.2793E+02
   8.958  0.3565E+00  0.2793E+02
   8.963  0.3542E+00  0.2793E+02
   8.968  0.3523E+00  0.2793E+02
   8.973  0.3493E+00  0.2793E+02
   8.978  0.3443E+00  0.2794E+02
   8.983  0.3397E+00  0.2794E+02
   8.988  0.3354E+00  0.2794E+02
   8.993  0.3316E+00  0.2794E+02
   8.998  0.3281E+00  0.2794E+02
   9.003  0.3249E+00  0.2794E+02
   9.008  0.3222E+00  0.2795E+02
   9.013  0.3198E+00  0.2795E+02
   9.018  0.3179E+00  0.2795E+02
   9.023  0.3163E+00  0.2795E+02
   9.028  0.3157E+00  0.2795E+02
   9.033  0.3547E+00  0.2795E+02
   9.038  0.3570E+00  0.2796E+02
   9.043  0.3626E+00  0.2796E+02
   9.048  0.3716E+00  0.2796E+02
   9.053  0.3760E+00  0.2796E+02
   9.058  0.3723E+00  0.2796E+02
   9.063  0.3688E+00  0.2797E+02
   9.068  0.3656E+00  0.2797E+02
   9.073  0.3627E+00  0.2797E+02
   9.078  0.3599E+00  0.2797E+02
   9.083  0.3575E+00  0.2797E+02
   9.088  0.3553E+00  0.2797E+02
   9.093  0.3533E+00  0.2798E+02
   9.098  0.3514E+00  0.2798E+02
   9.103  0.3496E+00  0.2798E+02
   9.108  0.3480E+00  0.2798E+02
   9.113  0.3465E+00  0.2798E+02
   9.118  0.3457E+00  0.2798E+02
   9.123  0.3472E+00  0.2799E+02
   9.128  0.3492E+00  0.2799E+02
   9.133  0.3514E+00  0.2799E+02
   9.138  0.3529E+00  0.2799E+02
   9.143  0.3534E+00  0.2799E+02
   9.148  0.3539E+00  0.2800E+02
   9.153  0.3899E+00  0.2800E+02
   9.158  0.4218E+00  0.2800E+02
   9.163  0.4053E+00  0.2800E+02
   9.168  0.3633E+00  0.2800E+02
   9.173  0.3584E+00  0.2801E+02
   9.178  0.3596E+00  0.2801E+02
   9.183  0.3609E+00  0.2801E+02
   9.188  0.3623E+00  0.2801E+02
   9.193  0.3639E+00  0.2801E+02
   9.198  0.3656E+00  0.2801E+02
   9.203  0.3674E+00  0.2802E+02
   9.208  0.3694E+00  0.2802E+02
   9.213  0.3715E+00  0.2802E+02
   9.218  0.3737E+00  0.2802E+02
   9.223  0.3761E+00  0.2802E+02
   9.228  0.3786E+00  0.2803E+02
   9.233  0.3812E+00  0.2803E+02
   9.238  0.3840E+00  0.2803E+02
   9.243  0.3876E+00  0.2803E+02
   9.248  0.3902E+00  0.2803E+02
   9.253  0.3918E+00  0.2803E+02
   9.258  0.3930E+00  0.2804E+02
   9.263  0.3940E+00  0.2804E+02
   9.268  0.3948E+00  0.2804E+02
   9.273  0.4610E+00  0.2804E+02
   9.278  0.4507E+00  0.2805E+02
   9.283  0.4130E+00  0.2805E+02
   9.288  0.4004E+00  0.2805E+02
   9.293  0.3959E+00  0.2805E+02
   9.298  0.3950E+00  0.2805E+02
   9.303  0.3972E+00  0.2806E+02
   9.308  0.3997E+00  0.2806E+02
   9.313  0.4023E+00  0.2806E+02
   9.318  0.4051E+00  0.2806E+02
   9.323  0.4080E+00  0.2806E+02
   9.328  0.4111E+00  0.2807E+02
   9.333  0.4144E+00  0.2807E+02
   9.338  0.4052E+00  0.2807E+02
   9.343  0.3955E+00  0.2807E+02
   9.348  0.3906E+00  0.2807E+02
   9.353  0.3906E+00  0.2808E+02
   9.358  0.3961E+00  0.2808E+02
   9.363  0.4027E+00  0.2808E+02
   9.368  0.4094E+00  0.2808E+02
   9.373  0.4162E+00  0.2808E+02
   9.378  0.4231E+00  0.2809E+02
   9.383  0.4301E+00  0.2809E+02
   9.388  0.4435E+00  0.2809E+02
   9.393  0.4468E+00  0.2809E+02
   9.398  0.4504E+00  0.2809E+02
   9.403  0.4537E+00  0.2810E+02
   9.408  0.4565E+00  0.2810E+02
   9.413  0.4586E+00  0.2810E+02
   9.418  0.4601E+00  0.2810E+02
   9.423  0.4609E+00  0.2811E+02
   9.428  0.4611E+00  0.2811E+02
   9.433  0.4606E+00  0.2811E+02
   9.438  0.4595E+00  0.2811E+02
   9.443  0.4615E+00  0.2812E+02
   9.448  0.4648E+00  0.2812E+02
   9.453  0.4681E+00  0.2812E+02
   9.458  0.4711E+00  0.2812E+02
   9.463  0.4739E+00  0.2812E+02
   9.468  0.4776E+00  0.2813E+02
   9.473  0.4816E+00  0.2813E+02
   9.478  0.4855E+00  0.2813E+02
   9.483  0.4895E+00  0.2813E+02
   9.488  0.4936E+00  0.2814E+02
   9.493  0.4977E+00  0.2814E+02
   9.498  0.5018E+00  0.2814E+02
   9.503  0.5059E+00  0.2814E+02
   9.508  0.5101E+00  0.2815E+02
   9.513  0.5143E+00  0.2815E+02
   9.518  0.5185E+00  0.2815E+02
   9.523  0.5227E+00  0.2815E+02
   9.528  0.5268E+00  0.2816E+02
   9.533  0.5296E+00  0.2816E+02
   9.538  0.5341E+00  0.2816E+02
   9.543  0.5386E+00  0.2817E+02
   9.548  0.5431E+00  0.2817E+02
   9.553  0.5476E+00  0.2817E+02
   9.558  0.5520E+00  0.2817E+02
   9.563  0.5573E+00  0.2818E+02
   9.568  0.5618E+00  0.2818E+02
   9.573  0.5653E+00  0.2818E+02
   9.578  0.5680E+00  0.2818E+02
   9.583  0.5698E+00  0.2819E+02
   9.588  0.5707E+00  0.2819E+02
   9.593  0.5707E+00  0.2819E+02
   9.598  0.5698E+00  0.2820E+02
   9.603  0.5681E+00  0.2820E+02
   9.608  0.5692E+00  0.2820E+02
   9.613  0.5712E+00  0.2820E+02
   9.618  0.5734E+00  0.2821E+02
   9.623  0.5756E+00  0.2821E+02
   9.628  0.5761E+00  0.2821E+02
   9.633  0.5784E+00  0.2822E+02
   9.638  0.5810E+00  0.2822E+02
   9.643  0.5835E+00  0.2822E+02
   9.648  0.5862E+00  0.2822E+02
   9.653  0.5888E+00  0.2823E+02
   9.658  0.5915E+00  0.2823E+02
   9.663  0.5942E+00  0.2823E+02
   9.668  0.5970E+00  0.2824E+02
   9.673  0.5998E+00  0.2824E+02
   9.678  0.6026E+00  0.2824E+02
   9.683  0.6054E+00  0.2825E+02
   9.688  0.6081E+00  0.2825E+02
   9.693  0.6108E+00  0.2825E+02
   9.698  0.6134E+00  0.2825E+02
   9.703  0.6162E+00  0.2826E+02
   9.708  0.6195E+00  0.2826E+02
   9.713  0.6228E+00  0.2826E+02
   9.718  0.6262E+00  0.2827E+02
   9.723  0.6298E+00  0.2827E+02
   9.728  0.6337E+00  0.2827E+02
   9.733  0.6379E+00  0.2828E+02
   9.738  0.6424E+00  0.2828E+02
   9.743  0.6472E+00  0.2828E+02
   9.748  0.6523E+00  0.2829E+02
   9.753  0.6576E+00  0.2829E+02
   9.758  0.6633E+00  0.2829E+02
   9.763  0.6692E+00  0.2830E+02
   9.768  0.6751E+00  0.2830E+02
   9.773  0.6814E+00  0.2830E+02
   9.778  0.6880E+00  0.2831E+02
   9.783  0.6951E+00  0.2831E+02
   9.788  0.7026E+00  0.2831E+02
   9.793  0.7143E+00  0.2832E+02
   9.798  0.7182E+00  0.2832E+02
   9.803  0.7145E+00  0.2832E+02
   9.808  0.7052E+00  0.2833E+02
   9.813  0.7115E+00  0.2833E+02
   9.818  0.7186E+00  0.2833E+02
   9.823  0.7306E+00  0.2834E+02
   9.828  0.7455E+00  0.2834E+02
   9.833  0.7620E+00  0.2835E+02
   9.838  0.7803E+00  0.2835E+02
   9.843  0.8002E+00  0.2835E+02
   9.848  0.8217E+00  0.2836E+02
   9.853  0.8448E+00  0.2836E+02
   9.858  0.8693E+00  0.2837E+02
   9.863  0.9839E+00  0.2837E+02
   9.868  0.1035E+01  0.2838E+02
   9.873  0.1027E+01  0.2838E+02
   9.878  0.9857E+00  0.2839E+02
   9.883  0.9591E+00  0.2839E+02
   9.888  0.9539E+00  0.2840E+02
   9.893  0.9449E+00  0.2840E+02
   9.898  0.9319E+00  0.2840E+02
   9.903  0.9151E+00  0.2841E+02
   9.908  0.8945E+00  0.2841E+02
   9.913  0.8834E+00  0.2842E+02
   9.918  0.8866E+00  0.2842E+02
   9.923  0.8899E+00  0.2843E+02
   9.928  0.8931E+00  0.2843E+02
   9.933  0.8963E+00  0.2844E+02
   9.938  0.8994E+00  0.2844E+02
   9.943  0.9026E+00  0.2845E+02
   9.948  0.9056E+00  0.2845E+02
   9.953  0.9087E+00  0.2845E+02
   9.958  0.9117E+00  0.2846E+02
   9.963  0.9147E+00  0.2846E+02
   9.968  0.9176E+00  0.2847E+02
   9.973  0.9205E+00  0.2847E+02
   9.978  0.9234E+00  0.2848E+02
   9.983  0.9265E+00  0.2848E+02
   9.988  0.9306E+00  0.2849E+02
   9.993  0.9347E+00  0.2849E+02
   9.998  0.9388E+00  0.2850E+02
  10.003  0.9497E+00  0.2850E+02
  10.008  0.9614E+00  0.2851E+02
  10.013  0.9697E+00  0.2851E+02
  10.018  0.9745E+00  0.2852E+02
  10.023  0.9757E+00  0.2852E+02
  10.028  0.9732E+00  0.2852E+02
  10.033  0.9669E+00  0.2853E+02
  10.038  0.9570E+00  0.2853E+02
  10.043  0.9541E+00  0.2854E+02
  10.048  0.9586E+00  0.2854E+02
  10.053  0.9592E+00  0.2855E+02
  10.058  0.9563E+00  0.2855E+02
  10.063  0.9499E+00  0.2856E+02
  10.068  0.9399E+00  0.2856E+02
  10.073  0.9335E+00  0.2857E+02
  10.078  0.9281E+00  0.2857E+02
  10.083  0.9234E+00  0.2858E+02
  10.088  0.9196E+00  0.2858E+02
  10.093  0.9165E+00  0.2859E+02
  10.098  0.9145E+00  0.2859E+02
  10.103  0.9130E+00  0.2860E+02
  10.108  0.9122E+00  0.2860E+02
  10.113  0.9121E+00  0.2860E+02
  10.118  0.9126E+00  0.2861E+02
  10.123  0.9133E+00  0.2861E+02
  10.128  0.9141E+00  0.2862E+02
  10.133  0.9152E+00  0.2862E+02
  10.138  0.9165E+00  0.2863E+02
  10.143  0.9179E+00  0.2863E+02
  10.148  0.9196E+00  0.2864E+02
  10.153  0.9215E+00  0.2864E+02
  10.158  0.9235E+00  0.2865E+02
  10.163  0.9257E+00  0.2865E+02
  10.168  0.9279E+00  0.2866E+02
  10.173  0.9301E+00  0.2866E+02
  10.178  0.9323E+00  0.2866E+02
  10.183  0.9345E+00  0.2867E+02
  10.188  0.9367E+00  0.2867E+02
  10.193  0.9389E+00  0.2868E+02
  10.198  0.9412E+00  0.2868E+02
  10.203  0.9435E+00  0.2869E+02
  10.208  0.9458E+00  0.2869E+02
  10.213  0.9481E+00  0.2870E+02
  10.218  0.9504E+00  0.2870E+02
  10.223  0.9528E+00  0.2871E+02
  10.228  0.9552E+00  0.2871E+02
  10.233  0.9577E+00  0.2872E+02
  10.238  0.9603E+00  0.2872E+02
  10.243  0.9629E+00  0.2873E+02
  10.248  0.9655E+00  0.2873E+02
  10.253  0.9682E+00  0.2874E+02
  10.258  0.9708E+00  0.2874E+02
  10.263  0.9735E+00  0.2875E+02
  10.268  0.9762E+00  0.2875E+02
  10.273  0.9789E+00  0.2876E+02
  10.278  0.9817E+00  0.2876E+02
  10.283  0.9845E+00  0.2876E+02
  10.288  0.9873E+00  0.2877E+02
  10.293  0.9901E+00  0.2877E+02
  10.298  0.9930E+00  0.2878E+02
  10.303  0.9959E+00  0.2878E+02
  10.308  0.1005E+01  0.2879E+02
  10.313  0.1027E+01  0.2879E+02
  10.318  0.1038E+01  0.2880E+02
  10.323  0.1037E+01  0.2881E+02
  10.328  0.1035E+01  0.2881E+02
  10.333  0.1031E+01  0.2882E+02
  10.338  0.1027E+01  0.2882E+02
  10.343  0.1025E+01  0.2883E+02
  10.348  0.1027E+01  0.2883E+02
  10.353  0.1030E+01  0.2884E+02
  10.358  0.1034E+01  0.2884E+02
  10.363  0.1037E+01  0.2885E+02
  10.368  0.1040E+01  0.2885E+02
  10.373  0.1045E+01  0.2886E+02
  10.378  0.1051E+01  0.2886E+02
  10.383  0.1057E+01  0.2887E+02
  10.388  0.1063E+01  0.2887E+02
  10.393  0.1069E+01  0.2888E+02
  10.398  0.1076E+01  0.2888E+02
  10.403  0.1082E+01  0.2889E+02
  10.408  0.1089E+01  0.2889E+02
  10.413  0.1096E+01  0.2890E+02
  10.418  0.1102E+01  0.2890E+02
  10.423  0.1104E+01  0.2891E+02
  10.428  0.1103E+01  0.2892E+02
  10.433  0.1104E+01  0.2892E+02
  10.438  0.1105E+01  0.2893E+02
  10.443  0.1106E+01  0.2893E+02
  10.448  0.1107E+01  0.2894E+02
  10.453  0.1109E+01  0.2894E+02
  10.458  0.1111E+01  0.2895E+02
  10.463  0.1114E+01  0.2896E+02
  10.468  0.1116E+01  0.2896E+02
  10.473  0.1119E+01  0.2897E+02
  10.478  0.1122E+01  0.2897E+02
  10.483  0.1126E+01  0.2898E+02
  10.488  0.1130E+01  0.2898E+02
  10.493  0.1137E+01  0.2899E+02
  10.498  0.1145E+01  0.2899E+02
  10.503  0.1155E+01  0.2900E+02
  10.508  0.1166E+01  0.2901E+02
  10.513  0.1178E+01  0.2901E+02
  10.518  0.1192E+01  0.2902E+02
  10.523  0.1205E+01  0.2902E+02
  10.528  0.1216E+01  0.2903E+02
  10.533  0.1227E+01  0.2904E+02
  10.538  0.1239E+01  0.2904E+02
  10.543  0.1251E+01  0.2905E+02
  10.548  0.1263E+01  0.2905E+02
  10.553  0.1277E+01  0.2906E+02
  10.558  0.1290E+01  0.2907E+02
  10.563  0.1305E+01  0.2907E+02
  10.568  0.1320E+01  0.2908E+02
  10.573  0.1336E+01  0.2909E+02
  10.578  0.1352E+01  0.2909E+02
  10.583  0.1370E+01  0.2910E+02
  10.588  0.1387E+01  0.2911E+02
  10.593  0.1406E+01  0.2911E+02
  10.598  0.1425E+01  0.2912E+02
  10.603  0.1446E+01  0.2913E+02
  10.608  0.1467E+01  0.2914E+02
  10.613  0.1489E+01  0.2914E+02
  10.618  0.1512E+01  0.2915E+02
  10.623  0.1535E+01  0.2916E+02
  10.628  0.1558E+01  0.2917E+02
  10.633  0.1579E+01  0.2917E+02
  10.638  0.1599E+01  0.2918E+02
  10.643  0.1618E+01  0.2919E+02
  10.648  0.1637E+01  0.2920E+02
  10.653  0.1657E+01  0.2921E+02
  10.658  0.1676E+01  0.2921E+02
  10.663  0.1696E+01  0.2922E+02
  10.668  0.1716E+01  0.2923E+02
  10.673  0.1745E+01  0.2924E+02
  10.678  0.1777E+01  0.2925E+02
  10.683  0.1805E+01  0.2926E+02
  10.688  0.1829E+01  0.2927E+02
  10.693  0.1853E+01  0.2928E+02
  10.698  0.1878E+01  0.2929E+02
  10.703  0.1900E+01  0.2930E+02
  10.708  0.1922E+01  0.2930E+02
  10.713  0.1942E+01  0.2931E+02
  10.718  0.1961E+01  0.2932E+02
  10.723  0.1977E+01  0.2933E+02
  10.728  0.1989E+01  0.2934E+02
  10.733  0.1988E+01  0.2935E+02
  10.738  0.2012E+01  0.2936E+02
  10.743  0.2037E+01  0.2937E+02
  10.748  0.2059E+01  0.2938E+02
  10.753  0.2083E+01  0.2939E+02
  10.758  0.2109E+01  0.2941E+02
  10.763  0.2132E+01  0.2942E+02
  10.768  0.2152E+01  0.2943E+02
  10.773  0.2167E+01  0.2944E+02
  10.778  0.2179E+01  0.2945E+02
  10.783  0.2188E+01  0.2946E+02
  10.788  0.2192E+01  0.2947E+02
  10.793  0.2189E+01  0.2948E+02
  10.798  0.2186E+01  0.2949E+02
  10.803  0.2202E+01  0.2950E+02
  10.808  0.2243E+01  0.2951E+02
  10.813  0.2262E+01  0.2953E+02
  10.818  0.2278E+01  0.2954E+02
  10.823  0.2280E+01  0.2955E+02
  10.828  0.2282E+01  0.2956E+02
  10.833  0.2285E+01  0.2957E+02
  10.838  0.2290E+01  0.2958E+02
  10.843  0.2297E+01  0.2959E+02
  10.848  0.2330E+01  0.2961E+02
  10.853  0.2368E+01  0.2962E+02
  10.858  0.2395E+01  0.2963E+02
  10.863  0.2410E+01  0.2964E+02
  10.868  0.2419E+01  0.2965E+02
  10.873  0.2381E+01  0.2966E+02
  10.878  0.2389E+01  0.2968E+02
  10.883  0.2402E+01  0.2969E+02
  10.888  0.2429E+01  0.2970E+02
  10.893  0.2483E+01  0.2971E+02
  10.898  0.2577E+01  0.2973E+02
  10.903  0.2600E+01  0.2974E+02
  10.908  0.2559E+01  0.2975E+02
  10.913  0.2525E+01  0.2976E+02
  10.918  0.2480E+01  0.2978E+02
  10.923  0.2458E+01  0.2979E+02
  10.928  0.2435E+01  0.2980E+02
  10.933  0.2410E+01  0.2981E+02
  10.938  0.2385E+01  0.2983E+02
  10.943  0.2358E+01  0.2984E+02
  10.948  0.2332E+01  0.2985E+02
  10.953  0.2304E+01  0.2986E+02
  10.958  0.2275E+01  0.2987E+02
  10.963  0.2245E+01  0.2988E+02
  10.968  0.2211E+01  0.2989E+02
  10.973  0.2174E+01  0.2991E+02
  10.978  0.2146E+01  0.2992E+02
  10.983  0.2149E+01  0.2993E+02
  10.988  0.2167E+01  0.2994E+02
  10.993  0.2158E+01  0.2995E+02
  10.998  0.2121E+01  0.2996E+02
  11.003  0.2076E+01  0.2997E+02
  11.008  0.2032E+01  0.2998E+02
  11.013  0.1970E+01  0.2999E+02
  11.018  0.1889E+01  0.3000E+02
  11.023  0.1831E+01  0.3001E+02
  11.028  0.1716E+01  0.3002E+02
  11.033  0.1570E+01  0.3003E+02
  11.038  0.1431E+01  0.3003E+02
  11.043  0.1336E+01  0.3004E+02
  11.048  0.1250E+01  0.3005E+02
  11.053  0.1172E+01  0.3005E+02
  11.058  0.1103E+01  0.3006E+02
  11.063  0.1037E+01  0.3006E+02
  11.068  0.9879E+00  0.3007E+02
  11.073  0.9604E+00  0.3007E+02
  11.078  0.1009E+01  0.3008E+02
  11.083  0.9015E+00  0.3008E+02
  11.088  0.6836E+00  0.3009E+02
  11.093  0.5512E+00  0.3009E+02
  11.098  0.5288E+00  0.3009E+02
  11.103  0.5080E+00  0.3010E+02
  11.108  0.4892E+00  0.3010E+02
  11.113  0.4724E+00  0.3010E+02
  11.118  0.4577E+00  0.3010E+02
  11.123  0.4447E+00  0.3011E+02
  11.128  0.4336E+00  0.3011E+02
  11.133  0.4243E+00  0.3011E+02
  11.138  0.4168E+00  0.3011E+02
  11.143  0.4143E+00  0.3011E+02
  11.148  0.4177E+00  0.3012E+02
  11.153  0.4214E+00  0.3012E+02
  11.158  0.4250E+00  0.3012E+02
  11.163  0.4287E+00  0.3012E+02
  11.168  0.4339E+00  0.3012E+02
  11.173  0.4396E+00  0.3013E+02
  11.178  0.4456E+00  0.3013E+02
  11.183  0.4519E+00  0.3013E+02
  11.188  0.4587E+00  0.3013E+02
  11.193  0.4659E+00  0.3014E+02
  11.198  0.4735E+00  0.3014E+02
  11.203  0.4815E+00  0.3014E+02
  11.208  0.4899E+00  0.3014E+02
  11.213  0.4987E+00  0.3015E+02
  11.218  0.5077E+00  0.3015E+02
  11.223  0.5171E+00  0.3015E+02
  11.228  0.5271E+00  0.3015E+02
  11.233  0.5376E+00  0.3016E+02
  11.238  0.5486E+00  0.3016E+02
  11.243  0.5602E+00  0.3016E+02
  11.248  0.5727E+00  0.3016E+02
  11.253  0.5873E+00  0.3017E+02
  11.258  0.6032E+00  0.3017E+02
  11.263  0.6202E+00  0.3017E+02
  11.268  0.6378E+00  0.3018E+02
  11.273  0.6559E+00  0.3018E+02
  11.278  0.6745E+00  0.3018E+02
  11.283  0.6935E+00  0.3019E+02
  11.288  0.7131E+00  0.3019E+02
  11.293  0.7331E+00  0.3019E+02
  11.298  0.7536E+00  0.3020E+02
  11.303  0.7746E+00  0.3020E+02
  11.308  0.7987E+00  0.3020E+02
  11.313  0.8257E+00  0.3021E+02
  11.318  0.8522E+00  0.3021E+02
  11.323  0.8799E+00  0.3022E+02
  11.328  0.9069E+00  0.3022E+02
  11.333  0.9326E+00  0.3023E+02
  11.338  0.9573E+00  0.3023E+02
  11.343  0.9809E+00  0.3024E+02
  11.348  0.1004E+01  0.3024E+02
  11.353  0.1024E+01  0.3025E+02
  11.358  0.1044E+01  0.3025E+02
  11.363  0.1062E+01  0.3026E+02
  11.368  0.1078E+01  0.3026E+02
  11.373  0.1095E+01  0.3027E+02
  11.378  0.1112E+01  0.3027E+02
  11.383  0.1128E+01  0.3028E+02
  11.388  0.1145E+01  0.3028E+02
  11.393  0.1162E+01  0.3029E+02
  11.398  0.1179E+01  0.3030E+02
  11.403  0.1196E+01  0.3030E+02
  11.408  0.1213E+01  0.3031E+02
  11.413  0.1230E+01  0.3031E+02
  11.418  0.1247E+01  0.3032E+02
  11.423  0.1264E+01  0.3033E+02
  11.428  0.1281E+01  0.3033E+02
  11.433  0.1299E+01  0.3034E+02
  11.438  0.1317E+01  0.3035E+02
  11.443  0.1336E+01  0.3035E+02
  11.448  0.1355E+01  0.3036E+02
  11.453  0.1375E+01  0.3037E+02
  11.458  0.1396E+01  0.3037E+02
  11.463  0.1418E+01  0.3038E+02
  11.468  0.1440E+01  0.3039E+02
  11.473  0.1463E+01  0.3039E+02
  11.478  0.1487E+01  0.3040E+02
  11.483  0.1511E+01  0.3041E+02
  11.488  0.1534E+01  0.3042E+02
  11.493  0.1559E+01  0.3042E+02
  11.498  0.1584E+01  0.3043E+02
  11.503  0.1611E+01  0.3044E+02
  11.508  0.1640E+01  0.3045E+02
  11.513  0.1667E+01  0.3046E+02
  11.518  0.1702E+01  0.3047E+02
  11.523  0.1744E+01  0.3047E+02
  11.528  0.1788E+01  0.3048E+02
  11.533  0.1832E+01  0.3049E+02
  11.538  0.1878E+01  0.3050E+02
  11.543  0.1925E+01  0.3051E+02
  11.548  0.1972E+01  0.3052E+02
  11.553  0.2021E+01  0.3053E+02
  11.558  0.2084E+01  0.3054E+02
  11.563  0.2156E+01  0.3055E+02
  11.568  0.2212E+01  0.3056E+02
  11.573  0.2262E+01  0.3057E+02
  11.578  0.2315E+01  0.3058E+02
  11.583  0.2372E+01  0.3060E+02
  11.588  0.2562E+01  0.3061E+02
  11.593  0.2855E+01  0.3062E+02
  11.598  0.3056E+01  0.3064E+02
  11.603  0.3231E+01  0.3065E+02
  11.608  0.3365E+01  0.3067E+02
  11.613  0.3495E+01  0.3069E+02
  11.618  0.3588E+01  0.3070E+02
  11.623  0.3617E+01  0.3072E+02
  11.628  0.3584E+01  0.3074E+02
  11.633  0.3540E+01  0.3076E+02
  11.638  0.3513E+01  0.3078E+02
  11.643  0.3484E+01  0.3079E+02
  11.648  0.3468E+01  0.3081E+02
  11.653  0.3294E+01  0.3083E+02
  11.658  0.3162E+01  0.3084E+02
  11.663  0.3112E+01  0.3086E+02
  11.668  0.3082E+01  0.3087E+02
  11.673  0.3059E+01  0.3089E+02
  11.678  0.3045E+01  0.3091E+02
  11.683  0.3034E+01  0.3092E+02
  11.688  0.3028E+01  0.3094E+02
  11.693  0.3038E+01  0.3095E+02
  11.698  0.3026E+01  0.3097E+02
  11.703  0.3016E+01  0.3098E+02
  11.708  0.3005E+01  0.3100E+02
  11.713  0.2996E+01  0.3101E+02
  11.718  0.2990E+01  0.3103E+02
  11.723  0.2982E+01  0.3104E+02
  11.728  0.2979E+01  0.3106E+02
  11.733  0.2972E+01  0.3107E+02
  11.738  0.2952E+01  0.3109E+02
  11.743  0.2924E+01  0.3110E+02
  11.748  0.2909E+01  0.3111E+02
  11.753  0.2876E+01  0.3113E+02
  11.758  0.2849E+01  0.3114E+02
  11.763  0.2820E+01  0.3116E+02
  11.768  0.2791E+01  0.3117E+02
  11.773  0.2764E+01  0.3119E+02
  11.778  0.2740E+01  0.3120E+02
  11.783  0.2717E+01  0.3121E+02
  11.788  0.2692E+01  0.3123E+02
  11.793  0.2656E+01  0.3124E+02
  11.798  0.2622E+01  0.3125E+02
  11.803  0.2587E+01  0.3127E+02
  11.808  0.2550E+01  0.3128E+02
  11.813  0.2516E+01  0.3129E+02
  11.818  0.2481E+01  0.3130E+02
  11.823  0.2448E+01  0.3132E+02
  11.828  0.2418E+01  0.3133E+02
  11.833  0.2399E+01  0.3134E+02
  11.838  0.2381E+01  0.3135E+02
  11.843  0.2363E+01  0.3136E+02
  11.848  0.2346E+01  0.3138E+02
  11.853  0.2330E+01  0.3139E+02
  11.858  0.2315E+01  0.3140E+02
  11.863  0.2299E+01  0.3141E+02
  11.868  0.2282E+01  0.3142E+02
  11.873  0.2265E+01  0.3143E+02
  11.878  0.2247E+01  0.3145E+02
  11.883  0.2229E+01  0.3146E+02
  11.888  0.2212E+01  0.3147E+02
  11.893  0.2194E+01  0.3148E+02
  11.898  0.2176E+01  0.3149E+02
  11.903  0.2168E+01  0.3150E+02
  11.908  0.2163E+01  0.3151E+02
  11.913  0.2143E+01  0.3152E+02
  11.918  0.2107E+01  0.3153E+02
  11.923  0.2086E+01  0.3154E+02
  11.928  0.2067E+01  0.3155E+02
  11.933  0.2047E+01  0.3156E+02
  11.938  0.2029E+01  0.3157E+02
  11.943  0.2010E+01  0.3158E+02
  11.948  0.1992E+01  0.3159E+02
  11.953  0.1974E+01  0.3160E+02
  11.958  0.1956E+01  0.3161E+02
  11.963  0.1939E+01  0.3162E+02
  11.968  0.1923E+01  0.3163E+02
  11.973  0.1906E+01  0.3164E+02
  11.978  0.1890E+01  0.3165E+02
  11.983  0.1875E+01  0.3166E+02
  11.988  0.1859E+01  0.3167E+02
  11.993  0.1845E+01  0.3168E+02
  11.998  0.1830E+01  0.3169E+02
  12.003  0.1814E+01  0.3170E+02
  12.008  0.1798E+01  0.3171E+02
  12.013  0.1781E+01  0.3172E+02
  12.018  0.1764E+01  0.3173E+02
  12.023  0.1747E+01  0.3173E+02
  12.028  0.1729E+01  0.3174E+02
  12.033  0.1711E+01  0.3175E+02
  12.038  0.1695E+01  0.3176E+02
  12.043  0.1683E+01  0.3177E+02
  12.048  0.1671E+01  0.3178E+02
  12.053  0.1659E+01  0.3178E+02
  12.058  0.1648E+01  0.3179E+02
  12.063  0.1636E+01  0.3180E+02
  12.068  0.1625E+01  0.3181E+02
  12.073  0.1614E+01  0.3182E+02
  12.078  0.1603E+01  0.3183E+02
  12.083  0.1593E+01  0.3183E+02
  12.088  0.1582E+01  0.3184E+02
  12.093  0.1572E+01  0.3185E+02
  12.098  0.1562E+01  0.3186E+02
  12.103  0.1551E+01  0.3187E+02
  12.108  0.1541E+01  0.3187E+02
  12.113  0.1531E+01  0.3188E+02
  12.118  0.1537E+01  0.3189E+02
  12.123  0.1523E+01  0.3190E+02
  12.128  0.1500E+01  0.3190E+02
  12.133  0.1481E+01  0.3191E+02
  12.138  0.1467E+01  0.3192E+02
  12.143  0.1458E+01  0.3193E+02
  12.148  0.1449E+01  0.3193E+02
  12.153  0.1441E+01  0.3194E+02
  12.158  0.1433E+01  0.3195E+02
  12.163  0.1425E+01  0.3195E+02
  12.168  0.1418E+01  0.3196E+02
  12.173  0.1411E+01  0.3197E+02
  12.178  0.1404E+01  0.3198E+02
  12.183  0.1398E+01  0.3198E+02
  12.188  0.1392E+01  0.3199E+02
  12.193  0.1386E+01  0.3200E+02
  12.198  0.1380E+01  0.3200E+02
  12.203  0.1374E+01  0.3201E+02
  12.208  0.1368E+01  0.3202E+02
  12.213  0.1363E+01  0.3202E+02
  12.218  0.1358E+01  0.3203E+02
  12.223  0.1352E+01  0.3204E+02
  12.228  0.1347E+01  0.3204E+02
  12.233  0.1342E+01  0.3205E+02
  12.238  0.1337E+01  0.3206E+02
  12.243  0.1332E+01  0.3206E+02
  12.248  0.1327E+01  0.3207E+02
  12.253  0.1321E+01  0.3208E+02
  12.258  0.1314E+01  0.3208E+02
  12.263  0.1307E+01  0.3209E+02
  12.268  0.1300E+01  0.3210E+02
  12.273  0.1293E+01  0.3210E+02
  12.278  0.1287E+01  0.3211E+02
  12.283  0.1281E+01  0.3212E+02
  12.288  0.1275E+01  0.3212E+02
  12.293  0.1270E+01  0.3213E+02
  12.298  0.1266E+01  0.3214E+02
  12.303  0.1262E+01  0.3214E+02
  12.308  0.1259E+01  0.3215E+02
  12.313  0.1256E+01  0.3215E+02
  12.318  0.1253E+01  0.3216E+02
  12.323  0.1251E+01  0.3217E+02
  12.328  0.1248E+01  0.3217E+02
  12.333  0.1246E+01  0.3218E+02
  12.338  0.1243E+01  0.3219E+02
  12.343  0.1240E+01  0.3219E+02
  12.348  0.1238E+01  0.3220E+02
  12.353  0.1237E+01  0.3220E+02
  12.358  0.1236E+01  0.3221E+02
  12.363  0.1234E+01  0.3222E+02
  12.368  0.1233E+01  0.3222E+02
  12.373  0.1232E+01  0.3223E+02
  12.378  0.1230E+01  0.3224E+02
  12.383  0.1229E+01  0.3224E+02
  12.388  0.1227E+01  0.3225E+02
  12.393  0.1226E+01  0.3225E+02
  12.398  0.1224E+01  0.3226E+02
  12.403  0.1223E+01  0.3227E+02
  12.408  0.1222E+01  0.3227E+02
  12.413  0.1221E+01  0.3228E+02
  12.418  0.1221E+01  0.3228E+02
  12.423  0.1220E+01  0.3229E+02
  12.428  0.1219E+01  0.3230E+02
  12.433  0.1219E+01  0.3230E+02
  12.438  0.1218E+01  0.3231E+02
  12.443  0.1218E+01  0.3231E+02
  12.448  0.1217E+01  0.3232E+02
  12.453  0.1217E+01  0.3233E+02
  12.458  0.1217E+01  0.3233E+02
  12.463  0.1216E+01  0.3234E+02
  12.468  0.1216E+01  0.3235E+02
  12.473  0.1216E+01  0.3235E+02
  12.478  0.1216E+01  0.3236E+02
  12.483  0.1216E+01  0.3236E+02
  12.488  0.1216E+01  0.3237E+02
  12.493  0.1219E+01  0.3238E+02
  12.498  0.1222E+01  0.3238E+02
  12.503  0.1225E+01  0.3239E+02
  12.508  0.1228E+01  0.3239E+02
  12.513  0.1231E+01  0.3240E+02
  12.518  0.1235E+01  0.3241E+02
  12.523  0.1239E+01  0.3241E+02
  12.528  0.1243E+01  0.3242E+02
  12.533  0.1228E+01  0.3242E+02
  12.538  0.1212E+01  0.3243E+02
  12.543  0.1213E+01  0.3244E+02
  12.548  0.1214E+01  0.3244E+02
  12.553  0.1215E+01  0.3245E+02
  12.558  0.1217E+01  0.3246E+02
  12.563  0.1219E+01  0.3246E+02
  12.568  0.1221E+01  0.3247E+02
  12.573  0.1224E+01  0.3247E+02
  12.578  0.1228E+01  0.3248E+02
  12.583  0.1235E+01  0.3249E+02
  12.588  0.1244E+01  0.3249E+02
  12.593  0.1250E+01  0.3250E+02
  12.598  0.1257E+01  0.3250E+02
  12.603  0.1263E+01  0.3251E+02
  12.608  0.1269E+01  0.3252E+02
  12.613  0.1276E+01  0.3252E+02
  12.618  0.1282E+01  0.3253E+02
  12.623  0.1289E+01  0.3254E+02
  12.628  0.1297E+01  0.3254E+02
  12.633  0.1304E+01  0.3255E+02
  12.638  0.1313E+01  0.3256E+02
  12.643  0.1319E+01  0.3256E+02
  12.648  0.1327E+01  0.3257E+02
  12.653  0.1338E+01  0.3258E+02
  12.658  0.1352E+01  0.3258E+02
  12.663  0.1369E+01  0.3259E+02
  12.668  0.1384E+01  0.3260E+02
  12.673  0.1396E+01  0.3260E+02
  12.678  0.1408E+01  0.3261E+02
  12.683  0.1420E+01  0.3262E+02
  12.688  0.1430E+01  0.3262E+02
  12.693  0.1436E+01  0.3263E+02
  12.698  0.1440E+01  0.3264E+02
  12.703  0.1441E+01  0.3265E+02
  12.708  0.1439E+01  0.3265E+02
  12.713  0.1434E+01  0.3266E+02
  12.718  0.1433E+01  0.3267E+02
  12.723  0.1432E+01  0.3267E+02
  12.728  0.1432E+01  0.3268E+02
  12.733  0.1432E+01  0.3269E+02
  12.738  0.1432E+01  0.3270E+02
  12.743  0.1431E+01  0.3270E+02
  12.748  0.1431E+01  0.3271E+02
  12.753  0.1431E+01  0.3272E+02
  12.758  0.1431E+01  0.3272E+02
  12.763  0.1431E+01  0.3273E+02
  12.768  0.1431E+01  0.3274E+02
  12.773  0.1430E+01  0.3275E+02
  12.778  0.1431E+01  0.3275E+02
  12.783  0.1432E+01  0.3276E+02
  12.788  0.1432E+01  0.3277E+02
  12.793  0.1433E+01  0.3277E+02
  12.798  0.1435E+01  0.3278E+02
  12.803  0.1440E+01  0.3279E+02
  12.808  0.1439E+01  0.3280E+02
  12.813  0.1438E+01  0.3280E+02
  12.818  0.1438E+01  0.3281E+02
  12.823  0.1439E+01  0.3282E+02
  12.828  0.1440E+01  0.3283E+02
  12.833  0.1443E+01  0.3283E+02
  12.838  0.1446E+01  0.3284E+02
  12.843  0.1449E+01  0.3285E+02
  12.848  0.1453E+01  0.3285E+02
  12.853  0.1457E+01  0.3286E+02
  12.858  0.1461E+01  0.3287E+02
  12.863  0.1465E+01  0.3288E+02
  12.868  0.1469E+01  0.3288E+02
  12.873  0.1473E+01  0.3289E+02
  12.878  0.1477E+01  0.3290E+02
  12.883  0.1481E+01  0.3291E+02
  12.888  0.1485E+01  0.3291E+02
  12.893  0.1491E+01  0.3292E+02
  12.898  0.1502E+01  0.3293E+02
  12.903  0.1516E+01  0.3294E+02
  12.908  0.1532E+01  0.3294E+02
  12.913  0.1546E+01  0.3295E+02
  12.918  0.1550E+01  0.3296E+02
  12.923  0.1555E+01  0.3297E+02
  12.928  0.1558E+01  0.3297E+02
  12.933  0.1561E+01  0.3298E+02
  12.938  0.1564E+01  0.3299E+02
  12.943  0.1567E+01  0.3300E+02
  12.948  0.1570E+01  0.3301E+02
  12.953  0.1573E+01  0.3301E+02
  12.958  0.1576E+01  0.3302E+02
  12.963  0.1579E+01  0.3303E+02
  12.968  0.1581E+01  0.3304E+02
  12.973  0.1582E+01  0.3304E+02
  12.978  0.1582E+01  0.3305E+02
  12.983  0.1584E+01  0.3306E+02
  12.988  0.1586E+01  0.3307E+02
  12.993  0.1589E+01  0.3308E+02
  12.998  0.1592E+01  0.3308E+02
  13.003  0.1597E+01  0.3309E+02
  13.008  0.1601E+01  0.3310E+02
  13.013  0.1605E+01  0.3311E+02
  13.018  0.1610E+01  0.3312E+02
  13.023  0.1614E+01  0.3312E+02
  13.028  0.1646E+01  0.3313E+02
  13.033  0.1667E+01  0.3314E+02
  13.038  0.1682E+01  0.3315E+02
  13.043  0.1677E+01  0.3316E+02
  13.048  0.1668E+01  0.3317E+02
  13.053  0.1659E+01  0.3317E+02
  13.058  0.1650E+01  0.3318E+02
  13.063  0.1642E+01  0.3319E+02
  13.068  0.1634E+01  0.3320E+02
  13.073  0.1626E+01  0.3321E+02
  13.078  0.1619E+01  0.3322E+02
  13.083  0.1612E+01  0.3322E+02
  13.088  0.1605E+01  0.3323E+02
  13.093  0.1598E+01  0.3324E+02
  13.098  0.1591E+01  0.3325E+02
  13.103  0.1581E+01  0.3326E+02
  13.108  0.1573E+01  0.3326E+02
  13.113  0.1572E+01  0.3327E+02
  13.118  0.1577E+01  0.3328E+02
  13.123  0.1490E+01  0.3329E+02
  13.128  0.1410E+01  0.3329E+02
  13.133  0.1487E+01  0.3330E+02
  13.138  0.1393E+01  0.3331E+02
  13.143  0.1378E+01  0.3331E+02
  13.148  0.1364E+01  0.3332E+02
  13.153  0.1350E+01  0.3333E+02
  13.158  0.1335E+01  0.3334E+02
  13.163  0.1320E+01  0.3334E+02
  13.168  0.1305E+01  0.3335E+02
  13.173  0.1288E+01  0.3335E+02
  13.178  0.1270E+01  0.3336E+02
  13.183  0.1249E+01  0.3337E+02
  13.188  0.1226E+01  0.3337E+02
  13.193  0.1200E+01  0.3338E+02
  13.198  0.1188E+01  0.3339E+02
  13.203  0.1180E+01  0.3339E+02
  13.208  0.1174E+01  0.3340E+02
  13.213  0.1171E+01  0.3340E+02
  13.218  0.1167E+01  0.3341E+02
  13.223  0.1164E+01  0.3342E+02
  13.228  0.1160E+01  0.3342E+02
  13.233  0.1157E+01  0.3343E+02
  13.238  0.1153E+01  0.3343E+02
  13.243  0.1149E+01  0.3344E+02
  13.248  0.1145E+01  0.3344E+02
  13.253  0.1140E+01  0.3345E+02
  13.258  0.1135E+01  0.3346E+02
  13.263  0.1130E+01  0.3346E+02
  13.268  0.1125E+01  0.3347E+02
  13.273  0.1122E+01  0.3347E+02
  13.278  0.1120E+01  0.3348E+02
  13.283  0.1119E+01  0.3348E+02
  13.288  0.1119E+01  0.3349E+02
  13.293  0.1117E+01  0.3349E+02
  13.298  0.1116E+01  0.3350E+02
  13.303  0.1114E+01  0.3351E+02
  13.308  0.1113E+01  0.3351E+02
  13.313  0.1113E+01  0.3352E+02
  13.318  0.1113E+01  0.3352E+02
  13.323  0.1113E+01  0.3353E+02
  13.328  0.1113E+01  0.3353E+02
  13.333  0.1113E+01  0.3354E+02
  13.338  0.1113E+01  0.3354E+02
  13.343  0.1112E+01  0.3355E+02
  13.348  0.1112E+01  0.3356E+02
  13.353  0.1112E+01  0.3356E+02
  13.358  0.1113E+01  0.3357E+02
  13.363  0.1114E+01  0.3357E+02
  13.368  0.1115E+01  0.3358E+02
  13.373  0.1117E+01  0.3358E+02
  13.378  0.1118E+01  0.3359E+02
  13.383  0.1120E+01  0.3359E+02
  13.388  0.1121E+01  0.3360E+02
  13.393  0.1123E+01  0.3361E+02
  13.398  0.1125E+01  0.3361E+02
  13.403  0.1127E+01  0.3362E+02
  13.408  0.1128E+01  0.3362E+02
  13.413  0.1129E+01  0.3363E+02
  13.418  0.1129E+01  0.3363E+02
  13.423  0.1130E+01  0.3364E+02
  13.428  0.1133E+01  0.3365E+02
  13.433  0.1137E+01  0.3365E+02
  13.438  0.1140E+01  0.3366E+02
  13.443  0.1144E+01  0.3366E+02
  13.448  0.1148E+01  0.3367E+02
  13.453  0.1152E+01  0.3367E+02
  13.458  0.1156E+01  0.3368E+02
  13.463  0.1155E+01  0.3369E+02
  13.468  0.1147E+01  0.3369E+02
  13.473  0.1133E+01  0.3370E+02
  13.478  0.1115E+01  0.3370E+02
  13.483  0.1103E+01  0.3371E+02
  13.488  0.1091E+01  0.3371E+02
  13.493  0.1080E+01  0.3372E+02
  13.498  0.1068E+01  0.3372E+02
  13.503  0.1056E+01  0.3373E+02
  13.508  0.1044E+01  0.3374E+02
  13.513  0.1027E+01  0.3374E+02
  13.518  0.1010E+01  0.3375E+02
  13.523  0.9944E+00  0.3375E+02
  13.528  0.9796E+00  0.3376E+02
  13.533  0.9656E+00  0.3376E+02
  13.538  0.9523E+00  0.3377E+02
  13.543  0.9399E+00  0.3377E+02
  13.548  0.9283E+00  0.3377E+02
  13.553  0.9174E+00  0.3378E+02
  13.558  0.9075E+00  0.3378E+02
  13.563  0.8987E+00  0.3379E+02
  13.568  0.8890E+00  0.3379E+02
  13.573  0.8796E+00  0.3380E+02
  13.578  0.8707E+00  0.3380E+02
  13.583  0.8621E+00  0.3381E+02
  13.588  0.8550E+00  0.3381E+02
  13.593  0.8482E+00  0.3381E+02
  13.598  0.8416E+00  0.3382E+02
  13.603  0.8351E+00  0.3382E+02
  13.608  0.8286E+00  0.3383E+02
  13.613  0.8228E+00  0.3383E+02
  13.618  0.8184E+00  0.3384E+02
  13.623  0.8152E+00  0.3384E+02
  13.628  0.8119E+00  0.3384E+02
  13.633  0.8087E+00  0.3385E+02
  13.638  0.8055E+00  0.3385E+02
  13.643  0.8023E+00  0.3386E+02
  13.648  0.8002E+00  0.3386E+02
  13.653  0.7990E+00  0.3386E+02
  13.658  0.7978E+00  0.3387E+02
  13.663  0.7966E+00  0.3387E+02
  13.668  0.7956E+00  0.3388E+02
  13.673  0.7948E+00  0.3388E+02
  13.678  0.7941E+00  0.3388E+02
  13.683  0.7936E+00  0.3389E+02
  13.688  0.7940E+00  0.3389E+02
  13.693  0.7949E+00  0.3390E+02
  13.698  0.7962E+00  0.3390E+02
  13.703  0.7996E+00  0.3390E+02
  13.708  0.8038E+00  0.3391E+02
  13.713  0.8079E+00  0.3391E+02
  13.718  0.8119E+00  0.3392E+02
  13.723  0.8159E+00  0.3392E+02
  13.728  0.8198E+00  0.3392E+02
  13.733  0.8240E+00  0.3393E+02
  13.738  0.8282E+00  0.3393E+02
  13.743  0.8324E+00  0.3394E+02
  13.748  0.8366E+00  0.3394E+02
  13.753  0.8407E+00  0.3394E+02
  13.758  0.8449E+00  0.3395E+02
  13.763  0.8490E+00  0.3395E+02
  13.768  0.8531E+00  0.3396E+02
  13.773  0.9371E+00  0.3396E+02
  13.778  0.9335E+00  0.3397E+02
  13.783  0.9480E+00  0.3397E+02
  13.788  0.9694E+00  0.3398E+02
  13.793  0.9867E+00  0.3398E+02
  13.798  0.1000E+01  0.3399E+02
  13.803  0.1010E+01  0.3399E+02
  13.808  0.1012E+01  0.3400E+02
  13.813  0.1005E+01  0.3400E+02
  13.818  0.1001E+01  0.3401E+02
  13.823  0.9999E+00  0.3401E+02
  13.828  0.1002E+01  0.3402E+02
  13.833  0.1019E+01  0.3402E+02
  13.838  0.1038E+01  0.3403E+02
  13.843  0.1051E+01  0.3403E+02
  13.848  0.1063E+01  0.3404E+02
  13.853  0.1072E+01  0.3404E+02
  13.858  0.1081E+01  0.3405E+02
  13.863  0.1091E+01  0.3405E+02
  13.868  0.1102E+01  0.3406E+02
  13.873  0.1114E+01  0.3406E+02
  13.878  0.1125E+01  0.3407E+02
  13.883  0.1138E+01  0.3407E+02
  13.888  0.1150E+01  0.3408E+02
  13.893  0.1160E+01  0.3409E+02
  13.898  0.1170E+01  0.3409E+02
  13.903  0.1178E+01  0.3410E+02
  13.908  0.1185E+01  0.3410E+02
  13.913  0.1195E+01  0.3411E+02
  13.918  0.1200E+01  0.3412E+02
  13.923  0.1204E+01  0.3412E+02
  13.928  0.1208E+01  0.3413E+02
  13.933  0.1211E+01  0.3413E+02
  13.938  0.1213E+01  0.3414E+02
  13.943  0.1217E+01  0.3415E+02
  13.948  0.1222E+01  0.3415E+02
  13.953  0.1229E+01  0.3416E+02
  13.958  0.1236E+01  0.3416E+02
  13.963  0.1244E+01  0.3417E+02
  13.968  0.1253E+01  0.3418E+02
  13.973  0.1264E+01  0.3418E+02
  13.978  0.1275E+01  0.3419E+02
  13.983  0.1286E+01  0.3420E+02
  13.988  0.1298E+01  0.3420E+02
  13.993  0.1310E+01  0.3421E+02
  13.998  0.1323E+01  0.3422E+02
  14.003  0.1339E+01  0.3422E+02
  14.008  0.1355E+01  0.3423E+02
  14.013  0.1371E+01  0.3424E+02
  14.018  0.1387E+01  0.3424E+02
  14.023  0.1404E+01  0.3425E+02
  14.028  0.1423E+01  0.3426E+02
  14.033  0.1443E+01  0.3426E+02
  14.038  0.1461E+01  0.3427E+02
  14.043  0.1481E+01  0.3428E+02
  14.048  0.1499E+01  0.3429E+02
  14.053  0.1518E+01  0.3429E+02
  14.058  0.1538E+01  0.3430E+02
  14.063  0.1557E+01  0.3431E+02
  14.068  0.1580E+01  0.3432E+02
  14.073  0.1604E+01  0.3432E+02
  14.078  0.1628E+01  0.3433E+02
  14.083  0.1653E+01  0.3434E+02
  14.088  0.1679E+01  0.3435E+02
  14.093  0.1705E+01  0.3436E+02
  14.098  0.1733E+01  0.3437E+02
  14.103  0.1763E+01  0.3437E+02
  14.108  0.1795E+01  0.3438E+02
  14.113  0.1829E+01  0.3439E+02
  14.118  0.1864E+01  0.3440E+02
  14.123  0.1929E+01  0.3441E+02
  14.128  0.2006E+01  0.3442E+02
  14.133  0.2033E+01  0.3443E+02
  14.138  0.2068E+01  0.3444E+02
  14.143  0.2114E+01  0.3445E+02
  14.148  0.2164E+01  0.3446E+02
  14.153  0.2216E+01  0.3447E+02
  14.158  0.2268E+01  0.3449E+02
  14.163  0.2316E+01  0.3450E+02
  14.168  0.2363E+01  0.3451E+02
  14.173  0.2409E+01  0.3452E+02
  14.178  0.2453E+01  0.3453E+02
  14.183  0.2496E+01  0.3454E+02
  14.188  0.2536E+01  0.3456E+02
  14.193  0.2665E+01  0.3457E+02
  14.198  0.2663E+01  0.3458E+02
  14.203  0.2588E+01  0.3460E+02
  14.208  0.2615E+01  0.3461E+02
  14.213  0.2640E+01  0.3462E+02
  14.218  0.2664E+01  0.3464E+02
  14.223  0.2686E+01  0.3465E+02
  14.228  0.2708E+01  0.3466E+02
  14.233  0.2731E+01  0.3468E+02
  14.238  0.2753E+01  0.3469E+02
  14.243  0.2773E+01  0.3470E+02
  14.248  0.2793E+01  0.3472E+02
  14.253  0.2817E+01  0.3473E+02
  14.258  0.2857E+01  0.3475E+02
  14.263  0.2890E+01  0.3476E+02
  14.268  0.2899E+01  0.3478E+02
  14.273  0.2886E+01  0.3479E+02
  14.278  0.2882E+01  0.3480E+02
  14.283  0.2881E+01  0.3482E+02
  14.288  0.2886E+01  0.3483E+02
  14.293  0.2892E+01  0.3485E+02
  14.298  0.3007E+01  0.3486E+02
  14.303  0.2981E+01  0.3488E+02
  14.308  0.2835E+01  0.3489E+02
  14.313  0.2834E+01  0.3491E+02
  14.318  0.2835E+01  0.3492E+02
  14.323  0.2830E+01  0.3493E+02
  14.328  0.2820E+01  0.3495E+02
  14.333  0.2814E+01  0.3496E+02
  14.338  0.2801E+01  0.3498E+02
  14.343  0.2776E+01  0.3499E+02
  14.348  0.2743E+01  0.3500E+02
  14.353  0.2707E+01  0.3502E+02
  14.358  0.2689E+01  0.3503E+02
  14.363  0.2678E+01  0.3504E+02
  14.368  0.2680E+01  0.3506E+02
  14.373  0.2683E+01  0.3507E+02
  14.378  0.2682E+01  0.3508E+02
  14.383  0.2677E+01  0.3510E+02
  14.388  0.2669E+01  0.3511E+02
  14.393  0.2659E+01  0.3512E+02
  14.398  0.2644E+01  0.3514E+02
  14.403  0.2627E+01  0.3515E+02
  14.408  0.2605E+01  0.3516E+02
  14.413  0.2590E+01  0.3518E+02
  14.418  0.2585E+01  0.3519E+02
  14.423  0.2581E+01  0.3520E+02
  14.428  0.2578E+01  0.3522E+02
  14.433  0.2578E+01  0.3523E+02
  14.438  0.2585E+01  0.3524E+02
  14.443  0.2596E+01  0.3525E+02
  14.448  0.2611E+01  0.3527E+02
  14.453  0.2617E+01  0.3528E+02
  14.458  0.2609E+01  0.3529E+02
  14.463  0.2584E+01  0.3531E+02
  14.468  0.2549E+01  0.3532E+02
  14.473  0.2516E+01  0.3533E+02
  14.478  0.2482E+01  0.3534E+02
  14.483  0.2463E+01  0.3536E+02
  14.488  0.2435E+01  0.3537E+02
  14.493  0.2401E+01  0.3538E+02
  14.498  0.2355E+01  0.3539E+02
  14.503  0.2303E+01  0.3541E+02
  14.508  0.2258E+01  0.3542E+02
  14.513  0.2218E+01  0.3543E+02
  14.518  0.2192E+01  0.3544E+02
  14.523  0.2173E+01  0.3545E+02
  14.528  0.2179E+01  0.3546E+02
  14.533  0.2170E+01  0.3547E+02
  14.538  0.2140E+01  0.3548E+02
  14.543  0.2111E+01  0.3549E+02
  14.548  0.2083E+01  0.3550E+02
  14.553  0.2055E+01  0.3551E+02
  14.558  0.2028E+01  0.3552E+02
  14.563  0.1998E+01  0.3553E+02
  14.568  0.1973E+01  0.3554E+02
  14.573  0.1948E+01  0.3555E+02
  14.578  0.1923E+01  0.3556E+02
  14.583  0.1895E+01  0.3557E+02
  14.588  0.1867E+01  0.3558E+02
  14.593  0.1838E+01  0.3559E+02
  14.598  0.1799E+01  0.3560E+02
  14.603  0.1749E+01  0.3561E+02
  14.608  0.1710E+01  0.3562E+02
  14.613  0.1689E+01  0.3563E+02
  14.618  0.1677E+01  0.3564E+02
  14.623  0.1672E+01  0.3564E+02
  14.628  0.1672E+01  0.3565E+02
  14.633  0.1671E+01  0.3566E+02
  14.638  0.1670E+01  0.3567E+02
  14.643  0.1668E+01  0.3568E+02
  14.648  0.1666E+01  0.3569E+02
  14.653  0.1663E+01  0.3569E+02
  14.658  0.1660E+01  0.3570E+02
  14.663  0.1656E+01  0.3571E+02
  14.668  0.1656E+01  0.3572E+02
  14.673  0.1656E+01  0.3573E+02
  14.678  0.1656E+01  0.3574E+02
  14.683  0.1656E+01  0.3574E+02
  14.688  0.1657E+01  0.3575E+02
  14.693  0.1658E+01  0.3576E+02
  14.698  0.1695E+01  0.3577E+02
  14.703  0.1723E+01  0.3578E+02
  14.708  0.1737E+01  0.3579E+02
  14.713  0.1749E+01  0.3579E+02
  14.718  0.1759E+01  0.3580E+02
  14.723  0.1767E+01  0.3581E+02
  14.728  0.1773E+01  0.3582E+02
  14.733  0.1777E+01  0.3583E+02
  14.738  0.1779E+01  0.3584E+02
  14.743  0.1779E+01  0.3585E+02
  14.748  0.1777E+01  0.3586E+02
  14.753  0.1772E+01  0.3586E+02
  14.758  0.1763E+01  0.3587E+02
  14.763  0.1745E+01  0.3588E+02
  14.768  0.1720E+01  0.3589E+02
  14.773  0.1693E+01  0.3590E+02
  14.778  0.1667E+01  0.3591E+02
  14.783  0.1634E+01  0.3592E+02
  14.788  0.1590E+01  0.3592E+02
  14.793  0.1537E+01  0.3593E+02
  14.798  0.1476E+01  0.3594E+02
  14.803  0.1445E+01  0.3595E+02
  14.808  0.1414E+01  0.3595E+02
  14.813  0.1383E+01  0.3596E+02
  14.818  0.1353E+01  0.3597E+02
  14.823  0.1322E+01  0.3597E+02
  14.828  0.1291E+01  0.3598E+02
  14.833  0.1261E+01  0.3599E+02
  14.838  0.1231E+01  0.3599E+02
  14.843  0.1200E+01  0.3600E+02
  14.848  0.1172E+01  0.3601E+02
  14.853  0.1145E+01  0.3601E+02
  14.858  0.1119E+01  0.3602E+02
  14.863  0.1096E+01  0.3602E+02
  14.868  0.1075E+01  0.3603E+02
  14.873  0.1056E+01  0.3603E+02
  14.878  0.1038E+01  0.3604E+02
  14.883  0.1021E+01  0.3604E+02
  14.888  0.1005E+01  0.3605E+02
  14.893  0.9897E+00  0.3605E+02
  14.898  0.9746E+00  0.3606E+02
  14.903  0.9600E+00  0.3606E+02
  14.908  0.9460E+00  0.3607E+02
  14.913  0.9326E+00  0.3607E+02
  14.918  0.9198E+00  0.3608E+02
  14.923  0.9075E+00  0.3608E+02
  14.928  0.8959E+00  0.3609E+02
  14.933  0.8847E+00  0.3609E+02
  14.938  0.8744E+00  0.3610E+02
  14.943  0.8654E+00  0.3610E+02
  14.948  0.8580E+00  0.3610E+02
  14.953  0.8518E+00  0.3611E+02
  14.958  0.8459E+00  0.3611E+02
  14.963  0.8402E+00  0.3612E+02
  14.968  0.8348E+00  0.3612E+02
  14.973  0.8304E+00  0.3613E+02
  14.978  0.8297E+00  0.3613E+02
  14.983  0.8337E+00  0.3613E+02
  14.988  0.8419E+00  0.3614E+02
  14.993  0.8541E+00  0.3614E+02
  14.998  0.8305E+00  0.3615E+02
  15.003  0.8268E+00  0.3615E+02
  15.008  0.8238E+00  0.3615E+02
  15.013  0.8216E+00  0.3616E+02
  15.018  0.8201E+00  0.3616E+02
  15.023  0.8194E+00  0.3617E+02
  15.028  0.8192E+00  0.3617E+02
  15.033  0.8193E+00  0.3618E+02
  15.038  0.8198E+00  0.3618E+02
  15.043  0.8205E+00  0.3618E+02
  15.048  0.8216E+00  0.3619E+02
  15.053  0.8225E+00  0.3619E+02
  15.058  0.8230E+00  0.3620E+02
  15.063  0.8232E+00  0.3620E+02
  15.068  0.8233E+00  0.3620E+02
  15.073  0.8218E+00  0.3621E+02
  15.078  0.8188E+00  0.3621E+02
  15.083  0.8143E+00  0.3622E+02
  15.088  0.8107E+00  0.3622E+02
  15.093  0.8077E+00  0.3622E+02
  15.098  0.8054E+00  0.3623E+02
  15.103  0.8035E+00  0.3623E+02
  15.108  0.8015E+00  0.3624E+02
  15.113  0.7982E+00  0.3624E+02
  15.118  0.7959E+00  0.3624E+02
  15.123  0.7942E+00  0.3625E+02
  15.128  0.7938E+00  0.3625E+02
  15.133  0.7945E+00  0.3626E+02
  15.138  0.7963E+00  0.3626E+02
  15.143  0.7994E+00  0.3626E+02
  15.148  0.8064E+00  0.3627E+02
  15.153  0.8170E+00  0.3627E+02
  15.158  0.8301E+00  0.3628E+02
  15.163  0.8395E+00  0.3628E+02
  15.168  0.8343E+00  0.3629E+02
  15.173  0.8225E+00  0.3629E+02
  15.178  0.8090E+00  0.3629E+02
  15.183  0.7958E+00  0.3630E+02
  15.188  0.7931E+00  0.3630E+02
  15.193  0.7908E+00  0.3631E+02
  15.198  0.7889E+00  0.3631E+02
  15.203  0.7873E+00  0.3631E+02
  15.208  0.7862E+00  0.3632E+02
  15.213  0.7855E+00  0.3632E+02
  15.218  0.7851E+00  0.3632E+02
  15.223  0.7852E+00  0.3633E+02
  15.228  0.7857E+00  0.3633E+02
  15.233  0.7865E+00  0.3634E+02
  15.238  0.7867E+00  0.3634E+02
  15.243  0.7870E+00  0.3634E+02
  15.248  0.7875E+00  0.3635E+02
  15.253  0.7880E+00  0.3635E+02
  15.258  0.7893E+00  0.3636E+02
  15.263  0.7906E+00  0.3636E+02
  15.268  0.7922E+00  0.3636E+02
  15.273  0.7938E+00  0.3637E+02
  15.278  0.7956E+00  0.3637E+02
  15.283  0.7973E+00  0.3638E+02
  15.288  0.7992E+00  0.3638E+02
  15.293  0.8010E+00  0.3638E+02
  15.298  0.8029E+00  0.3639E+02
  15.303  0.8049E+00  0.3639E+02
  15.308  0.8069E+00  0.3640E+02
  15.313  0.8089E+00  0.3640E+02
  15.318  0.8110E+00  0.3640E+02
  15.323  0.8132E+00  0.3641E+02
  15.328  0.8153E+00  0.3641E+02
  15.333  0.8176E+00  0.3642E+02
  15.338  0.8197E+00  0.3642E+02
  15.343  0.8218E+00  0.3642E+02
  15.348  0.8240E+00  0.3643E+02
  15.353  0.8263E+00  0.3643E+02
  15.358  0.8285E+00  0.3644E+02
  15.363  0.8308E+00  0.3644E+02
  15.368  0.8332E+00  0.3645E+02
  15.373  0.8356E+00  0.3645E+02
  15.378  0.8381E+00  0.3645E+02
  15.383  0.8406E+00  0.3646E+02
  15.388  0.8432E+00  0.3646E+02
  15.393  0.8459E+00  0.3647E+02
  15.398  0.8486E+00  0.3647E+02
  15.403  0.8515E+00  0.3647E+02
  15.408  0.8544E+00  0.3648E+02
  15.413  0.8577E+00  0.3648E+02
  15.418  0.8611E+00  0.3649E+02
  15.423  0.8646E+00  0.3649E+02
  15.428  0.8680E+00  0.3650E+02
  15.433  0.8716E+00  0.3650E+02
  15.438  0.8753E+00  0.3651E+02
  15.443  0.8790E+00  0.3651E+02
  15.448  0.8829E+00  0.3651E+02
  15.453  0.8859E+00  0.3652E+02
  15.458  0.8892E+00  0.3652E+02
  15.463  0.8934E+00  0.3653E+02
  15.468  0.8985E+00  0.3653E+02
  15.473  0.9044E+00  0.3654E+02
  15.478  0.9098E+00  0.3654E+02
  15.483  0.9127E+00  0.3655E+02
  15.488  0.9157E+00  0.3655E+02
  15.493  0.9189E+00  0.3655E+02
  15.498  0.9239E+00  0.3656E+02
  15.503  0.9295E+00  0.3656E+02
  15.508  0.9353E+00  0.3657E+02
  15.513  0.9414E+00  0.3657E+02
  15.518  0.9478E+00  0.3658E+02
  15.523  0.9546E+00  0.3658E+02
  15.528  0.9617E+00  0.3659E+02
  15.533  0.9691E+00  0.3659E+02
  15.538  0.9764E+00  0.3660E+02
  15.543  0.9842E+00  0.3660E+02
  15.548  0.9925E+00  0.3661E+02
  15.553  0.1001E+01  0.3661E+02
  15.558  0.1012E+01  0.3662E+02
  15.563  0.1023E+01  0.3662E+02
  15.568  0.1034E+01  0.3663E+02
  15.573  0.1036E+01  0.3663E+02
  15.578  0.1027E+01  0.3664E+02
  15.583  0.1029E+01  0.3664E+02
  15.588  0.1038E+01  0.3665E+02
  15.593  0.1046E+01  0.3665E+02
  15.598  0.1055E+01  0.3666E+02
  15.603  0.1064E+01  0.3666E+02
  15.608  0.1072E+01  0.3667E+02
  15.613  0.1081E+01  0.3667E+02
  15.618  0.1092E+01  0.3668E+02
  15.623  0.1103E+01  0.3669E+02
  15.628  0.1114E+01  0.3669E+02
  15.633  0.1125E+01  0.3670E+02
  15.638  0.1134E+01  0.3670E+02
  15.643  0.1144E+01  0.3671E+02
  15.648  0.1153E+01  0.3671E+02
  15.653  0.1161E+01  0.3672E+02
  15.658  0.1170E+01  0.3672E+02
  15.663  0.1178E+01  0.3673E+02
  15.668  0.1185E+01  0.3674E+02
  15.673  0.1193E+01  0.3674E+02
  15.678  0.1200E+01  0.3675E+02
  15.683  0.1207E+01  0.3675E+02
  15.688  0.1213E+01  0.3676E+02
  15.693  0.1218E+01  0.3677E+02
  15.698  0.1223E+01  0.3677E+02
  15.703  0.1235E+01  0.3678E+02
  15.708  0.1248E+01  0.3679E+02
  15.713  0.1257E+01  0.3679E+02
  15.718  0.1262E+01  0.3680E+02
  15.723  0.1263E+01  0.3680E+02
  15.728  0.1261E+01  0.3681E+02
  15.733  0.1254E+01  0.3682E+02
  15.738  0.1243E+01  0.3682E+02
  15.743  0.1223E+01  0.3683E+02
  15.748  0.1197E+01  0.3684E+02
  15.753  0.1179E+01  0.3684E+02
  15.758  0.1178E+01  0.3685E+02
  15.763  0.1178E+01  0.3685E+02
  15.768  0.1178E+01  0.3686E+02
  15.773  0.1178E+01  0.3686E+02
  15.778  0.1178E+01  0.3687E+02
  15.783  0.1178E+01  0.3688E+02
  15.788  0.1177E+01  0.3688E+02
  15.793  0.1177E+01  0.3689E+02
  15.798  0.1177E+01  0.3689E+02
  15.803  0.1176E+01  0.3690E+02
  15.808  0.1175E+01  0.3691E+02
  15.813  0.1174E+01  0.3691E+02
  15.818  0.1172E+01  0.3692E+02
  15.823  0.1171E+01  0.3692E+02
  15.828  0.1169E+01  0.3693E+02
  15.833  0.1167E+01  0.3694E+02
  15.838  0.1173E+01  0.3694E+02
  15.843  0.1190E+01  0.3695E+02
  15.848  0.1159E+01  0.3695E+02
  15.853  0.1154E+01  0.3696E+02
  15.858  0.1149E+01  0.3696E+02
  15.863  0.1145E+01  0.3697E+02
  15.868  0.1140E+01  0.3698E+02
  15.873  0.1135E+01  0.3698E+02
  15.878  0.1131E+01  0.3699E+02
  15.883  0.1126E+01  0.3699E+02
  15.888  0.1121E+01  0.3700E+02
  15.893  0.1116E+01  0.3700E+02
  15.898  0.1109E+01  0.3701E+02
  15.903  0.1103E+01  0.3702E+02
  15.908  0.1097E+01  0.3702E+02
  15.913  0.1090E+01  0.3703E+02
  15.918  0.1083E+01  0.3703E+02
  15.923  0.1075E+01  0.3704E+02
  15.928  0.1068E+01  0.3704E+02
  15.933  0.1060E+01  0.3705E+02
  15.938  0.1052E+01  0.3705E+02
  15.943  0.1046E+01  0.3706E+02
  15.948  0.1040E+01  0.3706E+02
  15.953  0.1034E+01  0.3707E+02
  15.958  0.1029E+01  0.3707E+02
  15.963  0.1025E+01  0.3708E+02
  15.968  0.1019E+01  0.3708E+02
  15.973  0.1012E+01  0.3709E+02
  15.978  0.1006E+01  0.3709E+02
  15.983  0.9995E+00  0.3710E+02
  15.988  0.9930E+00  0.3710E+02
  15.993  0.9864E+00  0.3711E+02
  15.998  0.9802E+00  0.3711E+02
  16.003  0.9757E+00  0.3712E+02
  16.008  0.9720E+00  0.3712E+02
  16.013  0.9685E+00  0.3713E+02
  16.018  0.9648E+00  0.3713E+02
  16.023  0.9591E+00  0.3714E+02
  16.028  0.9514E+00  0.3714E+02
  16.033  0.9457E+00  0.3715E+02
  16.038  0.9452E+00  0.3715E+02
  16.043  0.9452E+00  0.3716E+02
  16.048  0.9457E+00  0.3716E+02
  16.053  0.9462E+00  0.3717E+02
  16.058  0.9469E+00  0.3717E+02
  16.063  0.9476E+00  0.3718E+02
  16.068  0.9483E+00  0.3718E+02
  16.073  0.9491E+00  0.3719E+02
  16.078  0.9498E+00  0.3719E+02
  16.083  0.9506E+00  0.3720E+02
  16.088  0.9513E+00  0.3720E+02
  16.093  0.9521E+00  0.3720E+02
  16.098  0.9529E+00  0.3721E+02
  16.103  0.9541E+00  0.3721E+02
  16.108  0.9553E+00  0.3722E+02
  16.113  0.9566E+00  0.3722E+02
  16.118  0.9579E+00  0.3723E+02
  16.123  0.9591E+00  0.3723E+02
  16.128  0.9606E+00  0.3724E+02
  16.133  0.9623E+00  0.3724E+02
  16.138  0.9641E+00  0.3725E+02
  16.143  0.9658E+00  0.3725E+02
  16.148  0.9675E+00  0.3726E+02
  16.153  0.9691E+00  0.3726E+02
  16.158  0.9708E+00  0.3727E+02
  16.163  0.9723E+00  0.3727E+02
  16.168  0.9739E+00  0.3728E+02
  16.173  0.9755E+00  0.3728E+02
  16.178  0.9770E+00  0.3729E+02
  16.183  0.9786E+00  0.3729E+02
  16.188  0.9801E+00  0.3730E+02
  16.193  0.9817E+00  0.3730E+02
  16.198  0.9832E+00  0.3731E+02
  16.203  0.9847E+00  0.3731E+02
  16.208  0.9863E+00  0.3732E+02
  16.213  0.9878E+00  0.3732E+02
  16.218  0.9893E+00  0.3733E+02
  16.223  0.9908E+00  0.3733E+02
  16.228  0.9923E+00  0.3734E+02
  16.233  0.9939E+00  0.3734E+02
  16.238  0.9955E+00  0.3735E+02
  16.243  0.9971E+00  0.3735E+02
  16.248  0.9989E+00  0.3736E+02
  16.253  0.1001E+01  0.3736E+02
  16.258  0.1003E+01  0.3737E+02
  16.263  0.1005E+01  0.3737E+02
  16.268  0.1007E+01  0.3738E+02
  16.273  0.1010E+01  0.3738E+02
  16.278  0.1013E+01  0.3739E+02
  16.283  0.1015E+01  0.3739E+02
  16.288  0.1018E+01  0.3740E+02
  16.293  0.1021E+01  0.3740E+02
  16.298  0.1025E+01  0.3741E+02
  16.303  0.1027E+01  0.3741E+02
  16.308  0.1029E+01  0.3742E+02
  16.313  0.1031E+01  0.3742E+02
  16.318  0.1034E+01  0.3743E+02
  16.323  0.1036E+01  0.3743E+02
  16.328  0.1039E+01  0.3744E+02
  16.333  0.1042E+01  0.3744E+02
  16.338  0.1045E+01  0.3745E+02
  16.343  0.1048E+01  0.3745E+02
  16.348  0.1051E+01  0.3746E+02
  16.353  0.1054E+01  0.3746E+02
  16.358  0.1057E+01  0.3747E+02
  16.363  0.1060E+01  0.3747E+02
  16.368  0.1063E+01  0.3748E+02
  16.373  0.1066E+01  0.3748E+02
  16.378  0.1069E+01  0.3749E+02
  16.383  0.1071E+01  0.3750E+02
  16.388  0.1073E+01  0.3750E+02
  16.393  0.1076E+01  0.3751E+02
  16.398  0.1079E+01  0.3751E+02
  16.403  0.1082E+01  0.3752E+02
  16.408  0.1086E+01  0.3752E+02
  16.413  0.1090E+01  0.3753E+02
  16.418  0.1094E+01  0.3753E+02
  16.423  0.1098E+01  0.3754E+02
  16.428  0.1103E+01  0.3754E+02
  16.433  0.1107E+01  0.3755E+02
  16.438  0.1111E+01  0.3756E+02
  16.443  0.1116E+01  0.3756E+02
  16.448  0.1120E+01  0.3757E+02
  16.453  0.1124E+01  0.3757E+02
  16.458  0.1128E+01  0.3758E+02
  16.463  0.1133E+01  0.3758E+02
  16.468  0.1139E+01  0.3759E+02
  16.473  0.1153E+01  0.3759E+02
  16.478  0.1168E+01  0.3760E+02
  16.483  0.1183E+01  0.3761E+02
  16.488  0.1203E+01  0.3761E+02
  16.493  0.1215E+01  0.3762E+02
  16.498  0.1214E+01  0.3762E+02
  16.503  0.1207E+01  0.3763E+02
  16.508  0.1210E+01  0.3764E+02
  16.513  0.1212E+01  0.3764E+02
  16.518  0.1215E+01  0.3765E+02
  16.523  0.1218E+01  0.3765E+02
  16.528  0.1222E+01  0.3766E+02
  16.533  0.1228E+01  0.3767E+02
  16.538  0.1258E+01  0.3767E+02
  16.543  0.1281E+01  0.3768E+02
  16.548  0.1295E+01  0.3769E+02
  16.553  0.1300E+01  0.3769E+02
  16.558  0.1301E+01  0.3770E+02
  16.563  0.1314E+01  0.3771E+02
  16.568  0.1331E+01  0.3771E+02
  16.573  0.1354E+01  0.3772E+02
  16.578  0.1398E+01  0.3773E+02
  16.583  0.1461E+01  0.3773E+02
  16.588  0.1507E+01  0.3774E+02
  16.593  0.1535E+01  0.3775E+02
  16.598  0.1548E+01  0.3776E+02
  16.603  0.1545E+01  0.3776E+02
  16.608  0.1529E+01  0.3777E+02
  16.613  0.1518E+01  0.3778E+02
  16.618  0.1523E+01  0.3779E+02
  16.623  0.1533E+01  0.3779E+02
  16.628  0.1544E+01  0.3780E+02
  16.633  0.1553E+01  0.3781E+02
  16.638  0.1513E+01  0.3782E+02
  16.643  0.1469E+01  0.3782E+02
  16.648  0.1419E+01  0.3783E+02
  16.653  0.1362E+01  0.3784E+02
  16.658  0.1300E+01  0.3785E+02
  16.663  0.1254E+01  0.3785E+02
  16.668  0.1210E+01  0.3786E+02
  16.673  0.1166E+01  0.3786E+02
  16.678  0.1122E+01  0.3787E+02
  16.683  0.1078E+01  0.3787E+02
  16.688  0.1028E+01  0.3788E+02
  16.693  0.9657E+00  0.3789E+02
  16.698  0.8945E+00  0.3789E+02
  16.703  0.8645E+00  0.3789E+02
  16.708  0.8366E+00  0.3790E+02
  16.713  0.8106E+00  0.3790E+02
  16.718  0.7867E+00  0.3791E+02
  16.723  0.7648E+00  0.3791E+02
  16.728  0.7450E+00  0.3791E+02
  16.733  0.7272E+00  0.3792E+02
  16.738  0.7129E+00  0.3792E+02
  16.743  0.6978E+00  0.3792E+02
  16.748  0.6827E+00  0.3793E+02
  16.753  0.6679E+00  0.3793E+02
  16.758  0.6533E+00  0.3794E+02
  16.763  0.6390E+00  0.3794E+02
  16.768  0.6250E+00  0.3794E+02
  16.773  0.6112E+00  0.3794E+02
  16.778  0.5977E+00  0.3795E+02
  16.783  0.5844E+00  0.3795E+02
  16.788  0.5648E+00  0.3795E+02
  16.793  0.5462E+00  0.3796E+02
  16.798  0.5287E+00  0.3796E+02
  16.803  0.5121E+00  0.3796E+02
  16.808  0.4962E+00  0.3796E+02
  16.813  0.4812E+00  0.3797E+02
  16.818  0.4680E+00  0.3797E+02
  16.823  0.4535E+00  0.3797E+02
  16.828  0.4374E+00  0.3797E+02
  16.833  0.4198E+00  0.3798E+02
  16.838  0.4007E+00  0.3798E+02
  16.843  0.3804E+00  0.3798E+02
  16.848  0.3602E+00  0.3798E+02
  16.853  0.3400E+00  0.3798E+02
  16.858  0.3199E+00  0.3798E+02
  16.863  0.2999E+00  0.3799E+02
  16.868  0.2826E+00  0.3799E+02
  16.873  0.2586E+00  0.3799E+02
  16.878  0.2283E+00  0.3799E+02
  16.883  0.1997E+00  0.3799E+02
  16.888  0.1736E+00  0.3799E+02
  16.893  0.1497E+00  0.3799E+02
  16.898  0.1282E+00  0.3799E+02
  16.903  0.1091E+00  0.3799E+02
  16.908  0.9379E-01  0.3799E+02
  16.913  0.8437E-01  0.3800E+02
  16.918  0.7590E-01  0.3800E+02
  16.923  0.6835E-01  0.3800E+02
  16.928  0.6170E-01  0.3800E+02
  16.933  0.5595E-01  0.3800E+02
  16.938  0.5111E-01  0.3800E+02
  16.943  0.4717E-01  0.3800E+02
  16.948  0.4412E-01  0.3800E+02
  16.953  0.4144E-01  0.3800E+02
  16.958  0.3885E-01  0.3800E+02
  16.963  0.3637E-01  0.3800E+02
  16.968  0.3398E-01  0.3800E+02
  16.973  0.3169E-01  0.3800E+02
  16.978  0.2949E-01  0.3800E+02
  16.983  0.2739E-01  0.3800E+02
  16.988  0.2539E-01  0.3800E+02
  16.993  0.2349E-01  0.3800E+02
  16.998  0.2169E-01  0.3800E+02
  17.003  0.1998E-01  0.3800E+02
  17.008  0.1844E-01  0.3800E+02
  17.013  0.1704E-01  0.3800E+02
  17.018  0.1568E-01  0.3800E+02
  17.023  0.1438E-01  0.3800E+02
  17.028  0.1314E-01  0.3800E+02
  17.033  0.1195E-01  0.3800E+02
  17.038  0.1081E-01  0.3800E+02
  17.043  0.9732E-02  0.3800E+02
  17.048  0.8705E-02  0.3800E+02
  17.053  0.7732E-02  0.3800E+02
  17.058  0.6813E-02  0.3800E+02
  17.063  0.5949E-02  0.3800E+02
  17.068  0.5139E-02  0.3800E+02
  17.073  0.4384E-02  0.3800E+02
  17.078  0.3682E-02  0.3800E+02
  17.083  0.3035E-02  0.3800E+02
  17.088  0.2443E-02  0.3800E+02
  17.093  0.1905E-02  0.3800E+02
  17.098  0.1421E-02  0.3800E+02
  17.103  0.9916E-03  0.3800E+02
  17.108  0.6165E-03  0.3800E+02
  17.113  0.2957E-03  0.3800E+02
  17.118  0.2932E-04  0.3800E+02
